Date,total_volume,total_dollar,valid_close_assets,valid_volume_assets
1962-01-02,10928249,2113159.2342778035,23,23
1962-01-03,17247261,2502227.5862939805,23,23
1962-01-04,13539399,2202751.246673286,23,23
1962-01-05,12668601,2265706.862011891,23,23
1962-01-08,14676256,2921351.8007124104,23,23
1962-01-09,10309505,2412161.323447112,23,23
1962-01-10,12958253,1845914.9766643643,23,23
1962-01-11,10272409,2114736.0812405907,23,23
1962-01-12,12224267,2707604.949905455,23,23
1962-01-15,8305678,1850315.230659686,23,23
1962-01-16,9271249,1543276.0525403842,23,23
1962-01-17,9415526,1906125.7389702126,23,23
1962-01-18,10820490,1953044.5957034528,23,23
1962-01-19,10370443,2073794.864054747,23,23
1962-01-22,9413894,1803740.7068968788,23,23
1962-01-23,8886081,1790273.6475108229,23,23
1962-01-24,9531994,1829582.3773455694,23,23
1962-01-25,10798510,2234709.845738318,23,23
1962-01-26,10784528,1819934.6744438522,23,23
1962-01-29,7124401,1873938.725256011,23,23
1962-01-30,11049536,2504781.298438441,23,23
1962-01-31,16265701,3725857.958142519,23,23
1962-02-01,14632780,3195444.3629242852,23,23
1962-02-02,13482348,2652020.3439285234,23,23
1962-02-05,10955740,1995099.3982908465,23,23
1962-02-06,10008861,1636719.015756037,23,23
1962-02-07,11601895,1983708.809126325,23,23
1962-02-08,9775838,1336397.0058140196,23,23
1962-02-09,8351047,1773349.994211942,23,23
1962-02-12,4516791,1080191.5069610737,23,23
1962-02-13,8082637,1538622.3533252627,23,23
1962-02-14,6785157,1374172.7052544132,23,23
1962-02-15,7313845,1455689.0647631772,23,23
1962-02-16,11874779,1899799.231793791,23,23
1962-02-19,8326783,1640966.2259643525,23,23
1962-02-20,8593601,1730089.4756859615,23,23
1962-02-21,7498275,1696651.6618265137,23,23
1962-02-23,8358873,1662757.402814217,23,23
1962-02-26,9731172,1783330.4828200638,23,23
1962-02-27,7602773,1723451.7542211823,23,23
1962-02-28,7511751,1562512.6213131063,23,23
1962-03-01,25114606,2149710.717663046,23,23
1962-03-02,7817616,1443985.8706461638,23,23
1962-03-05,7600913,1485641.6559489965,23,23
1962-03-06,7277173,1267330.3020936623,23,23
1962-03-07,8521824,1193501.143137604,23,23
1962-03-08,7014880,1425657.4460335635,23,23
1962-03-09,8373860,1532411.7931077406,23,23
1962-03-12,8035350,1577621.537541207,23,23
1962-03-13,8944593,1446716.3242176399,23,23
1962-03-14,10932450,1792201.0663020909,23,23
1962-03-15,7373294,1590753.7136502787,23,23
1962-03-16,5892143,1098405.1484600604,23,23
1962-03-19,6850627,1502105.5398410708,23,23
1962-03-20,7929250,1334370.1715599224,23,23
1962-03-21,11103822,1830347.156563133,23,23
1962-03-22,6964152,1416120.8875023797,23,23
1962-03-23,9941017,1454862.6072179638,23,23
1962-03-26,8069368,1046611.0705788881,23,23
1962-03-27,13625761,1469142.3721257932,23,23
1962-03-28,9301796,1410214.8216852285,23,23
1962-03-29,6994339,1230275.112497881,23,23
1962-03-30,10735727,1790832.6539267637,23,23
1962-04-02,7575963,1566923.4818889499,23,23
1962-04-03,10902464,2349520.2227608934,23,23
1962-04-04,10880936,1866323.779261846,23,23
1962-04-05,12532303,2528669.908750117,23,23
1962-04-06,10965939,1610723.6913721673,23,23
1962-04-09,8915632,852897.1077660173,23,23
1962-04-10,14371829,1326715.4879462048,23,23
1962-04-11,10039319,1574712.6016021967,23,23
1962-04-12,10248486,1723011.7603778318,23,23
1962-04-13,12084141,2108758.2671207488,23,23
1962-04-16,11431854,1982150.4483423382,23,23
1962-04-17,8127404,1375593.0657150485,23,23
1962-04-18,9973228,1874479.118980348,23,23
1962-04-19,7605809,1403003.1063528657,23,23
1962-04-23,7466569,1414787.1091883108,23,23
1962-04-24,8143348,1781021.6509015597,23,23
1962-04-25,9027886,1857448.4519889094,23,23
1962-04-26,9740039,2456676.468338035,23,23
1962-04-27,12166563,3511420.1836767793,23,23
1962-04-30,12350612,4398628.310647041,23,23
1962-05-01,17039247,8309544.065049581,23,23
1962-05-02,13176576,4730954.857812304,23,23
1962-05-03,10080419,3114119.180236224,23,23
1962-05-04,8633511,1961654.4479738008,23,23
1962-05-07,7067966,2010241.757244967,23,23
1962-05-08,8275461,2279065.008155465,23,23
1962-05-09,11156911,3193290.5879773498,23,23
1962-05-10,13951892,3800202.8514573164,23,23
1962-05-11,15006515,3765149.951914385,23,23
1962-05-14,19753118,5379315.936004255,23,23
1962-05-15,14677084,3728408.9955755323,23,23
1962-05-16,9059459,2267491.132525377,23,23
1962-05-17,10045131,2227444.0410698988,23,23
1962-05-18,9685824,1847068.7859042957,23,23
1962-05-21,7429461,1246072.629613895,23,23
1962-05-22,12462345,2253090.9042546935,23,23
1962-05-23,18849025,5056420.017128468,23,23
1962-05-24,22258700,6586197.1456185095,23,23
1962-05-25,22645683,6608895.7828690745,23,23
1962-05-28,38903540,7222579.962128717,23,23
1962-05-29,54762325,9186007.24542763,23,23
1962-05-31,37585701,7787989.019367494,23,23
1962-06-01,19224729,4406160.515242856,23,23
1962-06-04,20661011,3579989.0672423188,23,23
1962-06-05,29004509,5357301.322870476,23,23
1962-06-06,19264272,4262543.658227339,23,23
1962-06-07,9544420,2087491.6643137112,23,23
1962-06-08,11757225,2114631.9400994442,23,23
1962-06-11,12018735,2176615.2281648424,23,23
1962-06-12,17765124,4456345.519029763,23,23
1962-06-13,24892085,5732151.7576014325,23,23
1962-06-14,27712351,7271808.517270401,23,23
1962-06-15,33687953,8991671.594238602,23,23
1962-06-18,18369256,5916735.37922827,23,23
1962-06-19,10327337,2704828.6096644364,23,23
1962-06-20,14767939,3853099.668229174,23,23
1962-06-21,16077613,4542296.239388466,23,23
1962-06-22,20099036,4709414.286009189,23,23
1962-06-25,28037301,5750095.07965846,23,23
1962-06-26,18695856,4490871.154563159,23,23
1962-06-27,15869432,3818249.8731291518,23,23
1962-06-28,22809157,5780456.861820631,23,23
1962-06-29,18074834,4064867.4231062345,23,23
1962-07-02,18275873,2797321.8726075254,23,23
1962-07-03,20491571,3956554.99651305,23,23
1962-07-05,11599912,2931716.033094421,23,23
1962-07-06,10332250,2522087.0109431744,23,23
1962-07-09,10432232,2762287.273291234,23,23
1962-07-10,23975744,5271753.231597409,23,23
1962-07-11,16006281,4649999.992577076,23,23
1962-07-12,19029303,5086582.307643335,23,23
1962-07-13,9831651,3154295.711525567,23,23
1962-07-16,10661307,2622677.364141753,23,23
1962-07-17,12476331,3303505.8076028526,23,23
1962-07-18,13957423,3619852.2204834837,23,23
1962-07-19,9566181,3068213.740151938,23,23
1962-07-20,8057268,1470999.9963079821,23,23
1962-07-23,6132722,1566876.45711153,23,23
1962-07-24,7798795,1685325.2120095454,23,23
1962-07-25,8776136,2634905.5850952044,23,23
1962-07-26,8304921,2258296.6737111304,23,23
1962-07-27,7694825,1885184.4253696948,23,23
1962-07-30,10116570,3973336.691375727,23,23
1962-07-31,16413838,4598397.758831866,23,23
1962-08-01,8740415,2231560.303029716,23,23
1962-08-02,12116121,2715892.918903254,23,23
1962-08-03,7999602,1957287.2633351125,23,23
1962-08-06,20644438,8352098.284297133,23,23
1962-08-07,8418797,1928357.2341998704,23,23
1962-08-08,10035392,2532127.840505462,23,23
1962-08-09,7868341,2133069.4786610994,23,23
1962-08-10,9007309,1996598.7655291185,23,23
1962-08-13,7012560,1847774.4103511684,23,23
1962-08-14,12402643,3326749.0250909515,23,23
1962-08-15,15258783,3927888.216431629,23,23
1962-08-16,11992015,2736067.4383170716,23,23
1962-08-17,10991697,2604552.1323769726,23,23
1962-08-20,19290351,3669278.1387137137,23,23
1962-08-21,9972686,2406291.1921202093,23,23
1962-08-22,13212142,4924227.959660396,23,23
1962-08-23,12164620,4742096.498111844,23,23
1962-08-24,8330320,2429345.5120299235,23,23
1962-08-27,8666367,2065743.8177742753,23,23
1962-08-28,9726575,3835162.5949807465,23,23
1962-08-29,10164495,3534531.9477638043,23,23
1962-08-30,6183831,1704004.3851206806,23,23
1962-08-31,6259610,2024523.8892307356,23,23
1962-09-04,7816955,2566898.3541872688,23,23
1962-09-05,9076611,3348014.1014176365,23,23
1962-09-06,9591411,3015814.432872286,23,23
1962-09-07,8298445,2324227.9376560897,23,23
1962-09-10,6677060,2470576.0843804553,23,23
1962-09-11,7385026,2418697.4754226897,23,23
1962-09-12,8690859,2365161.8851525895,23,23
1962-09-13,7596440,2089583.347577287,23,23
1962-09-14,7768212,2199013.7480280995,23,23
1962-09-17,8875941,2566999.5539984237,23,23
1962-09-18,10197840,3565504.5895366166,23,23
1962-09-19,7993120,2363936.801350642,23,23
1962-09-20,8977055,1958413.5533543453,23,23
1962-09-21,12848695,3411587.6526467986,23,23
1962-09-24,13713590,3930412.6636655405,23,23
1962-09-25,10715765,3470674.399767421,23,23
1962-09-26,10587912,3041111.390572749,23,23
1962-09-27,10668048,3801448.8927530535,23,23
1962-09-28,8000985,2202029.484497808,23,23
1962-10-01,11243758,2573646.913752429,23,23
1962-10-02,10876715,3715210.3628364913,23,23
1962-10-03,9067165,2458423.345971847,23,23
1962-10-04,6553408,1934488.3858679347,23,23
1962-10-05,8689715,2514812.4969892763,23,23
1962-10-08,6212644,1241118.0413812697,23,23
1962-10-09,8668943,2080467.4848409928,23,23
1962-10-10,9034030,2586728.973067824,23,23
1962-10-11,7323170,2032554.6915473267,23,23
1962-10-12,6248250,1562425.5743573178,23,23
1962-10-15,8674767,1829962.3510208502,23,23
1962-10-16,8073137,2067021.2183479425,23,23
1962-10-17,10123785,2428620.5282589793,23,23
1962-10-18,9149529,1832081.204849735,23,23
1962-10-19,18320131,3644540.806473095,23,23
1962-10-22,18865410,4100102.543094987,23,23
1962-10-23,20553916,4097995.440132756,23,23
1962-10-24,22638479,5356786.991161352,23,23
1962-10-25,15907293,3574201.6880391017,23,23
1962-10-26,6222747,1929904.396871347,23,23
1962-10-29,13385749,4307809.539795892,23,23
1962-10-30,11865708,3613405.3043361716,23,23
1962-10-31,11312194,2094491.605910195,23,23
1962-11-01,12332911,3031869.920244571,23,23
1962-11-02,25245608,5491033.089298099,23,23
1962-11-05,13405049,3194755.8134425245,23,23
1962-11-07,14943409,3396250.0929233283,23,23
1962-11-08,15941884,3335492.8869773857,23,23
1962-11-09,13216011,2597548.6305400543,23,23
1962-11-12,11658464,3588156.4336033054,23,23
1962-11-13,13466672,3707253.1858179197,23,23
1962-11-14,13015756,3456247.5662498027,23,23
1962-11-15,14322238,3779116.774472587,23,23
1962-11-16,16187015,3400024.1201844215,23,23
1962-11-19,10868763,2128517.854823824,23,23
1962-11-20,14550394,2926994.2603039127,23,23
1962-11-21,17951541,3301551.9870655555,23,23
1962-11-23,19447373,5160173.4857363105,23,23
1962-11-26,33099578,6642630.161820557,23,23
1962-11-27,17385266,4012468.67046207,23,23
1962-11-28,17392266,4771748.895691175,23,23
1962-11-29,14616582,3740837.227061305,23,23
1962-11-30,14610238,2980813.415076256,23,23
1962-12-03,11155010,2495129.859328244,23,23
1962-12-04,16178296,3654121.709534835,23,23
1962-12-05,20683036,4847255.271436159,23,23
1962-12-06,10603078,2875773.65454508,23,23
1962-12-07,9412494,2344248.721933022,23,23
1962-12-10,12598504,3076866.189192375,23,23
1962-12-11,9991962,2555648.250295801,23,23
1962-12-12,10889753,2359121.1023999304,23,23
1962-12-13,8330165,2146756.6033218056,23,23
1962-12-14,11509723,2164943.599862337,23,23
1962-12-17,10287888,2109924.3448005132,23,23
1962-12-18,9590003,2063714.750543341,23,23
1962-12-19,10167432,2763816.9552799296,23,23
1962-12-20,10550210,2553671.918341838,23,23
1962-12-21,7903098,1949977.4579750374,23,23
1962-12-24,8589741,1590831.166822115,23,23
1962-12-26,5915775,1546828.018971417,23,23
1962-12-27,7089564,1761685.7974836715,23,23
1962-12-28,8120007,1650789.676674299,23,23
1962-12-31,10718568,2231805.6653371826,23,23
1963-01-02,9150168,3290347.2543179784,23,23
1963-01-03,14124448,2457848.757440839,23,23
1963-01-04,11948874,3151551.2109232806,23,23
1963-01-07,8521681,2132271.2776007093,23,23
1963-01-08,11322036,3446046.195693653,23,23
1963-01-09,13740241,3572718.9601225704,23,23
1963-01-10,14077811,3281769.8840172216,23,23
1963-01-11,15594496,2944869.0931332074,23,23
1963-01-14,16583260,4315250.217961632,23,23
1963-01-15,14285209,3707073.3430602197,23,23
1963-01-16,11761585,2592017.8543349057,23,23
1963-01-17,10302356,2570344.6958295386,23,23
1963-01-18,8915039,2023288.7833962813,23,23
1963-01-21,9043489,2068756.6880193874,23,23
1963-01-22,10017972,2224677.0919664577,23,23
1963-01-23,7179552,1869521.9391832948,23,23
1963-01-24,10258345,2184790.5717933103,23,23
1963-01-25,13090659,1990012.741179835,23,23
1963-01-28,12690043,3038444.8117092475,23,23
1963-01-29,9975815,2046373.7739147544,23,23
1963-01-30,7663851,1793038.17840641,23,23
1963-01-31,11056417,2372648.954081945,23,23
1963-02-01,16355777,1929186.6106867008,23,23
1963-02-04,9253180,1824953.9766036011,23,23
1963-02-05,15123613,2095826.9294266514,23,23
1963-02-06,11158632,1809637.5195460767,23,23
1963-02-07,8365223,1673652.7272086665,23,23
1963-02-08,8736528,1691422.4248010293,23,23
1963-02-11,9111688,1669058.7751864828,23,23
1963-02-12,7776355,1858362.794471031,23,23
1963-02-13,8529375,1749661.524064403,23,23
1963-02-14,14076390,2087560.7981191278,23,23
1963-02-15,23197100,1867868.1790431533,23,23
1963-02-18,10556390,1600140.0419607125,23,23
1963-02-19,11813336,2003053.5453192815,23,23
1963-02-20,8933181,2034750.4603776634,23,23
1963-02-21,7918150,1845446.544751782,23,23
1963-02-25,8405355,1649584.8241634145,23,23
1963-02-26,10425154,2097852.121278763,23,23
1963-02-27,10788408,1748571.836742375,23,23
1963-02-28,9693759,2261432.462137295,23,23
1963-03-01,14964364,2241797.62577622,23,23
1963-03-04,7792429,1674969.74345747,23,23
1963-03-05,6952991,1291430.5398184545,23,23
1963-03-06,7320990,1224867.2057781257,23,23
1963-03-07,10859789,1731545.0688381568,23,23
1963-03-08,8887948,1248305.027520759,23,23
1963-03-11,9998310,1431812.7305461895,23,23
1963-03-12,12230751,1382251.998079244,23,23
1963-03-13,11855281,1523017.046606239,23,23
1963-03-14,8342160,1458116.918167118,23,23
1963-03-15,10050498,1619128.8384799063,23,23
1963-03-18,7660740,1257763.3720246498,23,23
1963-03-19,18194773,1336056.5727115422,23,23
1963-03-20,6539432,1313414.4952720143,23,23
1963-03-21,7408757,1653691.8307008594,23,23
1963-03-22,9625672,1500454.6422592588,23,23
1963-03-25,7638184,1622185.2884498276,23,23
1963-03-26,9170866,1868312.752744723,23,23
1963-03-27,10625980,2252362.609341398,23,23
1963-03-28,10479712,1980111.9373844527,23,23
1963-03-29,8419485,1569672.47569976,23,23
1963-04-01,8661745,1626489.9667762555,23,23
1963-04-02,7932655,1724393.9964026771,23,23
1963-04-03,8161769,1561988.2976738624,23,23
1963-04-04,11851407,3053290.9310784973,23,23
1963-04-05,13495180,3811398.2333936803,23,23
1963-04-08,11730043,3393074.509832043,23,23
1963-04-09,11477153,2655101.518796336,23,23
1963-04-10,17910635,2897891.718144454,23,23
1963-04-11,9983102,2881042.121118035,23,23
1963-04-15,15147989,2521293.187260259,23,23
1963-04-16,9478546,1904668.255990278,23,23
1963-04-17,10440114,1931033.6980536059,23,23
1963-04-18,9823422,1443543.6818908434,23,23
1963-04-19,12432705,2152747.8306586444,23,23
1963-04-22,10591918,2486957.8593397923,23,23
1963-04-23,12895926,2944315.8498927355,23,23
1963-04-24,10940195,2627649.9848376513,23,23
1963-04-25,10523009,2284183.312480485,23,23
1963-04-26,8787332,2023193.0933047682,23,23
1963-04-29,9575241,1749146.9162973985,23,23
1963-04-30,14637129,2400771.005856652,23,23
1963-05-01,8760452,2169233.3411019575,23,23
1963-05-02,11556687,1849766.3913233094,23,23
1963-05-03,9758007,1610649.8903752677,23,23
1963-05-06,8074012,2080292.7741798274,23,23
1963-05-07,9971992,1901089.7001459897,23,23
1963-05-08,10298046,2343729.142496612,23,23
1963-05-09,11254777,2973442.646153886,23,23
1963-05-10,10643012,1869897.6215231903,23,23
1963-05-13,10360049,1743962.7502554208,23,23
1963-05-14,8071391,1622369.094200328,23,23
1963-05-15,8195728,1714889.8251837231,23,23
1963-05-16,9403183,1618261.782329332,23,23
1963-05-17,8588954,1533331.5541922003,23,23
1963-05-20,9008633,1558131.7808005959,23,23
1963-05-21,10827807,1859942.7444657758,23,23
1963-05-22,8673454,1406278.7317502648,23,23
1963-05-23,8467042,1536900.7808142062,23,23
1963-05-24,7986574,1391794.364739947,23,23
1963-05-27,7627554,1477784.3020547144,23,23
1963-05-28,8533631,1638111.4252149872,23,23
1963-05-29,9932502,1889455.141783122,23,23
1963-05-31,9994527,2645457.827948084,23,23
1963-06-03,12739048,2262659.167723382,23,23
1963-06-04,11295880,2018850.156319078,23,23
1963-06-05,13328048,2284722.4778785855,23,23
1963-06-06,15489757,1822511.1987946648,23,23
1963-06-07,10953061,1764243.028075423,23,23
1963-06-10,15118445,2038393.583525613,23,23
1963-06-11,13848816,1628936.754498586,23,23
1963-06-12,17175052,2271595.1832729094,23,23
1963-06-13,18883592,1728866.4832088724,23,23
1963-06-14,7706120,1466531.5616855063,23,23
1963-06-17,11764814,1961484.2378611453,23,23
1963-06-18,8640016,1570869.748071894,23,23
1963-06-19,9438339,1872516.4754815102,23,23
1963-06-20,11707905,2743578.2374557853,23,23
1963-06-21,7527114,1641266.7057696674,23,23
1963-06-24,7829794,1910788.889511291,23,23
1963-06-25,9203125,1894034.5440727659,23,23
1963-06-26,10901632,2760994.4246834666,23,23
1963-06-27,9514262,2777405.84873325,23,23
1963-06-28,8257390,1720017.5569858216,23,23
1963-07-01,9223235,2687716.7272887267,23,23
1963-07-02,9630205,2689489.883724682,23,23
1963-07-03,12524793,2465455.12921457,23,23
1963-07-05,8926020,1422488.8625342175,23,23
1963-07-08,8292096,1587130.828973081,23,23
1963-07-09,25705288,2447268.0851925984,23,23
1963-07-10,12707444,1890204.1741970927,23,23
1963-07-11,19799308,2076147.9891287163,23,23
1963-07-12,8432694,1636132.826392576,23,23
1963-07-15,10310091,1826999.5322793834,23,23
1963-07-16,7083179,1851604.8920969702,23,23
1963-07-17,9266623,1903673.0037253145,23,23
1963-07-18,7715956,2022676.514285747,23,23
1963-07-19,7415441,1473166.3490885384,23,23
1963-07-22,7726719,1505521.0860496014,23,23
1963-07-23,7893084,2008823.9468424544,23,23
1963-07-24,7307790,1598858.901847154,23,23
1963-07-25,10127928,1740599.5528978705,23,23
1963-07-26,7624497,1457388.1982952934,23,23
1963-07-29,6028773,1237006.4431027584,23,23
1963-07-30,8280909,2388150.13466648,23,23
1963-07-31,10126141,2648050.1317574456,23,23
1963-08-01,6684722,1856110.1973499581,23,23
1963-08-02,5648450,1208784.2189180143,23,23
1963-08-05,7309035,1350760.9179156534,23,23
1963-08-06,21939820,2812007.166526966,23,23
1963-08-07,11246911,1705302.4063220844,23,23
1963-08-08,10493587,1609591.7693787664,23,23
1963-08-09,16975996,2190464.25558535,23,23
1963-08-12,10776238,2215471.741005797,23,23
1963-08-13,17727106,3022335.927468803,23,23
1963-08-14,10937862,2870362.852710504,23,23
1963-08-15,11427052,2466063.9588353336,23,23
1963-08-16,10772892,1630091.0681567155,23,23
1963-08-19,6063355,1229335.2770465612,23,23
1963-08-20,6507397,1385498.629748106,23,23
1963-08-21,6349194,1152450.1138886213,23,23
1963-08-22,6493107,1320078.5411105528,23,23
1963-08-23,7738286,1671505.3948343117,23,23
1963-08-26,12294202,1585045.349118052,23,23
1963-08-27,9771552,1653155.2129812352,23,23
1963-08-28,11862555,1930472.5207059588,23,23
1963-08-29,12312871,2351915.3224413022,23,23
1963-08-30,10058794,2135489.774119746,23,23
1963-09-03,12795981,2503571.2783265077,23,23
1963-09-04,10356679,2297299.9200988784,23,23
1963-09-05,9463915,2141589.893960759,23,23
1963-09-06,13957263,3813395.320740722,23,23
1963-09-09,10201984,2292811.0071668774,23,23
1963-09-10,10554028,2467437.845278606,23,23
1963-09-11,12830526,2976085.9290276654,23,23
1963-09-12,10780984,2027225.662768636,23,23
1963-09-13,9382695,1994724.3440059572,23,23
1963-09-16,11003799,1764477.843383396,23,23
1963-09-17,11258794,1970892.6372164488,23,23
1963-09-18,10149742,2167932.307449583,23,23
1963-09-19,13023540,2274144.168120116,23,23
1963-09-20,12361134,2258685.286822036,23,23
1963-09-23,9105232,2200074.635787379,23,23
1963-09-24,8201093,2472789.231121367,23,23
1963-09-25,12799853,3805602.026466923,23,23
1963-09-26,10221267,3372245.23063457,23,23
1963-09-27,8743899,2183505.45279466,23,23
1963-09-30,9757229,1782347.4964016825,23,23
1963-10-01,8169002,1876214.202520676,23,23
1963-10-02,8122118,1254709.7614257,23,23
1963-10-03,10542928,1463344.7148936875,23,23
1963-10-04,13519520,2815165.0212686583,23,23
1963-10-07,7481593,2135416.8715223633,23,23
1963-10-08,7379432,3262719.7950685136,23,23
1963-10-09,8222695,2156991.740547806,23,23
1963-10-10,7006035,1868046.78714234,23,23
1963-10-11,10249831,2548990.698469976,23,23
1963-10-14,11311032,2428995.4691408984,23,23
1963-10-15,19598022,3624720.6176118255,23,23
1963-10-16,29968775,4633844.884910587,23,23
1963-10-17,33514728,5436897.5727378,23,23
1963-10-18,18773520,2732684.061867846,23,23
1963-10-21,12706771,2646608.7717029788,23,23
1963-10-22,15723475,4148582.128154248,23,23
1963-10-23,19791888,3452345.705137439,23,23
1963-10-24,20012644,3354439.55347389,23,23
1963-10-25,15801988,3508154.8819218166,23,23
1963-10-28,17273528,4991814.756812785,23,23
1963-10-29,12306887,4047983.3922145832,23,23
1963-10-30,9658907,2670471.465026576,23,23
1963-10-31,9817819,2407456.949278105,23,23
1963-11-01,10532862,2115384.530428486,23,23
1963-11-04,12383176,2031537.358438328,23,23
1963-11-06,12887487,2903906.9074082263,23,23
1963-11-07,12244096,1874535.0224359892,23,23
1963-11-08,10726750,1918837.6746194847,23,23
1963-11-11,9858309,1556065.640426159,23,23
1963-11-12,15071970,2387800.1932128426,23,23
1963-11-13,10753266,2131214.9111766014,23,23
1963-11-14,11554435,2173912.2295665145,23,23
1963-11-15,9226175,1882242.0117881,23,23
1963-11-18,13595445,2163257.696981771,23,23
1963-11-19,11056500,1979415.104075905,23,23
1963-11-20,11409685,2590282.510237258,23,23
1963-11-21,12534010,2465819.7669232637,23,23
1963-11-22,15046089,2938423.0612644106,23,23
1963-11-26,17854989,3818630.081876915,23,23
1963-11-27,9471540,2547300.135413587,23,23
1963-11-29,11997853,2993797.1185140945,23,23
1963-12-02,13816715,2947742.8096019514,23,23
1963-12-03,9493046,2250065.1782126687,23,23
1963-12-04,9647804,2014454.687221108,23,23
1963-12-05,14911685,2814865.801251799,23,23
1963-12-06,11885362,2266520.9028189983,23,23
1963-12-09,9786258,1919246.4888509847,23,23
1963-12-10,11114957,1797438.327063445,23,23
1963-12-11,11515794,1762170.4435971994,23,23
1963-12-12,8923118,1770116.2432093434,23,23
1963-12-13,9546763,1768587.2138477173,23,23
1963-12-16,12147209,1887085.5617941283,23,23
1963-12-17,13613246,2076075.1808904093,23,23
1963-12-18,13993765,2380926.2932699416,23,23
1963-12-19,10356945,1920328.1556559466,23,23
1963-12-20,9824268,1814146.9889664166,23,23
1963-12-23,8224640,1940532.05937998,23,23
1963-12-24,9999250,1658767.7322709337,23,23
1963-12-26,8209144,1714165.7456269208,23,23
1963-12-27,12492047,2645970.462596692,23,23
1963-12-30,9675068,3346642.351841584,23,23
1963-12-31,13227170,3831886.408062855,23,23
1964-01-02,8560060,2772788.331609264,23,23
1964-01-03,10969553,2640230.095805645,23,23
1964-01-06,11871534,2245650.4113499597,23,23
1964-01-07,16916896,2045845.2787768133,23,23
1964-01-08,12330659,2183921.2880427837,23,23
1964-01-09,17405507,3084758.6355864704,23,23
1964-01-10,15977751,3023654.1635037214,23,23
1964-01-13,18028002,3219141.723289717,23,23
1964-01-14,11529720,2780565.828081969,23,23
1964-01-15,10121229,3609988.1664410494,23,23
1964-01-16,12941193,4347826.271441853,23,23
1964-01-17,12893645,3210644.6365491133,23,23
1964-01-20,16193584,3074572.1662038453,23,23
1964-01-21,13550548,4384911.797850378,23,23
1964-01-22,11215991,2955879.78066911,23,23
1964-01-23,13780501,2572178.1653156504,23,23
1964-01-24,10267684,1933862.287113808,23,23
1964-01-27,11067922,2272952.2404699437,23,23
1964-01-28,10536065,2389240.464728847,23,23
1964-01-29,10729010,2549810.930420924,23,23
1964-01-30,8544893,1922740.0515509732,23,23
1964-01-31,10334725,2461586.1270919405,23,23
1964-02-03,12825610,2790354.6731408164,23,23
1964-02-04,9112787,1816455.6636849493,23,23
1964-02-05,9096322,1923418.3668323793,23,23
1964-02-06,9214222,2076311.9134279154,23,23
1964-02-07,10125730,2481578.6539509203,23,23
1964-02-10,7649970,1989892.5187255815,23,23
1964-02-11,12716911,2704568.550179839,23,23
1964-02-12,11268570,2384761.689035017,23,23
1964-02-13,9594422,2643580.289788693,23,23
1964-02-14,10615611,2151218.0618499704,23,23
1964-02-17,9766154,2542229.3717472926,23,23
1964-02-18,10091351,2298053.907552285,23,23
1964-02-19,9487923,1829000.1396098584,23,23
1964-02-20,9858192,1893529.92926809,23,23
1964-02-24,12454609,2510453.2801962234,23,23
1964-02-25,12212451,3825414.3965769038,23,23
1964-02-26,15900682,3950780.5244569853,23,23
1964-02-27,15998285,3163158.6113999523,23,23
1964-02-28,10561259,2303356.2667854764,23,23
1964-03-02,9628058,2355779.021415228,23,23
1964-03-03,10355021,2280647.1219583936,23,23
1964-03-04,12550203,2525720.519582864,23,23
1964-03-05,8984479,1824717.6110458411,23,23
1964-03-06,7173159,2245280.975345537,23,23
1964-03-09,11609813,2867885.133173149,23,23
1964-03-10,9803463,2589331.2736477144,23,23
1964-03-11,12942047,3735602.204606492,23,23
1964-03-12,13971967,2994525.2314573973,23,23
1964-03-13,17217671,4055995.6287415177,23,23
1964-03-16,16765429,2635855.752719125,23,23
1964-03-17,13090997,2904307.2590479515,23,23
1964-03-18,17420443,2853370.832135543,23,23
1964-03-19,11822591,2379980.1978356875,23,23
1964-03-20,11802827,2726101.8913021907,23,23
1964-03-23,10093939,2309170.9663726166,23,23
1964-03-24,11433743,2305028.286271965,23,23
1964-03-25,8951263,2148585.2358484454,23,23
1964-03-26,11187365,2424577.0823971685,23,23
1964-03-30,14582106,2580590.8738600127,23,23
1964-03-31,19588391,3615529.7508920375,23,23
1964-04-01,10598916,2517651.97128658,23,23
1964-04-02,15664365,2913200.905084666,23,23
1964-04-03,11527006,2915557.247739613,23,23
1964-04-06,14313094,2642505.040541455,23,23
1964-04-07,12629330,3281092.9853110984,23,23
1964-04-08,11008839,2366542.5453994684,23,23
1964-04-09,14077653,1988520.8615821563,23,23
1964-04-10,20226556,4567120.596567109,23,23
1964-04-13,16455178,3141743.521708764,23,23
1964-04-14,12392426,2111113.552938504,23,23
1964-04-15,14109089,2478864.509004906,23,23
1964-04-16,12067463,2168821.3781853225,23,23
1964-04-17,12066784,2781026.9916566964,23,23
1964-04-20,11951259,2196817.6289011873,23,23
1964-04-21,13067730,2535910.7286650166,23,23
1964-04-22,10991252,2395030.298144292,23,23
1964-04-23,10406352,2434727.60770458,23,23
1964-04-24,12409544,2989444.328534443,23,23
1964-04-27,11200266,2626294.9785654396,23,23
1964-04-28,9381067,2336489.319695102,23,23
1964-04-29,14808909,3155274.3585953526,23,23
1964-04-30,10498668,2345475.8673882857,23,23
1964-05-01,10756376,2191037.1965539604,23,23
1964-05-04,10956354,2119202.84296152,23,23
1964-05-05,10947371,2126307.9647880886,23,23
1964-05-06,9764343,2088990.1782507896,23,23
1964-05-07,9702885,1954532.8153816368,23,23
1964-05-08,8656052,1902403.8628007695,23,23
1964-05-11,8594909,2211207.981315855,23,23
1964-05-12,9666281,2188593.3006970193,23,23
1964-05-13,9223074,2388910.3243147396,23,23
1964-05-14,9375448,2172684.3394308873,23,23
1964-05-15,9552792,2114232.045498034,23,23
1964-05-18,11791895,2892574.0448402986,23,23
1964-05-19,12694451,3467218.353364516,23,23
1964-05-20,14548886,4497953.543004796,23,23
1964-05-21,12010736,4080363.6642765943,23,23
1964-05-22,9231495,3102673.346275579,23,23
1964-05-25,6942434,2149772.810438566,23,23
1964-05-26,8082689,2732487.1931081973,23,23
1964-05-27,10809427,2777812.6602678597,23,23
1964-05-28,11563699,2762117.8336631805,23,23
1964-06-01,10941312,2442806.271848928,23,23
1964-06-02,9075768,2096958.265240442,23,23
1964-06-03,7660200,2233219.9275524765,23,23
1964-06-04,10783514,2815348.8108016513,23,23
1964-06-05,9511940,2494749.5259019397,23,23
1964-06-08,7508452,1491767.794786526,23,23
1964-06-09,10302448,2529024.6135440953,23,23
1964-06-10,10371608,2128762.0181527063,23,23
1964-06-11,12619153,2430482.629324287,23,23
1964-06-12,11014813,1932819.9038079828,23,23
1964-06-15,11984475,2444093.3331878204,23,23
1964-06-16,11451162,2384214.4780161716,23,23
1964-06-17,11129565,2933599.9547261223,23,23
1964-06-18,16261354,2604937.9265006036,23,23
1964-06-19,6102909,1425935.5699157398,23,23
1964-06-22,9436887,2225847.193788044,23,23
1964-06-23,8041401,1690195.2019372843,23,23
1964-06-24,8098298,1919955.7847118638,23,23
1964-06-25,9891746,2219818.175264165,23,23
1964-06-26,7143474,1636157.1957050748,23,23
1964-06-29,8316956,1629103.9273640253,23,23
1964-06-30,7034756,1704706.3435423616,23,23
1964-07-01,7968797,2192934.129201632,23,23
1964-07-02,10922385,2704905.7999178637,23,23
1964-07-06,10380199,2222355.9846557677,23,23
1964-07-07,12077103,2879845.4128002375,23,23
1964-07-08,8630691,2113460.038535215,23,23
1964-07-09,8837826,2076452.4183793291,23,23
1964-07-10,9061139,2880527.940688269,23,23
1964-07-13,8231380,2540239.444032762,23,23
1964-07-14,8327565,3201575.860068295,23,23
1964-07-15,9709874,2178352.884420652,23,23
1964-07-16,7411439,2143429.168686267,23,23
1964-07-17,8188429,2312919.667765351,23,23
1964-07-20,7113169,1800427.5534357876,23,23
1964-07-21,7202101,2170800.6315560117,23,23
1964-07-22,7939811,2319154.8597216103,23,23
1964-07-23,7873935,1783771.1193148904,23,23
1964-07-24,6058297,1922110.022321649,23,23
1964-07-27,8104949,2426368.6093717664,23,23
1964-07-28,8696843,2089068.573751554,23,23
1964-07-29,9294553,2277404.0712035634,23,23
1964-07-30,7156804,1680532.8906218298,23,23
1964-07-31,7656247,1745508.9207021482,23,23
1964-08-03,9601628,2260952.524084639,23,23
1964-08-04,9265365,3214733.2851511277,23,23
1964-08-05,16839806,4846443.059785694,23,23
1964-08-06,10255997,2367731.6985505205,23,23
1964-08-07,9260772,1977389.9390654005,23,23
1964-08-10,6315492,2343747.776845703,23,23
1964-08-11,8098517,2817338.0868149884,23,23
1964-08-12,7424407,2122936.844999004,23,23
1964-08-13,9040943,2401718.464218013,23,23
1964-08-14,6076481,1642221.3653420582,23,23
1964-08-17,8112871,1614068.8818032239,23,23
1964-08-18,8439140,1603225.1410380974,23,23
1964-08-19,7661801,1993668.469421422,23,23
1964-08-20,8058143,2671767.459384203,23,23
1964-08-21,6440272,2053699.0264759809,23,23
1964-08-24,8321031,1980556.997910332,23,23
1964-08-25,7382324,2443294.81015642,23,23
1964-08-26,6011974,1995744.1613188386,23,23
1964-08-27,9387917,2734067.2712928765,23,23
1964-08-28,6444482,1882993.1340883952,23,23
1964-08-31,7612421,2013935.6769198999,23,23
1964-09-01,10992240,2341152.2070565987,23,23
1964-09-02,10964774,2234979.5980440676,23,23
1964-09-03,9312328,2619573.839768395,23,23
1964-09-04,9946170,2497022.693093743,23,23
1964-09-08,9076601,2312640.908195153,23,23
1964-09-09,13463767,2997570.648449853,23,23
1964-09-10,12256298,4548159.589296643,23,23
1964-09-11,19100319,4019224.074308373,23,23
1964-09-14,11850958,3446499.798480548,23,23
1964-09-15,9387453,3078777.5940963514,23,23
1964-09-16,9763883,2901190.1198145784,23,23
1964-09-17,10247294,3173124.168419812,23,23
1964-09-18,12793245,3287747.367871247,23,23
1964-09-21,10918004,2355739.9949370474,23,23
1964-09-22,9543003,2139517.9242402315,23,23
1964-09-23,12131007,2779289.195150228,23,23
1964-09-24,9098250,2221412.25681502,23,23
1964-09-25,8451251,3007113.9683323056,23,23
1964-09-28,9479652,2197221.961908266,23,23
1964-09-29,7475465,2020761.6334858425,23,23
1964-09-30,7002149,1803471.4984586686,23,23
1964-10-01,8249005,1714430.2753088158,23,23
1964-10-02,6818938,2072185.10383825,23,23
1964-10-05,7409258,2288958.7610980924,23,23
1964-10-06,9209296,2525306.107790483,23,23
1964-10-07,8720090,2259818.7194366083,23,23
1964-10-08,6779380,2110133.1906822044,23,23
1964-10-09,8590006,2242642.7978268825,23,23
1964-10-12,6789438,1497731.6343059484,23,23
1964-10-13,10259806,2552539.705226194,23,23
1964-10-14,6545957,1853906.6132957377,23,23
1964-10-15,13347476,3315930.343677206,23,23
1964-10-16,13118442,3259583.7531692274,23,23
1964-10-19,11861504,2485435.358602017,23,23
1964-10-20,8756404,2578660.7687259354,23,23
1964-10-21,8971870,1782461.6301331818,23,23
1964-10-22,7359456,1903365.7939729802,23,23
1964-10-23,4648703,1340187.8881594352,23,23
1964-10-26,9174127,2303795.251213856,23,23
1964-10-27,8218765,2087288.398534909,23,23
1964-10-28,9642723,2089936.7516100518,23,23
1964-10-29,9345850,2228403.169143848,23,23
1964-10-30,7489683,1941797.0989292748,23,23
1964-11-02,10763184,2538145.3879412487,23,23
1964-11-04,9931264,2360962.8033800125,23,23
1964-11-05,6554779,1814003.270394802,23,23
1964-11-06,8293906,2312092.5475791357,23,23
1964-11-09,7599585,2163907.3230398614,23,23
1964-11-10,7987772,2113868.253070699,23,23
1964-11-11,6524665,1739453.7099331599,23,23
1964-11-12,8313483,1909970.4209886156,23,23
1964-11-13,8426806,2222581.3352461047,23,23
1964-11-16,9625593,2207074.199136313,23,23
1964-11-17,11869677,2743478.0862037,23,23
1964-11-18,9807551,3037131.15912221,23,23
1964-11-19,7546177,2631446.328907162,23,23
1964-11-20,8518996,2830423.819762258,23,23
1964-11-23,9482955,2613928.704413399,23,23
1964-11-24,14254530,3223678.6396618783,23,23
1964-11-25,9238631,2923252.300958365,23,23
1964-11-27,7559279,2649067.775299266,23,23
1964-11-30,7949709,2323844.228885986,23,23
1964-12-01,8344081,2692219.2161208615,23,23
1964-12-02,12893715,2717835.348579688,23,23
1964-12-03,7167243,2331457.8026007395,23,23
1964-12-04,10182482,1668012.1467107683,23,23
1964-12-07,10779391,2505164.893231729,23,23
1964-12-08,13536828,2626822.9861737955,23,23
1964-12-09,9742338,2415901.6834564693,23,23
1964-12-10,12479475,2420223.46122214,23,23
1964-12-11,8144013,2601327.6117286775,23,23
1964-12-14,8187213,2246145.8037489615,23,23
1964-12-15,8550337,2438257.2249580547,23,23
1964-12-16,7621611,1870730.7051319256,23,23
1964-12-17,9446530,1946671.9366081655,23,23
1964-12-18,12206306,2599498.3245618567,23,23
1964-12-21,9074931,2189785.823174648,23,23
1964-12-22,12778737,2294390.798210643,23,23
1964-12-23,8696707,1944493.1870495267,23,23
1964-12-24,8475142,1672356.7424563505,23,23
1964-12-28,7847036,1801699.1914566234,23,23
1964-12-29,7908821,2026680.5692951828,23,23
1964-12-30,5910288,1712802.4852292463,23,23
1964-12-31,8849530,2643758.819787737,23,23
1965-01-04,8027247,2155719.468397543,23,23
1965-01-05,7917342,2093337.1221308112,23,23
1965-01-06,13022430,3040591.1332583837,23,23
1965-01-07,14886513,3157555.827393241,23,23
1965-01-08,10589733,2988227.3937590197,23,23
1965-01-11,8036459,2118303.815249726,23,23
1965-01-12,14334157,2750103.1830489263,23,23
1965-01-13,14433189,2978233.852583144,23,23
1965-01-14,11111534,3538699.86920451,23,23
1965-01-15,10893801,3207074.9005095866,23,23
1965-01-18,15923567,4362218.661667211,23,23
1965-01-19,14610122,4194401.140265066,23,23
1965-01-20,11396266,3130040.7828740925,23,23
1965-01-21,8656831,2925266.1358234882,23,23
1965-01-22,10642546,2776273.413080383,23,23
1965-01-25,10591265,2403227.7781766057,23,23
1965-01-26,10981238,2668580.2025685366,23,23
1965-01-27,10445543,2958874.899996273,23,23
1965-01-28,13079019,3238155.154827092,23,23
1965-01-29,10515112,2824413.106598705,23,23
1965-02-01,15730341,3639371.5014440864,23,23
1965-02-02,9597791,2106226.3764463924,23,23
1965-02-03,14038496,2547097.5473291148,23,23
1965-02-04,12184161,2992461.402362611,23,23
1965-02-05,8823165,2182011.7081076447,23,23
1965-02-08,11527590,2881297.2489479743,23,23
1965-02-09,12208411,2434651.2538271584,23,23
1965-02-10,12988613,3214373.468313545,23,23
1965-02-11,12906797,2952137.8864754587,23,23
1965-02-12,10442362,2570921.5916181915,23,23
1965-02-15,9997165,2864376.589219447,23,23
1965-02-16,11336763,3031227.8705005795,23,23
1965-02-17,15382853,3358567.5087698773,23,23
1965-02-18,12890076,3589498.6933245715,23,23
1965-02-19,10060518,3113030.6804362386,23,23
1965-02-23,10192180,2642310.77223859,23,23
1965-02-24,13452539,3905955.3717767335,23,23
1965-02-25,11377432,3422222.1515988335,23,23
1965-02-26,13300241,3171242.3100513443,23,23
1965-03-01,15119740,2725760.082632035,23,23
1965-03-02,10674525,2683168.7956848815,23,23
1965-03-03,9398192,2080235.6286980212,23,23
1965-03-04,12409353,2646366.9607705977,23,23
1965-03-05,16138293,3014292.8844520748,23,23
1965-03-08,13086061,2752769.510110542,23,23
1965-03-09,8017423,2177147.8638911694,23,23
1965-03-10,8100362,1931331.3812595718,23,23
1965-03-11,11897440,3086467.577073673,23,23
1965-03-12,10849879,2796256.614610173,23,23
1965-03-15,11315198,2803722.8569530696,23,23
1965-03-16,11079404,2533165.3429422565,23,23
1965-03-17,10429082,1862272.011359129,23,23
1965-03-18,9361697,2187749.396400189,23,23
1965-03-19,9218607,2579799.327203488,23,23
1965-03-22,6943315,1941380.145697374,23,23
1965-03-23,7918328,2054621.7679613046,23,23
1965-03-24,11639727,2684384.267550569,23,23
1965-03-25,7856758,2000353.8375207,23,23
1965-03-26,8155477,3065253.3872245923,23,23
1965-03-29,21187282,2478414.475149844,23,23
1965-03-30,6753296,1907909.9508968927,23,23
1965-03-31,8059573,2054287.9818542004,23,23
1965-04-01,7010675,1795550.0418873765,23,23
1965-04-02,8142568,2359800.461043924,23,23
1965-04-05,10140319,2694964.6539474055,23,23
1965-04-06,13569105,3256274.8364989497,23,23
1965-04-07,8471180,2190005.510913007,23,23
1965-04-08,12135847,3002824.8225558028,23,23
1965-04-09,17831093,3048523.436145924,23,23
1965-04-12,14070163,2711043.816469621,23,23
1965-04-13,21364498,5294683.90179207,23,23
1965-04-14,12672311,3617574.5627466775,23,23
1965-04-15,14338467,3766904.1212629415,23,23
1965-04-19,11168216,2922155.893744668,23,23
1965-04-20,13525005,3955219.7028722,23,23
1965-04-21,11562124,2568540.4346011244,23,23
1965-04-22,9854724,2441514.5144069716,23,23
1965-04-23,8980506,2364818.0389785524,23,23
1965-04-26,11861046,2664736.71182226,23,23
1965-04-27,11291046,2411490.8573060967,23,23
1965-04-28,8381382,2132488.486533627,23,23
1965-04-29,10458828,2292530.899022892,23,23
1965-04-30,10465791,2517172.7376836836,23,23
1965-05-03,9122291,2359695.1454799864,23,23
1965-05-04,10246440,2331014.840756772,23,23
1965-05-05,10313252,2760281.359393889,23,23
1965-05-06,13419994,3062353.234174613,23,23
1965-05-07,10233927,2732888.5656863153,23,23
1965-05-10,7061815,1971904.0241093189,23,23
1965-05-11,10546779,1895084.0204282254,23,23
1965-05-12,8006178,2047161.267589882,23,23
1965-05-13,10654122,2370372.3398116753,23,23
1965-05-14,10872074,1867292.8106532842,23,23
1965-05-17,9921108,2294972.214782715,23,23
1965-05-18,9544414,2311507.038711928,23,23
1965-05-19,9246908,2154497.0580960326,23,23
1965-05-20,10246316,2216179.7388280854,23,23
1965-05-21,7803733,1634677.5009282306,23,23
1965-05-24,7784998,2352533.36828959,23,23
1965-05-25,6700469,2078041.1945303828,23,23
1965-05-26,8380238,2224748.76233387,23,23
1965-05-27,8379017,2122641.5809235647,23,23
1965-05-28,6828485,1767334.5919831544,23,23
1965-06-01,8601041,2288899.3540443107,23,23
1965-06-02,13626974,3497654.3456723616,23,23
1965-06-03,10034849,2492933.7218357697,23,23
1965-06-04,7952871,2228463.620701745,23,23
1965-06-07,9694268,2586311.5109516233,23,23
1965-06-08,9811775,2075772.8761755899,23,23
1965-06-09,12447688,4693536.1064083725,23,23
1965-06-10,17190001,5207770.104901642,23,23
1965-06-11,12248177,3692940.4618368708,23,23
1965-06-14,10276670,3362829.743112702,23,23
1965-06-15,18601651,5976692.224299699,23,23
1965-06-16,11660238,3827775.818644952,23,23
1965-06-17,7459260,2322472.4656416103,23,23
1965-06-18,7018059,2323868.7342579216,23,23
1965-06-21,9275912,2425865.7005659714,23,23
1965-06-22,6630406,1810000.5707546026,23,23
1965-06-23,7725277,1981721.3606052045,23,23
1965-06-24,9914133,2791399.6842260994,23,23
1965-06-25,12525363,4313075.594233872,23,23
1965-06-28,14420119,4208207.640755441,23,23
1965-06-29,22864988,7203181.486780131,23,23
1965-06-30,11096520,4089419.3756237626,23,23
1965-07-01,10635668,2925465.1767458357,23,23
1965-07-02,8101939,2615476.3566627055,23,23
1965-07-06,6593853,1863816.441816762,23,23
1965-07-07,5656240,2167777.6362498254,23,23
1965-07-08,10143689,2486202.7029985487,23,23
1965-07-09,8180565,2570993.5909019858,23,23
1965-07-12,7845262,2256897.1230636165,23,23
1965-07-13,7086578,2034693.2590142116,23,23
1965-07-14,6024772,2592821.071429059,23,23
1965-07-15,6589146,2659743.6637687385,23,23
1965-07-16,5224443,1820708.3322785608,23,23
1965-07-19,7914140,1816432.9885145351,23,23
1965-07-20,13127974,3308269.083784111,23,23
1965-07-21,9692774,2757917.9675496668,23,23
1965-07-22,7082672,1860059.8988936394,23,23
1965-07-23,10931339,2829085.255718671,23,23
1965-07-26,9401278,2653062.982911829,23,23
1965-07-27,17766776,4004140.4684708044,23,23
1965-07-28,11206943,3455396.9763710275,23,23
1965-07-29,9755894,3179715.451867666,23,23
1965-07-30,14503689,3074523.6412138194,23,23
1965-08-02,7885264,1996558.5209169537,23,23
1965-08-03,8496319,2910903.3983413503,23,23
1965-08-04,9882868,3154020.7568213195,23,23
1965-08-05,8747270,2524379.4923249036,23,23
1965-08-06,11554009,2076315.420236431,23,23
1965-08-09,9227736,2861236.963104546,23,23
1965-08-10,11100908,2568244.861364305,23,23
1965-08-11,8498525,2381924.4302601144,23,23
1965-08-12,8351028,3013411.3971515745,23,23
1965-08-13,7939011,2665552.9076471627,23,23
1965-08-16,8790803,2797191.5138566196,23,23
1965-08-17,8683326,2347621.6489174515,23,23
1965-08-18,15957650,3129139.1370618865,23,23
1965-08-19,11624503,3157611.047286324,23,23
1965-08-20,7787018,2364864.8295073956,23,23
1965-08-23,10296112,2783041.5048270524,23,23
1965-08-24,11836241,3988780.3475639485,23,23
1965-08-25,9920012,2948914.078511387,23,23
1965-08-26,10594507,2967411.0303318873,23,23
1965-08-27,9568340,2455484.7789267153,23,23
1965-08-30,7607321,2079632.2436912358,23,23
1965-08-31,9838076,2551604.5999395624,23,23
1965-09-01,12423916,2396141.304606043,23,23
1965-09-02,8460330,2925378.770548612,23,23
1965-09-03,10911890,3256902.331419762,23,23
1965-09-07,10295990,2961801.7508482486,23,23
1965-09-08,11934434,4028102.68199116,23,23
1965-09-09,11228113,3569370.1184095517,23,23
1965-09-10,12395134,4592932.567077212,23,23
1965-09-13,17779380,5615439.098375376,23,23
1965-09-14,13799174,5101978.75416534,23,23
1965-09-15,9818848,3095481.5946034864,23,23
1965-09-16,10723746,3341528.1573583744,23,23
1965-09-17,17422818,4432502.986553073,23,23
1965-09-20,14240927,3971954.6790778674,23,23
1965-09-21,13607461,3060438.7128324695,23,23
1965-09-22,12021057,4278126.152881645,23,23
1965-09-23,12206225,3628289.7782522365,23,23
1965-09-24,12423458,4250387.061947204,23,23
1965-09-27,20015302,5307616.291412473,23,23
1965-09-28,16586853,5159318.994765602,23,23
1965-09-29,15857734,5309538.129467957,23,23
1965-09-30,15393449,4606860.648655642,23,23
1965-10-01,17790225,5915778.2915238775,23,23
1965-10-04,7372719,2403575.832701307,23,23
1965-10-05,11276412,3383451.516420506,23,23
1965-10-06,9280233,3858356.745166905,23,23
1965-10-07,7736063,2491954.4449492767,23,23
1965-10-08,9147217,3120320.6220741123,23,23
1965-10-11,13554573,4529274.23724119,23,23
1965-10-12,8565669,2790163.0717830807,23,23
1965-10-13,7907976,3005297.672759101,23,23
1965-10-14,8457021,2672095.5726700462,23,23
1965-10-15,11345030,2713963.6191526465,23,23
1965-10-18,11147776,3783430.474937193,23,23
1965-10-19,11978666,4226610.649866387,23,23
1965-10-20,12535213,4838011.482067227,23,23
1965-10-21,11490690,3807790.092337616,23,23
1965-10-22,15038197,4871895.023719452,23,23
1965-10-25,13146468,4251859.1461568475,23,23
1965-10-26,15208902,4399363.128559142,23,23
1965-10-27,13589776,4665685.540247619,23,23
1965-10-28,14025939,4351556.762505859,23,23
1965-10-29,13516928,3706649.308280319,23,23
1965-11-01,11081321,3625540.6140411757,23,23
1965-11-03,10915132,3271604.008074552,23,23
1965-11-04,10587259,4061915.6809025034,23,23
1965-11-05,8566765,3052633.81339179,23,23
1965-11-08,10829847,3313894.5487820543,23,23
1965-11-09,10140801,3492945.434069209,23,23
1965-11-10,8672892,2253807.4984738342,23,23
1965-11-11,9191872,2245688.9956073314,23,23
1965-11-12,22210969,8316923.696404867,23,23
1965-11-15,17845059,5175804.134095691,23,23
1965-11-16,10957952,3800114.757696215,23,23
1965-11-17,9690124,4124336.25567998,23,23
1965-11-18,8326212,3144018.1938476227,23,23
1965-11-19,14133784,5404815.144420303,23,23
1965-11-22,12124215,4201510.348443642,23,23
1965-11-23,12347252,4574705.110269859,23,23
1965-11-24,12424755,4212875.73241996,23,23
1965-11-26,9869282,3925163.790278122,23,23
1965-11-29,11544757,3709547.048143722,23,23
1965-11-30,14276878,5429880.151580062,23,23
1965-12-01,13026229,4448506.06375657,23,23
1965-12-02,12912516,5117393.740759943,23,23
1965-12-03,14145318,6706815.086227015,23,23
1965-12-06,19150196,8329228.12198941,23,23
1965-12-07,17023550,5093981.473871708,23,23
1965-12-08,12815942,4712061.9409958795,23,23
1965-12-09,14348479,4695287.89722354,23,23
1965-12-10,11134509,4026264.1813702285,23,23
1965-12-13,17931318,6188889.25170251,23,23
1965-12-14,15374792,5301821.225029029,23,23
1965-12-15,14157451,6479443.514432058,23,23
1965-12-16,19306278,4375522.368393123,23,23
1965-12-17,11316337,3995203.861451462,23,23
1965-12-20,11354345,4107129.7256936952,23,23
1965-12-21,12015612,4345860.088141277,23,23
1965-12-22,14534780,5529043.282934308,23,23
1965-12-23,12824100,4672159.827632129,23,23
1965-12-27,8951847,3501746.0907606035,23,23
1965-12-28,11598049,4306500.435318656,23,23
1965-12-29,18959420,5981633.198130421,23,23
1965-12-30,45800939,6661951.121684976,23,23
1965-12-31,9288409,2902936.6517630965,23,23
1966-01-03,10994927,2872772.3455214985,23,23
1966-01-04,11510667,3938095.068405427,23,23
1966-01-05,8180893,3231253.9304102026,23,23
1966-01-06,9781327,3678806.172559418,23,23
1966-01-07,9869115,4306738.175123446,23,23
1966-01-10,10370160,4099513.9690222964,23,23
1966-01-11,9414388,3853293.6594112813,23,23
1966-01-12,15393688,5156069.922828693,23,23
1966-01-13,16540426,6434114.356353417,23,23
1966-01-14,10209958,4007850.8052118793,23,23
1966-01-17,16374594,5099289.399492614,23,23
1966-01-18,11933546,5697046.397500135,23,23
1966-01-19,16518109,7531137.790411808,23,23
1966-01-20,13309972,5328712.964269023,23,23
1966-01-21,14273366,6600578.192599744,23,23
1966-01-24,11136959,4804033.499496043,23,23
1966-01-25,12048987,6035204.790238135,23,23
1966-01-26,14547721,5642822.39574296,23,23
1966-01-27,15224218,6154060.839020621,23,23
1966-01-28,14189042,4557181.750487212,23,23
1966-01-31,12004970,6135458.370441794,23,23
1966-02-01,11951350,5340849.5698629245,23,23
1966-02-02,13664046,6279864.479561597,23,23
1966-02-03,48822203,5600317.249190375,23,23
1966-02-04,15663658,6529696.415892065,23,23
1966-02-07,14560109,6110482.51165285,23,23
1966-02-08,19730271,9118877.430903926,23,23
1966-02-09,15793564,5869277.49428691,23,23
1966-02-10,15173888,6193595.000905074,23,23
1966-02-11,14405895,4577285.708985012,23,23
1966-02-14,13178347,3892791.14218615,23,23
1966-02-15,16730173,7735695.5578596145,23,23
1966-02-16,14145071,7078502.627577215,23,23
1966-02-17,11434978,4724219.244454965,23,23
1966-02-18,13059643,6121634.915360767,23,23
1966-02-21,17197340,7307900.573365234,23,23
1966-02-23,10357105,5100661.028059438,23,23
1966-02-24,11479740,4467009.212464318,23,23
1966-02-25,10584669,4707401.60052079,23,23
1966-02-28,11782790,5391788.332352087,23,23
1966-03-01,18591089,7929601.405525215,23,23
1966-03-02,15287293,6939849.375011891,23,23
1966-03-03,16315583,7018808.714499,23,23
1966-03-04,11791310,5939167.538436148,23,23
1966-03-07,13433647,6409836.3951067515,23,23
1966-03-08,20552106,9490473.968892395,23,23
1966-03-09,10648254,5520996.946150877,23,23
1966-03-10,15233979,7118971.721958019,23,23
1966-03-11,13329192,5342102.647324115,23,23
1966-03-14,25530779,6189923.153393753,23,23
1966-03-15,22665606,6908703.327863216,23,23
1966-03-16,20490080,7882399.086527355,23,23
1966-03-17,14384889,6680988.052050799,23,23
1966-03-18,32113427,5915926.262913909,23,23
1966-03-21,17555009,7096999.545100018,23,23
1966-03-22,16988391,7684291.583312884,23,23
1966-03-23,9236021,4641421.610972002,23,23
1966-03-24,9121606,5012172.41280137,23,23
1966-03-25,14696952,6156455.395706981,23,23
1966-03-28,13238035,5863391.107572168,23,23
1966-03-29,12091661,5051887.977174386,23,23
1966-03-30,13675432,6698113.952371448,23,23
1966-03-31,9471887,5098884.221650749,23,23
1966-04-01,10707901,5035881.286061056,23,23
1966-04-04,12429839,4840980.568162218,23,23
1966-04-05,18916291,6122567.424272008,23,23
1966-04-06,12061919,5059193.61912749,23,23
1966-04-07,17289634,6116371.5521103665,23,23
1966-04-11,16870287,7075087.964872897,23,23
1966-04-12,17047748,6096695.974961437,23,23
1966-04-13,15731000,6180330.157387674,23,23
1966-04-14,31070739,11719523.099625722,23,23
1966-04-15,19569836,6459740.265576743,23,23
1966-04-18,16770983,6045995.398288894,23,23
1966-04-19,11165683,5499626.154912725,23,23
1966-04-20,13951324,6942800.328975566,23,23
1966-04-21,15232468,8401668.434963435,23,23
1966-04-22,21021658,8449539.07272249,23,23
1966-04-25,16791841,5417381.695581581,23,23
1966-04-26,10646482,4640782.919600114,23,23
1966-04-27,14093882,4851701.805234991,23,23
1966-04-28,16725316,6915867.701780278,23,23
1966-04-29,12524205,5627079.973112874,23,23
1966-05-02,11686153,5338930.16578877,23,23
1966-05-03,10002832,5196175.2233486995,23,23
1966-05-04,12928098,5298165.926407598,23,23
1966-05-05,17573225,7698748.895647798,23,23
1966-05-06,21589350,9891881.436075065,23,23
1966-05-09,15309666,6386135.211050414,23,23
1966-05-10,14578082,6901319.895226583,23,23
1966-05-11,10879372,5171535.317025945,23,23
1966-05-12,12875930,7065898.718176305,23,23
1966-05-13,16322555,7313785.617860399,23,23
1966-05-16,15747647,6561304.171638321,23,23
1966-05-17,16651704,8153072.822847456,23,23
1966-05-18,17565223,9020646.969426371,23,23
1966-05-19,15258314,8406238.601518758,23,23
1966-05-20,10309023,5301347.2417738885,23,23
1966-05-23,10596084,5946528.771818612,23,23
1966-05-24,10945050,5834188.296220139,23,23
1966-05-25,8131275,4733725.846774384,23,23
1966-05-26,10074568,4772106.888047695,23,23
1966-05-27,7483401,3507256.1101840585,23,23
1966-05-31,9297253,3680044.3431890085,23,23
1966-06-01,8379540,4806793.833464127,23,23
1966-06-02,7056687,3669046.4335317947,23,23
1966-06-03,6334792,3724979.6324259154,23,23
1966-06-06,5774379,3008197.646647822,23,23
1966-06-07,8440768,4624322.138193246,23,23
1966-06-08,20932069,5621533.637979902,23,23
1966-06-09,8692492,4641014.895948261,23,23
1966-06-10,13777555,7241260.981949389,23,23
1966-06-13,13209199,6392432.1616394445,23,23
1966-06-14,15234229,5097057.799437068,23,23
1966-06-15,14917078,5191896.734636735,23,23
1966-06-16,15367242,6285495.487157591,23,23
1966-06-17,11817806,6682043.334399819,23,23
1966-06-20,10163016,5709793.219890684,23,23
1966-06-21,10419202,6493490.028017007,23,23
1966-06-22,11540162,6396234.269002024,23,23
1966-06-23,15328961,7575748.018251114,23,23
1966-06-24,12688152,5834688.613042593,23,23
1966-06-27,9692339,4003169.257666342,23,23
1966-06-28,14391811,5143051.527961187,23,23
1966-06-29,9541842,4082756.830331415,23,23
1966-06-30,11848030,4668349.35398747,23,23
1966-07-01,9712205,3651134.1067488715,23,23
1966-07-05,8937173,2612557.4145908207,23,23
1966-07-06,13147576,4385078.721944876,23,23
1966-07-07,13610995,5262052.3355745,23,23
1966-07-08,14983102,5177319.669924378,23,23
1966-07-11,10036570,3162510.668792922,23,23
1966-07-12,7789901,2497731.1796352714,23,23
1966-07-13,8068291,3061589.153984815,23,23
1966-07-14,9641649,3181322.6394867674,23,23
1966-07-15,7866079,2485330.3236266673,23,23
1966-07-18,7695070,2224557.263994485,23,23
1966-07-19,9371014,3697091.4442855716,23,23
1966-07-20,11904156,5329562.022208184,23,23
1966-07-21,10594728,4139836.358572811,23,23
1966-07-22,7707146,3091071.988186553,23,23
1966-07-25,12083582,4769293.0209058225,23,23
1966-07-26,14631547,5843802.370308179,23,23
1966-07-27,9707602,3306707.861774586,23,23
1966-07-28,11526996,3920534.014955666,23,23
1966-07-29,8005778,3140225.8289743625,23,23
1966-08-01,17717215,4856367.5118638985,23,23
1966-08-02,11945945,4274681.633243427,23,23
1966-08-03,11074185,3994166.932996668,23,23
1966-08-04,10508968,4949730.198542476,23,23
1966-08-05,7669189,2542622.2423345223,23,23
1966-08-08,7441928,2635052.8117300197,23,23
1966-08-09,7651116,2968082.1522339545,23,23
1966-08-10,8019276,3360521.842706509,23,23
1966-08-11,8748500,4026055.397672072,23,23
1966-08-12,11977855,4978864.574042328,23,23
1966-08-15,6931928,2902588.824594632,23,23
1966-08-16,9694887,3743962.380622562,23,23
1966-08-17,11567201,3689023.058303248,23,23
1966-08-18,10676386,3343277.196008295,23,23
1966-08-19,10856196,3764307.149857983,23,23
1966-08-22,14760615,4641788.421798296,23,23
1966-08-23,23269772,7124486.29449515,23,23
1966-08-24,11180996,3892530.741535522,23,23
1966-08-25,9032804,3638852.267059475,23,23
1966-08-26,16097671,8321297.347836174,23,23
1966-08-29,19501786,7919535.920042228,23,23
1966-08-30,18542407,7387806.977609903,23,23
1966-08-31,16289505,5768954.04985122,23,23
1966-09-01,10894421,4568594.834021859,23,23
1966-09-02,11411219,5039491.737538412,23,23
1966-09-06,6796114,3402644.6779220626,23,23
1966-09-07,9476154,4680916.354960248,23,23
1966-09-08,15079912,6528336.317939453,23,23
1966-09-09,9067983,3881347.7146724537,23,23
1966-09-12,14729415,6562889.621799909,23,23
1966-09-13,21933247,4965802.753183097,23,23
1966-09-14,11048190,4370896.874597073,23,23
1966-09-15,11850673,4697463.766849279,23,23
1966-09-16,9637780,3416602.509603694,23,23
1966-09-19,12263068,3392847.6768807173,23,23
1966-09-20,8893557,2717603.254596442,23,23
1966-09-21,9429917,2951487.50180313,23,23
1966-09-22,10310523,4376305.744663145,23,23
1966-09-23,8057464,2931275.811436005,23,23
1966-09-26,8233809,3281778.9612894207,23,23
1966-09-27,13203804,7002905.419691645,23,23
1966-09-28,17870928,10866170.928460382,23,23
1966-09-29,10498897,5173934.674855724,23,23
1966-09-30,12925053,6787919.771622457,23,23
1966-10-03,13122546,5923086.571480237,23,23
1966-10-04,16504477,7189374.1223936975,23,23
1966-10-05,8524251,3689171.4536761343,23,23
1966-10-06,17213852,5356202.733589023,23,23
1966-10-07,17443874,6525117.747646503,23,23
1966-10-10,17803650,6501863.193570118,23,23
1966-10-11,14539762,5407488.10086235,23,23
1966-10-12,12875398,4632874.381804433,23,23
1966-10-13,16987362,6426888.268468,23,23
1966-10-14,21442828,3398730.5168347955,23,23
1966-10-17,12043817,3692750.429986723,23,23
1966-10-18,11463435,3982787.8799428344,23,23
1966-10-19,15192849,4342314.92762097,23,23
1966-10-20,22232156,7203803.610397026,23,23
1966-10-21,10210476,3402303.0385851376,23,23
1966-10-24,12137909,3319786.5049875677,23,23
1966-10-25,11559634,3935014.788791448,23,23
1966-10-26,12542475,4038009.3692908436,23,23
1966-10-27,16167333,3919530.909946732,23,23
1966-10-28,10568791,2875539.9585046023,23,23
1966-10-31,12065015,3363016.959356293,23,23
1966-11-01,13253804,4238443.08389505,23,23
1966-11-02,12904680,5748046.4986127615,23,23
1966-11-03,11403683,4281053.681247197,23,23
1966-11-04,14400006,5053084.075217612,23,23
1966-11-07,11492647,4520178.54070583,23,23
1966-11-09,15405902,4940375.480582185,23,23
1966-11-10,13638842,4590305.347930457,23,23
1966-11-11,14901011,3974887.0976227894,23,23
1966-11-14,18150348,3973103.5094184354,23,23
1966-11-15,18174444,4770878.582328498,23,23
1966-11-16,24537473,6716441.002015397,23,23
1966-11-17,18733461,7855089.941145662,23,23
1966-11-18,20548056,7272548.786532454,23,23
1966-11-21,14876398,5679267.866515838,23,23
1966-11-22,11442278,4018954.675911147,23,23
1966-11-23,15992126,4888344.30007882,23,23
1966-11-25,15525469,4887738.786531523,23,23
1966-11-28,13096504,5144488.402286857,23,23
1966-11-29,11516705,3665558.168023072,23,23
1966-11-30,13426366,5119604.633063003,23,23
1966-12-01,15626715,6388739.538330808,23,23
1966-12-02,9940202,3536920.4249109775,23,23
1966-12-05,22311483,6215348.399723217,23,23
1966-12-06,17790301,6270812.46307468,23,23
1966-12-07,16164435,5645296.974818043,23,23
1966-12-08,13440404,5368906.522105798,23,23
1966-12-09,16562745,4834795.648109507,23,23
1966-12-12,18165090,5638452.4402426705,23,23
1966-12-13,16745832,5542379.628266975,23,23
1966-12-14,11496781,4000932.8221850656,23,23
1966-12-15,24955855,6742120.227356538,23,23
1966-12-16,54211194,12417169.252949353,23,23
1966-12-19,26673492,6389792.460273519,23,23
1966-12-20,18392884,4372007.04132567,23,23
1966-12-21,16232175,4664255.600955445,23,23
1966-12-22,19939107,5326838.408148322,23,23
1966-12-23,21216443,4090377.6980474293,23,23
1966-12-27,14392396,3464973.046680905,23,23
1966-12-28,15601247,4135106.007358592,23,23
1966-12-29,10898353,3426886.9022520445,23,23
1966-12-30,11371598,4370915.537657753,23,23
1967-01-03,19668236,8013876.286350004,23,23
1967-01-04,16384944,5078179.900537223,23,23
1967-01-05,14134458,3801902.3764780983,23,23
1967-01-06,12021957,4356127.099138521,23,23
1967-01-09,17199799,5461964.971851386,23,23
1967-01-10,12363029,5158955.006575048,23,23
1967-01-11,20249133,7840325.263598606,23,23
1967-01-12,21156665,6632154.67549729,23,23
1967-01-13,15377711,5463411.693048496,23,23
1967-01-16,20495918,5963838.335793633,23,23
1967-01-17,19024525,8031271.793360136,23,23
1967-01-18,18457983,8152345.532361962,23,23
1967-01-19,19208412,6612345.3099517375,23,23
1967-01-20,17756475,5415494.935196996,23,23
1967-01-23,20301161,6728717.850872636,23,23
1967-01-24,21153848,7764597.028748237,23,23
1967-01-25,17035485,6675204.438534588,23,23
1967-01-26,19755062,8726549.084349647,23,23
1967-01-27,22401608,11888275.161348075,23,23
1967-01-30,16882508,7648092.7087010145,23,23
1967-01-31,20693733,7216144.642753176,23,23
1967-02-01,20576656,7616897.637134269,23,23
1967-02-02,16773066,5341673.987883121,23,23
1967-02-03,15523647,4700599.117915392,23,23
1967-02-06,13538685,4955530.249264151,23,23
1967-02-07,6021137,2436092.6201481223,23,23
1967-02-08,16617383,5788034.834936768,23,23
1967-02-09,20168597,7315779.97682628,23,23
1967-02-10,15573136,5485205.344397299,23,23
1967-02-13,13549763,3902009.2059894055,23,23
1967-02-14,16754268,5838814.31404902,23,23
1967-02-15,11117370,4021871.3412117064,23,23
1967-02-16,11827237,4830865.808674313,23,23
1967-02-17,15285855,4632817.721443124,23,23
1967-02-20,12461097,4704262.728631936,23,23
1967-02-21,14158579,4524787.134121582,23,23
1967-02-23,14788084,6880152.908427127,23,23
1967-02-24,15096882,6432631.735351667,23,23
1967-02-27,20946327,7283238.845080346,23,23
1967-02-28,19945621,6093809.86863412,23,23
1967-03-01,25436563,10007921.6117087,23,23
1967-03-02,18513535,6561808.759353653,23,23
1967-03-03,16568725,6267682.779947564,23,23
1967-03-06,14798011,5311815.291093044,23,23
1967-03-07,11852945,4975802.329905055,23,23
1967-03-08,17038053,7062793.137004621,23,23
1967-03-09,17653019,6093103.614498265,23,23
1967-03-10,18397245,8399746.5135599,23,23
1967-03-13,14935397,5192532.63521947,23,23
1967-03-14,13195277,4587934.523240596,23,23
1967-03-15,16562782,6490137.908167355,23,23
1967-03-16,17732773,6789743.680619121,23,23
1967-03-17,15028333,4720296.106122486,23,23
1967-03-20,15264335,5358593.859346658,23,23
1967-03-21,13155150,4499073.081496283,23,23
1967-03-22,13108694,4390759.90416196,23,23
1967-03-23,15143110,5861035.982343301,23,23
1967-03-27,18422592,4971376.571534067,23,23
1967-03-28,12597120,4327976.421892434,23,23
1967-03-29,13814252,4070530.5042077005,23,23
1967-03-30,11485529,4287564.910924949,23,23
1967-03-31,18475901,6021853.023904018,23,23
1967-04-03,16390129,4909970.924469456,23,23
1967-04-04,14232069,4310946.798624679,23,23
1967-04-05,10538541,4064743.155858122,23,23
1967-04-06,21726752,6320976.667481244,23,23
1967-04-07,17653668,5576880.771515071,23,23
1967-04-10,14612149,5363923.535522327,23,23
1967-04-11,14582171,5111808.2718206495,23,23
1967-04-12,13543447,3996757.52281332,23,23
1967-04-13,15152515,5165960.085849337,23,23
1967-04-14,17195021,7310408.634759784,23,23
1967-04-17,18602279,6812904.638576254,23,23
1967-04-18,16496416,8052497.808486626,23,23
1967-04-19,15043248,7485731.0776705,23,23
1967-04-20,14313825,5853414.172712795,23,23
1967-04-21,25273457,9260042.72649245,23,23
1967-04-24,16794334,7577101.708654083,23,23
1967-04-25,13946602,6639398.640893877,23,23
1967-04-26,17379927,7236618.849176824,23,23
1967-04-27,14937374,6012339.857170381,23,23
1967-04-28,19164954,8136393.693611965,23,23
1967-05-01,14774629,6049286.847217575,23,23
1967-05-02,14204824,6020806.925414428,23,23
1967-05-03,14338150,5419104.271290526,23,23
1967-05-04,14862055,5743462.295179166,23,23
1967-05-05,15632505,6031861.583029263,23,23
1967-05-08,17896525,5100952.308898836,23,23
1967-05-09,14391355,6524656.154988736,23,23
1967-05-10,14189624,6122953.472736381,23,23
1967-05-11,15666868,6067855.800910786,23,23
1967-05-12,14844915,6470573.578155458,23,23
1967-05-15,10068128,4203640.316778965,23,23
1967-05-16,14066032,5113746.711599052,23,23
1967-05-17,11604123,4144528.4310819507,23,23
1967-05-18,15103120,4454705.468773916,23,23
1967-05-19,11424888,5150068.692720279,23,23
1967-05-22,12579729,4764055.492049888,23,23
1967-05-23,14225318,5934643.867869586,23,23
1967-05-24,14931400,6027184.290534407,23,23
1967-05-25,12316298,4578357.11537084,23,23
1967-05-26,8700549,3447005.3462334424,23,23
1967-05-29,9957430,3197461.662060991,23,23
1967-05-31,11777692,4344543.780768797,23,23
1967-06-01,14422508,5393122.0740249455,23,23
1967-06-02,13995885,5181446.716783643,23,23
1967-06-05,17127276,6298254.775692306,23,23
1967-06-06,15482654,5959609.073282346,23,23
1967-06-07,16673911,7903952.680246383,23,23
1967-06-08,15068698,5155194.202305406,23,23
1967-06-09,17062411,5436732.79946316,23,23
1967-06-12,13808527,5314929.5544965565,23,23
1967-06-13,15043338,6173474.872109905,23,23
1967-06-14,15426160,6479064.878338262,23,23
1967-06-15,13684969,7330710.700469218,23,23
1967-06-16,19415215,6344299.578570411,23,23
1967-06-19,16176853,5834826.323849618,23,23
1967-06-20,12221515,4769914.280383311,23,23
1967-06-21,16653186,5365611.410263546,23,23
1967-06-22,11927399,4930399.540123582,23,23
1967-06-23,11748733,5188807.570229389,23,23
1967-06-26,12095787,6075010.169203334,23,23
1967-06-27,11821064,5196051.648186982,23,23
1967-06-28,9264990,4370321.778445244,23,23
1967-06-29,10863231,5034106.36584872,23,23
1967-06-30,10255443,3499225.3172671124,23,23
1967-07-03,10266769,4909940.433200553,23,23
1967-07-05,12140040,6338945.035409331,23,23
1967-07-06,12844060,6100160.606881872,23,23
1967-07-07,14644019,6905179.957661882,23,23
1967-07-10,18017479,6318872.278085187,23,23
1967-07-11,17260235,6467563.473049268,23,23
1967-07-12,24472906,4657554.25315994,23,23
1967-07-13,34174303,5538541.790735185,23,23
1967-07-14,17327419,7961654.389973849,23,23
1967-07-17,16951897,5360164.723755807,23,23
1967-07-18,19084837,6521976.30226019,23,23
1967-07-19,20043371,6370654.393682018,23,23
1967-07-20,24064744,6243937.193508595,23,23
1967-07-21,26288555,9260751.171010911,23,23
1967-07-24,15657824,5428041.212460667,23,23
1967-07-25,21433566,6505321.470073134,23,23
1967-07-26,17865886,6448770.513843119,23,23
1967-07-27,19321449,7613167.293988667,23,23
1967-07-28,16379462,6361867.8503166735,23,23
1967-07-31,15649430,6447020.63120465,23,23
1967-08-01,16136895,6651290.558013409,23,23
1967-08-02,24706128,8568760.091436379,23,23
1967-08-03,17259838,8187517.401850134,23,23
1967-08-04,16895000,7536000.036401346,23,23
1967-08-07,9540554,4215715.090184435,23,23
1967-08-08,7598827,3414223.3317277282,23,23
1967-08-09,9626180,4280274.319152296,23,23
1967-08-10,11383711,4164592.8267375976,23,23
1967-08-11,10712486,4842158.495278612,23,23
1967-08-14,11052937,4350938.573525876,23,23
1967-08-15,11640003,4496853.990314916,23,23
1967-08-16,12690985,4822424.190246493,23,23
1967-08-17,11037244,4297477.339184172,23,23
1967-08-18,13820941,3666249.7871252894,23,23
1967-08-21,10104767,4165342.655088462,23,23
1967-08-22,9306369,3889188.5799089745,23,23
1967-08-23,11994058,4504469.995972149,23,23
1967-08-24,18674901,4879297.110814258,23,23
1967-08-25,16480233,8058542.331711009,23,23
1967-08-28,9912988,4332328.2614569515,23,23
1967-08-29,16293938,3942780.9558968917,23,23
1967-08-30,9390201,2648106.5402252004,23,23
1967-08-31,7709628,4031794.880946666,23,23
1967-09-01,12734634,3364956.231189117,23,23
1967-09-05,9416151,3740948.9549936205,23,23
1967-09-06,12850872,4615528.695845582,23,23
1967-09-07,16456352,10991732.3815348,23,23
1967-09-08,15313663,5463239.33363495,23,23
1967-09-11,15635822,6039461.006083176,23,23
1967-09-12,12997717,5749066.625520676,23,23
1967-09-13,16107596,6750156.012578554,23,23
1967-09-14,17069736,6760582.880807258,23,23
1967-09-15,15039057,4906351.770268455,23,23
1967-09-18,17756879,5998753.30407434,23,23
1967-09-19,16259892,6445321.714182571,23,23
1967-09-20,16122316,5988868.045200139,23,23
1967-09-21,27996667,9688804.87064118,23,23
1967-09-22,17969857,6446483.237648755,23,23
1967-09-25,12754045,5334048.944571465,23,23
1967-09-26,16158345,5320718.459743291,23,23
1967-09-27,11513286,5081683.258213237,23,23
1967-09-28,13611094,7176263.327631228,23,23
1967-09-29,9936473,4915590.658100039,23,23
1967-10-02,9937089,4449669.835875645,23,23
1967-10-03,11278008,4928607.493722796,23,23
1967-10-04,15984892,5951968.999788791,23,23
1967-10-05,11316210,5027692.445711032,23,23
1967-10-06,12425791,5120563.958963431,23,23
1967-10-09,12707676,5505940.609085754,23,23
1967-10-10,15812335,5237148.765158713,23,23
1967-10-11,16322986,5948404.600121111,23,23
1967-10-12,8792432,4994730.80728358,23,23
1967-10-13,10387405,4543239.191174865,23,23
1967-10-16,15016308,6210421.621638179,23,23
1967-10-17,16621836,6603265.142906271,23,23
1967-10-18,12050589,5075540.849648207,23,23
1967-10-19,18269096,6258687.405787423,23,23
1967-10-20,9093240,4548180.488259047,23,23
1967-10-23,11186302,5575825.2865192,23,23
1967-10-24,15405016,4860767.287236303,23,23
1967-10-25,11358901,5488490.870572254,23,23
1967-10-26,11369544,5504441.153146863,23,23
1967-10-27,14988310,4705293.918004379,23,23
1967-10-30,12778243,4677362.470648289,23,23
1967-10-31,14209812,6119882.517022386,23,23
1967-11-01,12601511,6846042.088648096,23,23
1967-11-02,12563811,6373703.893793076,23,23
1967-11-03,17877455,6255065.8424287215,23,23
1967-11-06,16582434,6287426.659248956,23,23
1967-11-08,19859179,7587661.15033792,23,23
1967-11-09,12650887,4805347.595932893,23,23
1967-11-10,12144796,4664631.03231737,23,23
1967-11-13,17656021,6146233.36755994,23,23
1967-11-14,13814405,5519455.810758218,23,23
1967-11-15,12451625,5659073.398613155,23,23
1967-11-16,25110487,9903178.880499244,23,23
1967-11-17,13766789,5450844.425531954,23,23
1967-11-20,17194500,7814917.260644168,23,23
1967-11-21,19399358,7087333.263603196,23,23
1967-11-22,16648217,6027666.545464322,23,23
1967-11-24,16308733,6920462.787314892,23,23
1967-11-27,12481864,4839225.9114962965,23,23
1967-11-28,13863305,5581206.313572094,23,23
1967-11-29,14518835,5529889.31259501,23,23
1967-11-30,10093301,4326339.193234414,23,23
1967-12-01,10418785,3945762.603619233,23,23
1967-12-04,13923255,5723920.313886702,23,23
1967-12-05,17466222,5953523.486410648,23,23
1967-12-06,14020325,5090786.048442811,23,23
1967-12-07,15381753,5408453.277734309,23,23
1967-12-08,12624213,5392886.17717059,23,23
1967-12-11,11211724,5750186.567694336,23,23
1967-12-12,11756927,4673882.736644432,23,23
1967-12-13,12282032,5062663.115556642,23,23
1967-12-14,15139888,4815114.111837611,23,23
1967-12-15,15451223,5277869.156318642,23,23
1967-12-18,17196045,5698157.917174548,23,23
1967-12-19,14580847,6047057.278310016,23,23
1967-12-20,12246881,4882573.265270673,23,23
1967-12-21,14091332,4299109.933464199,23,23
1967-12-22,15308790,4098575.2079012394,23,23
1967-12-26,9952968,3253528.0747627467,23,23
1967-12-27,13365564,4735998.574382618,23,23
1967-12-28,14407336,7700978.282970764,23,23
1967-12-29,20480138,6756792.735863708,23,23
1968-01-02,13861864,4313886.4435836,23,23
1968-01-03,13050472,5903122.664739564,23,23
1968-01-04,16711356,8336057.953312665,23,23
1968-01-05,16746662,6657929.452366412,23,23
1968-01-08,19110196,7565018.219776064,23,23
1968-01-09,14515555,7335046.374615341,23,23
1968-01-10,18469286,5838184.126189083,23,23
1968-01-11,12962260,5249850.31892886,23,23
1968-01-12,16522986,6249271.253433466,23,23
1968-01-15,12849517,5200840.619636886,23,23
1968-01-16,13800218,5113740.883261062,23,23
1968-01-17,14502735,6151074.938188344,23,23
1968-01-18,11019786,4811380.660431862,23,23
1968-01-19,17153342,5751855.266993687,23,23
1968-01-22,15208114,4762224.306260243,23,23
1968-01-23,20924747,6430572.829631656,23,23
1968-01-24,17355565,6680983.331224889,23,23
1968-01-25,19951169,6643466.974828377,23,23
1968-01-26,18513493,5914784.280425295,23,23
1968-01-29,13724871,3980164.837431401,23,23
1968-01-30,11992681,4455619.847338766,23,23
1968-01-31,9887061,4395273.792070933,23,23
1968-02-01,12684735,5432529.77996774,23,23
1968-02-02,14620203,5288249.340533853,23,23
1968-02-05,10326367,3815464.932303585,23,23
1968-02-06,9012223,4114153.254487723,23,23
1968-02-07,11728125,4189685.594066344,23,23
1968-02-08,13424633,5955658.811046287,23,23
1968-02-09,21371602,8891827.200757042,23,23
1968-02-13,19588241,5861448.366402194,23,23
1968-02-14,17598662,6936761.348847218,23,23
1968-02-15,12877096,4735791.907148801,23,23
1968-02-16,9657797,4111883.002554968,23,23
1968-02-19,11260028,3298043.586191416,23,23
1968-02-20,12398788,4141171.2303044647,23,23
1968-02-21,16193204,5145485.282248393,23,23
1968-02-23,14957463,4768742.285656512,23,23
1968-02-26,11432774,3693682.229977019,23,23
1968-02-27,8874539,3622126.335980624,23,23
1968-02-28,14770822,4662524.930801481,23,23
1968-02-29,11518640,4211749.437087044,23,23
1968-03-01,13854434,3666162.3158619553,23,23
1968-03-04,22169729,7543403.254740015,23,23
1968-03-05,19135277,6934277.9681395665,23,23
1968-03-06,17577054,7209438.840320945,23,23
1968-03-07,14627816,4566589.791501224,23,23
1968-03-08,9556616,3270715.9237404764,23,23
1968-03-11,14887002,5922316.694082335,23,23
1968-03-12,15191875,6204257.510085806,23,23
1968-03-13,9248510,3295410.922317311,23,23
1968-03-14,18965000,5973017.013447151,23,23
1968-03-15,15718365,7005251.60669899,23,23
1968-03-18,15041262,6087016.125347696,23,23
1968-03-19,8626924,3902166.509464696,23,23
1968-03-20,8278586,3247480.0859592333,23,23
1968-03-21,9433379,3969974.4043566287,23,23
1968-03-22,24763174,7894515.621009879,23,23
1968-03-25,9809402,3311137.9246973097,23,23
1968-03-26,25454604,5362364.995918058,23,23
1968-03-27,14836727,4282216.1446246505,23,23
1968-03-28,13512629,4794876.574088439,23,23
1968-03-29,15985602,6754985.349307418,23,23
1968-04-01,34650857,11422284.480372727,23,23
1968-04-02,22538762,9938686.957859397,23,23
1968-04-03,41784974,13386349.319345884,23,23
1968-04-04,16263689,8295234.994040735,23,23
1968-04-05,19279176,9325462.127029538,23,23
1968-04-08,14826822,6232284.629017986,23,23
1968-04-10,25927700,10483608.691576287,23,23
1968-04-11,34086346,6908698.000721142,23,23
1968-04-15,26760493,6838561.401112065,23,23
1968-04-16,20006410,9559206.515959308,23,23
1968-04-17,23738605,5499416.44833079,23,23
1968-04-18,15479953,6879774.979608715,23,23
1968-04-19,15985371,5723205.792081654,23,23
1968-04-22,18012732,5829851.24976781,23,23
1968-04-23,18612250,7592535.486525387,23,23
1968-04-24,16999654,7082005.945622496,23,23
1968-04-25,14363989,6954649.415444747,23,23
1968-04-26,14131081,5348698.282087117,23,23
1968-04-29,14335957,5023478.735907257,23,23
1968-04-30,16073472,6766351.676505819,23,23
1968-05-01,13724019,6344675.492995173,23,23
1968-05-02,20663276,6337174.290958539,23,23
1968-05-03,20641335,7574570.57887952,23,23
1968-05-06,16112630,6205029.167239375,23,23
1968-05-07,16016942,5738764.767381653,23,23
1968-05-08,17351087,6169111.949617393,23,23
1968-05-09,13200586,5605431.59829323,23,23
1968-05-10,12740540,5435187.787087694,23,23
1968-05-13,14338909,5879151.424876057,23,23
1968-05-14,11239214,4510791.654889837,23,23
1968-05-15,15195477,6484046.256129086,23,23
1968-05-16,9709916,4252866.927406266,23,23
1968-05-17,20661228,10763150.839857772,23,23
1968-05-20,12013675,4814779.974729106,23,23
1968-05-21,15678932,6072865.119491175,23,23
1968-05-22,12090739,5925858.814363502,23,23
1968-05-23,10957790,4845702.464245096,23,23
1968-05-24,14526653,5760005.8556033075,23,23
1968-05-27,12521897,6652958.06974446,23,23
1968-05-28,14186914,7274289.723626167,23,23
1968-05-29,13857134,6909422.459886298,23,23
1968-05-31,12154429,6653139.545563653,23,23
1968-06-03,14801264,8538522.483743317,23,23
1968-06-04,15882687,8965764.158086017,23,23
1968-06-05,15391827,7120099.337050691,23,23
1968-06-06,13591692,7308883.787767246,23,23
1968-06-07,14895790,6393012.367449239,23,23
1968-06-10,13194205,5910676.933110774,23,23
1968-06-11,13093753,5792822.791863501,23,23
1968-06-13,22430240,9294039.747336432,23,23
1968-06-14,16795456,8915874.22253111,23,23
1968-06-17,13212236,6452668.412650034,23,23
1968-06-18,18828960,7775924.470522039,23,23
1968-06-20,27796597,10230081.833469138,23,23
1968-06-21,15281840,7143984.196529239,23,23
1968-06-24,12770755,5918296.434411466,23,23
1968-06-25,14041583,6631319.306989804,23,23
1968-06-27,25891164,8545146.798859105,23,23
1968-06-28,14802270,5064455.1746748835,23,23
1968-07-01,12947845,4641762.117291033,23,23
1968-07-02,16057960,7851777.575959608,23,23
1968-07-03,20090991,7752806.242472738,23,23
1968-07-08,22433415,8872117.490491569,23,23
1968-07-09,15104353,6141504.965009689,23,23
1968-07-11,25620556,11219411.096505463,23,23
1968-07-12,24063158,6892963.547746599,23,23
1968-07-15,15864691,5650843.941100195,23,23
1968-07-16,15946752,5851067.544557229,23,23
1968-07-18,25511721,8248339.461317658,23,23
1968-07-19,18135976,7970377.118258797,23,23
1968-07-22,18465123,8071095.770559311,23,23
1968-07-23,18914565,7277286.739201188,23,23
1968-07-25,22995752,9022981.374390855,23,23
1968-07-26,13836484,7016472.759085625,23,23
1968-07-29,12813804,6587695.389136508,23,23
1968-07-30,11866138,4953494.164807804,23,23
1968-08-01,18785119,8329227.4995924905,23,23
1968-08-02,13773557,6101351.184076712,23,23
1968-08-05,9445644,4638560.822939396,23,23
1968-08-06,12204451,5555097.085855633,23,23
1968-08-08,15878691,7400294.589565277,23,23
1968-08-09,11067823,5843697.169717565,23,23
1968-08-12,14739332,8830229.764535725,23,23
1968-08-13,10989223,6268312.238746747,23,23
1968-08-15,15609928,6878758.100454465,23,23
1968-08-16,12866711,7204197.2060984075,23,23
1968-08-19,11445055,5756295.384661399,23,23
1968-08-20,11292244,5293285.862890929,23,23
1968-08-22,15865095,6633786.742190838,23,23
1968-08-23,11307267,5041881.455069631,23,23
1968-08-26,10854565,4713447.536559984,23,23
1968-08-27,10541627,4514317.587778151,23,23
1968-08-29,13859028,6144796.331451058,23,23
1968-08-30,7042076,3690125.1375327706,23,23
1968-09-03,9237541,3903208.6598876417,23,23
1968-09-04,10106280,5194063.000188701,23,23
1968-09-05,11859050,4983008.812500611,23,23
1968-09-06,10755211,4815163.25139758,23,23
1968-09-09,23910565,6536600.892948188,23,23
1968-09-10,13592920,4878348.951609299,23,23
1968-09-12,17512545,6807654.762357995,23,23
1968-09-13,11752817,4110926.9089263827,23,23
1968-09-16,16753201,5614839.705082029,23,23
1968-09-17,20829946,9354507.247996777,23,23
1968-09-19,21352219,7594920.705410145,23,23
1968-09-20,13268962,7112891.704941146,23,23
1968-09-23,14574341,6242437.134203799,23,23
1968-09-24,16744772,8405700.999358863,23,23
1968-09-26,22979024,10846929.317241594,23,23
1968-09-27,12209662,5810020.60627877,23,23
1968-09-30,17871208,7317490.2871133685,23,23
1968-10-01,21056814,9206519.557799906,23,23
1968-10-03,23791237,12501097.263955012,23,23
1968-10-04,12992981,6263759.752564013,23,23
1968-10-07,11801591,5681881.592666715,23,23
1968-10-08,13747924,7150447.262707815,23,23
1968-10-10,20209294,8160396.2971609235,23,23
1968-10-11,12346537,9161229.826790899,23,23
1968-10-14,11889877,7013357.525582686,23,23
1968-10-15,14382329,8875138.059593543,23,23
1968-10-17,33703209,14581786.988543704,23,23
1968-10-18,15909943,8462135.65216446,23,23
1968-10-21,16479453,8407131.629422814,23,23
1968-10-22,12278171,6223368.836651787,23,23
1968-10-24,15628076,8555569.755118668,23,23
1968-10-25,15236171,9587411.970705494,23,23
1968-10-28,11413992,9719850.727103338,23,23
1968-10-29,11973382,7276265.156016827,23,23
1968-10-31,21936418,15324480.218582213,23,23
1968-11-01,14621355,8797180.121968374,23,23
1968-11-04,11029442,6660421.831638217,23,23
1968-11-06,13409858,8459815.942853115,23,23
1968-11-07,11025890,5525357.419010907,23,23
1968-11-08,28298298,8766106.996535212,23,23
1968-11-12,16798987,7975920.904072493,23,23
1968-11-13,12470989,6478982.821122035,23,23
1968-11-14,10958278,5731351.574509084,23,23
1968-11-15,12745486,5942441.50264515,23,23
1968-11-18,15695460,6466978.469756916,23,23
1968-11-19,14704353,7139995.130878374,23,23
1968-11-21,17997907,7418699.110267401,23,23
1968-11-22,12338584,6492493.894719295,23,23
1968-11-25,12901993,6604613.742923886,23,23
1968-11-26,17303279,8797487.279150315,23,23
1968-11-27,17855096,9276843.73414839,23,23
1968-11-29,14201977,6982036.195445016,23,23
1968-12-02,14110775,6160677.570277676,23,23
1968-12-03,17078376,7064762.980097264,23,23
1968-12-05,14973591,7041596.999118313,23,23
1968-12-06,13824866,5586911.205683678,23,23
1968-12-09,10059972,5240736.089721754,23,23
1968-12-10,10421932,4890034.899895459,23,23
1968-12-12,18279105,8572488.694569387,23,23
1968-12-13,15905918,8149934.035782784,23,23
1968-12-16,15987263,6792468.61526455,23,23
1968-12-17,13880958,6053336.225660905,23,23
1968-12-19,24634081,10209995.566776484,23,23
1968-12-20,15148530,6725291.754082978,23,23
1968-12-23,14580595,6239265.002732411,23,23
1968-12-24,10436306,4269998.248437926,23,23
1968-12-26,8238110,3460729.0029711127,23,23
1968-12-27,13611746,5423387.707961515,23,23
1968-12-30,11500116,8197137.322624102,23,23
1968-12-31,13316203,6874894.494414404,23,23
1969-01-02,7795889,3644066.7816080377,23,23
1969-01-03,11404486,5940785.522896402,23,23
1969-01-06,13027877,7852320.5993890315,23,23
1969-01-07,17581975,7078249.366696715,23,23
1969-01-08,26182744,8613050.516051859,23,23
1969-01-09,11202703,6100284.580039218,23,23
1969-01-10,13468980,6584609.0516956,23,23
1969-01-13,14040443,6887384.561654568,23,23
1969-01-14,10992186,5317454.987273544,23,23
1969-01-15,9479877,4661164.414999738,23,23
1969-01-16,11727964,5103651.628837705,23,23
1969-01-17,12888371,7186001.788833946,23,23
1969-01-20,10871380,8008430.349328816,23,23
1969-01-21,9719996,4867120.170660228,23,23
1969-01-22,9122362,4983103.619262695,23,23
1969-01-23,17192488,7044497.395719543,23,23
1969-01-24,11915241,5919088.9232382625,23,23
1969-01-27,12120050,6182369.781181201,23,23
1969-01-28,12206478,5632298.4303564355,23,23
1969-01-29,12826832,5826987.509061001,23,23
1969-01-30,20469232,6784575.624462694,23,23
1969-01-31,17789703,7501494.901729368,23,23
1969-02-03,13538380,6662282.961537749,23,23
1969-02-04,12733667,6967222.799513519,23,23
1969-02-05,9291400,4175239.9782861546,23,23
1969-02-06,8300113,4735909.561505079,23,23
1969-02-07,11578643,5654568.516783923,23,23
1969-02-11,11226915,5660273.478701323,23,23
1969-02-12,8359765,3927905.644713789,23,23
1969-02-13,10019800,5061819.354027033,23,23
1969-02-14,9642174,4740454.161698043,23,23
1969-02-17,12191758,5717258.979967438,23,23
1969-02-18,12128299,5671698.067217693,23,23
1969-02-19,11656180,5883309.1690543,23,23
1969-02-20,11009900,5337726.320026554,23,23
1969-02-24,17505087,7896817.497237921,23,23
1969-02-25,18843817,8029042.179247178,23,23
1969-02-26,15571858,5882186.389679655,23,23
1969-02-27,10310798,4679991.8250673115,23,23
1969-02-28,15217871,5962851.074262194,23,23
1969-03-03,8910974,3997219.5022342503,23,23
1969-03-04,10401924,3984905.066185795,23,23
1969-03-05,9761400,4767404.790656537,23,23
1969-03-06,12132662,5306257.492368057,23,23
1969-03-07,11955560,4690522.072895765,23,23
1969-03-10,8660352,4126900.3767635375,23,23
1969-03-11,9923997,4524616.071584463,23,23
1969-03-12,8561023,3811490.8111962974,23,23
1969-03-13,10624556,5515523.520968318,23,23
1969-03-14,9856063,4091633.9069005027,23,23
1969-03-17,12211084,5213000.436866686,23,23
1969-03-18,10285506,4121439.8202741593,23,23
1969-03-19,11548953,4949423.588942051,23,23
1969-03-20,13850863,7233618.990037262,23,23
1969-03-21,10970842,4254482.742041722,23,23
1969-03-24,10091434,3821651.7441652194,23,23
1969-03-25,13112170,5558465.985262334,23,23
1969-03-26,11470625,5370931.1303420365,23,23
1969-03-27,20703772,6622332.182221405,23,23
1969-03-28,13708328,6155406.165861912,23,23
1969-04-01,13241208,5526807.11371544,23,23
1969-04-02,8225562,4056903.380629882,23,23
1969-04-03,11435495,3972016.201325178,23,23
1969-04-07,8489254,4168108.6230659634,23,23
1969-04-08,10483200,4526286.472515464,23,23
1969-04-09,11962828,5426093.585968815,23,23
1969-04-10,12055821,4837397.421864398,23,23
1969-04-11,13475618,5247317.338298187,23,23
1969-04-14,10719176,5451364.600091919,23,23
1969-04-15,10545931,5929034.328086048,23,23
1969-04-16,8326009,3741026.638020277,23,23
1969-04-17,7888560,4038222.447493784,23,23
1969-04-18,14286647,6579098.275640801,23,23
1969-04-21,9586549,4150588.927899927,23,23
1969-04-22,11729646,6187456.421081185,23,23
1969-04-23,11736900,5109105.8175307065,23,23
1969-04-24,10879142,5174572.8541096,23,23
1969-04-25,12000734,4906417.83616171,23,23
1969-04-28,14823918,5342397.290341675,23,23
1969-04-29,15355809,7410783.419102132,23,23
1969-04-30,20383404,9486641.025806792,23,23
1969-05-01,16116454,8153002.024828151,23,23
1969-05-02,16158694,5163354.895868555,23,23
1969-05-05,14247148,6634868.1705381945,23,23
1969-05-06,13031122,6924944.999134317,23,23
1969-05-07,25660282,10115759.769806996,23,23
1969-05-08,12283676,5922753.318769693,23,23
1969-05-09,13100834,5546099.214665309,23,23
1969-05-12,14427877,5350561.327977538,23,23
1969-05-13,15314299,5535588.675674692,23,23
1969-05-14,16471542,6922421.690098241,23,23
1969-05-15,13247610,5001775.271850288,23,23
1969-05-16,13760227,4543467.969347723,23,23
1969-05-19,12610481,4593837.478125989,23,23
1969-05-20,10909706,6182998.9409991205,23,23
1969-05-21,12993834,4877133.168854281,23,23
1969-05-22,11211292,5756831.494139999,23,23
1969-05-23,9207766,4067859.965948567,23,23
1969-05-26,12832467,3182299.2944087163,23,23
1969-05-27,14609161,5045925.5459667,23,23
1969-05-28,13186838,5206196.401851594,23,23
1969-05-29,24421174,6435192.412811741,23,23
1969-06-02,11885456,3439292.7226415873,23,23
1969-06-03,14235006,5567884.947440259,23,23
1969-06-04,11182148,4780589.504542604,23,23
1969-06-05,13171448,4541314.359059513,23,23
1969-06-06,9793916,4667754.0122923255,23,23
1969-06-09,11064972,5311655.558996081,23,23
1969-06-10,10993289,4376152.97673478,23,23
1969-06-11,16869800,7236254.124977961,23,23
1969-06-12,12461164,6114184.385084823,23,23
1969-06-13,21657766,7295866.332613662,23,23
1969-06-16,8736150,3486610.931063473,23,23
1969-06-17,12611399,7817744.094197437,23,23
1969-06-18,11184531,5218010.331867725,23,23
1969-06-19,16340868,6853163.98768831,23,23
1969-06-20,12904000,6642430.257890642,23,23
1969-06-23,12840852,5533952.76915253,23,23
1969-06-24,11191099,6371378.087436572,23,23
1969-06-25,12304013,5308238.53597407,23,23
1969-06-26,17870058,6301085.796741739,23,23
1969-06-27,11772604,5863543.200872615,23,23
1969-06-30,15086908,6547006.561427802,23,23
1969-07-01,79253210,10914225.853497118,23,23
1969-07-02,19186733,7322073.3236788735,23,23
1969-07-03,14757363,6971766.188060969,23,23
1969-07-07,10678145,6114948.752660252,23,23
1969-07-08,27459063,10319319.316503718,23,23
1969-07-09,11229634,5882425.720161408,23,23
1969-07-10,11957745,5901289.549405247,23,23
1969-07-11,17382666,11300536.974233717,23,23
1969-07-14,11255026,5001487.633087099,23,23
1969-07-15,17495146,7873757.860634409,23,23
1969-07-16,14032717,6075408.367511705,23,23
1969-07-17,16104500,6338154.470825374,23,23
1969-07-18,12996565,4949499.065546423,23,23
1969-07-22,13833124,5475793.931723356,23,23
1969-07-23,15843897,7732557.024385482,23,23
1969-07-24,10342298,4564530.864136428,23,23
1969-07-25,10580881,5560839.009360567,23,23
1969-07-28,18691959,8271536.197543234,23,23
1969-07-29,19968373,9404479.857064083,23,23
1969-07-30,19034656,8729829.082953125,23,23
1969-07-31,27164419,9808342.438478842,23,23
1969-08-01,25406378,10725079.467353456,23,23
1969-08-04,12408849,5751910.221700013,23,23
1969-08-05,19731975,8017537.992218092,23,23
1969-08-06,15002379,6143214.446356997,23,23
1969-08-07,11364216,4369390.560373619,23,23
1969-08-08,10367392,4226004.004820004,23,23
1969-08-11,7524392,3100132.004226908,23,23
1969-08-12,11491683,4920497.590953,23,23
1969-08-13,10664468,5707994.549886182,23,23
1969-08-14,11582818,5652896.458143622,23,23
1969-08-15,13207415,5501521.847224653,23,23
1969-08-18,11824528,4915126.361257449,23,23
1969-08-19,18009964,7057130.863087237,23,23
1969-08-20,11772139,5868968.967934303,23,23
1969-08-21,12311734,4898269.518721208,23,23
1969-08-22,13173468,5852583.317420691,23,23
1969-08-25,9332219,4585786.893592685,23,23
1969-08-26,9531941,4101146.7330431566,23,23
1969-08-27,8728640,4120804.474221796,23,23
1969-08-28,10101026,3904893.7251372486,23,23
1969-08-29,10599226,5341583.322370708,23,23
1969-09-02,10520920,5662370.247435898,23,23
1969-09-03,9761223,4494816.735497221,23,23
1969-09-04,9055584,4833524.364996336,23,23
1969-09-05,9706181,4785665.621694118,23,23
1969-09-08,8716795,3560591.6862090677,23,23
1969-09-09,10008977,5034261.86878074,23,23
1969-09-10,18985678,8843714.778607816,23,23
1969-09-11,18774057,6987375.839993328,23,23
1969-09-12,13024504,6600433.148977764,23,23
1969-09-15,17696861,7217425.282232709,23,23
1969-09-16,17523686,6474711.366931945,23,23
1969-09-17,17956775,5256703.743658207,23,23
1969-09-18,17718668,6024070.524310142,23,23
1969-09-19,22802528,10077445.067146406,23,23
1969-09-22,11464295,6124149.003343135,23,23
1969-09-23,20429527,8851132.551633,23,23
1969-09-24,17383586,6069307.233197205,23,23
1969-09-25,9775711,5111547.679070026,23,23
1969-09-26,12097930,5822795.543846764,23,23
1969-09-29,17100599,7034907.217403233,23,23
1969-09-30,10787147,4163841.1014816687,23,23
1969-10-01,10132610,4328885.283636451,23,23
1969-10-02,17276802,9226226.023824252,23,23
1969-10-03,14950055,7718581.359727815,23,23
1969-10-06,9566540,4179651.496604003,23,23
1969-10-07,17478207,5677826.9363180995,23,23
1969-10-08,14820918,6855460.39057415,23,23
1969-10-09,12968482,5211236.319297373,23,23
1969-10-10,17846489,6887967.871601492,23,23
1969-10-13,21278517,6021123.886258289,23,23
1969-10-14,23798099,12834740.388535567,23,23
1969-10-15,20244126,9754231.591256618,23,23
1969-10-16,26050870,10049616.260705903,23,23
1969-10-17,19379771,6761126.301932722,23,23
1969-10-20,21537369,6639682.868594922,23,23
1969-10-21,16293504,7652343.365268558,23,23
1969-10-22,29013299,11152321.06903781,23,23
1969-10-23,22430791,7832212.34363623,23,23
1969-10-24,20183410,8976191.077211753,23,23
1969-10-27,17962948,7173296.140593708,23,23
1969-10-28,16407173,6778055.604234412,23,23
1969-10-29,23884764,9033866.649007142,23,23
1969-10-30,32135977,11559436.220322058,23,23
1969-10-31,19221357,8602259.918212906,23,23
1969-11-03,17212964,8683758.279049397,23,23
1969-11-04,20531233,8634419.106440902,23,23
1969-11-05,15732352,6150897.295697957,23,23
1969-11-06,16177451,5992388.086425453,23,23
1969-11-07,14932571,7021489.864546031,23,23
1969-11-10,18697188,8635827.242206573,23,23
1969-11-11,23977741,7275586.140678607,23,23
1969-11-12,19807587,7138495.3302833885,23,23
1969-11-13,32806546,11071122.692835614,23,23
1969-11-14,13447518,5147368.333846375,23,23
1969-11-17,16893389,8023658.477511644,23,23
1969-11-18,14494063,7318524.666889146,23,23
1969-11-19,15622673,8524255.746005565,23,23
1969-11-20,23471682,10350041.090349525,23,23
1969-11-21,14612583,7281931.272508293,23,23
1969-11-24,20169132,8432289.687779784,23,23
1969-11-25,27988486,9294565.031291336,23,23
1969-11-26,23445742,12300707.499865308,23,23
1969-11-28,16062436,6339323.393645197,23,23
1969-12-01,17455651,8326071.843628675,23,23
1969-12-02,15742329,7896945.453744397,23,23
1969-12-03,19224193,7644950.246834189,23,23
1969-12-04,21786431,9625350.841851756,23,23
1969-12-05,15856761,6853113.03207612,23,23
1969-12-08,14172061,5909710.113601863,23,23
1969-12-09,18933407,9769055.028478049,23,23
1969-12-10,14908695,7936304.138724655,23,23
1969-12-11,14290382,5887089.530762151,23,23
1969-12-12,14250270,5713071.486141548,23,23
1969-12-15,11352428,5324348.940262973,23,23
1969-12-16,14326729,6685197.931294702,23,23
1969-12-17,15852571,6060413.947984576,23,23
1969-12-18,24591458,11269728.112094648,23,23
1969-12-19,24326623,10806211.739959866,23,23
1969-12-22,15497997,7117720.7371576205,23,23
1969-12-23,22258798,8348256.450006984,23,23
1969-12-24,16542261,7606902.193280846,23,23
1969-12-26,6285810,3097161.441916354,23,23
1969-12-29,18831264,5360330.580702253,23,23
1969-12-30,15808585,6538416.714374937,23,23
1969-12-31,20269265,8689293.373691142,23,23
1970-01-02,12196212,4587865.061999582,23,23
1970-01-05,21284041,12980405.22379002,23,23
1970-01-06,17349837,8279627.395284176,23,23
1970-01-07,19009781,7675963.8597911745,23,23
1970-01-08,19755542,8950416.51697018,23,23
1970-01-09,16728829,6520007.049978897,23,23
1970-01-12,13684926,5058580.711031243,23,23
1970-01-13,15912406,7771436.557344869,23,23
1970-01-14,23685335,9332867.414748877,23,23
1970-01-15,17210326,7538124.163445488,23,23
1970-01-16,22243762,11500658.812007785,23,23
1970-01-19,19338105,9100600.265042067,23,23
1970-01-20,19103768,11344694.230391629,23,23
1970-01-21,13835679,8442751.686917104,23,23
1970-01-22,12552334,6507982.50308536,23,23
1970-01-23,18689200,9737749.347489506,23,23
1970-01-26,23550253,9570359.00084991,23,23
1970-01-27,29458351,12794943.7422674,23,23
1970-01-28,17966268,9462016.439794138,23,23
1970-01-29,29747567,11458553.757847294,23,23
1970-01-30,20558354,8695935.31953445,23,23
1970-02-02,23890518,11123316.060409293,23,23
1970-02-03,33572105,17733637.858392924,23,23
1970-02-04,23320220,11803192.509249397,23,23
1970-02-05,29183486,11702756.857222676,23,23
1970-02-06,20099139,9570326.734048039,23,23
1970-02-09,24935449,9573612.512454942,23,23
1970-02-10,17178857,7542906.389804319,23,23
1970-02-11,19810375,10475692.110304162,23,23
1970-02-12,17478987,7023840.703407615,23,23
1970-02-13,30442699,10365366.71669051,23,23
1970-02-16,16624113,5660759.837979086,23,23
1970-02-17,16150865,6068113.67838534,23,23
1970-02-18,22562970,9794787.31057375,23,23
1970-02-19,23889693,9360020.712828033,23,23
1970-02-20,30650849,10246982.175786301,23,23
1970-02-24,21989629,7624420.972280636,23,23
1970-02-25,25559312,11279633.154779986,23,23
1970-02-26,19642581,7773199.019264191,23,23
1970-02-27,23108747,10471728.020115107,23,23
1970-03-02,23748619,11405106.50833796,23,23
1970-03-03,27130276,11586641.55567801,23,23
1970-03-04,33003801,13954473.573755145,23,23
1970-03-05,24783081,8880041.200895786,23,23
1970-03-06,19121116,8970186.824869514,23,23
1970-03-09,29611654,12619904.653026141,23,23
1970-03-10,21276175,8277766.170768514,23,23
1970-03-11,18691868,8694315.171151027,23,23
1970-03-12,15826765,6942058.009889558,23,23
1970-03-13,20112418,8613838.072867945,23,23
1970-03-16,20470120,10251075.903601468,23,23
1970-03-17,14388601,7911553.251753524,23,23
1970-03-18,19282877,8504428.946930125,23,23
1970-03-19,20675004,7051225.628378421,23,23
1970-03-20,14265667,6780138.335438669,23,23
1970-03-23,13775141,5490539.840769991,23,23
1970-03-24,16264092,6948564.525503784,23,23
1970-03-25,28144272,14164411.385794729,23,23
1970-03-26,17133324,7440270.2511918545,23,23
1970-03-30,13854935,5426713.815926567,23,23
1970-03-31,12051582,6290856.3352217,23,23
1970-04-01,17315693,7556715.714046076,23,23
1970-04-02,28364963,7798554.972352639,23,23
1970-04-03,31219554,6893775.405309632,23,23
1970-04-06,17972510,7155766.877131388,23,23
1970-04-07,17331823,8067677.146659493,23,23
1970-04-08,13789229,5891191.937911801,23,23
1970-04-09,17254589,6977998.961881131,23,23
1970-04-10,17912363,10232987.340212539,23,23
1970-04-13,15303736,8020752.713668622,23,23
1970-04-14,20314183,8497761.83757282,23,23
1970-04-15,18272633,6508530.500327662,23,23
1970-04-16,21717728,12391687.7079461,23,23
1970-04-17,24254364,9074356.084495,23,23
1970-04-20,15986580,6007506.419251725,23,23
1970-04-21,14227154,6173714.817082554,23,23
1970-04-22,16989792,9658677.898697212,23,23
1970-04-23,18638652,9358579.1274945,23,23
1970-04-24,18473961,8966826.974120542,23,23
1970-04-27,23608276,11852114.00190553,23,23
1970-04-28,26958442,12696398.868908674,23,23
1970-04-29,29381078,14253307.439807609,23,23
1970-04-30,17752269,8149113.545962349,23,23
1970-05-01,15237046,7091114.854020134,23,23
1970-05-04,24266621,12191821.825819723,23,23
1970-05-05,32301349,12632051.379634857,23,23
1970-05-06,31741435,13254800.859276265,23,23
1970-05-07,18343953,6104012.923354097,23,23
1970-05-08,13986593,5562572.664705217,23,23
1970-05-11,12978087,4702436.144411877,23,23
1970-05-12,23851510,9545876.388214067,23,23
1970-05-13,21449648,9886382.764110796,23,23
1970-05-14,28874258,11884710.920709357,23,23
1970-05-15,31546440,14163605.108251065,23,23
1970-05-18,14990151,6530251.411940947,23,23
1970-05-19,21356049,7114072.269174889,23,23
1970-05-20,28256763,11381428.27798333,23,23
1970-05-21,48066141,18671109.497677997,23,23
1970-05-22,28369331,10740233.04553821,23,23
1970-05-25,22674600,8768892.394823447,23,23
1970-05-26,43249827,16463789.527247712,23,23
1970-05-27,31995109,13161470.439734504,23,23
1970-05-28,39488863,16362451.011555552,23,23
1970-05-29,33495683,14118299.145926073,23,23
1970-06-01,30622319,12224781.280371591,23,23
1970-06-02,38125288,11664264.571662113,23,23
1970-06-03,26405427,10289189.87476337,23,23
1970-06-04,27709596,8369506.578871623,23,23
1970-06-05,36024634,11867726.392481819,23,23
1970-06-08,20325057,5264067.060871959,23,23
1970-06-09,17830134,5990415.201555654,23,23
1970-06-10,15173465,5362300.296892084,23,23
1970-06-11,16298420,6172376.656824984,23,23
1970-06-12,17692921,6739333.208396729,23,23
1970-06-15,14817713,5514739.233317383,23,23
1970-06-16,22373005,7304910.837974809,23,23
1970-06-17,19495789,7346693.325300153,23,23
1970-06-18,20238343,7358881.4332151,23,23
1970-06-19,23238000,10618508.123332273,23,23
1970-06-22,13380710,5280892.781385526,23,23
1970-06-23,18639125,6772080.394970808,23,23
1970-06-24,24790107,9570546.021516085,23,23
1970-06-25,19055486,7722845.140196092,23,23
1970-06-26,15561147,6344230.224102523,23,23
1970-06-29,15906134,6192091.622437675,23,23
1970-06-30,15365222,5924029.924666725,23,23
1970-07-01,16600312,6319192.862206206,23,23
1970-07-02,18605016,6233378.76834847,23,23
1970-07-06,19739261,7037437.011676531,23,23
1970-07-07,26371575,8431257.554381661,23,23
1970-07-08,26250473,9024321.731932633,23,23
1970-07-09,28093402,10161442.97143358,23,23
1970-07-10,21758321,6689502.759154767,23,23
1970-07-13,12912972,5105472.394027337,23,23
1970-07-14,13533352,5210729.736806013,23,23
1970-07-15,19191284,7985918.279412735,23,23
1970-07-16,24309215,8444532.673556738,23,23
1970-07-17,20332002,8626631.433932114,23,23
1970-07-20,17739773,7197991.68551679,23,23
1970-07-21,20093466,6274044.431704432,23,23
1970-07-22,20548911,8234872.262464203,23,23
1970-07-23,24887719,10111286.9660718,23,23
1970-07-24,17546365,7476461.041306656,23,23
1970-07-27,19593354,6913017.029745877,23,23
1970-07-28,23727346,6914281.846607078,23,23
1970-07-29,28741901,9173573.357657518,23,23
1970-07-30,45359621,11767941.725432664,23,23
1970-07-31,25161390,7619751.685324505,23,23
1970-08-03,21107038,6647177.855307825,23,23
1970-08-04,22864428,7075035.0176381245,23,23
1970-08-05,16785756,4309257.740953259,23,23
1970-08-06,18846441,4453731.541110083,23,23
1970-08-07,19220758,7140769.073972393,23,23
1970-08-10,16333671,5830895.867412478,23,23
1970-08-11,18262769,5538673.566123217,23,23
1970-08-12,21075874,7488505.39897228,23,23
1970-08-13,27339832,13220703.07497102,23,23
1970-08-14,17186210,6216922.952514663,23,23
1970-08-17,12159780,5161215.9717724025,23,23
1970-08-18,19621372,7765160.044994362,23,23
1970-08-19,21144092,6552110.350149311,23,23
1970-08-20,19553566,6918630.524547547,23,23
1970-08-21,26815510,8424947.60635984,23,23
1970-08-24,40871921,15262477.321982801,23,23
1970-08-25,32235203,11405961.524362631,23,23
1970-08-26,31291727,9887135.085556388,23,23
1970-08-27,27025157,7900782.971161753,23,23
1970-08-28,24920607,8975094.681824874,23,23
1970-08-31,13298456,4720453.038512334,23,23
1970-09-01,16333228,7188195.584046908,23,23
1970-09-02,14399739,5294777.805155054,23,23
1970-09-03,17644308,6809601.127338558,23,23
1970-09-04,19597082,6744621.801340818,23,23
1970-09-08,17279216,6891979.062267788,23,23
1970-09-09,19565446,7699979.670334242,23,23
1970-09-10,17469008,5588049.88348157,23,23
1970-09-11,20968835,5175768.81850978,23,23
1970-09-14,16538782,6139316.477351338,23,23
1970-09-15,12642176,4346082.54708048,23,23
1970-09-16,22913915,6748390.447402764,23,23
1970-09-17,24831224,8742320.69896394,23,23
1970-09-18,19739903,7808727.149108034,23,23
1970-09-21,19502438,5982325.7072042,23,23
1970-09-22,15625732,5322072.8931081,23,23
1970-09-23,41458679,9317927.635507274,23,23
1970-09-24,35459652,11159772.846144117,23,23
1970-09-25,25633009,9082464.649073213,23,23
1970-09-28,24738304,6639201.924922004,23,23
1970-09-29,34414415,9002596.605913512,23,23
1970-09-30,19919847,7167047.122412037,23,23
1970-10-01,20851484,6730965.589966372,23,23
1970-10-02,18811950,7533407.788741231,23,23
1970-10-05,40886280,8703977.977080517,23,23
1970-10-06,31549230,8924472.811720565,23,23
1970-10-07,21170591,7089264.871846452,23,23
1970-10-08,21981022,8022364.146560825,23,23
1970-10-09,14978497,6454400.781963944,23,23
1970-10-12,11881858,4738580.682053462,23,23
1970-10-13,16036589,5169311.593384251,23,23
1970-10-14,18854227,4956724.2542826235,23,23
1970-10-15,14957637,4849518.941774987,23,23
1970-10-16,13278514,5299725.002082743,23,23
1970-10-19,19770642,5637693.661438286,23,23
1970-10-20,11621870,4462915.1445571445,23,23
1970-10-21,14868496,5916729.162390083,23,23
1970-10-22,21776565,4620052.758320507,23,23
1970-10-23,16054516,4654694.461485982,23,23
1970-10-26,15126347,4145941.963023618,23,23
1970-10-27,12304743,5014251.026528522,23,23
1970-10-28,20983630,7088745.140009094,23,23
1970-10-29,20918779,6152776.635331519,23,23
1970-10-30,19241854,6485065.959440816,23,23
1970-11-02,12988377,6228542.28512647,23,23
1970-11-03,16527309,5555425.050972387,23,23
1970-11-04,19872167,6258040.33652626,23,23
1970-11-05,14449214,5416363.09780205,23,23
1970-11-06,16200963,5828462.1519666985,23,23
1970-11-09,25994079,10525476.340920515,23,23
1970-11-10,30260871,15436264.123606734,23,23
1970-11-11,19265548,7601640.7730997875,23,23
1970-11-12,19213739,8052691.628850907,23,23
1970-11-13,18542680,7804548.351485848,23,23
1970-11-16,17948646,6818918.3651304245,23,23
1970-11-17,16044668,6332495.468898296,23,23
1970-11-18,18500662,7017551.52783832,23,23
1970-11-19,16236267,5071366.667062759,23,23
1970-11-20,22844964,7239910.332922436,23,23
1970-11-23,22296774,8138859.353430796,23,23
1970-11-24,25918539,8209293.11655052,23,23
1970-11-25,19617899,7718153.957879335,23,23
1970-11-27,15267420,7180467.432570916,23,23
1970-11-30,27728495,10201422.036001593,23,23
1970-12-01,26375914,10821762.250795111,23,23
1970-12-02,26203254,11226506.117205583,23,23
1970-12-03,38001056,11778434.501874708,23,23
1970-12-04,36445053,9954195.775324613,23,23
1970-12-07,25651401,8392163.668807924,23,23
1970-12-08,31955186,9987763.542705461,23,23
1970-12-09,23797710,10124289.599039137,23,23
1970-12-10,21232053,7463340.785867363,23,23
1970-12-11,22554956,7850780.907682717,23,23
1970-12-14,19883811,7292052.568105608,23,23
1970-12-15,23002121,7918287.896251768,23,23
1970-12-16,16767735,6016025.883140594,23,23
1970-12-17,16664848,6176826.304020897,23,23
1970-12-18,30546532,7646216.78191185,23,23
1970-12-21,17223733,6522814.979676455,23,23
1970-12-22,20349810,7818156.995761365,23,23
1970-12-23,31906908,16565823.4999436,23,23
1970-12-24,16923556,6054404.785100363,23,23
1970-12-28,9698433,4460997.219982967,23,23
1970-12-29,19152700,7210635.3154732585,23,23
1970-12-30,20591679,8646155.1146207,23,23
1970-12-31,13459127,5297185.682751261,23,23
1971-01-04,11511899,4547466.944546498,23,23
1971-01-05,13107607,5581106.3832170665,23,23
1971-01-06,22253409,7836536.715023145,23,23
1971-01-07,24791506,10559142.305315569,23,23
1971-01-08,20926353,9128215.336615883,23,23
1971-01-11,22266962,9478818.8561849,23,23
1971-01-12,24084911,9630759.738974497,23,23
1971-01-13,31105769,14409087.747406438,23,23
1971-01-14,25943793,10759723.177852422,23,23
1971-01-15,25213102,10826413.40374101,23,23
1971-01-18,25754753,10298886.811003149,23,23
1971-01-19,18991578,7494563.870680876,23,23
1971-01-20,24112308,7115164.104031056,23,23
1971-01-21,27040665,9746194.200365826,23,23
1971-01-22,25997542,9812859.74350977,23,23
1971-01-25,22462485,13101308.744641215,23,23
1971-01-26,28296552,12106496.587867081,23,23
1971-01-27,31894396,12900174.298051588,23,23
1971-01-28,21751512,7982928.836806223,23,23
1971-01-29,22613075,10124915.75675504,23,23
1971-02-01,29291615,11979349.051555544,23,23
1971-02-02,27745545,9940537.819821104,23,23
1971-02-03,23507950,9995850.708143555,23,23
1971-02-04,24048803,10391956.247169286,23,23
1971-02-05,22014927,10189635.377495557,23,23
1971-02-08,22814751,10145304.77384296,23,23
1971-02-09,30383346,10906661.23206243,23,23
1971-02-10,23916044,11257250.139360636,23,23
1971-02-11,19927450,9734366.16933456,23,23
1971-02-12,25378919,10144741.857763276,23,23
1971-02-16,24834857,9913514.473497212,23,23
1971-02-17,20569170,9305175.425054044,23,23
1971-02-18,18953228,9577710.07451111,23,23
1971-02-19,15858526,7833345.214984268,23,23
1971-02-22,20234186,8614533.14190878,23,23
1971-02-23,25340316,9894609.740685984,23,23
1971-02-24,19249971,7949571.233428329,23,23
1971-02-25,19959969,9363098.525853023,23,23
1971-02-26,17309950,7724168.396931522,23,23
1971-03-01,15648112,6716808.678847134,23,23
1971-03-02,17793437,9717958.953289181,23,23
1971-03-03,17532842,8973356.320090622,23,23
1971-03-04,22373274,9988414.39232035,23,23
1971-03-05,28091465,11441261.203025736,23,23
1971-03-08,20579728,9119320.334855095,23,23
1971-03-09,21903144,12719409.31119147,23,23
1971-03-10,23054548,11137444.817970507,23,23
1971-03-11,23383262,13495246.178983033,23,23
1971-03-12,21189403,10920501.064297348,23,23
1971-03-15,20179641,10364969.171554483,23,23
1971-03-16,24308933,12102988.583058715,23,23
1971-03-17,20274560,8748672.537739389,23,23
1971-03-18,30781412,9104586.7241726,23,23
1971-03-19,17698723,8462688.971507907,23,23
1971-03-22,13817379,6520747.543465763,23,23
1971-03-23,22116123,11106899.79975909,23,23
1971-03-24,21729440,8324047.84882316,23,23
1971-03-25,26312578,9133232.571396247,23,23
1971-03-26,17363471,7836391.70908463,23,23
1971-03-29,22795078,7860829.461179644,23,23
1971-03-30,19442465,7422441.426647,23,23
1971-03-31,17721572,6752615.347918004,23,23
1971-04-01,14596892,5499490.419604719,23,23
1971-04-02,16995598,7216106.570001341,23,23
1971-04-05,14992847,6936511.1946704835,23,23
1971-04-06,19807319,9865900.498783916,23,23
1971-04-07,22296134,9578545.901411623,23,23
1971-04-08,21913654,9310677.106281124,23,23
1971-04-12,25263807,10608555.20293428,23,23
1971-04-13,20629785,9814505.59522795,23,23
1971-04-14,19115039,8485601.470476434,23,23
1971-04-15,20551837,10836997.927586049,23,23
1971-04-16,28741734,24491398.08021052,23,23
1971-04-19,19132595,8791707.15377605,23,23
1971-04-20,14894624,7919858.305952102,23,23
1971-04-21,13018786,7825653.390378863,23,23
1971-04-22,16430335,11512534.41687493,23,23
1971-04-23,23102090,11559882.053395659,23,23
1971-04-26,21713178,10725925.649059549,23,23
1971-04-27,34024542,16740582.545334145,23,23
1971-04-28,29417167,12952406.149965316,23,23
1971-04-29,24157141,13149508.422993049,23,23
1971-04-30,17995700,6985500.6814483255,23,23
1971-05-03,17747901,11359744.822832674,23,23
1971-05-04,14852388,7756481.640199274,23,23
1971-05-05,16138816,8915862.551606715,23,23
1971-05-06,21218428,9050402.740784004,23,23
1971-05-07,19227124,11137575.146283388,23,23
1971-05-10,14775693,7708232.716953464,23,23
1971-05-11,18610299,10268204.984106958,23,23
1971-05-12,20032108,11027237.610046774,23,23
1971-05-13,16783854,8138737.80864571,23,23
1971-05-14,18222887,10273114.15384522,23,23
1971-05-17,14209135,8360048.819266856,23,23
1971-05-18,22471517,9582788.1789871,23,23
1971-05-19,14607321,8081078.782414593,23,23
1971-05-20,18358155,8325093.925901532,23,23
1971-05-21,14216520,6480680.728750378,23,23
1971-05-24,20725577,12277824.839316607,23,23
1971-05-25,19709152,11482227.330870599,23,23
1971-05-26,12367252,7147513.55727908,23,23
1971-05-27,9226769,5110443.881096587,23,23
1971-05-28,11851084,9328221.624481857,23,23
1971-06-01,11724960,6787076.4916520715,23,23
1971-06-02,16982884,10438739.93533554,23,23
1971-06-03,18866742,14441784.90077819,23,23
1971-06-04,19033037,9025498.080430016,23,23
1971-06-07,12493831,8469025.163885668,23,23
1971-06-08,14050626,9465017.416628197,23,23
1971-06-09,15429353,12978736.0549068,23,23
1971-06-10,14945576,8845059.049476728,23,23
1971-06-11,14926179,7536621.453406557,23,23
1971-06-14,13884044,7635925.084969401,23,23
1971-06-15,15136137,9372275.125380978,23,23
1971-06-16,22106927,12047887.055724919,23,23
1971-06-17,19261176,12424624.94016406,23,23
1971-06-18,20186427,9798828.285273954,23,23
1971-06-21,21348245,10603266.290555358,23,23
1971-06-22,20957361,11894775.967912525,23,23
1971-06-23,19214965,9506945.393280603,23,23
1971-06-24,14304005,8581758.868628979,23,23
1971-06-25,11455053,6870095.742297187,23,23
1971-06-28,9619806,5207161.428332865,23,23
1971-06-29,13634327,9026469.554571897,23,23
1971-06-30,16796366,10340602.911715314,23,23
1971-07-01,13804570,7961793.777257189,23,23
1971-07-02,9995627,5722552.586185381,23,23
1971-07-06,10071364,6314255.857261285,23,23
1971-07-07,14248499,7319340.096821725,23,23
1971-07-08,14003051,10513108.927641153,23,23
1971-07-09,11207237,6049818.513783991,23,23
1971-07-12,15461996,6817092.81552282,23,23
1971-07-13,23192911,15609039.545944914,23,23
1971-07-14,36141522,25858969.84365122,23,23
1971-07-15,17062310,11304789.924170695,23,23
1971-07-16,19216112,11626741.089340925,23,23
1971-07-19,13293105,9726933.820006236,23,23
1971-07-20,15578665,9988012.304224215,23,23
1971-07-21,12207949,7816599.049412072,23,23
1971-07-22,15383903,9631110.889279783,23,23
1971-07-23,12450171,6231042.154227912,23,23
1971-07-26,12287919,6192087.1475786865,23,23
1971-07-27,14467460,6632620.834840544,23,23
1971-07-28,15988100,13621244.929926924,23,23
1971-07-29,17150611,9879575.605299518,23,23
1971-07-30,13291446,8442125.09721063,23,23
1971-08-02,12926931,6861173.095737174,23,23
1971-08-03,18486434,10329066.65768256,23,23
1971-08-04,18037551,11174974.876783177,23,23
1971-08-05,11772558,7393048.5400521755,23,23
1971-08-06,15693892,7284188.7457086295,23,23
1971-08-09,9948644,4888618.387180477,23,23
1971-08-10,16178637,5491035.235915147,23,23
1971-08-11,12490116,6101257.987468809,23,23
1971-08-12,16951454,9903514.467011184,23,23
1971-08-13,17830160,7213336.891021445,23,23
1971-08-16,49354596,28362083.379694097,23,23
1971-08-17,34984464,22373241.777954057,23,23
1971-08-18,20275979,11742733.91047901,23,23
1971-08-19,19340105,11850782.209728807,23,23
1971-08-20,18675913,6479564.988729477,23,23
1971-08-23,19394964,9591893.042122409,23,23
1971-08-24,18907198,9766252.526014574,23,23
1971-08-25,16976573,9120252.707534075,23,23
1971-08-26,13393173,7005466.921265818,23,23
1971-08-27,9761726,5712564.4450744465,23,23
1971-08-30,12519194,6086391.568622157,23,23
1971-08-31,14824972,7000071.281613216,23,23
1971-09-01,10256146,5627233.62664488,23,23
1971-09-02,10981627,4602475.618158504,23,23
1971-09-03,11810644,7462559.8588522,23,23
1971-09-07,18704246,8855786.80277282,23,23
1971-09-08,13117103,5911924.798999339,23,23
1971-09-09,11543094,5967466.541592494,23,23
1971-09-10,10796729,4759791.904126167,23,23
1971-09-13,10604444,5952005.408360645,23,23
1971-09-14,13774574,7049787.839237288,23,23
1971-09-15,9935751,5694737.930819079,23,23
1971-09-16,11392380,7092740.15527612,23,23
1971-09-17,14507851,7104611.791742735,23,23
1971-09-20,11914255,5800149.923684694,23,23
1971-09-21,10680924,5128769.541597426,23,23
1971-09-22,18854139,10257565.406088263,23,23
1971-09-23,18669637,9826312.292772472,23,23
1971-09-24,14964571,10912538.701615274,23,23
1971-09-27,12219101,6619213.134546563,23,23
1971-09-28,10770435,5948619.703035578,23,23
1971-09-29,13762003,11983327.503297329,23,23
1971-09-30,14562979,6983815.663991585,23,23
1971-10-01,15437156,12080419.62384209,23,23
1971-10-04,25368890,15073554.004172578,23,23
1971-10-05,14885160,10191912.92542936,23,23
1971-10-06,17931922,10820035.582557261,23,23
1971-10-07,23536178,11384387.461143285,23,23
1971-10-08,14401870,7980039.429515243,23,23
1971-10-11,7042327,3553495.6220428795,23,23
1971-10-12,12946922,9289493.574193,23,23
1971-10-13,17399048,10785903.425735563,23,23
1971-10-14,22917523,9278547.984477676,23,23
1971-10-15,16500879,7666139.802940436,23,23
1971-10-18,14248666,6447659.408589542,23,23
1971-10-19,20127485,9820015.023416266,23,23
1971-10-20,23335615,13401935.654586501,23,23
1971-10-21,18159368,9074331.03837578,23,23
1971-10-22,17262035,7975403.021387398,23,23
1971-10-25,7773572,4273055.516946763,23,23
1971-10-26,12979236,7630875.684631251,23,23
1971-10-27,15516290,7871442.069438547,23,23
1971-10-28,21627778,10231893.467102438,23,23
1971-10-29,16519543,8469219.783409849,23,23
1971-11-01,11703370,6651820.048105404,23,23
1971-11-02,16913407,9662689.582850724,23,23
1971-11-03,21008332,11866866.448482633,23,23
1971-11-04,22173651,10733419.631560795,23,23
1971-11-05,13329278,6188366.605148017,23,23
1971-11-08,7484818,3537801.1841727644,23,23
1971-11-09,14419798,5907950.315597281,23,23
1971-11-10,18987593,10336511.239753664,23,23
1971-11-11,19572916,10179552.97643289,23,23
1971-11-12,20605767,9743750.420653477,23,23
1971-11-15,10901716,6183626.229341656,23,23
1971-11-16,17513741,9519077.232756913,23,23
1971-11-17,13304807,8007065.15863353,23,23
1971-11-18,17418260,9664349.78378217,23,23
1971-11-19,22434920,8698908.060169518,23,23
1971-11-22,16208078,7380336.380142704,23,23
1971-11-23,26343634,10462865.172885105,23,23
1971-11-24,18080569,7987421.80296655,23,23
1971-11-26,15102945,7441291.807321258,23,23
1971-11-29,35189873,14557313.553478219,23,23
1971-11-30,29454626,14840968.186447404,23,23
1971-12-01,45803013,16831068.291118458,23,23
1971-12-02,36854811,13110514.306815073,23,23
1971-12-03,38704789,14600360.094303332,23,23
1971-12-06,20492515,12502161.611329168,23,23
1971-12-07,17092485,10257921.955617994,23,23
1971-12-08,22806656,13459049.238236323,23,23
1971-12-09,12948167,7270626.172936298,23,23
1971-12-10,25245896,11344173.791868046,23,23
1971-12-13,15741853,9104451.71503248,23,23
1971-12-14,15012026,6973637.7563410625,23,23
1971-12-15,19785560,10321249.60051155,23,23
1971-12-16,33442034,17023360.295163028,23,23
1971-12-17,33556664,11306461.071869925,23,23
1971-12-20,41529673,17498983.13656149,23,23
1971-12-21,22356996,12315107.318522632,23,23
1971-12-22,22241708,9374310.435491972,23,23
1971-12-23,26482207,10177445.600528628,23,23
1971-12-27,12234430,8090619.835286781,23,23
1971-12-28,15116602,8972651.876242407,23,23
1971-12-29,21351395,9817641.9441332,23,23
1971-12-30,13889830,7806528.191195212,23,23
1971-12-31,13494752,6663347.678637974,23,23
1972-01-03,12556227,6826902.659097418,23,23
1972-01-04,14184965,7260957.017024651,23,23
1972-01-05,28936847,11129176.387845837,23,23
1972-01-06,19312327,10286133.247228816,23,23
1972-01-07,15100505,8686207.075296223,23,23
1972-01-10,14494480,7899140.082156539,23,23
1972-01-11,13882213,8506923.98548913,23,23
1972-01-12,18478410,11433049.10945049,23,23
1972-01-13,22422083,13245929.321829453,23,23
1972-01-14,23786231,13148760.167898402,23,23
1972-01-17,20849013,13939462.413208723,23,23
1972-01-18,19929300,10709558.482539788,23,23
1972-01-19,19665937,12234385.700593404,23,23
1972-01-20,23106149,17872152.564678326,23,23
1972-01-21,19651955,16770879.856687695,23,23
1972-01-24,16060865,12514983.456961095,23,23
1972-01-25,17790717,12166576.178220786,23,23
1972-01-26,12888562,8194569.629807904,23,23
1972-01-27,17734914,10839361.50666131,23,23
1972-01-28,20259269,15496287.561611883,23,23
1972-01-31,15479518,11203624.97783298,23,23
1972-02-01,20598165,13242817.929027773,23,23
1972-02-02,16716526,13372070.172562413,23,23
1972-02-03,18361125,12066041.786123611,23,23
1972-02-04,15209445,9300853.631745838,23,23
1972-02-07,14560383,8045774.79085952,23,23
1972-02-08,13313799,8068113.425612658,23,23
1972-02-09,13970424,9681347.832830183,23,23
1972-02-10,21081536,12168901.669946924,23,23
1972-02-11,16348311,9430389.892579824,23,23
1972-02-14,10439577,7129780.689333528,23,23
1972-02-15,13542568,8339657.522522494,23,23
1972-02-16,21652716,12276486.15281947,23,23
1972-02-17,16774606,10450840.956032455,23,23
1972-02-18,13478717,8100841.319335863,23,23
1972-02-22,11210930,7642409.79712683,23,23
1972-02-23,15444490,10812172.121400237,23,23
1972-02-24,12567110,6864364.737738833,23,23
1972-02-25,13280775,8130354.977586582,23,23
1972-02-28,16132574,8435565.044054873,23,23
1972-02-29,21661937,10307745.58188261,23,23
1972-03-01,19776899,13527751.438971043,23,23
1972-03-02,15047266,12929901.615482032,23,23
1972-03-03,24176273,16850124.13960898,23,23
1972-03-06,16296629,10759769.11226061,23,23
1972-03-07,18302646,12724957.092690408,23,23
1972-03-08,18155561,10266817.308792502,23,23
1972-03-09,15813844,10430634.454476416,23,23
1972-03-10,21097202,13142394.247020125,23,23
1972-03-13,21921749,11499661.880982816,23,23
1972-03-14,17244973,9836035.888897195,23,23
1972-03-15,13689684,9919023.718436018,23,23
1972-03-16,12748129,8840439.78115797,23,23
1972-03-17,14138820,8863265.02458626,23,23
1972-03-20,14822445,9396019.128581345,23,23
1972-03-21,19231873,12800633.974001631,23,23
1972-03-22,18499075,11831500.633788481,23,23
1972-03-23,16321954,10123001.58859253,23,23
1972-03-24,15157671,8774157.030598015,23,23
1972-03-27,10467174,8323283.579577431,23,23
1972-03-28,19242840,11355216.458226591,23,23
1972-03-29,14742723,7574629.175924063,23,23
1972-03-30,14324612,7456147.024575949,23,23
1972-04-03,15198722,9160482.239408359,23,23
1972-04-04,15542986,10179255.324185431,23,23
1972-04-05,20535005,12403642.49647282,23,23
1972-04-06,19164492,12433390.64803803,23,23
1972-04-07,16684207,10699266.40269135,23,23
1972-04-10,18202154,10482627.104589194,23,23
1972-04-11,20480317,9835945.53798464,23,23
1972-04-12,21114756,16196614.956436664,23,23
1972-04-13,16551323,11866838.704880655,23,23
1972-04-14,16910444,13366463.65769583,23,23
1972-04-17,18427214,11566777.999490649,23,23
1972-04-18,13495040,10311533.797833279,23,23
1972-04-19,11789774,8422529.527860269,23,23
1972-04-20,17700558,10415095.107881129,23,23
1972-04-21,12367097,8362563.587147087,23,23
1972-04-24,14762864,6885716.420931503,23,23
1972-04-25,20048247,14414842.320221722,23,23
1972-04-26,16044044,9706922.049313694,23,23
1972-04-27,22709301,9969806.150641486,23,23
1972-04-28,12450522,8008932.072671294,23,23
1972-05-01,13773364,8161357.74688524,23,23
1972-05-02,22981252,10749063.025479838,23,23
1972-05-03,16905864,8767700.193196878,23,23
1972-05-04,18323531,8215570.734614611,23,23
1972-05-05,14469988,8567638.010431811,23,23
1972-05-08,13480567,7580855.199334398,23,23
1972-05-09,26681245,15478772.469491363,23,23
1972-05-10,12226140,6606571.524452373,23,23
1972-05-11,16883501,7812930.217789501,23,23
1972-05-12,13554554,8582898.87140651,23,23
1972-05-15,12563160,8504201.492873386,23,23
1972-05-16,14986210,7519795.8749010265,23,23
1972-05-17,14191326,9689292.442777261,23,23
1972-05-18,18626358,10878005.979919896,23,23
1972-05-19,19291436,11286775.242058456,23,23
1972-05-22,17229431,13594415.127550542,23,23
1972-05-23,17863274,12879650.832304493,23,23
1972-05-24,15189400,10547765.315668792,23,23
1972-05-25,14940770,10643978.136298895,23,23
1972-05-26,12578807,8919229.403964892,23,23
1972-05-30,15627945,11402082.71165964,23,23
1972-05-31,14681240,12000260.20111981,23,23
1972-06-01,11397458,8271456.531632483,23,23
1972-06-02,13293555,10459595.052940488,23,23
1972-06-05,13341822,7325955.898112595,23,23
1972-06-06,14484466,9638442.63815172,23,23
1972-06-07,16398656,8226348.815722793,23,23
1972-06-08,10189550,6868570.831662536,23,23
1972-06-09,12485015,8969256.527024984,23,23
1972-06-12,15025507,7902181.289617807,23,23
1972-06-13,16308512,8479567.460371733,23,23
1972-06-14,18835119,12467967.554605335,23,23
1972-06-15,13947794,8344163.724103987,23,23
1972-06-16,10692990,5354939.975872219,23,23
1972-06-19,12903266,6245863.739293486,23,23
1972-06-20,14882276,7626978.376707628,23,23
1972-06-21,18646814,10356941.898129344,23,23
1972-06-22,12063327,8020671.292657137,23,23
1972-06-23,12633108,7815972.7170987725,23,23
1972-06-26,10282702,7493953.814716861,23,23
1972-06-27,15260961,11043571.987288728,23,23
1972-06-28,15578212,6635080.91590406,23,23
1972-06-29,10649548,6966577.215447411,23,23
1972-06-30,10623905,6858746.53333728,23,23
1972-07-03,6524105,4001403.394705415,23,23
1972-07-05,12498529,9558268.302396461,23,23
1972-07-06,21959607,13668442.353597641,23,23
1972-07-07,14336043,8045761.539350659,23,23
1972-07-10,12318818,7384543.899034932,23,23
1972-07-11,13236693,8350459.937596917,23,23
1972-07-12,17814931,10511199.686503708,23,23
1972-07-13,17031824,10238858.208148658,23,23
1972-07-14,12961675,8847893.687797785,23,23
1972-07-17,10213529,6652218.507873505,23,23
1972-07-18,13084199,10423713.091556728,23,23
1972-07-19,11899068,9524081.75507453,23,23
1972-07-20,14552158,5669057.2200139165,23,23
1972-07-21,14012482,7212531.985102132,23,23
1972-07-24,19685250,11849448.075035736,23,23
1972-07-25,19287122,11321937.279836789,23,23
1972-07-26,14314680,10452744.291255653,23,23
1972-07-27,12767960,8069278.111118019,23,23
1972-07-28,10001749,6161394.726580799,23,23
1972-07-31,8575709,4959243.533307195,23,23
1972-08-01,14185907,12044874.428399771,23,23
1972-08-02,15682166,12630297.845686123,23,23
1972-08-03,21157995,16259121.713518724,23,23
1972-08-04,15311731,10054584.565137357,23,23
1972-08-07,19626282,14143507.291685224,23,23
1972-08-08,15549029,9928095.708734393,23,23
1972-08-09,13364619,9310290.196107805,23,23
1972-08-10,14101120,11619818.992044479,23,23
1972-08-11,16660491,12942938.533259064,23,23
1972-08-14,20731793,11930809.20195122,23,23
1972-08-15,19191599,15543472.33005932,23,23
1972-08-16,15004042,9952342.257561952,23,23
1972-08-17,14498856,9952840.845424607,23,23
1972-08-18,13027432,10973620.793990001,23,23
1972-08-21,14537279,7508113.337679565,23,23
1972-08-22,17739690,8868491.159913063,23,23
1972-08-23,19745813,9830628.384742483,23,23
1972-08-24,17048644,9734892.130994052,23,23
1972-08-25,14562219,9744440.919238895,23,23
1972-08-28,13183488,8090711.275246352,23,23
1972-08-29,17263651,10965263.278617322,23,23
1972-08-30,12275585,7583458.985691577,23,23
1972-08-31,10616932,5908980.618451342,23,23
1972-09-01,14073048,7125049.131798834,23,23
1972-09-05,11640743,6266799.993978307,23,23
1972-09-06,11184962,5828857.6206689775,23,23
1972-09-07,11676383,7278606.313916415,23,23
1972-09-08,8869288,6695283.211164057,23,23
1972-09-11,16862374,8751604.119008303,23,23
1972-09-12,17810524,12649260.967895985,23,23
1972-09-13,15340767,8884169.080723196,23,23
1972-09-14,15961413,7929997.292583317,23,23
1972-09-15,11269389,6569813.145268738,23,23
1972-09-18,12343869,5329311.061797559,23,23
1972-09-19,15554709,9534575.111964047,23,23
1972-09-20,19008742,6675941.537830412,23,23
1972-09-21,11755926,6214307.952936098,23,23
1972-09-22,13423759,7615029.177727282,23,23
1972-09-25,15065894,8707682.980160058,23,23
1972-09-26,16283345,9595565.081009626,23,23
1972-09-27,12250650,10964863.9794932,23,23
1972-09-28,20560291,11820649.830370069,23,23
1972-09-29,19338385,13294618.219545096,23,23
1972-10-02,14019225,8644688.339160204,23,23
1972-10-03,15148045,7928922.500087708,23,23
1972-10-04,16671724,9724696.66723317,23,23
1972-10-05,18710366,12215603.660575807,23,23
1972-10-06,25810311,15019652.882589638,23,23
1972-10-09,8955218,5461563.571265221,23,23
1972-10-10,18480547,13813011.665020853,23,23
1972-10-11,14049791,16903786.608266562,23,23
1972-10-12,13306822,12209805.972429335,23,23
1972-10-13,16622072,12624356.733991802,23,23
1972-10-16,14315496,13937190.47584626,23,23
1972-10-17,17230835,17999504.038060427,23,23
1972-10-18,17705686,16095608.788285285,23,23
1972-10-19,12932527,9324922.10420394,23,23
1972-10-20,18739928,13840695.061045647,23,23
1972-10-23,15330201,12312258.498623341,23,23
1972-10-24,15576582,12127594.41442269,23,23
1972-10-25,18000605,10908693.528136432,23,23
1972-10-26,18816774,13668068.404263943,23,23
1972-10-27,22671540,8931673.742118299,23,23
1972-10-30,16135698,5807285.432313338,23,23
1972-10-31,17867015,11231226.26899305,23,23
1972-11-01,20403271,14522599.761964887,23,23
1972-11-02,19311198,14116311.304009855,23,23
1972-11-03,19016407,12908078.613159344,23,23
1972-11-06,19133804,13683480.02724813,23,23
1972-11-08,23877862,18128115.67615734,23,23
1972-11-09,18718407,16677234.115036905,23,23
1972-11-10,24876653,19086783.524336755,23,23
1972-11-13,20099726,13210047.967684373,23,23
1972-11-14,22139608,12995782.659500852,23,23
1972-11-15,21977489,11980080.698766604,23,23
1972-11-16,14898799,9253487.549550965,23,23
1972-11-17,19253158,11254561.868950889,23,23
1972-11-20,15704089,6648606.24824132,23,23
1972-11-21,42224395,25158543.639337644,23,23
1972-11-22,25577911,14196591.20674172,23,23
1972-11-24,19774621,10292977.921239346,23,23
1972-11-27,21151233,10917343.735621244,23,23
1972-11-28,22241198,15243199.689124882,23,23
1972-11-29,15526366,11209939.488527,23,23
1972-11-30,15798651,9912720.10133712,23,23
1972-12-01,22454233,16470975.762382418,23,23
1972-12-04,15900354,14148814.908237338,23,23
1972-12-05,12425216,9548775.956521243,23,23
1972-12-06,14223685,10963149.10602884,23,23
1972-12-07,14037782,11828260.039278,23,23
1972-12-08,14281200,12054056.08304429,23,23
1972-12-11,17736664,12749333.13106665,23,23
1972-12-12,19972858,14852193.72665748,23,23
1972-12-13,14492256,9064602.400855869,23,23
1972-12-14,22879871,16352634.741956428,23,23
1972-12-15,18304437,14426061.167403668,23,23
1972-12-18,23543072,17193201.57738127,23,23
1972-12-19,15662367,11496342.529482618,23,23
1972-12-20,15662214,13093435.229273766,23,23
1972-12-21,12457566,9026789.0090494,23,23
1972-12-22,10528827,7502559.200845867,23,23
1972-12-26,9150880,6289764.649199277,23,23
1972-12-27,16671839,15195693.983781427,23,23
1972-12-29,20654927,15660498.739652812,23,23
1973-01-02,18630964,14037354.544213012,23,23
1973-01-03,24867122,17818723.65651782,23,23
1973-01-04,21407226,18957420.51241222,23,23
1973-01-05,21706639,16870746.5178276,23,23
1973-01-08,18677890,15960079.986750036,23,23
1973-01-09,24239197,21244873.955505848,23,23
1973-01-10,16651405,12356400.515684247,23,23
1973-01-11,29404842,21944534.858999163,23,23
1973-01-12,30568687,22180930.501413554,23,23
1973-01-15,27297048,22827479.860426366,23,23
1973-01-16,23468055,17041678.160033315,23,23
1973-01-17,17275200,12882038.410891369,23,23
1973-01-18,17582988,16710514.101298451,23,23
1973-01-19,20832191,17554150.157373607,23,23
1973-01-22,19001843,15838857.085926265,23,23
1973-01-23,27471844,21181712.946422964,23,23
1973-01-24,31347513,32786173.58172515,23,23
1973-01-26,34321478,28058835.791698366,23,23
1973-01-29,21788122,15144691.013756827,23,23
1973-01-30,17740752,13256250.298805907,23,23
1973-01-31,19519941,10288592.19163832,23,23
1973-02-01,26806006,20500557.87367606,23,23
1973-02-02,38606597,28989342.224291116,23,23
1973-02-05,24000603,13433505.085113257,23,23
1973-02-06,21501020,15918046.931143686,23,23
1973-02-07,23319194,17508714.2925328,23,23
1973-02-08,26282892,20549466.428384855,23,23
1973-02-09,18670176,15209847.780171394,23,23
1973-02-12,15280745,13987476.414505064,23,23
1973-02-13,39915252,32464081.209693164,23,23
1973-02-14,21388421,16424284.305290729,23,23
1973-02-15,15882214,13506295.544300064,23,23
1973-02-16,14072857,9365388.29113482,23,23
1973-02-20,14864745,11377152.362468481,23,23
1973-02-21,16575308,11146811.633640125,23,23
1973-02-22,21324466,13092655.899172917,23,23
1973-02-23,18134725,13925419.78380175,23,23
1973-02-26,24359972,16369376.931872532,23,23
1973-02-27,20919211,16555107.41245249,23,23
1973-02-28,24793000,19824320.37716137,23,23
1973-03-01,18100702,14862120.848124593,23,23
1973-03-02,24761703,17672839.540873602,23,23
1973-03-05,18346658,15431384.186552748,23,23
1973-03-06,20195046,17317321.768481284,23,23
1973-03-07,25666564,18659231.754512474,23,23
1973-03-08,16199726,12226260.536766782,23,23
1973-03-09,12142857,9353862.662768885,23,23
1973-03-12,11015591,8367417.447847426,23,23
1973-03-13,13780865,11896930.454288661,23,23
1973-03-14,13389263,10630261.013607606,23,23
1973-03-15,13393704,10931475.667520732,23,23
1973-03-16,17422720,12324454.314674705,23,23
1973-03-19,17069706,12350388.678453803,23,23
1973-03-20,17791101,11624099.870161563,23,23
1973-03-21,16284637,11749181.584772095,23,23
1973-03-22,30506875,22390198.409124434,23,23
1973-03-23,22130648,18849410.796896905,23,23
1973-03-26,16164623,12303746.05824536,23,23
1973-03-27,20880123,15374400.665725932,23,23
1973-03-28,21725654,13116747.46775341,23,23
1973-03-29,21145086,16041337.716506064,23,23
1973-03-30,13949887,11396768.434541896,23,23
1973-04-02,14864646,9550346.691307425,23,23
1973-04-03,23181601,17244834.44471672,23,23
1973-04-04,14693727,11485782.32439676,23,23
1973-04-05,15035617,12526575.849016815,23,23
1973-04-06,16823222,15106595.089663431,23,23
1973-04-09,16278539,14765874.745276555,23,23
1973-04-10,23290044,16929034.64482689,23,23
1973-04-11,18027226,14567540.06560123,23,23
1973-04-12,19454765,14776099.131240726,23,23
1973-04-13,17260296,10727036.860672936,23,23
1973-04-16,11993264,8236510.564290211,23,23
1973-04-17,14461730,9331113.139124006,23,23
1973-04-18,14255907,9733625.547463596,23,23
1973-04-19,22664572,17324598.922872037,23,23
1973-04-23,13045072,10417302.490770161,23,23
1973-04-24,19654315,14091603.214942813,23,23
1973-04-25,32256332,21714344.451874644,23,23
1973-04-26,31560848,19843399.27309531,23,23
1973-04-27,18150851,13702339.889108837,23,23
1973-04-30,21430472,16781377.842640147,23,23
1973-05-01,25467326,16011602.657434195,23,23
1973-05-02,25067033,15109394.222115874,23,23
1973-05-03,31882731,25226418.923943266,23,23
1973-05-04,30347184,17632366.352188617,23,23
1973-05-07,15929066,9556992.388387397,23,23
1973-05-08,20589272,12496594.25036344,23,23
1973-05-09,23917256,18836399.452138603,23,23
1973-05-10,19071418,13432502.557164714,23,23
1973-05-11,22738302,13461566.78232792,23,23
1973-05-14,25493693,17417573.733815297,23,23
1973-05-15,34851921,21250695.14485213,23,23
1973-05-16,18744547,12523990.494870067,23,23
1973-05-17,18814948,9653409.899432272,23,23
1973-05-18,27799952,17864383.14654699,23,23
1973-05-21,31200068,21254936.385143235,23,23
1973-05-22,30150533,16576500.696909681,23,23
1973-05-23,17802122,12068787.052642688,23,23
1973-05-24,20780837,16226501.801116467,23,23
1973-05-25,22327206,17851924.850543678,23,23
1973-05-29,11144069,8216706.676610872,23,23
1973-05-30,14703904,10377132.982954472,23,23
1973-05-31,15237300,13060346.651719779,23,23
1973-06-01,16168579,11974401.102562457,23,23
1973-06-04,11597923,9181126.580524683,23,23
1973-06-05,17385422,12398277.822399706,23,23
1973-06-06,15673958,10877242.327809244,23,23
1973-06-07,17355474,12173652.741993159,23,23
1973-06-08,19745779,12810840.395845294,23,23
1973-06-11,18973878,9254254.898698434,23,23
1973-06-12,16087771,12159555.3837509,23,23
1973-06-13,31806893,16900193.303353325,23,23
1973-06-14,16744989,11339733.53081891,23,23
1973-06-15,17866396,11342900.176742613,23,23
1973-06-18,11999483,8323560.0737721175,23,23
1973-06-19,17580099,12200090.080489904,23,23
1973-06-20,12676511,9348932.014303848,23,23
1973-06-21,18448788,10402242.495301306,23,23
1973-06-22,21257764,16084272.04973431,23,23
1973-06-25,16202808,12447612.040431708,23,23
1973-06-26,19216610,14219357.714341462,23,23
1973-06-27,13818806,9523259.032408044,23,23
1973-06-28,22662328,15561961.305388331,23,23
1973-06-29,13527341,8220257.874692425,23,23
1973-07-02,14560910,10820940.160854757,23,23
1973-07-03,16762775,14958772.090360284,23,23
1973-07-05,16895089,10298026.882691324,23,23
1973-07-06,16824822,10358059.395134628,23,23
1973-07-09,15441637,11678707.544071004,23,23
1973-07-10,16817081,14684128.850907266,23,23
1973-07-11,24239268,17384670.780250207,23,23
1973-07-12,19244721,16305177.113613755,23,23
1973-07-13,17999793,11085832.048484042,23,23
1973-07-16,18007810,13488437.615728363,23,23
1973-07-17,24848994,17507124.80723414,23,23
1973-07-18,23055119,17459180.901684,23,23
1973-07-19,27818808,17203778.684005022,23,23
1973-07-20,16213256,12525888.29046154,23,23
1973-07-23,13195106,10028256.895132557,23,23
1973-07-24,17821557,12459606.060287476,23,23
1973-07-25,29361251,23624185.232055932,23,23
1973-07-26,25702975,15784710.845266521,23,23
1973-07-27,13327528,9209168.688287318,23,23
1973-07-30,11535466,8196359.2137693465,23,23
1973-07-31,16187818,13116426.038244098,23,23
1973-08-01,13447656,14131816.542574525,23,23
1973-08-02,13156529,10345240.003616095,23,23
1973-08-03,10410308,6880265.240985915,23,23
1973-08-06,12016646,10248527.369329125,23,23
1973-08-07,12655459,11318217.574286312,23,23
1973-08-08,12445578,10088984.631257817,23,23
1973-08-09,12321369,10665189.59327522,23,23
1973-08-10,14208529,7874937.454092175,23,23
1973-08-13,12639706,9557063.645908475,23,23
1973-08-14,12985476,10962408.594595999,23,23
1973-08-15,15496126,13266153.070288926,23,23
1973-08-16,13919494,8950314.5797728,23,23
1973-08-17,11901798,7502172.920519695,23,23
1973-08-20,9533383,6406880.918915063,23,23
1973-08-21,15535905,10833679.684347004,23,23
1973-08-22,20851303,10938682.985373944,23,23
1973-08-23,17607616,9627505.097619772,23,23
1973-08-24,23878620,15457263.460693598,23,23
1973-08-27,17767580,8144898.369518697,23,23
1973-08-28,17521579,10886966.93020843,23,23
1973-08-29,18410289,11972506.606302068,23,23
1973-08-30,24242659,9450612.084133267,23,23
1973-08-31,13112263,9144685.061546728,23,23
1973-09-04,19524056,15688280.33711502,23,23
1973-09-05,25032737,12965880.57349068,23,23
1973-09-06,16765666,9593420.722017303,23,23
1973-09-07,27446265,17793581.976136416,23,23
1973-09-10,19601209,10784945.266627327,23,23
1973-09-11,17087081,12759715.934779674,23,23
1973-09-12,14413581,10494190.52993983,23,23
1973-09-13,14979419,10339781.959391251,23,23
1973-09-14,18433264,12432619.153607205,23,23
1973-09-17,18668602,19148978.851580083,23,23
1973-09-18,26508075,27139814.16746345,23,23
1973-09-19,22346636,21685848.131786734,23,23
1973-09-20,27336397,21814334.609167635,23,23
1973-09-21,29863206,21304011.195263892,23,23
1973-09-24,19268411,15484823.347509816,23,23
1973-09-25,21585750,17088011.584026873,23,23
1973-09-26,19058059,14073753.156195924,23,23
1973-09-27,26601164,16681648.60148263,23,23
1973-09-28,22791957,14452286.71315232,23,23
1973-10-01,12293466,8909885.639417022,23,23
1973-10-02,27731908,16593174.428905874,23,23
1973-10-03,33505921,21540648.72196603,23,23
1973-10-04,28747938,19001872.660832882,23,23
1973-10-05,23255719,15008631.936004221,23,23
1973-10-08,19902235,13756179.56906879,23,23
1973-10-09,23358720,14384659.970554143,23,23
1973-10-10,24847349,21265220.66814229,23,23
1973-10-11,22054472,16034955.93245846,23,23
1973-10-12,18094667,15135463.071615443,23,23
1973-10-15,15585989,13000689.21144791,23,23
1973-10-16,19492201,15413280.175035298,23,23
1973-10-17,14757602,12110397.509031922,23,23
1973-10-18,25857089,16410379.005837694,23,23
1973-10-19,20501080,13952348.242228016,23,23
1973-10-22,15114487,11032017.881126836,23,23
1973-10-23,15954694,12971245.611085102,23,23
1973-10-24,15063675,9768464.909127265,23,23
1973-10-25,13875319,10788987.84815979,23,23
1973-10-26,17388150,14876227.008860648,23,23
1973-10-29,17004678,12217064.424597323,23,23
1973-10-30,22352004,13759755.137969524,23,23
1973-10-31,23244946,13475566.427955955,23,23
1973-11-01,16686697,14224613.683978975,23,23
1973-11-02,19559712,15920969.15550685,23,23
1973-11-05,21397092,13730729.824921787,23,23
1973-11-06,18000537,10360508.491710186,23,23
1973-11-07,15911411,10776221.684433997,23,23
1973-11-08,23723325,14815902.191978395,23,23
1973-11-09,15709208,10949208.193859115,23,23
1973-11-12,20400603,14941554.541792676,23,23
1973-11-13,24154684,16504640.905626476,23,23
1973-11-14,29627662,19316327.75643912,23,23
1973-11-15,22107660,17573371.226662934,23,23
1973-11-16,26252829,17984756.880228043,23,23
1973-11-19,26266048,14185488.121424586,23,23
1973-11-20,29785872,19419302.79702285,23,23
1973-11-21,35027921,20646146.1193341,23,23
1973-11-23,12488407,8480050.861339718,23,23
1973-11-26,26787780,14766741.903004095,23,23
1973-11-27,25283658,13520918.307152793,23,23
1973-11-28,44944953,18350892.68685782,23,23
1973-11-29,27464496,15824031.679623768,23,23
1973-11-30,16870388,10568770.502424672,23,23
1973-12-03,30489724,17328180.816234767,23,23
1973-12-04,22765426,14050599.23615323,23,23
1973-12-05,23698449,13267339.04718092,23,23
1973-12-06,29182694,17675373.232496396,23,23
1973-12-07,24779622,15476974.220478892,23,23
1973-12-10,22149952,13427878.054852888,23,23
1973-12-11,20326425,13893244.725412697,23,23
1973-12-12,18826601,11182314.401152179,23,23
1973-12-13,24734721,12227291.508218795,23,23
1973-12-14,28468607,20053910.368464947,23,23
1973-12-17,14214140,7766536.248152167,23,23
1973-12-18,23486252,13266998.432206765,23,23
1973-12-19,21246527,13093677.403560132,23,23
1973-12-20,18873125,10409355.524957448,23,23
1973-12-21,18234184,11919975.193395242,23,23
1973-12-24,11298522,6820276.623180196,23,23
1973-12-26,22660041,12627152.41113013,23,23
1973-12-27,26562005,15659613.37251842,23,23
1973-12-28,17696657,9771556.275949374,23,23
1973-12-31,15704835,8666013.253102958,23,23
1974-01-02,13560277,8613703.61862418,23,23
1974-01-03,27086968,17297433.060338035,23,23
1974-01-04,30322445,19146307.130574867,23,23
1974-01-07,23362653,14745267.57253635,23,23
1974-01-08,28620553,15406395.036232479,23,23
1974-01-09,36996938,16130892.04185003,23,23
1974-01-10,25697434,12987927.117382132,23,23
1974-01-11,27932824,12005617.755603373,23,23
1974-01-14,24552447,11236976.953313574,23,23
1974-01-15,17950166,9711812.84929353,23,23
1974-01-16,17747932,9460875.32095474,23,23
1974-01-17,27365388,14409687.779130504,23,23
1974-01-18,21839225,12128972.29940781,23,23
1974-01-21,19541573,10871013.95564206,23,23
1974-01-22,21247442,11667113.88743636,23,23
1974-01-23,24621450,13496819.088196486,23,23
1974-01-24,18006238,10770188.068448469,23,23
1974-01-25,13311759,9523902.487130627,23,23
1974-01-28,13614318,8618089.606669217,23,23
1974-01-29,12271660,7254644.496425599,23,23
1974-01-30,15303946,9147605.92946583,23,23
1974-01-31,13538272,8287926.2092413455,23,23
1974-02-01,14192728,8308767.199979156,23,23
1974-02-04,22467308,12580039.421134964,23,23
1974-02-05,20124776,10067520.058182359,23,23
1974-02-06,20016880,9506117.853841096,23,23
1974-02-07,23101762,11981386.724866867,23,23
1974-02-08,11422675,6813429.698040351,23,23
1974-02-11,19310116,10163706.076011151,23,23
1974-02-12,21488795,11062278.336151257,23,23
1974-02-13,15411812,7593110.53661938,23,23
1974-02-14,11750794,7228478.038863882,23,23
1974-02-15,20181769,9877987.097931623,23,23
1974-02-19,22742678,11520736.54526797,23,23
1974-02-20,15858619,8044066.573732704,23,23
1974-02-21,18066559,8129100.755651578,23,23
1974-02-22,17570627,9172976.033171356,23,23
1974-02-25,14601296,7444463.923068583,23,23
1974-02-26,16002711,8350199.412448242,23,23
1974-02-27,26616776,13365213.774665907,23,23
1974-02-28,14615189,8041570.231290102,23,23
1974-03-01,13563486,7824168.589717433,23,23
1974-03-04,14063309,7874427.355417386,23,23
1974-03-05,34747244,19590168.40288216,23,23
1974-03-06,32390541,19292052.105624974,23,23
1974-03-07,25752886,15555428.789684251,23,23
1974-03-08,23601788,14786189.189370334,23,23
1974-03-11,31517550,19685130.172060937,23,23
1974-03-12,27092356,16577575.446508795,23,23
1974-03-13,26113542,22583266.067194283,23,23
1974-03-14,31970812,25321389.275267616,23,23
1974-03-15,18843579,14362014.776051521,23,23
1974-03-18,22523509,15095890.979552343,23,23
1974-03-19,18838888,14265316.063833624,23,23
1974-03-20,14368378,8641919.819357663,23,23
1974-03-21,13265300,9829507.697037026,23,23
1974-03-22,14625287,10340227.936782375,23,23
1974-03-25,16476198,10993574.206617728,23,23
1974-03-26,13928976,9397968.03265214,23,23
1974-03-27,12803078,9665789.123434335,23,23
1974-03-28,20045004,11179313.797710419,23,23
1974-03-29,18379017,10846843.455323666,23,23
1974-04-01,14217635,8577939.430494219,23,23
1974-04-02,12170898,7199920.577067196,23,23
1974-04-03,14154607,9100785.199671596,23,23
1974-04-04,12763134,7719494.613008693,23,23
1974-04-05,15352213,8366698.960852787,23,23
1974-04-08,13587523,8028935.944329992,23,23
1974-04-09,17336052,9103421.506542504,23,23
1974-04-10,15228098,9575915.206425935,23,23
1974-04-11,12105556,7895066.269835383,23,23
1974-04-15,13884740,7347159.7797781825,23,23
1974-04-16,19009094,9324395.45305863,23,23
1974-04-17,16871276,9518416.248129696,23,23
1974-04-18,14818702,7698700.506543681,23,23
1974-04-19,11992619,6810673.312323302,23,23
1974-04-22,10059990,6292827.567441359,23,23
1974-04-23,16639857,8186320.649584085,23,23
1974-04-24,17080724,11368625.968070596,23,23
1974-04-25,22153525,14404529.805099055,23,23
1974-04-26,20555425,10315659.432330966,23,23
1974-04-29,13065638,7776891.798849776,23,23
1974-04-30,14127727,8344322.554305136,23,23
1974-05-01,24485969,12811819.38420628,23,23
1974-05-02,19510453,11016081.769869983,23,23
1974-05-03,18042354,7556319.720725507,23,23
1974-05-06,13959217,6855036.749768034,23,23
1974-05-07,16205837,7171209.48786214,23,23
1974-05-08,17027352,8436317.533826098,23,23
1974-05-09,19428437,10738043.352816835,23,23
1974-05-10,21210241,12239384.30194728,23,23
1974-05-13,14442693,9362860.41882047,23,23
1974-05-14,12887979,6738200.061235204,23,23
1974-05-15,15004952,8316029.971736789,23,23
1974-05-16,12893746,6640861.264698222,23,23
1974-05-17,15255022,8412797.463786095,23,23
1974-05-20,15132611,8466911.020186022,23,23
1974-05-21,19924715,9012363.42573759,23,23
1974-05-22,22423287,11204604.73580435,23,23
1974-05-23,18487533,9315943.373898447,23,23
1974-05-24,21293190,13591278.513892576,23,23
1974-05-28,17208868,9178975.262983322,23,23
1974-05-29,14544611,8577819.12380302,23,23
1974-05-30,18310863,11384476.648747995,23,23
1974-05-31,13544090,7702917.203792974,23,23
1974-06-03,14766433,9477808.89315924,23,23
1974-06-04,26853113,15578017.425302237,23,23
1974-06-05,19362566,11148547.051046923,23,23
1974-06-06,17467925,11202798.157709122,23,23
1974-06-07,28897187,17402646.0655784,23,23
1974-06-10,22835578,15938517.666333213,23,23
1974-06-11,14102516,9280064.293393329,23,23
1974-06-12,17743339,10167694.922725946,23,23
1974-06-13,18019735,10324517.562944025,23,23
1974-06-14,14201213,9843280.895033732,23,23
1974-06-17,12996816,7592814.736330405,23,23
1974-06-18,16727673,8865719.117362276,23,23
1974-06-19,12419287,6062061.1917717755,23,23
1974-06-20,13870451,7221217.233754069,23,23
1974-06-21,17003188,9363812.52960515,23,23
1974-06-24,13353491,7192308.194631189,23,23
1974-06-25,16010803,8507550.147385031,23,23
1974-06-26,14419038,8271748.434381515,23,23
1974-06-27,12875973,7657083.731956944,23,23
1974-06-28,12945917,7178577.695657834,23,23
1974-07-01,11571098,7150011.000365213,23,23
1974-07-02,21386263,10383098.693243012,23,23
1974-07-03,23536207,11662866.917839691,23,23
1974-07-05,11763295,6151400.407631263,23,23
1974-07-08,26451197,13633474.165428162,23,23
1974-07-09,30545188,14098950.04800725,23,23
1974-07-10,21130909,10370191.33789277,23,23
1974-07-11,24645413,13075386.567103669,23,23
1974-07-12,26335257,14819205.098694861,23,23
1974-07-15,20738451,11864784.04613185,23,23
1974-07-16,14113383,7638142.906735718,23,23
1974-07-17,19369476,12022373.743681625,23,23
1974-07-18,22245754,12369408.026401997,23,23
1974-07-19,17002648,10219488.001691416,23,23
1974-07-22,13069099,8297854.523041293,23,23
1974-07-23,18224729,9669915.71136579,23,23
1974-07-24,20098497,10061907.211316824,23,23
1974-07-25,17678223,9107496.45212765,23,23
1974-07-26,21733467,10460330.535448894,23,23
1974-07-29,23083774,10212287.814969212,23,23
1974-07-30,20285121,9247818.75561294,23,23
1974-07-31,17008848,7368526.346841961,23,23
1974-08-01,26302986,12781753.83153069,23,23
1974-08-02,21151377,8802357.91605261,23,23
1974-08-05,23411145,9957340.744014204,23,23
1974-08-06,37537545,16834498.4742523,23,23
1974-08-07,27015995,11946553.709508121,23,23
1974-08-08,26701473,13333616.869697466,23,23
1974-08-09,18440018,8779935.354336634,23,23
1974-08-12,12714823,6509213.734495252,23,23
1974-08-13,21052165,8712254.908118546,23,23
1974-08-14,26526143,10931666.501753509,23,23
1974-08-15,26247807,10800479.771149725,23,23
1974-08-16,21445676,8473541.579661235,23,23
1974-08-19,23983516,11222300.404224917,23,23
1974-08-20,27299792,12143217.671432987,23,23
1974-08-21,21284274,9622644.902083024,23,23
1974-08-22,35278034,15823474.539544657,23,23
1974-08-23,22205138,10215990.767023131,23,23
1974-08-26,28047462,12775114.015536219,23,23
1974-08-27,24035462,9413469.596389338,23,23
1974-08-28,22682653,10105543.095063537,23,23
1974-08-29,21036162,9124660.924371988,23,23
1974-08-30,25040116,10932197.94919382,23,23
1974-09-03,20791435,10898312.642031953,23,23
1974-09-04,38368069,17390072.803401053,23,23
1974-09-05,29338099,12573254.477288574,23,23
1974-09-06,25426825,11643466.567899004,23,23
1974-09-09,16157714,7648482.567892402,23,23
1974-09-10,19172129,8890514.728825822,23,23
1974-09-11,13941151,7275437.878023863,23,23
1974-09-12,35638098,13460727.502993822,23,23
1974-09-13,32782445,13186524.855639368,23,23
1974-09-16,31392325,13289426.59018083,23,23
1974-09-17,22195307,9623784.153290525,23,23
1974-09-18,21687388,9721955.30115059,23,23
1974-09-19,24269473,11571125.209632978,23,23
1974-09-20,26642651,11546349.242109165,23,23
1974-09-23,42373195,11761290.841763496,23,23
1974-09-24,20137736,7307433.856020778,23,23
1974-09-25,35854717,12400645.162897706,23,23
1974-09-26,17397098,6271398.206963122,23,23
1974-09-27,29789791,10026413.419697732,23,23
1974-09-30,35603759,12578323.112219587,23,23
1974-10-01,43649926,15481548.659409702,23,23
1974-10-02,24002707,8622320.513722569,23,23
1974-10-03,24147708,8053738.01357086,23,23
1974-10-04,26637535,8944758.856010377,23,23
1974-10-07,28528039,9717290.625627682,23,23
1974-10-08,27848766,9343681.421936214,23,23
1974-10-09,38177762,13736328.489214689,23,23
1974-10-10,46952442,19207573.872214913,23,23
1974-10-11,35629679,13982562.4097071,23,23
1974-10-14,33670341,14232218.785778955,23,23
1974-10-15,32807398,12891899.696287036,23,23
1974-10-16,29511883,11023064.373608798,23,23
1974-10-17,29040198,11168609.122122481,23,23
1974-10-18,31975587,13149455.529436842,23,23
1974-10-21,21767778,10138035.908335298,23,23
1974-10-22,37269995,16019304.177137256,23,23
1974-10-23,23522804,10308808.409871578,23,23
1974-10-24,21736138,10340854.148805529,23,23
1974-10-25,20815131,9597640.35246253,23,23
1974-10-28,17772808,6187154.757537484,23,23
1974-10-29,28704510,13338444.23604177,23,23
1974-10-30,38082614,17599456.00717999,23,23
1974-10-31,29578117,13004650.292067409,23,23
1974-11-01,22924877,9153057.490279213,23,23
1974-11-04,22809788,8171675.603937402,23,23
1974-11-05,23280477,9687957.710179731,23,23
1974-11-06,43487335,19391957.174292,23,23
1974-11-07,27557837,14387648.772618324,23,23
1974-11-08,25428284,9929345.271704912,23,23
1974-11-11,19884859,6814500.628691331,23,23
1974-11-12,20129262,8727920.626607567,23,23
1974-11-13,30137733,12520365.114724398,23,23
1974-11-14,25298071,9283151.129328981,23,23
1974-11-15,23963811,8033531.439042002,23,23
1974-11-18,37509017,10914817.878528431,23,23
1974-11-19,27141428,11229764.078327566,23,23
1974-11-20,24060814,8026234.50341633,23,23
1974-11-21,21453779,8001304.189307511,23,23
1974-11-22,21561202,7988121.467749149,23,23
1974-11-25,18317939,6479862.449519455,23,23
1974-11-26,26407185,11478122.97984016,23,23
1974-11-27,26890541,10190643.034673765,23,23
1974-11-29,12308441,4553384.002881169,23,23
1974-12-02,14128202,5498012.305408612,23,23
1974-12-03,23785256,9325128.945465446,23,23
1974-12-04,18920074,7670123.135285929,23,23
1974-12-05,21200593,9725779.90465197,23,23
1974-12-06,22548487,9331390.31200485,23,23
1974-12-09,24280258,8968392.534677029,23,23
1974-12-10,20325366,8199778.627663225,23,23
1974-12-11,23216056,10667501.947926477,23,23
1974-12-12,22508109,8587651.186720595,23,23
1974-12-13,18273550,8213581.949483529,23,23
1974-12-16,24907561,9909382.726524621,23,23
1974-12-17,30618125,10492591.713044137,23,23
1974-12-18,21890955,9093642.020878017,23,23
1974-12-19,25246006,10194731.551838547,23,23
1974-12-20,24331852,8368338.398323163,23,23
1974-12-23,21123231,9021801.623530626,23,23
1974-12-24,14084195,6291041.209858388,23,23
1974-12-26,16777059,6640868.498586133,23,23
1974-12-27,16143346,6188146.346422002,23,23
1974-12-30,18145269,7163130.084259197,23,23
1974-12-31,19433390,6828207.902979776,23,23
1975-01-02,23374012,9941882.802618027,23,23
1975-01-03,28722181,11315796.076597258,23,23
1975-01-06,22451887,8594277.564817607,23,23
1975-01-07,19263520,7991359.082193375,23,23
1975-01-08,19768464,8251369.415719897,23,23
1975-01-09,23376441,9361288.574301288,23,23
1975-01-10,49343920,19801578.51648003,23,23
1975-01-13,36438721,14348870.116897494,23,23
1975-01-14,46670128,15040629.046570837,23,23
1975-01-15,33786573,16841204.8293809,23,23
1975-01-16,28266023,12533434.782007962,23,23
1975-01-17,26726132,12281798.432093173,23,23
1975-01-20,21652796,10105535.840474516,23,23
1975-01-21,21186191,8922560.210817307,23,23
1975-01-22,21765351,7658093.1235044,23,23
1975-01-23,30430131,11590745.17704773,23,23
1975-01-24,29099490,12423134.833649665,23,23
1975-01-27,43637672,14266832.574954376,23,23
1975-01-28,45419598,26251698.128720105,23,23
1975-01-29,41685415,21906566.567385986,23,23
1975-01-30,42730342,22439688.610611707,23,23
1975-01-31,32645686,14250996.866145968,23,23
1975-02-03,30639310,13711541.141429901,23,23
1975-02-04,35026101,15329461.085784197,23,23
1975-02-05,39163429,18948091.581681326,23,23
1975-02-06,51055529,23775182.47733651,23,23
1975-02-07,35539439,16276906.85911502,23,23
1975-02-10,22710389,11979126.584335133,23,23
1975-02-11,29145406,15250070.827728659,23,23
1975-02-12,31322642,15111486.13073957,23,23
1975-02-13,69301924,34010880.61466889,23,23
1975-02-14,43500406,20218007.547579154,23,23
1975-02-18,33500131,17664147.725643426,23,23
1975-02-19,27546979,14937109.615589827,23,23
1975-02-20,30175764,15714742.477213144,23,23
1975-02-21,43168663,21860486.158069924,23,23
1975-02-24,30659925,15180541.267387971,23,23
1975-02-25,33047727,18293965.823548004,23,23
1975-02-26,27155703,15706964.820258915,23,23
1975-02-27,20337441,11850120.679143488,23,23
1975-02-28,21339285,11325928.961616859,23,23
1975-03-03,34866435,17452181.298785806,23,23
1975-03-04,51922983,27121643.92554547,23,23
1975-03-05,42316604,22523311.635291696,23,23
1975-03-06,36179747,16359985.904629529,23,23
1975-03-07,40882503,18540186.737491786,23,23
1975-03-10,30913321,16105731.880282938,23,23
1975-03-11,31645657,16993012.141416922,23,23
1975-03-12,29466242,17410526.970820308,23,23
1975-03-13,25717315,14978383.326024622,23,23
1975-03-14,29789595,14437958.467342451,23,23
1975-03-17,33879635,15895752.9345126,23,23
1975-03-18,44801515,22491674.749757975,23,23
1975-03-19,32410323,16220970.508266896,23,23
1975-03-20,29569841,14879073.935765058,23,23
1975-03-21,23609342,11918645.746716112,23,23
1975-03-24,28599454,14118972.236444607,23,23
1975-03-25,35600448,17841463.43776062,23,23
1975-03-26,27452616,13817721.212434486,23,23
1975-03-27,27612152,15287879.0600041,23,23
1975-03-31,18362412,10082549.927822828,23,23
1975-04-01,30677803,13625518.363287523,23,23
1975-04-02,26711123,14208640.234378874,23,23
1975-04-03,22819297,14527301.451071993,23,23
1975-04-04,28310079,17658477.855501592,23,23
1975-04-07,27339755,12352623.867260829,23,23
1975-04-08,23631675,12703568.191028982,23,23
1975-04-09,26789396,16092206.560423955,23,23
1975-04-10,40832838,21923152.46060194,23,23
1975-04-11,25194999,14416129.485837251,23,23
1975-04-14,37970385,14908001.85210155,23,23
1975-04-15,44719659,22389152.20557645,23,23
1975-04-16,39890424,21063859.926942497,23,23
1975-04-17,47166483,23275900.85406673,23,23
1975-04-18,29603143,16211410.133900955,23,23
1975-04-21,24218448,13350345.922611848,23,23
1975-04-22,27488528,15429687.960919246,23,23
1975-04-23,28131620,16952175.44427286,23,23
1975-04-24,39399264,22109525.752106726,23,23
1975-04-25,26280135,15635555.358930469,23,23
1975-04-28,21800486,13231304.851651281,23,23
1975-04-29,22658278,13316485.356902942,23,23
1975-04-30,20945310,12686891.411294922,23,23
1975-05-01,39970395,22047831.802130803,23,23
1975-05-02,31889463,19293919.61822243,23,23
1975-05-05,30271900,19642786.81599146,23,23
1975-05-06,37757053,22835987.205812782,23,23
1975-05-07,35622392,22469924.16262874,23,23
1975-05-08,22249592,14587968.568832397,23,23
1975-05-09,32541791,21583071.971575975,23,23
1975-05-12,20848432,15525777.138308495,23,23
1975-05-13,29166014,19433483.497953013,23,23
1975-05-14,30788606,20239623.63479787,23,23
1975-05-15,30767818,19841736.64250201,23,23
1975-05-16,19723821,12041273.274387002,23,23
1975-05-19,19409583,12163787.231568098,23,23
1975-05-20,22512040,13471746.398021638,23,23
1975-05-21,24656337,16779566.219683856,23,23
1975-05-22,22649028,13739066.731425136,23,23
1975-05-23,26025876,13115535.822202057,23,23
1975-05-27,24247288,13730792.070870265,23,23
1975-05-28,27295004,15064841.305642575,23,23
1975-05-29,21180110,11730045.881890625,23,23
1975-05-30,25451828,13843202.49086216,23,23
1975-06-02,34689678,18243253.10535568,23,23
1975-06-03,35185870,17316124.58117658,23,23
1975-06-04,27729210,14654297.103733093,23,23
1975-06-05,28270107,16024209.187328458,23,23
1975-06-06,25608258,13202277.998999119,23,23
1975-06-09,29883446,14999066.807734072,23,23
1975-06-10,28779951,14842313.723398209,23,23
1975-06-11,23572658,13014060.778953016,23,23
1975-06-12,21353058,12646509.079192042,23,23
1975-06-13,22945305,14249971.566420168,23,23
1975-06-16,20051492,10882005.825837195,23,23
1975-06-17,21759671,11800353.048421413,23,23
1975-06-18,18624823,10465543.500395626,23,23
1975-06-19,26448237,14115303.167990029,23,23
1975-06-20,32763894,18492788.729792893,23,23
1975-06-23,30301365,13633157.343951821,23,23
1975-06-24,28650189,15837103.374573708,23,23
1975-06-25,19506477,12166193.8433761,23,23
1975-06-26,24083939,13261370.452137142,23,23
1975-06-27,22828394,12130800.953058094,23,23
1975-06-30,14430164,8979913.3777076,23,23
1975-07-01,20019527,10503386.030357629,23,23
1975-07-02,17379235,10698342.233578116,23,23
1975-07-03,21267578,11116331.17123574,23,23
1975-07-07,18017148,11443955.20192349,23,23
1975-07-08,20372452,10816514.899936229,23,23
1975-07-09,23522324,14768717.551926076,23,23
1975-07-10,28926379,17286996.647207975,23,23
1975-07-11,22030501,15384227.103696287,23,23
1975-07-14,18583062,12938907.863219261,23,23
1975-07-15,21032064,12404187.92343527,23,23
1975-07-16,26726575,13278663.54644683,23,23
1975-07-17,22153934,14322054.063471228,23,23
1975-07-18,16505024,12003945.51152955,23,23
1975-07-21,15853779,9821327.63591966,23,23
1975-07-22,25633631,14783094.527284592,23,23
1975-07-23,24835163,15135605.054241866,23,23
1975-07-24,26600040,16260086.284990638,23,23
1975-07-25,22441891,13791477.66022864,23,23
1975-07-28,20765201,11152812.81750542,23,23
1975-07-29,24170361,13249454.950417936,23,23
1975-07-30,22676142,12872964.246412277,23,23
1975-07-31,20136137,11816439.053734928,23,23
1975-08-01,22688561,10827012.02807653,23,23
1975-08-04,22550758,12917588.171363026,23,23
1975-08-05,29326603,14573678.689869732,23,23
1975-08-06,37904758,16900061.811982006,23,23
1975-08-07,20708528,11620190.63118574,23,23
1975-08-08,16081932,9283008.415866911,23,23
1975-08-11,20874456,9503721.636349231,23,23
1975-08-12,24648498,12672355.227363735,23,23
1975-08-13,22186468,10065473.483821511,23,23
1975-08-14,20300408,10772014.068883404,23,23
1975-08-15,17326275,9173822.93391338,23,23
1975-08-18,18806615,7421383.12052466,23,23
1975-08-19,22433026,9707299.684091449,23,23
1975-08-20,34421777,16185803.075953782,23,23
1975-08-21,51291490,18935873.26924479,23,23
1975-08-22,33472014,13158962.720609382,23,23
1975-08-25,18421121,9247784.475955382,23,23
1975-08-26,18760578,8630989.983989418,23,23
1975-08-27,18665894,8685295.242236942,23,23
1975-08-28,23971550,13587343.940751255,23,23
1975-08-29,24200878,12144787.202480048,23,23
1975-09-02,18836784,8961816.819570258,23,23
1975-09-03,18826785,10219380.19994536,23,23
1975-09-04,19112712,9199255.779387072,23,23
1975-09-05,17903221,8591743.204080641,23,23
1975-09-08,13116243,6781526.753214881,23,23
1975-09-09,22890782,12477140.579372555,23,23
1975-09-10,23974198,12065393.43344611,23,23
1975-09-11,14015199,8012678.164428443,23,23
1975-09-12,17595146,10185759.507065102,23,23
1975-09-15,10754612,5923613.514238089,23,23
1975-09-16,17937060,9530818.108534276,23,23
1975-09-17,12561242,6761712.059046671,23,23
1975-09-18,21103566,11796010.323732138,23,23
1975-09-19,36020329,19209683.404269308,23,23
1975-09-22,24521514,12866699.12449658,23,23
1975-09-23,28885030,14935898.457450092,23,23
1975-09-24,28633992,15677387.37613459,23,23
1975-09-25,19440610,10940250.338907197,23,23
1975-09-26,23825637,13822836.993320644,23,23
1975-09-29,16424532,10414850.994578749,23,23
1975-09-30,21377365,12485815.302553415,23,23
1975-10-01,21612271,11871903.851875097,23,23
1975-10-02,18969644,11784106.306000322,23,23
1975-10-03,22425644,13626653.693669796,23,23
1975-10-06,28551190,17920412.312600374,23,23
1975-10-07,19771846,13052081.613538086,23,23
1975-10-08,28596718,17101653.607724577,23,23
1975-10-09,23829748,16044390.65482232,23,23
1975-10-10,18767262,11378182.437963173,23,23
1975-10-13,15662018,10004939.507708713,23,23
1975-10-14,34663446,19876400.40030195,23,23
1975-10-15,21225977,12438379.429701567,23,23
1975-10-16,28190618,17778592.699749023,23,23
1975-10-17,24456443,13796777.207458049,23,23
1975-10-20,17968073,11569672.97447005,23,23
1975-10-21,28046779,18222495.768487453,23,23
1975-10-22,23618759,14238135.39574194,23,23
1975-10-23,21834713,15012028.433088958,23,23
1975-10-24,25032955,15592143.471856952,23,23
1975-10-27,17537382,11272886.428544775,23,23
1975-10-28,20774824,13053065.210047603,23,23
1975-10-29,24012686,14398794.050268158,23,23
1975-10-30,20330440,12014671.047215194,23,23
1975-10-31,15893816,9124622.300296009,23,23
1975-11-03,16392888,7914876.180302829,23,23
1975-11-04,17701349,9612696.153337091,23,23
1975-11-05,27238634,17017348.537356228,23,23
1975-11-06,27524817,14884877.152831405,23,23
1975-11-07,25007497,14160272.678129077,23,23
1975-11-10,18622096,8513042.431559741,23,23
1975-11-11,19866121,11104874.235074908,23,23
1975-11-12,30981499,17847661.99967739,23,23
1975-11-13,39187409,19596094.65087819,23,23
1975-11-14,25483460,12446863.534279674,23,23
1975-11-17,21485971,12272200.600709587,23,23
1975-11-18,32633839,16005589.087156922,23,23
1975-11-19,21404123,12937029.577265263,23,23
1975-11-20,17666744,10580768.281419635,23,23
1975-11-21,19591888,11024496.124347985,23,23
1975-11-24,15745606,8740871.68351823,23,23
1975-11-25,25429125,12852707.2442794,23,23
1975-11-26,24428468,12870545.612078339,23,23
1975-11-28,13825773,8547803.393689156,23,23
1975-12-01,17939884,11426787.216360718,23,23
1975-12-02,25514824,13051358.519613385,23,23
1975-12-03,32704494,19238999.974881172,23,23
1975-12-04,26438259,15591538.527735233,23,23
1975-12-05,19387540,12669720.97584629,23,23
1975-12-08,20875971,14090017.816418558,23,23
1975-12-09,22230975,11465286.46537885,23,23
1975-12-10,17976718,9919223.645645171,23,23
1975-12-11,24366395,12100212.769049048,23,23
1975-12-12,16319865,9685223.422178224,23,23
1975-12-15,15777641,8124312.946613058,23,23
1975-12-16,22811060,12909020.324368298,23,23
1975-12-17,27018988,14667258.806895271,23,23
1975-12-18,25230824,14371594.808244243,23,23
1975-12-19,19813980,11243940.184444577,23,23
1975-12-22,18469502,9527122.124074325,23,23
1975-12-23,20237939,12350410.53109181,23,23
1975-12-24,10639119,5854673.846471876,23,23
1975-12-26,7726811,4744526.8112683,23,23
1975-12-29,13319865,8398798.285754919,23,23
1975-12-30,16000684,8921473.742960036,23,23
1975-12-31,11292658,7565580.653212965,23,23
1976-01-02,11534523,8163717.587821007,23,23
1976-01-05,23044529,14479847.133300513,23,23
1976-01-06,34547860,23627838.372012675,23,23
1976-01-07,39481316,25083363.11803341,23,23
1976-01-08,36574897,24455118.590605915,23,23
1976-01-09,33743054,21680323.259394735,23,23
1976-01-12,35463648,24917495.082197905,23,23
1976-01-13,47001628,29788229.33614734,23,23
1976-01-14,41621706,25158180.227605313,23,23
1976-01-15,41015780,29477200.665980518,23,23
1976-01-16,31902066,21207479.24125293,23,23
1976-01-19,32680504,20413827.442785442,23,23
1976-01-20,42085834,27048541.838710904,23,23
1976-01-21,44229406,30399116.983279705,23,23
1976-01-22,27046536,17267528.520777732,23,23
1976-01-23,37441603,23069044.039999455,23,23
1976-01-26,42620047,26997589.98899913,23,23
1976-01-27,53595106,29271427.83025992,23,23
1976-01-28,39107180,21501870.926399797,23,23
1976-01-29,38128302,26313468.070249736,23,23
1976-01-30,45046116,31684824.328175664,23,23
1976-02-02,27863888,20395063.853031665,23,23
1976-02-03,39915120,26035046.632334203,23,23
1976-02-04,38807412,26276318.76769787,23,23
1976-02-05,40248068,27136320.126624823,23,23
1976-02-06,31957088,23593777.689647287,23,23
1976-02-09,28086515,17598017.53707847,23,23
1976-02-10,34724381,21829859.262968004,23,23
1976-02-11,33225960,22505710.649700463,23,23
1976-02-12,27345123,16112555.341776818,23,23
1976-02-13,28898184,17018740.470749736,23,23
1976-02-17,28001177,16680521.52087909,23,23
1976-02-18,35512436,20105790.72774616,23,23
1976-02-19,35836265,26022930.292360634,23,23
1976-02-20,45767726,29628174.664360642,23,23
1976-02-23,34966683,20792012.06293419,23,23
1976-02-24,32887580,22068884.978649914,23,23
1976-02-25,36185848,23568771.911625445,23,23
1976-02-26,37429676,22116778.21632415,23,23
1976-02-27,30634117,21390842.19233066,23,23
1976-03-01,29619400,17330749.843682826,23,23
1976-03-02,36754668,23909865.85692033,23,23
1976-03-03,31139312,18974311.937978297,23,23
1976-03-04,28242468,19588043.4599905,23,23
1976-03-05,26986771,16789431.1813045,23,23
1976-03-08,24579731,17110497.10589242,23,23
1976-03-09,37165307,24548915.15565884,23,23
1976-03-10,29268485,17254347.412852675,23,23
1976-03-11,29811686,20575878.798170745,23,23
1976-03-12,32974842,20440548.953491807,23,23
1976-03-15,29762859,19490341.355051592,23,23
1976-03-16,35937886,20567604.26400511,23,23
1976-03-17,29647264,19487139.230043054,23,23
1976-03-18,27362511,18293402.781587154,23,23
1976-03-19,24182069,16436321.93104072,23,23
1976-03-22,26006572,17484063.85813129,23,23
1976-03-23,35189041,21892166.7514164,23,23
1976-03-24,48447635,32452404.967920125,23,23
1976-03-25,33135407,20674299.768428802,23,23
1976-03-26,24539094,16944378.164852142,23,23
1976-03-29,20446338,13631765.235322252,23,23
1976-03-30,20513823,14822568.018699259,23,23
1976-03-31,22508766,15740979.146361858,23,23
1976-04-01,30796741,18589362.165213823,23,23
1976-04-02,23953483,15731068.900699496,23,23
1976-04-05,33037280,24269228.9745093,23,23
1976-04-06,33862715,21337661.397431374,23,23
1976-04-07,29383892,18322548.003555313,23,23
1976-04-08,40219913,24395251.00452082,23,23
1976-04-09,19504226,15776505.191358373,23,23
1976-04-12,24104858,19536142.488681406,23,23
1976-04-13,21918403,18659928.28602636,23,23
1976-04-14,28077216,21341909.153761,23,23
1976-04-15,22678260,19696131.51469475,23,23
1976-04-19,23107353,18857656.58822161,23,23
1976-04-20,37022322,27433442.667617798,23,23
1976-04-21,36184016,29513955.816208065,23,23
1976-04-22,28881819,20734186.359256715,23,23
1976-04-23,37700220,21069413.00470206,23,23
1976-04-26,26078539,16222530.74986887,23,23
1976-04-27,23354710,15655700.21770668,23,23
1976-04-28,23732918,16192615.735560954,23,23
1976-04-29,31583021,19727664.781146944,23,23
1976-04-30,23147622,14676257.303072393,23,23
1976-05-03,29119056,19065826.35118383,23,23
1976-05-04,29528947,17131428.502384692,23,23
1976-05-05,25685381,16724164.32437548,23,23
1976-05-06,26790414,16790503.580091864,23,23
1976-05-07,39168876,20112733.966952056,23,23
1976-05-10,35547629,23118729.767207563,23,23
1976-05-11,52358021,30780944.072239906,23,23
1976-05-12,31757287,19732971.143949836,23,23
1976-05-13,28998009,16830608.442603618,23,23
1976-05-14,23325671,14897114.130028427,23,23
1976-05-17,24721287,15150323.660725683,23,23
1976-05-18,32280494,19428890.20351264,23,23
1976-05-19,29665484,17491783.35950604,23,23
1976-05-20,39624359,22802639.425067186,23,23
1976-05-21,29135140,17122173.01284182,23,23
1976-05-24,34992211,18927838.259987622,23,23
1976-05-25,31186224,19047658.48829092,23,23
1976-05-26,24295580,13894162.703988642,23,23
1976-05-27,29445297,19598425.776112705,23,23
1976-05-28,24249781,16687176.706402004,23,23
1976-06-01,18445396,11955131.221615463,23,23
1976-06-02,24245808,16533649.241394788,23,23
1976-06-03,28852921,17301026.038508326,23,23
1976-06-04,27170301,18191451.9773854,23,23
1976-06-07,21830286,14023105.397648275,23,23
1976-06-08,30337278,18381266.925517082,23,23
1976-06-09,22546022,14125961.571068704,23,23
1976-06-10,34568367,23541690.340528786,23,23
1976-06-11,32932629,20794117.702198446,23,23
1976-06-14,33187138,24784123.87238601,23,23
1976-06-15,25357675,19954222.124007702,23,23
1976-06-16,27422181,21660081.72768846,23,23
1976-06-17,38276534,25577438.69655302,23,23
1976-06-18,30408967,23899155.6152851,23,23
1976-06-21,24291995,19087488.31312889,23,23
1976-06-22,24180486,20413095.22267586,23,23
1976-06-23,30373241,22369195.84367147,23,23
1976-06-24,30922253,24498587.60229659,23,23
1976-06-25,20456309,17893761.388546526,23,23
1976-06-28,24866783,15380237.37021783,23,23
1976-06-29,28165147,16842764.90196854,23,23
1976-06-30,27472525,17057328.8641015,23,23
1976-07-01,29989514,20644193.090539336,23,23
1976-07-02,21023807,15008142.655364335,23,23
1976-07-06,24612837,17296808.55581349,23,23
1976-07-07,29732292,22315518.063744247,23,23
1976-07-08,30857553,23007794.200531423,23,23
1976-07-09,33200974,21682622.56633404,23,23
1976-07-12,29109048,18597539.99878311,23,23
1976-07-13,34470675,25556925.10133195,23,23
1976-07-14,34319141,26326009.497480035,23,23
1976-07-15,39639477,31613637.505075008,23,23
1976-07-16,33333973,36079794.61047506,23,23
1976-07-19,25964946,22087750.500350595,23,23
1976-07-20,28786365,21424006.53328848,23,23
1976-07-21,22485941,14997362.115688115,23,23
1976-07-22,23409680,16329148.891753644,23,23
1976-07-23,24984304,16754208.483195573,23,23
1976-07-26,20351664,13365061.713888913,23,23
1976-07-27,25359860,17972974.027326494,23,23
1976-07-28,33784248,21444109.996776342,23,23
1976-07-29,20958154,13518858.81122616,23,23
1976-07-30,19612380,13086870.462915659,23,23
1976-08-02,16084290,11405356.595112264,23,23
1976-08-03,37876009,17895037.66329816,23,23
1976-08-04,35015681,25202682.00064999,23,23
1976-08-05,23656481,13691888.585537493,23,23
1976-08-06,22241908,14948054.871847838,23,23
1976-08-09,18001817,11777118.968247443,23,23
1976-08-10,31108108,20278138.308540553,23,23
1976-08-11,32014197,20329502.644241124,23,23
1976-08-12,18255349,12236801.249504209,23,23
1976-08-13,20409982,13791522.85649535,23,23
1976-08-16,28144444,21108802.88290286,23,23
1976-08-17,27043632,18756234.672935843,23,23
1976-08-18,36797951,21273007.686567605,23,23
1976-08-19,27715866,18102039.22042814,23,23
1976-08-20,46948720,19560216.104335338,23,23
1976-08-23,44001296,19815844.0284369,23,23
1976-08-24,32833171,17482151.08109197,23,23
1976-08-25,46347783,23618176.899775565,23,23
1976-08-26,35880343,20157401.369149476,23,23
1976-08-27,18253213,12033968.833041847,23,23
1976-08-30,17653197,11494179.30796586,23,23
1976-08-31,27587290,15497266.316357672,23,23
1976-09-01,35158294,19189606.03013721,23,23
1976-09-02,30798914,18598953.77119024,23,23
1976-09-03,18908747,11287297.999384403,23,23
1976-09-07,24096384,16759897.050385073,23,23
1976-09-08,30504112,20026461.658257097,23,23
1976-09-09,21006660,13392416.889125615,23,23
1976-09-10,22696417,13670207.681011751,23,23
1976-09-13,16632107,12615433.978954881,23,23
1976-09-14,18538324,11075590.49277182,23,23
1976-09-15,18897248,14121687.620034486,23,23
1976-09-16,31565979,21327788.958401144,23,23
1976-09-17,47703571,28851548.38358605,23,23
1976-09-20,34944051,23082045.083656862,23,23
1976-09-21,42943931,29309057.811072886,23,23
1976-09-22,50737413,42009145.28759669,23,23
1976-09-23,34668047,26698945.271257967,23,23
1976-09-24,23900687,16543281.00086692,23,23
1976-09-27,19881185,14310035.42852649,23,23
1976-09-28,23164650,16812974.184452176,23,23
1976-09-29,25818219,20385381.74174109,23,23
1976-09-30,20192578,15924427.672271878,23,23
1976-10-01,33445364,20935883.371683598,23,23
1976-10-04,22886544,16035584.214165047,23,23
1976-10-05,34889392,25395612.934337676,23,23
1976-10-06,38028823,26687931.632414073,23,23
1976-10-07,30295792,24007270.127769083,23,23
1976-10-08,34441730,22263522.150850162,23,23
1976-10-11,19195316,13963788.620899945,23,23
1976-10-12,23948828,19904377.23142603,23,23
1976-10-13,36965377,27704578.637732953,23,23
1976-10-14,25875327,19962486.07724303,23,23
1976-10-15,38853092,24315899.616076857,23,23
1976-10-18,28441435,18107514.36839491,23,23
1976-10-19,25734782,18377240.233796716,23,23
1976-10-20,21782142,14793439.320414945,23,23
1976-10-21,22106289,17213902.40673071,23,23
1976-10-22,25597909,19700893.296513796,23,23
1976-10-25,17518003,12523793.77216202,23,23
1976-10-26,25970676,16870297.030223593,23,23
1976-10-27,23645595,16496980.37683779,23,23
1976-10-28,23224312,15770121.236109495,23,23
1976-10-29,26030777,19885781.83354771,23,23
1976-11-01,27719874,17363481.703528106,23,23
1976-11-03,33402289,21725290.497948527,23,23
1976-11-04,25848636,17642073.208079785,23,23
1976-11-05,34793157,21721970.786251172,23,23
1976-11-08,26679294,20024013.40006712,23,23
1976-11-09,33651124,21398862.22515388,23,23
1976-11-10,27578901,16813721.78149146,23,23
1976-11-11,15564757,9972899.508795276,23,23
1976-11-12,26875324,16217077.095127419,23,23
1976-11-15,25998847,17436233.33819315,23,23
1976-11-16,29265539,19802099.327216238,23,23
1976-11-17,31527190,20626412.785501838,23,23
1976-11-18,30544345,19281277.24034658,23,23
1976-11-19,38035630,21240591.3844575,23,23
1976-11-22,29604753,17803399.922373027,23,23
1976-11-23,26627246,14594055.204362243,23,23
1976-11-24,27571875,17278031.470532745,23,23
1976-11-26,24447293,16370844.730570138,23,23
1976-11-29,21305345,16154575.275176495,23,23
1976-11-30,20162803,12593872.842900842,23,23
1976-12-01,33655421,21495657.315262973,23,23
1976-12-02,30929228,19747478.555085078,23,23
1976-12-03,37952109,26312173.77035226,23,23
1976-12-06,33245527,18653666.1398789,23,23
1976-12-07,28259811,18628500.233356938,23,23
1976-12-08,42707124,23511661.868486047,23,23
1976-12-09,41486806,26874297.72852698,23,23
1976-12-10,35393709,19588309.835487187,23,23
1976-12-13,24908305,17284681.642336786,23,23
1976-12-14,41111083,24305174.00761023,23,23
1976-12-15,42726173,25838182.31109363,23,23
1976-12-16,33107384,21278551.864739,23,23
1976-12-17,34128422,23680544.789810598,23,23
1976-12-20,34522656,18249222.70622146,23,23
1976-12-21,43615048,26142742.07339114,23,23
1976-12-22,41182084,25965157.593503296,23,23
1976-12-23,36541708,21651503.10023254,23,23
1976-12-27,32619072,18606061.663472056,23,23
1976-12-28,38979367,26244208.267126948,23,23
1976-12-29,28077010,16856977.878212795,23,23
1976-12-30,25473507,15997134.726377517,23,23
1976-12-31,17983606,13173143.079141974,23,23
1977-01-03,35217795,17070000.39117703,23,23
1977-01-04,29100283,16504196.290405124,23,23
1977-01-05,29696750,16887153.26574081,23,23
1977-01-06,31376408,19598123.932873935,23,23
1977-01-07,28440560,19361803.54315859,23,23
1977-01-10,24389079,17425311.44742793,23,23
1977-01-11,35899279,20531524.202226683,23,23
1977-01-12,41554448,26996569.65025629,23,23
1977-01-13,34280277,23285261.384640336,23,23
1977-01-14,32897310,23001851.15764475,23,23
1977-01-17,26122995,21589348.752593696,23,23
1977-01-18,37197092,26146698.7892479,23,23
1977-01-19,27641177,22791023.089583725,23,23
1977-01-20,37826856,24483718.454320937,23,23
1977-01-21,35539270,29329297.8431471,23,23
1977-01-24,26700736,20981656.441482514,23,23
1977-01-25,40710927,25822717.689377367,23,23
1977-01-26,40808967,22776585.90929255,23,23
1977-01-27,38271230,21153218.55430278,23,23
1977-01-28,38756193,23230159.6980353,23,23
1977-01-31,33705734,21626559.36209613,23,23
1977-02-01,31372057,20503862.399831712,23,23
1977-02-02,32817334,22507117.040897384,23,23
1977-02-03,33443283,19384606.412146598,23,23
1977-02-04,29379482,18656428.45730208,23,23
1977-02-07,28309351,17929930.165932745,23,23
1977-02-08,30339147,20421747.01982212,23,23
1977-02-09,33160707,24781284.840437263,23,23
1977-02-10,34304844,23125746.874969095,23,23
1977-02-11,43546675,26007267.4407506,23,23
1977-02-14,33168310,21948249.78536907,23,23
1977-02-15,37609992,25487798.41165048,23,23
1977-02-16,40608122,25023886.647601068,23,23
1977-02-17,29927574,17238314.107437164,23,23
1977-02-18,28282662,16786229.744489327,23,23
1977-02-22,26412153,17555377.556187928,23,23
1977-02-23,25633348,16963822.12492141,23,23
1977-02-24,27903761,14769350.781211466,23,23
1977-02-25,24756418,16949900.497541368,23,23
1977-02-28,21220293,12629208.88172394,23,23
1977-03-01,37758555,21058485.949525386,23,23
1977-03-02,27174777,17081883.0456385,23,23
1977-03-03,30979507,19535959.671017423,23,23
1977-03-04,35656533,21927039.313330024,23,23
1977-03-07,34518613,18130247.234459132,23,23
1977-03-08,30530948,20882054.322601914,23,23
1977-03-09,38175906,31764250.62440157,23,23
1977-03-10,42831139,24388434.694065094,23,23
1977-03-11,26860361,17403947.328711867,23,23
1977-03-14,28240344,17205112.528706193,23,23
1977-03-15,37471587,23971184.703871995,23,23
1977-03-16,28331521,22478652.990380824,23,23
1977-03-17,30515955,19727218.127258718,23,23
1977-03-18,23948927,17049996.73507151,23,23
1977-03-21,24003696,16076007.873087272,23,23
1977-03-22,26294176,18220507.457317382,23,23
1977-03-23,37973596,23065056.501873285,23,23
1977-03-24,33550672,22807629.52761373,23,23
1977-03-25,21729077,16136757.245552927,23,23
1977-03-28,36378691,18994377.527715683,23,23
1977-03-29,24170014,14929896.508802116,23,23
1977-03-30,27113595,20900227.078924134,23,23
1977-03-31,23772698,13561930.79692103,23,23
1977-04-01,26349983,18352208.835664064,23,23
1977-04-04,25483543,14808525.61578253,23,23
1977-04-05,31433937,19981975.774817646,23,23
1977-04-06,23214578,15182130.64805676,23,23
1977-04-07,25180229,14329779.426664606,23,23
1977-04-11,27619161,18620878.6542255,23,23
1977-04-12,38468270,23484448.79885845,23,23
1977-04-13,32208724,28894244.073632643,23,23
1977-04-14,45553928,30194783.080721498,23,23
1977-04-15,33356992,21476318.197613865,23,23
1977-04-18,27359786,17604105.84136048,23,23
1977-04-19,22624349,15287595.59801215,23,23
1977-04-20,31859986,22246248.642000705,23,23
1977-04-21,33914643,26504160.385589644,23,23
1977-04-22,37441938,27248318.03960526,23,23
1977-04-25,40089174,25796719.528810352,23,23
1977-04-26,34347373,19507260.15732804,23,23
1977-04-27,36842090,23019355.14867468,23,23
1977-04-28,33427347,22552361.81818609,23,23
1977-04-29,28716521,17702600.149466574,23,23
1977-05-02,22193112,15371421.27415362,23,23
1977-05-03,28317662,17752550.27975522,23,23
1977-05-04,34960057,23209988.167714268,23,23
1977-05-05,29560904,20221714.670451105,23,23
1977-05-06,29846322,19680959.512071148,23,23
1977-05-09,25486624,15539978.680899322,23,23
1977-05-10,33238522,20913999.86491278,23,23
1977-05-11,28673329,19335077.199558094,23,23
1977-05-12,30161159,22057086.99237275,23,23
1977-05-13,25429573,17867475.186741784,23,23
1977-05-16,27473522,17129844.07494691,23,23
1977-05-17,25807852,19449045.130186796,23,23
1977-05-18,42295224,25798011.613063544,23,23
1977-05-19,30152435,16981622.737004966,23,23
1977-05-20,38008854,23101176.64682004,23,23
1977-05-23,27389742,19898990.971121013,23,23
1977-05-24,32073106,23954542.529776126,23,23
1977-05-25,38705065,21310461.098425776,23,23
1977-05-26,41162796,22738936.78442639,23,23
1977-05-27,29629837,17683842.0080456,23,23
1977-05-31,27765631,16559110.61607045,23,23
1977-06-01,27438246,21025766.647926494,23,23
1977-06-02,23469616,17554327.50593117,23,23
1977-06-03,30007196,19373295.795523345,23,23
1977-06-06,23094366,16081962.641591012,23,23
1977-06-07,31876244,17568067.30836174,23,23
1977-06-08,30568011,20519180.897607744,23,23
1977-06-09,19784603,14114059.990827084,23,23
1977-06-10,25079081,16387708.90316245,23,23
1977-06-13,37746772,19780971.326968998,23,23
1977-06-14,41849831,27958067.88955742,23,23
1977-06-15,30687574,23555436.693030864,23,23
1977-06-16,34273145,23530310.62182364,23,23
1977-06-17,21341891,13521158.667384759,23,23
1977-06-20,22503972,13982439.518058509,23,23
1977-06-21,32921828,24433613.82524267,23,23
1977-06-22,30330792,19475207.945495635,23,23
1977-06-23,23315112,19193152.97176069,23,23
1977-06-24,29664901,21976960.590370715,23,23
1977-06-27,20034767,11905169.075079143,23,23
1977-06-28,26569390,19118249.777617097,23,23
1977-06-29,29503333,20835683.518665582,23,23
1977-06-30,23000730,17188275.56291735,23,23
1977-07-01,24593519,18109575.699108332,23,23
1977-07-05,22257479,13872673.571496755,23,23
1977-07-06,22703442,16475915.791384578,23,23
1977-07-07,21658553,16302173.108201012,23,23
1977-07-08,26528446,15722901.463248461,23,23
1977-07-11,25640243,17835303.635650814,23,23
1977-07-12,28740688,19193384.16982746,23,23
1977-07-13,19678476,16868574.895137712,23,23
1977-07-15,37814900,37692633.11647618,23,23
1977-07-18,39065393,29627309.644649684,23,23
1977-07-19,42433040,27708789.70545408,23,23
1977-07-20,33439523,21247775.51637031,23,23
1977-07-21,23401601,17449138.34940493,23,23
1977-07-22,21297093,16038829.203917265,23,23
1977-07-25,26450711,19703365.757924616,23,23
1977-07-26,22463273,16315631.66030781,23,23
1977-07-27,24039604,18946211.701616704,23,23
1977-07-28,27160102,18280233.424662948,23,23
1977-07-29,20281673,14897057.849990547,23,23
1977-08-01,26181011,16163514.824208751,23,23
1977-08-02,22755638,13074834.940067038,23,23
1977-08-03,24002374,16123140.513076186,23,23
1977-08-04,29559055,21390127.26978436,23,23
1977-08-05,34725297,18720402.992516994,23,23
1977-08-08,18946622,13843785.790721774,23,23
1977-08-09,30626569,19531699.610015333,23,23
1977-08-10,26166168,16935759.87128511,23,23
1977-08-11,38774206,21379126.555064708,23,23
1977-08-12,25031226,15070768.119655713,23,23
1977-08-15,34326737,20607815.70693016,23,23
1977-08-16,28517347,17511322.14578584,23,23
1977-08-17,33720854,19371940.666977048,23,23
1977-08-18,47834394,21326581.394359797,23,23
1977-08-19,37615646,21056003.614898294,23,23
1977-08-22,29301219,19944788.955413535,23,23
1977-08-23,32946680,18596591.295155257,23,23
1977-08-24,28567023,17497935.273800522,23,23
1977-08-25,26189269,20425864.028079942,23,23
1977-08-26,29270731,19559516.841118455,23,23
1977-08-29,22886724,14173499.141532332,23,23
1977-08-30,24191872,14936709.494876027,23,23
1977-08-31,19735022,13343425.761010632,23,23
1977-09-01,21182607,13831629.415587574,23,23
1977-09-02,17677201,12423396.223909944,23,23
1977-09-06,20515895,15234032.014952272,23,23
1977-09-07,19100293,14554319.11023736,23,23
1977-09-08,19446977,15168914.520306021,23,23
1977-09-09,23928111,18004495.292845577,23,23
1977-09-12,25369556,17045232.606432498,23,23
1977-09-13,17964598,12104412.033268213,23,23
1977-09-14,20737631,11198778.756256059,23,23
1977-09-15,21759850,14955350.47162439,23,23
1977-09-16,22211176,18130756.524727285,23,23
1977-09-19,20900571,15372698.441864133,23,23
1977-09-20,28164753,16088210.644237459,23,23
1977-09-21,24980467,18302298.56803122,23,23
1977-09-22,22531569,14666328.509482712,23,23
1977-09-23,19804161,13913092.935001448,23,23
1977-09-26,22283144,12214535.9586882,23,23
1977-09-27,20668981,15386377.572870776,23,23
1977-09-28,23051267,15728968.868859112,23,23
1977-09-29,27054945,17601025.054797143,23,23
1977-09-30,23888280,15372502.5188528,23,23
1977-10-03,23201681,14988906.762409866,23,23
1977-10-04,28906714,19702735.38771139,23,23
1977-10-05,27363504,16725376.917595267,23,23
1977-10-06,20246284,13319685.857181937,23,23
1977-10-07,16509817,12212299.004145443,23,23
1977-10-10,14559610,6126714.828165382,23,23
1977-10-11,21657619,14200117.20021829,23,23
1977-10-12,41151090,22207701.82110837,23,23
1977-10-13,33068188,19590694.17257759,23,23
1977-10-14,34573999,21228940.856397837,23,23
1977-10-17,18115693,11690173.674575835,23,23
1977-10-18,21338026,12546710.402585953,23,23
1977-10-19,35348743,20087557.113351047,23,23
1977-10-20,25639873,16126187.713144392,23,23
1977-10-21,23000959,17050794.71814093,23,23
1977-10-24,22183334,17005045.770457298,23,23
1977-10-25,34419905,24479563.875794366,23,23
1977-10-26,43084176,30180945.3675884,23,23
1977-10-27,31691258,20290930.18437627,23,23
1977-10-28,23788213,13139674.127166688,23,23
1977-10-31,20352963,12763108.515008569,23,23
1977-11-01,21521840,15712061.517085046,23,23
1977-11-02,34071386,22395211.662774608,23,23
1977-11-03,24029515,18637510.371397033,23,23
1977-11-04,29595215,23220443.02587384,23,23
1977-11-07,26568018,17174447.324714556,23,23
1977-11-08,26379464,14809689.973971292,23,23
1977-11-09,24380891,15205026.282992646,23,23
1977-11-10,39999440,26191557.681949288,23,23
1977-11-11,41259499,30178030.208511293,23,23
1977-11-14,28155419,18374317.05172798,23,23
1977-11-15,38105030,24530719.39300078,23,23
1977-11-16,29370160,18311030.507738054,23,23
1977-11-17,30581464,18097577.164595783,23,23
1977-11-18,26729290,15413410.580733478,23,23
1977-11-21,22164038,13257774.77340585,23,23
1977-11-22,35196351,22188107.920361623,23,23
1977-11-23,46618505,26588458.302464142,23,23
1977-11-25,25166981,12975603.21606031,23,23
1977-11-28,25088016,19220538.54733914,23,23
1977-11-29,30687760,23287307.645044982,23,23
1977-11-30,35168441,24914589.765169114,23,23
1977-12-01,30878960,18482533.73071952,23,23
1977-12-02,28492989,18228318.292918548,23,23
1977-12-05,22091227,14387938.077291667,23,23
1977-12-06,34233729,25354163.27703929,23,23
1977-12-07,33616811,22160086.59329346,23,23
1977-12-08,26681142,17790188.373009145,23,23
1977-12-09,25559170,19801682.239432827,23,23
1977-12-12,24257387,16978109.47270313,23,23
1977-12-13,27202718,13007153.309191495,23,23
1977-12-14,23479077,15781334.250270337,23,23
1977-12-15,26930129,18919459.020748705,23,23
1977-12-16,20714198,13746760.700062573,23,23
1977-12-19,27279474,16464684.434801102,23,23
1977-12-20,32568062,22343018.493962377,23,23
1977-12-21,32336391,22563061.208287477,23,23
1977-12-22,32440538,25291924.509636194,23,23
1977-12-23,25770314,24982313.95870316,23,23
1977-12-27,23725826,15371823.91835761,23,23
1977-12-28,21926957,17445711.289229497,23,23
1977-12-29,27379998,19583944.038890794,23,23
1977-12-30,18814766,17127297.85939239,23,23
1978-01-03,19434031,16407606.075113818,23,23
1978-01-04,42314418,26671255.65729919,23,23
1978-01-05,42719078,31401086.562836707,23,23
1978-01-06,35277881,23347497.12365842,23,23
1978-01-09,36803241,27780363.699936703,23,23
1978-01-10,32454125,28190265.28093627,23,23
1978-01-11,29573301,22061650.939406514,23,23
1978-01-12,29636674,20467462.107393682,23,23
1978-01-13,20593215,14700777.124897033,23,23
1978-01-16,23141703,19161263.76428379,23,23
1978-01-17,26277468,19569189.42625293,23,23
1978-01-18,26130593,18207295.079311818,23,23
1978-01-19,21693782,16340469.662555322,23,23
1978-01-20,14233525,11846525.6653658,23,23
1978-01-23,23462604,22481592.109689355,23,23
1978-01-24,24147337,17806904.034720898,23,23
1978-01-25,25551049,16548182.123688042,23,23
1978-01-26,55734607,24199280.996524632,23,23
1978-01-27,25798064,18208190.135895222,23,23
1978-01-30,60987322,21916581.23907897,23,23
1978-01-31,33861718,17374395.231258184,23,23
1978-02-01,30258961,16294144.36352083,23,23
1978-02-02,34968196,19061443.280806288,23,23
1978-02-03,22971015,16834392.446335495,23,23
1978-02-06,12949903,8999506.204872757,23,23
1978-02-07,18611370,12800194.223377407,23,23
1978-02-08,26193835,16825953.644093394,23,23
1978-02-09,22855947,16232465.575460404,23,23
1978-02-10,25647767,15156457.619968235,23,23
1978-02-13,18951075,15122261.069022238,23,23
1978-02-14,23676794,14449301.722950965,23,23
1978-02-15,27556400,16130306.393310368,23,23
1978-02-16,33866189,20206808.19742018,23,23
1978-02-17,20676873,15530942.777276397,23,23
1978-02-21,23833537,19649233.452198148,23,23
1978-02-22,24402777,16348306.67982322,23,23
1978-02-23,25801048,16468845.585157216,23,23
1978-02-24,26244972,21635426.696176678,23,23
1978-02-27,21645895,13532579.87730883,23,23
1978-02-28,23647746,16865663.397933036,23,23
1978-03-01,27728491,18834634.445029348,23,23
1978-03-02,27885448,22988933.017159134,23,23
1978-03-03,26583772,22116891.444887906,23,23
1978-03-06,16790379,17788732.90946883,23,23
1978-03-07,20713318,19276986.039855123,23,23
1978-03-08,25240613,20414390.98126656,23,23
1978-03-09,31973861,24203470.41538462,23,23
1978-03-10,37414987,28942003.59600632,23,23
1978-03-13,32896172,25621357.314199537,23,23
1978-03-14,29074194,23783859.18021524,23,23
1978-03-15,26231207,17763830.365574017,23,23
1978-03-16,23565005,15711752.382814944,23,23
1978-03-17,29111286,18894676.298198193,23,23
1978-03-20,32482188,21430584.010273993,23,23
1978-03-21,26280155,20578604.666282862,23,23
1978-03-22,26891328,19369376.58512178,23,23
1978-03-23,23565953,17192243.55275671,23,23
1978-03-27,22073722,14802798.532981545,23,23
1978-03-28,25283664,15281136.750322193,23,23
1978-03-29,26677646,15988196.46498853,23,23
1978-03-30,23370123,14005007.669722527,23,23
1978-03-31,26475061,21098497.064730644,23,23
1978-04-03,21763892,16252342.139768153,23,23
1978-04-04,24162443,21742883.4274379,23,23
1978-04-05,30578469,20002524.089970082,23,23
1978-04-06,34006719,24747597.59739478,23,23
1978-04-07,31146151,19461039.58910577,23,23
1978-04-10,27628867,17535937.736235097,23,23
1978-04-11,26848326,20804479.584435403,23,23
1978-04-12,36572882,22513744.29932247,23,23
1978-04-13,38345814,36401205.19573799,23,23
1978-04-14,75529806,52240904.71195191,23,23
1978-04-17,100965308,67410509.0953308,23,23
1978-04-18,50509193,41041862.90250054,23,23
1978-04-19,41244825,30467228.063468754,23,23
1978-04-20,55973697,40061852.63162893,23,23
1978-04-21,38062722,26647718.74349594,23,23
1978-04-24,36043667,28051855.327661827,23,23
1978-04-25,93752773,69906870.91234069,23,23
1978-04-26,58108911,47629651.50954908,23,23
1978-04-27,42108031,33919684.84722203,23,23
1978-04-28,43035273,31828550.664095268,23,23
1978-05-01,51483152,32888521.83018443,23,23
1978-05-02,53835065,34512999.38042721,23,23
1978-05-03,55526006,36058860.965085,23,23
1978-05-04,63123225,44283309.76272015,23,23
1978-05-05,50450948,32397795.09558502,23,23
1978-05-08,30829357,20936106.4528912,23,23
1978-05-09,41452072,28206913.618067235,23,23
1978-05-10,33323950,25165029.190901533,23,23
1978-05-11,40177172,26755909.56193337,23,23
1978-05-12,61469237,42379622.08588308,23,23
1978-05-15,37710367,30051834.528915703,23,23
1978-05-16,63761652,47128287.59009533,23,23
1978-05-17,52734607,40241755.88480361,23,23
1978-05-18,54783402,31860719.360207498,23,23
1978-05-19,39553052,26512536.84881735,23,23
1978-05-22,31534944,21211774.74252738,23,23
1978-05-23,36874601,24811336.193538517,23,23
1978-05-24,35039996,26862756.177604496,23,23
1978-05-25,29144972,20557094.860773012,23,23
1978-05-26,24080564,18150211.547431067,23,23
1978-05-30,22394268,15884129.71496436,23,23
1978-05-31,43283063,29170154.13436675,23,23
1978-06-01,44378677,28655485.871362537,23,23
1978-06-02,35328335,24422867.840782166,23,23
1978-06-05,61444577,42424281.37328035,23,23
1978-06-06,75225389,52247362.094629005,23,23
1978-06-07,48923717,35785071.80944508,23,23
1978-06-08,40578729,32459697.467482984,23,23
1978-06-09,29184052,24723935.66908449,23,23
1978-06-12,41766159,26924804.127013415,23,23
1978-06-13,48331064,28748341.91684699,23,23
1978-06-14,61966625,42336245.07028869,23,23
1978-06-15,30272127,20981274.76754731,23,23
1978-06-16,33783788,22328894.020276576,23,23
1978-06-19,25784653,19001089.74318418,23,23
1978-06-20,32815772,21534253.60238287,23,23
1978-06-21,34830385,23669949.72817141,23,23
1978-06-22,26809521,19723038.478017747,23,23
1978-06-23,27411097,19089125.49266383,23,23
1978-06-26,27182315,19460061.50663635,23,23
1978-06-27,36120812,27464230.039049536,23,23
1978-06-28,20590741,18051235.77130732,23,23
1978-06-29,26485011,20702983.474620104,23,23
1978-06-30,20389107,16024722.271779299,23,23
1978-07-03,14066497,10947634.214138716,23,23
1978-07-05,29737556,21710951.326850206,23,23
1978-07-06,30435986,19522647.82804042,23,23
1978-07-07,27007946,20670637.98135239,23,23
1978-07-10,33898936,22726430.539936334,23,23
1978-07-11,51876520,29906600.248380303,23,23
1978-07-12,27959725,22435033.450497568,23,23
1978-07-13,40031213,20256470.777400598,23,23
1978-07-14,43017730,41533949.82245213,23,23
1978-07-17,40867680,40749442.97111204,23,23
1978-07-18,25430060,22980682.172753826,23,23
1978-07-19,26651951,28899896.1343219,23,23
1978-07-20,49654123,36458017.728266925,23,23
1978-07-21,25284104,22547856.407889545,23,23
1978-07-24,32802429,25138328.72732155,23,23
1978-07-25,33901317,27446236.213158473,23,23
1978-07-26,43923330,43045470.3759543,23,23
1978-07-27,29163206,26838293.90256022,23,23
1978-07-28,37483025,30150623.961093187,23,23
1978-07-31,39269048,33535259.803271323,23,23
1978-08-01,38198207,34438366.9540917,23,23
1978-08-02,65192898,54983319.609473646,23,23
1978-08-03,86685802,74387489.90275568,23,23
1978-08-04,50543706,47335722.339346796,23,23
1978-08-07,41637897,44374879.972554594,23,23
1978-08-08,35590817,41376241.68576312,23,23
1978-08-09,67308562,62615144.93760048,23,23
1978-08-10,47929064,35331913.21442458,23,23
1978-08-11,38599728,29725117.238893867,23,23
1978-08-14,28408386,26951728.040831566,23,23
1978-08-15,65494311,32225483.19339639,23,23
1978-08-16,35798034,40260406.99550125,23,23
1978-08-17,69307173,51798644.79651864,23,23
1978-08-18,42692994,35515395.91376829,23,23
1978-08-21,40262554,31224279.4581905,23,23
1978-08-22,34086647,32739459.03638932,23,23
1978-08-23,48582550,40527687.893243015,23,23
1978-08-24,32410172,28817086.993712604,23,23
1978-08-25,31458597,23961761.092518926,23,23
1978-08-28,19799225,18393275.369960397,23,23
1978-08-29,26583856,20944306.373042107,23,23
1978-08-30,31567502,25831464.873206675,23,23
1978-08-31,25696394,23950024.946168333,23,23
1978-09-01,29028639,25691352.955888838,23,23
1978-09-05,36380819,35529174.403360575,23,23
1978-09-06,45920115,43737292.3781897,23,23
1978-09-07,34253241,28601780.24673015,23,23
1978-09-08,35290944,38089303.022538245,23,23
1978-09-11,34566675,28598160.894738376,23,23
1978-09-12,31562035,27609299.18933189,23,23
1978-09-13,32899219,28510010.579437345,23,23
1978-09-14,30845047,28595076.879810393,23,23
1978-09-15,32988739,26528023.66459745,23,23
1978-09-18,33128002,30188302.212465912,23,23
1978-09-19,30619628,27608098.94015056,23,23
1978-09-20,37408636,32723754.641012013,23,23
1978-09-21,39571258,37893309.663238585,23,23
1978-09-22,33946204,28108357.761803776,23,23
1978-09-25,18191310,17884766.936358422,23,23
1978-09-26,31594386,24232830.09954095,23,23
1978-09-27,31563026,23354381.187505245,23,23
1978-09-28,27517087,23479258.598766595,23,23
1978-09-29,27302393,21112072.135952592,23,23
1978-10-02,24005308,20320030.06794393,23,23
1978-10-03,23143474,22257447.950610787,23,23
1978-10-04,25675212,26165319.638160497,23,23
1978-10-05,45739022,34370698.12658632,23,23
1978-10-06,32409558,22570662.437361628,23,23
1978-10-09,21194452,20213282.24315536,23,23
1978-10-10,28144750,25139229.054294586,23,23
1978-10-11,21518252,21341646.19496791,23,23
1978-10-12,42414207,44379474.49923764,23,23
1978-10-13,21597131,22364315.83510983,23,23
1978-10-16,28492535,24354787.128898457,23,23
1978-10-17,44009786,36444744.55776602,23,23
1978-10-18,34592598,30861972.129051536,23,23
1978-10-19,35510201,27020582.86811781,23,23
1978-10-20,52793574,44126225.262643725,23,23
1978-10-23,41699171,35796693.56093222,23,23
1978-10-24,34804436,26163814.84338215,23,23
1978-10-25,36234791,29835905.713967457,23,23
1978-10-26,38806448,29207828.608826414,23,23
1978-10-27,38883872,31073041.462821737,23,23
1978-10-30,51745982,42899978.187434524,23,23
1978-10-31,42252881,37736847.672582924,23,23
1978-11-01,63739658,52439201.74504042,23,23
1978-11-02,53223651,46817040.84426886,23,23
1978-11-03,41684264,36656863.281807065,23,23
1978-11-06,25834372,21985204.071018457,23,23
1978-11-07,37263166,27712533.37097037,23,23
1978-11-08,31386461,25014426.328775927,23,23
1978-11-09,28642973,28176248.03079599,23,23
1978-11-10,18193092,15555796.22829166,23,23
1978-11-13,23467496,19986186.332546502,23,23
1978-11-14,29189332,28319519.917865306,23,23
1978-11-15,37583831,34625449.86114621,23,23
1978-11-16,26888168,24401354.703395545,23,23
1978-11-17,37842441,28760464.380546227,23,23
1978-11-20,35117678,24749136.027636826,23,23
1978-11-21,22842070,20605463.98627895,23,23
1978-11-22,18373888,16818315.517370284,23,23
1978-11-24,13516875,16233981.857105225,23,23
1978-11-27,18782775,19601624.66980648,23,23
1978-11-28,36537715,30431499.815944403,23,23
1978-11-29,30417690,25307295.937230825,23,23
1978-11-30,25575261,25779472.752147257,23,23
1978-12-01,39974861,38086971.3826987,23,23
1978-12-04,38643374,34752603.9829936,23,23
1978-12-05,35560930,34381585.42360318,23,23
1978-12-06,41487137,42493118.943852246,23,23
1978-12-07,32462322,27333064.557195812,23,23
1978-12-08,23761962,19676021.358006,23,23
1978-12-11,27286321,24770805.68043691,23,23
1978-12-12,30088760,25155112.599496305,23,23
1978-12-13,29022530,24834883.564639002,23,23
1978-12-14,23881479,21767248.74976048,23,23
1978-12-15,27052716,21868100.484080315,23,23
1978-12-18,41780952,33728554.87536308,23,23
1978-12-19,40609137,34821241.62533489,23,23
1978-12-20,39008209,39969378.41969475,23,23
1978-12-21,37994535,32127602.40616837,23,23
1978-12-22,32935481,34618346.04823133,23,23
1978-12-26,30251313,41669958.25281116,23,23
1978-12-27,28630389,32983978.4330782,23,23
1978-12-28,26718488,28734277.120920837,23,23
1978-12-29,22852751,22647676.27264075,23,23
1979-01-02,31751391,34929384.934759885,23,23
1979-01-03,43820457,37423225.211851716,23,23
1979-01-04,47625005,46688449.43011893,23,23
1979-01-05,49807183,39115931.33387248,23,23
1979-01-08,32191113,29794898.058473498,23,23
1979-01-09,48744212,39374274.739156485,23,23
1979-01-10,27561544,23001914.478595212,23,23
1979-01-11,58995094,43742773.951749176,23,23
1979-01-12,69042075,59242849.91133219,23,23
1979-01-15,52387898,41430846.01161176,23,23
1979-01-16,42663489,37750137.924819976,23,23
1979-01-17,36735629,31842193.62373942,23,23
1979-01-18,30758793,23831297.6994673,23,23
1979-01-19,27359745,26392746.43551728,23,23
1979-01-22,26385329,30015449.574913114,23,23
1979-01-23,29352929,30253071.08731106,23,23
1979-01-24,32669857,31040033.986287475,23,23
1979-01-25,44089186,37195452.63038227,23,23
1979-01-26,39720821,35868144.71756843,23,23
1979-01-29,23265135,22167432.76044938,23,23
1979-01-30,32726271,31203177.75286147,23,23
1979-01-31,40649362,31550929.972742975,23,23
1979-02-01,37477801,30376334.648154676,23,23
1979-02-02,29603464,26946943.85935016,23,23
1979-02-05,34724222,33395864.17017886,23,23
1979-02-06,32962350,33892409.27039003,23,23
1979-02-07,40395175,43443791.339162245,23,23
1979-02-08,28727865,26091445.598579347,23,23
1979-02-09,28839325,26904284.483303457,23,23
1979-02-12,25541100,23654725.64762634,23,23
1979-02-13,34627608,33396545.02099529,23,23
1979-02-14,32068152,26483939.971698776,23,23
1979-02-15,20808948,19711841.652379185,23,23
1979-02-16,29459540,21741618.50235489,23,23
1979-02-20,25840010,22718136.43135336,23,23
1979-02-21,29406012,24605101.164728403,23,23
1979-02-22,35585996,29963744.017604187,23,23
1979-02-23,32857818,20902579.54633221,23,23
1979-02-26,24754383,18816472.64345923,23,23
1979-02-27,39084111,33928824.45051542,23,23
1979-02-28,26048834,22561824.21333337,23,23
1979-03-01,27776331,21597002.120928496,23,23
1979-03-02,24743378,19182756.99806285,23,23
1979-03-05,38859825,30974211.476560682,23,23
1979-03-06,37723454,24363872.924526155,23,23
1979-03-07,34480352,23619635.37324898,23,23
1979-03-08,45654138,27646378.893738195,23,23
1979-03-09,45576573,29845286.147172987,23,23
1979-03-12,35345302,24691937.7353985,23,23
1979-03-13,41554150,30430459.054382056,23,23
1979-03-14,27145148,19878155.949810773,23,23
1979-03-15,33497685,21259197.58755189,23,23
1979-03-16,41414894,28281930.992216915,23,23
1979-03-19,45012455,30660561.5186069,23,23
1979-03-20,54833146,34781057.67147717,23,23
1979-03-21,52265203,36710423.72626503,23,23
1979-03-22,46860591,34956436.25215532,23,23
1979-03-23,38885572,29220465.772848845,23,23
1979-03-26,25734430,22577417.82036552,23,23
1979-03-27,35188149,31898189.402388543,23,23
1979-03-28,41838690,38317562.89305031,23,23
1979-03-29,26314329,24959950.553282857,23,23
1979-03-30,25762491,23401828.57224667,23,23
1979-04-02,25403826,23136458.854727954,23,23
1979-04-03,37483960,29469066.585297316,23,23
1979-04-04,40827739,36782961.09680155,23,23
1979-04-05,31009339,28808990.706478715,23,23
1979-04-06,30943803,23984283.661273777,23,23
1979-04-09,25244148,21444045.972328067,23,23
1979-04-10,32087245,27061162.41559109,23,23
1979-04-11,31466420,33372331.17677319,23,23
1979-04-12,28031804,24787077.010731846,23,23
1979-04-16,29847608,23393144.479738265,23,23
1979-04-17,29922947,25170988.898371562,23,23
1979-04-18,29485934,23602412.818315983,23,23
1979-04-19,28925688,23303265.26727867,23,23
1979-04-20,25525731,25708763.89139074,23,23
1979-04-23,31372909,25468113.55412823,23,23
1979-04-24,40678431,30614633.955010384,23,23
1979-04-25,26501972,20607574.14214748,23,23
1979-04-26,24748546,23708776.226040095,23,23
1979-04-27,21388226,20834457.95769903,23,23
1979-04-30,24965841,21549521.30489558,23,23
1979-05-01,29824330,24039378.202162653,23,23
1979-05-02,34865366,24652203.48945114,23,23
1979-05-03,34639849,28324850.70401141,23,23
1979-05-04,28072658,24241535.640053183,23,23
1979-05-07,38114526,26853352.54849142,23,23
1979-05-08,36222526,30350329.16627872,23,23
1979-05-09,32903564,22908858.146523386,23,23
1979-05-10,32615909,25076699.5875175,23,23
1979-05-11,27584753,19591674.2954496,23,23
1979-05-14,24527861,18183407.05805239,23,23
1979-05-15,25252833,21228984.92451355,23,23
1979-05-16,37893013,24006847.574345797,23,23
1979-05-17,39133767,24856301.94183564,23,23
1979-05-18,56363148,27712065.80542788,23,23
1979-05-21,31266118,21004131.650951058,23,23
1979-05-22,33069973,24751161.02782181,23,23
1979-05-23,34928010,22425578.941689074,23,23
1979-05-24,33221986,23342556.29207036,23,23
1979-05-25,24861829,16032888.201896638,23,23
1979-05-29,27855350,19960931.160302907,23,23
1979-05-30,28864089,20661763.61400047,23,23
1979-05-31,35270041,27510723.936442405,23,23
1979-06-01,21472821,16157307.121364042,23,23
1979-06-04,17949234,14037755.061206475,23,23
1979-06-05,28500359,22346618.559718728,23,23
1979-06-06,40657999,29837082.636422753,23,23
1979-06-07,34761248,24506729.503175497,23,23
1979-06-08,30716915,23876151.440145224,23,23
1979-06-11,23562477,19579133.77791047,23,23
1979-06-12,52533295,40127787.51748258,23,23
1979-06-13,36585414,31623426.87639752,23,23
1979-06-14,35808530,31361407.87310791,23,23
1979-06-15,25228007,24704967.56005642,23,23
1979-06-18,28576015,21720237.37883249,23,23
1979-06-19,33824262,21822755.077387035,23,23
1979-06-20,29066506,26092239.782525063,23,23
1979-06-21,31189258,26564968.704518467,23,23
1979-06-22,33650821,22943267.412380666,23,23
1979-06-25,24440409,20154956.030331552,23,23
1979-06-26,42204589,32044637.98860663,23,23
1979-06-27,23532043,20095836.075841337,23,23
1979-06-28,29958755,22991294.594657093,23,23
1979-06-29,30367690,22032103.406388998,23,23
1979-07-02,28880098,21319433.054407775,23,23
1979-07-03,26815345,18457644.97017154,23,23
1979-07-05,28603775,22544462.787638873,23,23
1979-07-06,35593984,32304299.03766471,23,23
1979-07-09,41092085,28322399.09149772,23,23
1979-07-10,43471435,32053082.143059015,23,23
1979-07-11,33734145,27884300.961688846,23,23
1979-07-12,31554756,28155151.168556303,23,23
1979-07-13,39309026,38922737.235159785,23,23
1979-07-16,20721876,20275421.56695713,23,23
1979-07-17,33607843,31122831.922219902,23,23
1979-07-18,44233659,33080556.184569836,23,23
1979-07-19,31091297,23454142.50413041,23,23
1979-07-20,31405728,24839680.207827523,23,23
1979-07-23,26681053,20791341.91720751,23,23
1979-07-24,18788756,16955749.266023576,23,23
1979-07-25,28242398,24352402.265609235,23,23
1979-07-26,34656845,29137641.59934181,23,23
1979-07-27,22873844,20403153.52146837,23,23
1979-07-30,23022753,18410302.230374202,23,23
1979-07-31,33049341,22889710.656567037,23,23
1979-08-01,38859909,27377109.826526314,23,23
1979-08-02,35162260,27845168.36187774,23,23
1979-08-03,28908283,21830900.89989671,23,23
1979-08-06,32059041,24300632.451495677,23,23
1979-08-07,68780935,49082828.489709675,23,23
1979-08-08,54750348,45278476.79811698,23,23
1979-08-09,35682936,31812366.009507775,23,23
1979-08-10,46026784,36081838.40364015,23,23
1979-08-13,45934841,37354156.45951077,23,23
1979-08-14,38228341,33398141.948685795,23,23
1979-08-15,36200342,35252322.63393542,23,23
1979-08-16,47551166,40619005.440113276,23,23
1979-08-17,32700520,24944684.193214715,23,23
1979-08-20,29354131,24273045.296117783,23,23
1979-08-21,24419542,20494106.707874954,23,23
1979-08-22,28874335,26683687.631704688,23,23
1979-08-23,28504584,25811291.695317894,23,23
1979-08-24,26609929,23316283.513854057,23,23
1979-08-27,33174611,28432606.34847516,23,23
1979-08-28,24426227,21636961.797137797,23,23
1979-08-29,26268937,23071086.02548963,23,23
1979-08-30,22311675,17577015.434508502,23,23
1979-08-31,21985120,18937961.29675275,23,23
1979-09-04,30431604,25528527.437917173,23,23
1979-09-05,40920186,36695302.697063,23,23
1979-09-06,29023777,23235044.157760113,23,23
1979-09-07,23785447,24341233.308607012,23,23
1979-09-10,30637430,24970164.931562543,23,23
1979-09-11,39554206,31005981.460446715,23,23
1979-09-12,30008860,33398464.363133192,23,23
1979-09-13,27796631,29024276.860924155,23,23
1979-09-14,38354165,37151348.381317675,23,23
1979-09-17,26176095,30265814.248620242,23,23
1979-09-18,31703010,31405241.09409377,23,23
1979-09-19,36542683,29935618.16293302,23,23
1979-09-20,41463670,34509948.51352835,23,23
1979-09-21,53235438,51496011.310824394,23,23
1979-09-24,29770448,28405545.4284831,23,23
1979-09-25,31234217,33376527.530582964,23,23
1979-09-26,34265993,32123810.9500508,23,23
1979-09-27,28281961,27004854.76522845,23,23
1979-09-28,29642040,26075470.263858497,23,23
1979-10-01,29293093,24370509.59938985,23,23
1979-10-02,44686841,41755919.05252576,23,23
1979-10-03,31319684,31939913.456426293,23,23
1979-10-04,30529388,27159266.27027166,23,23
1979-10-05,43759043,36261973.00395289,23,23
1979-10-08,29224135,26704628.552852243,23,23
1979-10-09,45157330,43959925.53889361,23,23
1979-10-10,74099668,62813687.930164576,23,23
1979-10-11,47769500,39633377.62234771,23,23
1979-10-12,30587800,29132284.3194308,23,23
1979-10-15,37857835,33167573.110103875,23,23
1979-10-16,42987222,41285149.37667853,23,23
1979-10-17,34963283,32369063.883749425,23,23
1979-10-18,30810584,30532908.704721004,23,23
1979-10-19,45547840,35586680.26393506,23,23
1979-10-22,57432716,45397535.45073515,23,23
1979-10-23,35890904,29344556.35845104,23,23
1979-10-24,35255998,29271401.180879653,23,23
1979-10-25,28753153,20712024.304732084,23,23
1979-10-26,26948558,19194450.86446798,23,23
1979-10-29,30533209,18817610.0779953,23,23
1979-10-30,33384275,24043196.037504107,23,23
1979-10-31,27802508,22424135.933264613,23,23
1979-11-01,26961873,19152705.69919023,23,23
1979-11-02,24899786,18105545.258755088,23,23
1979-11-05,24957337,17823560.11376244,23,23
1979-11-06,25389215,19751047.239928544,23,23
1979-11-07,42985609,29271700.132200778,23,23
1979-11-08,42149780,30019488.132656395,23,23
1979-11-09,29018846,24279852.690333784,23,23
1979-11-12,31171256,23858008.4385027,23,23
1979-11-13,29298642,21624191.875047266,23,23
1979-11-14,36325294,27939274.674587548,23,23
1979-11-15,38291294,33106221.051727623,23,23
1979-11-16,33080412,26945961.048056573,23,23
1979-11-19,38524380,28014404.731933415,23,23
1979-11-20,34928365,27866072.803116888,23,23
1979-11-21,49081261,35374759.65451926,23,23
1979-11-23,25628325,20128450.946552306,23,23
1979-11-26,47278510,40877733.72259641,23,23
1979-11-27,87268202,51591290.36773473,23,23
1979-11-28,58020983,38442819.70581764,23,23
1979-11-29,40853661,29094967.09878236,23,23
1979-11-30,36074023,26571213.478761345,23,23
1979-12-03,29239031,23468754.738260627,23,23
1979-12-04,40528559,33027060.29211992,23,23
1979-12-05,41866806,34890260.38834092,23,23
1979-12-06,44986104,32901954.329775333,23,23
1979-12-07,53105623,45501129.66313678,23,23
1979-12-10,39280540,30268949.16808057,23,23
1979-12-11,40398950,33152210.304762542,23,23
1979-12-12,41097017,27385772.72377786,23,23
1979-12-13,37644087,33338952.313616693,23,23
1979-12-14,47511191,37749613.29973534,23,23
1979-12-17,44874181,35700747.39381498,23,23
1979-12-18,46381159,41281585.532930434,23,23
1979-12-19,59753582,41276603.68783867,23,23
1979-12-20,50233645,37223138.01813689,23,23
1979-12-21,34187025,29083642.085668564,23,23
1979-12-24,20925266,14856762.32291302,23,23
1979-12-26,19643819,16955885.266839772,23,23
1979-12-27,33451818,24223510.88407278,23,23
1979-12-28,30989755,25792891.87763393,23,23
1979-12-31,19671858,17338759.123090476,23,23
1980-01-02,50871854,40137582.54880908,23,23
1980-01-03,57344061,50898502.94865778,23,23
1980-01-04,47911937,50125705.07379511,23,23
1980-01-07,55507433,55979230.816043705,23,23
1980-01-08,59582406,58087720.174734205,23,23
1980-01-09,87189113,74305063.53771442,23,23
1980-01-10,75279457,59459189.179872215,23,23
1980-01-11,48578950,40294587.590167135,23,23
1980-01-14,39996967,38763998.31744549,23,23
1980-01-15,53148697,59774309.79441345,23,23
1980-01-16,80408794,84894317.34973949,23,23
1980-01-17,52361611,44005187.986409634,23,23
1980-01-18,56783778,50506041.9332172,23,23
1980-01-21,46053158,43341029.98779738,23,23
1980-01-22,54923901,48221019.76602954,23,23
1980-01-23,67114255,54978564.54263222,23,23
1980-01-24,88645545,75165507.18473804,23,23
1980-01-25,55805762,47170333.58369419,23,23
1980-01-28,62583305,50506758.21455085,23,23
1980-01-29,68110784,56801202.88432479,23,23
1980-01-30,52090947,45462080.535303265,23,23
1980-01-31,66863918,62273538.928901106,23,23
1980-02-01,50617384,45772794.829423845,23,23
1980-02-04,47225840,39402681.46982652,23,23
1980-02-05,45763855,41372942.766353875,23,23
1980-02-06,63813729,53498883.16015339,23,23
1980-02-07,61712191,63288922.989244014,23,23
1980-02-08,58933518,57262331.83206037,23,23
1980-02-11,58094630,57202558.666654795,23,23
1980-02-12,50873921,51040413.23499799,23,23
1980-02-13,76509014,74532253.89229423,23,23
1980-02-14,52581643,51957973.817055106,23,23
1980-02-15,47261349,45318737.69963598,23,23
1980-02-19,39771336,36787549.013711184,23,23
1980-02-20,38804450,37053729.84991109,23,23
1980-02-21,43884239,46408553.16849053,23,23
1980-02-22,52371272,51483511.607736945,23,23
1980-02-25,44292972,42033947.94479793,23,23
1980-02-26,40557655,42435033.04117513,23,23
1980-02-27,49565538,55189659.93984398,23,23
1980-02-28,48069656,46520200.349601746,23,23
1980-02-29,43727323,39909262.97291136,23,23
1980-03-03,37438392,35528603.088890076,23,23
1980-03-04,50397199,46704060.13640842,23,23
1980-03-05,57955873,50790288.07369232,23,23
1980-03-06,67302790,53395801.17214775,23,23
1980-03-07,71955869,60263631.497311115,23,23
1980-03-10,55659613,45795100.42075077,23,23
1980-03-11,65278730,45468532.742966086,23,23
1980-03-12,56486631,42602765.506049365,23,23
1980-03-13,40791221,37267731.65585065,23,23
1980-03-14,48555967,36674248.48038277,23,23
1980-03-17,48383797,39441833.02838394,23,23
1980-03-18,59960479,55713957.38416937,23,23
1980-03-19,39919955,35741200.90357602,23,23
1980-03-20,38145301,33529359.2526246,23,23
1980-03-21,50594899,51812429.65185207,23,23
1980-03-24,44230050,39646985.0957427,23,23
1980-03-25,47688630,49020084.621807516,23,23
1980-03-26,48521734,48219163.606831014,23,23
1980-03-27,63738651,60945703.79229367,23,23
1980-03-28,55525092,45173955.043050915,23,23
1980-03-31,40927666,33508009.99774298,23,23
1980-04-01,47027445,34514768.317426234,23,23
1980-04-02,58589634,82567314.88490921,23,23
1980-04-03,36177376,27363627.226402044,23,23
1980-04-07,40899614,31958301.717847854,23,23
1980-04-08,46672852,35672211.63242763,23,23
1980-04-09,40846201,39088378.42317262,23,23
1980-04-10,39715976,35236282.65760893,23,23
1980-04-11,31845528,30881028.859463573,23,23
1980-04-14,27537247,22613431.455319762,23,23
1980-04-15,36812867,28942022.848593473,23,23
1980-04-16,59182447,40538607.77935386,23,23
1980-04-17,39764908,28814081.553697884,23,23
1980-04-18,29576822,24115103.65201357,23,23
1980-04-21,30323672,28990305.437828362,23,23
1980-04-22,80548194,65543053.81182951,23,23
1980-04-23,51795837,47143911.83241701,23,23
1980-04-24,39965771,32032752.105401397,23,23
1980-04-25,31297859,26302029.582482755,23,23
1980-04-28,39898790,33573407.42220464,23,23
1980-04-29,28162577,23095349.530038685,23,23
1980-04-30,34536519,27968275.937673658,23,23
1980-05-01,39299241,30923116.01203108,23,23
1980-05-02,33636819,33404604.280047953,23,23
1980-05-05,35125879,31932750.587979496,23,23
1980-05-06,52001064,40382045.69406149,23,23
1980-05-07,50762771,38829027.60258478,23,23
1980-05-08,46764998,37866948.13550645,23,23
1980-05-09,34420167,38871979.240383655,23,23
1980-05-12,37114016,30674495.98214096,23,23
1980-05-13,43912761,36408326.47393006,23,23
1980-05-14,59095952,42887549.651618004,23,23
1980-05-15,41125157,30096638.090211034,23,23
1980-05-16,31910932,25850522.184154093,23,23
1980-05-19,33088330,27791413.753430843,23,23
1980-05-20,37708905,32508859.772509634,23,23
1980-05-21,51264563,33127016.03317356,23,23
1980-05-22,60130353,37805041.55286956,23,23
1980-05-23,75825533,61109006.56768674,23,23
1980-05-27,51886647,38978674.89353064,23,23
1980-05-28,55948596,51355647.06625876,23,23
1980-05-29,41574759,34897776.50242522,23,23
1980-05-30,38059310,33556691.678402245,23,23
1980-06-02,38844784,34534963.662347674,23,23
1980-06-03,44430517,38865771.9086501,23,23
1980-06-04,49015424,50068747.55985448,23,23
1980-06-05,47262732,44974893.25013918,23,23
1980-06-06,38177488,31679810.864506185,23,23
1980-06-09,29543716,25533009.76264015,23,23
1980-06-10,42294527,36783063.599702686,23,23
1980-06-11,51276865,47203133.48088211,23,23
1980-06-12,52012617,44930510.06759018,23,23
1980-06-13,35685580,33878508.32430798,23,23
1980-06-16,32078898,34433237.604635715,23,23
1980-06-17,34861343,31882156.06436044,23,23
1980-06-18,49145595,37359727.89630836,23,23
1980-06-19,41514813,31098467.220551044,23,23
1980-06-20,34890718,30601760.637594014,23,23
1980-06-23,35540375,30970319.93958068,23,23
1980-06-24,40472113,35445511.28494355,23,23
1980-06-25,46538962,42627204.01714131,23,23
1980-06-26,39611103,36838275.89815605,23,23
1980-06-27,23897061,23578923.167678773,23,23
1980-06-30,32444992,26041840.78202617,23,23
1980-07-01,31691660,29309992.18517536,23,23
1980-07-02,41425013,38906414.43321812,23,23
1980-07-03,57296602,50709937.448076725,23,23
1980-07-07,46138910,41316551.84760916,23,23
1980-07-08,53594583,45466501.91949046,23,23
1980-07-09,48732552,40042348.682515234,23,23
1980-07-10,42439396,36661458.54642683,23,23
1980-07-11,38960409,33285928.706567705,23,23
1980-07-14,40585092,40506094.28697711,23,23
1980-07-15,78897469,64030891.08295113,23,23
1980-07-16,56419092,49556815.00234777,23,23
1980-07-17,43520329,38900940.63103372,23,23
1980-07-18,54246191,50180241.335997045,23,23
1980-07-21,44971640,43646593.54864961,23,23
1980-07-22,64038610,49560467.94149089,23,23
1980-07-23,46541291,39988832.96328619,23,23
1980-07-24,39081608,36711964.323915154,23,23
1980-07-25,28226785,28202121.85092604,23,23
1980-07-28,27058695,28147124.14179498,23,23
1980-07-29,33017260,33239879.111968517,23,23
1980-07-30,54344450,55141590.439566314,23,23
1980-07-31,54360944,52187215.04123476,23,23
1980-08-01,49119142,44649451.102632225,23,23
1980-08-04,38416976,36557921.598201096,23,23
1980-08-05,41827638,44515394.57419485,23,23
1980-08-06,40840071,42143075.01024479,23,23
1980-08-07,63298994,55973382.7672025,23,23
1980-08-08,58940465,66105097.82214877,23,23
1980-08-11,48554470,44086464.06098968,23,23
1980-08-12,43639393,46961437.38292652,23,23
1980-08-13,43306581,45842546.875040144,23,23
1980-08-14,40625038,41756061.65636873,23,23
1980-08-15,40072183,40647405.75848335,23,23
1980-08-18,44394355,44553090.53605667,23,23
1980-08-19,38386150,40808918.45108569,23,23
1980-08-20,38808064,38322411.1443049,23,23
1980-08-21,39876726,37665799.54297763,23,23
1980-08-22,40083331,46916072.42722431,23,23
1980-08-25,29254344,27831094.669985592,23,23
1980-08-26,29134015,32362946.030518264,23,23
1980-08-27,40111484,43402690.03636333,23,23
1980-08-28,35290558,32098112.13867861,23,23
1980-08-29,36114269,36281787.39860207,23,23
1980-09-02,29174779,29300015.709010154,23,23
1980-09-03,51993025,44130248.01806745,23,23
1980-09-04,60824081,52425112.90164587,23,23
1980-09-05,43783194,34017368.0560821,23,23
1980-09-08,62144002,34223239.73741847,23,23
1980-09-09,54916717,46877581.789636254,23,23
1980-09-10,54527373,44117604.129803,23,23
1980-09-11,61706789,35979368.645575136,23,23
1980-09-12,43886114,32673274.4404006,23,23
1980-09-15,42142665,28625707.108716518,23,23
1980-09-16,63916672,51401419.12987572,23,23
1980-09-17,67890811,61787694.856601655,23,23
1980-09-18,63004924,67115720.27417356,23,23
1980-09-19,63722594,57199411.53623006,23,23
1980-09-22,55459870,52163884.37598795,23,23
1980-09-23,69821072,64232016.23022249,23,23
1980-09-24,53075180,49237658.37229198,23,23
1980-09-25,43229053,44647487.83937353,23,23
1980-09-26,50512789,51112268.89647001,23,23
1980-09-29,52988443,44123049.56024569,23,23
1980-09-30,42648990,40066169.49482092,23,23
1980-10-01,57799241,58072385.06021261,23,23
1980-10-02,42401492,43434077.56724343,23,23
1980-10-03,43730772,45244166.69588697,23,23
1980-10-06,47447650,52782074.31770909,23,23
1980-10-07,47444250,50535015.086027145,23,23
1980-10-08,49825110,67163749.78688252,23,23
1980-10-09,46673755,58579679.179629415,23,23
1980-10-10,54695794,58342088.5067873,23,23
1980-10-13,26005328,27925338.13064286,23,23
1980-10-14,43676668,50370498.164948195,23,23
1980-10-15,43727984,44414902.597460926,23,23
1980-10-16,57724499,72917174.23176384,23,23
1980-10-17,45074771,59947648.04904023,23,23
1980-10-20,38183032,39305125.129366875,23,23
1980-10-21,53726104,54987425.908564985,23,23
1980-10-22,36311946,38935751.73347163,23,23
1980-10-23,38729618,41022671.68969348,23,23
1980-10-24,40063995,41585978.109526336,23,23
1980-10-27,33520974,32618935.90089935,23,23
1980-10-28,39512974,41789491.93746346,23,23
1980-10-29,40311957,37551503.84122375,23,23
1980-10-30,41651849,38303537.13302711,23,23
1980-10-31,73265359,57120635.4404484,23,23
1980-11-03,40861326,39350863.57815051,23,23
1980-11-05,119346885,108346896.50240266,23,23
1980-11-06,73247713,74366041.76043022,23,23
1980-11-07,48697345,47875868.73050049,23,23
1980-11-10,35532399,34387262.92809424,23,23
1980-11-11,42732331,43165450.599639595,23,23
1980-11-12,69125342,81940376.9961954,23,23
1980-11-13,73849513,99049664.83573475,23,23
1980-11-14,63901425,80041200.98729894,23,23
1980-11-17,54256938,59206067.35712582,23,23
1980-11-18,81574004,87774581.26561636,23,23
1980-11-19,64037408,69489419.22666728,23,23
1980-11-20,58070557,58707949.64975527,23,23
1980-11-21,45523458,50522513.638845235,23,23
1980-11-24,53661850,60215930.12665194,23,23
1980-11-25,69184808,63113117.03315109,23,23
1980-11-26,61857080,54232697.48242727,23,23
1980-11-28,30802175,37233164.22533876,23,23
1980-12-01,49851643,49277178.36969745,23,23
1980-12-02,52896815,57033903.814011574,23,23
1980-12-03,47780459,47284062.461539626,23,23
1980-12-04,48802424,53076406.04223335,23,23
1980-12-05,46563490,47691284.95200664,23,23
1980-12-08,47588494,54299697.080735475,23,23
1980-12-09,50262036,59055687.67506486,23,23
1980-12-10,42132352,40239524.72351566,23,23
1980-12-11,68751955,62518094.72426751,23,23
1980-12-12,42382404,43293025.005453676,23,23
1980-12-15,31949567,31724944.738521785,23,23
1980-12-16,46258983,42723935.62372786,23,23
1980-12-17,51525040,48425002.235473126,23,23
1980-12-18,57041383,56337055.63290638,23,23
1980-12-19,51876720,58765816.86080474,23,23
1980-12-22,54720379,49074649.59519407,23,23
1980-12-23,52701903,56315418.91131297,23,23
1980-12-24,26968468,29161529.09954831,23,23
1980-12-26,13652740,17982028.061278164,23,23
1980-12-29,32110358,40728380.67858493,23,23
1980-12-30,35676792,36713328.170906484,23,23
1980-12-31,35163281,33310835.658706903,23,23
1981-01-02,19585402,23339693.227971047,23,23
1981-01-05,53969000,60122068.338074565,23,23
1981-01-06,66178001,72559754.14419085,23,23
1981-01-07,87867422,100051313.44254363,23,23
1981-01-08,67731834,61941669.19138324,23,23
1981-01-09,44666683,46342677.9206008,23,23
1981-01-12,62785061,67137599.83286753,23,23
1981-01-13,49658957,58049113.69420585,23,23
1981-01-14,31615626,34332447.50924432,23,23
1981-01-15,29812865,33554307.439806998,23,23
1981-01-16,48684745,53412697.44217515,23,23
1981-01-19,38366898,37766953.08591053,23,23
1981-01-20,40063604,41638001.09680694,23,23
1981-01-21,37484706,37717846.065228045,23,23
1981-01-22,36411361,33633246.693906456,23,23
1981-01-23,31546803,29843226.77505207,23,23
1981-01-26,28567296,29121285.47468564,23,23
1981-01-27,43401467,35419698.12272596,23,23
1981-01-28,32626150,31436900.11639121,23,23
1981-01-29,38168396,32837946.02891296,23,23
1981-01-30,30166525,30278384.337116897,23,23
1981-02-02,34731173,34628253.502388686,23,23
1981-02-03,45361704,42327327.94949123,23,23
1981-02-04,47801415,45451850.73444229,23,23
1981-02-05,42041380,34596530.86634192,23,23
1981-02-06,46222367,46025899.23175526,23,23
1981-02-09,44729651,41512741.102508545,23,23
1981-02-10,45878411,45360980.9263691,23,23
1981-02-11,38653791,35266896.50873345,23,23
1981-02-12,31685957,31914427.144819736,23,23
1981-02-13,38181786,37814499.39010155,23,23
1981-02-17,39273569,38414465.86567354,23,23
1981-02-18,52641933,41586685.00968945,23,23
1981-02-19,44125586,46427780.62521368,23,23
1981-02-20,38300841,39339353.54520738,23,23
1981-02-23,43082746,46212644.242522925,23,23
1981-02-24,43389943,47593123.71346879,23,23
1981-02-25,44653603,51221289.676265776,23,23
1981-02-26,69368868,74213291.19065663,23,23
1981-02-27,44037842,44323870.59566879,23,23
1981-03-02,43100636,37865666.14073408,23,23
1981-03-03,37532327,37218027.29234666,23,23
1981-03-04,42181641,42320544.106643766,23,23
1981-03-05,42030320,39962158.50405055,23,23
1981-03-06,39392863,43788568.530266404,23,23
1981-03-09,35943183,41621959.750343025,23,23
1981-03-10,57702435,61578092.84816593,23,23
1981-03-11,41896080,46836759.59893754,23,23
1981-03-12,48022884,41412392.41195047,23,23
1981-03-13,53058253,51287665.373134285,23,23
1981-03-16,38572900,43335659.58556092,23,23
1981-03-17,55276336,57480588.41559017,23,23
1981-03-18,41073809,40626164.43636882,23,23
1981-03-19,56154317,49984762.279058486,23,23
1981-03-20,53482997,52807761.66373128,23,23
1981-03-23,53433978,52543792.82269809,23,23
1981-03-24,60559404,66526422.03969461,23,23
1981-03-25,45609833,47443980.72559208,23,23
1981-03-26,69338863,70247828.55360457,23,23
1981-03-27,40190824,41063372.00538427,23,23
1981-03-30,30603374,30097191.63408339,23,23
1981-03-31,36766421,42366319.39906797,23,23
1981-04-01,46904264,52436740.97569308,23,23
1981-04-02,46270271,45582327.74125093,23,23
1981-04-03,43049506,47197272.13856861,23,23
1981-04-06,33001963,38288368.25870955,23,23
1981-04-07,36899826,41454339.59940174,23,23
1981-04-08,43888077,50211189.75565261,23,23
1981-04-09,56618813,58989553.903930336,23,23
1981-04-10,56446158,61098393.15435013,23,23
1981-04-13,55622421,56350924.0202747,23,23
1981-04-14,48858824,56626819.941621065,23,23
1981-04-15,56265547,57293280.72074187,23,23
1981-04-16,60672973,53637149.12930155,23,23
1981-04-20,57996785,58494818.72993073,23,23
1981-04-21,51790607,52538708.919893146,23,23
1981-04-22,56881202,54919033.84511608,23,23
1981-04-23,62365233,63245179.780118644,23,23
1981-04-24,47214335,50992436.37361321,23,23
1981-04-27,35210441,43349265.5796279,23,23
1981-04-28,34580484,42506884.604240686,23,23
1981-04-29,36893669,43211902.95904803,23,23
1981-04-30,40680597,45219913.81161851,23,23
1981-05-01,39197402,41252291.33669081,23,23
1981-05-04,39608472,39995420.60734165,23,23
1981-05-05,60436714,64483359.689614266,23,23
1981-05-06,42125084,44934478.52495682,23,23
1981-05-07,40966446,40906290.37441933,23,23
1981-05-08,44229786,43805097.84062335,23,23
1981-05-11,34745966,38950460.78912327,23,23
1981-05-12,37805103,41053810.21536726,23,23
1981-05-13,34068151,35889276.56338233,23,23
1981-05-14,31126939,38017902.124231935,23,23
1981-05-15,40789569,45011369.92677984,23,23
1981-05-18,40328635,40517977.073235124,23,23
1981-05-19,66578506,54827378.303304285,23,23
1981-05-20,39697470,33177185.23176819,23,23
1981-05-21,40196772,36218568.65344614,23,23
1981-05-22,36111652,34679662.27665925,23,23
1981-05-26,44474993,43556010.93326551,23,23
1981-05-27,48119170,52851816.0919697,23,23
1981-05-28,59017352,59983944.374053895,23,23
1981-05-29,46631602,54474847.48308477,23,23
1981-06-01,58791673,63663608.64451718,23,23
1981-06-02,56828313,60318725.14089355,23,23
1981-06-03,43143995,46963299.54652971,23,23
1981-06-04,54067239,61536310.81629506,23,23
1981-06-05,38719807,54541449.193662316,23,23
1981-06-08,40138071,40851507.74984354,23,23
1981-06-09,41287189,38508593.06637114,23,23
1981-06-10,63316376,55405661.630185306,23,23
1981-06-11,64465014,51314103.105465055,23,23
1981-06-12,50877580,50765443.940544784,23,23
1981-06-15,45729504,46036299.75661576,23,23
1981-06-16,51895239,51545486.01201177,23,23
1981-06-17,40441512,44309679.52788794,23,23
1981-06-18,36476893,39507252.84759647,23,23
1981-06-19,36679892,37945344.17923689,23,23
1981-06-22,29612851,28743280.339801937,23,23
1981-06-23,51849698,47640385.68414456,23,23
1981-06-24,34418005,36430050.68696755,23,23
1981-06-25,36754311,32068759.14431882,23,23
1981-06-26,32714860,32019064.17932552,23,23
1981-06-29,29791226,26096874.3971591,23,23
1981-06-30,33448797,30536378.40047124,23,23
1981-07-01,54617052,41071759.69431004,23,23
1981-07-02,41722061,40770150.16860652,23,23
1981-07-06,39997130,40867931.41283533,23,23
1981-07-07,40655462,45208733.47366691,23,23
1981-07-08,37118399,37603477.211112946,23,23
1981-07-09,33043054,38629216.698028654,23,23
1981-07-10,25287974,27062417.47084388,23,23
1981-07-13,28314414,26676679.410238326,23,23
1981-07-14,38174523,37849241.899442345,23,23
1981-07-15,39750875,39550311.809191525,23,23
1981-07-16,35474789,33270106.44710338,23,23
1981-07-17,33719384,34065935.17274621,23,23
1981-07-20,32445496,33237518.33009413,23,23
1981-07-21,44804785,38894700.5503636,23,23
1981-07-22,49400946,44802655.17450616,23,23
1981-07-23,41600152,39569585.74765664,23,23
1981-07-24,30748841,28792193.667500973,23,23
1981-07-27,33838730,32969733.39314127,23,23
1981-07-28,37671822,33214026.7606709,23,23
1981-07-29,33085933,28500514.74521303,23,23
1981-07-30,28932613,29469968.563157737,23,23
1981-07-31,39893813,38100367.97101575,23,23
1981-08-03,25511385,24549969.046660006,23,23
1981-08-04,27539883,32084154.406511545,23,23
1981-08-05,33669441,38455027.65747559,23,23
1981-08-06,38684842,36722721.33982533,23,23
1981-08-07,53583276,43504615.47278851,23,23
1981-08-10,26748115,29371529.22201401,23,23
1981-08-11,36295375,38942001.34235507,23,23
1981-08-12,33489244,36853525.98214203,23,23
1981-08-13,29795187,30677195.47858578,23,23
1981-08-14,33594753,31079351.956592023,23,23
1981-08-17,31766096,28100238.38759008,23,23
1981-08-18,42053876,39184336.62774584,23,23
1981-08-19,32282872,28692965.96424377,23,23
1981-08-20,29025388,30311448.399606943,23,23
1981-08-21,41192245,33128209.8788217,23,23
1981-08-24,41319640,40855121.03323972,23,23
1981-08-25,48676482,45305158.428004414,23,23
1981-08-26,34155791,32216785.740059614,23,23
1981-08-27,28416903,28538726.642837346,23,23
1981-08-28,30388119,30600379.769078076,23,23
1981-08-31,32380311,29375875.75860679,23,23
1981-09-01,41639442,39812322.621553004,23,23
1981-09-02,32033940,29062910.35725236,23,23
1981-09-03,39784813,33217236.26072979,23,23
1981-09-04,42457905,37435322.81334272,23,23
1981-09-08,39045351,35085892.15309292,23,23
1981-09-09,40142698,36435085.34232369,23,23
1981-09-10,44457493,40435307.22263557,23,23
1981-09-11,39415754,43357030.85434008,23,23
1981-09-14,26774986,25697834.94989595,23,23
1981-09-15,32252996,31069722.730306804,23,23
1981-09-16,35754895,34031261.50149095,23,23
1981-09-17,36303687,36681146.00285488,23,23
1981-09-18,40222097,34520473.03585759,23,23
1981-09-21,46077086,38731828.08177659,23,23
1981-09-22,50115300,40635938.92497292,23,23
1981-09-23,41865705,35142784.127809346,23,23
1981-09-24,52180872,39537627.90452391,23,23
1981-09-25,47533602,39160028.254606456,23,23
1981-09-28,64330075,54519246.467227936,23,23
1981-09-29,52773253,44351742.69391769,23,23
1981-09-30,34329145,28789744.757047802,23,23
1981-10-01,56662369,42853714.71852699,23,23
1981-10-02,89288496,62002392.66719276,23,23
1981-10-05,60707463,51139814.43331915,23,23
1981-10-06,36782274,32520112.456700504,23,23
1981-10-07,57703229,41634088.19203395,23,23
1981-10-08,46938231,42082980.56756589,23,23
1981-10-09,46109312,47646088.11576781,23,23
1981-10-12,20755049,24975477.309449226,23,23
1981-10-13,29043486,31940724.61551848,23,23
1981-10-14,34502883,38728950.094252706,23,23
1981-10-15,35147756,30402302.5678927,23,23
1981-10-16,34582513,32092091.807326674,23,23
1981-10-19,42002435,37184926.39560962,23,23
1981-10-20,47559750,41407879.815892965,23,23
1981-10-21,43301462,36211996.542340815,23,23
1981-10-22,39739579,30629921.262984097,23,23
1981-10-23,41871640,33505732.899099946,23,23
1981-10-26,33787923,29849311.00308928,23,23
1981-10-27,44406644,39771064.05493611,23,23
1981-10-28,50083200,42688111.38805628,23,23
1981-10-29,47227080,43567775.01292664,23,23
1981-10-30,57057725,58195754.2184706,23,23
1981-11-02,74991197,61078947.98846215,23,23
1981-11-03,51079532,49758694.15851462,23,23
1981-11-04,42093971,44211147.49191964,23,23
1981-11-05,50368810,46565499.50165209,23,23
1981-11-06,33643684,31074283.516881704,23,23
1981-11-09,31232376,34245023.867833436,23,23
1981-11-10,47423120,48564598.746275544,23,23
1981-11-11,32013244,31559376.457479388,23,23
1981-11-12,51694569,49286457.389624685,23,23
1981-11-13,31678351,31276520.24897003,23,23
1981-11-16,40679421,34839375.623182714,23,23
1981-11-17,44411439,39534188.56662089,23,23
1981-11-18,54532112,45280806.685087234,23,23
1981-11-19,40886173,36242923.758895636,23,23
1981-11-20,47664341,41831269.154610574,23,23
1981-11-23,40949594,36990807.37645009,23,23
1981-11-24,50972938,44118038.60811585,23,23
1981-11-25,66082513,53579405.077382505,23,23
1981-11-27,33382919,34056064.52981675,23,23
1981-11-30,39056563,40807370.25610894,23,23
1981-12-01,39416174,42508566.72785777,23,23
1981-12-02,34268671,33806721.85135335,23,23
1981-12-03,45728108,42447138.31084716,23,23
1981-12-04,58700201,57626040.06596398,23,23
1981-12-07,37107945,38832627.158769906,23,23
1981-12-08,42573633,36559257.09501377,23,23
1981-12-09,41476758,39442398.418570876,23,23
1981-12-10,39337634,40190717.9699443,23,23
1981-12-11,35877171,49900008.118026555,23,23
1981-12-14,41624211,44883319.11387175,23,23
1981-12-15,38188430,40206663.804994464,23,23
1981-12-16,35297737,38353113.49880242,23,23
1981-12-17,53446871,47559896.96884501,23,23
1981-12-18,44135308,33566193.1792537,23,23
1981-12-21,35461571,32638742.646208644,23,23
1981-12-22,44614153,42366689.23759878,23,23
1981-12-23,30631354,31399892.20897889,23,23
1981-12-24,17103389,20050851.92269808,23,23
1981-12-28,23496704,22749220.264525294,23,23
1981-12-29,35568748,32282589.6461066,23,23
1981-12-30,28549755,35546559.114150435,23,23
1981-12-31,26842031,27998853.420439094,23,23
1982-01-04,34618760,38783504.66961223,23,23
1982-01-05,40099779,45028709.289699614,23,23
1982-01-06,47675655,46854300.730793715,23,23
1982-01-07,53963093,44947744.08208558,23,23
1982-01-08,39437266,27337134.101144105,23,23
1982-01-11,61032113,67297362.5898931,23,23
1982-01-12,54356126,55357105.68151724,23,23
1982-01-13,46957624,46785007.114575684,23,23
1982-01-14,40191701,41892027.05822289,23,23
1982-01-15,41927522,53033897.547757715,23,23
1982-01-18,61265005,65378184.09341967,23,23
1982-01-19,71865801,68354560.01387444,23,23
1982-01-20,82538758,64538602.16794896,23,23
1982-01-21,76550639,64980035.28674525,23,23
1982-01-22,60486650,51426511.22769892,23,23
1982-01-25,61097190,49317414.68096861,23,23
1982-01-26,44090294,42555627.77574718,23,23
1982-01-27,51757512,47451663.24124366,23,23
1982-01-28,77247416,73738568.75198218,23,23
1982-01-29,77187234,70202787.2592575,23,23
1982-02-01,55624930,50256254.797997355,23,23
1982-02-02,52852852,45386807.58722401,23,23
1982-02-03,54654032,50698728.582503915,23,23
1982-02-04,54528033,53952029.86774248,23,23
1982-02-05,62332963,53099361.515907705,23,23
1982-02-08,59598333,48898535.0992184,23,23
1982-02-09,57402326,53445345.42506629,23,23
1982-02-10,40043191,44765399.47080922,23,23
1982-02-11,41310134,38402888.9593645,23,23
1982-02-12,37068535,32128968.201742917,23,23
1982-02-16,52050900,53455830.10366827,23,23
1982-02-17,47485253,47723598.84887409,23,23
1982-02-18,66155868,63606166.33239788,23,23
1982-02-19,52261894,49474752.65240583,23,23
1982-02-22,57196915,61538832.19880244,23,23
1982-02-23,62063177,53328906.722733855,23,23
1982-02-24,68290067,66837603.9084816,23,23
1982-02-25,58795393,54296144.47698912,23,23
1982-02-26,58618773,46404854.58116391,23,23
1982-03-01,57972262,64521651.44012195,23,23
1982-03-02,72260739,71687710.16782022,23,23
1982-03-03,86997859,79136288.67416045,23,23
1982-03-04,114160892,87416098.04193008,23,23
1982-03-05,106270854,86468721.92120987,23,23
1982-03-08,82731393,64847024.91077176,23,23
1982-03-09,91371383,85997482.04956311,23,23
1982-03-10,86509470,75827267.73419142,23,23
1982-03-11,61231652,56659587.111735106,23,23
1982-03-12,65908345,60436976.82084143,23,23
1982-03-15,42046694,39564172.27091682,23,23
1982-03-16,56841674,44114019.533034444,23,23
1982-03-17,67154199,54583865.3868584,23,23
1982-03-18,61640358,49480629.93447411,23,23
1982-03-19,55130105,48006528.57886797,23,23
1982-03-22,68827072,61856167.95789328,23,23
1982-03-23,73329059,64284041.7186687,23,23
1982-03-24,64726016,50013871.3167243,23,23
1982-03-25,57148400,48030319.49724257,23,23
1982-03-26,44171028,42870924.3964901,23,23
1982-03-29,32278096,36154037.51684341,23,23
1982-03-30,42727692,41886220.87480256,23,23
1982-03-31,53116190,52130594.35888189,23,23
1982-04-01,64890690,59861405.12468287,23,23
1982-04-02,69004027,66053695.65600616,23,23
1982-04-05,55968078,47600759.37016371,23,23
1982-04-06,42096969,39804339.70613718,23,23
1982-04-07,61139007,57138879.21012354,23,23
1982-04-08,72289695,66361939.23662698,23,23
1982-04-12,45580276,44683787.33757067,23,23
1982-04-13,48680339,50035573.7153734,23,23
1982-04-14,56630884,63131896.61934501,23,23
1982-04-15,46485232,60942378.02025467,23,23
1982-04-16,69590360,67742992.65069827,23,23
1982-04-19,64140175,69551053.0644866,23,23
1982-04-20,67396935,61982976.267760456,23,23
1982-04-21,69846692,50615695.69140202,23,23
1982-04-22,69395005,55245287.399784505,23,23
1982-04-23,72852760,79131496.96276498,23,23
1982-04-26,77986777,65343405.39121622,23,23
1982-04-27,60333304,57583605.17634344,23,23
1982-04-28,49343751,51557542.378612936,23,23
1982-04-29,49606568,45317985.164936036,23,23
1982-04-30,41478791,44334136.27277964,23,23
1982-05-03,40449669,35143971.69464505,23,23
1982-05-04,71878236,63393267.475718796,23,23
1982-05-05,71144873,63398175.88677472,23,23
1982-05-06,70616341,68503994.63399553,23,23
1982-05-07,62111763,59878411.382436186,23,23
1982-05-10,51826533,50580671.01508337,23,23
1982-05-11,67321824,51097273.604858994,23,23
1982-05-12,67654014,66689715.58766359,23,23
1982-05-13,55657519,49470836.54917079,23,23
1982-05-14,50171668,55700705.71250892,23,23
1982-05-17,39249334,42719687.286759734,23,23
1982-05-18,54507993,48823043.107622504,23,23
1982-05-19,40678433,40632787.66496867,23,23
1982-05-20,40119999,43824206.41733745,23,23
1982-05-21,42996084,45609206.16200358,23,23
1982-05-24,45478303,41558547.85705614,23,23
1982-05-25,44594630,40098040.263781965,23,23
1982-05-26,56305291,49645112.206923485,23,23
1982-05-27,56111793,47630671.41032785,23,23
1982-05-28,46561612,47321198.10979468,23,23
1982-06-01,44632042,40286280.00632617,23,23
1982-06-02,57035956,53596671.20912737,23,23
1982-06-03,50735442,44625884.543935925,23,23
1982-06-04,41590270,37110522.815472245,23,23
1982-06-07,56049027,51589719.668292105,23,23
1982-06-08,56461329,69724792.83923966,23,23
1982-06-09,66612737,61358561.56929773,23,23
1982-06-10,54828417,51122068.00758731,23,23
1982-06-11,96410457,90153983.35178325,23,23
1982-06-14,38408381,39119654.427734494,23,23
1982-06-15,50262348,45565952.049348295,23,23
1982-06-16,61628007,51600615.73746231,23,23
1982-06-17,51166927,46745045.80666071,23,23
1982-06-18,56429193,41110846.65027529,23,23
1982-06-21,49931607,43506746.98022503,23,23
1982-06-22,74574761,55197840.11137706,23,23
1982-06-23,79906809,70695979.8333751,23,23
1982-06-24,61029157,53927100.86610377,23,23
1982-06-25,54238479,39012894.85916972,23,23
1982-06-28,69141162,54551765.80553898,23,23
1982-06-29,47955091,46406338.6065245,23,23
1982-06-30,99213386,87929541.63327974,23,23
1982-07-01,45592766,37804175.3088797,23,23
1982-07-02,54876315,44876588.77660045,23,23
1982-07-06,58881403,44513888.308336794,23,23
1982-07-07,90268462,72345886.25526285,23,23
1982-07-08,72323992,71518831.41785675,23,23
1982-07-09,108307273,97300056.60350737,23,23
1982-07-12,84678264,94321760.55661288,23,23
1982-07-13,93717164,93892023.2101281,23,23
1982-07-14,80662477,88674815.6674523,23,23
1982-07-15,102402644,99684444.34637886,23,23
1982-07-16,120446361,113177638.74299008,23,23
1982-07-19,67217367,63796518.93283832,23,23
1982-07-20,117120300,107351161.00890708,23,23
1982-07-21,85283040,89435404.46371055,23,23
1982-07-22,62829321,67973128.10485247,23,23
1982-07-23,50054628,49280326.36632639,23,23
1982-07-26,36441600,35926757.77014339,23,23
1982-07-27,63061780,55928277.20292032,23,23
1982-07-28,76285610,66779100.058300436,23,23
1982-07-29,88042863,69202097.14289767,23,23
1982-07-30,53179670,45666810.37800878,23,23
1982-08-02,59695138,55910167.3484225,23,23
1982-08-03,74463262,80311862.70058417,23,23
1982-08-04,65891453,69440778.8127439,23,23
1982-08-05,67051931,56818795.13200265,23,23
1982-08-06,62643469,51732932.96304345,23,23
1982-08-09,78630051,63559333.08472204,23,23
1982-08-10,75820769,74281984.64012605,23,23
1982-08-11,61844867,56151896.57380116,23,23
1982-08-12,69275168,59677048.53423169,23,23
1982-08-13,52493825,46173551.72023752,23,23
1982-08-16,60356069,55660979.70253137,23,23
1982-08-17,107568051,118310194.49754718,23,23
1982-08-18,171402015,167204343.93990278,23,23
1982-08-19,95229215,107509628.40047437,23,23
1982-08-20,106141221,103203112.69702175,23,23
1982-08-23,158300256,161737306.14995772,23,23
1982-08-24,130793057,144472622.72636285,23,23
1982-08-25,104545485,125625890.79367507,23,23
1982-08-26,176111607,188308823.27166826,23,23
1982-08-27,79256191,80286304.47901583,23,23
1982-08-30,71357327,82984693.96471804,23,23
1982-08-31,133200966,136670600.43264836,23,23
1982-09-01,107115814,111872121.72310144,23,23
1982-09-02,87199970,106149540.9261486,23,23
1982-09-03,162098952,180619274.7931031,23,23
1982-09-07,81801819,93180727.04703975,23,23
1982-09-08,95016894,109563912.92109424,23,23
1982-09-09,75003961,78267174.69963312,23,23
1982-09-10,77880662,84736696.14566219,23,23
1982-09-13,67594701,75231759.76351613,23,23
1982-09-14,87265671,107720266.92059904,23,23
1982-09-15,74209883,84726323.26736617,23,23
1982-09-16,98249279,122445598.68279696,23,23
1982-09-17,66706882,72033614.85407794,23,23
1982-09-20,65993597,81255982.236929,23,23
1982-09-21,92915521,103694780.77009833,23,23
1982-09-22,125860337,145098121.84640056,23,23
1982-09-23,82644489,104862665.95079064,23,23
1982-09-24,65537212,74550958.28674346,23,23
1982-09-27,38318467,45994407.6824072,23,23
1982-09-28,71785909,83083900.31076634,23,23
1982-09-29,73111737,87653039.09763217,23,23
1982-09-30,97282719,107145058.01464933,23,23
1982-10-01,98463568,107286443.21568418,23,23
1982-10-04,113694277,108019489.78519845,23,23
1982-10-05,102005697,101858156.2809707,23,23
1982-10-06,145041784,160824594.1821977,23,23
1982-10-07,146499285,147287191.4749756,23,23
1982-10-08,142030728,175153979.370068,23,23
1982-10-11,161227507,185067336.82419193,23,23
1982-10-12,155385174,189586698.74421775,23,23
1982-10-13,136011308,169226164.79427814,23,23
1982-10-14,104438337,123761189.04876584,23,23
1982-10-15,86150870,108312277.00550789,23,23
1982-10-18,90288965,117902549.48567039,23,23
1982-10-19,114373115,136915485.30541718,23,23
1982-10-20,115808910,138971426.34909725,23,23
1982-10-21,120870360,147385970.55693817,23,23
1982-10-22,84617561,111421421.1810379,23,23
1982-10-25,97137266,109354993.9203583,23,23
1982-10-26,133159021,164092782.79834884,23,23
1982-10-27,88187927,114536047.35811448,23,23
1982-10-28,62893376,83940701.71254182,23,23
1982-10-29,68340313,80426253.89204162,23,23
1982-11-01,62479890,79635485.45637536,23,23
1982-11-02,102856855,121171872.68182516,23,23
1982-11-03,146190974,190984936.53711736,23,23
1982-11-04,157449109,193673188.10363334,23,23
1982-11-05,83774769,106340176.86294675,23,23
1982-11-08,62639297,84974299.45497972,23,23
1982-11-09,96222420,127904655.75941974,23,23
1982-11-10,119222255,132795370.13826269,23,23
1982-11-11,68710792,91437659.0397008,23,23
1982-11-12,89802141,107846934.5679785,23,23
1982-11-15,76183477,96611445.93294483,23,23
1982-11-16,110354250,126875999.5438742,23,23
1982-11-17,80417399,109176372.6993255,23,23
1982-11-18,77329499,86712286.211079,23,23
1982-11-19,70620350,86711959.25340503,23,23
1982-11-22,67422307,77903610.31887078,23,23
1982-11-23,77216321,92877354.95732737,23,23
1982-11-24,69930953,87156675.83794653,23,23
1982-11-26,43787600,50875442.86040127,23,23
1982-11-29,67936485,74755002.15033633,23,23
1982-11-30,111893745,134131359.12506342,23,23
1982-12-01,115764714,141941102.21570998,23,23
1982-12-02,85129683,123189947.42201084,23,23
1982-12-03,68613767,84384854.80859303,23,23
1982-12-06,90681792,129398346.22457081,23,23
1982-12-07,115608050,171790747.10133183,23,23
1982-12-08,91825661,127663023.72866893,23,23
1982-12-09,90279286,134478844.58066052,23,23
1982-12-10,88125433,115083348.45144743,23,23
1982-12-13,52964470,71717249.06802678,23,23
1982-12-14,109105756,132502068.76643336,23,23
1982-12-15,82910390,113904962.69309449,23,23
1982-12-16,69139230,97479871.63381124,23,23
1982-12-17,69437450,93632894.88822037,23,23
1982-12-20,54726045,69521333.97292542,23,23
1982-12-21,82130519,97744340.05183715,23,23
1982-12-22,88330557,110386841.85470557,23,23
1982-12-23,49254522,63462852.033682406,23,23
1982-12-27,56783225,74922647.58882594,23,23
1982-12-28,43955579,64009729.39143354,23,23
1982-12-29,52256666,74911995.33179748,23,23
1982-12-30,39309514,59923033.0887894,23,23
1982-12-31,27482564,34796252.89099759,23,23
1983-01-03,47794802,70661120.87867498,23,23
1983-01-04,71853922,97990019.69332427,23,23
1983-01-05,70531446,104935306.08121657,23,23
1983-01-06,99920880,135974266.4307285,23,23
1983-01-07,95711365,138092457.72244602,23,23
1983-01-10,72127001,110857379.02214384,23,23
1983-01-11,83062153,105791313.33587587,23,23
1983-01-12,106426614,158814520.1799245,23,23
1983-01-13,80245265,96161941.8505652,23,23
1983-01-14,79154954,108618654.28887445,23,23
1983-01-17,79520926,114740532.3676697,23,23
1983-01-18,76957973,118569890.70454782,23,23
1983-01-19,89408833,115861055.16510206,23,23
1983-01-20,74787982,91165190.80540085,23,23
1983-01-21,82324606,128305959.39893848,23,23
1983-01-24,96818468,139875150.88413566,23,23
1983-01-25,95711362,119509390.93862677,23,23
1983-01-26,79606700,103286971.84565699,23,23
1983-01-27,107917422,120019150.65585458,23,23
1983-01-28,109014349,144381994.3703642,23,23
1983-01-31,60851363,86047165.83593935,23,23
1983-02-01,74936261,104507549.47866666,23,23
1983-02-02,90799479,113982763.13184422,23,23
1983-02-03,80894121,107960736.1239546,23,23
1983-02-04,105557249,141161711.50354815,23,23
1983-02-07,71006801,107357576.09472829,23,23
1983-02-08,75124816,103028761.01435947,23,23
1983-02-09,92783786,120946674.83534133,23,23
1983-02-10,96964349,123546816.41611451,23,23
1983-02-11,82358341,105777442.10636854,23,23
1983-02-14,92970106,121687654.69604212,23,23
1983-02-15,109686166,145448859.23260963,23,23
1983-02-16,89222719,122611272.34070551,23,23
1983-02-17,82014377,112879979.22586125,23,23
1983-02-18,85700559,110261678.12120879,23,23
1983-02-22,73366978,101869168.29094267,23,23
1983-02-23,88931791,112073554.5710687,23,23
1983-02-24,104716617,166135981.15913856,23,23
1983-02-25,98974533,132540975.35061204,23,23
1983-02-28,75090450,108833450.74687731,23,23
1983-03-01,102304282,158710748.94809598,23,23
1983-03-02,130457031,182271628.12703252,23,23
1983-03-03,117270866,141078127.24586123,23,23
1983-03-04,76636987,108123566.2535789,23,23
1983-03-07,89602633,122895028.75686747,23,23
1983-03-08,77548734,110791915.79340822,23,23
1983-03-09,82035319,120307226.93510538,23,23
1983-03-10,96233978,124086834.1684531,23,23
1983-03-11,57819421,90757631.59907502,23,23
1983-03-14,62405548,90646834.31265706,23,23
1983-03-15,52914687,85915643.56915843,23,23
1983-03-16,71373719,107880701.28573012,23,23
1983-03-17,55067821,79672393.61578143,23,23
1983-03-18,49862586,76306401.67737198,23,23
1983-03-21,59014206,96734373.06586057,23,23
1983-03-22,74358884,100389702.6105417,23,23
1983-03-23,82340759,123584708.37071359,23,23
1983-03-24,83314610,121352577.48524326,23,23
1983-03-25,72170939,104859931.2729575,23,23
1983-03-28,71028271,76733940.00663447,23,23
1983-03-29,53038693,79478036.94238245,23,23
1983-03-30,53262813,87833733.21285403,23,23
1983-03-31,67194242,98226896.77178752,23,23
1983-04-04,55513077,85332690.45235002,23,23
1983-04-05,69214077,95364074.29782248,23,23
1983-04-06,76266946,112471071.70653254,23,23
1983-04-07,71903388,96603671.59132206,23,23
1983-04-08,60127610,95378311.28987008,23,23
1983-04-11,78120454,138503310.57624888,23,23
1983-04-12,85989519,124201780.27925158,23,23
1983-04-13,77533447,114814581.12236315,23,23
1983-04-14,70177924,126270934.0319432,23,23
1983-04-15,69783881,106750344.01943791,23,23
1983-04-18,85303150,140009010.14324188,23,23
1983-04-19,81032900,126425748.47766203,23,23
1983-04-20,92943752,145925481.50887293,23,23
1983-04-21,90372392,142763758.76038408,23,23
1983-04-22,81284272,125928559.7366699,23,23
1983-04-25,69113893,104301752.48088855,23,23
1983-04-26,79627192,119766064.01342815,23,23
1983-04-27,104757016,147092070.6725282,23,23
1983-04-28,86057409,119723344.50506747,23,23
1983-04-29,96021992,125795165.05175012,23,23
1983-05-02,87690847,139417261.49516088,23,23
1983-05-03,88508302,141324239.82509327,23,23
1983-05-04,93786355,150774917.17647988,23,23
1983-05-05,91542456,128805248.54257435,23,23
1983-05-06,100352829,155972814.63319838,23,23
1983-05-09,77075426,112186751.91094482,23,23
1983-05-10,92905534,119869574.7399329,23,23
1983-05-11,90148806,119338732.50616783,23,23
1983-05-12,75285665,100948211.07618666,23,23
1983-05-13,69516965,87039267.99389613,23,23
1983-05-16,55123898,94073107.67994821,23,23
1983-05-17,52251980,90981569.06464201,23,23
1983-05-18,108629722,133625032.7828387,23,23
1983-05-19,72843706,112397728.56118965,23,23
1983-05-20,77304217,104116493.64390779,23,23
1983-05-23,80547964,128604217.41403532,23,23
1983-05-24,116449406,137584370.58453995,23,23
1983-05-25,158107012,145453204.73704374,23,23
1983-05-26,117036882,134541401.6464299,23,23
1983-05-27,85003390,86465580.54375565,23,23
1983-05-31,74219626,97722314.07158571,23,23
1983-06-01,84493509,110882961.04692143,23,23
1983-06-02,96486053,137211282.1916566,23,23
1983-06-03,93511023,132145726.1295414,23,23
1983-06-06,92425407,102146413.00190932,23,23
1983-06-07,89268696,118675966.70808679,23,23
1983-06-08,89343647,142418736.93358058,23,23
1983-06-09,81591021,116133392.95678604,23,23
1983-06-10,78974049,108095046.45697552,23,23
1983-06-13,80909308,113109180.85512441,23,23
1983-06-14,104927980,143600838.23911506,23,23
1983-06-15,98161216,152088233.9462149,23,23
1983-06-16,172744323,229755765.76599544,23,23
1983-06-17,85964678,118895970.5696879,23,23
1983-06-20,92753292,96903188.34214312,23,23
1983-06-21,124131216,140163361.97795182,23,23
1983-06-22,101432444,139287271.24576342,23,23
1983-06-23,81227056,114381077.19748294,23,23
1983-06-24,74085673,94555311.1856032,23,23
1983-06-27,64629159,89065568.81107384,23,23
1983-06-28,78344613,117561736.27607608,23,23
1983-06-29,91231101,113316852.23366392,23,23
1983-06-30,70321219,96040903.08872062,23,23
1983-07-01,59684985,71923399.583664,23,23
1983-07-05,54593962,91603385.27980566,23,23
1983-07-06,76464200,102494058.87628269,23,23
1983-07-07,87842010,125532934.95674402,23,23
1983-07-08,51404731,77922184.25168365,23,23
1983-07-11,52919515,82458669.37109584,23,23
1983-07-12,71522414,130340695.82802123,23,23
1983-07-13,77172242,117765073.17328858,23,23
1983-07-14,82059406,130325990.3740896,23,23
1983-07-15,51409483,100476821.62892354,23,23
1983-07-18,60451404,118613488.69794899,23,23
1983-07-19,63631586,109248807.53990334,23,23
1983-07-20,108025016,183983485.70039362,23,23
1983-07-21,107226821,176365036.865144,23,23
1983-07-22,76591703,108477565.06140924,23,23
1983-07-25,71237533,102255244.16783023,23,23
1983-07-26,65167014,102711639.20273435,23,23
1983-07-27,92514611,175572381.38053215,23,23
1983-07-28,76839876,115741074.96250457,23,23
1983-07-29,109301313,170223152.2543788,23,23
1983-08-01,88000775,124740768.78614485,23,23
1983-08-02,90738238,98600298.02890313,23,23
1983-08-03,107801365,142917644.8531983,23,23
1983-08-04,117949989,178267127.40659618,23,23
1983-08-05,76368764,106405388.53589141,23,23
1983-08-08,91469059,114204860.62372631,23,23
1983-08-09,93347784,151650834.37195224,23,23
1983-08-10,92622278,127679911.48066342,23,23
1983-08-11,69037977,86919579.89296114,23,23
1983-08-12,65978830,78084630.93898863,23,23
1983-08-15,85088883,140705303.16386807,23,23
1983-08-16,89607825,118546632.63926023,23,23
1983-08-17,97440381,135573675.2002439,23,23
1983-08-18,90006368,129370860.6369384,23,23
1983-08-19,68419224,111955643.90542209,23,23
1983-08-22,80631647,140531639.9203862,23,23
1983-08-23,78140855,138991317.43567854,23,23
1983-08-24,86214486,133033052.81478482,23,23
1983-08-25,82865670,145880909.03888094,23,23
1983-08-26,62315360,95959187.98849672,23,23
1983-08-29,49331071,76384227.6594261,23,23
1983-08-30,52875132,95230710.46481848,23,23
1983-08-31,66681243,108975342.54681116,23,23
1983-09-01,79784813,110283810.53346038,23,23
1983-09-02,65573705,83740293.80532908,23,23
1983-09-06,74107991,115939010.21660012,23,23
1983-09-07,93533513,145121515.50299478,23,23
1983-09-08,124799064,127636552.00849956,23,23
1983-09-09,84712284,83184399.51293933,23,23
1983-09-12,92465228,162765354.20657206,23,23
1983-09-13,63755137,94458290.28300947,23,23
1983-09-14,71653784,112382235.09574562,23,23
1983-09-15,52730736,88773071.71461213,23,23
1983-09-16,64893875,98923112.07722563,23,23
1983-09-19,68945176,107348542.12455755,23,23
1983-09-20,98871053,152736884.67270982,23,23
1983-09-21,92913552,102529401.01601219,23,23
1983-09-22,104187963,153830181.38021374,23,23
1983-09-23,96748539,159931360.16975427,23,23
1983-09-26,87224300,200123515.99259317,23,23
1983-09-27,72116697,159003873.33576363,23,23
1983-09-28,57153784,130027955.54999083,23,23
1983-09-29,57433300,87566360.6147182,23,23
1983-09-30,61061830,89518610.94407415,23,23
1983-10-03,68355491,105438314.92450666,23,23
1983-10-04,81178364,147018090.9336446,23,23
1983-10-05,101246666,162620521.52878273,23,23
1983-10-06,119996703,175488627.76016176,23,23
1983-10-07,107812239,148572257.41972238,23,23
1983-10-10,45121178,87168529.09158242,23,23
1983-10-11,71848412,112073316.16261774,23,23
1983-10-12,75271106,122510494.04884511,23,23
1983-10-13,60784158,108570816.41424394,23,23
1983-10-14,63230490,152177258.4624387,23,23
1983-10-17,65906709,129651408.67776042,23,23
1983-10-18,82813043,186006003.3405208,23,23
1983-10-19,129026044,249309863.66406876,23,23
1983-10-20,87043211,133331846.49993575,23,23
1983-10-21,93527513,157916059.4831375,23,23
1983-10-24,85377456,164691658.5100627,23,23
1983-10-25,75245908,131874294.35556972,23,23
1983-10-26,75692161,117172800.11757803,23,23
1983-10-27,56946083,96922088.65512592,23,23
1983-10-28,72565776,123998009.28048146,23,23
1983-10-31,102088883,169993729.62074304,23,23
1983-11-01,88731029,156764452.10087562,23,23
1983-11-02,82980441,128548135.48412889,23,23
1983-11-03,86218896,133209406.9375003,23,23
1983-11-04,63539788,122352268.91315335,23,23
1983-11-07,59297625,95492052.64243484,23,23
1983-11-08,48599973,84245757.46594429,23,23
1983-11-09,78359464,115375107.98700762,23,23
1983-11-10,202249899,212053121.56475604,23,23
1983-11-11,125784403,154752475.4934669,23,23
1983-11-14,97036257,152832187.23104644,23,23
1983-11-15,65975124,135298273.31273478,23,23
1983-11-16,104342380,161987361.87162614,23,23
1983-11-17,95665679,122379265.519377,23,23
1983-11-18,82603268,112299546.72043633,23,23
1983-11-21,86701080,136540226.18855155,23,23
1983-11-22,89466616,161617413.57859564,23,23
1983-11-23,93884536,184087070.041839,23,23
1983-11-25,53084280,77811013.46067071,23,23
1983-11-28,55108510,110471285.92877287,23,23
1983-11-29,78246476,152410791.88083243,23,23
1983-11-30,100227367,185371847.61551917,23,23
1983-12-01,79160851,142864641.48978472,23,23
1983-12-02,111473625,148544370.69543678,23,23
1983-12-05,80012419,128459254.48257029,23,23
1983-12-06,71109637,114044078.05524862,23,23
1983-12-07,72038380,128994236.62553734,23,23
1983-12-08,85315539,128855603.3004778,23,23
1983-12-09,94690119,150197477.9784118,23,23
1983-12-12,54701073,102839970.4086507,23,23
1983-12-13,73265000,115289536.37600791,23,23
1983-12-14,65552951,112227809.06388384,23,23
1983-12-15,84919410,145788212.68353206,23,23
1983-12-16,73935486,108861168.56998229,23,23
1983-12-19,61772391,109842385.4709382,23,23
1983-12-20,60631664,106068187.22099614,23,23
1983-12-21,75600909,130509399.31773585,23,23
1983-12-22,60753488,115351204.61087579,23,23
1983-12-23,44445889,68191231.73754418,23,23
1983-12-27,43584463,76799250.75152367,23,23
1983-12-28,46231845,84646744.75722486,23,23
1983-12-29,53739597,97119103.78170913,23,23
1983-12-30,40702968,60860829.83473182,23,23
1984-01-03,53598301,89734143.27460724,23,23
1984-01-04,95031342,195572595.65970856,23,23
1984-01-05,123321542,195519803.0325935,23,23
1984-01-06,85105480,145401640.91107327,23,23
1984-01-09,75583239,125804508.18486732,23,23
1984-01-10,93534618,141849785.98736984,23,23
1984-01-11,92905288,138417572.1201653,23,23
1984-01-12,150355863,141342115.5131269,23,23
1984-01-13,112440235,183693455.67385423,23,23
1984-01-16,94815556,147012466.87711298,23,23
1984-01-17,84227504,126684565.23887151,23,23
1984-01-18,110961059,203406149.84544396,23,23
1984-01-19,88623460,183406515.9628532,23,23
1984-01-20,85014146,211975698.84571934,23,23
1984-01-23,66405094,149097884.4698894,23,23
1984-01-24,97929570,176248174.65631974,23,23
1984-01-25,93648654,175046311.42441177,23,23
1984-01-26,84985067,178463906.52706063,23,23
1984-01-27,75242396,166288742.92190647,23,23
1984-01-30,82015734,155814038.14225227,23,23
1984-01-31,119583157,187942440.1273263,23,23
1984-02-01,115662011,168920181.87630445,23,23
1984-02-02,107888456,185316450.02326006,23,23
1984-02-03,129660233,179673150.0754199,23,23
1984-02-06,110808802,216892002.0373451,23,23
1984-02-07,111809467,226082970.61446834,23,23
1984-02-08,85153354,155583260.14613438,23,23
1984-02-09,124031071,238933116.36227924,23,23
1984-02-10,80474122,153787937.60891163,23,23
1984-02-13,64471492,113041140.91984415,23,23
1984-02-14,72459771,128752537.12165165,23,23
1984-02-15,86904298,157589761.3814426,23,23
1984-02-16,103109333,145905773.6796897,23,23
1984-02-17,73203009,106321525.43004674,23,23
1984-02-21,61033648,95060291.32052487,23,23
1984-02-22,89083735,139200322.9964398,23,23
1984-02-23,87867117,151583651.1778376,23,23
1984-02-24,94438501,148148830.759965,23,23
1984-02-27,76727454,138421207.5809664,23,23
1984-02-28,71209132,125854328.83164293,23,23
1984-02-29,88925718,134582529.305871,23,23
1984-03-01,83617335,126368932.53384715,23,23
1984-03-02,87134161,127843592.89946514,23,23
1984-03-05,66455123,103205516.81872356,23,23
1984-03-06,61235639,104433945.68291426,23,23
1984-03-07,75604862,142807414.86229908,23,23
1984-03-08,85887586,123666334.20327729,23,23
1984-03-09,80530939,98341213.68554932,23,23
1984-03-12,98935933,164355690.90432942,23,23
1984-03-13,98944970,171091997.59507084,23,23
1984-03-14,122071312,170805593.3595909,23,23
1984-03-15,175371796,161560726.28169143,23,23
1984-03-16,124518884,234903335.66350484,23,23
1984-03-19,75243109,109434434.8704654,23,23
1984-03-20,156768926,197719064.77290887,23,23
1984-03-21,123853084,153044428.11810845,23,23
1984-03-22,118914563,145783140.22014725,23,23
1984-03-23,106822954,144565640.20333982,23,23
1984-03-26,115647460,190733780.34505606,23,23
1984-03-27,83216250,130441492.04748952,23,23
1984-03-28,110125385,162094208.45586264,23,23
1984-03-29,55374359,105399326.59634322,23,23
1984-03-30,69686396,95185234.92739016,23,23
1984-04-02,117582049,202906698.5175792,23,23
1984-04-03,132288411,215839613.39738566,23,23
1984-04-04,100535992,136699641.75445884,23,23
1984-04-05,110177312,167742525.42842948,23,23
1984-04-06,99337368,156200223.07776523,23,23
1984-04-09,66805076,109193705.26485586,23,23
1984-04-10,101797008,136190328.25582027,23,23
1984-04-11,112474627,154563231.97920775,23,23
1984-04-12,157897855,248425145.87327367,23,23
1984-04-13,100384414,163619261.86268795,23,23
1984-04-16,88024691,129044482.62935376,23,23
1984-04-17,105944962,138549043.7462802,23,23
1984-04-18,81725203,107001818.18687218,23,23
1984-04-19,82559437,124489705.75954092,23,23
1984-04-23,72509143,105890544.2931866,23,23
1984-04-24,96476943,148111932.52632755,23,23
1984-04-25,79206865,119593983.33807647,23,23
1984-04-26,112293308,163249864.82898426,23,23
1984-04-27,83563732,132319304.28235936,23,23
1984-04-30,68316689,124237856.49137175,23,23
1984-05-01,206291577,251443808.0697469,23,23
1984-05-02,123569029,188829643.46760833,23,23
1984-05-03,82345853,138279749.8001557,23,23
1984-05-04,83211611,124982583.36245888,23,23
1984-05-07,69246050,110131305.47106433,23,23
1984-05-08,88567347,128563043.2722494,23,23
1984-05-09,73608173,130469591.84257263,23,23
1984-05-10,96733837,148282202.75456476,23,23
1984-05-11,67003341,108255634.98499459,23,23
1984-05-14,57543544,85780743.23665488,23,23
1984-05-15,79581463,124140744.5710566,23,23
1984-05-16,102266097,133237059.85684538,23,23
1984-05-17,110334843,170929065.105188,23,23
1984-05-18,166920037,218039742.0147544,23,23
1984-05-21,137598931,149022779.34034932,23,23
1984-05-22,141968972,176900137.2051773,23,23
1984-05-23,170041434,211821987.96427083,23,23
1984-05-24,137101375,179954719.54235065,23,23
1984-05-25,130999315,156261582.9916215,23,23
1984-05-29,103782570,128455684.35514075,23,23
1984-05-30,140753316,179159427.3763379,23,23
1984-05-31,108991383,159520812.92383432,23,23
1984-06-01,128662076,170476192.41744792,23,23
1984-06-04,121517685,160155413.63183463,23,23
1984-06-05,94171403,162652317.91439557,23,23
1984-06-06,154267255,238552610.32833803,23,23
1984-06-07,160749596,201554012.6974619,23,23
1984-06-08,109937290,145152265.8551957,23,23
1984-06-11,128095291,138294544.4497862,23,23
1984-06-12,224919426,220778707.78417963,23,23
1984-06-13,121368448,129525733.62724334,23,23
1984-06-14,96193377,161974870.51594257,23,23
1984-06-15,93531469,182404117.86292863,23,23
1984-06-18,122738719,177305649.7021042,23,23
1984-06-19,97050756,141127568.35777175,23,23
1984-06-20,134121671,190288834.9243256,23,23
1984-06-21,111416838,193195931.71999145,23,23
1984-06-22,89315006,113886048.53928524,23,23
1984-06-25,107598988,117217975.40887576,23,23
1984-06-26,105023714,125629248.31649494,23,23
1984-06-27,72177524,105985198.53544599,23,23
1984-06-28,75399538,93965824.69360709,23,23
1984-06-29,77564776,121753859.2433123,23,23
1984-07-02,73307582,92012734.91392326,23,23
1984-07-03,69757525,88968465.41390216,23,23
1984-07-05,73127880,94598194.38451946,23,23
1984-07-06,67449884,86136946.65286136,23,23
1984-07-09,73465455,105865083.82023835,23,23
1984-07-10,111678737,124992023.50467837,23,23
1984-07-11,103514672,124462760.19550431,23,23
1984-07-12,88087671,140065281.95102715,23,23
1984-07-13,91145427,123304534.6660716,23,23
1984-07-16,95090339,123616740.02255434,23,23
1984-07-17,108377514,137304879.01178116,23,23
1984-07-18,99321331,124741402.77752393,23,23
1984-07-19,82177928,111987801.44650698,23,23
1984-07-20,94083587,126244093.2864778,23,23
1984-07-23,84164375,120287478.252581,23,23
1984-07-24,63743635,99280372.16940969,23,23
1984-07-25,92587876,157911563.68880862,23,23
1984-07-26,91709448,143267776.18090296,23,23
1984-07-27,85092556,142339330.49156243,23,23
1984-07-30,64834251,96496606.88334233,23,23
1984-07-31,78654594,136646085.82979256,23,23
1984-08-01,113104565,184617561.26926678,23,23
1984-08-02,155240307,252453949.7422452,23,23
1984-08-03,219344703,388419192.63950247,23,23
1984-08-06,170733521,317343218.62901866,23,23
1984-08-07,123186324,228275064.5912,23,23
1984-08-08,110411647,202811954.1975382,23,23
1984-08-09,124316758,221066096.79533708,23,23
1984-08-10,137975529,235812006.77096033,23,23
1984-08-13,70392796,131048170.07044935,23,23
1984-08-14,79487208,123220442.54926229,23,23
1984-08-15,81893969,143086110.03975177,23,23
1984-08-16,103010156,175853141.47230244,23,23
1984-08-17,73712423,123340934.71540397,23,23
1984-08-20,87209503,127544087.3152911,23,23
1984-08-21,138475508,260498441.32162607,23,23
1984-08-22,111686775,198712480.02591252,23,23
1984-08-23,93521024,147757172.07750058,23,23
1984-08-24,54852397,99083346.69615632,23,23
1984-08-27,56174606,91084676.9035126,23,23
1984-08-28,54064180,91744438.11895919,23,23
1984-08-29,70271258,115510800.5647825,23,23
1984-08-30,88774826,115771984.23092401,23,23
1984-08-31,51433154,78747659.47781706,23,23
1984-09-04,51332883,79348214.0183664,23,23
1984-09-05,61362138,108642172.433447,23,23
1984-09-06,84343721,127387249.87111586,23,23
1984-09-07,83509826,131239905.0275225,23,23
1984-09-10,62938693,125561914.9642973,23,23
1984-09-11,105223321,183484274.3923033,23,23
1984-09-12,79552719,129579575.98046112,23,23
1984-09-13,95574601,173527821.9501149,23,23
1984-09-14,141597472,248688455.1339838,23,23
1984-09-17,94092678,166175522.3770545,23,23
1984-09-18,112129006,188604536.3465628,23,23
1984-09-19,108773265,213390544.5567577,23,23
1984-09-20,90966084,174453269.40332037,23,23
1984-09-21,97466202,179838085.1619113,23,23
1984-09-24,91310376,167614742.8780315,23,23
1984-09-25,82827787,148327081.2420686,23,23
1984-09-26,104197895,164147057.10690892,23,23
1984-09-27,61885437,120599700.96914208,23,23
1984-09-28,49420713,97260285.2997542,23,23
1984-10-01,60362273,105306367.44885588,23,23
1984-10-02,71631772,126966924.63298422,23,23
1984-10-03,84809876,153903548.25687128,23,23
1984-10-04,267069545,264936481.32006562,23,23
1984-10-05,88956097,127702104.56516594,23,23
1984-10-08,48688823,75806758.67358541,23,23
1984-10-09,90269492,131541219.64349836,23,23
1984-10-10,108637240,195908573.1122772,23,23
1984-10-11,86922573,173898171.2639246,23,23
1984-10-12,89666352,158026171.50302243,23,23
1984-10-15,70428343,134695633.46883678,23,23
1984-10-16,78706837,129504769.37086272,23,23
1984-10-17,70584152,127731403.48913473,23,23
1984-10-18,127050184,177706185.5995109,23,23
1984-10-19,166163067,276444720.05152446,23,23
1984-10-22,69320593,128439359.78143525,23,23
1984-10-23,83510248,143461259.2817858,23,23
1984-10-24,76790500,125150736.00855172,23,23
1984-10-25,75327660,130609927.31124133,23,23
1984-10-26,64765739,109367391.1069538,23,23
1984-10-29,52925141,76762635.14511067,23,23
1984-10-30,79301700,138237336.76963925,23,23
1984-10-31,56592221,103791884.42707741,23,23
1984-11-01,95356133,168624693.7047825,23,23
1984-11-02,71224605,145020433.61510652,23,23
1984-11-05,79608805,131795860.38592756,23,23
1984-11-06,131875317,196954873.49248928,23,23
1984-11-07,96206898,196588492.84046674,23,23
1984-11-08,95367741,153201874.56532425,23,23
1984-11-09,74242709,119852558.40237558,23,23
1984-11-12,59482086,90731376.79260826,23,23
1984-11-13,58123654,111941844.56829393,23,23
1984-11-14,54085888,102435719.1788485,23,23
1984-11-15,66796048,105658291.24918687,23,23
1984-11-16,74903564,124032729.9963389,23,23
1984-11-19,67230376,114441573.96304613,23,23
1984-11-20,78884044,141578605.37113756,23,23
1984-11-21,85471847,159789890.88493258,23,23
1984-11-23,74310249,127065005.23690498,23,23
1984-11-26,89216727,133526101.98560965,23,23
1984-11-27,87308332,156913946.38265824,23,23
1984-11-28,81787367,132552446.29717994,23,23
1984-11-29,69837932,125036906.28940141,23,23
1984-11-30,65133093,116308603.48771095,23,23
1984-12-03,77076360,137223736.63211256,23,23
1984-12-04,69657293,121292711.76155567,23,23
1984-12-05,60410471,120080322.36761355,23,23
1984-12-06,64409512,140976435.42155206,23,23
1984-12-07,69556261,108108636.15835488,23,23
1984-12-10,70899293,143332282.3159201,23,23
1984-12-11,73913106,126723588.18561584,23,23
1984-12-12,59077386,93402375.00636148,23,23
1984-12-13,68684719,130742176.16526425,23,23
1984-12-14,77163982,133631647.48722225,23,23
1984-12-17,70918099,120052465.11149883,23,23
1984-12-18,212736979,320505111.2880826,23,23
1984-12-19,126375546,223733730.84314573,23,23
1984-12-20,63785766,123334507.5930916,23,23
1984-12-21,111838492,181134226.67351532,23,23
1984-12-24,44133732,84031829.65126115,23,23
1984-12-26,26979284,51893253.39284676,23,23
1984-12-27,44841661,69603040.1874178,23,23
1984-12-28,51170877,80885558.07020897,23,23
1984-12-31,55824989,91203770.62068397,23,23
1985-01-02,51009236,92565121.16935056,23,23
1985-01-03,101965609,167124721.7778095,23,23
1985-01-04,49137474,99017877.26500046,23,23
1985-01-07,63101722,116328405.55944133,23,23
1985-01-08,59664697,122085787.32329905,23,23
1985-01-09,82319423,154013801.815342,23,23
1985-01-10,111898079,223242866.23702413,23,23
1985-01-11,99432449,179392937.89947587,23,23
1985-01-14,118582912,226621832.69063914,23,23
1985-01-15,125456824,236622103.99003375,23,23
1985-01-16,133927538,203739138.13969755,23,23
1985-01-17,123614945,234999921.02488,23,23
1985-01-18,87663437,160876719.17109096,23,23
1985-01-21,140933895,281892424.13643956,23,23
1985-01-22,165134539,309512854.4479787,23,23
1985-01-23,147336541,268991796.32363963,23,23
1985-01-24,138074695,243065844.10582602,23,23
1985-01-25,103608338,190485137.7173261,23,23
1985-01-28,110761949,225712128.36231923,23,23
1985-01-29,90838988,163248417.27437526,23,23
1985-01-30,158571601,282941471.14992255,23,23
1985-01-31,104891707,179594373.16685218,23,23
1985-02-01,100482766,156271962.53132135,23,23
1985-02-04,106417911,191431728.86975533,23,23
1985-02-05,120066710,203267477.70426023,23,23
1985-02-06,91053808,182310987.8038633,23,23
1985-02-07,99023350,186745273.0970198,23,23
1985-02-08,89222518,156867159.73443043,23,23
1985-02-11,79487749,203624517.24516606,23,23
1985-02-12,90394982,211022245.14759624,23,23
1985-02-13,129834373,231184660.14644438,23,23
1985-02-14,120845125,209258196.20350736,23,23
1985-02-15,103852159,159434755.65173072,23,23
1985-02-19,52857381,106663482.25585455,23,23
1985-02-20,84758679,180547898.72998595,23,23
1985-02-21,91029621,144195544.19576478,23,23
1985-02-22,67371081,119309868.61853921,23,23
1985-02-25,88145068,147206567.84821916,23,23
1985-02-26,104903321,175607270.586282,23,23
1985-02-27,91066347,146896007.28509688,23,23
1985-02-28,75933124,129168954.86898488,23,23
1985-03-01,120083909,210745569.37240815,23,23
1985-03-04,74907355,131935260.05813587,23,23
1985-03-05,100160403,184479063.3846811,23,23
1985-03-06,102138393,179505495.00055182,23,23
1985-03-07,105766490,202006732.07998294,23,23
1985-03-08,114932629,190621516.8832001,23,23
1985-03-11,66305926,125300021.73597646,23,23
1985-03-12,73204894,132673022.31477284,23,23
1985-03-13,99085308,162278631.43492568,23,23
1985-03-14,109372539,161124184.55496907,23,23
1985-03-15,95677479,167858234.68696916,23,23
1985-03-18,78561074,144215204.91824466,23,23
1985-03-19,93497360,160183081.7540586,23,23
1985-03-20,107441675,168091480.78195328,23,23
1985-03-21,75637725,156942601.10753918,23,23
1985-03-22,74784013,132272215.80332541,23,23
1985-03-25,63244296,162351229.6983255,23,23
1985-03-26,76755500,171543916.58372986,23,23
1985-03-27,84322538,154674150.16695118,23,23
1985-03-28,86464472,156402456.64415616,23,23
1985-03-29,79771243,142219952.4693303,23,23
1985-04-01,67929157,116432920.60228342,23,23
1985-04-02,61590800,124980660.2079097,23,23
1985-04-03,67274737,132808342.77576756,23,23
1985-04-04,68981512,107373222.83145946,23,23
1985-04-08,56636208,132692318.12825054,23,23
1985-04-09,66465150,136992834.53449452,23,23
1985-04-10,73589792,145218558.774567,23,23
1985-04-11,78512116,158415002.50559157,23,23
1985-04-12,52409880,108996909.31201655,23,23
1985-04-15,55109328,116977592.87704134,23,23
1985-04-16,76472644,152311091.89722413,23,23
1985-04-17,70180116,131104275.77290821,23,23
1985-04-18,82800145,152194919.31549847,23,23
1985-04-19,81024876,130561536.87169003,23,23
1985-04-22,76122866,115966792.90803355,23,23
1985-04-23,121502323,189187001.5754164,23,23
1985-04-24,108527495,162196923.28928733,23,23
1985-04-25,146714612,191761295.59975213,23,23
1985-04-26,78419726,126808908.61661732,23,23
1985-04-29,77886564,130185268.80088687,23,23
1985-04-30,120410930,188159006.3069752,23,23
1985-05-01,134692583,173884308.72170776,23,23
1985-05-02,107079180,176743040.67836344,23,23
1985-05-03,89031212,129082037.19104862,23,23
1985-05-06,74632986,103655299.91064298,23,23
1985-05-07,91796964,132017738.90464944,23,23
1985-05-08,120684454,167157474.13886786,23,23
1985-05-09,85291112,160019758.42770237,23,23
1985-05-10,157824335,283928637.004375,23,23
1985-05-13,78417198,132631163.08115298,23,23
1985-05-14,93093699,179706573.21866918,23,23
1985-05-15,95603155,175510009.22107923,23,23
1985-05-16,89868096,164235538.4028623,23,23
1985-05-17,121764526,208355121.24798226,23,23
1985-05-20,129231373,249466373.71117628,23,23
1985-05-21,138128180,226878393.21190667,23,23
1985-05-22,104433871,156157134.13056755,23,23
1985-05-23,81184036,135858640.38912266,23,23
1985-05-24,61387225,103641937.34622616,23,23
1985-05-28,67555671,121733431.5947671,23,23
1985-05-29,71817497,126591580.87965322,23,23
1985-05-30,106012705,219531012.93817306,23,23
1985-05-31,116421661,201104665.46662676,23,23
1985-06-03,103027326,185267258.18380463,23,23
1985-06-04,118703691,194958378.42980087,23,23
1985-06-05,144258422,247999926.3673023,23,23
1985-06-06,112834151,196228080.3270824,23,23
1985-06-07,90458319,159400678.68839264,23,23
1985-06-10,139014547,157742455.03898013,23,23
1985-06-11,121557267,176668485.6910687,23,23
1985-06-12,87913523,203558702.8584875,23,23
1985-06-13,106718302,274711117.2630905,23,23
1985-06-14,73258453,162726639.62411642,23,23
1985-06-17,78051775,146851977.4361663,23,23
1985-06-18,86885525,179087116.24266356,23,23
1985-06-19,76917667,151849970.64998138,23,23
1985-06-20,70864820,136743980.23503816,23,23
1985-06-21,141595875,209023935.600591,23,23
1985-06-24,71884503,147574794.4637025,23,23
1985-06-25,125281309,216150418.18882638,23,23
1985-06-26,66305301,124802442.36186624,23,23
1985-06-27,78366133,140746260.7967754,23,23
1985-06-28,66198619,121597714.75466377,23,23
1985-07-01,68114718,126993130.98379648,23,23
1985-07-02,86905350,155654697.12988865,23,23
1985-07-03,84778718,117473057.00324428,23,23
1985-07-05,69910691,104086514.90968084,23,23
1985-07-08,108303324,152495604.7830063,23,23
1985-07-09,117544469,176346798.256863,23,23
1985-07-10,161457953,230464118.82936323,23,23
1985-07-11,144364872,185532392.85054362,23,23
1985-07-12,115544747,178146254.76555848,23,23
1985-07-15,86464437,172350548.06621784,23,23
1985-07-16,97999009,201648514.2135561,23,23
1985-07-17,122881424,258287957.15768218,23,23
1985-07-18,102136171,208442279.6659484,23,23
1985-07-19,119038958,196726579.0806324,23,23
1985-07-22,61549320,129279675.37672925,23,23
1985-07-23,126448573,263266486.15043128,23,23
1985-07-24,101806745,190679452.91359663,23,23
1985-07-25,96070522,197016694.4766063,23,23
1985-07-26,72906821,156140160.8507325,23,23
1985-07-29,74149394,136279521.5794714,23,23
1985-07-30,70611493,146684692.6225571,23,23
1985-07-31,80045146,174792795.85594416,23,23
1985-08-01,95000893,199472149.3536983,23,23
1985-08-02,57944271,113757661.68625772,23,23
1985-08-05,63495459,114263603.87864745,23,23
1985-08-06,82819477,154940839.20846224,23,23
1985-08-07,65325135,133356869.90774977,23,23
1985-08-08,69577296,133907580.82778019,23,23
1985-08-09,62369895,103415764.5496366,23,23
1985-08-12,98209279,135670988.4145524,23,23
1985-08-13,54311530,110322357.1387403,23,23
1985-08-14,60619005,104905807.94420344,23,23
1985-08-15,59945563,106702990.90706164,23,23
1985-08-16,79422233,133583324.20822972,23,23
1985-08-19,49677301,91606566.3555308,23,23
1985-08-20,68706347,134247774.22687292,23,23
1985-08-21,59642515,108349427.11426121,23,23
1985-08-22,60640285,110840658.9335196,23,23
1985-08-23,39700733,83419943.6295805,23,23
1985-08-26,47229814,83724693.29448378,23,23
1985-08-27,51501888,96684822.0638169,23,23
1985-08-28,45969951,92984383.16177595,23,23
1985-08-29,47575537,89942934.83201396,23,23
1985-08-30,43558853,86674947.43625194,23,23
1985-09-03,48822787,104090143.99715358,23,23
1985-09-04,54122655,106504883.14511979,23,23
1985-09-05,76600364,133536255.35577899,23,23
1985-09-06,84794200,139280246.6366431,23,23
1985-09-09,166276593,177321494.00212896,23,23
1985-09-10,96622717,152245429.37456477,23,23
1985-09-11,79992930,128182033.46943235,23,23
1985-09-12,71026434,150015728.28256798,23,23
1985-09-13,92030697,160872711.07425493,23,23
1985-09-16,62774525,106257059.94723189,23,23
1985-09-17,93335112,175187946.04279464,23,23
1985-09-18,119571451,203633908.89076555,23,23
1985-09-19,92814315,193348208.90255952,23,23
1985-09-20,77316185,151437527.19779336,23,23
1985-09-23,119588949,219281949.24524212,23,23
1985-09-24,92092159,150072266.27289623,23,23
1985-09-25,72276241,173268312.33381033,23,23
1985-09-26,107273534,204202378.4274462,23,23
1985-09-30,78212462,135924920.11118805,23,23
1985-10-01,92844525,172631185.05866408,23,23
1985-10-02,94324990,180941701.8560393,23,23
1985-10-03,85442589,157267679.1031847,23,23
1985-10-04,63503468,127275115.22085577,23,23
1985-10-07,81424090,140999252.156196,23,23
1985-10-08,73262277,130255621.82059622,23,23
1985-10-09,72940807,115317328.78231657,23,23
1985-10-10,104245818,137170184.56103134,23,23
1985-10-11,75324767,157446558.97506785,23,23
1985-10-14,49745853,123351316.43093878,23,23
1985-10-15,85302344,174368509.58165467,23,23
1985-10-16,93551020,187660056.4180845,23,23
1985-10-17,112043179,205869957.37411374,23,23
1985-10-18,83093808,146776105.80798817,23,23
1985-10-21,48101965,97931202.52781439,23,23
1985-10-22,62212020,136113074.2804147,23,23
1985-10-23,68672112,168093120.23626387,23,23
1985-10-24,83879234,164171335.2856866,23,23
1985-10-25,49935119,98599184.8636834,23,23
1985-10-28,66209390,122991653.95396745,23,23
1985-10-29,88437984,154657434.92223424,23,23
1985-10-30,88238640,179374500.01736927,23,23
1985-10-31,78900153,156074130.4535501,23,23
1985-11-01,98651846,169521748.21138418,23,23
1985-11-04,93497714,176351166.89368737,23,23
1985-11-05,107467990,220960950.95257872,23,23
1985-11-06,123514488,234513417.1686501,23,23
1985-11-07,110286922,176820389.02007926,23,23
1985-11-08,85081046,163641426.56724793,23,23
1985-11-11,106313671,218346007.04146993,23,23
1985-11-12,145420077,325028025.893461,23,23
1985-11-13,88510995,178032867.1215663,23,23
1985-11-14,98778007,212436948.83472788,23,23
1985-11-15,130203976,275761628.4392347,23,23
1985-11-18,98510657,196991328.02308762,23,23
1985-11-19,91321285,229820288.66678256,23,23
1985-11-20,69359094,164054362.24106097,23,23
1985-11-21,122305909,272541896.4845804,23,23
1985-11-22,115696009,203923904.12494165,23,23
1985-11-25,65076486,118887948.91280913,23,23
1985-11-26,71366758,129057080.63826758,23,23
1985-11-27,116151298,203011526.7957666,23,23
1985-11-29,61820217,123038283.55193216,23,23
1985-12-02,72602885,123471727.67049718,23,23
1985-12-03,66514861,126799483.89207244,23,23
1985-12-04,124358836,265319645.67485332,23,23
1985-12-05,145159152,323149804.3799262,23,23
1985-12-06,94254272,215165067.19935143,23,23
1985-12-09,131798046,255008771.32840562,23,23
1985-12-10,143828639,305896036.0252522,23,23
1985-12-11,142922278,316892564.46595573,23,23
1985-12-12,128618522,315175820.19564426,23,23
1985-12-13,179229765,337762222.1989479,23,23
1985-12-16,173916270,296569356.68007445,23,23
1985-12-17,123638327,281582474.9005245,23,23
1985-12-18,122381073,253178940.92720544,23,23
1985-12-19,107178403,206394114.011055,23,23
1985-12-20,162615017,332765623.010767,23,23
1985-12-23,79962027,171154030.9849167,23,23
1985-12-24,61074386,128481023.14207071,23,23
1985-12-26,40675581,100720336.68359125,23,23
1985-12-27,53796777,115628735.23393261,23,23
1985-12-30,56784599,150823997.71133256,23,23
1985-12-31,73697739,163449118.76016712,23,23
1986-01-02,86126895,209751042.92116344,23,23
1986-01-03,70993556,171004674.5148126,23,23
1986-01-06,57565493,124828820.7352649,23,23
1986-01-07,100372309,219735868.24917758,23,23
1986-01-08,120201086,271077750.84828615,23,23
1986-01-09,142941096,322272840.2057408,23,23
1986-01-10,82043952,181026229.9517008,23,23
1986-01-13,77665753,184444854.55817473,23,23
1986-01-14,105405365,209392822.83367765,23,23
1986-01-15,95486444,217600538.38505578,23,23
1986-01-16,133185306,294627457.31486523,23,23
1986-01-17,142970572,328386255.8702152,23,23
1986-01-20,66184302,171707862.16211414,23,23
1986-01-21,92828320,205595875.19705212,23,23
1986-01-22,94512704,200672333.51394606,23,23
1986-01-23,104182848,223926732.23060155,23,23
1986-01-24,104723625,230484748.47596848,23,23
1986-01-27,89299554,199770864.28975242,23,23
1986-01-28,110420495,226076471.94408584,23,23
1986-01-29,145391510,313293741.7353202,23,23
1986-01-30,118852337,236722935.71111113,23,23
1986-01-31,129932954,286997421.005301,23,23
1986-02-03,126995947,281961180.4664804,23,23
1986-02-04,158823545,357385955.8632585,23,23
1986-02-05,107417531,234348438.8232453,23,23
1986-02-06,104292116,244047869.19658887,23,23
1986-02-07,125276395,312458860.2361702,23,23
1986-02-10,94237273,245110054.30207253,23,23
1986-02-11,157541881,322462207.7963412,23,23
1986-02-12,101765912,261935070.77718973,23,23
1986-02-13,121527541,268647175.51452434,23,23
1986-02-14,237170184,416675608.0255784,23,23
1986-02-18,181475097,371617470.7911844,23,23
1986-02-19,130049439,292197128.45761514,23,23
1986-02-20,120369301,246731620.81407833,23,23
1986-02-21,173426849,361714957.9887212,23,23
1986-02-24,110848072,278818461.1684867,23,23
1986-02-25,101000597,235611209.99277616,23,23
1986-02-26,128145469,287039255.3990338,23,23
1986-02-27,158248842,378682890.4364512,23,23
1986-02-28,153612662,426113173.69007635,23,23
1986-03-03,93554877,290905660.8663877,23,23
1986-03-04,118396178,292575666.3834225,23,23
1986-03-05,126279537,358629038.27958155,23,23
1986-03-06,110602228,334502329.58101714,23,23
1986-03-07,116067520,271284559.5253396,23,23
1986-03-10,107045573,217017130.99964243,23,23
1986-03-11,157576320,373640100.379177,23,23
1986-03-12,163775390,398245601.2145926,23,23
1986-03-13,152221744,320183421.0423983,23,23
1986-03-14,182134722,406221395.67104197,23,23
1986-03-17,112739299,282108874.48742944,23,23
1986-03-18,123891061,300488344.549991,23,23
1986-03-19,101906184,248373963.20006794,23,23
1986-03-20,104818541,249840598.61180186,23,23
1986-03-21,197088847,422492989.040717,23,23
1986-03-24,111881394,261452142.8862415,23,23
1986-03-25,98129836,219410795.34601605,23,23
1986-03-26,98571429,245365368.04579312,23,23
1986-03-27,123396287,308650758.42082286,23,23
1986-03-31,88313394,246952659.47613615,23,23
1986-04-01,120225438,313527164.2294337,23,23
1986-04-02,117060642,285669402.3191775,23,23
1986-04-03,128136738,290652840.36822176,23,23
1986-04-04,121916181,289999470.09765935,23,23
1986-04-07,91216920,234780195.9409969,23,23
1986-04-08,126254147,308738916.8019473,23,23
1986-04-09,189203386,362773237.35876065,23,23
1986-04-10,173082610,323735708.88442415,23,23
1986-04-11,140728593,360192462.98321044,23,23
1986-04-14,84543365,188269823.77020586,23,23
1986-04-15,95206436,268521756.4741753,23,23
1986-04-16,141832744,362985851.14076555,23,23
1986-04-17,145898623,346874590.7544019,23,23
1986-04-18,158845650,338931795.3795594,23,23
1986-04-21,117216209,290829025.21581376,23,23
1986-04-22,137617395,303756556.39340234,23,23
1986-04-23,101863917,249393144.75541353,23,23
1986-04-24,116604926,333274004.48575544,23,23
1986-04-25,112671509,291933287.9286448,23,23
1986-04-28,97038345,247090285.7844795,23,23
1986-04-29,99633467,293203857.0162977,23,23
1986-04-30,114408035,281533491.87191534,23,23
1986-05-01,126575652,280419983.44001764,23,23
1986-05-02,109618758,268170210.7083248,23,23
1986-05-05,84587292,214040199.70414853,23,23
1986-05-06,96296286,251065243.28543627,23,23
1986-05-07,113406480,329812232.1639379,23,23
1986-05-08,81718607,237272586.21857166,23,23
1986-05-09,88416166,225947660.41951656,23,23
1986-05-12,74964746,181480001.1651932,23,23
1986-05-13,88072964,235339416.69962454,23,23
1986-05-14,109130238,279059705.70820093,23,23
1986-05-15,88969946,222926076.2092002,23,23
1986-05-16,93346579,238527155.69644868,23,23
1986-05-19,74418066,187148755.9378742,23,23
1986-05-20,84072693,200889449.5151577,23,23
1986-05-21,82940255,204665403.38278902,23,23
1986-05-22,106627253,294032695.5824187,23,23
1986-05-23,86602775,257755487.21669936,23,23
1986-05-27,97236322,238208596.028872,23,23
1986-05-28,124797116,414836246.6500057,23,23
1986-05-29,91835048,259352034.58698106,23,23
1986-05-30,95243644,283761318.2396116,23,23
1986-06-02,78121263,207748768.04917145,23,23
1986-06-03,90288762,223664085.71116722,23,23
1986-06-04,85156440,241306439.5695727,23,23
1986-06-05,85866458,207388326.89034104,23,23
1986-06-06,93069047,234164202.23748577,23,23
1986-06-09,89330167,245380555.20367438,23,23
1986-06-10,90341827,237186068.63377488,23,23
1986-06-11,84525787,209690020.2933398,23,23
1986-06-12,68811973,170973445.2168839,23,23
1986-06-13,102843549,240304067.50912905,23,23
1986-06-16,90084562,230338008.99815345,23,23
1986-06-17,92536618,222711207.87632918,23,23
1986-06-18,90124037,264436485.9832257,23,23
1986-06-19,88628884,240270762.09977305,23,23
1986-06-20,133858950,310198645.1221343,23,23
1986-06-23,79304245,208296346.66250712,23,23
1986-06-24,101368947,239239712.2430005,23,23
1986-06-25,112170886,270828747.17383933,23,23
1986-06-26,88199982,212366117.3179226,23,23
1986-06-27,71457375,180385127.36240625,23,23
1986-06-30,79742955,198314756.6332029,23,23
1986-07-01,99196220,279081167.7673382,23,23
1986-07-02,103907689,282196613.41083825,23,23
1986-07-03,77905306,199876680.82425582,23,23
1986-07-07,114707634,281449864.9202521,23,23
1986-07-08,139754606,359779558.67141026,23,23
1986-07-09,108463764,258285897.4376058,23,23
1986-07-10,113437118,303346137.5135173,23,23
1986-07-11,89590667,288877604.7986566,23,23
1986-07-14,101746675,291312343.4604738,23,23
1986-07-15,188210001,475103708.2856637,23,23
1986-07-16,122581149,349814813.93945515,23,23
1986-07-17,103577094,275399111.2821087,23,23
1986-07-18,131402918,351543479.55263,23,23
1986-07-21,75778622,194636472.52880937,23,23
1986-07-22,110137210,258836651.00137162,23,23
1986-07-23,93826983,217343277.96234286,23,23
1986-07-24,79759966,189195207.0884416,23,23
1986-07-25,74714037,189262640.1206568,23,23
1986-07-28,87696635,230940356.63362885,23,23
1986-07-29,77515087,192093481.81077254,23,23
1986-07-30,107282124,258654715.3664205,23,23
1986-07-31,69502684,186861042.33617616,23,23
1986-08-01,71375942,180178867.27561712,23,23
1986-08-04,87776799,237022008.46120644,23,23
1986-08-05,93105460,234055511.4268639,23,23
1986-08-06,93804137,248683258.7110399,23,23
1986-08-07,89558522,214080710.13844752,23,23
1986-08-08,69388621,165565593.89945626,23,23
1986-08-11,85586297,243996853.21567822,23,23
1986-08-12,90649938,240820557.25975007,23,23
1986-08-13,114628383,297275700.9201443,23,23
1986-08-14,83006222,214714288.95889056,23,23
1986-08-15,97125978,244666483.08147633,23,23
1986-08-18,87209165,236392387.5733624,23,23
1986-08-19,86340401,229413059.07899308,23,23
1986-08-20,102932155,267695684.4103316,23,23
1986-08-21,99810505,247260090.44764632,23,23
1986-08-22,52353590,149400825.3553506,23,23
1986-08-25,66490576,199802889.20586073,23,23
1986-08-26,101811807,298027513.7056723,23,23
1986-08-27,103016562,287895989.3393588,23,23
1986-08-28,90963534,225393859.90065098,23,23
1986-08-29,85842958,197614037.58417165,23,23
1986-09-02,110255762,295293443.4854715,23,23
1986-09-03,106181332,276738401.04694784,23,23
1986-09-04,122747125,323201712.3783418,23,23
1986-09-05,143767128,401430254.8286519,23,23
1986-09-08,135108683,355189534.4835968,23,23
1986-09-09,124594786,324604092.6699946,23,23
1986-09-10,100257194,270512906.06260085,23,23
1986-09-11,184779427,484401387.1634697,23,23
1986-09-12,217864957,589854381.0183814,23,23
1986-09-15,128687378,331656968.53872675,23,23
1986-09-16,93820166,231749465.71846014,23,23
1986-09-17,102915648,239785375.8714397,23,23
1986-09-18,95465896,246018946.20550275,23,23
1986-09-19,120826763,294944556.46260864,23,23
1986-09-22,99666090,240268399.93287855,23,23
1986-09-23,96484402,224529678.64897007,23,23
1986-09-24,146669864,362179526.919106,23,23
1986-09-25,179406649,327336147.82136476,23,23
1986-09-26,112607046,208688453.3650452,23,23
1986-09-29,100726749,242306256.6608237,23,23
1986-09-30,105605586,247559155.53389943,23,23
1986-10-01,98783787,244187272.69219446,23,23
1986-10-02,70353113,184629731.55581087,23,23
1986-10-03,93276643,257847625.1949309,23,23
1986-10-06,59717688,147880858.98556018,23,23
1986-10-07,92308850,300345011.4077739,23,23
1986-10-08,94578725,320973488.15846837,23,23
1986-10-09,105032815,304667930.0332471,23,23
1986-10-10,57157858,196336175.0007891,23,23
1986-10-13,36393884,128138169.0870682,23,23
1986-10-14,88537886,296936866.9624726,23,23
1986-10-15,97163474,282508793.9002504,23,23
1986-10-16,122789696,295628610.4997026,23,23
1986-10-17,91621163,245004138.89661115,23,23
1986-10-20,64333433,176346522.45904124,23,23
1986-10-21,57587610,174263516.0730875,23,23
1986-10-22,60417115,167178167.39997905,23,23
1986-10-23,99010983,287732470.2359952,23,23
1986-10-24,72525783,202333961.30328727,23,23
1986-10-27,60573239,173877917.25053734,23,23
1986-10-28,74132377,212189585.2078728,23,23
1986-10-29,74904835,178363024.31030536,23,23
1986-10-30,116104933,291428809.0894054,23,23
1986-10-31,75937981,202042656.3673967,23,23
1986-11-03,76381199,211986040.65963525,23,23
1986-11-04,95830629,280741609.6516967,23,23
1986-11-05,110071788,302558827.1474035,23,23
1986-11-06,93786574,294406630.8782377,23,23
1986-11-07,71192162,187210425.08131635,23,23
1986-11-10,60872760,167302320.6108182,23,23
1986-11-11,52747623,142234083.56939685,23,23
1986-11-12,80376291,211169253.96245676,23,23
1986-11-13,97285902,236847499.3098328,23,23
1986-11-14,88685041,230619707.09579587,23,23
1986-11-17,78636311,198003721.8451383,23,23
1986-11-18,108636971,270466689.1548908,23,23
1986-11-19,106034241,266351591.50004137,23,23
1986-11-20,103538918,268393169.2621292,23,23
1986-11-21,164869799,404586328.16473854,23,23
1986-11-24,108265300,300565694.9651517,23,23
1986-11-25,100473069,320176415.1364795,23,23
1986-11-26,89290109,200442304.84756887,23,23
1986-11-28,42658780,113532271.91989315,23,23
1986-12-01,82881141,240774538.66609436,23,23
1986-12-02,170613664,486584812.45043135,23,23
1986-12-03,147152676,406276021.8489661,23,23
1986-12-04,120927107,289362955.7561201,23,23
1986-12-05,90536459,239528400.6331451,23,23
1986-12-08,100323815,262820532.06826824,23,23
1986-12-09,82777625,197191488.89973378,23,23
1986-12-10,96518801,256695805.18484497,23,23
1986-12-11,106597843,302021332.9047227,23,23
1986-12-12,86336170,225205825.1858176,23,23
1986-12-15,104685820,276357056.18201375,23,23
1986-12-16,127588961,335610517.278478,23,23
1986-12-17,91522890,260023467.65043265,23,23
1986-12-18,87808628,247747308.49215233,23,23
1986-12-19,252083552,639833535.5486637,23,23
1986-12-22,119779010,311429311.34512234,23,23
1986-12-23,127179266,359862184.4869435,23,23
1986-12-24,61207885,180220169.76595736,23,23
1986-12-26,38288416,90679243.13036901,23,23
1986-12-29,67554776,190704471.45318794,23,23
1986-12-30,82260020,219502045.83653015,23,23
1986-12-31,103666049,261899770.10738742,23,23
1987-01-02,63031205,158184741.831002,23,23
1987-01-05,136621795,365427251.5976809,23,23
1987-01-06,135815411,376185882.31999314,23,23
1987-01-07,140759069,398650565.5714792,23,23
1987-01-08,157217644,420251922.7215389,23,23
1987-01-09,119276493,320587031.99682903,23,23
1987-01-12,138176592,374932022.89020574,23,23
1987-01-13,111931353,376815718.354844,23,23
1987-01-14,164897923,485377512.236899,23,23
1987-01-15,202218072,548150706.1807653,23,23
1987-01-16,229255225,618718132.1661808,23,23
1987-01-19,145006355,446954119.6062733,23,23
1987-01-20,166656266,516333149.70326066,23,23
1987-01-21,156827463,465482894.64476514,23,23
1987-01-22,176755914,510862250.2334074,23,23
1987-01-23,347410820,891064692.8732562,23,23
1987-01-26,135474080,398988139.0815309,23,23
1987-01-27,205758168,524886544.56348145,23,23
1987-01-28,158700616,448369590.605644,23,23
1987-01-29,132086337,385549122.52931046,23,23
1987-01-30,120277222,300423252.9052321,23,23
1987-02-02,98432334,332009554.58379865,23,23
1987-02-03,127204896,410639291.4519018,23,23
1987-02-04,143186056,404518701.8136922,23,23
1987-02-05,147952132,477618031.6236359,23,23
1987-02-06,94902687,306203014.6243979,23,23
1987-02-09,75686771,259799459.62433982,23,23
1987-02-10,108512852,340724726.47198415,23,23
1987-02-11,123578677,354997486.2944826,23,23
1987-02-12,133137537,406980264.8233942,23,23
1987-02-13,135480878,395823387.7021344,23,23
1987-02-17,136116171,460621329.0399194,23,23
1987-02-18,166398708,502020174.4494221,23,23
1987-02-19,145008308,412090156.4108577,23,23
1987-02-20,155525904,442165962.3706515,23,23
1987-02-23,137906900,454115149.9526305,23,23
1987-02-24,86299218,311083036.6007495,23,23
1987-02-25,116728427,357737354.1014137,23,23
1987-02-26,96574434,321195895.17693603,23,23
1987-02-27,75549807,234863274.0315988,23,23
1987-03-02,87388025,261138900.63314462,23,23
1987-03-03,81555111,241233063.08341026,23,23
1987-03-04,131174442,398404003.50988746,23,23
1987-03-05,121465154,414039182.6883353,23,23
1987-03-06,133865129,356093766.74404156,23,23
1987-03-09,105537949,314724872.09361863,23,23
1987-03-10,109863468,358837061.8812803,23,23
1987-03-11,144390027,451594945.3972732,23,23
1987-03-12,119254003,386152154.79151964,23,23
1987-03-13,109404974,347376829.90923846,23,23
1987-03-16,81152813,244871509.37787998,23,23
1987-03-17,126375547,382317643.71034896,23,23
1987-03-18,134159124,444737771.5473188,23,23
1987-03-19,95748170,304464700.71522355,23,23
1987-03-20,160273923,546967239.2868369,23,23
1987-03-23,148785091,472148258.26506627,23,23
1987-03-24,116466270,387332421.9820857,23,23
1987-03-25,105849699,367253147.3054975,23,23
1987-03-26,98746548,355036899.45861053,23,23
1987-03-27,112849644,384864385.82827425,23,23
1987-03-30,176981171,599008334.8985204,23,23
1987-03-31,104224814,391178810.3518497,23,23
1987-04-01,107660929,415375766.00943017,23,23
1987-04-02,100966160,369384402.4642488,23,23
1987-04-03,136786208,490808238.6560004,23,23
1987-04-06,100536220,362691237.2079637,23,23
1987-04-07,130131512,446795862.0672312,23,23
1987-04-08,120625339,387916812.55248284,23,23
1987-04-09,117136722,405704009.11852336,23,23
1987-04-10,122361785,436518510.76494837,23,23
1987-04-13,120408874,454603139.97109914,23,23
1987-04-14,199803870,719883274.4972334,23,23
1987-04-15,140911929,528726296.8370197,23,23
1987-04-16,150773731,526077944.6099026,23,23
1987-04-20,90516734,326458592.20043504,23,23
1987-04-21,131934184,490729837.85687256,23,23
1987-04-22,139400320,508616723.42414236,23,23
1987-04-23,119657753,418840085.0044538,23,23
1987-04-24,130605666,417421759.77073133,23,23
1987-04-27,174227888,618502848.3456463,23,23
1987-04-28,145259329,528835351.3223027,23,23
1987-04-29,116255041,466272300.6471387,23,23
1987-04-30,120740398,464726956.45670223,23,23
1987-05-01,101933961,386918670.474483,23,23
1987-05-04,86192764,306905868.10504794,23,23
1987-05-05,153600124,525538693.33772075,23,23
1987-05-06,134804842,468945482.93844676,23,23
1987-05-07,128847094,412875372.72637355,23,23
1987-05-08,137677666,423841811.01768875,23,23
1987-05-11,147703745,490137310.0418588,23,23
1987-05-12,115971041,372549063.6217314,23,23
1987-05-13,103205904,346974684.70920694,23,23
1987-05-14,103133529,312615097.59917724,23,23
1987-05-15,167144823,480192951.0777929,23,23
1987-05-18,138308064,473243595.5048027,23,23
1987-05-19,153100994,491063344.1802341,23,23
1987-05-20,149779306,506584156.7095256,23,23
1987-05-21,101307184,319357082.5109868,23,23
1987-05-22,77743922,246866393.5787654,23,23
1987-05-26,109440225,333305712.28309226,23,23
1987-05-27,105150725,326750892.0409832,23,23
1987-05-28,85337837,292110255.0507797,23,23
1987-05-29,86939534,270953474.1392478,23,23
1987-06-01,89392307,277154078.18124557,23,23
1987-06-02,91210166,330173368.02767813,23,23
1987-06-03,112308765,340318798.3310025,23,23
1987-06-04,87979395,276888564.0599767,23,23
1987-06-05,68513273,240788793.5245452,23,23
1987-06-08,69726390,246778265.34362054,23,23
1987-06-09,103136008,347245010.2349949,23,23
1987-06-10,126705484,439152336.06693196,23,23
1987-06-11,83628981,282548475.27279305,23,23
1987-06-12,98614941,323339756.7052913,23,23
1987-06-15,100666999,328005448.7173234,23,23
1987-06-16,79540541,298825392.65023756,23,23
1987-06-17,88648686,303120889.725247,23,23
1987-06-18,77669536,273418285.684978,23,23
1987-06-19,163271768,549806787.9952195,23,23
1987-06-22,113092733,405084697.91613364,23,23
1987-06-23,112682314,401620707.7866273,23,23
1987-06-24,80592305,336833968.4910412,23,23
1987-06-25,86156929,326972106.6560799,23,23
1987-06-26,67961963,255449649.9400574,23,23
1987-06-29,69234868,247535413.03821325,23,23
1987-06-30,97672059,349639866.493477,23,23
1987-07-01,77502503,293632963.2858225,23,23
1987-07-02,75077403,259993299.77019036,23,23
1987-07-06,94370137,330974107.94485474,23,23
1987-07-07,90214701,311300900.28643847,23,23
1987-07-08,101703180,365321168.7707939,23,23
1987-07-09,96628468,328981563.3777623,23,23
1987-07-10,86170390,292518663.0404949,23,23
1987-07-13,104824199,400627400.3832842,23,23
1987-07-14,99211728,407149695.2486044,23,23
1987-07-15,103130340,403060230.38168025,23,23
1987-07-16,111023569,330364503.1848073,23,23
1987-07-17,170868455,477560036.9171945,23,23
1987-07-20,91050551,284306692.685622,23,23
1987-07-21,103842294,341866547.8518466,23,23
1987-07-22,95175359,309619673.8414279,23,23
1987-07-23,85417352,319146766.4582732,23,23
1987-07-24,62136158,214668952.0359186,23,23
1987-07-27,73962044,228012247.1758299,23,23
1987-07-28,128605722,503838519.5082799,23,23
1987-07-29,108176073,394840936.52443206,23,23
1987-07-30,116041775,418727168.3186929,23,23
1987-07-31,83637980,320594314.5352309,23,23
1987-08-03,110178962,432543035.98746,23,23
1987-08-04,99427391,373600996.9935765,23,23
1987-08-05,111739409,443653742.1468494,23,23
1987-08-06,132769972,484264094.15581274,23,23
1987-08-07,191069537,586825093.2751001,23,23
1987-08-10,126729272,441524682.3769691,23,23
1987-08-11,190279337,764758298.285138,23,23
1987-08-12,170941140,677961910.5917504,23,23
1987-08-13,145115080,567716782.5468613,23,23
1987-08-14,115528090,478006275.6960764,23,23
1987-08-17,119079530,445303303.64399946,23,23
1987-08-18,148771288,572606487.9905692,23,23
1987-08-19,122434047,442903862.7131398,23,23
1987-08-20,125902973,450063277.6385027,23,23
1987-08-21,148258650,545888714.963688,23,23
1987-08-24,101554387,374291685.75600374,23,23
1987-08-25,141238507,471281884.43935823,23,23
1987-08-26,127922891,552939328.9133086,23,23
1987-08-27,103752738,435969975.7951262,23,23
1987-08-28,100624534,371257538.60509443,23,23
1987-08-31,107569304,405351156.7219579,23,23
1987-09-01,125798042,448314773.1315088,23,23
1987-09-02,163959834,642903819.155402,23,23
1987-09-03,127764954,487756430.5260042,23,23
1987-09-04,84246221,312525972.37173843,23,23
1987-09-08,160212691,589402722.8818115,23,23
1987-09-09,130687189,525296337.3264818,23,23
1987-09-10,132835219,464989397.71459186,23,23
1987-09-11,113410302,444285747.8311268,23,23
1987-09-14,105939764,342125570.29303145,23,23
1987-09-15,78278869,332101971.0512798,23,23
1987-09-16,154167112,502028374.2819692,23,23
1987-09-17,111215409,409097007.83392596,23,23
1987-09-18,141344549,515969041.110358,23,23
1987-09-21,133399965,482115337.61732054,23,23
1987-09-22,144381629,554742709.749892,23,23
1987-09-23,152061710,559270355.1471915,23,23
1987-09-24,87197578,348245510.89531255,23,23
1987-09-25,84047477,288556474.0185294,23,23
1987-09-28,127119499,497629107.8648398,23,23
1987-09-29,100586596,425578879.3185271,23,23
1987-09-30,118989474,507492115.4182613,23,23
1987-10-01,108600105,409777616.441277,23,23
1987-10-02,96904492,378960966.84685767,23,23
1987-10-05,91753850,344544002.00610363,23,23
1987-10-06,127337843,451422114.393162,23,23
1987-10-07,138663165,482712475.63084483,23,23
1987-10-08,114515661,409203852.6892916,23,23
1987-10-09,90469678,385649674.13522136,23,23
1987-10-12,96070660,351842727.59761405,23,23
1987-10-13,122749765,488771465.6613208,23,23
1987-10-14,159158073,562683317.4738616,23,23
1987-10-15,207057958,729027240.9884148,23,23
1987-10-16,275399514,896091411.4523706,23,23
1987-10-19,395824114,1008408701.912822,23,23
1987-10-20,393859756,1096020843.5801215,23,23
1987-10-21,288909075,901790128.8091737,23,23
1987-10-22,296306306,804099358.9197809,23,23
1987-10-23,162204665,448904275.23083246,23,23
1987-10-26,156161476,416392528.24210596,23,23
1987-10-27,156971877,426433188.95700467,23,23
1987-10-28,192401285,522386554.1740401,23,23
1987-10-29,162585632,463638319.9017465,23,23
1987-10-30,186831183,528722689.4583446,23,23
1987-11-02,104290551,320902243.2676021,23,23
1987-11-03,161638325,476642142.07103753,23,23
1987-11-04,128573563,358766250.4500624,23,23
1987-11-05,147769765,423970954.5621679,23,23
1987-11-06,207220262,470337312.3405429,23,23
1987-11-09,110491087,334324612.8447511,23,23
1987-11-10,124479191,354961855.81883824,23,23
1987-11-11,103428631,271259093.20758975,23,23
1987-11-12,153533952,423743959.0999749,23,23
1987-11-13,90001367,272295013.4926623,23,23
1987-11-16,96752038,303760117.13411784,23,23
1987-11-17,112538351,346798942.56058204,23,23
1987-11-18,91303646,267854372.83888423,23,23
1987-11-19,102168502,277350380.58561563,23,23
1987-11-20,127959412,385034377.67569923,23,23
1987-11-23,73033941,197692159.13422608,23,23
1987-11-24,110655180,324076084.6534939,23,23
1987-11-25,71180038,201103388.32016206,23,23
1987-11-27,45794795,136608204.24039996,23,23
1987-11-30,156752852,431984808.1915915,23,23
1987-12-01,98833414,264856032.0735011,23,23
1987-12-02,79988242,227313770.7431481,23,23
1987-12-03,109420463,312854123.4524493,23,23
1987-12-04,128724562,351198346.097419,23,23
1987-12-07,79914882,237737127.6754812,23,23
1987-12-08,123225735,300541665.2970108,23,23
1987-12-09,191527382,495131854.3444264,23,23
1987-12-10,148849766,431774484.7873683,23,23
1987-12-11,77035925,231154108.8693825,23,23
1987-12-14,108816132,319788978.7080437,23,23
1987-12-15,132947650,415217603.31492877,23,23
1987-12-16,116190954,371585509.85641134,23,23
1987-12-17,113183861,321337687.1793666,23,23
1987-12-18,185821315,523140834.39931476,23,23
1987-12-21,81143897,283408544.1780883,23,23
1987-12-22,96407278,278513838.0289589,23,23
1987-12-23,86479283,277406297.90116394,23,23
1987-12-24,34267079,107529671.36758184,23,23
1987-12-28,60332841,196407495.1061182,23,23
1987-12-29,49141922,146335967.63427758,23,23
1987-12-30,73936650,212972918.55877924,23,23
1987-12-31,72351423,209284368.7670226,23,23
1988-01-04,108049745,323130216.3054763,23,23
1988-01-05,125870145,400990208.61325836,23,23
1988-01-06,95325026,291699794.4004923,23,23
1988-01-07,92381738,277845371.28729546,23,23
1988-01-08,121533306,360512460.84593,23,23
1988-01-11,112981952,344804561.1361159,23,23
1988-01-12,110061625,346940950.3362553,23,23
1988-01-13,110196754,338479429.9935075,23,23
1988-01-14,77045064,219632454.76917267,23,23
1988-01-15,152994099,472053417.73221016,23,23
1988-01-18,59281561,187380283.08499908,23,23
1988-01-19,107472473,361073618.2230512,23,23
1988-01-20,152260094,498826201.5586395,23,23
1988-01-21,137064472,392972692.0162792,23,23
1988-01-22,99328261,278631837.64007354,23,23
1988-01-25,97118348,284218337.60734236,23,23
1988-01-26,79145553,215254255.04421353,23,23
1988-01-27,103634921,300311782.3353307,23,23
1988-01-28,87054698,228593220.5307877,23,23
1988-01-29,97681350,306876786.59335804,23,23
1988-02-01,103598349,289195532.93064773,23,23
1988-02-02,98819504,298471151.59445405,23,23
1988-02-03,139011365,478241687.47981715,23,23
1988-02-04,94806757,290511220.0662476,23,23
1988-02-05,66120358,193743200.89316833,23,23
1988-02-08,144000085,349086449.53351164,23,23
1988-02-09,119260777,365508595.501912,23,23
1988-02-10,155779723,453975642.46508956,23,23
1988-02-11,101532214,297976980.4301022,23,23
1988-02-12,87793877,253639107.59053648,23,23
1988-02-16,76693989,230168681.16701102,23,23
1988-02-17,115600947,321675713.407599,23,23
1988-02-18,90932986,261094324.4540621,23,23
1988-02-19,97330392,287099847.4757712,23,23
1988-02-22,107036160,335246129.9882765,23,23
1988-02-23,102783485,311807121.7356874,23,23
1988-02-24,91298725,282474016.4937078,23,23
1988-02-25,111848927,372902362.16826296,23,23
1988-02-26,61550328,185686388.09219384,23,23
1988-02-29,90834153,277251768.36556506,23,23
1988-03-01,99988495,319881356.040511,23,23
1988-03-02,94660455,279480111.3824246,23,23
1988-03-03,66353508,201037460.01083982,23,23
1988-03-04,78900851,251406593.49771547,23,23
1988-03-07,58063789,179128826.33460724,23,23
1988-03-08,90278924,265449313.56403375,23,23
1988-03-09,118308420,307978650.09565353,23,23
1988-03-10,93918405,286029136.8196769,23,23
1988-03-11,100622875,316831258.97328985,23,23
1988-03-14,65497478,195784062.15277874,23,23
1988-03-15,62197240,212698179.35141015,23,23
1988-03-16,86155203,253450696.34492314,23,23
1988-03-17,118305207,341273746.51841474,23,23
1988-03-18,179003294,493525586.7285812,23,23
1988-03-21,86774240,227563171.82929707,23,23
1988-03-22,81029176,215633596.27709115,23,23
1988-03-23,85840823,254128045.73244083,23,23
1988-03-24,100431627,319620558.16584647,23,23
1988-03-25,90490298,268078564.14602292,23,23
1988-03-28,92710391,275365325.3140851,23,23
1988-03-29,92705579,267545963.32626724,23,23
1988-03-30,101854123,305719562.75531673,23,23
1988-03-31,88979215,259929080.19851947,23,23
1988-04-04,80009792,232521216.48522043,23,23
1988-04-05,79571447,240011231.2417419,23,23
1988-04-06,131578340,383727845.64090216,23,23
1988-04-07,93074950,278835908.15515137,23,23
1988-04-08,108722915,312870265.1382396,23,23
1988-04-11,84492555,269154984.36867356,23,23
1988-04-12,96808925,292304214.76115084,23,23
1988-04-13,112383331,348017116.3449352,23,23
1988-04-14,147276698,458350008.97295964,23,23
1988-04-15,142812249,453323228.25937927,23,23
1988-04-18,72152301,226796752.1907196,23,23
1988-04-19,90910422,286944634.6834152,23,23
1988-04-20,94422747,281865555.70648956,23,23
1988-04-21,116566356,352537123.4664911,23,23
1988-04-22,67499144,203554066.90041816,23,23
1988-04-25,76966641,219183906.2813586,23,23
1988-04-26,75153788,232385290.1686535,23,23
1988-04-27,66728076,217004406.68404067,23,23
1988-04-28,61388566,182209051.53502178,23,23
1988-04-29,57999208,180148777.997823,23,23
1988-05-02,53515823,169924005.20450974,23,23
1988-05-03,104590017,354219586.1408136,23,23
1988-05-04,68035727,199421112.10157585,23,23
1988-05-05,67521841,199387922.3040843,23,23
1988-05-06,68324136,190661638.23247802,23,23
1988-05-09,181519250,349828437.72329533,23,23
1988-05-10,71108815,196169488.42432356,23,23
1988-05-11,141082053,408672401.82298744,23,23
1988-05-12,60906854,174627681.7768587,23,23
1988-05-13,74610950,192519258.5746876,23,23
1988-05-16,67000905,181935036.10375524,23,23
1988-05-17,85216147,256124148.59686399,23,23
1988-05-18,118422482,275799705.06732476,23,23
1988-05-19,118100922,289499011.77736795,23,23
1988-05-20,91676107,234937277.4403149,23,23
1988-05-23,65510309,188549755.16011834,23,23
1988-05-24,82632467,238797392.98324656,23,23
1988-05-25,80580304,229627524.72975087,23,23
1988-05-26,83844930,216183020.03347433,23,23
1988-05-27,51014564,130211912.01905632,23,23
1988-05-31,96658173,280180553.9526094,23,23
1988-06-01,146845511,453178104.1227691,23,23
1988-06-02,92434753,284445075.8343376,23,23
1988-06-03,67973499,199628488.2228322,23,23
1988-06-06,68064205,216752979.04417682,23,23
1988-06-07,89623334,308332958.6454474,23,23
1988-06-08,132479899,416517841.3455075,23,23
1988-06-09,160203796,432033659.71488726,23,23
1988-06-10,93748107,276081742.8990741,23,23
1988-06-13,62673761,193891836.1153195,23,23
1988-06-14,201849549,532221941.3757014,23,23
1988-06-15,116288583,273910898.62959564,23,23
1988-06-16,103256382,264912081.4454019,23,23
1988-06-17,179959502,491328195.67484343,23,23
1988-06-20,83508356,214890355.2869172,23,23
1988-06-21,94382908,315083841.91855085,23,23
1988-06-22,153084935,550797422.2671739,23,23
1988-06-23,95745012,351665513.38442767,23,23
1988-06-24,73201011,242464268.45372856,23,23
1988-06-27,83023473,271112986.52585256,23,23
1988-06-28,80592988,285082564.09238553,23,23
1988-06-29,75275936,283652089.7368958,23,23
1988-06-30,87190694,293529597.87499046,23,23
1988-07-01,67779793,213586446.10439467,23,23
1988-07-05,71533672,246784484.42873335,23,23
1988-07-06,94755890,328646121.3226979,23,23
1988-07-07,82215445,289755163.3994515,23,23
1988-07-08,68575944,214593795.6014228,23,23
1988-07-11,56564748,159299231.38646305,23,23
1988-07-12,90476891,264083236.1898588,23,23
1988-07-13,102013792,283763628.60776794,23,23
1988-07-14,81386032,241520765.50207102,23,23
1988-07-15,99076525,317564973.45759964,23,23
1988-07-18,70578609,239184765.55260968,23,23
1988-07-19,74145546,243091003.17198193,23,23
1988-07-20,68147609,212859657.91921794,23,23
1988-07-21,73157497,230650785.72218287,23,23
1988-07-22,94906903,281308735.9260212,23,23
1988-07-25,58619419,202202623.97470593,23,23
1988-07-26,60929984,205374330.9602294,23,23
1988-07-27,70765522,220794803.80586874,23,23
1988-07-28,87550045,248107593.33397806,23,23
1988-07-29,112632790,347838174.8247553,23,23
1988-08-01,70715490,255780650.0119481,23,23
1988-08-02,86419064,275410602.04744506,23,23
1988-08-03,139719017,504720687.7596817,23,23
1988-08-04,85674333,269733263.97534275,23,23
1988-08-05,51395482,179408784.60187626,23,23
1988-08-08,82524345,220677174.6502359,23,23
1988-08-09,213677290,504705057.94809246,23,23
1988-08-10,160260191,525691554.21117616,23,23
1988-08-11,128687924,422748532.9233705,23,23
1988-08-12,70100183,207821552.9936707,23,23
1988-08-15,58818752,209120717.1907506,23,23
1988-08-16,99295248,313744550.738924,23,23
1988-08-17,88305764,231827935.1318122,23,23
1988-08-18,89284559,210476864.38875365,23,23
1988-08-19,82016018,222891374.45888805,23,23
1988-08-22,73008569,190586386.49526644,23,23
1988-08-23,77163107,197596716.56620586,23,23
1988-08-24,84414110,234578032.43699014,23,23
1988-08-25,64941894,205709261.00179005,23,23
1988-08-26,61855593,162017885.47251046,23,23
1988-08-29,77832176,172470989.58526468,23,23
1988-08-30,56153366,155171966.83555984,23,23
1988-08-31,72495571,184811746.78236377,23,23
1988-09-01,80368234,242142786.49536324,23,23
1988-09-02,99617862,281923380.27347803,23,23
1988-09-06,73753955,208785686.3624332,23,23
1988-09-07,93409902,250824709.40166688,23,23
1988-09-08,92842246,247442538.20362568,23,23
1988-09-09,115742155,335044630.3855214,23,23
1988-09-12,91670139,251555076.70593,23,23
1988-09-13,161375882,341126681.0832572,23,23
1988-09-14,159414899,361150666.8476002,23,23
1988-09-15,92068051,227872040.33355856,23,23
1988-09-16,167802818,461638471.06553435,23,23
1988-09-19,85237933,229592411.80378664,23,23
1988-09-20,86079506,193541480.17301452,23,23
1988-09-21,75842561,182849545.525468,23,23
1988-09-22,86037555,235543868.7656393,23,23
1988-09-23,65260487,184468272.3411386,23,23
1988-09-26,53545855,139073932.70992577,23,23
1988-09-27,57522241,173679770.42614913,23,23
1988-09-28,59194641,179072082.49192524,23,23
1988-09-29,104127913,284023492.957054,23,23
1988-09-30,110330434,313444604.69737244,23,23
1988-10-03,90340848,233685766.0551591,23,23
1988-10-04,70761534,180069170.38585782,23,23
1988-10-05,100141270,266214534.6355803,23,23
1988-10-06,77657703,206490285.6150967,23,23
1988-10-07,150858682,426262755.7740896,23,23
1988-10-10,60401142,194901954.94935656,23,23
1988-10-11,112542770,263839188.13585556,23,23
1988-10-12,119268005,385965695.6628438,23,23
1988-10-13,76434419,250466390.6785897,23,23
1988-10-14,82669325,291804382.98930764,23,23
1988-10-17,68096604,195408527.40224087,23,23
1988-10-18,121822438,273717105.9406352,23,23
1988-10-19,115996397,343473923.92569816,23,23
1988-10-20,136585106,350865653.38386893,23,23
1988-10-21,134787389,409517750.8476138,23,23
1988-10-24,78499379,222467874.42412007,23,23
1988-10-25,82698276,209772456.78271794,23,23
1988-10-26,81900924,221693665.21857107,23,23
1988-10-27,94934405,267744376.06508934,23,23
1988-10-28,58121725,174133301.8293469,23,23
1988-10-31,62512883,187311990.22198975,23,23
1988-11-01,66722947,206195758.01779354,23,23
1988-11-02,72485806,237831186.9044007,23,23
1988-11-03,75270457,239787587.945248,23,23
1988-11-04,74958858,255388315.52135897,23,23
1988-11-07,71381539,222284183.5480405,23,23
1988-11-08,86388451,246938182.54393613,23,23
1988-11-09,89815030,264049439.86178756,23,23
1988-11-10,66160849,219535129.885952,23,23
1988-11-11,83290202,261994832.4011842,23,23
1988-11-14,82655930,260575684.73628068,23,23
1988-11-15,63662057,208619507.10701394,23,23
1988-11-16,103015609,325910770.3916062,23,23
1988-11-17,71394940,221873516.94326854,23,23
1988-11-18,84808100,238891552.07962823,23,23
1988-11-21,65446644,195799233.56265247,23,23
1988-11-22,68284938,208699433.6252736,23,23
1988-11-23,47486681,162015701.96578145,23,23
1988-11-25,37298974,112270524.37872541,23,23
1988-11-28,63051145,214183235.1860366,23,23
1988-11-29,73031944,240901863.19730783,23,23
1988-11-30,83249260,249898063.6953243,23,23
1988-12-01,58475505,182372187.140208,23,23
1988-12-02,75218280,250402614.7661748,23,23
1988-12-05,86737746,288904551.18900514,23,23
1988-12-06,80504632,248843268.51154923,23,23
1988-12-07,79514494,266090582.35505676,23,23
1988-12-08,64691421,218120594.90450156,23,23
1988-12-09,49737005,183250464.38325548,23,23
1988-12-12,54683561,182850003.95547426,23,23
1988-12-13,72384494,221892992.40396655,23,23
1988-12-14,76011054,242353228.17537212,23,23
1988-12-15,75631957,202821341.3899448,23,23
1988-12-16,125121295,381540385.7172899,23,23
1988-12-19,81289415,266827871.5284568,23,23
1988-12-20,99076454,325962250.9273381,23,23
1988-12-21,85934891,260003901.08637905,23,23
1988-12-22,60470274,203083631.1125884,23,23
1988-12-23,30225799,87633926.63597405,23,23
1988-12-27,31344194,104687901.97827613,23,23
1988-12-28,35619609,113681454.74340487,23,23
1988-12-29,54923378,182390392.2836678,23,23
1988-12-30,53822514,155946568.70326555,23,23
1989-01-03,78068683,264006836.11371946,23,23
1989-01-04,84893614,279061565.41014767,23,23
1989-01-05,98326740,314434029.6295333,23,23
1989-01-06,75229475,263642579.78386986,23,23
1989-01-09,85474841,276662187.6235665,23,23
1989-01-10,76810344,240358357.9744494,23,23
1989-01-11,72384909,226719630.06571472,23,23
1989-01-12,100521320,354786785.14412236,23,23
1989-01-13,68495979,227640207.8184855,23,23
1989-01-16,57785741,205309728.62115335,23,23
1989-01-17,63892119,215400323.4892255,23,23
1989-01-18,88336669,308967803.6835265,23,23
1989-01-19,118666593,401392664.0437447,23,23
1989-01-20,111009145,358841475.76978695,23,23
1989-01-23,94021474,347461592.16072774,23,23
1989-01-24,115122729,376623385.4055475,23,23
1989-01-25,104903113,347429999.5027597,23,23
1989-01-26,122509548,454940800.0139499,23,23
1989-01-27,172781275,619931307.6749531,23,23
1989-01-30,90741953,366406499.4686229,23,23
1989-01-31,104229820,379577972.4949548,23,23
1989-02-01,102567575,381501122.0991775,23,23
1989-02-02,81297817,298051148.1377344,23,23
1989-02-03,74872632,274326906.64159894,23,23
1989-02-06,64118245,222482759.47222018,23,23
1989-02-07,122630491,395766642.3588176,23,23
1989-02-08,117312334,364025772.87535346,23,23
1989-02-09,179457797,515834944.88011944,23,23
1989-02-10,93658130,326080306.786124,23,23
1989-02-13,78420343,265917151.14275074,23,23
1989-02-14,71144737,237797616.48527575,23,23
1989-02-15,84434521,281072858.00470734,23,23
1989-02-16,85336682,272261136.0890237,23,23
1989-02-17,96165816,303230579.0172391,23,23
1989-02-21,72538583,235531863.83273554,23,23
1989-02-22,94584057,296853957.43763375,23,23
1989-02-23,76530436,262371214.93169498,23,23
1989-02-24,90647950,298077673.8172319,23,23
1989-02-27,62753888,241505251.79884124,23,23
1989-02-28,81735290,256558596.69249868,23,23
1989-03-01,91061885,291259369.9690125,23,23
1989-03-02,77968019,262538321.23832536,23,23
1989-03-03,73708030,238715296.80111766,23,23
1989-03-06,88099160,289126617.95496726,23,23
1989-03-07,76976404,277163515.6548312,23,23
1989-03-08,92936467,282167122.0493462,23,23
1989-03-09,74153536,223697299.15381813,23,23
1989-03-10,86986186,281623654.7025039,23,23
1989-03-13,91844707,285725460.63200796,23,23
1989-03-14,89707753,255141703.80952156,23,23
1989-03-15,112904867,323100311.8696966,23,23
1989-03-16,115705456,411388474.2803236,23,23
1989-03-17,180774514,633325633.9161361,23,23
1989-03-20,97076204,387946356.58731914,23,23
1989-03-21,79199708,323360809.3892963,23,23
1989-03-22,77437433,274541831.28182566,23,23
1989-03-23,75719419,264749045.13064146,23,23
1989-03-27,52443461,193749820.2095611,23,23
1989-03-28,71642743,224440364.27477086,23,23
1989-03-29,70694315,218472165.70167208,23,23
1989-03-30,67701668,232610363.82211363,23,23
1989-03-31,60757097,208792526.60358715,23,23
1989-04-03,71085262,237718222.26927376,23,23
1989-04-04,76118790,277744720.2715938,23,23
1989-04-05,68761697,228881235.96327496,23,23
1989-04-06,61380744,208110894.82866204,23,23
1989-04-07,73526521,251480085.12015593,23,23
1989-04-10,55166672,176500750.58736515,23,23
1989-04-11,73313255,244554139.62766218,23,23
1989-04-12,81673395,260288418.9477073,23,23
1989-04-13,71279547,214692313.40341568,23,23
1989-04-14,94265112,331114720.7753196,23,23
1989-04-17,59903808,226399560.77839577,23,23
1989-04-18,107121048,376105528.94945216,23,23
1989-04-19,95332721,324604901.05110884,23,23
1989-04-20,91721128,308137401.988255,23,23
1989-04-21,109898440,382118697.93743944,23,23
1989-04-24,62080725,237434796.65652823,23,23
1989-04-25,69605119,281746073.95455575,23,23
1989-04-26,55699533,232512662.69108784,23,23
1989-04-27,99458552,377719106.08873665,23,23
1989-04-28,65021376,246541790.92503738,23,23
1989-05-01,52993416,197175318.79142404,23,23
1989-05-02,67146203,253010230.30930686,23,23
1989-05-03,125101686,305960107.1027024,23,23
1989-05-04,50556660,189903291.7204709,23,23
1989-05-05,81349312,308151116.07482064,23,23
1989-05-08,63080643,240887000.38730407,23,23
1989-05-09,77632303,287839408.7654054,23,23
1989-05-10,66656085,248531205.9720415,23,23
1989-05-11,85868575,313568453.4827235,23,23
1989-05-12,138884655,546361774.8207985,23,23
1989-05-15,148476249,480335105.8912207,23,23
1989-05-16,112435432,438911245.1782675,23,23
1989-05-17,108504141,397787376.3599825,23,23
1989-05-18,115408672,432009419.40034616,23,23
1989-05-19,209645496,722266209.4536526,23,23
1989-05-22,104553388,387374533.49460244,23,23
1989-05-23,100984659,375679504.82033,23,23
1989-05-24,100765090,351079787.18237114,23,23
1989-05-25,74404821,232795901.91898882,23,23
1989-05-26,62506688,255300808.4245752,23,23
1989-05-30,80292453,321257741.151567,23,23
1989-05-31,82422155,344484404.98464966,23,23
1989-06-01,76290067,312980686.3479626,23,23
1989-06-02,99447350,394876669.05713403,23,23
1989-06-05,79290407,312070384.5672052,23,23
1989-06-06,101248160,411285656.2752695,23,23
1989-06-07,81749791,331119065.4007114,23,23
1989-06-08,81548424,297680191.7438824,23,23
1989-06-09,84661216,310668084.9028199,23,23
1989-06-12,84527724,329086308.97208035,23,23
1989-06-13,102257179,425698073.91681075,23,23
1989-06-14,92025901,342541333.94772875,23,23
1989-06-15,94837079,340628447.0825119,23,23
1989-06-16,172704915,612697304.4839914,23,23
1989-06-19,63681409,232265990.33293664,23,23
1989-06-20,69174482,252327460.10196614,23,23
1989-06-21,77501345,278379732.2825949,23,23
1989-06-22,69858944,275829133.01536775,23,23
1989-06-23,102742883,381558993.51188576,23,23
1989-06-26,59032579,239754445.16687155,23,23
1989-06-27,86843818,373110604.559358,23,23
1989-06-28,69597385,286287999.20682275,23,23
1989-06-29,74088208,292275988.74666715,23,23
1989-06-30,95170504,337075235.8827305,23,23
1989-07-03,36576739,118056726.74241412,23,23
1989-07-05,63263279,238934786.29013515,23,23
1989-07-06,64205709,224108743.24208677,23,23
1989-07-07,72523651,268720045.1147965,23,23
1989-07-10,57161765,242834335.11490345,23,23
1989-07-11,79809090,299841250.1476642,23,23
1989-07-12,62136958,246220263.95380175,23,23
1989-07-13,62579500,235100975.85204637,23,23
1989-07-14,94378917,351441405.81556344,23,23
1989-07-17,61867849,278854939.5464628,23,23
1989-07-18,65839925,263890996.27175105,23,23
1989-07-19,114558047,433830449.2509192,23,23
1989-07-20,93488253,354608307.41364074,23,23
1989-07-21,125596093,444049440.3268125,23,23
1989-07-24,74628568,262346372.977046,23,23
1989-07-25,94217452,340227943.3673909,23,23
1989-07-26,109741408,449257429.635151,23,23
1989-07-27,90224133,364581691.3524673,23,23
1989-07-28,83057394,313721109.94678724,23,23
1989-07-31,75428473,295789928.7485869,23,23
1989-08-01,123079786,470842238.7898551,23,23
1989-08-02,81379532,328879406.9191345,23,23
1989-08-03,88316863,447017780.835266,23,23
1989-08-04,103989766,470701882.0761775,23,23
1989-08-07,125311064,543606675.5624442,23,23
1989-08-08,107539805,495271700.28256226,23,23
1989-08-09,105690985,436539832.6481044,23,23
1989-08-10,97643004,384779286.38581705,23,23
1989-08-11,143062283,525225425.1443713,23,23
1989-08-14,109917856,349200497.9596554,23,23
1989-08-15,72160029,270551435.5704099,23,23
1989-08-16,63968229,253355886.0567273,23,23
1989-08-17,99796388,317081687.97967064,23,23
1989-08-18,102720932,360628916.0642297,23,23
1989-08-21,81931350,289585844.83858776,23,23
1989-08-22,84913084,317862251.4504833,23,23
1989-08-23,77080104,277458799.2005396,23,23
1989-08-24,121346971,496341384.2313242,23,23
1989-08-25,75577922,318952879.071337,23,23
1989-08-28,63285384,267447007.25982285,23,23
1989-08-29,69805121,283030062.9526886,23,23
1989-08-30,92236279,339146105.4344164,23,23
1989-08-31,61667305,218359032.50878477,23,23
1989-09-01,74865705,285838686.4854461,23,23
1989-09-05,80832551,360932279.8981805,23,23
1989-09-06,88272537,350489446.5475147,23,23
1989-09-07,72319488,289122226.40058315,23,23
1989-09-08,77677444,306669181.5008848,23,23
1989-09-11,68224813,263971766.33961916,23,23
1989-09-12,64796570,261320630.06865454,23,23
1989-09-13,96246489,398781675.97843313,23,23
1989-09-14,80102502,304420681.4050065,23,23
1989-09-15,153141096,575384672.0206699,23,23
1989-09-18,59576695,238532721.34717906,23,23
1989-09-19,60501562,244952847.1046238,23,23
1989-09-20,59862572,238973063.8911971,23,23
1989-09-21,55635951,235560742.9926691,23,23
1989-09-22,48788679,189063787.37525177,23,23
1989-09-25,63638230,232951650.17004824,23,23
1989-09-26,74162286,311670808.7912787,23,23
1989-09-27,93684738,475962233.4735956,23,23
1989-09-28,112730073,448615980.5659735,23,23
1989-09-29,86055078,341029707.38574123,23,23
1989-10-02,71380642,303169408.1161883,23,23
1989-10-03,127983226,535436389.9628079,23,23
1989-10-04,115904057,521996151.10602117,23,23
1989-10-05,93885511,374289929.0345801,23,23
1989-10-06,95047204,369841057.23071885,23,23
1989-10-09,53163710,230179225.8861375,23,23
1989-10-10,82587064,328838181.2089162,23,23
1989-10-11,83880693,355015877.0795579,23,23
1989-10-12,71572964,314686051.4912181,23,23
1989-10-13,129295328,534212096.2708802,23,23
1989-10-16,253993628,1073183856.149657,23,23
1989-10-17,125147386,543363685.1667193,23,23
1989-10-18,87285053,347507184.636714,23,23
1989-10-19,101899862,417120909.6412618,23,23
1989-10-20,118645211,476533751.1346171,23,23
1989-10-23,71538559,321210818.4909805,23,23
1989-10-24,156823855,617699702.6729374,23,23
1989-10-25,83065546,318233482.32042336,23,23
1989-10-26,95284120,378053879.9917897,23,23
1989-10-27,90544619,378513607.4020035,23,23
1989-10-30,67127139,272247394.6420021,23,23
1989-10-31,103025605,394793890.43629134,23,23
1989-11-01,79215216,301485875.9690294,23,23
1989-11-02,93148664,365367113.791803,23,23
1989-11-03,68404637,264027048.68782896,23,23
1989-11-06,77851302,324247766.92978513,23,23
1989-11-07,98086893,374570055.63288265,23,23
1989-11-08,86292981,321566283.9082134,23,23
1989-11-09,80780633,307557837.84639686,23,23
1989-11-10,66388978,270698707.41419244,23,23
1989-11-13,73762932,286966325.1846503,23,23
1989-11-14,75201564,266285175.82542527,23,23
1989-11-15,78031325,280648419.01783013,23,23
1989-11-16,72770732,289851259.658705,23,23
1989-11-17,121702906,440767782.3096765,23,23
1989-11-20,66508605,299805126.55923367,23,23
1989-11-21,63209185,251064969.53958088,23,23
1989-11-22,61882140,246308298.3228246,23,23
1989-11-24,36949914,157997743.9881158,23,23
1989-11-27,84969019,383380615.2947097,23,23
1989-11-28,84849843,362406089.9875059,23,23
1989-11-29,70106150,279478360.41614157,23,23
1989-11-30,70410692,294268717.0318787,23,23
1989-12-01,106015576,459760354.946643,23,23
1989-12-04,79459896,352756388.4645065,23,23
1989-12-05,78100383,327088701.7931292,23,23
1989-12-06,64246753,298756775.1063973,23,23
1989-12-07,68678852,291397962.97936225,23,23
1989-12-08,59678177,253525146.8568642,23,23
1989-12-11,61653606,276563445.74425364,23,23
1989-12-12,82319885,363291198.3626051,23,23
1989-12-13,80120304,331279250.10124135,23,23
1989-12-14,71061577,299019271.15042037,23,23
1989-12-15,140537629,602314569.6099014,23,23
1989-12-18,79279412,349057610.19796544,23,23
1989-12-19,99746936,456587757.22052526,23,23
1989-12-20,101543476,469557531.53607047,23,23
1989-12-21,87456079,368543967.4347904,23,23
1989-12-22,55890479,240330307.4393816,23,23
1989-12-26,34026501,136459763.27179098,23,23
1989-12-27,69351387,305368033.6750028,23,23
1989-12-28,58408683,251989463.31100678,23,23
1989-12-29,58718513,259565637.50657797,23,23
1990-01-02,90830081,391570429.50481486,23,23
1990-01-03,106831757,486543101.5795727,23,23
1990-01-04,90007365,443282735.4393289,23,23
1990-01-05,75634022,336519733.1192026,23,23
1990-01-08,73524312,306404543.7707708,23,23
1990-01-09,71474031,322785139.3826655,23,23
1990-01-10,89274027,401487400.9664494,23,23
1990-01-11,60105261,287073593.6501825,23,23
1990-01-12,97914707,406568864.565802,23,23
1990-01-15,71954197,293297636.1505656,23,23
1990-01-16,108847785,452341456.6742033,23,23
1990-01-17,98127423,417546195.14997613,23,23
1990-01-18,96425468,389706093.2113724,23,23
1990-01-19,93053108,402601977.65260446,23,23
1990-01-22,79794033,364661264.44039154,23,23
1990-01-23,97561609,432925039.087067,23,23
1990-01-24,110296715,491400124.97896683,23,23
1990-01-25,81113277,338951221.9615158,23,23
1990-01-26,86631799,363721229.6470535,23,23
1990-01-29,62004675,285209895.15948576,23,23
1990-01-30,96210965,409835810.0828504,23,23
1990-01-31,96052110,405357309.54325724,23,23
1990-02-01,79551074,320656528.3821488,23,23
1990-02-02,78971110,323170273.1704283,23,23
1990-02-05,61451972,273982335.1176026,23,23
1990-02-06,66535471,329263843.81502795,23,23
1990-02-07,91163802,409368438.0743474,23,23
1990-02-08,86426029,369367378.9691731,23,23
1990-02-09,62567991,260092471.16689432,23,23
1990-02-12,48123963,210263311.86478853,23,23
1990-02-13,69748326,310089242.66680276,23,23
1990-02-14,51819633,234295024.94637203,23,23
1990-02-15,62983769,268281580.94783485,23,23
1990-02-16,114634808,399413313.37715733,23,23
1990-02-20,79592475,300266005.47663,23,23
1990-02-21,86054207,361770872.8166392,23,23
1990-02-22,81747258,339301997.72468174,23,23
1990-02-23,77235788,316061087.0754386,23,23
1990-02-26,73224938,299318863.7616942,23,23
1990-02-27,80510916,354168550.73152244,23,23
1990-02-28,88346680,392241250.8257909,23,23
1990-03-01,76180319,342791027.35287917,23,23
1990-03-02,77216490,338424693.9595303,23,23
1990-03-05,67683240,303598787.48037636,23,23
1990-03-06,69605353,304812421.40536845,23,23
1990-03-07,74982148,315845979.9683095,23,23
1990-03-08,88220086,343075268.7481189,23,23
1990-03-09,70629345,316680571.5154557,23,23
1990-03-12,52248729,242772694.14317465,23,23
1990-03-13,76944371,350735846.12690985,23,23
1990-03-14,70583592,315522728.61140954,23,23
1990-03-15,69899369,305279691.84080815,23,23
1990-03-16,141424418,636782047.3820157,23,23
1990-03-19,79920161,353106075.75893855,23,23
1990-03-20,94590099,434670713.75191176,23,23
1990-03-21,53319892,253186984.22344053,23,23
1990-03-22,82346831,395563590.564348,23,23
1990-03-23,58332404,262800639.24259913,23,23
1990-03-26,52168675,229587407.51836157,23,23
1990-03-27,52726528,263528074.33429182,23,23
1990-03-28,64040698,310555863.39558387,23,23
1990-03-29,55007802,264107565.8876673,23,23
1990-03-30,66165656,326306130.9331392,23,23
1990-04-02,57492989,276160805.64231396,23,23
1990-04-03,69220293,303450498.8367593,23,23
1990-04-04,76916520,335254148.896268,23,23
1990-04-05,66773008,255924705.69914842,23,23
1990-04-06,58072181,210282088.79334533,23,23
1990-04-09,59134787,246291571.3923397,23,23
1990-04-10,57715425,295752813.9720037,23,23
1990-04-11,60304035,254659494.95346987,23,23
1990-04-12,59290629,261054167.96774405,23,23
1990-04-16,76447483,431548795.0700903,23,23
1990-04-17,61355640,301718955.21737224,23,23
1990-04-18,81139194,341791116.69578844,23,23
1990-04-19,73373668,323205677.9688282,23,23
1990-04-20,108282438,461916193.3602145,23,23
1990-04-23,70302909,318366703.4788977,23,23
1990-04-24,63921975,287167943.3627313,23,23
1990-04-25,57271752,252835494.1029629,23,23
1990-04-26,62601246,292398645.78310025,23,23
1990-04-27,56212374,266911434.49839556,23,23
1990-04-30,60174704,288940070.46143866,23,23
1990-05-01,63561057,301003073.66787267,23,23
1990-05-02,65868489,311294674.047451,23,23
1990-05-03,69252852,328333174.3936064,23,23
1990-05-04,66080752,293035738.52833176,23,23
1990-05-07,73093610,331918860.5141654,23,23
1990-05-08,72992306,308539642.69335175,23,23
1990-05-09,83812466,363797285.4408622,23,23
1990-05-10,90134062,429716938.20779276,23,23
1990-05-11,150321993,617577010.5047104,23,23
1990-05-14,136498655,559740178.30369,23,23
1990-05-15,90551881,385181320.33233094,23,23
1990-05-16,93444123,367694669.029843,23,23
1990-05-17,95098798,406805647.2503171,23,23
1990-05-18,105960147,496590390.4128531,23,23
1990-05-21,93223994,463818338.0642905,23,23
1990-05-22,105428971,510276141.1480005,23,23
1990-05-23,86381918,371746387.3740134,23,23
1990-05-24,100444379,444681887.8809891,23,23
1990-05-25,68794697,349685223.9019811,23,23
1990-05-29,68840128,366223071.4724779,23,23
1990-05-30,115619173,622850728.2874609,23,23
1990-05-31,87158167,462536964.73088443,23,23
1990-06-01,80049293,437040904.11725783,23,23
1990-06-04,82360106,421192637.1661978,23,23
1990-06-05,102494483,514823062.5514587,23,23
1990-06-06,84157600,412094138.0834062,23,23
1990-06-07,66242157,326700999.50605226,23,23
1990-06-08,74219863,369748500.7012898,23,23
1990-06-11,64743566,345777413.4967866,23,23
1990-06-12,86426148,467234682.6632595,23,23
1990-06-13,85375264,521002718.27081144,23,23
1990-06-14,58950396,333231186.0271766,23,23
1990-06-15,138628564,713350945.6209803,23,23
1990-06-18,75779789,379425442.4934926,23,23
1990-06-19,69265121,397122610.43116283,23,23
1990-06-20,61064619,311927638.1830131,23,23
1990-06-21,68451192,353754557.07606196,23,23
1990-06-22,87606486,429848988.6146643,23,23
1990-06-25,76282427,340505836.6602199,23,23
1990-06-26,102493848,461470331.6735449,23,23
1990-06-27,75868846,370351203.39932275,23,23
1990-06-28,59086627,277442315.51512754,23,23
1990-06-29,62414498,285936936.04707456,23,23
1990-07-02,48399419,245250149.84360075,23,23
1990-07-03,58596076,275751475.13222694,23,23
1990-07-05,55203559,282960638.54833126,23,23
1990-07-06,55504137,260860863.81119442,23,23
1990-07-09,59062144,299491697.8364253,23,23
1990-07-10,62345302,331871300.02259016,23,23
1990-07-11,69438608,362432380.9599545,23,23
1990-07-12,94554399,486010430.91841793,23,23
1990-07-13,95132346,526934423.67959666,23,23
1990-07-16,72401812,396979349.6195531,23,23
1990-07-17,78865448,409655730.314558,23,23
1990-07-18,78548383,396759605.35137033,23,23
1990-07-19,73629849,402995553.43861675,23,23
1990-07-20,103530765,543768106.0343517,23,23
1990-07-23,129496944,700685942.0561547,23,23
1990-07-24,99894202,545170531.6194947,23,23
1990-07-25,76538795,420945547.15144086,23,23
1990-07-26,77861668,399490594.0165117,23,23
1990-07-27,81197625,444158553.24088323,23,23
1990-07-30,76116869,393271477.23314285,23,23
1990-07-31,78473563,385591646.3113475,23,23
1990-08-01,71429135,383056183.4429536,23,23
1990-08-02,162970442,898309896.0751226,23,23
1990-08-03,186457666,989186102.5741268,23,23
1990-08-06,137140746,683444579.3210522,23,23
1990-08-07,127307477,648451471.2407546,23,23
1990-08-08,111874520,529421842.61454314,23,23
1990-08-09,80329188,374119741.08773565,23,23
1990-08-10,80051641,372832712.594978,23,23
1990-08-13,68578817,358597055.5487057,23,23
1990-08-14,72654422,364248653.63347745,23,23
1990-08-15,73622272,343809539.96143496,23,23
1990-08-16,84765363,381293371.167673,23,23
1990-08-17,152045917,726220688.672452,23,23
1990-08-20,65264776,331074176.73345864,23,23
1990-08-21,123396873,603264591.5175115,23,23
1990-08-22,96552882,448406831.48109436,23,23
1990-08-23,133521929,604548708.4558916,23,23
1990-08-24,113627763,531524799.014797,23,23
1990-08-27,100509843,483346790.8524285,23,23
1990-08-28,68215812,311537697.4851916,23,23
1990-08-29,64947147,303338298.06280977,23,23
1990-08-30,60783770,274741389.5715286,23,23
1990-08-31,47619958,208504547.94537115,23,23
1990-09-04,55432104,286393578.0515864,23,23
1990-09-05,63097362,309376923.2133311,23,23
1990-09-06,67633379,370384289.4132509,23,23
1990-09-07,60781009,307232147.09403986,23,23
1990-09-10,64140595,313997155.61083484,23,23
1990-09-11,54924312,286317790.1254091,23,23
1990-09-12,53540380,274585783.8706699,23,23
1990-09-13,51926311,241876138.15947503,23,23
1990-09-14,66272888,317117052.76238227,23,23
1990-09-17,56846888,255760630.32110202,23,23
1990-09-18,78222891,387302117.4290683,23,23
1990-09-19,89332678,442482022.2259358,23,23
1990-09-20,84576384,380988778.0458783,23,23
1990-09-21,121778736,550366782.736348,23,23
1990-09-24,79931002,389564033.9376527,23,23
1990-09-25,74054283,329122407.69423676,23,23
1990-09-26,73046095,344574239.7484597,23,23
1990-09-27,90542669,409386518.66332173,23,23
1990-09-28,96119585,435635440.29948485,23,23
1990-10-01,105650033,450206927.0579529,23,23
1990-10-02,105104261,457952449.09757614,23,23
1990-10-03,67170620,271722349.3080486,23,23
1990-10-04,77649377,322280311.60142994,23,23
1990-10-05,87998707,384880605.0303587,23,23
1990-10-08,41014663,189812345.14786148,23,23
1990-10-09,94657783,444306320.246346,23,23
1990-10-10,101131305,457854669.09354895,23,23
1990-10-11,102762025,479858203.0262239,23,23
1990-10-12,115738585,500224143.2616208,23,23
1990-10-15,96749746,468622256.7605143,23,23
1990-10-16,70715110,315334647.3942354,23,23
1990-10-17,72556027,316202712.90279424,23,23
1990-10-18,111117111,464276813.77802896,23,23
1990-10-19,149778779,697044623.7926161,23,23
1990-10-22,99978031,467970647.138793,23,23
1990-10-23,78713595,363301282.20431376,23,23
1990-10-24,62570810,306278155.75835085,23,23
1990-10-25,65814795,321411586.1186259,23,23
1990-10-26,59827215,282608423.7840042,23,23
1990-10-29,63824052,300912555.0109074,23,23
1990-10-30,76947233,380323896.69061136,23,23
1990-10-31,64625633,284963443.86362576,23,23
1990-11-01,72144042,297610454.5946231,23,23
1990-11-02,71837102,324884151.6924672,23,23
1990-11-05,64241419,277996059.91367006,23,23
1990-11-06,66664677,276177047.3141651,23,23
1990-11-07,76989276,301771273.8663421,23,23
1990-11-08,86286901,365011107.69655776,23,23
1990-11-09,83449488,407328637.94859946,23,23
1990-11-12,82985124,444485984.52055335,23,23
1990-11-13,76122654,342461618.1021457,23,23
1990-11-14,76298029,349223657.46872956,23,23
1990-11-15,73838982,347293595.5680803,23,23
1990-11-16,103393794,451930521.7121822,23,23
1990-11-19,82861677,363434894.87823117,23,23
1990-11-20,87419808,454072583.51217866,23,23
1990-11-21,73498851,372865994.47858775,23,23
1990-11-23,28470667,121637442.61047328,23,23
1990-11-26,68922277,292246425.60284793,23,23
1990-11-27,74419034,334955971.11589444,23,23
1990-11-28,64980782,289662382.417933,23,23
1990-11-29,121266629,337909283.238811,23,23
1990-11-30,118780604,556978102.8616471,23,23
1990-12-03,85796254,394173481.4717217,23,23
1990-12-04,72330119,329805190.9316585,23,23
1990-12-05,76634327,354182406.19324696,23,23
1990-12-06,129633041,634109843.9369947,23,23
1990-12-07,71708316,356308181.10090446,23,23
1990-12-10,52849014,268149269.79485738,23,23
1990-12-11,51338912,251081195.85693163,23,23
1990-12-12,75522218,360301729.24533546,23,23
1990-12-13,61427336,304643699.5216994,23,23
1990-12-14,63552750,312593838.16474986,23,23
1990-12-17,44276240,214377389.31256235,23,23
1990-12-18,75593924,361096911.4389868,23,23
1990-12-19,71583008,374050604.85931563,23,23
1990-12-20,73421048,351790809.1670531,23,23
1990-12-21,133618892,620149794.187012,23,23
1990-12-24,23302917,101809544.10108131,23,23
1990-12-26,28424341,121515482.3007676,23,23
1990-12-27,35656162,163151975.03652978,23,23
1990-12-28,34059833,150362747.76553607,23,23
1990-12-31,35053775,135803375.90884614,23,23
1991-01-02,66062502,294809038.7146535,23,23
1991-01-03,75894392,319202367.5877857,23,23
1991-01-04,76975545,345520986.5408504,23,23
1991-01-07,63138979,295226927.05237323,23,23
1991-01-08,81463439,396278349.57163465,23,23
1991-01-09,96471264,451258939.36730146,23,23
1991-01-10,54010547,252051147.94986808,23,23
1991-01-11,52242552,275395980.84719837,23,23
1991-01-14,74970978,358066474.83789647,23,23
1991-01-15,46934063,215562522.95303917,23,23
1991-01-16,69780881,288274460.54162323,23,23
1991-01-17,172068414,877300386.1582386,23,23
1991-01-18,200592305,990789875.3434024,23,23
1991-01-21,66274359,339304852.4742532,23,23
1991-01-22,74655310,351993073.98131645,23,23
1991-01-23,78222707,417783202.5902623,23,23
1991-01-24,100758903,537511078.6774445,23,23
1991-01-25,93603827,494116921.4309548,23,23
1991-01-28,75638267,409948522.41186273,23,23
1991-01-29,80388918,409181778.74009293,23,23
1991-01-30,115783518,579779416.8001828,23,23
1991-01-31,98902911,491614236.6261108,23,23
1991-02-01,110615387,575094498.0852251,23,23
1991-02-04,95119792,515068072.3398334,23,23
1991-02-05,116028635,613640578.8303268,23,23
1991-02-06,126326300,648027076.4257975,23,23
1991-02-07,134850604,668426289.73907,23,23
1991-02-08,81343089,445016214.3564466,23,23
1991-02-11,115758256,569983048.876622,23,23
1991-02-12,144966434,802563043.7885995,23,23
1991-02-13,94736190,583112272.0252118,23,23
1991-02-14,109318881,647182618.1810446,23,23
1991-02-15,156393810,850479149.864161,23,23
1991-02-19,142110088,620866472.1749051,23,23
1991-02-20,128884107,486311587.64484644,23,23
1991-02-21,103669356,428790361.20598245,23,23
1991-02-22,130311926,649628909.3784492,23,23
1991-02-25,98130916,522545100.6730828,23,23
1991-02-26,89526902,492358964.1909721,23,23
1991-02-27,104444213,564454683.3711567,23,23
1991-02-28,96873308,496957188.6414889,23,23
1991-03-01,90907671,451787725.8819814,23,23
1991-03-04,76976946,378909015.632185,23,23
1991-03-05,109220384,560984441.7320399,23,23
1991-03-06,141181708,667136417.4894602,23,23
1991-03-07,83408181,398379397.26660895,23,23
1991-03-08,84011952,449566576.975634,23,23
1991-03-11,69595344,377709308.05904293,23,23
1991-03-12,82254343,430974337.42818,23,23
1991-03-13,93223883,390538860.1177316,23,23
1991-03-14,110568760,547409382.1735564,23,23
1991-03-15,146780238,753611803.1234615,23,23
1991-03-18,71346496,366432311.02134776,23,23
1991-03-19,118347841,693049254.3325336,23,23
1991-03-20,95337715,530238140.2354343,23,23
1991-03-21,96307689,478135448.4256115,23,23
1991-03-22,83917203,430118345.2140572,23,23
1991-03-25,75231037,367318165.84945774,23,23
1991-03-26,104818943,444670639.8278321,23,23
1991-03-27,102327208,443499198.6094954,23,23
1991-03-28,58568314,291268975.9571017,23,23
1991-04-01,64883346,333501812.87300825,23,23
1991-04-02,79198479,428548076.3145832,23,23
1991-04-03,81552800,404558066.3905238,23,23
1991-04-04,78161307,419888517.9957799,23,23
1991-04-05,84942463,425187388.1751127,23,23
1991-04-08,55579197,287367168.7998154,23,23
1991-04-09,69822053,359668250.15641916,23,23
1991-04-10,84553213,483516260.1077194,23,23
1991-04-11,81965827,448962824.760134,23,23
1991-04-12,94202415,501492343.05512094,23,23
1991-04-15,75053623,425619933.4416443,23,23
1991-04-16,100488863,493184110.61795044,23,23
1991-04-17,108432518,573967947.5529203,23,23
1991-04-18,85138847,415643044.22457457,23,23
1991-04-19,117329630,611267243.0717553,23,23
1991-04-22,73181661,361114437.6801889,23,23
1991-04-23,70297119,338289245.20518744,23,23
1991-04-24,88592954,424501720.54525924,23,23
1991-04-25,69797181,338906166.1566937,23,23
1991-04-26,67258680,346933018.65737724,23,23
1991-04-29,72199301,403650875.5765166,23,23
1991-04-30,108979921,581150966.3979129,23,23
1991-05-01,90953990,433354392.4310765,23,23
1991-05-02,89317794,396426153.8032651,23,23
1991-05-03,81452354,414550257.6776371,23,23
1991-05-06,65648175,296224852.4964688,23,23
1991-05-07,77695254,373901836.5393839,23,23
1991-05-08,74985488,352857768.10974586,23,23
1991-05-09,92375553,430131779.4928496,23,23
1991-05-10,74453888,396023281.5283816,23,23
1991-05-13,56836631,304385444.2877414,23,23
1991-05-14,67097575,360342375.990021,23,23
1991-05-15,99930011,450023986.70655394,23,23
1991-05-16,82712961,324961058.34843576,23,23
1991-05-17,119214557,565846607.88009,23,23
1991-05-20,50765012,240907173.60885692,23,23
1991-05-21,81255592,391641571.01478934,23,23
1991-05-22,70401523,378094393.3086376,23,23
1991-05-23,76086661,349890119.83090115,23,23
1991-05-24,50296335,259826627.68289924,23,23
1991-05-28,212348336,528735556.0078118,23,23
1991-05-29,75857716,393644236.0075674,23,23
1991-05-30,117206989,622773569.7909392,23,23
1991-05-31,113831632,651551311.0144475,23,23
1991-06-03,82908366,449436164.46260405,23,23
1991-06-04,73004176,372337276.5801804,23,23
1991-06-05,68708576,359545870.6527269,23,23
1991-06-06,64234241,321942406.9836199,23,23
1991-06-07,72258305,379830238.9629159,23,23
1991-06-10,53987294,271418220.0950775,23,23
1991-06-11,63147958,339321405.6733781,23,23
1991-06-12,77284849,404250790.3245101,23,23
1991-06-13,64523654,348220021.9460602,23,23
1991-06-14,75728932,408710819.38850176,23,23
1991-06-17,41415489,194736408.80351114,23,23
1991-06-18,62087613,324082600.57964003,23,23
1991-06-19,75168015,402496456.27557766,23,23
1991-06-20,89262322,494685278.8748876,23,23
1991-06-21,120882329,653237765.8268055,23,23
1991-06-24,61767754,353665054.6626923,23,23
1991-06-25,63607793,332976837.0481502,23,23
1991-06-26,74616003,364463161.333081,23,23
1991-06-27,87095070,410472658.35950303,23,23
1991-06-28,72948480,383960676.25051856,23,23
1991-07-01,71424106,350192683.59105587,23,23
1991-07-02,68648930,358454407.2444792,23,23
1991-07-03,65405025,342239572.3864522,23,23
1991-07-05,33673519,175181172.4956169,23,23
1991-07-08,62894223,322359251.7489754,23,23
1991-07-09,66954867,318186717.7882359,23,23
1991-07-10,89290441,427215733.4091778,23,23
1991-07-11,60916912,305763983.3768182,23,23
1991-07-12,70355714,345495566.6073861,23,23
1991-07-15,65539881,290941183.84929013,23,23
1991-07-16,72203383,340695592.1490841,23,23
1991-07-17,68960153,354139686.072572,23,23
1991-07-18,79948647,421221356.2006836,23,23
1991-07-19,87343225,506624025.45483804,23,23
1991-07-22,66558520,337318892.4274075,23,23
1991-07-23,65197768,322677342.6251819,23,23
1991-07-24,67248025,341568151.61851,23,23
1991-07-25,51383612,273488155.017936,23,23
1991-07-26,46963770,249097720.50356913,23,23
1991-07-29,49025927,257141848.2810756,23,23
1991-07-30,69787061,373997331.4581214,23,23
1991-07-31,54215534,271847696.23536336,23,23
1991-08-01,57198971,281079740.48486376,23,23
1991-08-02,65020758,302845806.47890115,23,23
1991-08-05,57612392,284769012.8685317,23,23
1991-08-06,81186298,388890012.713693,23,23
1991-08-07,64196575,319221493.73811543,23,23
1991-08-08,68191227,311505178.9146786,23,23
1991-08-09,54402560,272991555.7746682,23,23
1991-08-12,41300061,198488583.52696562,23,23
1991-08-13,65927272,321581582.78467476,23,23
1991-08-14,65680514,337531558.1052476,23,23
1991-08-15,64292333,304897767.9482417,23,23
1991-08-16,127844591,538819615.132173,23,23
1991-08-19,117779553,612520869.059927,23,23
1991-08-20,82448466,412100259.7457676,23,23
1991-08-21,102430488,550590130.5416386,23,23
1991-08-22,70568926,374737820.66862226,23,23
1991-08-23,79214608,413561084.77384543,23,23
1991-08-26,36506880,205596401.1063726,23,23
1991-08-27,51429420,255039841.13864255,23,23
1991-08-28,59823766,302614893.60773313,23,23
1991-08-29,57663414,317783734.3283839,23,23
1991-08-30,38803575,204093769.543751,23,23
1991-09-03,55968096,298665306.5706339,23,23
1991-09-04,56003067,308729841.85172665,23,23
1991-09-05,60805503,363381598.8519933,23,23
1991-09-06,63261777,372435566.71650255,23,23
1991-09-09,44129084,242812313.53070736,23,23
1991-09-10,59987471,332623121.3601707,23,23
1991-09-11,71433517,371481346.37740886,23,23
1991-09-12,64523835,380658873.1224743,23,23
1991-09-13,70753898,416394196.74152565,23,23
1991-09-16,77091677,384698835.5502548,23,23
1991-09-17,62738884,306464416.4719331,23,23
1991-09-18,51699004,244558754.08667088,23,23
1991-09-19,69560585,358499246.3511145,23,23
1991-09-20,100835878,516544422.150692,23,23
1991-09-23,53887736,253676193.8189479,23,23
1991-09-24,65459451,340954275.7853484,23,23
1991-09-25,55521740,271169440.9050424,23,23
1991-09-26,54402568,262659853.09544683,23,23
1991-09-27,53467117,284761271.8490455,23,23
1991-09-30,54813211,294504286.2641871,23,23
1991-10-01,52318706,262772677.95756662,23,23
1991-10-02,65454716,300856080.74035525,23,23
1991-10-03,56167141,296740200.12589216,23,23
1991-10-04,61925650,310205053.80045295,23,23
1991-10-07,54327060,311822024.12426496,23,23
1991-10-08,67323847,368622677.9259715,23,23
1991-10-09,83000619,431045536.5008607,23,23
1991-10-10,65645640,356994718.6152587,23,23
1991-10-11,59447710,302804364.09801626,23,23
1991-10-14,47119879,242073724.63128853,23,23
1991-10-15,88511934,456195373.3542961,23,23
1991-10-16,82928180,425569460.32098794,23,23
1991-10-17,84824786,434118619.14159656,23,23
1991-10-18,79738252,438924561.5169456,23,23
1991-10-21,53226183,251395464.9560151,23,23
1991-10-22,83679115,398461105.32378674,23,23
1991-10-23,64869029,314450590.73435235,23,23
1991-10-24,63458372,320024792.34810686,23,23
1991-10-25,52799140,291714514.44926465,23,23
1991-10-28,55544175,283884355.1122854,23,23
1991-10-29,77062119,412214968.16102445,23,23
1991-10-30,60324305,337887189.93246484,23,23
1991-10-31,54832435,305541712.79661167,23,23
1991-11-01,73411109,397591048.81779647,23,23
1991-11-04,45739414,250125852.678514,23,23
1991-11-05,59209348,329066325.02659833,23,23
1991-11-06,56560913,297197453.7510632,23,23
1991-11-07,59547722,370427648.84374857,23,23
1991-11-08,53738388,311570593.427099,23,23
1991-11-11,34124199,187699647.13758385,23,23
1991-11-12,73911116,379933269.0151223,23,23
1991-11-13,63491541,354660500.07454324,23,23
1991-11-14,70319932,381048691.17916036,23,23
1991-11-15,108821430,595408259.13093,23,23
1991-11-18,120435536,582666419.7556524,23,23
1991-11-19,114228532,568390177.6533427,23,23
1991-11-20,77822904,402039122.5290736,23,23
1991-11-21,69374232,373698903.23966026,23,23
1991-11-22,71050188,375904612.8466276,23,23
1991-11-25,63004476,330446318.1856884,23,23
1991-11-26,90225190,501590560.35879445,23,23
1991-11-27,55512617,297206790.50966716,23,23
1991-11-29,31509662,182895384.5108962,23,23
1991-12-02,77351500,432554990.5777695,23,23
1991-12-03,61047097,341875928.2465955,23,23
1991-12-04,73999454,431185405.3462825,23,23
1991-12-05,68565715,387290471.078712,23,23
1991-12-06,85067594,489486640.9253912,23,23
1991-12-09,71760063,422994696.06260276,23,23
1991-12-10,84373519,478507925.7223046,23,23
1991-12-11,87613678,456023146.1491269,23,23
1991-12-12,69484456,365998478.59168315,23,23
1991-12-13,68747365,371882046.32003665,23,23
1991-12-16,59830818,297394567.9961467,23,23
1991-12-17,57665841,304524199.2591131,23,23
1991-12-18,66023006,342979568.4910008,23,23
1991-12-19,67525068,347231183.5494566,23,23
1991-12-20,165585229,866017339.8510423,23,23
1991-12-23,95838995,488968327.11345994,23,23
1991-12-24,62754711,367733274.8357725,23,23
1991-12-26,53747765,297894832.3257394,23,23
1991-12-27,60581655,341713245.5357933,23,23
1991-12-30,100723200,569475897.9483237,23,23
1991-12-31,96304664,554083850.8578467,23,23
1992-01-02,89120897,490805292.9757079,23,23
1992-01-03,95791546,502265527.2679708,23,23
1992-01-06,97832593,552111667.6252298,23,23
1992-01-07,82958205,463008007.6165383,23,23
1992-01-08,116302646,630255757.8466082,23,23
1992-01-09,128934486,646894654.7192028,23,23
1992-01-10,84680945,453321299.2349565,23,23
1992-01-13,70362331,417207747.85655,23,23
1992-01-14,93796156,555548337.5380318,23,23
1992-01-15,135012100,830490725.177233,23,23
1992-01-16,149772933,892246936.5204135,23,23
1992-01-17,156072649,1004305624.1235961,23,23
1992-01-20,74099119,442935995.2518585,23,23
1992-01-21,89523973,525403699.5508045,23,23
1992-01-22,86929979,494367180.5392735,23,23
1992-01-23,79412588,483891325.8574208,23,23
1992-01-24,66186487,395852006.75197804,23,23
1992-01-27,63226419,388280094.1182656,23,23
1992-01-28,102352034,621952332.323189,23,23
1992-01-29,109493190,654858893.9096413,23,23
1992-01-30,87445795,522950705.71802354,23,23
1992-01-31,78790739,458680869.66101813,23,23
1992-02-03,68628043,432894268.13265467,23,23
1992-02-04,82503858,478949585.7177143,23,23
1992-02-05,87640984,504906399.3252237,23,23
1992-02-06,64997428,383961600.905365,23,23
1992-02-07,82351744,472509990.5057205,23,23
1992-02-10,60837333,382836784.9398881,23,23
1992-02-11,67164393,410613533.7224221,23,23
1992-02-12,75351238,453169866.10631275,23,23
1992-02-13,76815372,444315463.4592056,23,23
1992-02-14,68117191,413118140.0509465,23,23
1992-02-18,95048812,524188140.6399636,23,23
1992-02-19,146381500,626499034.327981,23,23
1992-02-20,154726560,708661167.0236666,23,23
1992-02-21,118764596,686381314.5677071,23,23
1992-02-24,69496513,383451161.56196404,23,23
1992-02-25,81922411,461067919.2682824,23,23
1992-02-26,93817070,557078133.1694913,23,23
1992-02-27,76436798,424360778.30800414,23,23
1992-02-28,69900830,412708770.5073955,23,23
1992-03-02,64872511,388802523.93376184,23,23
1992-03-03,74805551,411869156.2987325,23,23
1992-03-04,82718593,480803576.59775376,23,23
1992-03-05,76632208,427514241.9030349,23,23
1992-03-06,71305378,415634607.86411667,23,23
1992-03-09,61815107,370925717.81280005,23,23
1992-03-10,81610447,443505534.6164241,23,23
1992-03-11,70149065,396495992.15976524,23,23
1992-03-12,80355872,456304119.74334,23,23
1992-03-13,63513643,350446408.0322733,23,23
1992-03-16,51420191,284628019.64987457,23,23
1992-03-17,67142224,362457930.34520686,23,23
1992-03-18,63821485,343881279.47421944,23,23
1992-03-19,77523798,366548238.77340984,23,23
1992-03-20,125431179,702131526.117771,23,23
1992-03-23,65562065,373674248.690557,23,23
1992-03-24,70479857,389270810.2424412,23,23
1992-03-25,70990947,381378519.77591085,23,23
1992-03-26,62848718,342326032.29992056,23,23
1992-03-27,64776919,364522199.6855118,23,23
1992-03-30,52392514,296539886.83412457,23,23
1992-03-31,73381926,388056264.9076247,23,23
1992-04-01,76582434,433561244.1847534,23,23
1992-04-02,80555344,481150931.9030571,23,23
1992-04-03,75319036,435657208.6962991,23,23
1992-04-06,66330805,393454954.15394664,23,23
1992-04-07,76627417,439983135.3399432,23,23
1992-04-08,123086414,707538839.21311,23,23
1992-04-09,100448218,565698963.2705796,23,23
1992-04-10,101666383,496464710.7582903,23,23
1992-04-13,59865545,336344867.47504973,23,23
1992-04-14,98253274,590651503.0263721,23,23
1992-04-15,105750380,631435856.2966638,23,23
1992-04-16,98796800,671087179.9643571,23,23
1992-04-20,88276765,513750980.753443,23,23
1992-04-21,78107595,462761202.29168224,23,23
1992-04-22,74069117,417574357.71074367,23,23
1992-04-23,118221041,673268003.7978494,23,23
1992-04-24,70583088,392724346.70729923,23,23
1992-04-27,67282304,399006986.52913475,23,23
1992-04-28,73708686,434144734.4532863,23,23
1992-04-29,72029315,421026542.6385784,23,23
1992-04-30,85555115,503381808.79084,23,23
1992-05-01,77496613,452659944.7668979,23,23
1992-05-04,71237125,460435766.7621918,23,23
1992-05-05,70141563,412531809.02805424,23,23
1992-05-06,69203242,430299302.58854437,23,23
1992-05-07,54919834,357202778.3917084,23,23
1992-05-08,59872247,363038179.38720465,23,23
1992-05-11,65444755,390659099.3402586,23,23
1992-05-12,76156022,442524216.67542803,23,23
1992-05-13,74639807,433563607.69017744,23,23
1992-05-14,74281821,403530768.1684077,23,23
1992-05-15,109155256,643235551.668314,23,23
1992-05-18,72408592,379121754.95270824,23,23
1992-05-19,104269014,557393348.047857,23,23
1992-05-20,75186602,465555133.40979624,23,23
1992-05-21,66984590,397397870.7634051,23,23
1992-05-22,59749084,359569170.54695785,23,23
1992-05-26,82291393,465596215.84054935,23,23
1992-05-27,69776763,387470563.0475831,23,23
1992-05-28,65222463,371276818.6519828,23,23
1992-05-29,65629525,373742813.4564514,23,23
1992-06-01,60158387,346062864.0799577,23,23
1992-06-02,74198444,446789162.8852625,23,23
1992-06-03,70595163,419930750.58278084,23,23
1992-06-04,92708364,469693270.85475516,23,23
1992-06-05,85684564,478638170.4144484,23,23
1992-06-08,61465452,324473553.1443348,23,23
1992-06-09,58486146,339849974.53094316,23,23
1992-06-10,77629742,420280835.3370962,23,23
1992-06-11,83528261,424859556.01269865,23,23
1992-06-12,75870105,421046899.33348775,23,23
1992-06-15,61225035,341002321.52352,23,23
1992-06-16,66921135,327633218.6454458,23,23
1992-06-17,110261478,499497619.9950323,23,23
1992-06-18,96227418,542845677.5337548,23,23
1992-06-19,114257739,651435623.9518158,23,23
1992-06-22,61983653,359801772.957489,23,23
1992-06-23,71776730,422199983.0969261,23,23
1992-06-24,79589108,364899811.77064085,23,23
1992-06-25,67995134,366064750.4793887,23,23
1992-06-26,66396929,332817780.4294071,23,23
1992-06-29,65799469,353606909.3003131,23,23
1992-06-30,64964209,348255962.9898603,23,23
1992-07-01,80470825,421703351.15062237,23,23
1992-07-02,87278518,420399678.9525367,23,23
1992-07-06,83985992,426254684.74176097,23,23
1992-07-07,79884615,413490583.7888069,23,23
1992-07-08,71708565,379221837.6429713,23,23
1992-07-09,67786183,370825611.80128765,23,23
1992-07-10,50090986,269306694.5153992,23,23
1992-07-13,43844214,259079058.17776227,23,23
1992-07-14,60431899,348055908.9983202,23,23
1992-07-15,82160076,495476152.66067743,23,23
1992-07-16,79549300,464700771.5585537,23,23
1992-07-17,95763973,625229688.1852908,23,23
1992-07-20,65060876,385725774.4196156,23,23
1992-07-21,66760474,334272621.5301671,23,23
1992-07-22,51796834,286895174.43798006,23,23
1992-07-23,49943582,295367974.551527,23,23
1992-07-24,50072927,294758953.36328125,23,23
1992-07-27,51578496,289842651.3948873,23,23
1992-07-28,64008630,394549651.0633261,23,23
1992-07-29,83772579,499572166.4663818,23,23
1992-07-30,57325037,359488735.8997823,23,23
1992-07-31,44443127,261378807.0351057,23,23
1992-08-03,48050000,290245644.7479446,23,23
1992-08-04,48845716,294089577.09591687,23,23
1992-08-05,53180466,339930343.1413697,23,23
1992-08-06,59674513,387330904.694937,23,23
1992-08-07,181106796,587589788.6343153,23,23
1992-08-10,76383071,340532446.89242375,23,23
1992-08-11,70632589,332568168.87413263,23,23
1992-08-12,56660910,326003076.55349374,23,23
1992-08-13,64318830,356448591.6023748,23,23
1992-08-14,51816495,260114327.62044716,23,23
1992-08-17,47738849,237414038.3981905,23,23
1992-08-18,105564368,330068336.2753017,23,23
1992-08-19,81764408,311902340.6643231,23,23
1992-08-20,67852299,319125445.75079155,23,23
1992-08-21,94020887,494844487.4095869,23,23
1992-08-24,62259853,337038702.3647218,23,23
1992-08-25,67285639,374453990.09789085,23,23
1992-08-26,58019953,310086521.68127584,23,23
1992-08-27,60083269,330553974.50350225,23,23
1992-08-28,47319683,272347414.15752184,23,23
1992-08-31,51345080,266398850.02577233,23,23
1992-09-01,56534326,288638046.094025,23,23
1992-09-02,62341932,318935532.35340595,23,23
1992-09-03,79566878,442456447.93565,23,23
1992-09-04,41715386,238831777.42604136,23,23
1992-09-08,47778800,263517173.14209783,23,23
1992-09-09,57772057,308942192.33151734,23,23
1992-09-10,73726545,423566740.4527688,23,23
1992-09-11,54928442,314957863.6679642,23,23
1992-09-14,89656342,467782285.2385464,23,23
1992-09-15,69760311,393597387.0633528,23,23
1992-09-16,97228404,600429710.1747422,23,23
1992-09-17,68435104,404600472.69562125,23,23
1992-09-18,102789359,604146872.259506,23,23
1992-09-21,47395554,271845354.5349364,23,23
1992-09-22,65179444,357121398.5254334,23,23
1992-09-23,77108826,423103148.7906394,23,23
1992-09-24,57093161,347693712.77124023,23,23
1992-09-25,69539432,418251194.9125078,23,23
1992-09-28,56334034,325473092.2589402,23,23
1992-09-29,53793640,322749036.05733013,23,23
1992-09-30,64800121,380450053.13971376,23,23
1992-10-01,84565830,420608840.6377146,23,23
1992-10-02,76022916,409694028.3844038,23,23
1992-10-05,127409579,691001588.381914,23,23
1992-10-06,67783177,387906610.7583636,23,23
1992-10-07,65319986,346753292.4749322,23,23
1992-10-08,78307408,403934678.4684416,23,23
1992-10-09,76949831,323794237.63015056,23,23
1992-10-12,48998848,260022733.2726667,23,23
1992-10-13,73864523,404949313.27832544,23,23
1992-10-14,67620956,387914541.6923523,23,23
1992-10-15,118098656,592132002.225422,23,23
1992-10-16,141258065,664944627.9452957,23,23
1992-10-19,84144790,455726653.2893586,23,23
1992-10-20,92472057,519745318.8838129,23,23
1992-10-21,71372044,398029896.6498656,23,23
1992-10-22,76682879,390444031.53970397,23,23
1992-10-23,83964739,427383146.74983835,23,23
1992-10-26,72259597,398889287.46422744,23,23
1992-10-27,80718281,492036747.73509896,23,23
1992-10-28,71239573,424946605.5566733,23,23
1992-10-29,74229565,358178341.26813865,23,23
1992-10-30,63769887,329181129.8877456,23,23
1992-11-02,76090007,402788166.1545248,23,23
1992-11-03,74193634,411693134.668463,23,23
1992-11-04,72568789,382937373.6514776,23,23
1992-11-05,89059081,384698567.70582485,23,23
1992-11-06,68607428,371064778.63892937,23,23
1992-11-09,70795983,395021414.0125241,23,23
1992-11-10,70182535,445691145.30172205,23,23
1992-11-11,78586131,450167832.9681562,23,23
1992-11-12,80628445,428280102.76353693,23,23
1992-11-13,61858653,317696962.74224627,23,23
1992-11-16,49520663,268120702.08670545,23,23
1992-11-17,65650314,311183790.2421882,23,23
1992-11-18,139131413,498962386.08941126,23,23
1992-11-19,82700390,416362171.84164476,23,23
1992-11-20,115362144,640783444.2626395,23,23
1992-11-23,64268243,370825734.156739,23,23
1992-11-24,82060772,497545901.2195519,23,23
1992-11-25,62857182,354103481.28035355,23,23
1992-11-27,39539083,216176506.5670719,23,23
1992-11-30,86501958,469266976.6310358,23,23
1992-12-01,108194575,667795444.8376276,23,23
1992-12-02,74957745,391871422.10475636,23,23
1992-12-03,62397129,343049096.83929896,23,23
1992-12-04,64889420,370295472.51483727,23,23
1992-12-07,61095875,353505825.2407863,23,23
1992-12-08,66985290,370213609.6594651,23,23
1992-12-09,90133641,480226066.9338896,23,23
1992-12-10,66505520,412519125.4841101,23,23
1992-12-11,52776038,285427028.5045631,23,23
1992-12-14,62786533,351497343.137534,23,23
1992-12-15,115911961,648397862.4915099,23,23
1992-12-16,116221125,651886764.7874184,23,23
1992-12-17,102780667,589853927.1512065,23,23
1992-12-18,191575322,1060043363.9647264,23,23
1992-12-21,95676512,541936585.3241246,23,23
1992-12-22,87022116,500944645.4846337,23,23
1992-12-23,87606313,470359004.37521124,23,23
1992-12-24,30462095,182047945.71409178,23,23
1992-12-28,49206284,278497726.12834716,23,23
1992-12-29,84904779,472199028.206244,23,23
1992-12-30,64667482,355073886.52774453,23,23
1992-12-31,54901478,308345264.3650371,23,23
1993-01-04,71459922,403079576.1151624,23,23
1993-01-05,86915808,446341670.5874331,23,23
1993-01-06,130187627,638191135.6952939,23,23
1993-01-07,110764126,579687643.391207,23,23
1993-01-08,96686898,531751069.1923045,23,23
1993-01-11,78749033,439301344.42799044,23,23
1993-01-12,82162542,450183496.3157779,23,23
1993-01-13,104518229,513596754.0226176,23,23
1993-01-14,125889684,805479995.3476555,23,23
1993-01-15,129279624,799241947.034988,23,23
1993-01-18,73538093,425358560.69072104,23,23
1993-01-19,99603926,512403344.8036134,23,23
1993-01-20,78386681,426990637.3736646,23,23
1993-01-21,78366890,441470271.66235256,23,23
1993-01-22,86860957,488657093.1375222,23,23
1993-01-25,91845647,496456564.75514174,23,23
1993-01-26,134267974,803847019.9512522,23,23
1993-01-27,81494386,522299585.6582147,23,23
1993-01-28,78988604,532194190.7082815,23,23
1993-01-29,87419788,806109666.6398947,23,23
1993-02-01,75863101,583221281.1956897,23,23
1993-02-02,86168379,573350284.873678,23,23
1993-02-03,98617570,637035351.3945612,23,23
1993-02-04,95406630,580982515.2790632,23,23
1993-02-05,109007356,638661014.5587572,23,23
1993-02-08,91277100,504268992.78515553,23,23
1993-02-09,79915382,471604340.7385435,23,23
1993-02-10,80595470,480010886.6011708,23,23
1993-02-11,78370032,477352921.8769784,23,23
1993-02-12,61224039,358198437.52380013,23,23
1993-02-16,117948040,664864536.0425451,23,23
1993-02-17,126870143,598006492.5707846,23,23
1993-02-18,125549731,662387625.0858922,23,23
1993-02-19,120857167,644419365.292454,23,23
1993-02-22,115736234,540047930.3499465,23,23
1993-02-23,109156557,499748828.11617506,23,23
1993-02-24,100849122,481591678.8487129,23,23
1993-02-25,80092132,397032283.80748415,23,23
1993-02-26,100688958,428806672.9073281,23,23
1993-03-01,79391452,398664542.9236469,23,23
1993-03-02,87899248,461816348.1606908,23,23
1993-03-03,89836161,468897830.6073711,23,23
1993-03-04,70765413,358592914.51104903,23,23
1993-03-05,92404074,523958104.59127784,23,23
1993-03-08,97148958,571532146.5595984,23,23
1993-03-09,85089848,469026957.0688715,23,23
1993-03-10,96430697,606851361.0317285,23,23
1993-03-11,77469938,481197748.2462857,23,23
1993-03-12,78096331,461203211.75252056,23,23
1993-03-15,56641720,326799741.2440429,23,23
1993-03-16,61017966,345616381.8982358,23,23
1993-03-17,75656827,421140772.1147008,23,23
1993-03-18,75225704,438118179.9197192,23,23
1993-03-19,117926469,678384983.3741435,23,23
1993-03-22,84413981,452494284.8082032,23,23
1993-03-23,64546537,342379759.5427129,23,23
1993-03-24,112189779,620169967.290575,23,23
1993-03-25,84447653,442014998.25776005,23,23
1993-03-26,75934468,406924745.3586801,23,23
1993-03-29,70723397,404028039.1612935,23,23
1993-03-30,77922900,413181514.95526695,23,23
1993-03-31,94345809,506146187.1541599,23,23
1993-04-01,67748130,368349003.9182079,23,23
1993-04-02,194233670,612189167.2821383,23,23
1993-04-05,119687915,427922582.7377007,23,23
1993-04-06,113070116,503411921.71353984,23,23
1993-04-07,108464232,509536906.4476123,23,23
1993-04-08,110687609,507298319.2686076,23,23
1993-04-12,86115907,465294009.80193114,23,23
1993-04-13,94983807,599562196.5436902,23,23
1993-04-14,76882396,461474955.0216255,23,23
1993-04-15,77874736,423943960.39522696,23,23
1993-04-16,111947509,630975002.7363095,23,23
1993-04-19,80304255,448611046.30723906,23,23
1993-04-20,94815581,524049345.5488075,23,23
1993-04-21,78442798,432980374.9701481,23,23
1993-04-22,99661356,544162021.1242356,23,23
1993-04-23,82716048,484656879.70471406,23,23
1993-04-26,77806289,422824419.3207493,23,23
1993-04-27,79707247,463840652.98021483,23,23
1993-04-28,79698796,445142142.430758,23,23
1993-04-29,74997112,383258631.30029154,23,23
1993-04-30,70138835,375258532.7607566,23,23
1993-05-03,67402316,386481148.4517231,23,23
1993-05-04,70233215,401257187.1843488,23,23
1993-05-05,83447011,544052141.5742908,23,23
1993-05-06,78493584,457996797.589653,23,23
1993-05-07,81235421,393201095.7394748,23,23
1993-05-10,84289756,418505501.33678436,23,23
1993-05-11,73018374,375900514.02391243,23,23
1993-05-12,85539519,442416596.53988934,23,23
1993-05-13,76678502,436074493.1370833,23,23
1993-05-14,62756064,350041689.0996809,23,23
1993-05-17,62843088,342393267.4084511,23,23
1993-05-18,120052766,522133649.9252317,23,23
1993-05-19,129403132,665133251.8806496,23,23
1993-05-20,85323393,491872725.1541517,23,23
1993-05-21,95652278,525017647.01913,23,23
1993-05-24,115561464,407576577.3620688,23,23
1993-05-25,63020916,337953438.1982286,23,23
1993-05-26,96776522,512133509.06389534,23,23
1993-05-27,82834148,491265087.52128196,23,23
1993-05-28,57471101,344463293.8873491,23,23
1993-06-01,67548662,394453148.52328134,23,23
1993-06-02,68638710,396042999.6063056,23,23
1993-06-03,63382986,376450411.0797217,23,23
1993-06-04,53425179,320654081.75377226,23,23
1993-06-07,63356428,371237327.22048616,23,23
1993-06-08,63458895,370576393.6160102,23,23
1993-06-09,66984964,388677262.5870477,23,23
1993-06-10,77256378,477462198.4829898,23,23
1993-06-11,76347466,456561367.5184252,23,23
1993-06-14,71825532,373966139.78887606,23,23
1993-06-15,72844289,432573814.93437815,23,23
1993-06-16,135646896,590228365.6192997,23,23
1993-06-17,85869576,416449829.7668309,23,23
1993-06-18,118753770,679339646.1292825,23,23
1993-06-21,71545669,392300546.7476988,23,23
1993-06-22,62754439,348489321.36129427,23,23
1993-06-23,81499233,441952878.8151834,23,23
1993-06-24,82891319,447352377.6789026,23,23
1993-06-25,54334212,299423192.62280285,23,23
1993-06-28,58294912,378127080.4350431,23,23
1993-06-29,67094483,398833369.71707535,23,23
1993-06-30,62467703,386617105.6426277,23,23
1993-07-01,67017906,383556158.18571854,23,23
1993-07-02,64428179,384584387.82210684,23,23
1993-07-06,92549697,420474661.60053253,23,23
1993-07-07,91808413,438413904.613389,23,23
1993-07-08,91314746,572234799.8949418,23,23
1993-07-09,61596008,347870112.51927865,23,23
1993-07-12,89442149,543156650.5196729,23,23
1993-07-13,73912087,515912134.3628571,23,23
1993-07-14,67032968,433055929.188488,23,23
1993-07-15,79215735,463587545.78375864,23,23
1993-07-16,104880542,619251852.0494229,23,23
1993-07-19,83935225,513656174.1502974,23,23
1993-07-20,100595514,569976862.4151826,23,23
1993-07-21,77167920,431917318.6253164,23,23
1993-07-22,81577491,424355642.5820681,23,23
1993-07-23,68551215,403963161.5699661,23,23
1993-07-26,70577315,411057819.28198075,23,23
1993-07-27,84729442,457511737.8103206,23,23
1993-07-28,89630071,487085438.3678167,23,23
1993-07-29,106708616,569121745.3049675,23,23
1993-07-30,86744180,499933336.1984422,23,23
1993-08-02,69904983,421601813.63432765,23,23
1993-08-03,70624531,402091731.96616435,23,23
1993-08-04,89957939,475767146.45337725,23,23
1993-08-05,62962458,366150898.8130615,23,23
1993-08-06,57839503,325643702.7792747,23,23
1993-08-09,67466675,414027012.36336017,23,23
1993-08-10,65087145,347594174.0939417,23,23
1993-08-11,73353289,387771913.4298451,23,23
1993-08-12,80517060,415291066.74437165,23,23
1993-08-13,64506642,335284300.3486986,23,23
1993-08-16,67359546,371178160.56834674,23,23
1993-08-17,123530147,506627814.7417984,23,23
1993-08-18,112667391,565635155.3494971,23,23
1993-08-19,100395325,517393942.7887641,23,23
1993-08-20,95171022,580768160.329805,23,23
1993-08-23,68349700,394161598.0350852,23,23
1993-08-24,72897693,409536580.1430398,23,23
1993-08-25,91061029,450607034.9340975,23,23
1993-08-26,82063951,420525591.1189883,23,23
1993-08-27,55220983,300692465.5026207,23,23
1993-08-30,50975256,294314948.8235953,23,23
1993-08-31,64290678,360200713.1039252,23,23
1993-09-01,59248306,359521913.56424,23,23
1993-09-02,71472954,375593661.2913693,23,23
1993-09-03,47189269,278018549.85163736,23,23
1993-09-07,53024375,304677578.8760114,23,23
1993-09-08,104903543,553269012.6046162,23,23
1993-09-09,81686759,506956987.7183273,23,23
1993-09-10,68985158,415440652.2479377,23,23
1993-09-13,69241680,397421914.2192236,23,23
1993-09-14,67154239,408119569.73484993,23,23
1993-09-15,89496482,588044682.513948,23,23
1993-09-16,59997686,325863717.1384219,23,23
1993-09-17,156855830,888003769.4531686,23,23
1993-09-20,73376122,366622939.6353917,23,23
1993-09-21,93067816,536509812.3976779,23,23
1993-09-22,92854742,575965692.2506258,23,23
1993-09-23,72070777,441118880.32064915,23,23
1993-09-24,63660573,419440766.08850193,23,23
1993-09-27,61863377,397355590.23117423,23,23
1993-09-28,64318659,390980207.60059786,23,23
1993-09-29,73171522,398142618.53336287,23,23
1993-09-30,62889677,362516482.45312405,23,23
1993-10-01,77273084,444800362.1162112,23,23
1993-10-04,69568404,378644898.69326234,23,23
1993-10-05,72936785,454775664.6640856,23,23
1993-10-06,71071952,430150760.0873766,23,23
1993-10-07,58594191,354836282.851967,23,23
1993-10-08,58665797,357054245.3482077,23,23
1993-10-11,53485934,322929078.2198218,23,23
1993-10-12,68034676,484588249.3436444,23,23
1993-10-13,103189778,576092439.0629137,23,23
1993-10-14,120130276,648808363.7700405,23,23
1993-10-15,120403935,715309999.2929955,23,23
1993-10-18,103090419,564461503.7685788,23,23
1993-10-19,81724607,458026374.4392538,23,23
1993-10-20,70823077,393585379.5484767,23,23
1993-10-21,82586031,461881795.501621,23,23
1993-10-22,87344072,522998570.56359565,23,23
1993-10-25,65094761,409087584.21281016,23,23
1993-10-26,78977814,468834874.2048423,23,23
1993-10-27,74137037,428913905.6961746,23,23
1993-10-28,74913993,498134248.76260996,23,23
1993-10-29,58402310,348718339.4747987,23,23
1993-11-01,68841919,406128139.66084504,23,23
1993-11-02,101299982,623552481.9741104,23,23
1993-11-03,105605503,680797182.1932607,23,23
1993-11-04,75639494,562472074.7257922,23,23
1993-11-05,84151257,536777845.265399,23,23
1993-11-08,62857749,379809726.4565245,23,23
1993-11-09,82720367,444847188.28979635,23,23
1993-11-10,96558271,600656250.2174649,23,23
1993-11-11,92276082,582123190.3132751,23,23
1993-11-12,94016105,550682718.4709604,23,23
1993-11-15,85159108,479715101.06249356,23,23
1993-11-16,101998123,608100116.3294759,23,23
1993-11-17,124499127,694592994.978444,23,23
1993-11-18,145719931,968183279.564517,23,23
1993-11-19,109659457,704307048.8889031,23,23
1993-11-22,91816375,642515841.8337,23,23
1993-11-23,84854802,537229810.6546879,23,23
1993-11-24,75398252,427300756.051026,23,23
1993-11-26,31758520,182986728.33267784,23,23
1993-11-29,72009643,490190091.6778412,23,23
1993-11-30,70830532,445691184.52616584,23,23
1993-12-01,80188139,496495146.1282754,23,23
1993-12-02,63914385,418429714.6502094,23,23
1993-12-03,54755203,338368445.0528132,23,23
1993-12-06,74794912,510683232.2475436,23,23
1993-12-07,78997394,497147521.57125425,23,23
1993-12-08,70518392,420075350.8915447,23,23
1993-12-09,74976849,532913929.9213346,23,23
1993-12-10,77249094,508824325.82259154,23,23
1993-12-13,77415268,500593086.60577595,23,23
1993-12-14,70057390,470065347.47061217,23,23
1993-12-15,78121144,560263126.2462707,23,23
1993-12-16,77407136,578316021.3926063,23,23
1993-12-17,131881755,930385633.9016502,23,23
1993-12-20,68647431,476503736.8755727,23,23
1993-12-21,64777140,477571930.4356077,23,23
1993-12-22,71003900,475413220.0660491,23,23
1993-12-23,62228996,439699276.04547226,23,23
1993-12-27,49452372,335952134.6067238,23,23
1993-12-28,58015575,411298253.3209479,23,23
1993-12-29,60395002,399780049.820976,23,23
1993-12-30,48691053,323537942.9659984,23,23
1993-12-31,46461916,290980389.4925456,23,23
1994-01-03,76525435,527794476.5650892,23,23
1994-01-04,77941528,567608257.4607413,23,23
1994-01-05,111100217,773521039.1849661,23,23
1994-01-06,99385520,653012521.2702179,23,23
1994-01-07,75489971,539839827.4874382,23,23
1994-01-10,86932986,613941712.9908844,23,23
1994-01-11,75663555,522596354.32034945,23,23
1994-01-12,75399046,543182477.1098442,23,23
1994-01-13,72338435,485568058.8446579,23,23
1994-01-14,79257012,656972865.1494832,23,23
1994-01-17,55881599,367096823.6092057,23,23
1994-01-18,78488912,558251598.0619762,23,23
1994-01-19,74444587,535939403.8963678,23,23
1994-01-20,71356840,520272373.10330033,23,23
1994-01-21,103507548,771830441.4217699,23,23
1994-01-24,93951056,651305223.0356399,23,23
1994-01-25,117388052,777638567.4228568,23,23
1994-01-26,82143910,498362355.7550423,23,23
1994-01-27,87695691,515154746.10171664,23,23
1994-01-28,83486423,566448580.5766689,23,23
1994-01-31,84930425,595456521.893824,23,23
1994-02-01,71933700,509262124.2636653,23,23
1994-02-02,69286922,499894778.2114985,23,23
1994-02-03,75278020,499591713.59223175,23,23
1994-02-04,94076751,612394246.7734334,23,23
1994-02-07,106829733,711184100.8601803,23,23
1994-02-08,85441786,538314370.995461,23,23
1994-02-09,85031488,604951090.7905767,23,23
1994-02-10,71257213,471157491.3862939,23,23
1994-02-11,62923804,396642105.22455,23,23
1994-02-14,68534229,466753590.35202265,23,23
1994-02-15,80150528,544962315.7360655,23,23
1994-02-16,116193277,686401700.2483668,23,23
1994-02-17,116652893,793812997.7452791,23,23
1994-02-18,105728480,699661498.086777,23,23
1994-02-22,80283743,524432377.2993002,23,23
1994-02-23,99926777,531960361.05606127,23,23
1994-02-24,92470022,584851414.4003301,23,23
1994-02-25,71256972,456995808.78064966,23,23
1994-02-28,75956404,452767734.5510409,23,23
1994-03-01,90465784,570098418.9392784,23,23
1994-03-02,106670951,692197870.8733525,23,23
1994-03-03,86227826,542731439.9935243,23,23
1994-03-04,75317603,532900148.53544927,23,23
1994-03-07,73438505,448797558.35568595,23,23
1994-03-08,76428015,517465392.4618225,23,23
1994-03-09,75761362,530043641.8236997,23,23
1994-03-10,70411934,493942089.7180381,23,23
1994-03-11,64857701,439217537.12854457,23,23
1994-03-14,70250178,490154338.48712254,23,23
1994-03-15,78060276,525690127.3232143,23,23
1994-03-16,67677254,465036769.57928014,23,23
1994-03-17,75616789,498798795.26995707,23,23
1994-03-18,170492852,1131124936.4043682,23,23
1994-03-21,65106348,435668379.3687234,23,23
1994-03-22,85820033,443439727.5472653,23,23
1994-03-23,88562183,485117514.78678274,23,23
1994-03-24,92865251,586493506.0248275,23,23
1994-03-25,73221110,463687522.4356952,23,23
1994-03-28,90987240,584407152.0508676,23,23
1994-03-29,87091320,515957703.1663867,23,23
1994-03-30,129748735,826800437.305093,23,23
1994-03-31,119445183,803321757.0261686,23,23
1994-04-04,124502660,778716385.3918965,23,23
1994-04-05,111621829,695161033.3221064,23,23
1994-04-06,85232365,563606707.559863,23,23
1994-04-07,75335427,470627049.1013832,23,23
1994-04-08,72133375,464476944.0215316,23,23
1994-04-11,78281895,478103239.4399464,23,23
1994-04-12,85281863,919287874.0175894,23,23
1994-04-13,92433651,640367174.5371392,23,23
1994-04-14,85426581,598629854.2202542,23,23
1994-04-15,104327663,753142884.9646168,23,23
1994-04-18,81863248,601612201.2434826,23,23
1994-04-19,113522182,648664117.4232991,23,23
1994-04-20,126854312,769572441.558099,23,23
1994-04-21,121894825,823477347.1736541,23,23
1994-04-22,85497394,590659765.2207909,23,23
1994-04-25,70586330,478025827.5444187,23,23
1994-04-26,72253120,458700604.47510517,23,23
1994-04-28,84473847,556721966.6835244,23,23
1994-04-29,74662821,458154092.4863498,23,23
1994-05-02,68925977,458737886.4747789,23,23
1994-05-03,63089217,451681220.6201663,23,23
1994-05-04,55320772,402670218.7358656,23,23
1994-05-05,50544972,368286472.7153611,23,23
1994-05-06,82480102,503486759.2714851,23,23
1994-05-09,69932876,422974615.0407269,23,23
1994-05-10,84665929,504729638.2983719,23,23
1994-05-11,81587644,459193643.14225674,23,23
1994-05-12,75170899,419152997.22006774,23,23
1994-05-13,72097623,434678941.4753026,23,23
1994-05-16,58369198,332353676.84812117,23,23
1994-05-17,122636850,630675063.3242033,23,23
1994-05-18,106355826,597710758.0067198,23,23
1994-05-19,91754976,540968515.081652,23,23
1994-05-20,122342925,726400043.3953925,23,23
1994-05-23,72478245,435504711.25411415,23,23
1994-05-24,99703027,569812464.8719516,23,23
1994-05-25,109087925,536311110.93703234,23,23
1994-05-26,97857612,454661005.1230774,23,23
1994-05-27,55276833,317730768.7337667,23,23
1994-05-31,61987886,381564263.95691144,23,23
1994-06-01,76784442,477153269.5348402,23,23
1994-06-02,74485604,449354716.49436355,23,23
1994-06-03,70210701,436129574.46115947,23,23
1994-06-06,70996209,433677731.1314583,23,23
1994-06-07,59080527,366028354.81824446,23,23
1994-06-08,71221150,403217592.5042597,23,23
1994-06-09,71394473,419186581.1881902,23,23
1994-06-10,47745107,326628327.85587156,23,23
1994-06-13,82278011,444909947.93765855,23,23
1994-06-14,89882455,562738356.0227293,23,23
1994-06-15,75980749,522946000.9057009,23,23
1994-06-16,71652719,446902310.44942236,23,23
1994-06-17,155055685,1012878821.5011542,23,23
1994-06-20,62363180,391516285.7158303,23,23
1994-06-21,95591489,568754721.9243245,23,23
1994-06-22,72110795,468620225.04088545,23,23
1994-06-23,64274913,430003450.2326684,23,23
1994-06-24,75603387,444510213.9468732,23,23
1994-06-27,68288195,466586908.6612289,23,23
1994-06-28,63997151,403754366.8507813,23,23
1994-06-29,65064443,394696366.8358109,23,23
1994-06-30,65366881,410078716.9368291,23,23
1994-07-01,71294741,454136600.7872782,23,23
1994-07-05,61804893,364551164.29541636,23,23
1994-07-06,60755258,382432330.09816456,23,23
1994-07-07,62281376,359497245.8888612,23,23
1994-07-08,60258530,359587624.26336837,23,23
1994-07-11,65419064,373901784.6559689,23,23
1994-07-12,74901994,668639096.728177,23,23
1994-07-13,62996566,431949107.8761041,23,23
1994-07-14,79455208,582766730.8526573,23,23
1994-07-15,94654746,634767648.520528,23,23
1994-07-18,53265254,363763258.42068124,23,23
1994-07-19,57665143,391101433.0450283,23,23
1994-07-20,68332383,415946622.0270734,23,23
1994-07-21,98820794,625063606.5069631,23,23
1994-07-22,61568143,398970738.8132435,23,23
1994-07-25,62706127,373287662.0370941,23,23
1994-07-26,57565001,381746453.93916845,23,23
1994-07-27,58088894,397834362.74655294,23,23
1994-07-28,58140780,381891038.6947708,23,23
1994-07-29,66682936,455769947.651906,23,23
1994-08-01,63966609,414697225.12737393,23,23
1994-08-02,81381455,495720276.7529447,23,23
1994-08-03,60929650,367373809.5672307,23,23
1994-08-04,60467410,418467496.8998103,23,23
1994-08-05,58377850,355530209.2915987,23,23
1994-08-08,49420852,309625195.9293978,23,23
1994-08-09,69987262,453797990.89693224,23,23
1994-08-10,83379186,533069526.93821716,23,23
1994-08-11,75961710,494691256.09983873,23,23
1994-08-12,65799965,443571645.3751495,23,23
1994-08-15,69455737,445473336.4654455,23,23
1994-08-16,139159071,688896961.7972236,23,23
1994-08-17,107809000,617150693.9791784,23,23
1994-08-18,96245478,637654851.1390407,23,23
1994-08-19,96715321,653695321.0898304,23,23
1994-08-22,65931223,407727949.82457423,23,23
1994-08-23,87273783,497856336.9691093,23,23
1994-08-24,79292891,502606030.8185377,23,23
1994-08-25,90038103,674625605.7286448,23,23
1994-08-26,100424654,684435898.3189838,23,23
1994-08-29,83671048,525213793.89671874,23,23
1994-08-30,77847559,534308764.49429464,23,23
1994-08-31,113618391,647964216.7872217,23,23
1994-09-01,91199631,547043593.5706375,23,23
1994-09-02,57645623,372519758.08314466,23,23
1994-09-06,53268638,331892862.40287614,23,23
1994-09-07,72874893,467250570.3674259,23,23
1994-09-08,69618983,406243258.24176025,23,23
1994-09-09,71344476,465485431.7034159,23,23
1994-09-12,48880883,325425363.2357497,23,23
1994-09-13,63126468,423588755.0886421,23,23
1994-09-14,68111248,455470204.31359196,23,23
1994-09-15,82862576,544730795.0086656,23,23
1994-09-16,149789007,1024441071.0368013,23,23
1994-09-19,76521649,531663389.15027237,23,23
1994-09-20,83505052,562196921.5129375,23,23
1994-09-21,94410678,668466277.3215094,23,23
1994-09-22,70063164,475343232.4570956,23,23
1994-09-23,65007108,441463130.9171879,23,23
1994-09-26,60754349,418136460.4806142,23,23
1994-09-27,71516641,464493598.882339,23,23
1994-09-28,75458011,520957223.7179773,23,23
1994-09-29,75285773,468977993.56407547,23,23
1994-09-30,74520077,460208185.0091045,23,23
1994-10-03,65770153,464114721.8844578,23,23
1994-10-04,81053579,574308407.6403913,23,23
1994-10-05,93987569,708717561.8112364,23,23
1994-10-06,59994485,467038551.9923446,23,23
1994-10-07,80675710,568296989.600738,23,23
1994-10-10,54611305,386395729.3738477,23,23
1994-10-11,104396718,763493197.7765856,23,23
1994-10-12,69561064,539061104.6491072,23,23
1994-10-13,78352362,568263853.0568588,23,23
1994-10-14,61362134,443295520.12362385,23,23
1994-10-17,56937810,399583283.7504177,23,23
1994-10-18,70813705,467241465.8002758,23,23
1994-10-19,100695394,719767483.7562256,23,23
1994-10-20,99741219,706468133.3376074,23,23
1994-10-21,108314389,768024139.8320975,23,23
1994-10-24,82827160,574297272.121378,23,23
1994-10-25,90049534,622801222.2334397,23,23
1994-10-26,96107719,568345437.3997157,23,23
1994-10-27,81119738,515929576.9432461,23,23
1994-10-28,98500293,662950105.5685933,23,23
1994-10-31,94161163,515230148.71967554,23,23
1994-11-01,86410332,526000072.596014,23,23
1994-11-02,84242328,574190245.2220583,23,23
1994-11-03,63783685,435853388.84324694,23,23
1994-11-04,81778787,547408207.2624817,23,23
1994-11-07,70121373,488831952.09718823,23,23
1994-11-08,99508450,634018845.1699803,23,23
1994-11-09,105416509,717905694.5283375,23,23
1994-11-10,84896526,563231172.9578614,23,23
1994-11-11,55096238,369900584.7920115,23,23
1994-11-14,62644877,403665588.48262906,23,23
1994-11-15,87705866,546435358.0406024,23,23
1994-11-16,72791341,488745060.30080366,23,23
1994-11-17,134445872,722299717.0003023,23,23
1994-11-18,134492630,912933300.2738917,23,23
1994-11-21,68090924,454543027.0141301,23,23
1994-11-22,101717544,885858845.942142,23,23
1994-11-23,124732964,967182371.6031516,23,23
1994-11-25,28322685,216604518.43868995,23,23
1994-11-28,70926713,535755774.62205577,23,23
1994-11-29,69479831,458126147.55103254,23,23
1994-11-30,80131626,554523847.0170987,23,23
1994-12-01,83580329,515817763.2186582,23,23
1994-12-02,71207877,491432993.6662946,23,23
1994-12-05,57800307,408265349.81245637,23,23
1994-12-06,78279767,526554194.3061037,23,23
1994-12-07,80517724,466244949.34963536,23,23
1994-12-08,84846451,507047207.12396264,23,23
1994-12-09,83299484,579037338.1458127,23,23
1994-12-12,87022961,542766446.3557186,23,23
1994-12-13,73027379,482289813.85778403,23,23
1994-12-14,89676018,628804951.2068095,23,23
1994-12-15,76067221,519151401.3902149,23,23
1994-12-16,166025377,1178680962.2276337,23,23
1994-12-19,63894961,489150685.829391,23,23
1994-12-20,73824894,531073049.812587,23,23
1994-12-21,93027541,654867425.7634273,23,23
1994-12-22,81917476,563974289.7364914,23,23
1994-12-23,49155868,317182891.5252683,23,23
1994-12-27,45433918,323261653.20076776,23,23
1994-12-28,46403589,313920955.6162653,23,23
1994-12-29,52666700,364477669.59803987,23,23
1994-12-30,48521701,316130023.5341368,23,23
1995-01-03,62081451,456992511.9134128,23,23
1995-01-04,73889840,496447553.27238226,23,23
1995-01-05,69973669,489653521.5431042,23,23
1995-01-06,74876635,590211975.8172297,23,23
1995-01-09,58388373,484385593.6329303,23,23
1995-01-10,87587180,780376159.4662664,23,23
1995-01-11,84403320,622866693.984287,23,23
1995-01-12,70096092,521474861.6008465,23,23
1995-01-13,75571073,550048478.9287767,23,23
1995-01-16,73681972,570734560.6253033,23,23
1995-01-17,65676756,511180314.72387123,23,23
1995-01-18,74400377,508055277.57848835,23,23
1995-01-19,71365078,516916889.1591482,23,23
1995-01-20,122609891,870309662.892349,23,23
1995-01-23,91326184,701799269.6262283,23,23
1995-01-24,76141527,577297996.8508196,23,23
1995-01-25,87879744,600665627.3626301,23,23
1995-01-26,72413960,500840240.94935703,23,23
1995-01-27,106543549,822655398.2203562,23,23
1995-01-30,71608782,599304124.630636,23,23
1995-01-31,101624814,751551122.0620611,23,23
1995-02-01,91976940,684673871.5191538,23,23
1995-02-02,66650686,463292982.794518,23,23
1995-02-03,102080042,754110253.4470413,23,23
1995-02-06,75958166,579141694.1376388,23,23
1995-02-07,67824303,500522171.34182286,23,23
1995-02-08,67632393,541111506.1948171,23,23
1995-02-09,76096276,595238705.0502634,23,23
1995-02-10,70387774,534175037.0263958,23,23
1995-02-13,56016940,418601473.9391732,23,23
1995-02-14,61683404,484951663.23395824,23,23
1995-02-15,91443861,668342214.9332123,23,23
1995-02-16,115487797,736911511.6008496,23,23
1995-02-17,155959073,1697802815.594191,23,23
1995-02-21,92456846,756870851.3319752,23,23
1995-02-22,85464468,675859268.4353611,23,23
1995-02-23,97494149,859820013.9068215,23,23
1995-02-24,77112135,678050295.2146602,23,23
1995-02-27,65700767,561598759.3939095,23,23
1995-02-28,62215928,553193159.85214,23,23
1995-03-01,85244508,666550512.8005333,23,23
1995-03-02,73318466,568003700.5491347,23,23
1995-03-03,85564112,638524940.3353915,23,23
1995-03-06,96903464,761761299.8431115,23,23
1995-03-07,101376165,789613635.3809466,23,23
1995-03-08,96843866,732397554.0902076,23,23
1995-03-09,74542338,609873299.2420506,23,23
1995-03-10,81913422,656516516.5542192,23,23
1995-03-13,76311027,643609788.4789805,23,23
1995-03-14,90002683,752786156.1812239,23,23
1995-03-15,82124845,648662212.0954547,23,23
1995-03-16,90599034,764686708.9462726,23,23
1995-03-17,137977361,1201090900.3157518,23,23
1995-03-20,84818800,656014104.1079054,23,23
1995-03-21,95405012,843152282.535013,23,23
1995-03-22,84365274,696872365.3555701,23,23
1995-03-23,87241193,752770412.178724,23,23
1995-03-24,87781136,729852396.1584673,23,23
1995-03-27,77434104,636683104.3102756,23,23
1995-03-28,60994305,533927900.0148907,23,23
1995-03-29,100149251,906716837.2658496,23,23
1995-03-30,99390885,808579691.428889,23,23
1995-03-31,97713529,826335138.899462,23,23
1995-04-03,72426322,640136604.0372214,23,23
1995-04-04,85904313,746872035.292294,23,23
1995-04-05,74506012,673783671.460865,23,23
1995-04-06,61904300,526944481.44332623,23,23
1995-04-07,67606061,549026630.3280225,23,23
1995-04-10,61594369,532119046.58289766,23,23
1995-04-11,72466525,870170270.988714,23,23
1995-04-12,64973697,650213910.918819,23,23
1995-04-13,59541285,554323633.6937118,23,23
1995-04-17,83216818,781756687.318327,23,23
1995-04-18,87826327,759267993.187676,23,23
1995-04-19,86271521,769224761.249846,23,23
1995-04-20,92265869,812847099.7900734,23,23
1995-04-21,119187228,1052139949.9878764,23,23
1995-04-24,87017496,814289183.3574169,23,23
1995-04-25,83533730,842485639.1507807,23,23
1995-04-26,76659153,781142420.5306337,23,23
1995-04-27,72098784,693000501.7657743,23,23
1995-04-28,84284899,797704910.9140887,23,23
1995-05-01,84233010,736300748.429712,23,23
1995-05-02,74497843,628135761.3067539,23,23
1995-05-03,94537061,765848842.6687486,23,23
1995-05-04,108711939,1008556987.8475413,23,23
1995-05-05,75411009,661860586.9998236,23,23
1995-05-08,64300090,587479965.7899432,23,23
1995-05-09,75143596,697092135.2606618,23,23
1995-05-10,94581210,879586676.0078082,23,23
1995-05-11,74925723,685752156.0164683,23,23
1995-05-12,96530964,864979036.5426295,23,23
1995-05-15,106024211,925981973.8193944,23,23
1995-05-16,119228140,870669137.4318442,23,23
1995-05-17,87958770,753276297.8198416,23,23
1995-05-18,100444124,873048610.3132477,23,23
1995-05-19,121983504,1061349199.9851747,23,23
1995-05-22,66206100,598437465.4433446,23,23
1995-05-23,90284066,834675527.9517357,23,23
1995-05-24,97817285,960016313.9459798,23,23
1995-05-25,83104238,733595020.4117556,23,23
1995-05-26,78320267,640674668.8453107,23,23
1995-05-30,74587706,645766371.2685127,23,23
1995-05-31,91184040,773505501.771652,23,23
1995-06-01,90307886,738895137.034606,23,23
1995-06-02,83734174,783414988.5881791,23,23
1995-06-05,98441348,965391139.3818464,23,23
1995-06-06,88025157,837321480.0722065,23,23
1995-06-07,70522665,675701638.990042,23,23
1995-06-08,66370064,607753889.4635158,23,23
1995-06-09,75912824,672755582.5410199,23,23
1995-06-12,72170602,636779199.0998006,23,23
1995-06-13,69359612,721603285.6484597,23,23
1995-06-14,63974296,612503914.7715669,23,23
1995-06-15,78393718,684620911.6913464,23,23
1995-06-16,140504774,1180578785.8398054,23,23
1995-06-19,70043213,782748974.9116125,23,23
1995-06-20,86094954,875143015.0856373,23,23
1995-06-21,83097732,812053492.5582144,23,23
1995-06-22,93748504,969478433.4928174,23,23
1995-06-23,67680373,671216027.0137978,23,23
1995-06-26,63798693,663067000.9533267,23,23
1995-06-27,83921048,796598451.7693472,23,23
1995-06-28,75917059,769763747.5933766,23,23
1995-06-29,71517135,727262175.4022384,23,23
1995-06-30,68099148,697096779.9772482,23,23
1995-07-03,27955785,299385680.8048091,23,23
1995-07-05,74237520,807456202.1634808,23,23
1995-07-06,86277178,850496551.583652,23,23
1995-07-07,115842946,1150168071.5141377,23,23
1995-07-10,80504629,791221522.0728819,23,23
1995-07-11,72190562,810067688.2802839,23,23
1995-07-12,86623520,1069908468.1565781,23,23
1995-07-13,81600762,880691044.8621616,23,23
1995-07-14,75926540,725146571.620374,23,23
1995-07-17,74282529,804617028.8020723,23,23
1995-07-18,108370241,1227654369.1163611,23,23
1995-07-19,148217233,1669350795.9380157,23,23
1995-07-20,108806667,1079113729.6771896,23,23
1995-07-21,124411017,1321663845.9970713,23,23
1995-07-24,81704605,841963356.8707588,23,23
1995-07-25,96651407,985580313.2123628,23,23
1995-07-26,96161809,959732357.6944327,23,23
1995-07-27,84223447,791762707.0720894,23,23
1995-07-28,65413380,603799635.4625819,23,23
1995-07-31,90445443,944595264.1512902,23,23
1995-08-01,118080576,1181763969.0054002,23,23
1995-08-02,105084733,1066085207.565011,23,23
1995-08-03,84802274,867282013.3701282,23,23
1995-08-04,57568065,545154277.1714458,23,23
1995-08-07,56636267,541871297.2455301,23,23
1995-08-08,66757528,622586216.5849442,23,23
1995-08-09,63138893,595155699.5234156,23,23
1995-08-10,72138052,675694314.9457319,23,23
1995-08-11,68884343,640772086.179944,23,23
1995-08-14,63679908,607301710.3779616,23,23
1995-08-15,82888635,790932585.9120746,23,23
1995-08-16,120224507,947732890.6020575,23,23
1995-08-17,91778703,825746277.4129333,23,23
1995-08-18,103479377,969966703.5330331,23,23
1995-08-21,89577135,849295820.8823061,23,23
1995-08-22,89779018,851937136.2905555,23,23
1995-08-23,80579712,731396398.2093337,23,23
1995-08-24,77193032,742356173.1744804,23,23
1995-08-25,67019194,646610939.8393683,23,23
1995-08-28,67600635,679342069.2504864,23,23
1995-08-29,88537214,922058357.1516571,23,23
1995-08-30,65016878,596097641.0933068,23,23
1995-08-31,54180297,543455779.1247072,23,23
1995-09-01,54895621,568952473.8063269,23,23
1995-09-05,81857262,882959338.6528566,23,23
1995-09-06,77741629,805396866.6230261,23,23
1995-09-07,76789376,777894035.677113,23,23
1995-09-08,76107080,806295358.7773204,23,23
1995-09-11,77766745,820520470.1376681,23,23
1995-09-12,98001282,1028652443.5026674,23,23
1995-09-13,130823930,1361161397.898613,23,23
1995-09-14,114334656,1147300132.2056375,23,23
1995-09-15,159903719,1506777666.2968044,23,23
1995-09-18,89013256,898468909.9197569,23,23
1995-09-19,100729099,977473355.8467841,23,23
1995-09-20,101087097,830751182.820126,23,23
1995-09-21,77990707,804432058.362473,23,23
1995-09-22,72936333,735476241.3076687,23,23
1995-09-25,62649223,653049754.7121978,23,23
1995-09-26,79360907,799325374.5115423,23,23
1995-09-27,96500714,957307050.7207856,23,23
1995-09-28,83340402,808382829.8350806,23,23
1995-09-29,74048096,725345457.9953625,23,23
1995-10-02,69783335,645114880.6456654,23,23
1995-10-03,80581913,840773061.2028544,23,23
1995-10-04,84343604,846188597.6069021,23,23
1995-10-05,86657663,930957857.9158559,23,23
1995-10-06,70498129,872593416.5368261,23,23
1995-10-09,75324438,902931456.1849728,23,23
1995-10-10,137521611,1813047512.7325964,23,23
1995-10-11,84909884,1013152994.5362306,23,23
1995-10-12,65103308,763573179.958287,23,23
1995-10-13,79778165,909908959.0269077,23,23
1995-10-16,67100169,703342831.9193687,23,23
1995-10-17,111573215,1195054922.713574,23,23
1995-10-18,112622936,1162296078.4976144,23,23
1995-10-19,103540072,1149452174.4141178,23,23
1995-10-20,111866640,1108955892.046958,23,23
1995-10-23,79297743,779725693.1688414,23,23
1995-10-24,75200249,792424169.8649535,23,23
1995-10-25,94260302,939614472.18958,23,23
1995-10-26,94165309,908902959.425817,23,23
1995-10-27,79118106,775799840.3657036,23,23
1995-10-30,77537764,735710910.4659228,23,23
1995-10-31,78724258,780178452.4652915,23,23
1995-11-01,76133264,758793570.4863725,23,23
1995-11-02,76438884,818483472.2208953,23,23
1995-11-03,75629915,777908674.265111,23,23
1995-11-06,68309462,694141463.003233,23,23
1995-11-07,87452950,885727606.737556,23,23
1995-11-08,85791786,920680029.274395,23,23
1995-11-09,77530564,801413086.9098349,23,23
1995-11-10,64420642,623783302.1723218,23,23
1995-11-13,72997755,704102349.0848045,23,23
1995-11-14,93121432,952074163.075593,23,23
1995-11-15,84980949,950268511.1519008,23,23
1995-11-16,91867732,981402399.2298107,23,23
1995-11-17,125056410,1235415174.735371,23,23
1995-11-20,90873979,844600157.2711835,23,23
1995-11-21,106777522,1081280410.0989456,23,23
1995-11-22,92876822,1066215638.9117775,23,23
1995-11-24,25305736,331300305.1381855,23,23
1995-11-27,81250780,875038597.1348972,23,23
1995-11-28,95995532,988144757.7932916,23,23
1995-11-29,89230004,1147228365.8808079,23,23
1995-11-30,82295761,928670970.2342749,23,23
1995-12-01,82263156,939692822.2490566,23,23
1995-12-04,82669431,896625964.9629841,23,23
1995-12-05,89176361,949379486.4357336,23,23
1995-12-06,93586671,1005367050.9414527,23,23
1995-12-07,89415306,886545761.192497,23,23
1995-12-08,81992618,871949595.643271,23,23
1995-12-11,76520710,802024473.2329693,23,23
1995-12-12,82467624,773899982.4402089,23,23
1995-12-13,113906723,1061210684.7855349,23,23
1995-12-14,143964146,1543847193.7571094,23,23
1995-12-15,212489879,2244145909.1693153,23,23
1995-12-18,117406130,1173979007.6104555,23,23
1995-12-19,121823233,1263625360.832337,23,23
1995-12-20,102585170,1045921067.9044666,23,23
1995-12-21,110267409,1101099255.630333,23,23
1995-12-22,67455607,727192689.3664155,23,23
1995-12-26,45672586,460241739.3947611,23,23
1995-12-27,56257955,587775860.3474598,23,23
1995-12-28,55991954,596374649.3160086,23,23
1995-12-29,74373208,769233732.561441,23,23
1996-01-02,92522625,970102567.4656372,23,23
1996-01-03,101111170,1083343623.9155407,23,23
1996-01-04,152213746,1491759785.6809578,23,23
1996-01-05,102990739,1094555221.0949965,23,23
1996-01-08,33177493,409667806.6551144,23,23
1996-01-09,109866507,1204707701.190866,23,23
1996-01-10,150626142,2045618986.1877282,23,23
1996-01-11,111086003,1211672232.4057322,23,23
1996-01-12,93480967,993073787.1530974,23,23
1996-01-15,75803211,751637284.2921295,23,23
1996-01-16,103059408,1087565476.4019303,23,23
1996-01-17,131331398,1260207318.1802247,23,23
1996-01-18,153099825,1476932835.2081556,23,23
1996-01-19,164092243,1695777405.3465633,23,23
1996-01-22,106325666,1107468668.5040932,23,23
1996-01-23,99121070,1081350034.6888037,23,23
1996-01-24,136953440,1452833739.5733051,23,23
1996-01-25,119128126,1217475785.1230307,23,23
1996-01-26,79266973,798201174.1270256,23,23
1996-01-29,69242583,744177693.5974393,23,23
1996-01-30,94455519,1066820584.578855,23,23
1996-01-31,111880426,1157304281.5504913,23,23
1996-02-01,96027248,1044325945.9472775,23,23
1996-02-02,79877104,912478450.4470882,23,23
1996-02-05,80695393,913297417.2801127,23,23
1996-02-06,108461875,1264072779.1309195,23,23
1996-02-07,104514265,1219974434.6631627,23,23
1996-02-08,111310752,1251067150.272913,23,23
1996-02-09,128058168,1516559586.6169581,23,23
1996-02-12,99587584,1095352079.0923038,23,23
1996-02-13,118145453,1254201620.5538087,23,23
1996-02-14,92851124,1025433520.563952,23,23
1996-02-15,115606969,1257691504.9347792,23,23
1996-02-16,173786399,1585669910.7441616,23,23
1996-02-20,124597359,1271169188.2217765,23,23
1996-02-21,105224463,1154349532.3206158,23,23
1996-02-22,130259314,1416977205.2544127,23,23
1996-02-23,118469949,1275223761.113029,23,23
1996-02-26,89711841,943410122.1196356,23,23
1996-02-27,103897701,1183209332.4001865,23,23
1996-02-28,104716229,1189891377.8116808,23,23
1996-02-29,119848011,1389368972.3660803,23,23
1996-03-01,145445791,1616001907.6811419,23,23
1996-03-04,104727823,1120321303.7307034,23,23
1996-03-05,92758280,944203138.1994414,23,23
1996-03-06,90044534,981894917.7306747,23,23
1996-03-07,86437085,960454983.937294,23,23
1996-03-08,148388260,1714404946.815877,23,23
1996-03-11,121235521,1363651014.4793854,23,23
1996-03-12,116913654,1298485069.2556415,23,23
1996-03-13,118173524,1127798720.1024055,23,23
1996-03-14,152907904,1372478392.3670278,23,23
1996-03-15,165846018,1683454229.2495356,23,23
1996-03-18,147033143,1414735807.0336156,23,23
1996-03-19,160466373,1412963003.9252462,23,23
1996-03-20,164733560,1471032218.9213982,23,23
1996-03-21,108927894,1069675844.9405217,23,23
1996-03-22,83430108,827358898.495019,23,23
1996-03-25,99588116,1022643146.1460276,23,23
1996-03-26,99001083,1030935334.3624163,23,23
1996-03-27,94578531,964227173.0958838,23,23
1996-03-28,80785276,866775671.7169514,23,23
1996-03-29,92764517,939927969.4239855,23,23
1996-04-01,85276554,936710245.5008712,23,23
1996-04-02,100590902,1179184663.5367708,23,23
1996-04-03,80403205,902422419.1345577,23,23
1996-04-04,71350363,830348200.885684,23,23
1996-04-08,112047986,1284641543.378461,23,23
1996-04-09,85527607,973717799.9953218,23,23
1996-04-10,121658480,1525728185.6398745,23,23
1996-04-11,142491887,1673112245.7731428,23,23
1996-04-12,117704999,1332804694.1267128,23,23
1996-04-15,71895049,818986001.9255276,23,23
1996-04-16,98345814,1102142445.5101552,23,23
1996-04-17,147643100,1671683046.6758142,23,23
1996-04-18,128249094,1549463321.7724214,23,23
1996-04-19,105751926,1160855007.054731,23,23
1996-04-22,86170998,890615833.740241,23,23
1996-04-23,82446568,932614121.1452217,23,23
1996-04-24,116506606,1318222643.871348,23,23
1996-04-25,113046604,1295335534.2487612,23,23
1996-04-26,87404022,878360625.4204392,23,23
1996-04-29,70350665,763194309.801271,23,23
1996-04-30,74537237,805777909.785646,23,23
1996-05-01,75007686,819287645.0674572,23,23
1996-05-02,102167885,1137456203.264225,23,23
1996-05-03,97816295,1090804096.0367656,23,23
1996-05-06,96049029,1028059407.2346072,23,23
1996-05-07,92832594,972621493.966022,23,23
1996-05-08,114564614,1273696138.4516072,23,23
1996-05-09,80987471,873610798.5540981,23,23
1996-05-10,81759408,822400652.8414974,23,23
1996-05-13,95804637,1024931239.3321552,23,23
1996-05-14,106168455,1118288812.1573868,23,23
1996-05-15,106296897,1137791615.786755,23,23
1996-05-16,156910434,1332943479.9186687,23,23
1996-05-17,150817381,1482665102.5264802,23,23
1996-05-20,104336537,1199754479.3801522,23,23
1996-05-21,88288588,1036606303.1530328,23,23
1996-05-22,105094372,1155563125.9118452,23,23
1996-05-23,114443339,1136231658.7214112,23,23
1996-05-24,84286401,763211280.8426185,23,23
1996-05-28,75270919,812501622.5974755,23,23
1996-05-29,83311187,893699762.7113657,23,23
1996-05-30,84142247,914731134.1170397,23,23
1996-05-31,79692332,903350158.1707177,23,23
1996-06-03,62986296,726450533.919723,23,23
1996-06-04,83002585,878876423.6702428,23,23
1996-06-05,68911077,758832524.7781553,23,23
1996-06-06,102293959,1193200307.2905445,23,23
1996-06-07,112619877,1304178699.9629955,23,23
1996-06-10,61806859,677063457.8340902,23,23
1996-06-11,74634621,828885790.3016152,23,23
1996-06-12,80853594,818108911.0268836,23,23
1996-06-13,82729627,802391275.8010049,23,23
1996-06-14,81383032,798373999.3868837,23,23
1996-06-17,72538089,712630493.7204256,23,23
1996-06-18,74027785,799114311.5959396,23,23
1996-06-19,71668900,739797617.9680395,23,23
1996-06-20,122172774,1210104640.55651,23,23
1996-06-21,142456763,1658683447.5388174,23,23
1996-06-24,81004138,872110028.9932485,23,23
1996-06-25,81707524,907727478.2002788,23,23
1996-06-26,88068612,944266292.0600805,23,23
1996-06-27,95356568,996257932.814951,23,23
1996-06-28,82867286,911108899.9931517,23,23
1996-07-01,73527262,892957701.6248045,23,23
1996-07-02,86721262,978147585.6050658,23,23
1996-07-03,107713646,1029589901.5963635,23,23
1996-07-05,63729240,625443665.1962681,23,23
1996-07-08,91110131,1139228750.0045342,23,23
1996-07-09,96388095,982561139.046763,23,23
1996-07-10,136300421,1748554474.038259,23,23
1996-07-11,197266415,1773647154.9636757,23,23
1996-07-12,119880621,1091651800.2351298,23,23
1996-07-15,119918029,1148184121.3121476,23,23
1996-07-16,188516579,2011420979.4996696,23,23
1996-07-17,123256068,1288038398.7682014,23,23
1996-07-18,101276984,1025805305.6295772,23,23
1996-07-19,87353562,915958572.8011756,23,23
1996-07-22,75981698,816745684.4328408,23,23
1996-07-23,89699910,954818879.9838159,23,23
1996-07-24,103746808,1139876180.7921453,23,23
1996-07-25,102768136,1187078679.5744638,23,23
1996-07-26,80299202,887609177.7292886,23,23
1996-07-29,62713752,678783685.3192248,23,23
1996-07-30,76922957,827455257.5582399,23,23
1996-07-31,81970584,889348891.0154738,23,23
1996-08-01,87543029,992386926.0900354,23,23
1996-08-02,82148708,943715430.7123761,23,23
1996-08-05,56298083,619371600.5195847,23,23
1996-08-06,69585598,782220957.9280295,23,23
1996-08-07,82791950,927611160.1077704,23,23
1996-08-08,80677058,912092787.813086,23,23
1996-08-09,62040291,658551365.4513822,23,23
1996-08-12,114752532,860557881.8281732,23,23
1996-08-13,107547203,921752923.1024523,23,23
1996-08-14,92160187,824802665.3268337,23,23
1996-08-15,68565714,627240470.9669468,23,23
1996-08-16,112481467,944832413.5409904,23,23
1996-08-19,69630131,643312149.3895946,23,23
1996-08-20,63063376,603185643.9606171,23,23
1996-08-21,76058525,673416514.3955836,23,23
1996-08-22,87748276,822934383.2163682,23,23
1996-08-23,65685253,671201008.1245384,23,23
1996-08-26,74438992,605407957.5753803,23,23
1996-08-27,58162687,579234422.2824268,23,23
1996-08-28,66544690,695545188.1195798,23,23
1996-08-29,72024834,745940213.6457396,23,23
1996-08-30,61933813,666170014.4297824,23,23
1996-09-03,71586343,809728885.8054957,23,23
1996-09-04,75473851,754733487.4311757,23,23
1996-09-05,67696786,707696161.046216,23,23
1996-09-06,72116630,832912987.1558084,23,23
1996-09-09,75026623,850862775.5799785,23,23
1996-09-10,82642659,1016569475.2999029,23,23
1996-09-11,73605285,1047195174.6105971,23,23
1996-09-12,75478834,1030278315.5930939,23,23
1996-09-13,101430657,1265723237.3350964,23,23
1996-09-16,94243718,1083787826.5393276,23,23
1996-09-17,96606597,1081220863.4480934,23,23
1996-09-18,73749969,885488789.1958256,23,23
1996-09-19,72358366,870996163.3377814,23,23
1996-09-20,125626423,1512096652.622911,23,23
1996-09-23,55155594,654720258.5190291,23,23
1996-09-24,86947986,1112570033.650948,23,23
1996-09-25,72530402,918357661.0927138,23,23
1996-09-26,80602561,991709830.698956,23,23
1996-09-27,63524832,736066251.1814752,23,23
1996-09-30,65479788,761291085.3279519,23,23
1996-10-01,75474685,879847696.954979,23,23
1996-10-02,82439680,872440147.8544183,23,23
1996-10-03,79512084,850920835.9612193,23,23
1996-10-04,112095388,1185781198.8283195,23,23
1996-10-07,73711411,852133040.1149206,23,23
1996-10-08,79819789,1069430882.9472528,23,23
1996-10-09,75049318,923583787.7883682,23,23
1996-10-10,62640963,785633270.6576595,23,23
1996-10-11,58993508,746796905.711462,23,23
1996-10-14,61533851,709473404.5456872,23,23
1996-10-15,94895814,1144358880.3699384,23,23
1996-10-16,88505347,1023919364.9605608,23,23
1996-10-17,77943679,941688179.6692724,23,23
1996-10-18,108782018,1156452392.005361,23,23
1996-10-21,109190864,1341567222.9266467,23,23
1996-10-22,67233118,839921023.9167628,23,23
1996-10-23,78544752,997224355.8785353,23,23
1996-10-24,76584410,931318728.1923656,23,23
1996-10-25,60956060,759037713.3533297,23,23
1996-10-28,72497880,866786911.887166,23,23
1996-10-29,83026037,1025723524.786068,23,23
1996-10-30,70813246,814012294.7855029,23,23
1996-10-31,78318951,957149468.5557222,23,23
1996-11-01,82901231,1105517962.6441307,23,23
1996-11-04,75850925,948634667.6901741,23,23
1996-11-05,89533194,1151462757.7228131,23,23
1996-11-06,107622593,1336247306.5325112,23,23
1996-11-07,115304110,1380375212.3403392,23,23
1996-11-08,70723415,886862001.798398,23,23
1996-11-11,62863610,790835218.8371549,23,23
1996-11-12,84678204,1216116795.9721365,23,23
1996-11-13,68896192,931161893.4815097,23,23
1996-11-14,95324670,1200107058.5273023,23,23
1996-11-15,146971754,1952070420.927495,23,23
1996-11-18,90728886,1230965375.3930006,23,23
1996-11-19,108902816,1431678552.8010607,23,23
1996-11-20,116356603,1637518564.7385516,23,23
1996-11-21,95716994,1278942057.0475864,23,23
1996-11-22,85156344,1164171014.4284163,23,23
1996-11-25,86905733,1149053484.2166538,23,23
1996-11-26,124834745,1744528511.8441744,23,23
1996-11-27,75698667,1063002338.3113899,23,23
1996-11-29,27603895,380958246.6230669,23,23
1996-12-02,76724677,1063052742.2347231,23,23
1996-12-03,92067432,1324632648.0371532,23,23
1996-12-04,113212498,1604835159.3120198,23,23
1996-12-05,92365129,1176362587.168075,23,23
1996-12-06,122146991,1660280013.0549583,23,23
1996-12-09,73260305,995473763.6903262,23,23
1996-12-10,78747831,1087869628.2990756,23,23
1996-12-11,124262661,1602448443.7551174,23,23
1996-12-12,97685991,1323602448.1578913,23,23
1996-12-13,104571362,1379143261.1046748,23,23
1996-12-16,100456565,1526909567.7766175,23,23
1996-12-17,99315931,1460992279.474043,23,23
1996-12-18,88839670,1263823003.9862847,23,23
1996-12-19,104940015,1533796202.8429112,23,23
1996-12-20,175914192,2500408688.5583673,23,23
1996-12-23,58640263,930933696.057467,23,23
1996-12-24,25798593,399757937.682899,23,23
1996-12-26,47791421,725084725.9749756,23,23
1996-12-27,38445402,583692773.2737412,23,23
1996-12-30,52896880,715877354.6221709,23,23
1996-12-31,65284470,917537663.5956249,23,23
1997-01-02,117071769,1630050901.3962379,23,23
1997-01-03,88806515,1291666639.6024919,23,23
1997-01-06,107278513,1515917782.2337942,23,23
1997-01-07,88032590,1192985205.392417,23,23
1997-01-08,83844296,1336855395.0151844,23,23
1997-01-09,91563513,1437928493.608263,23,23
1997-01-10,111821371,1935402390.4439921,23,23
1997-01-13,84589510,1309753870.5789084,23,23
1997-01-14,90218936,1373937827.7668047,23,23
1997-01-15,94862859,1469511092.4855633,23,23
1997-01-16,88356994,1439646210.4886475,23,23
1997-01-17,102148345,1493053125.2226791,23,23
1997-01-20,74702447,1131600604.15142,23,23
1997-01-21,127680268,1860495452.8980408,23,23
1997-01-22,148719402,2296839730.147497,23,23
1997-01-23,129960861,1914713099.2574959,23,23
1997-01-24,131403188,1960554448.6066875,23,23
1997-01-27,106849430,1575212815.4210277,23,23
1997-01-28,131138943,2043996716.6435113,23,23
1997-01-29,106136811,1519359846.5124307,23,23
1997-01-30,102097313,1460688798.595868,23,23
1997-01-31,97997458,1415161518.336484,23,23
1997-02-03,75920276,1096240229.0745878,23,23
1997-02-04,75874539,1136915643.4390883,23,23
1997-02-05,106734234,1618039346.9978023,23,23
1997-02-06,104010250,1510645211.2133427,23,23
1997-02-07,94914652,1398707686.9301767,23,23
1997-02-10,99859587,1404222496.6100388,23,23
1997-02-11,99060861,1538635514.8660893,23,23
1997-02-12,96372966,1593348815.3978148,23,23
1997-02-13,103783832,1594274230.5095205,23,23
1997-02-14,95507342,1384776633.5414495,23,23
1997-02-18,93898102,1237853307.7096987,23,23
1997-02-19,128335973,1451808869.5443869,23,23
1997-02-20,102718516,1384438282.0049725,23,23
1997-02-21,113650075,1639899817.9728312,23,23
1997-02-24,92373873,1254799016.0759048,23,23
1997-02-25,110017297,1576764672.9046936,23,23
1997-02-26,116005474,1637192688.1221662,23,23
1997-02-27,86059159,1154795135.6151543,23,23
1997-02-28,100265873,1428079489.0800147,23,23
1997-03-03,82596125,1192626138.471169,23,23
1997-03-04,89493842,1339927207.1435075,23,23
1997-03-05,86180939,1296341145.5489073,23,23
1997-03-06,119741121,1653879666.1647077,23,23
1997-03-07,90614949,1258974545.6449075,23,23
1997-03-10,79469448,1089121150.293386,23,23
1997-03-11,85621218,1250705244.618297,23,23
1997-03-12,82583712,1159485282.5343223,23,23
1997-03-13,110293538,1305582256.9053602,23,23
1997-03-14,93689891,1242474629.7019348,23,23
1997-03-17,109860613,1474271121.1694026,23,23
1997-03-18,83207559,1173628784.3359742,23,23
1997-03-19,101310317,1359852711.3502731,23,23
1997-03-20,101867740,1190436006.1865387,23,23
1997-03-21,148452326,1791187867.882124,23,23
1997-03-24,100332644,1360593119.084927,23,23
1997-03-25,96173409,1365471761.3901024,23,23
1997-03-26,99300345,1428845700.2352753,23,23
1997-03-27,106023315,1553898108.6983829,23,23
1997-03-31,130714868,1892834075.1383758,23,23
1997-04-01,106503831,1555676699.05688,23,23
1997-04-02,95006357,1287822269.8852682,23,23
1997-04-03,113018009,1536670084.4979334,23,23
1997-04-04,119499297,1626443208.1203227,23,23
1997-04-07,80290627,1087799143.5952616,23,23
1997-04-08,84232740,1178303281.0903578,23,23
1997-04-09,97980667,1374582664.0941586,23,23
1997-04-10,85200344,1101701537.520656,23,23
1997-04-11,101160641,1323334625.1818905,23,23
1997-04-14,88929264,1144260667.8461666,23,23
1997-04-15,98940191,1346020722.5217276,23,23
1997-04-16,101754728,1282666581.8609343,23,23
1997-04-17,87348288,1131369967.772478,23,23
1997-04-18,95414452,1171954482.7556481,23,23
1997-04-21,82427348,1050238994.1443038,23,23
1997-04-22,111745667,1598238063.808854,23,23
1997-04-23,110155487,1464024758.3535595,23,23
1997-04-24,125751761,1823140852.668036,23,23
1997-04-25,74818690,976580558.2048154,23,23
1997-04-28,82319743,1389340736.0629869,23,23
1997-04-29,117112199,1835216392.819911,23,23
1997-04-30,116759148,1848390063.1762886,23,23
1997-05-01,78577124,1236989326.454959,23,23
1997-05-02,86675917,1375692560.3922534,23,23
1997-05-05,106252873,1746154453.0613194,23,23
1997-05-06,124064115,1825354298.773992,23,23
1997-05-07,92512900,1381277966.2318983,23,23
1997-05-08,109292749,1718143016.5599823,23,23
1997-05-09,85537293,1403650728.2082758,23,23
1997-05-12,105518423,1761867483.690702,23,23
1997-05-13,109707084,1838170943.5115314,23,23
1997-05-14,84958703,1445568526.6525946,23,23
1997-05-15,83759624,1285177661.2155204,23,23
1997-05-16,173305269,2106101396.080143,23,23
1997-05-19,81067896,1108728107.9682436,23,23
1997-05-20,95485889,1442213189.8911085,23,23
1997-05-21,112232196,1599380519.1351595,23,23
1997-05-22,79342348,1196297066.4938369,23,23
1997-05-23,68182567,1054087224.2155719,23,23
1997-05-27,86670245,1413966921.5880132,23,23
1997-05-28,83282833,1412159870.6816354,23,23
1997-05-29,70486713,1107951141.8342323,23,23
1997-05-30,101118084,1543939230.4071484,23,23
1997-06-02,70383541,1037360987.9042764,23,23
1997-06-03,75032149,1115755468.527834,23,23
1997-06-04,71028687,1119846774.153173,23,23
1997-06-05,76340888,1090893577.2280083,23,23
1997-06-06,77637784,1204659472.5494328,23,23
1997-06-09,77768664,1203559423.3128004,23,23
1997-06-10,86521659,1359794131.8155856,23,23
1997-06-11,89163906,1433709983.014019,23,23
1997-06-12,97217826,1511366239.9921517,23,23
1997-06-13,102623664,1662939157.3062963,23,23
1997-06-16,68695635,1072787588.6876855,23,23
1997-06-17,85369147,1404334362.1298847,23,23
1997-06-18,70503156,1163452841.592093,23,23
1997-06-19,91122752,1308032159.661706,23,23
1997-06-20,137208086,2118903943.407065,23,23
1997-06-23,81081131,1206879059.1673465,23,23
1997-06-24,96893645,1581553713.60399,23,23
1997-06-25,97805422,1731320630.3343596,23,23
1997-06-26,77189213,1412886475.8358622,23,23
1997-06-27,69449793,1234841824.2582273,23,23
1997-06-30,87911363,1481803938.1094313,23,23
1997-07-01,83123227,1430938014.0354023,23,23
1997-07-02,78776699,1429843922.3543844,23,23
1997-07-03,62703357,1093011166.8752484,23,23
1997-07-07,87643369,1545332454.9526544,23,23
1997-07-08,87707845,1659416525.6146646,23,23
1997-07-09,115971339,2244268237.977437,23,23
1997-07-10,92917273,1725340150.7115717,23,23
1997-07-11,78471697,1307725909.956822,23,23
1997-07-14,90814319,1426730184.055427,23,23
1997-07-15,108452805,1780266468.7885017,23,23
1997-07-16,114963074,1946353622.6964784,23,23
1997-07-17,120823551,2138170479.651577,23,23
1997-07-18,127470113,2499770611.656163,23,23
1997-07-21,94115482,1899055004.302524,23,23
1997-07-22,107760697,2088640761.4539733,23,23
1997-07-23,100418701,1919658191.1817274,23,23
1997-07-24,95093942,1839393373.7670093,23,23
1997-07-25,79045511,1439501061.326429,23,23
1997-07-28,69705629,1189589520.6683664,23,23
1997-07-29,78799287,1420430699.0649028,23,23
1997-07-30,73346745,1393441394.1239824,23,23
1997-07-31,83554630,1426805128.0018048,23,23
1997-08-01,83392513,1498984449.306909,23,23
1997-08-04,65941552,1287859107.0814023,23,23
1997-08-05,60809631,1188561258.058096,23,23
1997-08-06,78460434,1433664473.1640143,23,23
1997-08-07,78719196,1426033220.2384663,23,23
1997-08-08,104598868,1744880940.7792153,23,23
1997-08-11,105879564,1787545299.5217104,23,23
1997-08-12,88295421,1494713859.7970772,23,23
1997-08-13,112989697,2016376224.5601978,23,23
1997-08-14,97203966,1598285952.305603,23,23
1997-08-15,108083781,1783313302.9331326,23,23
1997-08-18,133235902,2059027634.2930899,23,23
1997-08-19,106797152,1800407228.372604,23,23
1997-08-20,88641292,1549723089.7652874,23,23
1997-08-21,78832779,1379670570.5707884,23,23
1997-08-22,86042654,1549441886.7193518,23,23
1997-08-25,64401019,1061669647.7806745,23,23
1997-08-26,69971610,1220173796.0060625,23,23
1997-08-27,82954320,1528637774.394361,23,23
1997-08-28,85074042,1393691411.12047,23,23
1997-08-29,70150717,1210171346.5855942,23,23
1997-09-02,88591372,1599649319.8289742,23,23
1997-09-03,81752916,1397789565.2378292,23,23
1997-09-04,73571029,1301939373.9722977,23,23
1997-09-05,78932760,1417503111.8847861,23,23
1997-09-08,67330685,1142864848.9761043,23,23
1997-09-09,83486111,1434162785.7190952,23,23
1997-09-10,91627896,1613803318.8322673,23,23
1997-09-11,109926898,1828707123.516016,23,23
1997-09-12,101900033,2101350906.456109,23,23
1997-09-15,72971514,1213343731.1937337,23,23
1997-09-16,98793505,1761534123.5431352,23,23
1997-09-17,90825664,1620036679.2971587,23,23
1997-09-18,93190891,1695404651.6426249,23,23
1997-09-19,110402461,1915173710.3777099,23,23
1997-09-22,95031436,1667635074.0573745,23,23
1997-09-23,81729458,1493153261.3533244,23,23
1997-09-24,94145171,1508626020.84271,23,23
1997-09-25,84979976,1414027617.1938686,23,23
1997-09-26,72143109,1190106490.9169698,23,23
1997-09-29,79232274,1295036902.9671545,23,23
1997-09-30,81638438,1476907392.8166504,23,23
1997-10-01,78545771,1319776956.0769224,23,23
1997-10-02,68260378,1203371269.1345034,23,23
1997-10-03,103531829,2091890446.4428701,23,23
1997-10-06,61038239,1181200559.893735,23,23
1997-10-07,78551982,1649091282.6715245,23,23
1997-10-08,83217175,1510180111.2664714,23,23
1997-10-09,65572939,1136891698.7756662,23,23
1997-10-10,59106440,957721483.2868371,23,23
1997-10-13,37803234,666525097.6233835,23,23
1997-10-14,73451508,1277507522.5998335,23,23
1997-10-15,68580195,1208678536.8421335,23,23
1997-10-16,84318933,1501276839.126068,23,23
1997-10-17,108279408,1947699424.5709572,23,23
1997-10-20,81786277,1458277553.8474631,23,23
1997-10-21,90108273,1673954311.953144,23,23
1997-10-22,110682283,2317867895.5212307,23,23
1997-10-23,120636482,2417109630.0082574,23,23
1997-10-24,132469982,2555269064.487166,23,23
1997-10-27,143262902,2336082554.4910827,23,23
1997-10-28,232287133,4113211621.673314,23,23
1997-10-29,136132287,2290605543.818514,23,23
1997-10-30,109016369,1839125362.2383914,23,23
1997-10-31,100029654,1629912944.8084087,23,23
1997-11-03,90670761,1499668805.6414747,23,23
1997-11-04,75872319,1335292422.9429598,23,23
1997-11-05,81816989,1383524269.6506205,23,23
1997-11-06,78536491,1298272562.5540824,23,23
1997-11-07,93208104,1630717581.5398436,23,23
1997-11-10,73884417,1234876025.1588855,23,23
1997-11-11,71060616,1085224695.3923059,23,23
1997-11-12,98726988,1501662289.2045364,23,23
1997-11-13,94484718,1587581410.052544,23,23
1997-11-14,94487977,1621322314.98287,23,23
1997-11-17,100043773,1691822713.109177,23,23
1997-11-18,81370998,1291324886.7024965,23,23
1997-11-19,78432860,1367907961.7723837,23,23
1997-11-20,98360812,1686678451.5797262,23,23
1997-11-21,105156926,1872961508.5000305,23,23
1997-11-24,78490724,1400088619.2090702,23,23
1997-11-25,90044505,1637353964.732758,23,23
1997-11-26,73129077,1303101100.5439258,23,23
1997-11-28,30104364,547867955.184247,23,23
1997-12-01,87671755,1645502586.3046012,23,23
1997-12-02,93589696,1554629251.2332659,23,23
1997-12-03,97955380,1715492709.0951796,23,23
1997-12-04,101130969,1825660181.3424487,23,23
1997-12-05,102357070,1707797694.4278479,23,23
1997-12-08,79330108,1386937065.919118,23,23
1997-12-09,78012733,1373714115.4639835,23,23
1997-12-10,90911176,1667852973.2744017,23,23
1997-12-11,101116038,1817166180.95008,23,23
1997-12-12,91848488,1634108364.718213,23,23
1997-12-15,86708629,1567507377.218145,23,23
1997-12-16,84379086,1559038577.8024845,23,23
1997-12-17,82443227,1576854336.5481443,23,23
1997-12-18,88709993,1620773963.0749583,23,23
1997-12-19,141940728,2494173192.5032825,23,23
1997-12-22,77050666,1306205355.810485,23,23
1997-12-23,60509047,1059327009.1236777,23,23
1997-12-24,39882498,666788085.188973,23,23
1997-12-26,21642501,397189623.1168761,23,23
1997-12-29,58293135,1006742430.6169777,23,23
1997-12-30,66977596,1192219836.3236084,23,23
1997-12-31,65493569,1097357546.8019943,23,23
1998-01-02,68350302,1140242968.600113,23,23
1998-01-05,110794472,1963667105.145277,23,23
1998-01-06,83773884,1464543376.4257984,23,23
1998-01-07,89521309,1494523936.2713113,23,23
1998-01-08,83424944,1448517062.476326,23,23
1998-01-09,114163942,1967620517.7773452,23,23
1998-01-12,111241126,2006612075.284133,23,23
1998-01-13,90334207,1661063518.5323043,23,23
1998-01-14,82597582,1484483588.7783442,23,23
1998-01-15,82175584,1436554747.579482,23,23
1998-01-16,104990467,1908062935.6023712,23,23
1998-01-20,99497202,1789430754.6034036,23,23
1998-01-21,113745295,2125733525.8312235,23,23
1998-01-22,95063139,1582381720.3113346,23,23
1998-01-23,83948064,1447254302.7097301,23,23
1998-01-26,64783061,1103849561.8591475,23,23
1998-01-27,96653903,1837107980.7465467,23,23
1998-01-28,106557085,1989126599.8362331,23,23
1998-01-29,115441440,1831733240.698882,23,23
1998-01-30,84309570,1342707457.0103445,23,23
1998-02-02,99221260,1783745338.6138802,23,23
1998-02-03,96389874,1678357267.5619974,23,23
1998-02-04,82929989,1431940992.7559295,23,23
1998-02-05,94399938,1542174703.9436588,23,23
1998-02-06,77500177,1296177484.402163,23,23
1998-02-09,63368706,1077526108.5492,23,23
1998-02-10,110436171,1901485275.0606937,23,23
1998-02-11,81132038,1555984720.7207437,23,23
1998-02-12,82041205,1537112518.0771852,23,23
1998-02-13,61880143,1157252016.4433103,23,23
1998-02-17,83771288,1594150024.1480918,23,23
1998-02-18,89471286,1470660359.9026217,23,23
1998-02-19,94201566,1492613436.4740524,23,23
1998-02-20,96560263,1652141305.8209567,23,23
1998-02-23,82663923,1599336747.1903782,23,23
1998-02-24,89362046,1761044378.5514169,23,23
1998-02-25,76407915,1507657502.3644948,23,23
1998-02-26,76754077,1451787532.1511068,23,23
1998-02-27,91799498,1655668132.1370015,23,23
1998-03-02,76040469,1464576472.8505363,23,23
1998-03-03,76620164,1456987444.8625984,23,23
1998-03-04,81965249,1577163839.0217972,23,23
1998-03-05,97989451,1717272975.4590473,23,23
1998-03-06,99635042,1964278144.7375584,23,23
1998-03-09,100749740,1701844322.5313983,23,23
1998-03-10,73930533,1331301112.296373,23,23
1998-03-11,73534601,1261870540.96697,23,23
1998-03-12,65408848,1238834539.553875,23,23
1998-03-13,66086545,1250696382.2051644,23,23
1998-03-16,64980275,1248858831.4875135,23,23
1998-03-17,73108482,1359587708.8500957,23,23
1998-03-18,76635222,1403901132.2986612,23,23
1998-03-19,81549444,1361910005.796638,23,23
1998-03-20,114980642,2132578744.628746,23,23
1998-03-23,88008392,1626362345.6928883,23,23
1998-03-24,70895093,1413503090.3382735,23,23
1998-03-25,87229006,1746155228.7533503,23,23
1998-03-26,70344275,1284639129.6889687,23,23
1998-03-27,68686869,1382631423.90059,23,23
1998-03-30,61829684,1215462558.4846811,23,23
1998-03-31,89310673,1747347277.5380988,23,23
1998-04-01,113447860,1850626178.4160209,23,23
1998-04-02,102893436,1897839125.8711843,23,23
1998-04-03,85422498,1722824576.3203459,23,23
1998-04-06,82196872,1533341219.8231015,23,23
1998-04-07,92362421,1705831419.440246,23,23
1998-04-08,92915065,1535569197.3128672,23,23
1998-04-09,73513009,1245617490.921605,23,23
1998-04-13,78511875,1499500469.6310291,23,23
1998-04-14,75275578,1380106333.2291737,23,23
1998-04-15,98424874,1792003180.7946167,23,23
1998-04-16,99289544,1792281994.4069715,23,23
1998-04-17,89857458,1732033103.004117,23,23
1998-04-20,86437117,1675454833.4609737,23,23
1998-04-21,111229953,2182480255.20977,23,23
1998-04-22,87862483,1645189603.9683328,23,23
1998-04-23,115653123,2476287565.683976,23,23
1998-04-24,144125847,2322555807.80629,23,23
1998-04-27,133123619,2159133304.3185816,23,23
1998-04-28,101440439,1836953139.8518705,23,23
1998-04-29,83739701,1486413033.564074,23,23
1998-04-30,88503355,1674519307.3231344,23,23
1998-05-01,76217344,1374208612.1443024,23,23
1998-05-04,74885639,1318346803.1504207,23,23
1998-05-05,63077411,1178185359.1300182,23,23
1998-05-06,63626080,1205058732.2629476,23,23
1998-05-07,80506893,1468464979.9791489,23,23
1998-05-08,75331590,1435298274.338647,23,23
1998-05-11,79851251,1452775996.6131988,23,23
1998-05-12,77009880,1390691751.097674,23,23
1998-05-13,89744750,1676900066.8687935,23,23
1998-05-14,185079343,2593230722.5379047,23,23
1998-05-15,123727993,2153929451.572975,23,23
1998-05-18,98199366,1625539684.0355692,23,23
1998-05-19,94816170,1532264918.7321138,23,23
1998-05-20,91775859,1624487703.497612,23,23
1998-05-21,88807838,1680463704.0159287,23,23
1998-05-22,53950368,999349870.6127753,23,23
1998-05-26,66389190,1306887904.5003386,23,23
1998-05-27,101276173,1990581245.7186017,23,23
1998-05-28,72345598,1332355244.2318559,23,23
1998-05-29,74936726,1299595697.3828402,23,23
1998-06-01,77393722,1419889927.128314,23,23
1998-06-02,87114865,1582459900.6028085,23,23
1998-06-03,69560277,1275232480.4782467,23,23
1998-06-04,73233188,1389695892.756063,23,23
1998-06-05,88722155,1760501826.3413343,23,23
1998-06-08,71041763,1253655016.9989796,23,23
1998-06-09,66970961,1259502381.4605732,23,23
1998-06-10,91667821,1763495376.1744795,23,23
1998-06-11,89903647,1599565910.648066,23,23
1998-06-12,88339957,1746729939.9404716,23,23
1998-06-15,84379144,1588056168.9687572,23,23
1998-06-16,107364389,2056137909.5210896,23,23
1998-06-17,120402564,2084671527.0659485,23,23
1998-06-18,106660709,1600198974.3880377,23,23
1998-06-19,130292352,2520684075.676282,23,23
1998-06-22,81832895,1593605580.860114,23,23
1998-06-23,89776686,1594040740.2912884,23,23
1998-06-24,84645369,1673285047.0081053,23,23
1998-06-25,88999137,1650469951.253378,23,23
1998-06-26,58778470,1095130973.3977704,23,23
1998-06-29,65040504,1259816547.1489305,23,23
1998-06-30,109639672,2162423366.680235,23,23
1998-07-01,98510438,1886358412.8835268,23,23
1998-07-02,69551144,1295155351.2720613,23,23
1998-07-06,69560475,1388939642.6062198,23,23
1998-07-07,77651466,1541123033.2196803,23,23
1998-07-08,78390007,1525786742.1594877,23,23
1998-07-09,89579948,1770731197.5694866,23,23
1998-07-10,84830848,1721099607.8661985,23,23
1998-07-13,76192240,1640961301.8578272,23,23
1998-07-14,80543547,1712790853.732862,23,23
1998-07-15,96140743,1852081912.5184655,23,23
1998-07-16,77345267,1627643085.9563684,23,23
1998-07-17,75245825,1544856584.58961,23,23
1998-07-20,78333353,1534036512.6626463,23,23
1998-07-21,126576986,2716155681.1313457,23,23
1998-07-22,152339574,2632000143.270624,23,23
1998-07-23,119649124,2294501110.600725,23,23
1998-07-24,90439797,1813656172.708702,23,23
1998-07-27,89177169,1720013885.614111,23,23
1998-07-28,102043698,1978978856.9780583,23,23
1998-07-29,84730418,1577989738.7034335,23,23
1998-07-30,99944222,1985336994.4978886,23,23
1998-07-31,105375712,2110336771.0429487,23,23
1998-08-03,97470468,1814329147.3784652,23,23
1998-08-04,136217102,2501675072.1841183,23,23
1998-08-05,134278019,2580403911.513937,23,23
1998-08-06,98370394,1857937619.7127137,23,23
1998-08-07,109601011,2111733471.7636714,23,23
1998-08-10,80121306,1515040314.9926271,23,23
1998-08-11,120501879,2176820889.0501966,23,23
1998-08-12,94509542,1691167042.2178583,23,23
1998-08-13,80895105,1484064114.2842937,23,23
1998-08-14,92016406,1592260694.3321767,23,23
1998-08-17,85343067,1544745343.1779447,23,23
1998-08-18,103486075,1661690024.6991396,23,23
1998-08-19,79073325,1409504015.7073426,23,23
1998-08-20,83684168,1495136733.5295,23,23
1998-08-21,105664740,1941270643.4243784,23,23
1998-08-24,80249380,1425880784.4087372,23,23
1998-08-25,91953107,1639560295.354712,23,23
1998-08-26,90399949,1699621592.7268858,23,23
1998-08-27,131762913,2486553441.751571,23,23
1998-08-28,115690202,2186030997.1713586,23,23
1998-08-31,153971881,2645880396.0430236,23,23
1998-09-01,179412999,3332960831.5738,23,23
1998-09-02,122138206,2185590829.816265,23,23
1998-09-03,125390131,2258585061.380168,23,23
1998-09-04,112529804,2029092344.855617,23,23
1998-09-08,119074673,2263177263.276894,23,23
1998-09-09,106437163,2005788288.5095568,23,23
1998-09-10,133682522,2351940873.362113,23,23
1998-09-11,112496888,1975545009.1521463,23,23
1998-09-14,117513881,2192181898.3772,23,23
1998-09-15,96047750,1808810549.030014,23,23
1998-09-16,110477470,2104318664.9629107,23,23
1998-09-17,90465311,1646222410.5047946,23,23
1998-09-18,123879656,2126022770.6155295,23,23
1998-09-21,92275408,1638284388.7377677,23,23
1998-09-22,101472202,1698681035.2435145,23,23
1998-09-23,127472071,2197523435.3976355,23,23
1998-09-24,103113564,1841115755.0157814,23,23
1998-09-25,97481786,1731351493.8697214,23,23
1998-09-28,94065623,1716906422.4864693,23,23
1998-09-29,99104973,1803337033.877901,23,23
1998-09-30,97282624,1763852365.088274,23,23
1998-10-01,120394235,2190967624.401684,23,23
1998-10-02,126670888,2466371484.912527,23,23
1998-10-05,131533152,2327049303.81358,23,23
1998-10-06,117328635,2189692364.4067717,23,23
1998-10-07,126543461,2295878223.425304,23,23
1998-10-08,162215713,3103069454.2061872,23,23
1998-10-09,111512716,2125386211.898736,23,23
1998-10-12,83085195,1611930459.1982079,23,23
1998-10-13,86848625,1624296405.091391,23,23
1998-10-14,103469835,1837444660.5081663,23,23
1998-10-15,115727496,2213827124.966748,23,23
1998-10-16,132969430,2630286965.3055544,23,23
1998-10-19,100868116,1787561052.7292914,23,23
1998-10-20,127477071,2356849354.16863,23,23
1998-10-21,111002772,2050607173.8297276,23,23
1998-10-22,93214372,1853375035.8170123,23,23
1998-10-23,79175444,1491150149.174559,23,23
1998-10-26,72999000,1424817787.1302652,23,23
1998-10-27,88666028,1734814944.9162464,23,23
1998-10-28,73122967,1395147584.1840038,23,23
1998-10-29,85501772,1631296356.699648,23,23
1998-10-30,93425273,1755810809.789618,23,23
1998-11-02,92149974,1810087537.7477856,23,23
1998-11-03,83351411,1656837119.6990318,23,23
1998-11-04,110560165,2068289962.8765516,23,23
1998-11-05,93215990,1817280887.381649,23,23
1998-11-06,87433427,1737008933.1052332,23,23
1998-11-09,74052659,1533469850.1173286,23,23
1998-11-10,96813459,1804396861.1089334,23,23
1998-11-11,100614703,1796638140.505031,23,23
1998-11-12,81348591,1553915960.2176552,23,23
1998-11-13,78583202,1495353985.0111418,23,23
1998-11-16,97356948,1752625996.3192692,23,23
1998-11-17,126097901,1989724201.5111337,23,23
1998-11-18,84301641,1538844036.772716,23,23
1998-11-19,92041608,1658382241.8482876,23,23
1998-11-20,108073283,2001425771.3363843,23,23
1998-11-23,112261227,2059065922.137621,23,23
1998-11-24,109750403,2070082829.7849073,23,23
1998-11-25,81205338,1579137664.9767823,23,23
1998-11-27,45901435,905844013.6666985,23,23
1998-11-30,102437310,2036685406.009366,23,23
1998-12-01,124797303,2329920556.6049128,23,23
1998-12-02,132288420,2533306436.0696383,23,23
1998-12-03,106330805,2110479280.2354589,23,23
1998-12-04,93766056,1864003888.9888697,23,23
1998-12-07,78627231,1790236025.1266837,23,23
1998-12-08,104496292,2138290783.8443441,23,23
1998-12-09,96131003,1984510818.8633518,23,23
1998-12-10,110069242,2151985093.7517986,23,23
1998-12-11,101813073,2005412039.7186308,23,23
1998-12-14,93206475,1850659457.5553112,23,23
1998-12-15,97614752,2121545849.1789446,23,23
1998-12-16,93469693,1888824011.5809216,23,23
1998-12-17,84312809,1752405572.2030663,23,23
1998-12-18,119558171,2512948576.505657,23,23
1998-12-21,104388373,2166420540.1356196,23,23
1998-12-22,84796929,1806881030.4141035,23,23
1998-12-23,82006131,1740636350.1892948,23,23
1998-12-24,32368649,666663642.5820112,23,23
1998-12-28,64576391,1276700119.5257754,23,23
1998-12-29,65255479,1321669954.8839374,23,23
1998-12-30,69231942,1359174429.6349287,23,23
1998-12-31,68278136,1421041958.1844912,23,23
1999-01-04,113780833,2364144645.6840677,23,23
1999-01-05,101186864,2234513921.9858828,23,23
1999-01-06,132308430,2678183085.777369,23,23
1999-01-07,95824843,2070603910.510559,23,23
1999-01-08,116193239,2515331007.3217754,23,23
1999-01-11,118505130,2630420209.2287064,23,23
1999-01-12,114238706,2642182480.438369,23,23
1999-01-13,124985905,2869555691.1054325,23,23
1999-01-14,120554561,2624521098.00607,23,23
1999-01-15,95735800,2098748938.365346,23,23
1999-01-19,93597298,1998644810.855247,23,23
1999-01-20,133974837,2651728431.92935,23,23
1999-01-21,125446264,2838458913.8841968,23,23
1999-01-22,133541269,3411668735.357211,23,23
1999-01-25,122351080,2958612809.012971,23,23
1999-01-26,123190336,2896794178.659166,23,23
1999-01-27,121401528,2731381021.967787,23,23
1999-01-28,110287894,2365031276.8786187,23,23
1999-01-29,123964442,2468332792.1418667,23,23
1999-02-01,118826641,2091086447.6610813,23,23
1999-02-02,113776191,2246422236.1753235,23,23
1999-02-03,107937507,2303605404.7626386,23,23
1999-02-04,106879862,2236104177.070485,23,23
1999-02-05,121887482,2584173363.064035,23,23
1999-02-08,95036251,2016294312.8024635,23,23
1999-02-09,94343074,1952565878.2022467,23,23
1999-02-10,108137684,1960911783.5446525,23,23
1999-02-11,116995912,2146012209.858684,23,23
1999-02-12,110460097,2138232296.919352,23,23
1999-02-16,105024889,1956597977.0389318,23,23
1999-02-17,108193654,1989561428.4196234,23,23
1999-02-18,96647424,1943413829.6690059,23,23
1999-02-19,87169102,1699924520.619691,23,23
1999-02-22,102689941,2202919644.257477,23,23
1999-02-23,91183762,1948481510.3892245,23,23
1999-02-24,91162748,2100439169.4129467,23,23
1999-02-25,90559416,2071799620.5230026,23,23
1999-02-26,103011964,2230275087.3938704,23,23
1999-03-01,91914510,1822146371.1745372,23,23
1999-03-02,113404803,1945486135.7894888,23,23
1999-03-03,92234110,1833943322.1034412,23,23
1999-03-04,114009455,2568332717.217133,23,23
1999-03-05,109434373,2388595285.1824384,23,23
1999-03-08,91019265,2076176621.2889514,23,23
1999-03-09,105463932,2283830863.625379,23,23
1999-03-10,94444575,2084158413.2295642,23,23
1999-03-11,118581175,2432442643.061651,23,23
1999-03-12,117870982,2560274132.7315526,23,23
1999-03-15,96264521,2097702328.0820227,23,23
1999-03-16,90693631,1877817014.8597288,23,23
1999-03-17,100282832,1938954248.2924643,23,23
1999-03-18,117837224,2512448828.239194,23,23
1999-03-19,138684014,3261469666.2800555,23,23
1999-03-22,82290770,1877219335.2220378,23,23
1999-03-23,107081023,2299249367.0702734,23,23
1999-03-24,94439603,2085315298.0618243,23,23
1999-03-25,102377431,2291715932.700968,23,23
1999-03-26,80081298,1992682277.8784761,23,23
1999-03-29,83866545,1947536101.2163806,23,23
1999-03-30,100022436,2131706016.9411793,23,23
1999-03-31,140256191,2160968896.4181886,23,23
1999-04-01,89457757,1684004603.6527567,23,23
1999-04-05,96510908,2068521522.8854985,23,23
1999-04-06,95125128,2068232450.6475158,23,23
1999-04-07,115071339,2466395775.9718084,23,23
1999-04-08,107846506,2507767550.7443547,23,23
1999-04-09,88367447,1998909575.7977448,23,23
1999-04-12,111532846,2447492070.1770325,23,23
1999-04-13,114365083,2428262194.5393176,23,23
1999-04-14,133498012,3223486275.740732,23,23
1999-04-15,157131316,3588735003.4191804,23,23
1999-04-16,132381205,3057958968.331773,23,23
1999-04-19,165643275,3745951284.3113747,23,23
1999-04-20,124413560,2962584613.01044,23,23
1999-04-21,114131936,2781988111.5430694,23,23
1999-04-22,155953968,4166510162.127654,23,23
1999-04-23,109840454,2754338734.90009,23,23
1999-04-26,105109595,2656664729.9367104,23,23
1999-04-27,129480398,3172892496.2522225,23,23
1999-04-28,115658645,2713003931.486218,23,23
1999-04-29,122462612,2887375681.1806684,23,23
1999-04-30,141142035,3179731547.6044574,23,23
1999-05-03,111170607,2611483169.521306,23,23
1999-05-04,113977214,2771221875.6382723,23,23
1999-05-05,105413566,2503744186.9960923,23,23
1999-05-06,99842860,2434386227.3311515,23,23
1999-05-07,90273244,2340767594.773634,23,23
1999-05-10,104015456,2306194787.086711,23,23
1999-05-11,99649056,2488388310.6274886,23,23
1999-05-12,115087182,2757970384.4788847,23,23
1999-05-13,124979108,3279413089.890782,23,23
1999-05-14,102902870,2829668939.8814797,23,23
1999-05-17,90663919,2230871966.409615,23,23
1999-05-18,159352348,2985621569.615734,23,23
1999-05-19,117999602,2373963929.4962864,23,23
1999-05-20,93164273,1998883253.01437,23,23
1999-05-21,93809289,2226258733.403454,23,23
1999-05-24,106592531,2297046444.647516,23,23
1999-05-25,104289003,2483123733.391211,23,23
1999-05-26,120685385,3179431872.588752,23,23
1999-05-27,102167897,2439924140.9464564,23,23
1999-05-28,84640017,1961228033.9908867,23,23
1999-06-01,94247121,2042296176.599173,23,23
1999-06-02,80104082,1924529246.16087,23,23
1999-06-03,76008336,1731370016.9628477,23,23
1999-06-04,84074840,2043112228.7263675,23,23
1999-06-07,79145288,1931402593.617957,23,23
1999-06-08,85026584,2062616913.8559213,23,23
1999-06-09,80867336,1832474111.0076847,23,23
1999-06-10,91950552,1987352058.4034634,23,23
1999-06-11,85207670,1915333886.1964645,23,23
1999-06-14,77533333,1773466673.4420958,23,23
1999-06-15,84435636,1953635559.3664503,23,23
1999-06-16,92430263,2154063656.302472,23,23
1999-06-17,81165138,1803686541.4109898,23,23
1999-06-18,119146114,2884849765.482662,23,23
1999-06-21,87695172,2055785219.2279596,23,23
1999-06-22,92983319,2032811337.3142996,23,23
1999-06-23,80953035,1762589364.1325917,23,23
1999-06-24,83182171,2000160312.6733513,23,23
1999-06-25,72748206,1651306202.373662,23,23
1999-06-28,83034773,1845535784.0506907,23,23
1999-06-29,92348705,2055369392.8416276,23,23
1999-06-30,127035837,3026245084.7140555,23,23
1999-07-01,108702999,2508469854.690675,23,23
1999-07-02,77848214,1685454665.3165994,23,23
1999-07-06,83574700,2001832672.6453443,23,23
1999-07-07,88392678,2428035242.699397,23,23
1999-07-08,117665300,2569236399.957363,23,23
1999-07-09,85079703,2117903762.7943788,23,23
1999-07-12,81601308,2096373755.1805887,23,23
1999-07-13,88104850,2106901995.016821,23,23
1999-07-14,87885384,2254616457.181118,23,23
1999-07-15,95426492,2482635443.4164786,23,23
1999-07-16,98927204,2369105364.3042784,23,23
1999-07-19,90920498,2246288888.87352,23,23
1999-07-20,105392674,2861001689.6812487,23,23
1999-07-21,103969435,2498154876.06022,23,23
1999-07-22,98311008,2415579009.0217266,23,23
1999-07-23,77561553,1911496858.6341825,23,23
1999-07-26,79076464,1936331483.4064522,23,23
1999-07-27,81009292,2036850690.8177252,23,23
1999-07-28,70054280,1779378704.771151,23,23
1999-07-29,83417463,2010023575.308281,23,23
1999-07-30,87190362,1994981197.8911724,23,23
1999-08-02,69365731,1761615492.4756832,23,23
1999-08-03,93691275,2203894622.4677334,23,23
1999-08-04,98585971,2254330586.4269485,23,23
1999-08-05,107202318,2490823944.167425,23,23
1999-08-06,87840766,2004507289.1455345,23,23
1999-08-09,72691199,1603096338.2435007,23,23
1999-08-10,90476199,2102523616.2261143,23,23
1999-08-11,83278215,1956329267.255075,23,23
1999-08-12,89322209,1988370449.6721506,23,23
1999-08-13,88406732,1981293450.9081779,23,23
1999-08-16,74141141,1677613344.0947652,23,23
1999-08-17,103078689,2116554017.1326647,23,23
1999-08-18,95632243,2061912471.3730521,23,23
1999-08-19,97270168,2131646810.9630413,23,23
1999-08-20,89981951,2062753188.8112211,23,23
1999-08-23,87997975,2161033657.0523057,23,23
1999-08-24,87626713,2265548300.9633517,23,23
1999-08-25,93863878,2252813726.509323,23,23
1999-08-26,83916299,2051925331.1339731,23,23
1999-08-27,68228775,1620472951.1614766,23,23
1999-08-30,64073636,1586577371.6709895,23,23
1999-08-31,93466381,2129249902.8674111,23,23
1999-09-01,79687322,1990864258.429584,23,23
1999-09-02,70760015,1725553653.898942,23,23
1999-09-03,88663998,2014868496.284289,23,23
1999-09-07,99212192,2502065486.594308,23,23
1999-09-08,97823848,2497184962.073246,23,23
1999-09-09,89261364,2179497113.1814933,23,23
1999-09-10,79158732,1903619746.6957507,23,23
1999-09-13,73807019,1802392820.4559932,23,23
1999-09-14,86850864,1929634116.8701897,23,23
1999-09-15,91482953,2487960148.9547973,23,23
1999-09-16,92449326,2322377101.353389,23,23
1999-09-17,125571268,3228949585.0553765,23,23
1999-09-20,78900029,1988535844.678741,23,23
1999-09-21,93585041,2286771511.3880854,23,23
1999-09-22,116530462,2569843761.1483207,23,23
1999-09-23,115811353,2530573201.1163616,23,23
1999-09-24,106630171,2536461179.699621,23,23
1999-09-27,92186649,2199807678.1831474,23,23
1999-09-28,110942707,2463896330.031108,23,23
1999-09-29,106378354,2376781603.0088205,23,23
1999-09-30,148987039,2919440952.464672,23,23
1999-10-01,131717084,2707099302.6898446,23,23
1999-10-04,121286078,2387187614.1534514,23,23
1999-10-05,121896039,2514447206.6168633,23,23
1999-10-06,127565488,2759527845.8578105,23,23
1999-10-07,101384349,2470185661.2920876,23,23
1999-10-08,116359261,3021383573.957021,23,23
1999-10-11,81402322,2005827849.1718216,23,23
1999-10-12,104139841,2505528758.847218,23,23
1999-10-13,117598182,2805057645.2352767,23,23
1999-10-14,112835707,2814979881.388049,23,23
1999-10-15,122257638,2992586723.4615536,23,23
1999-10-18,112045451,2447300591.0905824,23,23
1999-10-19,131899790,2657674206.0138197,23,23
1999-10-20,153181987,2806392622.6366963,23,23
1999-10-21,243984005,5442308670.5713215,23,23
1999-10-22,143883937,3366883770.8066216,23,23
1999-10-25,105216138,2324441819.466433,23,23
1999-10-26,114366834,2518000828.640581,23,23
1999-10-27,139199716,2439617093.111649,23,23
1999-10-28,166287650,3261186557.9397774,23,23
1999-10-29,132461332,3029970025.934073,23,23
1999-11-01,116510367,2753973484.483752,23,23
1999-11-02,119207815,2744205141.4183507,23,23
1999-11-03,124339589,2503936748.674392,23,23
1999-11-04,122510886,2912291227.9895825,23,23
1999-11-05,142057771,3279853783.2604485,23,23
1999-11-08,94891564,2263373055.4500155,23,23
1999-11-09,96579528,2223918429.427103,23,23
1999-11-10,113659537,2434432007.0232687,23,23
1999-11-11,90669365,1932573956.9635854,23,23
1999-11-12,110152198,2505595641.594216,23,23
1999-11-15,98860993,2260305917.1064816,23,23
1999-11-16,113850611,2712439828.3660316,23,23
1999-11-17,123054583,2910326918.3712225,23,23
1999-11-18,193254417,3813824268.6983147,23,23
1999-11-19,137654166,3288438515.872376,23,23
1999-11-22,137068904,3103266366.1009035,23,23
1999-11-23,120725908,2750053654.487154,23,23
1999-11-24,107087138,2518049261.126074,23,23
1999-11-26,40623213,967754872.393394,23,23
1999-11-29,97057263,2286991660.023952,23,23
1999-11-30,116633666,2449082046.108652,23,23
1999-12-01,110954451,2487667088.505756,23,23
1999-12-02,108822922,2358714112.784931,23,23
1999-12-03,138368664,3508235333.089545,23,23
1999-12-06,163541688,3166782811.361926,23,23
1999-12-07,208323491,3909921666.495567,23,23
1999-12-08,152406834,3386924915.847596,23,23
1999-12-09,162734769,3830042071.0503263,23,23
1999-12-10,149952186,3197633739.7201943,23,23
1999-12-13,139546800,2739518462.082367,23,23
1999-12-14,148803103,3076186469.4591866,23,23
1999-12-15,157530456,3547420493.0191145,23,23
1999-12-16,126653127,2768583899.569723,23,23
1999-12-17,200718871,5390587769.394712,23,23
1999-12-20,109265904,2728861265.1036596,23,23
1999-12-21,116287369,2993576477.456602,23,23
1999-12-22,110911059,2532387913.8354588,23,23
1999-12-23,101802406,2329585584.8935328,23,23
1999-12-27,93417927,2061949440.6514406,23,23
1999-12-28,78717410,1701878850.5032725,23,23
1999-12-29,67046375,1434583249.068335,23,23
1999-12-30,65859758,1412757607.9049535,23,23
1999-12-31,37710806,873287419.7427311,23,23
2000-01-03,127398481,3289182055.70991,23,23
2000-01-04,147458820,3512879007.5814342,23,23
2000-01-05,177237398,4487710172.326294,23,23
2000-01-06,145194882,3517925625.6748924,23,23
2000-01-07,163207581,4437098250.464835,23,23
2000-01-10,139855485,3862478252.8520026,23,23
2000-01-11,116622276,3116298364.288209,23,23
2000-01-12,116451358,3041938943.0746846,23,23
2000-01-13,105043592,2757601850.134105,23,23
2000-01-14,113176900,3430282373.7095056,23,23
2000-01-18,131134789,3667306303.8946457,23,23
2000-01-19,136264151,3584200349.4575796,23,23
2000-01-20,141435366,4337522620.53075,23,23
2000-01-21,159546891,4010229806.287236,23,23
2000-01-24,165083184,3937605089.346074,23,23
2000-01-25,171905696,4344706287.315365,23,23
2000-01-26,161450980,3380623001.4836416,23,23
2000-01-27,159326222,3591780785.2086253,23,23
2000-01-28,138275269,3570329111.3070955,23,23
2000-01-31,126037527,3155035641.7546997,23,23
2000-02-01,112093444,2922726490.6326356,23,23
2000-02-02,118291552,3033454128.9461117,23,23
2000-02-03,143438289,3301682559.5934296,23,23
2000-02-04,135392580,3109245785.444894,23,23
2000-02-07,123796172,2710740559.66833,23,23
2000-02-08,139680943,2935879384.405602,23,23
2000-02-09,138588715,2988961606.231328,23,23
2000-02-10,130356584,2896129391.633231,23,23
2000-02-11,141118949,3055000609.0268555,23,23
2000-02-14,129038684,2572873625.4205084,23,23
2000-02-15,136198496,3064115938.991479,23,23
2000-02-16,115665117,2446139395.331493,23,23
2000-02-17,133118340,3049776854.955837,23,23
2000-02-18,140624333,3322286330.733908,23,23
2000-02-22,140964949,3430782655.5519524,23,23
2000-02-23,131309560,3111050703.809207,23,23
2000-02-24,159551619,3830499177.3365088,23,23
2000-02-25,149840361,3359752011.735051,23,23
2000-02-28,146554051,3341503325.5604796,23,23
2000-02-29,147335866,3673870421.8040104,23,23
2000-03-01,145454587,3378576117.883986,23,23
2000-03-02,117427519,3039632321.3111925,23,23
2000-03-03,149633986,3588246529.7303925,23,23
2000-03-06,137544862,3117359477.6156235,23,23
2000-03-07,326349344,6240054837.5247755,23,23
2000-03-08,242348421,4962174685.606812,23,23
2000-03-09,170926276,3674554228.5924306,23,23
2000-03-10,187170632,4420751083.443717,23,23
2000-03-13,158255053,3478371596.5279937,23,23
2000-03-14,155105064,3293773856.0215,23,23
2000-03-15,192925086,4074155368.7759576,23,23
2000-03-16,225181396,4924611641.916545,23,23
2000-03-17,218017948,4863512888.515627,23,23
2000-03-20,138410609,3374311422.4778385,23,23
2000-03-21,163005156,3915407768.420973,23,23
2000-03-22,146171348,3502269368.91335,23,23
2000-03-23,135301629,3466747682.176581,23,23
2000-03-24,168021471,4153601826.685353,23,23
2000-03-27,129974303,3282668670.706472,23,23
2000-03-28,138325491,3507960731.462995,23,23
2000-03-29,160006838,4349965909.67005,23,23
2000-03-30,173890096,4125470241.9305015,23,23
2000-03-31,144765469,3649432323.916956,23,23
2000-04-03,145112931,3428567305.7184153,23,23
2000-04-04,244026485,6057216850.028172,23,23
2000-04-05,158634035,4123946969.4269104,23,23
2000-04-06,126024801,2902886808.326352,23,23
2000-04-07,114961175,2472337565.210123,23,23
2000-04-10,119922930,2940908739.984008,23,23
2000-04-11,153148868,5494627710.984732,23,23
2000-04-12,166126638,4471768484.130796,23,23
2000-04-13,138192625,3956345404.866934,23,23
2000-04-14,169080008,4306453305.487322,23,23
2000-04-17,164355929,4213186928.669565,23,23
2000-04-18,156144865,3738524130.4076486,23,23
2000-04-19,137206136,3420890036.6798453,23,23
2000-04-20,114794229,3046459902.706831,23,23
2000-04-24,133424940,3372882232.0295796,23,23
2000-04-25,155687541,3731216973.1194353,23,23
2000-04-26,143215042,3455318680.8562727,23,23
2000-04-27,126181326,2988114261.2232103,23,23
2000-04-28,115167106,2695741372.5442896,23,23
2000-05-01,114180510,2523493513.8921123,23,23
2000-05-02,104955760,2325399795.013803,23,23
2000-05-03,106510746,2447095486.612701,23,23
2000-05-04,92497602,2218343539.192115,23,23
2000-05-05,83628765,2243419124.347124,23,23
2000-05-08,86377707,2026863742.259709,23,23
2000-05-09,103698010,2398645789.516655,23,23
2000-05-10,150865243,4275240266.2377205,23,23
2000-05-11,123294861,3101887340.4788365,23,23
2000-05-12,94320568,2325436214.5040836,23,23
2000-05-15,118080198,2436203492.7129526,23,23
2000-05-16,136163407,3073087153.5502505,23,23
2000-05-17,112490290,2394408123.382802,23,23
2000-05-18,91388537,2077971254.100884,23,23
2000-05-19,109435947,2532232364.7250323,23,23
2000-05-22,110012806,2631731408.1167746,23,23
2000-05-23,99291565,2324001654.19208,23,23
2000-05-24,137983746,3140374338.1860094,23,23
2000-05-25,104401471,2388239486.9449735,23,23
2000-05-26,82454349,1816220967.3577147,23,23
2000-05-30,86816654,2181194906.634557,23,23
2000-05-31,97056508,2741934081.721422,23,23
2000-06-01,116298426,2894019905.602193,23,23
2000-06-02,148478104,3506312299.1229186,23,23
2000-06-05,105227708,2663426237.014744,23,23
2000-06-06,99343099,2353142070.3640504,23,23
2000-06-07,106885203,2716026674.7823358,23,23
2000-06-08,148570540,3402515678.5239506,23,23
2000-06-09,100849002,2548421213.510353,23,23
2000-06-12,89606234,2093583765.5564566,23,23
2000-06-13,118613331,2670426757.088406,23,23
2000-06-14,114191987,2877092841.404559,23,23
2000-06-15,132722602,3008805362.195948,23,23
2000-06-16,158200912,3499237531.881545,23,23
2000-06-19,116785812,2665152288.539925,23,23
2000-06-20,129905936,2858971997.991725,23,23
2000-06-21,113771215,2635612786.7767477,23,23
2000-06-22,130605468,2655177820.120764,23,23
2000-06-23,119194712,2442130347.7858763,23,23
2000-06-26,126898794,2801693774.1408257,23,23
2000-06-27,133359811,2893642516.0835533,23,23
2000-06-28,131289578,2919066118.612171,23,23
2000-06-29,128722932,2961450952.04263,23,23
2000-06-30,190777190,4105680803.3929143,23,23
2000-07-03,60812679,1336329945.2733388,23,23
2000-07-05,120610889,3033530887.554887,23,23
2000-07-06,116840905,2833994206.192423,23,23
2000-07-07,114292812,2780404140.93912,23,23
2000-07-10,98694412,2246518359.6308746,23,23
2000-07-11,123327694,2826744106.9631605,23,23
2000-07-12,114219180,2760039178.14686,23,23
2000-07-13,124930915,3988781837.327821,23,23
2000-07-14,123185155,2812473663.10767,23,23
2000-07-17,115179485,2777711809.897108,23,23
2000-07-18,115270729,2663697235.2370896,23,23
2000-07-19,122761088,2773155128.03491,23,23
2000-07-20,122134979,3633924734.5853767,23,23
2000-07-21,126924747,3041561154.3072367,23,23
2000-07-24,104906269,2552106288.354091,23,23
2000-07-25,117296825,2674469618.6261864,23,23
2000-07-26,144871910,3156798538.0813007,23,23
2000-07-27,113290975,2772931335.6437483,23,23
2000-07-28,111711459,2539550231.572094,23,23
2000-07-31,115904125,2659349954.879341,23,23
2000-08-01,109004502,2542292842.9205046,23,23
2000-08-02,119640291,3000900039.239894,23,23
2000-08-03,99341786,2665527197.7289114,23,23
2000-08-04,90594705,2301369098.0510693,23,23
2000-08-07,90691750,2017448052.9300404,23,23
2000-08-08,101421493,2252759540.43822,23,23
2000-08-09,103159295,2796579027.548896,23,23
2000-08-10,89135905,2293738722.485829,23,23
2000-08-11,112661620,2280167471.4302244,23,23
2000-08-14,85340341,1814496797.748787,23,23
2000-08-15,94763896,2121266299.442707,23,23
2000-08-16,110646523,2350839634.8358965,23,23
2000-08-17,135295886,2600089870.0681224,23,23
2000-08-18,108076864,2308020293.3473763,23,23
2000-08-21,78455042,1691367667.4589634,23,23
2000-08-22,88330185,2029485928.2734962,23,23
2000-08-23,110377323,2435728945.5280976,23,23
2000-08-24,104511127,2778509514.366541,23,23
2000-08-25,91947683,2392670275.331973,23,23
2000-08-28,87520584,2436286960.482528,23,23
2000-08-29,84089765,2298126013.6564665,23,23
2000-08-30,87223102,2119528367.5321074,23,23
2000-08-31,108020277,2601396813.3455486,23,23
2000-09-01,89452689,2193987702.3748293,23,23
2000-09-05,97058223,2285662751.183692,23,23
2000-09-06,111615193,2934570434.931628,23,23
2000-09-07,103020331,2595999980.6410275,23,23
2000-09-08,100027106,2561399619.9227095,23,23
2000-09-11,109540795,2665638917.1412315,23,23
2000-09-12,118021785,2660336897.6690826,23,23
2000-09-13,114956516,2459417689.6614027,23,23
2000-09-14,111822929,2474756718.9557514,23,23
2000-09-15,164660014,3674792033.3481407,23,23
2000-09-18,119567518,2551014003.4545727,23,23
2000-09-19,115305898,2460596797.5502515,23,23
2000-09-20,140038256,2997350131.248189,23,23
2000-09-21,122980599,2595690388.221648,23,23
2000-09-22,152183048,3533579719.709909,23,23
2000-09-25,109729755,2557908970.149661,23,23
2000-09-26,141763595,3377313358.356206,23,23
2000-09-27,145802614,3459168964.9053764,23,23
2000-09-28,157609019,3421656937.273177,23,23
2000-09-29,148280083,3230404684.0108438,23,23
2000-10-02,126890701,3041214777.541893,23,23
2000-10-03,126698421,3018035813.719864,23,23
2000-10-04,138992623,3301536723.7029276,23,23
2000-10-05,143608637,3033459080.648393,23,23
2000-10-06,124137631,2840560204.521344,23,23
2000-10-09,79891306,2060882383.8428922,23,23
2000-10-10,113650384,2709520443.5337086,23,23
2000-10-11,163949379,4274471229.0274477,23,23
2000-10-12,168716219,3995459536.471932,23,23
2000-10-13,153240316,3599639944.7133627,23,23
2000-10-16,123213392,2936595041.764732,23,23
2000-10-17,130058491,3154824163.784885,23,23
2000-10-18,176850229,4484777839.627696,23,23
2000-10-19,158975923,3883272972.2881804,23,23
2000-10-20,167113727,4018850476.702155,23,23
2000-10-23,185332227,5828071334.279362,23,23
2000-10-24,158360996,4462904489.566739,23,23
2000-10-25,155195937,4153245035.188046,23,23
2000-10-26,137755912,3273071648.9032736,23,23
2000-10-27,129049492,2858287246.7324734,23,23
2000-10-30,138452422,3289671984.808872,23,23
2000-10-31,153510020,3778222134.5302477,23,23
2000-11-01,136357786,3324323118.70898,23,23
2000-11-02,124618216,3092434117.0597715,23,23
2000-11-03,112190377,2624201493.982222,23,23
2000-11-06,111198504,2501089607.4422407,23,23
2000-11-07,89020633,2146263547.660303,23,23
2000-11-08,108478281,2558662510.910362,23,23
2000-11-09,160428552,3551989211.6009917,23,23
2000-11-10,130987049,2851184483.9439425,23,23
2000-11-13,209383015,3875820206.040534,23,23
2000-11-14,137470680,2921109663.3891363,23,23
2000-11-15,109585303,2423783210.662711,23,23
2000-11-16,101168207,2157129477.481309,23,23
2000-11-17,123189285,2753538989.823321,23,23
2000-11-20,114066181,2620317322.972888,23,23
2000-11-21,120631647,2802110406.285908,23,23
2000-11-22,126223508,2895025525.8242617,23,23
2000-11-24,48583522,1111014330.9621396,23,23
2000-11-27,96693998,2297217956.985178,23,23
2000-11-28,105107794,2556549014.744617,23,23
2000-11-29,123398701,2940749729.4369516,23,23
2000-11-30,174777316,3871980379.251895,23,23
2000-12-01,128118187,3215477547.964878,23,23
2000-12-04,120682509,2833024310.863834,23,23
2000-12-05,169960749,4262663406.857278,23,23
2000-12-06,160618932,3671081794.1541615,23,23
2000-12-07,121495873,2936867078.7949677,23,23
2000-12-08,123240716,3024057360.999692,23,23
2000-12-11,119489728,2908664376.4396467,23,23
2000-12-12,133655216,3219379061.3439198,23,23
2000-12-13,120861865,2783653710.5520687,23,23
2000-12-14,120864069,2702459305.6342745,23,23
2000-12-15,222449836,5056331678.456739,23,23
2000-12-18,117400869,2696934624.811513,23,23
2000-12-19,137063821,2945054333.514314,23,23
2000-12-20,169034869,3713678136.232539,23,23
2000-12-21,158495766,3518537287.3493557,23,23
2000-12-22,113591186,2607188204.1502037,23,23
2000-12-26,83123320,1884926449.8481264,23,23
2000-12-27,116467431,2689929806.102023,23,23
2000-12-28,94957921,2407053669.288452,23,23
2000-12-29,90637677,2124024454.3585777,23,23
2001-01-02,139782024,3493573114.582156,23,23
2001-01-03,215210835,5169836864.969171,23,23
2001-01-04,223419972,5041379965.886276,23,23
2001-01-05,163660371,3645523268.7887096,23,23
2001-01-08,118990603,2695589511.4490747,23,23
2001-01-09,127238917,2912224169.718997,23,23
2001-01-10,148495217,3292733363.1981354,23,23
2001-01-11,161995155,3515827392.2662735,23,23
2001-01-12,156216822,2969331155.8123145,23,23
2001-01-16,133176930,2809041808.464547,23,23
2001-01-17,157442600,3756780177.9579964,23,23
2001-01-18,162624990,4291921176.9909687,23,23
2001-01-19,155483915,3847968454.49461,23,23
2001-01-22,119121188,2949404013.581703,23,23
2001-01-23,129491082,3221868580.186901,23,23
2001-01-24,117054449,2825993604.890274,23,23
2001-01-25,132827914,2945390190.014145,23,23
2001-01-26,112263894,2938293243.0878944,23,23
2001-01-29,102062240,2468443487.31444,23,23
2001-01-30,112461263,2758746476.7319975,23,23
2001-01-31,127753238,3107423388.8456364,23,23
2001-02-01,101396529,2480452153.3656454,23,23
2001-02-02,92101251,2231279632.6564484,23,23
2001-02-05,99929704,2480945380.3792048,23,23
2001-02-06,105924822,2593215197.95135,23,23
2001-02-07,116873281,2781738927.2358856,23,23
2001-02-08,104590617,2680377280.0116854,23,23
2001-02-09,102236119,2386440871.8866854,23,23
2001-02-12,102583880,2504851241.441599,23,23
2001-02-13,110712436,2660883302.2218885,23,23
2001-02-14,111671679,2479044424.0545273,23,23
2001-02-15,135041669,3248452379.820225,23,23
2001-02-16,130398776,2837634693.9308167,23,23
2001-02-20,123280472,2709871565.9391003,23,23
2001-02-21,124819880,2805211400.066164,23,23
2001-02-22,138722318,3253879333.1914825,23,23
2001-02-23,132002500,3391428716.4625964,23,23
2001-02-26,119742315,2852353284.537206,23,23
2001-02-27,127283193,3032694348.690241,23,23
2001-02-28,139148509,3345159303.8471084,23,23
2001-03-01,150355108,3631733744.256682,23,23
2001-03-02,132636578,3270569104.041815,23,23
2001-03-05,106940405,2386009504.0120707,23,23
2001-03-06,119076308,2674488440.6510763,23,23
2001-03-07,121720640,2652768396.1921253,23,23
2001-03-08,124343480,2847230649.2150383,23,23
2001-03-09,129280161,3205561655.8740497,23,23
2001-03-12,145067470,3798447823.5136747,23,23
2001-03-13,153536590,3990864102.137804,23,23
2001-03-14,154140375,3765540312.89353,23,23
2001-03-15,127655068,2937813458.3068957,23,23
2001-03-16,217590339,5021182311.964554,23,23
2001-03-19,116568615,2699753792.5324726,23,23
2001-03-20,130516324,2727649873.9006004,23,23
2001-03-21,157070575,3282371117.249218,23,23
2001-03-22,211976756,4756101481.124676,23,23
2001-03-23,179915307,4098344968.5242677,23,23
2001-03-26,143696295,3271180119.8247766,23,23
2001-03-27,210353561,4817885214.034213,23,23
2001-03-28,167108703,3685521891.338739,23,23
2001-03-29,137912661,3093400737.0456524,23,23
2001-03-30,126121428,3010652151.1688976,23,23
2001-04-02,127157846,2803075497.418096,23,23
2001-04-03,154250309,3260805470.9297886,23,23
2001-04-04,145603837,3258279286.0511656,23,23
2001-04-05,175854816,3456683611.6304474,23,23
2001-04-06,164510783,3687270001.1907077,23,23
2001-04-09,123663120,2747146809.9423943,23,23
2001-04-10,172461916,3895740431.249155,23,23
2001-04-11,150428428,3359950623.7929068,23,23
2001-04-12,110942487,2580134719.308031,23,23
2001-04-16,102768780,2352687629.9343367,23,23
2001-04-17,139514635,3034752578.5479074,23,23
2001-04-18,204854000,5023933735.173319,23,23
2001-04-19,161820546,4253534723.298586,23,23
2001-04-20,150606241,3880685897.5576086,23,23
2001-04-23,115981728,2785698553.7556915,23,23
2001-04-24,127619936,2954039215.1525283,23,23
2001-04-25,127466366,2854164858.7965918,23,23
2001-04-26,137751563,3104561368.8768272,23,23
2001-04-27,107336419,2526569001.725372,23,23
2001-04-30,119820284,2789083561.868948,23,23
2001-05-01,134309104,2935005017.476635,23,23
2001-05-02,147341382,3362545587.1801167,23,23
2001-05-03,126746401,2816486434.0539284,23,23
2001-05-04,114566054,2683142345.0365086,23,23
2001-05-07,94694106,2219151623.388666,23,23
2001-05-08,98602942,2379692005.9024844,23,23
2001-05-09,118834168,2935637539.4627886,23,23
2001-05-10,98390969,2401955806.0168886,23,23
2001-05-11,94022491,2206110352.537859,23,23
2001-05-14,84032434,1821831813.867381,23,23
2001-05-15,107777787,2567697564.5922356,23,23
2001-05-16,150934103,3709850418.437851,23,23
2001-05-17,183910009,3745149626.6487885,23,23
2001-05-18,125279223,3007663795.7075396,23,23
2001-05-21,131001359,3106447926.186677,23,23
2001-05-22,118805609,2737916354.4861383,23,23
2001-05-23,119736927,2856084479.0666733,23,23
2001-05-24,109980513,2772132957.3824563,23,23
2001-05-25,82440965,2129384185.8355312,23,23
2001-05-29,105550067,2454296793.7789383,23,23
2001-05-30,113593071,2793035332.916083,23,23
2001-05-31,99590023,2376961244.849551,23,23
2001-06-01,88258832,2163830267.6901674,23,23
2001-06-04,81702985,1966963268.0008602,23,23
2001-06-05,108498122,2582282844.862681,23,23
2001-06-06,126169487,2940767962.4466276,23,23
2001-06-07,120620276,2406085154.0289893,23,23
2001-06-08,80842837,1978855802.2499752,23,23
2001-06-11,95004270,2353260502.608099,23,23
2001-06-12,133930619,3761572899.7860413,23,23
2001-06-13,127846488,3248088272.058138,23,23
2001-06-14,218623084,5518000207.232391,23,23
2001-06-15,213230973,5231101413.836309,23,23
2001-06-18,118175702,2723296045.9357805,23,23
2001-06-19,129161358,3027766331.185294,23,23
2001-06-20,143876576,3652416621.6179442,23,23
2001-06-21,155093257,3889889088.5401773,23,23
2001-06-22,133974178,3395118376.9219503,23,23
2001-06-25,132723733,3241275948.4540973,23,23
2001-06-26,151079812,3593568635.644634,23,23
2001-06-27,137311421,3201873586.854599,23,23
2001-06-28,157065505,3606316208.9726877,23,23
2001-06-29,224423033,5488134598.121975,23,23
2001-07-02,137490256,3265404390.1403456,23,23
2001-07-03,78260211,1906622203.955688,23,23
2001-07-05,113112812,2508614770.626381,23,23
2001-07-06,114758547,2910374269.671608,23,23
2001-07-09,110327768,2700793948.8455057,23,23
2001-07-10,132880148,2949449678.542077,23,23
2001-07-11,135224525,3371013354.527035,23,23
2001-07-12,132756342,3437695822.151163,23,23
2001-07-13,107461376,2589698367.0977707,23,23
2001-07-16,103649193,2213543550.4848332,23,23
2001-07-17,132049826,3084202113.2046013,23,23
2001-07-18,144999699,3427554674.6377025,23,23
2001-07-19,128747756,3207409274.2706423,23,23
2001-07-20,114252341,2576031745.856203,23,23
2001-07-23,102595301,2233987130.959801,23,23
2001-07-24,120650715,2872232342.324168,23,23
2001-07-25,124434213,2810284257.488598,23,23
2001-07-26,151081868,3137444088.61477,23,23
2001-07-27,90526917,2045073560.1549835,23,23
2001-07-30,87076378,1989527033.93355,23,23
2001-07-31,124164649,2862697988.387836,23,23
2001-08-01,102904618,2494222659.6383133,23,23
2001-08-02,103235149,2472715689.879032,23,23
2001-08-03,91109291,1968177191.425665,23,23
2001-08-06,82637308,1989343568.0385628,23,23
2001-08-07,97126173,2304227214.3086624,23,23
2001-08-08,101343813,2185554863.7140827,23,23
2001-08-09,92745881,2144235216.1269474,23,23
2001-08-10,97562958,2190257219.8144593,23,23
2001-08-13,79063364,1949161550.4334307,23,23
2001-08-14,91505138,2098390213.2847996,23,23
2001-08-15,114981248,2462529714.053683,23,23
2001-08-16,119575954,2624514934.7922525,23,23
2001-08-17,115886815,2528057108.33861,23,23
2001-08-20,104536351,2270944032.3058524,23,23
2001-08-21,105083901,2265103214.528724,23,23
2001-08-22,113734520,2613778715.128683,23,23
2001-08-23,94104642,2055782066.051074,23,23
2001-08-24,94105181,2204046995.681156,23,23
2001-08-27,70841525,1683440771.2778435,23,23
2001-08-28,76724628,1872156169.2146597,23,23
2001-08-29,80848564,1850111335.7050223,23,23
2001-08-30,122305644,2978114339.4640007,23,23
2001-08-31,89860940,2076968383.0698156,23,23
2001-09-04,205323457,3454901187.5640974,23,23
2001-09-05,201325214,3373634205.03479,23,23
2001-09-06,159281057,3134301087.53951,23,23
2001-09-07,167932792,3324757325.9547486,23,23
2001-09-10,151890411,3107483168.5974317,23,23
2001-09-17,305636035,6340609072.455068,23,23
2001-09-18,217169884,4408692275.67648,23,23
2001-09-19,257374057,5013093276.978212,23,23
2001-09-20,259413177,4731552693.3170185,23,23
2001-09-21,331346861,6432150355.802073,23,23
2001-09-24,229941937,4835689063.525456,23,23
2001-09-25,198501571,4021073026.710465,23,23
2001-09-26,179562994,3337091599.0601835,23,23
2001-09-27,161837432,3146666491.77804,23,23
2001-09-28,171922814,3509287664.6566896,23,23
2001-10-01,142943979,2833920239.1107464,23,23
2001-10-02,150045708,2785143567.6428347,23,23
2001-10-03,172321802,3453984156.23901,23,23
2001-10-04,161655688,3170769859.772028,23,23
2001-10-05,136256773,2765897285.9037423,23,23
2001-10-08,110104977,2306973199.005735,23,23
2001-10-09,115054421,2249571593.8570495,23,23
2001-10-10,135107260,2790385491.785886,23,23
2001-10-11,163487100,3466949664.8355217,23,23
2001-10-12,159912201,3064475740.938615,23,23
2001-10-15,102384311,2200627518.805039,23,23
2001-10-16,123715154,2821363446.439552,23,23
2001-10-17,148959127,3544686769.522393,23,23
2001-10-18,145420264,2930191500.341329,23,23
2001-10-19,139709498,2901738017.520796,23,23
2001-10-22,116940991,2520304605.165872,23,23
2001-10-23,116800683,2311115047.2283964,23,23
2001-10-24,118154504,2458801389.341616,23,23
2001-10-25,131368975,2853303139.5937996,23,23
2001-10-26,121597743,2792074264.441824,23,23
2001-10-29,107471293,2256832147.5773983,23,23
2001-10-30,133401823,2632846159.960973,23,23
2001-10-31,116826825,2348180376.209871,23,23
2001-11-01,116735753,2513935298.8894615,23,23
2001-11-02,107033836,2104300577.3221674,23,23
2001-11-05,112952331,2293632970.736921,23,23
2001-11-06,186346295,2973728435.3081074,23,23
2001-11-07,152467770,2765968766.3911114,23,23
2001-11-08,137847056,2726911059.9762216,23,23
2001-11-09,112571525,2242952376.296962,23,23
2001-11-12,119005839,2388797677.654397,23,23
2001-11-13,134393724,2815523722.1140666,23,23
2001-11-14,184681781,3160746673.99053,23,23
2001-11-15,158348534,3057697101.323207,23,23
2001-11-16,142357665,2864479889.617618,23,23
2001-11-19,125459591,2559890933.3333325,23,23
2001-11-20,123521486,2557120652.2648306,23,23
2001-11-21,85233620,1805879210.4638195,23,23
2001-11-23,40981495,827467234.3802819,23,23
2001-11-26,102363055,2095289714.7106867,23,23
2001-11-27,127348045,2485828218.6944957,23,23
2001-11-28,111522618,2442256080.6321726,23,23
2001-11-29,117848837,2513604037.5843806,23,23
2001-11-30,122126603,2640787525.0901775,23,23
2001-12-03,120368270,2699971032.3245764,23,23
2001-12-04,116720457,2701767797.828865,23,23
2001-12-05,168661487,4030315619.379671,23,23
2001-12-06,139763449,3243125119.1300793,23,23
2001-12-07,125362636,2595713569.441707,23,23
2001-12-10,140625667,2658578659.822212,23,23
2001-12-11,224308060,3707244160.968101,23,23
2001-12-12,196950411,3833323719.910653,23,23
2001-12-13,156881240,3248185860.403491,23,23
2001-12-14,132110673,2755434498.739093,23,23
2001-12-17,125609730,2740865601.5801835,23,23
2001-12-18,147534056,3034327274.1322865,23,23
2001-12-19,158239969,3395624643.9012666,23,23
2001-12-20,132150644,2699666390.0963283,23,23
2001-12-21,202051933,4179313431.752588,23,23
2001-12-24,53776611,977458423.9988222,23,23
2001-12-26,80616351,1747295154.1337714,23,23
2001-12-27,91639939,1881813675.78225,23,23
2001-12-28,88469027,1817152812.9649634,23,23
2001-12-31,93689457,1947407746.2514997,23,23
2002-01-02,125739758,2677490935.9659233,23,23
2002-01-03,133492592,2825104864.023325,23,23
2002-01-04,126650719,2774009104.9350863,23,23
2002-01-07,136309239,2899968248.0347414,23,23
2002-01-08,119185941,2509392955.729145,23,23
2002-01-09,139252223,2799963056.42836,23,23
2002-01-10,113486705,2561185817.9052815,23,23
2002-01-11,112607123,2247144793.921833,23,23
2002-01-14,129761926,2831785564.024885,23,23
2002-01-15,135146844,2808929726.998995,23,23
2002-01-16,152887982,3113128939.4440174,23,23
2002-01-17,140223719,3115378433.3204455,23,23
2002-01-18,137296287,3328191775.5310116,23,23
2002-01-22,112813670,2562581310.426053,23,23
2002-01-23,142333193,3243128197.0178246,23,23
2002-01-24,142518503,2977603014.2202,23,23
2002-01-25,109949452,2350355261.8956532,23,23
2002-01-28,100067823,2108488393.0624075,23,23
2002-01-29,155542871,3554047533.7577124,23,23
2002-01-30,181770354,4659757704.143886,23,23
2002-01-31,159036408,3466117327.7447557,23,23
2002-02-01,141742685,2896184408.954144,23,23
2002-02-04,133521984,2956582626.28227,23,23
2002-02-05,139835414,3296485313.5069017,23,23
2002-02-06,139609833,2904610248.274064,23,23
2002-02-07,116268724,2518603820.1046767,23,23
2002-02-08,131736710,2839829679.038863,23,23
2002-02-11,105134189,2267050050.381378,23,23
2002-02-12,107195891,2234658874.3165917,23,23
2002-02-13,109749336,2355596295.0735664,23,23
2002-02-14,115659226,2377246019.5989532,23,23
2002-02-15,142379624,3293083676.8916974,23,23
2002-02-19,115917749,2639430239.564739,23,23
2002-02-20,134501677,3151477962.16463,23,23
2002-02-21,131586157,3011478539.3981457,23,23
2002-02-22,137706474,3055770788.0261617,23,23
2002-02-25,144556810,3239609788.163326,23,23
2002-02-26,137305511,2936220783.198564,23,23
2002-02-27,131841593,3101807899.5278,23,23
2002-02-28,135781442,2946319235.8268337,23,23
2002-03-01,133011100,3061716024.5612135,23,23
2002-03-04,150968868,3573252443.6328526,23,23
2002-03-05,151154290,3158127112.960061,23,23
2002-03-06,148165806,3124334227.2037625,23,23
2002-03-07,164173524,3503921556.6269264,23,23
2002-03-08,163563079,3533749844.3747473,23,23
2002-03-11,125359853,2805687614.5636783,23,23
2002-03-12,135650627,2971645260.234555,23,23
2002-03-13,140333616,2813205192.861871,23,23
2002-03-14,121619896,2431359414.9352937,23,23
2002-03-15,212311180,4716287907.210447,23,23
2002-03-18,141758225,2747944994.65082,23,23
2002-03-19,179956673,2954364374.315252,23,23
2002-03-20,144864818,2766221902.5649014,23,23
2002-03-21,134608769,3120586543.266273,23,23
2002-03-22,143189824,2815465304.301207,23,23
2002-03-25,129766744,2587416358.1241465,23,23
2002-03-26,129241039,2659130939.902852,23,23
2002-03-27,125229929,2588577095.499851,23,23
2002-03-28,134266733,2469605830.379664,23,23
2002-04-01,113361753,2443360518.2688055,23,23
2002-04-02,112803058,2433371709.215444,23,23
2002-04-03,129730644,2729762993.026076,23,23
2002-04-04,138705701,2830899980.7574854,23,23
2002-04-05,132974873,2921803993.4407115,23,23
2002-04-08,162155707,4015126224.166835,23,23
2002-04-09,157042674,3098164055.512309,23,23
2002-04-10,154530338,3270131670.9434357,23,23
2002-04-11,178183347,4626813246.922363,23,23
2002-04-12,140843912,3507359149.3494043,23,23
2002-04-15,121479084,3233186851.1355424,23,23
2002-04-16,135645697,3277612414.475966,23,23
2002-04-17,143770506,3502622833.027958,23,23
2002-04-18,171565780,3892851394.924588,23,23
2002-04-19,136065134,2940275704.581662,23,23
2002-04-22,117769321,2529137164.6678305,23,23
2002-04-23,146334497,2726485925.399728,23,23
2002-04-24,134919155,2611265189.869421,23,23
2002-04-25,146534478,2795988499.837638,23,23
2002-04-26,123771282,2515797368.788166,23,23
2002-04-29,115194235,2454449781.444207,23,23
2002-04-30,153681976,3317312848.3351765,23,23
2002-05-01,169362364,3245358318.81499,23,23
2002-05-02,137816613,2513847709.629026,23,23
2002-05-03,137702166,2463399442.817871,23,23
2002-05-06,139910647,2634189045.412039,23,23
2002-05-07,181020636,3282718774.8630533,23,23
2002-05-08,178275321,3542598419.9682264,23,23
2002-05-09,135744895,2638562433.674741,23,23
2002-05-10,132173411,2473024408.2299843,23,23
2002-05-13,130332622,2286496952.8832397,23,23
2002-05-14,165240391,3116046458.016322,23,23
2002-05-15,168767583,2980365053.6059756,23,23
2002-05-16,128344735,2418683632.0513835,23,23
2002-05-17,125825800,2540531373.299194,23,23
2002-05-20,104685535,2051027797.1237974,23,23
2002-05-21,107447687,2140415757.8724627,23,23
2002-05-22,101883556,2096517044.4895172,23,23
2002-05-23,121329375,2485861878.7105875,23,23
2002-05-24,91274198,1765182697.6403599,23,23
2002-05-28,94931801,1847665239.704773,23,23
2002-05-29,117014773,2274487186.3442545,23,23
2002-05-30,133213913,2544182807.486175,23,23
2002-05-31,130479503,2471122909.9138613,23,23
2002-06-03,120837060,2468315182.266095,23,23
2002-06-04,144506549,2860460873.0711946,23,23
2002-06-05,124700715,2422170589.3147025,23,23
2002-06-06,124145263,2332133993.690995,23,23
2002-06-07,142394454,2868416092.0391564,23,23
2002-06-10,97281358,2018253719.9980059,23,23
2002-06-11,126223647,2518548741.418457,23,23
2002-06-12,172644597,3529648021.0822654,23,23
2002-06-13,133483957,2533444799.360606,23,23
2002-06-14,136056117,2843234835.773119,23,23
2002-06-17,116926490,2419641527.907041,23,23
2002-06-18,107524097,2283786824.916214,23,23
2002-06-19,131069215,2610451602.6610937,23,23
2002-06-20,137106644,2796131638.204842,23,23
2002-06-21,230982837,4576296996.718914,23,23
2002-06-24,199117776,3695182858.4837556,23,23
2002-06-25,190371888,3255132107.7115955,23,23
2002-06-26,220202364,3839125266.8889256,23,23
2002-06-27,185805866,3272693894.1879864,23,23
2002-06-28,206518503,3753626186.932232,23,23
2002-07-01,156621328,2937252907.954442,23,23
2002-07-02,169605580,3170747042.3823266,23,23
2002-07-03,150409020,2864708475.3224444,23,23
2002-07-05,80602834,1578536053.199966,23,23
2002-07-08,148013746,2689181371.144738,23,23
2002-07-09,149338866,2834012126.4611926,23,23
2002-07-10,187878638,3621758010.731967,23,23
2002-07-11,225173283,4476190814.540424,23,23
2002-07-12,169776418,3471184217.942597,23,23
2002-07-15,227331047,4201206065.517689,23,23
2002-07-16,201675905,3660518668.625306,23,23
2002-07-17,203584265,3858052477.7305913,23,23
2002-07-18,176289188,3257241931.8417773,23,23
2002-07-19,268862549,4746942199.74458,23,23
2002-07-22,276723970,4712022498.875439,23,23
2002-07-23,273089674,4406116602.406102,23,23
2002-07-24,308719179,5294486815.396704,23,23
2002-07-25,233334530,4020401610.5886645,23,23
2002-07-26,183669200,3338597899.2472105,23,23
2002-07-29,189769820,3839869902.9781833,23,23
2002-07-30,190619938,3703785195.9092817,23,23
2002-07-31,204913230,4036815971.1490726,23,23
2002-08-01,175981030,3133625702.816786,23,23
2002-08-02,185703346,3322234971.459276,23,23
2002-08-05,165533818,2723470305.681259,23,23
2002-08-06,156520175,2960737693.272498,23,23
2002-08-07,152047373,2769959526.160095,23,23
2002-08-08,160527629,3094977804.7858725,23,23
2002-08-09,130164264,2601902594.365218,23,23
2002-08-12,105318479,2024137540.9835818,23,23
2002-08-13,143572983,2725201824.0581584,23,23
2002-08-14,171885450,3473227318.4561844,23,23
2002-08-15,166857584,3197792282.9468374,23,23
2002-08-16,145750832,2896610522.0551066,23,23
2002-08-19,136560193,2720902626.183525,23,23
2002-08-20,119906486,2339832809.7928257,23,23
2002-08-21,123161385,2387201119.666834,23,23
2002-08-22,115084508,2170354051.961741,23,23
2002-08-23,109000924,1901980175.2474854,23,23
2002-08-26,106404117,2022284869.3954124,23,23
2002-08-27,124838248,2316616960.1484756,23,23
2002-08-28,122525723,2066766181.051613,23,23
2002-08-29,142493520,2343855689.19401,23,23
2002-08-30,116427045,1960297647.798774,23,23
2002-09-03,149184685,2634516775.0833044,23,23
2002-09-04,146904714,2515335060.5039725,23,23
2002-09-05,126095403,2349964270.3708467,23,23
2002-09-06,125676486,1955646225.2423754,23,23
2002-09-09,113601129,1970127256.1078224,23,23
2002-09-10,112290213,1961600766.5436978,23,23
2002-09-11,90694436,1613150889.2921426,23,23
2002-09-12,123148534,2182113093.7719903,23,23
2002-09-13,157383100,2772344866.696367,23,23
2002-09-16,126576814,2096896237.4294205,23,23
2002-09-17,162467462,2697290098.6967273,23,23
2002-09-18,149291505,2620755662.133296,23,23
2002-09-19,158844933,2796683738.8908296,23,23
2002-09-20,240901820,3901750968.3718863,23,23
2002-09-23,134131820,2167339534.957212,23,23
2002-09-24,187085193,3084768007.242778,23,23
2002-09-25,180074004,2968218085.404669,23,23
2002-09-26,185724924,3382326993.50495,23,23
2002-09-27,177866562,2954666185.160987,23,23
2002-09-30,190269306,3375529719.161105,23,23
2002-10-01,180923021,3219592123.6083107,23,23
2002-10-02,168831082,2967259733.975135,23,23
2002-10-03,164587119,2868037832.1531863,23,23
2002-10-04,199624783,3072004149.5559087,23,23
2002-10-07,176288886,2811749471.4867344,23,23
2002-10-08,219303773,3556999604.997774,23,23
2002-10-09,248621571,3695832615.7649546,23,23
2002-10-10,246977730,3769591131.595458,23,23
2002-10-11,204065048,3607456604.357211,23,23
2002-10-14,140846134,2340763803.661675,23,23
2002-10-15,229110837,4075812378.1491165,23,23
2002-10-16,215711838,3673244098.7990723,23,23
2002-10-17,210301312,3739076864.110223,23,23
2002-10-18,167215299,2894837604.4360695,23,23
2002-10-21,159401978,2927541800.8086157,23,23
2002-10-22,159412781,2868246550.152458,23,23
2002-10-23,156660881,2987776963.8372793,23,23
2002-10-24,151271480,2765926187.422528,23,23
2002-10-25,127540543,2280891817.2251744,23,23
2002-10-28,177712012,2841441987.148033,23,23
2002-10-29,163993485,2880765737.25615,23,23
2002-10-30,147608570,2720884202.413846,23,23
2002-10-31,195144386,3035656749.9034395,23,23
2002-11-01,150142182,2538636472.272977,23,23
2002-11-04,186644146,3087178695.608298,23,23
2002-11-05,160088155,2607278902.480774,23,23
2002-11-06,190196690,3382376455.6453886,23,23
2002-11-07,148959761,2531415726.2195096,23,23
2002-11-08,155511210,2570991463.8349504,23,23
2002-11-11,178214660,2271446196.354122,23,23
2002-11-12,201774005,2683201477.395789,23,23
2002-11-13,190421109,2927494657.5395164,23,23
2002-11-14,175072187,2795792645.6534443,23,23
2002-11-15,168302882,2981214983.641252,23,23
2002-11-18,134034902,2339235893.1665516,23,23
2002-11-19,126992910,2335521390.180646,23,23
2002-11-20,160119031,2635144130.447027,23,23
2002-11-21,280797869,4404171452.326479,23,23
2002-11-22,178864374,2994656824.421035,23,23
2002-11-25,152713907,2646981321.2313643,23,23
2002-11-26,170113418,2848503140.1551213,23,23
2002-11-27,145108826,2558313634.0450125,23,23
2002-11-29,73388844,1274904058.0248818,23,23
2002-12-02,178943411,3197827426.324399,23,23
2002-12-03,169144163,3016943017.9227924,23,23
2002-12-04,188575321,3035144481.953152,23,23
2002-12-05,121169339,2207324873.9961324,23,23
2002-12-06,132342037,2257913128.87065,23,23
2002-12-09,126707613,2232084174.104863,23,23
2002-12-10,138605620,2337432711.7676234,23,23
2002-12-11,142350964,2303823693.800953,23,23
2002-12-12,131147456,2191069521.7530084,23,23
2002-12-13,134760444,2336623769.1364307,23,23
2002-12-16,136833492,2458730737.136941,23,23
2002-12-17,133204511,2139413709.2012572,23,23
2002-12-18,146218249,2275531931.6662083,23,23
2002-12-19,152222992,2460125712.811181,23,23
2002-12-20,236353821,3525348804.6127954,23,23
2002-12-23,120321887,1984546592.349916,23,23
2002-12-24,47290820,803126688.3518887,23,23
2002-12-26,77331049,1396933325.9303074,23,23
2002-12-27,86709475,1547223098.1202564,23,23
2002-12-30,120739580,2080161864.5350714,23,23
2002-12-31,112799535,1976483508.3270073,23,23
2003-01-02,142564710,2392149454.47733,23,23
2003-01-03,107431014,1866404210.1334572,23,23
2003-01-06,151663459,2359089463.030099,23,23
2003-01-07,163534419,2721544745.984846,23,23
2003-01-08,144921464,2470788448.7342215,23,23
2003-01-09,151784472,2616099478.907494,23,23
2003-01-10,148254583,2469087452.4183254,23,23
2003-01-13,147496370,2545121212.0002494,23,23
2003-01-14,123276086,2139215963.7666426,23,23
2003-01-15,121159536,2194877510.62524,23,23
2003-01-16,123097800,2375533856.789789,23,23
2003-01-17,144314684,2804842344.167177,23,23
2003-01-21,132973591,2470572883.207041,23,23
2003-01-22,184498107,3357997393.5446157,23,23
2003-01-23,143169656,2531542845.882665,23,23
2003-01-24,154500231,2550322727.595772,23,23
2003-01-27,168570346,2835356934.4171114,23,23
2003-01-28,152550015,2592701961.698094,23,23
2003-01-29,184206699,2803951438.0566196,23,23
2003-01-30,159062027,2496130931.226155,23,23
2003-01-31,219120530,3211112536.277115,23,23
2003-02-03,132906500,2175580400.7612524,23,23
2003-02-04,142280223,2297180100.88622,23,23
2003-02-05,132133394,2134336193.296813,23,23
2003-02-06,112198716,1964446601.8618503,23,23
2003-02-07,131264912,2064554432.5372438,23,23
2003-02-10,126470581,2122119911.8916645,23,23
2003-02-11,129719346,2139109436.8383293,23,23
2003-02-12,131434527,2147544697.2653065,23,23
2003-02-13,138928478,2439556266.080573,23,23
2003-02-14,139938086,2330251593.3217826,23,23
2003-02-18,120454086,2109732679.0898147,23,23
2003-02-19,104202334,1699689613.677691,23,23
2003-02-20,111954888,1956755838.774332,23,23
2003-02-21,132053093,2306783914.7534537,23,23
2003-02-24,125514199,2117629343.5631194,23,23
2003-02-25,149007963,2458383404.961201,23,23
2003-02-26,226844530,2442105451.061362,23,23
2003-02-27,183565338,2541248675.0114,23,23
2003-02-28,159537714,2430468451.3676634,23,23
2003-03-03,129463942,2044331099.0640907,23,23
2003-03-04,135329223,2088273983.8093815,23,23
2003-03-05,160211205,2426405072.1173205,23,23
2003-03-06,152498931,2325095178.5802803,23,23
2003-03-07,177746873,2830577901.1316214,23,23
2003-03-10,133535576,2019787867.2302418,23,23
2003-03-11,141237910,2283221635.6701617,23,23
2003-03-12,168530865,2857563337.5682497,23,23
2003-03-13,245237475,3375121741.1578207,23,23
2003-03-14,179933203,2857612229.043909,23,23
2003-03-17,200607008,3536643061.86212,23,23
2003-03-18,191126274,3000120096.797737,23,23
2003-03-19,173206948,2901981020.6169076,23,23
2003-03-20,159890376,2816337343.2643795,23,23
2003-03-21,210472347,3939343924.775712,23,23
2003-03-24,155811112,2719443256.9103622,23,23
2003-03-25,164432113,2675897708.863213,23,23
2003-03-26,153783230,2677336835.020172,23,23
2003-03-27,131474107,2247903524.650476,23,23
2003-03-28,115419532,1902388189.914548,23,23
2003-03-31,194791575,2841159619.8731084,23,23
2003-04-01,174196042,2512144953.97128,23,23
2003-04-02,172896350,2803120005.992807,23,23
2003-04-03,157286640,2574857782.728292,23,23
2003-04-04,156008300,2293826672.589679,23,23
2003-04-07,156459781,2689203175.910281,23,23
2003-04-08,153280174,2382212882.494598,23,23
2003-04-09,163977722,2633142361.352375,23,23
2003-04-10,122571133,2045992160.6718621,23,23
2003-04-11,139573000,2237864159.674949,23,23
2003-04-14,134462123,2088100002.003789,23,23
2003-04-15,160753364,2819546394.7276382,23,23
2003-04-16,203293837,3341882564.982373,23,23
2003-04-17,166387937,2660883794.869655,23,23
2003-04-21,115800852,2015161541.154622,23,23
2003-04-22,167174726,2938674097.46235,23,23
2003-04-23,161821229,2778871005.126119,23,23
2003-04-24,144152422,2502909832.4267054,23,23
2003-04-25,146874640,2415759367.5084214,23,23
2003-04-28,136495624,2352048132.333101,23,23
2003-04-29,143871397,2482869558.9503107,23,23
2003-04-30,175710212,3066718003.868597,23,23
2003-05-01,141552231,2431962331.513506,23,23
2003-05-02,155874334,2678950172.155703,23,23
2003-05-05,138486162,2366878670.061451,23,23
2003-05-06,156352265,2617566983.578125,23,23
2003-05-07,150416698,2556602730.2153344,23,23
2003-05-08,125212096,2136095921.7299652,23,23
2003-05-09,121589512,2114543624.8933587,23,23
2003-05-12,141557661,2432678160.0618644,23,23
2003-05-13,147469088,2547812424.945293,23,23
2003-05-14,165415234,2736880624.351031,23,23
2003-05-15,149220131,2477869189.8732204,23,23
2003-05-16,152285611,2572520287.1235943,23,23
2003-05-19,154294791,2649927190.991322,23,23
2003-05-20,170139319,2710202892.7916646,23,23
2003-05-21,245395908,2999305449.75012,23,23
2003-05-22,203563811,2653919931.8414283,23,23
2003-05-23,138980606,2011228606.5565634,23,23
2003-05-27,189109486,3015451870.434286,23,23
2003-05-28,183410787,2864394198.2709894,23,23
2003-05-29,165507504,2747562389.070839,23,23
2003-05-30,157530815,2748442144.3169374,23,23
2003-06-02,185549968,3045816539.565295,23,23
2003-06-03,160649933,3040279738.523512,23,23
2003-06-04,184190964,3078911641.9993796,23,23
2003-06-05,194168391,3539347816.1133814,23,23
2003-06-06,209554627,3901667771.824734,23,23
2003-06-09,137984148,2547352032.83199,23,23
2003-06-10,125908698,2318173055.4148684,23,23
2003-06-11,160070123,2845450799.8337307,23,23
2003-06-12,144058256,2582738287.046938,23,23
2003-06-13,120841467,2226712237.4907093,23,23
2003-06-16,137699646,2704390909.466524,23,23
2003-06-17,162051390,2977833894.33677,23,23
2003-06-18,160922392,3032945665.87201,23,23
2003-06-19,147171451,3040152776.240207,23,23
2003-06-20,201537513,3923675174.3459544,23,23
2003-06-23,132316998,2464114899.1233034,23,23
2003-06-24,143913680,2459538548.9528346,23,23
2003-06-25,150536994,2425731183.3848147,23,23
2003-06-26,122178895,2217016345.581843,23,23
2003-06-27,126351524,2290940548.622062,23,23
2003-06-30,170325974,2764560060.6641073,23,23
2003-07-01,146724405,2660857848.531765,23,23
2003-07-02,139319928,2553996733.028001,23,23
2003-07-03,76727957,1444904592.7255144,23,23
2003-07-07,156649429,2769162076.072876,23,23
2003-07-08,158726620,2732567551.1894293,23,23
2003-07-09,193055817,3015861262.00438,23,23
2003-07-10,158886782,2674245840.754582,23,23
2003-07-11,137148421,2293269939.418004,23,23
2003-07-14,160772463,2827875638.7748413,23,23
2003-07-15,195845523,3264573344.684396,23,23
2003-07-16,154321487,2784144777.568241,23,23
2003-07-17,168948032,3164725767.0782366,23,23
2003-07-18,164034522,2966190118.6072283,23,23
2003-07-21,151452710,2884755849.814904,23,23
2003-07-22,154265837,2857038228.582094,23,23
2003-07-23,113975583,2177193658.8518834,23,23
2003-07-24,132280306,2459607924.4819784,23,23
2003-07-25,129755689,2429531422.568733,23,23
2003-07-28,130740477,2501984577.4546595,23,23
2003-07-29,140849897,2654841999.6067605,23,23
2003-07-30,122081075,2184727568.631157,23,23
2003-07-31,162788989,3068695877.480098,23,23
2003-08-01,143535205,2600530113.724403,23,23
2003-08-04,118539018,2212251407.1032853,23,23
2003-08-05,133648343,2319304592.2101755,23,23
2003-08-06,142902768,2462323763.9828796,23,23
2003-08-07,136407084,2238695948.888483,23,23
2003-08-08,108082575,1853302255.5404139,23,23
2003-08-11,98722408,1788688690.9510756,23,23
2003-08-12,123903776,2137229573.8564363,23,23
2003-08-13,114144847,2063516599.7444768,23,23
2003-08-14,122708766,2269459402.553191,23,23
2003-08-15,79852122,1446040742.8091097,23,23
2003-08-18,128479772,2440456793.6853848,23,23
2003-08-19,140545724,2671834695.8636074,23,23
2003-08-20,208780386,2643223738.380021,23,23
2003-08-21,173275351,2816157506.1194706,23,23
2003-08-22,154837270,2771516675.423206,23,23
2003-08-25,102768808,1843825681.512495,23,23
2003-08-26,125167158,2298909623.8147655,23,23
2003-08-27,109221788,1996844060.9315863,23,23
2003-08-28,119159162,2173200323.029085,23,23
2003-08-29,107396792,1925802439.562354,23,23
2003-09-02,153590975,3127183624.7192507,23,23
2003-09-03,170439151,3430197110.095518,23,23
2003-09-04,141025952,2983219820.808005,23,23
2003-09-05,138307238,2700940831.173691,23,23
2003-09-08,131280614,2648733024.010179,23,23
2003-09-09,132147812,2618907364.087063,23,23
2003-09-10,147679467,2859835291.178436,23,23
2003-09-11,140571178,2770767745.9055324,23,23
2003-09-12,119236847,2460489996.1110067,23,23
2003-09-15,138371724,2708981726.324139,23,23
2003-09-16,162985221,2793603629.9692497,23,23
2003-09-17,160301907,2611204704.4034534,23,23
2003-09-18,149486721,2726434971.7949905,23,23
2003-09-19,160515105,3078952578.859868,23,23
2003-09-22,149550494,2984505732.5082817,23,23
2003-09-23,134814018,2561447775.49133,23,23
2003-09-24,162195789,2925990235.4363313,23,23
2003-09-25,150708546,2693718352.313719,23,23
2003-09-26,145207344,2771563144.095892,23,23
2003-09-29,144378444,2967249698.2378864,23,23
2003-09-30,150322992,2903283558.3750744,23,23
2003-10-01,156822495,3013065051.307701,23,23
2003-10-02,121936751,2365670104.526121,23,23
2003-10-03,160519691,2993127045.633933,23,23
2003-10-06,93556410,1988468418.6038923,23,23
2003-10-07,125210110,2500025283.1040373,23,23
2003-10-08,123684571,2317915288.8618374,23,23
2003-10-09,172385369,3147031521.0292435,23,23
2003-10-10,110274352,2412325815.261552,23,23
2003-10-13,106465806,2341606450.5300612,23,23
2003-10-14,116018955,2493537804.7077513,23,23
2003-10-15,161508322,3218156058.1142387,23,23
2003-10-16,168368011,3373407762.2587852,23,23
2003-10-17,126654529,2488168978.484638,23,23
2003-10-20,119489693,2295841803.767107,23,23
2003-10-21,137473049,2329587463.0582523,23,23
2003-10-22,144733807,2838491105.217906,23,23
2003-10-23,121241925,2445931202.1617694,23,23
2003-10-24,113295609,2136644827.3045921,23,23
2003-10-27,110541865,2124765692.9006958,23,23
2003-10-28,149241078,2800341472.194253,23,23
2003-10-29,153243059,3083390328.8729844,23,23
2003-10-30,167112685,3122636460.7092333,23,23
2003-10-31,137896246,2620481599.4289703,23,23
2003-11-03,127247589,2420366402.7666497,23,23
2003-11-04,134499556,2473507604.8177385,23,23
2003-11-05,131124630,2353932950.387803,23,23
2003-11-06,129682156,2361383023.531621,23,23
2003-11-07,139871716,2496893897.6969337,23,23
2003-11-10,123133896,2283222402.161783,23,23
2003-11-11,100797417,1950036037.0713644,23,23
2003-11-12,122653606,2469081827.189398,23,23
2003-11-13,131025048,2661968367.3478484,23,23
2003-11-14,148943138,2989449230.720501,23,23
2003-11-17,108675105,2240696854.6111803,23,23
2003-11-18,129495933,2821264067.3902884,23,23
2003-11-19,135356001,2755231684.127824,23,23
2003-11-20,154591640,2500428561.4277496,23,23
2003-11-21,161269963,2983848308.516041,23,23
2003-11-24,137214876,2614226708.637123,23,23
2003-11-25,138112418,2590757911.3917055,23,23
2003-11-26,120683789,2428993611.812228,23,23
2003-11-28,61595362,1135571148.8920808,23,23
2003-12-01,160873938,2978592901.142418,23,23
2003-12-02,166347835,3065138191.9301147,23,23
2003-12-03,175042449,3459188730.0208406,23,23
2003-12-04,132270539,2595243834.19341,23,23
2003-12-05,126174164,2323277902.727582,23,23
2003-12-08,136246767,2508885401.1484547,23,23
2003-12-09,162085361,3027460872.687431,23,23
2003-12-10,140888795,2665336074.0097,23,23
2003-12-11,145530341,2815790123.6479387,23,23
2003-12-12,127702599,2468958742.669028,23,23
2003-12-15,152798205,3098710026.159423,23,23
2003-12-16,166746291,3427712274.689987,23,23
2003-12-17,141496896,2838055522.047331,23,23
2003-12-18,165276394,3308965042.3309064,23,23
2003-12-19,191920070,3825697369.7790127,23,23
2003-12-22,123869374,2431179174.6448164,23,23
2003-12-23,112846577,2193126608.807942,23,23
2003-12-24,48597709,947741218.7597055,23,23
2003-12-26,33252309,657236376.1442347,23,23
2003-12-29,107199960,2213519887.662835,23,23
2003-12-30,94441473,1958031120.3690634,23,23
2003-12-31,102396872,2170555713.499815,23,23
2004-01-02,124359161,2629904207.579731,23,23
2004-01-05,150313639,3105336694.443163,23,23
2004-01-06,130014518,2616839234.6494536,23,23
2004-01-07,178435115,3317472244.4352055,23,23
2004-01-08,175858200,3449969037.569723,23,23
2004-01-09,161847602,3341658026.9043016,23,23
2004-01-12,134946950,2904410139.2105937,23,23
2004-01-13,137879857,3189928959.1816273,23,23
2004-01-14,123380111,2592191967.7627087,23,23
2004-01-15,168929578,3535025770.855051,23,23
2004-01-16,166647097,4028084669.511011,23,23
2004-01-20,158034738,3874982343.294348,23,23
2004-01-21,151069732,3488798719.46735,23,23
2004-01-22,127169919,2670590097.2111387,23,23
2004-01-23,125374568,2723319465.2019644,23,23
2004-01-26,130945830,2870110532.969184,23,23
2004-01-27,129350823,2807184334.838448,23,23
2004-01-28,175212472,3459063486.0024443,23,23
2004-01-29,185877022,3699640399.413497,23,23
2004-01-30,158029632,3181865232.096381,23,23
2004-02-02,142435050,2974622177.4796624,23,23
2004-02-03,125053975,2662353744.892942,23,23
2004-02-04,159344621,3397189441.151206,23,23
2004-02-05,123901132,2608797621.8428693,23,23
2004-02-06,127622334,2723083797.154459,23,23
2004-02-09,108667055,2226937791.31385,23,23
2004-02-10,112611695,2439570262.1853843,23,23
2004-02-11,275662118,5595616399.819964,23,23
2004-02-12,197543559,3536050830.623453,23,23
2004-02-13,156403173,3081386104.8769064,23,23
2004-02-17,123327192,2643654627.471973,23,23
2004-02-18,111500601,2350670356.203619,23,23
2004-02-19,155397253,3029210036.990937,23,23
2004-02-20,160790141,3055421212.656786,23,23
2004-02-23,136331119,2949694649.9456377,23,23
2004-02-24,168725657,3352133160.125063,23,23
2004-02-25,130951454,2668116405.8521304,23,23
2004-02-26,128911531,2721799657.9798055,23,23
2004-02-27,152840609,3111587799.442888,23,23
2004-03-01,132377831,2771106753.497053,23,23
2004-03-02,136952976,2967940233.3528013,23,23
2004-03-03,120383869,2554798541.0751276,23,23
2004-03-04,96897294,2017878527.7766533,23,23
2004-03-05,135825377,2789833117.841426,23,23
2004-03-08,117233933,2619763056.4148536,23,23
2004-03-09,147561783,3567233840.8718715,23,23
2004-03-10,192722909,4235732427.2883754,23,23
2004-03-11,193488599,4053580591.564066,23,23
2004-03-12,164275174,3272332541.6943855,23,23
2004-03-15,154775038,3207732684.3747697,23,23
2004-03-16,140576066,2943446791.983115,23,23
2004-03-17,135645682,2773107219.849165,23,23
2004-03-18,121436923,2615942606.7026615,23,23
2004-03-19,151875193,3387391980.0395813,23,23
2004-03-22,155736484,3438142413.006947,23,23
2004-03-23,134191272,3214930843.4784284,23,23
2004-03-24,135776049,3334851679.4793725,23,23
2004-03-25,134654448,3317626551.724746,23,23
2004-03-26,120388730,3217341124.553527,23,23
2004-03-29,129083451,3085731177.8473635,23,23
2004-03-30,138563129,3140207017.812495,23,23
2004-03-31,153230085,3325653262.0868435,23,23
2004-04-01,135424237,3241964053.471651,23,23
2004-04-02,139039779,3449670904.3986273,23,23
2004-04-05,119650999,3001218909.1429143,23,23
2004-04-06,113751921,2850164313.2739773,23,23
2004-04-07,149160223,3004888027.1402135,23,23
2004-04-08,119355231,2679763802.870142,23,23
2004-04-12,109254963,2159258776.926546,23,23
2004-04-13,157789167,3256362065.2765627,23,23
2004-04-14,139217947,3041631975.8876486,23,23
2004-04-15,145251713,3166838383.957464,23,23
2004-04-16,147816071,3381085857.9474545,23,23
2004-04-19,115594186,2486026342.575693,23,23
2004-04-20,130725916,2682312496.044242,23,23
2004-04-21,184814337,4139258531.2018394,23,23
2004-04-22,173854302,4221561974.673263,23,23
2004-04-23,128550050,2833964958.6116066,23,23
2004-04-26,114009006,2454269601.270216,23,23
2004-04-27,137346800,3150461096.2928143,23,23
2004-04-28,157954602,3367070733.8492756,23,23
2004-04-29,158517170,3395102205.5436716,23,23
2004-04-30,154623538,3123169135.3281918,23,23
2004-05-03,137678810,2725215673.6463003,23,23
2004-05-04,141692725,2764421717.8995485,23,23
2004-05-05,128541501,2624988850.150818,23,23
2004-05-06,128659831,2548472731.6456127,23,23
2004-05-07,143063056,2815631150.9858437,23,23
2004-05-10,178371036,3695171467.5691385,23,23
2004-05-11,150897343,3050800265.439452,23,23
2004-05-12,173137694,3230592366.6198287,23,23
2004-05-13,144184808,2743796581.4316645,23,23
2004-05-14,139730930,2635645373.8086553,23,23
2004-05-17,118732750,2484741690.3072615,23,23
2004-05-18,113446122,2357724592.761269,23,23
2004-05-19,179157990,3051822174.8610535,23,23
2004-05-20,102963133,2075374159.4713244,23,23
2004-05-21,124096455,2607430153.6792,23,23
2004-05-24,142139268,2497161726.6929264,23,23
2004-05-25,137532309,2758980981.7248907,23,23
2004-05-26,117308800,2511226803.572198,23,23
2004-05-27,122807916,2564799290.7273674,23,23
2004-05-28,105988522,2137051998.6018782,23,23
2004-06-01,118104741,2492022869.925446,23,23
2004-06-02,116402092,2595883739.1502323,23,23
2004-06-03,99026806,2167369550.128771,23,23
2004-06-04,98274716,2148482001.5520067,23,23
2004-06-07,107405654,2460384470.1576815,23,23
2004-06-08,122050360,2700781590.7406225,23,23
2004-06-09,134007553,2619851138.861971,23,23
2004-06-10,104803631,2189166208.3030453,23,23
2004-06-14,113661077,2420380858.0025434,23,23
2004-06-15,131093674,3129397851.7376733,23,23
2004-06-16,106123013,2481390705.3331633,23,23
2004-06-17,105397090,2477142629.566476,23,23
2004-06-18,176665968,4550880616.12704,23,23
2004-06-21,107273831,2380630967.522915,23,23
2004-06-22,126333257,2737622842.326663,23,23
2004-06-23,132090879,3030480205.549532,23,23
2004-06-24,126773388,2906096771.260147,23,23
2004-06-25,164542931,4506282908.108383,23,23
2004-06-28,130014930,2854520430.037571,23,23
2004-06-29,112566563,2499393113.0377283,23,23
2004-06-30,121816321,2813109964.5773783,23,23
2004-07-01,133698418,2971471537.7593927,23,23
2004-07-02,84116398,1944352293.9242902,23,23
2004-07-06,113058222,2530116620.6797924,23,23
2004-07-07,110788591,2460572030.5680513,23,23
2004-07-08,112229843,2588882095.8589497,23,23
2004-07-09,97744551,2236719873.738858,23,23
2004-07-12,91341273,2103486846.63414,23,23
2004-07-13,89577946,2149748658.9895205,23,23
2004-07-14,117469950,2766842500.987719,23,23
2004-07-15,117944352,2732862161.92835,23,23
2004-07-16,146878735,3649952699.632655,23,23
2004-07-19,124324415,3042630963.2716208,23,23
2004-07-20,118498483,2745464627.306164,23,23
2004-07-21,138331801,3084302168.7103915,23,23
2004-07-22,136875757,3069589273.425989,23,23
2004-07-23,145228830,2703390785.895056,23,23
2004-07-26,125284296,2525471883.420413,23,23
2004-07-27,129362569,2576945833.592894,23,23
2004-07-28,149003782,3358618057.371528,23,23
2004-07-29,126763612,2480419284.331116,23,23
2004-07-30,118138057,2345292142.4166408,23,23
2004-08-02,108717772,2156551776.9193335,23,23
2004-08-03,117912872,2481716382.965404,23,23
2004-08-04,110984539,2317140113.954017,23,23
2004-08-05,116907890,2394925706.3547726,23,23
2004-08-06,137048209,2809651944.0890393,23,23
2004-08-09,96855344,2003381185.458765,23,23
2004-08-10,105814023,2223508756.7264824,23,23
2004-08-11,136141419,2693825733.102789,23,23
2004-08-12,285289162,3305361276.0182714,23,23
2004-08-13,151164744,2379817768.0663652,23,23
2004-08-16,132737222,2320724507.545269,23,23
2004-08-17,125041120,2387551444.7480793,23,23
2004-08-18,130978738,2389445123.268124,23,23
2004-08-19,121020976,2252989295.0121984,23,23
2004-08-20,117553360,2258796624.978981,23,23
2004-08-23,91855815,1823311551.5258675,23,23
2004-08-24,103823772,1901688185.321741,23,23
2004-08-25,119142252,2370123704.854226,23,23
2004-08-26,91065090,1784381924.0660124,23,23
2004-08-27,71741469,1408199081.4787703,23,23
2004-08-30,87002547,1550225653.277647,23,23
2004-08-31,101371744,2114755413.4213877,23,23
2004-09-01,100879426,2059731536.6258497,23,23
2004-09-02,93957543,1959432935.0689087,23,23
2004-09-03,104685138,2001471543.4742117,23,23
2004-09-07,116643123,2565621808.2661467,23,23
2004-09-08,137388849,2996324638.299659,23,23
2004-09-09,123832303,2726519389.251778,23,23
2004-09-10,114987405,2396377726.404394,23,23
2004-09-13,123163889,2538692378.7966347,23,23
2004-09-14,133643920,2346363794.723269,23,23
2004-09-15,164867326,2784448898.049389,23,23
2004-09-16,127111300,2166187760.2349663,23,23
2004-09-17,158773996,3361593435.722806,23,23
2004-09-20,132260561,2690115512.736929,23,23
2004-09-21,137078337,2756830105.8363943,23,23
2004-09-22,145983721,2945404678.34023,23,23
2004-09-23,131261339,2649410487.910939,23,23
2004-09-24,122926267,2365892493.3724995,23,23
2004-09-27,122948360,2434481419.5588045,23,23
2004-09-28,134626752,2756890905.089096,23,23
2004-09-29,141468913,2968056281.016044,23,23
2004-09-30,292119081,5196749871.8067665,23,23
2004-10-01,185945151,3503478719.5379825,23,23
2004-10-04,161870975,3245925659.512684,23,23
2004-10-05,143101559,2692161359.2877884,23,23
2004-10-06,155691020,2965049967.317767,23,23
2004-10-07,161486887,3033152665.3625813,23,23
2004-10-08,141289098,2794809588.1332746,23,23
2004-10-11,98968243,1911372063.4988165,23,23
2004-10-12,132373109,2592389636.0840797,23,23
2004-10-13,158249437,3057468159.2863503,23,23
2004-10-14,126105786,2395241520.2416286,23,23
2004-10-15,138305579,2740839255.8996773,23,23
2004-10-18,142486704,3006023573.305263,23,23
2004-10-19,151220224,3362723631.6613045,23,23
2004-10-20,152720617,3343788125.2662954,23,23
2004-10-21,143774795,3220154865.600395,23,23
2004-10-22,135590958,2753941627.9074726,23,23
2004-10-25,122269553,2539223769.778967,23,23
2004-10-26,155710013,3147301013.358788,23,23
2004-10-27,160399277,3321693913.331419,23,23
2004-10-28,143276766,2940640136.284633,23,23
2004-10-29,148888183,2974135010.770752,23,23
2004-11-01,190659744,3460109818.1888666,23,23
2004-11-02,196136587,3556692473.3661885,23,23
2004-11-03,197533244,3880951821.8902464,23,23
2004-11-04,214091113,4145049842.4641376,23,23
2004-11-05,200301061,3874346471.6364946,23,23
2004-11-08,151300407,2899171178.229129,23,23
2004-11-09,167144967,3251013694.2445426,23,23
2004-11-10,181718929,3473403345.292391,23,23
2004-11-11,167972220,3175099599.488617,23,23
2004-11-12,156220143,3003190226.9045105,23,23
2004-11-15,146190564,2849027706.3371577,23,23
2004-11-16,142945386,2586481499.057637,23,23
2004-11-17,215577712,3330519140.10203,23,23
2004-11-18,139598914,2513995672.971591,23,23
2004-11-19,143958796,2997822822.0433407,23,23
2004-11-22,131045749,2699592722.961026,23,23
2004-11-23,134803736,3010416097.4228415,23,23
2004-11-24,103053629,2269261761.2429085,23,23
2004-11-26,47672184,1044514979.2812247,23,23
2004-11-29,123062121,2760615191.1580324,23,23
2004-11-30,140638548,3126721642.7277822,23,23
2004-12-01,159325650,3364149848.5782275,23,23
2004-12-02,153252029,3161506055.3829403,23,23
2004-12-03,161753299,3341007183.232668,23,23
2004-12-06,127989878,2552776517.8975043,23,23
2004-12-07,162020621,3282798732.076132,23,23
2004-12-08,146553373,2986101148.4434996,23,23
2004-12-09,160514007,3462690988.2313657,23,23
2004-12-10,135811954,3442780586.0604134,23,23
2004-12-13,138675470,3461185947.345488,23,23
2004-12-14,141753706,3173152727.7088804,23,23
2004-12-15,166303797,3477443933.8220005,23,23
2004-12-16,188272092,4322329023.851398,23,23
2004-12-17,249159559,5570544727.019305,23,23
2004-12-20,130616423,2890537653.5186906,23,23
2004-12-21,135748616,2954700792.1994,23,23
2004-12-22,123470522,2730591364.7864695,23,23
2004-12-23,88547625,1995680702.1031637,23,23
2004-12-27,89970621,1942459549.051116,23,23
2004-12-28,93052476,2105016988.153491,23,23
2004-12-29,88171518,1998614882.7518282,23,23
2004-12-30,72549640,1683304006.6615415,23,23
2004-12-31,73530116,1612407695.898344,23,23
2005-01-03,149704349,3358326386.8814735,23,23
2005-01-04,155936707,3510797663.760405,23,23
2005-01-05,156173443,3381259579.539605,23,23
2005-01-06,125780405,2835099319.3579044,23,23
2005-01-07,139950395,2818811314.632703,23,23
2005-01-10,128228848,2834670708.1244574,23,23
2005-01-11,148815261,2884181589.1272554,23,23
2005-01-12,145237012,3345772427.7180195,23,23
2005-01-13,128658100,3029223578.7969475,23,23
2005-01-14,121771624,2697704459.156999,23,23
2005-01-18,157430219,3626751184.5099826,23,23
2005-01-19,130085256,3227082952.13208,23,23
2005-01-20,130834557,3073387721.5479164,23,23
2005-01-21,139860060,3271518909.0295105,23,23
2005-01-24,141032490,3140950555.9429927,23,23
2005-01-25,141190726,3219986989.813896,23,23
2005-01-26,155564742,3494396105.9911156,23,23
2005-01-27,145153775,3256692325.376342,23,23
2005-01-28,251657774,5137356614.033527,23,23
2005-01-31,169496639,3603748614.2019105,23,23
2005-02-01,154240627,3457152002.7026863,23,23
2005-02-02,143293813,3249359413.494664,23,23
2005-02-03,137657137,2989373507.708928,23,23
2005-02-04,157529788,3229097777.558275,23,23
2005-02-07,120451754,2734322112.7282906,23,23
2005-02-08,130496145,3030692797.1871767,23,23
2005-02-09,340691472,4240060605.472418,23,23
2005-02-10,166706648,3056734076.2220764,23,23
2005-02-11,146712315,3012885951.209712,23,23
2005-02-14,133644302,2644981511.4781914,23,23
2005-02-15,147345861,3030889552.2239594,23,23
2005-02-16,171375136,3329156175.275878,23,23
2005-02-17,165038565,3231134205.1801043,23,23
2005-02-18,194499712,4125270438.1607704,23,23
2005-02-22,194810427,4163475407.5394745,23,23
2005-02-23,141071549,3191810969.684615,23,23
2005-02-24,145270608,3355401197.9377832,23,23
2005-02-25,149186468,3716046467.6078606,23,23
2005-02-28,163766921,4009531035.804844,23,23
2005-03-01,150268463,3623857500.4788933,23,23
2005-03-02,133484385,3346567984.9853125,23,23
2005-03-03,135076328,3399539228.9501767,23,23
2005-03-04,150183983,3771995590.6572256,23,23
2005-03-07,145555873,3472175751.471306,23,23
2005-03-08,147748377,3476075457.5505404,23,23
2005-03-09,197205228,4809389265.990961,23,23
2005-03-10,159309512,3848368623.9455705,23,23
2005-03-11,152793250,3327648817.0631723,23,23
2005-03-14,134740735,3152110472.8103714,23,23
2005-03-15,131207991,3085976606.1947365,23,23
2005-03-16,152123215,3448495744.2357244,23,23
2005-03-17,126492060,2935154024.5408726,23,23
2005-03-18,245676698,5785093295.008326,23,23
2005-03-21,123716737,2745321367.2574844,23,23
2005-03-22,143329708,3235466936.5107574,23,23
2005-03-23,165331427,3804037356.4986687,23,23
2005-03-24,120447423,3006338502.4789686,23,23
2005-03-28,117391903,2687703799.5292478,23,23
2005-03-29,229485305,4077728569.6580677,23,23
2005-03-30,228866418,4049290723.1514606,23,23
2005-03-31,167754292,3587582042.035303,23,23
2005-04-01,155504850,3517924111.4535007,23,23
2005-04-04,174326873,3935902465.0866213,23,23
2005-04-05,147083022,3337861255.3051453,23,23
2005-04-06,129405332,2961697465.8233066,23,23
2005-04-07,137452673,3211558809.0221176,23,23
2005-04-08,104399204,2529471584.0162215,23,23
2005-04-11,110611888,2715833545.0784035,23,23
2005-04-12,153555909,3864931413.7703485,23,23
2005-04-13,180293791,4033578023.8508244,23,23
2005-04-14,178195167,4084035954.267823,23,23
2005-04-15,241181917,5902558697.198496,23,23
2005-04-18,196742384,4582795963.407438,23,23
2005-04-19,171361417,3986172540.4757357,23,23
2005-04-20,190713832,4570384203.25183,23,23
2005-04-21,172137617,4170072009.385743,23,23
2005-04-22,143803493,3360490541.7944393,23,23
2005-04-25,124816797,3024435069.0094376,23,23
2005-04-26,154047210,3308249623.77994,23,23
2005-04-27,167302601,3702580074.5175943,23,23
2005-04-28,180748940,4133067169.098261,23,23
2005-04-29,175596841,4031961988.780442,23,23
2005-05-02,134930977,2929016224.3917155,23,23
2005-05-03,147233172,3449756134.482536,23,23
2005-05-04,135806550,3187924995.353097,23,23
2005-05-05,126953209,3114427293.5265365,23,23
2005-05-06,134439596,3154606353.8270082,23,23
2005-05-09,127578574,2939967031.2490172,23,23
2005-05-10,129545790,3269406199.1327195,23,23
2005-05-11,132069900,3096636776.3751106,23,23
2005-05-12,137500798,3233823300.0019255,23,23
2005-05-13,158985882,3628151781.6404757,23,23
2005-05-16,142917476,3280739056.1501384,23,23
2005-05-17,167218420,3493284156.121224,23,23
2005-05-18,224614005,4583694030.697771,23,23
2005-05-19,147525492,3480652812.393571,23,23
2005-05-20,132070077,3003190460.828489,23,23
2005-05-23,127226190,2915546527.989745,23,23
2005-05-24,108556108,2622397695.6942816,23,23
2005-05-25,116191882,2650806725.606679,23,23
2005-05-26,112908648,2498889638.866955,23,23
2005-05-27,80623928,1886764442.8176813,23,23
2005-05-31,146865368,3396460774.5827646,23,23
2005-06-01,122772072,2829910207.14099,23,23
2005-06-02,104814685,2579606532.0460963,23,23
2005-06-03,118623018,2915918674.3480606,23,23
2005-06-06,95304581,2421651300.8781986,23,23
2005-06-07,119074715,3081607890.776354,23,23
2005-06-08,123317743,2977904268.614447,23,23
2005-06-09,124048381,2828153848.435355,23,23
2005-06-10,128559780,2770051734.948188,23,23
2005-06-13,140401147,2907993900.769861,23,23
2005-06-14,118586180,2659230257.25341,23,23
2005-06-15,141697286,3142159753.463132,23,23
2005-06-16,127564975,2852198577.726247,23,23
2005-06-17,201045436,5070546633.945789,23,23
2005-06-20,109363679,2642252425.2278323,23,23
2005-06-21,169459558,3455373048.636244,23,23
2005-06-22,163265111,3823958514.0903835,23,23
2005-06-23,170989830,4533956000.320964,23,23
2005-06-24,192015402,5367504385.758116,23,23
2005-06-27,131261943,3284188492.540207,23,23
2005-06-28,134550035,3425909184.1183805,23,23
2005-06-29,131860011,3232490616.0338426,23,23
2005-06-30,204035633,5293145752.637188,23,23
2005-07-01,132167003,3190695559.5804257,23,23
2005-07-05,143638625,3467606705.264761,23,23
2005-07-06,147402977,3503576986.6811223,23,23
2005-07-07,173713956,4152085697.7098017,23,23
2005-07-08,162623006,4088751387.714376,23,23
2005-07-11,137419138,3288711009.3851204,23,23
2005-07-12,156418831,3875970107.8696213,23,23
2005-07-13,147929098,3691782352.8398776,23,23
2005-07-14,172254946,4274125313.9786158,23,23
2005-07-15,158838270,4077013613.910488,23,23
2005-07-18,138640354,3195131828.343305,23,23
2005-07-19,205552827,4925570374.428932,23,23
2005-07-20,177022226,4430594840.457882,23,23
2005-07-21,165535475,4060864760.3656564,23,23
2005-07-22,127818102,3145446510.3280377,23,23
2005-07-25,122776638,3380122049.8847523,23,23
2005-07-26,131542921,3528684425.173012,23,23
2005-07-27,131373205,3408295752.5987034,23,23
2005-07-28,135525467,3531812100.2039404,23,23
2005-07-29,137783353,3501136285.5602016,23,23
2005-08-01,124526523,3155885330.387129,23,23
2005-08-02,128820937,3386880324.013935,23,23
2005-08-03,142749225,3580743946.4842157,23,23
2005-08-04,122541994,3122259188.2069016,23,23
2005-08-05,114820643,2805282627.9147863,23,23
2005-08-08,108203839,2702848856.7685356,23,23
2005-08-09,122255218,3024341983.045408,23,23
2005-08-10,137948363,3613545283.4474173,23,23
2005-08-11,129056981,3316127070.016972,23,23
2005-08-12,113897840,2792156449.981241,23,23
2005-08-15,103014730,2603740218.558505,23,23
2005-08-16,135811943,3136013779.65695,23,23
2005-08-17,249827584,4031994273.3680935,23,23
2005-08-18,183488850,3378826240.5598397,23,23
2005-08-19,178595167,3514413107.261324,23,23
2005-08-22,184333895,3705924725.421015,23,23
2005-08-23,141150815,3169979959.649243,23,23
2005-08-24,166085329,3624550017.0141153,23,23
2005-08-25,128429030,2839278178.8267784,23,23
2005-08-26,130163706,2833365748.469845,23,23
2005-08-29,133469764,3100176415.8315516,23,23
2005-08-30,161097346,3847501442.497785,23,23
2005-08-31,203421809,4779612527.1674795,23,23
2005-09-01,169024209,4399986802.4382715,23,23
2005-09-02,139272503,3426283178.2918406,23,23
2005-09-06,172787219,4130519157.765554,23,23
2005-09-07,167397812,4225119061.281298,23,23
2005-09-08,161731140,3512830495.9348583,23,23
2005-09-09,170979273,3833682802.5119634,23,23
2005-09-12,132462405,3289754553.7568674,23,23
2005-09-13,156379656,3794018410.6379967,23,23
2005-09-14,152296462,3677966670.529333,23,23
2005-09-15,147961719,3729035861.1802135,23,23
2005-09-16,250480221,5959124415.348881,23,23
2005-09-19,151146963,3709516808.0413694,23,23
2005-09-20,170180571,3844941335.3237095,23,23
2005-09-21,168267057,4183747117.554329,23,23
2005-09-22,165149187,4161971376.4221716,23,23
2005-09-23,141864298,3453538680.5775576,23,23
2005-09-26,153043333,3602583574.547549,23,23
2005-09-27,138908990,3449498933.700416,23,23
2005-09-28,140470877,3497040436.6389656,23,23
2005-09-29,153534307,3648563467.700091,23,23
2005-09-30,159308499,3961084754.9024515,23,23
2005-10-03,156264623,3873186693.43572,23,23
2005-10-04,202757086,4788721661.110396,23,23
2005-10-05,184575086,4461034869.370879,23,23
2005-10-06,236379256,5734742030.059219,23,23
2005-10-07,172363432,4119407909.693836,23,23
2005-10-10,144918040,3371938065.858456,23,23
2005-10-11,154176313,3805921779.3547783,23,23
2005-10-12,178974872,4147469184.3095684,23,23
2005-10-13,179892956,4461016636.809099,23,23
2005-10-14,154816831,4165822561.9404125,23,23
2005-10-17,150512378,3661544327.7568235,23,23
2005-10-18,230913730,6081049203.982077,23,23
2005-10-19,198964961,5167661241.959693,23,23
2005-10-20,195736355,4573507125.687426,23,23
2005-10-21,205752725,5141844232.095018,23,23
2005-10-24,153402672,3624363739.5677757,23,23
2005-10-25,152958281,3636631721.8266234,23,23
2005-10-26,172568070,4148658113.3791428,23,23
2005-10-27,147646752,3522939873.9716434,23,23
2005-10-28,176987040,4124227899.3653846,23,23
2005-10-31,199333625,4864764906.339366,23,23
2005-11-01,178802938,4026984561.0067825,23,23
2005-11-02,172676629,4459543349.201878,23,23
2005-11-03,195613070,4700602594.24976,23,23
2005-11-04,149350188,3652383524.1393337,23,23
2005-11-07,135472171,3244403363.249439,23,23
2005-11-08,127873437,2952746135.934928,23,23
2005-11-09,137780864,3462693563.0840034,23,23
2005-11-10,153484497,3992521140.489038,23,23
2005-11-11,122746334,2903030944.047591,23,23
2005-11-14,148067339,3642081561.9259596,23,23
2005-11-15,193040694,5072814456.192625,23,23
2005-11-16,164155728,4111238638.212901,23,23
2005-11-17,190130356,4193154889.882909,23,23
2005-11-18,270971106,6201761522.075464,23,23
2005-11-21,147932651,3992647266.8654566,23,23
2005-11-22,156137540,3865938323.943228,23,23
2005-11-23,123203909,3356656310.0910807,23,23
2005-11-25,54549717,1403453179.31279,23,23
2005-11-28,160452740,3697100732.543128,23,23
2005-11-29,156747012,3817759869.1813593,23,23
2005-11-30,168006308,4008781076.985182,23,23
2005-12-01,163758378,3697675036.062766,23,23
2005-12-02,153654797,3950262854.924656,23,23
2005-12-05,173478607,4310201544.545034,23,23
2005-12-06,177889131,4165194767.2238073,23,23
2005-12-07,161861762,4125263708.8901787,23,23
2005-12-08,144335659,3687749940.3701735,23,23
2005-12-09,145580488,3459154803.8333883,23,23
2005-12-12,145160046,3207823141.4962587,23,23
2005-12-13,196975374,4468267321.152592,23,23
2005-12-14,199780026,4440788376.519806,23,23
2005-12-15,194707124,4335916147.393566,23,23
2005-12-16,237434282,5913045990.678061,23,23
2005-12-19,195372832,4242295310.372708,23,23
2005-12-20,163544784,3570297368.502881,23,23
2005-12-21,146605055,3478934083.2650237,23,23
2005-12-22,135265040,3142722432.709936,23,23
2005-12-23,89696158,2072749161.872301,23,23
2005-12-27,120764597,2897164698.424958,23,23
2005-12-28,103002344,2543856869.8754845,23,23
2005-12-29,105396669,2467548170.0838013,23,23
2005-12-30,111230293,2700553640.827791,23,23
2006-01-03,195920942,5051370011.599916,23,23
2006-01-04,171216121,4187248779.292795,23,23
2006-01-05,163046894,4008611569.114189,23,23
2006-01-06,165493053,4197377265.340596,23,23
2006-01-09,155770477,3830674145.3094816,23,23
2006-01-10,151129376,3725479030.51717,23,23
2006-01-11,171650518,4059562876.5463343,23,23
2006-01-12,150852645,3722094143.640547,23,23
2006-01-13,140172798,3334309162.109084,23,23
2006-01-17,143546852,3653768198.3986387,23,23
2006-01-18,151664079,3703322673.445899,23,23
2006-01-19,189472727,4729118357.161262,23,23
2006-01-20,236359944,7151311361.58912,23,23
2006-01-23,163794549,4404607422.996681,23,23
2006-01-24,193905684,5123173526.821703,23,23
2006-01-25,241150971,6189705028.252478,23,23
2006-01-26,236448340,6274931033.004115,23,23
2006-01-27,187365888,5215793384.010126,23,23
2006-01-30,174721778,4794334988.641346,23,23
2006-01-31,203296960,5500877202.490076,23,23
2006-02-01,179662053,5016933607.838364,23,23
2006-02-02,173171864,4605232627.106494,23,23
2006-02-03,173672348,4552133332.460151,23,23
2006-02-06,156313964,4236027370.3766947,23,23
2006-02-07,200718832,5243816389.020113,23,23
2006-02-08,200000152,4760556285.192627,23,23
2006-02-09,175803338,4428802235.750612,23,23
2006-02-10,157346995,4032886005.3065214,23,23
2006-02-13,127162476,3218802987.8477154,23,23
2006-02-14,183404204,4631149515.349328,23,23
2006-02-15,184796126,4144225335.398081,23,23
2006-02-16,255390121,4989413051.183967,23,23
2006-02-17,172509224,4255605181.502224,23,23
2006-02-21,180305936,4011588991.945442,23,23
2006-02-22,162338371,4094599947.060652,23,23
2006-02-23,155165180,3832204940.289135,23,23
2006-02-24,132764125,3237648322.3104744,23,23
2006-02-27,143439900,3367557016.118185,23,23
2006-02-28,177770470,4435854025.001264,23,23
2006-03-01,151428608,3816002220.822756,23,23
2006-03-02,155933345,3865881945.313669,23,23
2006-03-03,142508828,3586396807.346196,23,23
2006-03-06,142521823,3606090141.1015186,23,23
2006-03-07,149285745,3746254179.4550276,23,23
2006-03-08,162181017,4292115985.2271566,23,23
2006-03-09,154606762,3823130368.339221,23,23
2006-03-10,156711368,4297872414.628579,23,23
2006-03-13,138143081,3706400597.2829285,23,23
2006-03-14,150400982,4035812022.282135,23,23
2006-03-15,156238938,4273642483.505951,23,23
2006-03-16,173072301,4609423423.70024,23,23
2006-03-17,206509461,5597783490.115083,23,23
2006-03-20,123444016,3134314148.525485,23,23
2006-03-21,148197741,3917491500.285367,23,23
2006-03-22,151931491,3573451048.049963,23,23
2006-03-23,139303933,3665354258.8584814,23,23
2006-03-24,122531761,3272418112.6835346,23,23
2006-03-27,123965220,3184461989.73841,23,23
2006-03-28,163068494,4050245704.064003,23,23
2006-03-29,150718621,4343711006.38829,23,23
2006-03-30,149681529,4257762072.682575,23,23
2006-03-31,165312348,4307931237.035846,23,23
2006-04-03,149813969,3930749086.395961,23,23
2006-04-04,145661736,3684916398.8277597,23,23
2006-04-05,156245455,3891582335.8181267,23,23
2006-04-06,148242489,4022382976.3043423,23,23
2006-04-07,136278750,3647662895.3966,23,23
2006-04-10,116231168,3233498267.5183754,23,23
2006-04-11,155114372,4034953246.5394917,23,23
2006-04-12,130317982,3828781052.2092285,23,23
2006-04-13,117506393,3454267692.4332438,23,23
2006-04-17,123828942,3745236030.437641,23,23
2006-04-18,184148793,5273599360.069684,23,23
2006-04-19,172207082,5213215587.545147,23,23
2006-04-20,170400674,4718937309.8305435,23,23
2006-04-21,176402529,5010973385.748335,23,23
2006-04-24,144080982,4162340336.871441,23,23
2006-04-25,166198886,4724628270.040923,23,23
2006-04-26,157150073,4527033115.869426,23,23
2006-04-27,177327826,4759590192.379821,23,23
2006-04-28,158402067,4380960440.759663,23,23
2006-05-01,144349177,3930293791.2791157,23,23
2006-05-02,127981296,3524878349.903267,23,23
2006-05-03,168641286,4799476555.469767,23,23
2006-05-04,149683169,4131297124.390565,23,23
2006-05-05,207179776,5301014974.022385,23,23
2006-05-08,166967234,4281528598.069583,23,23
2006-05-09,157353550,4218743297.207857,23,23
2006-05-10,150049032,4281585479.602028,23,23
2006-05-11,172452653,4781410399.673331,23,23
2006-05-12,172044776,4618749266.032858,23,23
2006-05-15,176473254,4581037298.806345,23,23
2006-05-16,176288558,4308989917.330609,23,23
2006-05-17,248343628,5712216770.464022,23,23
2006-05-18,192241224,4533799416.861618,23,23
2006-05-19,230703617,5990423820.395013,23,23
2006-05-22,183732431,4814004365.344083,23,23
2006-05-23,169805809,4292704279.132244,23,23
2006-05-24,202453236,5369319208.237256,23,23
2006-05-25,152144049,3958374179.634098,23,23
2006-05-26,119550540,3007268925.473839,23,23
2006-05-30,150627397,3761495897.131941,23,23
2006-05-31,187995017,4832131193.482454,23,23
2006-06-01,146536992,3592227671.945901,23,23
2006-06-02,144012339,3840609079.020252,23,23
2006-06-05,139683768,3740262078.0118732,23,23
2006-06-06,201703139,5268644017.513669,23,23
2006-06-07,186846523,4999711200.416637,23,23
2006-06-08,282107646,7177626193.839783,23,23
2006-06-09,189365458,4628742366.417361,23,23
2006-06-12,168566429,4177933174.753909,23,23
2006-06-13,216767946,5366196889.848116,23,23
2006-06-14,177817202,4738496657.912128,23,23
2006-06-15,215343043,5391922322.370427,23,23
2006-06-16,257744348,6033176014.058807,23,23
2006-06-19,203605543,4451488545.362416,23,23
2006-06-20,176573983,4364952303.912772,23,23
2006-06-21,185947978,4504441359.225255,23,23
2006-06-22,158451802,3716444108.550436,23,23
2006-06-23,127586810,3205790943.128647,23,23
2006-06-26,131202129,3245258023.422221,23,23
2006-06-27,158456309,4009278426.884222,23,23
2006-06-28,161491931,3926878928.7324886,23,23
2006-06-29,187749137,4823855866.385335,23,23
2006-06-30,231264951,5792102268.705607,23,23
2006-07-03,86325994,2083642925.891039,23,23
2006-07-05,164430969,4178363431.2009134,23,23
2006-07-06,193357489,4047281434.1576433,23,23
2006-07-07,188537147,4755656807.82938,23,23
2006-07-10,151570817,3600075368.7115326,23,23
2006-07-11,169113794,4295662280.937876,23,23
2006-07-12,149461938,3848869430.421913,23,23
2006-07-13,196941434,5089237352.207731,23,23
2006-07-14,193727667,5218803679.435758,23,23
2006-07-17,157406884,4193542748.76021,23,23
2006-07-18,187638605,4727408147.338554,23,23
2006-07-19,225292403,5799921657.929637,23,23
2006-07-20,180865248,5166694050.047038,23,23
2006-07-21,232269794,5706210096.292628,23,23
2006-07-24,185965439,4671904210.559326,23,23
2006-07-25,183505292,4883785418.125413,23,23
2006-07-26,207483976,5138788749.824774,23,23
2006-07-27,196519302,5106431025.381074,23,23
2006-07-28,177475175,4709846973.602857,23,23
2006-07-31,155277050,4260049650.9417353,23,23
2006-08-01,136623886,3605632110.5568857,23,23
2006-08-02,175459672,4694370795.143503,23,23
2006-08-03,151321587,4283738939.242361,23,23
2006-08-04,150297807,4136260822.740753,23,23
2006-08-07,143042774,3843838013.1222916,23,23
2006-08-08,167445341,4437673263.089529,23,23
2006-08-09,165005998,4529210874.996768,23,23
2006-08-10,150132209,4248046836.0571117,23,23
2006-08-11,123046589,3509809690.884182,23,23
2006-08-14,144890915,4120221512.1662045,23,23
2006-08-15,166344280,4479760554.848265,23,23
2006-08-16,188985160,4848136534.013106,23,23
2006-08-17,297427714,5997332404.272495,23,23
2006-08-18,208652170,4569760273.135042,23,23
2006-08-21,141073697,3570164463.4749327,23,23
2006-08-22,140593689,3806274995.049283,23,23
2006-08-23,123148640,3515722487.511215,23,23
2006-08-24,139941270,3823495653.1278067,23,23
2006-08-25,105728928,2973635434.471733,23,23
2006-08-28,129681264,3416596240.8869953,23,23
2006-08-29,146944413,4056992517.3321714,23,23
2006-08-30,152978855,4128311133.05713,23,23
2006-08-31,133588711,3519395059.5231037,23,23
2006-09-01,108168400,3131254888.6771107,23,23
2006-09-05,140484086,3799934397.289398,23,23
2006-09-06,146814306,3960913801.8437824,23,23
2006-09-07,156393293,4367566821.193269,23,23
2006-09-08,139351733,3661855815.85291,23,23
2006-09-11,172326131,4809688963.280418,23,23
2006-09-12,208783024,5236911038.712901,23,23
2006-09-13,185303074,4922784721.081386,23,23
2006-09-14,142599374,3909465071.6302767,23,23
2006-09-15,231306433,6318757135.776229,23,23
2006-09-18,138707649,4181576510.0067606,23,23
2006-09-19,144234954,3741677139.2009544,23,23
2006-09-20,176334645,4838474194.3428955,23,23
2006-09-21,235982459,5459345430.099802,23,23
2006-09-22,176124452,4342559374.224014,23,23
2006-09-25,232846400,5183188913.960502,23,23
2006-09-26,210249203,5231457232.82709,23,23
2006-09-27,195575723,4992751775.532488,23,23
2006-09-28,171192922,4352828000.1546955,23,23
2006-09-29,172711943,4245684379.821436,23,23
2006-10-02,162992297,4135564953.426174,23,23
2006-10-03,179700955,4959614057.259828,23,23
2006-10-04,192508518,5543218911.654923,23,23
2006-10-05,162886668,4647437946.300868,23,23
2006-10-06,158676940,4184487948.169796,23,23
2006-10-09,140771623,3691227921.850153,23,23
2006-10-10,179839451,4589044947.882763,23,23
2006-10-11,158665817,4036898966.3156605,23,23
2006-10-12,163063832,4348008712.621995,23,23
2006-10-13,175545513,5086508613.161448,23,23
2006-10-16,149591103,4527775859.147847,23,23
2006-10-17,177794778,5612964122.680868,23,23
2006-10-18,224836155,7333423320.767979,23,23
2006-10-19,204538842,5342571353.053079,23,23
2006-10-20,294593079,8164466804.866287,23,23
2006-10-23,208609226,5683206211.45713,23,23
2006-10-24,198971407,5263154140.223999,23,23
2006-10-25,211375688,5453756387.098652,23,23
2006-10-26,185952659,5373520985.723928,23,23
2006-10-27,169351561,4907552042.406529,23,23
2006-10-30,136663107,3980684017.811796,23,23
2006-10-31,180931962,5279471466.955701,23,23
2006-11-01,165954233,4752291835.529434,23,23
2006-11-02,161912323,4708140783.532,23,23
2006-11-03,158142466,4350977236.521019,23,23
2006-11-06,171867051,5005015910.915166,23,23
2006-11-07,188821412,5959588708.863021,23,23
2006-11-08,210552171,6225256989.92775,23,23
2006-11-09,231505538,6294954742.502382,23,23
2006-11-10,175457787,5175143030.224739,23,23
2006-11-13,162130276,4692407376.898788,23,23
2006-11-14,183780905,5419660041.4328165,23,23
2006-11-15,199325924,5781033383.760331,23,23
2006-11-16,209846617,5558179429.336002,23,23
2006-11-17,235885463,6088386816.972023,23,23
2006-11-20,174895465,4668718364.479446,23,23
2006-11-21,151826164,4624951462.681919,23,23
2006-11-22,132864947,3789301529.106637,23,23
2006-11-24,50965752,1486675096.51293,23,23
2006-11-27,181897349,5082313590.033436,23,23
2006-11-28,165466141,4846851812.602263,23,23
2006-11-29,160195063,4580903732.59823,23,23
2006-11-30,185983712,5281899030.100294,23,23
2006-12-01,185425361,5341540584.898058,23,23
2006-12-04,165547740,4679448247.178919,23,23
2006-12-05,200579262,5368664653.514727,23,23
2006-12-06,217876341,6349098145.522418,23,23
2006-12-07,185664626,5466746737.093988,23,23
2006-12-08,150765522,4483666736.723237,23,23
2006-12-11,167899627,4578323097.969818,23,23
2006-12-12,203789998,5996467374.674744,23,23
2006-12-13,189918141,5400621879.324842,23,23
2006-12-14,186339253,5581551749.087257,23,23
2006-12-15,254644586,8497030747.82873,23,23
2006-12-18,169447516,5533328668.326536,23,23
2006-12-19,183166021,5248735461.53133,23,23
2006-12-20,174993715,4885194283.771565,23,23
2006-12-21,151289297,4292168480.260494,23,23
2006-12-22,107101572,3041230397.094371,23,23
2006-12-26,91691766,2576135765.0172377,23,23
2006-12-27,112596006,3255955386.8241253,23,23
2006-12-28,93600963,2801732849.754839,23,23
2006-12-29,109739773,3361261664.1510525,23,23
2007-01-03,239279977,7110380863.346804,23,23
2007-01-04,196850656,5964072530.945847,23,23
2007-01-05,232781706,7632385633.190476,23,23
2007-01-08,189859073,5820940405.174231,23,23
2007-01-09,193115051,6006057299.488212,23,23
2007-01-10,168689800,5372901761.149569,23,23
2007-01-11,184745866,5688244063.679534,23,23
2007-01-12,206377528,5757900415.218908,23,23
2007-01-16,172914302,5657558870.692168,23,23
2007-01-17,192719032,6239436508.282679,23,23
2007-01-18,209213161,6761234240.492563,23,23
2007-01-19,230024452,8230172976.886057,23,23
2007-01-22,198759577,6653218207.555464,23,23
2007-01-23,184839997,6093953006.966085,23,23
2007-01-24,151402404,4743087185.506414,23,23
2007-01-25,174858664,5163865414.099995,23,23
2007-01-26,174271779,5276482473.894637,23,23
2007-01-29,200686974,5446670356.434378,23,23
2007-01-30,221421188,7133925329.859753,23,23
2007-01-31,208627200,6597363959.710285,23,23
2007-02-01,202505824,6392057929.646144,23,23
2007-02-02,178203039,5394444307.889111,23,23
2007-02-05,162276385,4898583153.320023,23,23
2007-02-06,177146322,5083291676.140509,23,23
2007-02-07,159192779,4812251708.900063,23,23
2007-02-08,176795018,5351798801.922558,23,23
2007-02-09,154002830,4832402728.046406,23,23
2007-02-12,157771856,4731477021.04511,23,23
2007-02-13,167204015,4955147511.987991,23,23
2007-02-14,176380107,5219273882.927429,23,23
2007-02-15,181448137,5531771384.956162,23,23
2007-02-16,173275685,5345051802.728253,23,23
2007-02-20,179202084,5144178388.501732,23,23
2007-02-21,226087830,5933627661.058733,23,23
2007-02-22,206294143,5520172988.448604,23,23
2007-02-23,178737341,5077279696.436288,23,23
2007-02-26,178438196,5106172061.509647,23,23
2007-02-27,314864444,9042633997.464817,23,23
2007-02-28,333627657,9465561247.77788,23,23
2007-03-01,279019053,8245264925.087575,23,23
2007-03-02,229853233,6569099526.008883,23,23
2007-03-05,247111982,6744493094.185152,23,23
2007-03-06,241156989,6528955659.505557,23,23
2007-03-07,251955384,7165500096.933945,23,23
2007-03-08,197176122,5732436614.831575,23,23
2007-03-09,215141415,5702518308.016096,23,23
2007-03-12,215182721,5850422199.4593525,23,23
2007-03-13,259527136,6905119043.706558,23,23
2007-03-14,276957997,7094658913.017888,23,23
2007-03-15,199582738,5484150498.232964,23,23
2007-03-16,304029609,8147696464.392035,23,23
2007-03-19,188495665,5104363583.7733,23,23
2007-03-20,208245388,5412719632.147261,23,23
2007-03-21,248550092,7157778464.834233,23,23
2007-03-22,254661611,8409941885.539167,23,23
2007-03-23,202757719,6014328758.443392,23,23
2007-03-26,207425494,6093413397.337713,23,23
2007-03-27,183220111,5336586812.293755,23,23
2007-03-28,217540329,6358203752.829628,23,23
2007-03-29,201614748,5770892572.614043,23,23
2007-03-30,205555235,6061850907.497597,23,23
2007-04-02,200781178,5322468440.577995,23,23
2007-04-03,217881400,5851198705.679337,23,23
2007-04-04,204081646,5397829885.84502,23,23
2007-04-05,167862232,4519861086.431376,23,23
2007-04-09,150232283,4213046441.346567,23,23
2007-04-10,180396694,4768268338.525385,23,23
2007-04-11,197011076,5680709560.292809,23,23
2007-04-12,174095034,5231705053.11643,23,23
2007-04-13,207252430,6012537327.990538,23,23
2007-04-16,190411351,5575995806.36714,23,23
2007-04-17,246002208,7351716522.600887,23,23
2007-04-18,212811833,6807197806.438637,23,23
2007-04-19,213957148,6670197193.161026,23,23
2007-04-20,283144715,9633401241.13565,23,23
2007-04-23,191290619,6160875578.498157,23,23
2007-04-24,210985839,7138418961.920359,23,23
2007-04-25,234650680,7868905268.0433445,23,23
2007-04-26,211384548,7057081809.441523,23,23
2007-04-27,184800515,7085194352.862593,23,23
2007-04-30,222586692,7393668894.421337,23,23
2007-05-01,229279192,7322740754.752869,23,23
2007-05-02,187253145,6296588682.762808,23,23
2007-05-03,186728799,6046919264.017967,23,23
2007-05-04,186114461,5728791609.807085,23,23
2007-05-07,169993321,5572167159.048822,23,23
2007-05-08,255757153,7006376413.485927,23,23
2007-05-09,195747339,6155326044.502655,23,23
2007-05-10,207604736,6532953760.195946,23,23
2007-05-11,182378206,5739029245.09057,23,23
2007-05-14,186168444,6147073764.352985,23,23
2007-05-15,225833058,7003459526.254833,23,23
2007-05-16,217728422,6438902573.683805,23,23
2007-05-17,210290361,6321773865.048955,23,23
2007-05-18,241270482,7625624445.4274235,23,23
2007-05-21,251485443,7723365158.60861,23,23
2007-05-22,195052909,5923394869.028305,23,23
2007-05-23,202477348,6338731835.235832,23,23
2007-05-24,223424728,7058034529.780675,23,23
2007-05-25,175440928,5312785566.713762,23,23
2007-05-29,190724806,5744561329.4622,23,23
2007-05-30,227197158,7124911821.935575,23,23
2007-05-31,218572958,6827928797.818319,23,23
2007-06-01,205038424,6212736653.465824,23,23
2007-06-04,185931045,5770395450.649949,23,23
2007-06-05,212956874,6508444453.975722,23,23
2007-06-06,218690984,7331206885.5363035,23,23
2007-06-07,266449299,8410528546.808701,23,23
2007-06-08,207597369,6642249401.83355,23,23
2007-06-11,182983246,5401503944.126142,23,23
2007-06-12,216556048,6302008374.053482,23,23
2007-06-13,233506210,7437673654.053801,23,23
2007-06-14,186123184,5971457382.354619,23,23
2007-06-15,275427327,9031444421.934113,23,23
2007-06-18,169061273,5417056001.862052,23,23
2007-06-19,201779914,7319177222.627843,23,23
2007-06-20,226294547,7632554087.123636,23,23
2007-06-21,215268979,7246655399.0683155,23,23
2007-06-22,314061430,9933317843.049107,23,23
2007-06-25,220717167,7103512918.764589,23,23
2007-06-26,261171819,7615951043.239559,23,23
2007-06-27,230477035,7011901042.259877,23,23
2007-06-28,179356370,5636412172.744942,23,23
2007-06-29,219250172,7196583036.636707,23,23
2007-07-02,181553141,5593398149.393555,23,23
2007-07-03,96564382,3293361289.0404377,23,23
2007-07-05,166929399,5210528523.150215,23,23
2007-07-06,165151113,5548939128.619808,23,23
2007-07-09,188162049,6200088779.235533,23,23
2007-07-10,216113901,7316862739.351568,23,23
2007-07-11,209552657,6841099464.054914,23,23
2007-07-12,268554609,8728710100.75775,23,23
2007-07-13,203482375,7653059019.315981,23,23
2007-07-16,211543644,7210141439.411627,23,23
2007-07-17,227617136,8021272343.655058,23,23
2007-07-18,235866791,8240177690.708462,23,23
2007-07-19,217587248,7405553913.036242,23,23
2007-07-20,280449414,10371904089.248238,23,23
2007-07-23,217966949,7481217978.337979,23,23
2007-07-24,231244861,8298270208.392523,23,23
2007-07-25,257807605,9223736411.972523,23,23
2007-07-26,370481200,12766197190.845203,23,23
2007-07-27,310399145,10848043246.192802,23,23
2007-07-30,251836196,8646567695.341398,23,23
2007-07-31,282312182,9702801475.073917,23,23
2007-08-01,307999392,10498806730.002941,23,23
2007-08-02,259089625,8565411973.011972,23,23
2007-08-03,263317903,8681853629.192686,23,23
2007-08-06,289614072,9628708474.507364,23,23
2007-08-07,270747873,9062047956.292374,23,23
2007-08-08,293863420,9366941027.064386,23,23
2007-08-09,340103331,10697587207.261572,23,23
2007-08-10,316854335,10799731357.642315,23,23
2007-08-13,217511809,6971580762.173584,23,23
2007-08-14,254270237,7704067653.070888,23,23
2007-08-15,251065290,8088962660.450966,23,23
2007-08-16,418427643,13331176034.744972,23,23
2007-08-17,344004850,10982612500.010239,23,23
2007-08-20,203512376,6664793699.398487,23,23
2007-08-21,199684507,6294023498.574126,23,23
2007-08-22,192587223,6267632401.696732,23,23
2007-08-23,187958483,6071647982.973737,23,23
2007-08-24,169370947,5610592289.832448,23,23
2007-08-27,149627644,4624097098.300234,23,23
2007-08-28,196024611,6395764108.725697,23,23
2007-08-29,196188518,6223070546.0398655,23,23
2007-08-30,162496283,5346667432.016288,23,23
2007-08-31,191502995,6139163646.094925,23,23
2007-09-04,195505612,6366340155.290995,23,23
2007-09-05,207550264,6779068558.169232,23,23
2007-09-06,181106008,6236121377.036305,23,23
2007-09-07,220161574,7304876319.940662,23,23
2007-09-10,181411097,6290626531.009077,23,23
2007-09-11,193239316,6503218832.881811,23,23
2007-09-12,197690243,6692732018.732418,23,23
2007-09-13,181649939,6246418881.383873,23,23
2007-09-14,181242740,5990025013.118002,23,23
2007-09-17,170163903,5356068203.084999,23,23
2007-09-18,232862317,8346366824.509914,23,23
2007-09-19,248830215,8603674296.199734,23,23
2007-09-20,168993540,6032986779.567396,23,23
2007-09-21,269962828,9213603267.71863,23,23
2007-09-24,190599983,6392409752.208422,23,23
2007-09-25,199081811,6993709629.011357,23,23
2007-09-26,189847028,6788773078.824644,23,23
2007-09-27,163007114,5320114383.4440975,23,23
2007-09-28,175366390,6181634830.615547,23,23
2007-10-01,188092172,6755031836.164524,23,23
2007-10-02,165433561,5814365586.975375,23,23
2007-10-03,150447137,5456797781.383156,23,23
2007-10-04,143551940,5295155664.951317,23,23
2007-10-05,161217842,5768670505.954266,23,23
2007-10-08,115463846,3958656170.2915373,23,23
2007-10-09,153894041,5389643573.637205,23,23
2007-10-10,171014459,6786662726.292409,23,23
2007-10-11,193259125,7246790960.494436,23,23
2007-10-12,151144719,5949731167.001184,23,23
2007-10-15,164970927,6540575121.388592,23,23
2007-10-16,184543256,7139522963.036075,23,23
2007-10-17,230019449,8488173390.688832,23,23
2007-10-18,171860010,6320301989.611158,23,23
2007-10-19,286625758,10635259505.944965,23,23
2007-10-22,208186786,7408146349.493976,23,23
2007-10-23,174642482,6239615624.59198,23,23
2007-10-24,214036525,7931239950.067853,23,23
2007-10-25,203798650,7750604364.245482,23,23
2007-10-26,170803089,5915458690.565422,23,23
2007-10-29,178354226,6467202069.26318,23,23
2007-10-30,168111067,6173354189.540822,23,23
2007-10-31,197092334,7241444718.627924,23,23
2007-11-01,226174413,7984184146.844181,23,23
2007-11-02,212036946,7346925341.950123,23,23
2007-11-05,187168466,6509816925.8945465,23,23
2007-11-06,181425599,6535021455.889379,23,23
2007-11-07,207586487,7382711911.732008,23,23
2007-11-08,310689362,10730788727.494873,23,23
2007-11-09,274739176,9104603100.542084,23,23
2007-11-12,234745147,7871974073.231197,23,23
2007-11-13,235907820,8062085446.653794,23,23
2007-11-14,204420935,7028680290.639408,23,23
2007-11-15,220397089,7339638664.1809435,23,23
2007-11-16,261796624,8823516589.505228,23,23
2007-11-19,262370306,8128063984.174031,23,23
2007-11-20,282620925,8928958267.305012,23,23
2007-11-21,217190002,7747688283.72989,23,23
2007-11-23,91024139,3113666577.556514,23,23
2007-11-26,221377354,7285151909.131514,23,23
2007-11-27,250721123,8431542275.323071,23,23
2007-11-28,265200731,9080001531.473145,23,23
2007-11-29,189173661,6410576593.204431,23,23
2007-11-30,276468258,9665723936.171158,23,23
2007-12-03,188973214,7155578711.913138,23,23
2007-12-04,194238743,6822205874.1061535,23,23
2007-12-05,194943526,7215495400.9528675,23,23
2007-12-06,173171517,6124522389.953341,23,23
2007-12-07,164769090,5688535702.330971,23,23
2007-12-10,165773941,5935784374.121406,23,23
2007-12-11,239734781,8279718476.978523,23,23
2007-12-12,278052344,9732848547.386488,23,23
2007-12-13,196027822,6588358597.414399,23,23
2007-12-14,207262489,6989035017.724355,23,23
2007-12-17,217197130,7213948117.46736,23,23
2007-12-18,216228221,7336582267.741234,23,23
2007-12-19,178822344,6245896818.935356,23,23
2007-12-20,174119328,5569795225.841446,23,23
2007-12-21,312443056,11145501994.166876,23,23
2007-12-24,63280417,2232601678.2085915,23,23
2007-12-26,114576261,4104822277.580353,23,23
2007-12-27,125850636,4344348989.090326,23,23
2007-12-28,127086296,4442575991.287592,23,23
2007-12-31,130302843,4427727300.537933,23,23
2008-01-02,204418051,6985732306.856007,23,23
2008-01-03,178360617,5918671018.405052,23,23
2008-01-04,246547575,7900348143.879686,23,23
2008-01-07,285403486,9010999517.912941,23,23
2008-01-08,316651463,9086488027.93374,23,23
2008-01-09,334512884,10168918001.782375,23,23
2008-01-10,286197272,9034781627.262173,23,23
2008-01-11,253685434,8158057940.562246,23,23
2008-01-14,234761652,7668475977.015308,23,23
2008-01-15,256138011,8795723034.055576,23,23
2008-01-16,326969735,10562591313.177551,23,23
2008-01-17,357943284,11227475729.940931,23,23
2008-01-18,386419175,12641984360.982471,23,23
2008-01-22,440223379,13482584768.33721,23,23
2008-01-23,455399365,14035131154.376574,23,23
2008-01-24,335563306,10250785585.614895,23,23
2008-01-25,343704195,10215847503.562332,23,23
2008-01-28,235011743,7300108195.07786,23,23
2008-01-29,268967300,7659256253.164633,23,23
2008-01-30,282075281,8418483142.032226,23,23
2008-01-31,308673321,9618482377.830956,23,23
2008-02-01,260152216,8569696854.023737,23,23
2008-02-04,189513331,6088021415.502312,23,23
2008-02-05,270280815,8481583363.951132,23,23
2008-02-06,253099734,7669268494.111509,23,23
2008-02-07,331358715,8870315452.641983,23,23
2008-02-08,231316120,6588758928.408111,23,23
2008-02-11,203543211,6262846509.5323305,23,23
2008-02-12,252515994,7555317559.485752,23,23
2008-02-13,235536344,7261520732.440521,23,23
2008-02-14,228759626,6879346703.350453,23,23
2008-02-15,296904964,8682591413.714348,23,23
2008-02-19,245356208,6829282761.539617,23,23
2008-02-20,268154070,7609326791.478558,23,23
2008-02-21,242425092,7557068945.254024,23,23
2008-02-22,204760219,6655164387.956823,23,23
2008-02-25,210371443,6891981747.610108,23,23
2008-02-26,230940890,7691859558.360058,23,23
2008-02-27,205040723,6649014182.254542,23,23
2008-02-28,202048461,6460209775.691132,23,23
2008-02-29,243503009,8008453218.815223,23,23
2008-03-03,200901464,6433448037.272457,23,23
2008-03-04,265992378,8481287270.950266,23,23
2008-03-05,237028611,7688569290.349706,23,23
2008-03-06,225841373,7303255890.489352,23,23
2008-03-07,258597670,8240454037.88573,23,23
2008-03-10,240822023,7826954721.96762,23,23
2008-03-11,286221587,9360688722.842236,23,23
2008-03-12,249711186,8277362450.205064,23,23
2008-03-13,271422898,8824194178.628613,23,23
2008-03-14,318636615,10139535513.095207,23,23
2008-03-17,307298979,10107218259.109732,23,23
2008-03-18,280212887,9577932611.542265,23,23
2008-03-19,296325818,9362758211.426853,23,23
2008-03-20,363155918,12218757778.743889,23,23
2008-03-24,223132866,6961447472.861856,23,23
2008-03-25,212495224,6988535873.028485,23,23
2008-03-26,235608462,7436092519.83448,23,23
2008-03-27,238251185,7107559325.272816,23,23
2008-03-28,184588002,5609515210.569719,23,23
2008-03-31,353737982,9569084132.239515,23,23
2008-04-01,343057594,9241125007.070978,23,23
2008-04-02,279231007,7685676895.802139,23,23
2008-04-03,265402752,7148740612.011034,23,23
2008-04-04,219347397,6257074843.79134,23,23
2008-04-07,226559887,6417451347.423954,23,23
2008-04-08,203732077,6055769258.776568,23,23
2008-04-09,214291572,6989662828.732569,23,23
2008-04-10,232425470,7210187286.658154,23,23
2008-04-11,285607955,13512577170.220263,23,23
2008-04-14,202471176,7154432611.0750675,23,23
2008-04-15,217217467,7113145319.347751,23,23
2008-04-16,284926901,9653828205.836533,23,23
2008-04-17,239447270,8349690349.627298,23,23
2008-04-18,284306368,9839847501.44434,23,23
2008-04-21,188937663,6111636904.617544,23,23
2008-04-22,201703226,6666135623.554724,23,23
2008-04-23,245871063,8073064042.716547,23,23
2008-04-24,225007667,7369098929.108924,23,23
2008-04-25,228790200,7135476787.219127,23,23
2008-04-28,195963559,6138458572.723324,23,23
2008-04-29,326771525,8925974208.026756,23,23
2008-04-30,307458036,9027959670.616283,23,23
2008-05-01,265876447,8558923308.95859,23,23
2008-05-02,212949002,6865582222.021252,23,23
2008-05-05,176736237,5566259404.793317,23,23
2008-05-06,200460928,6624408560.868123,23,23
2008-05-07,279683890,8512922300.10855,23,23
2008-05-08,226052165,6979789518.070217,23,23
2008-05-09,201809255,6232603262.117541,23,23
2008-05-12,249785173,6913690753.18633,23,23
2008-05-13,490779289,10005664266.07557,23,23
2008-05-14,312080274,8206154409.182896,23,23
2008-05-15,257772830,7909719744.465961,23,23
2008-05-16,257385339,8250060315.132784,23,23
2008-05-19,237052826,7711612968.947788,23,23
2008-05-20,252103346,8281100896.454408,23,23
2008-05-21,324138814,10762157538.862976,23,23
2008-05-22,264253408,7944536386.9955635,23,23
2008-05-23,218657405,6826628518.568271,23,23
2008-05-27,219749359,7110608656.213043,23,23
2008-05-28,237231818,7573273431.214457,23,23
2008-05-29,225487354,7375854855.019728,23,23
2008-05-30,227175355,7284015606.984402,23,23
2008-06-02,218196778,6998495145.140856,23,23
2008-06-03,230358774,7663668936.305468,23,23
2008-06-04,235286253,7703749341.648107,23,23
2008-06-05,241429040,7783522758.67905,23,23
2008-06-06,300596655,9911357106.419773,23,23
2008-06-09,222611081,7172832559.336069,23,23
2008-06-10,240868862,7611585077.632685,23,23
2008-06-11,245362916,7881807435.898201,23,23
2008-06-12,253732639,8780848933.271748,23,23
2008-06-13,271029967,8511239415.907626,23,23
2008-06-16,224176533,7046794244.174693,23,23
2008-06-17,226206969,6731485469.0428095,23,23
2008-06-18,251783879,8245108253.94087,23,23
2008-06-19,265050624,8028902309.398754,23,23
2008-06-20,335331363,10461785322.057457,23,23
2008-06-23,225074860,6813943358.649485,23,23
2008-06-24,279188122,7823051123.006309,23,23
2008-06-25,293910489,9414232813.89712,23,23
2008-06-26,301209391,9589467563.523102,23,23
2008-06-27,348722990,10729192990.147125,23,23
2008-06-30,288615476,8680771772.443573,23,23
2008-07-01,337599926,9933899597.518963,23,23
2008-07-02,283776773,8788857472.686705,23,23
2008-07-03,185542013,5637035028.677012,23,23
2008-07-07,308439073,9393691162.003002,23,23
2008-07-08,326795176,10242748898.929142,23,23
2008-07-09,269944396,8289698652.274667,23,23
2008-07-10,316016057,9789850940.324806,23,23
2008-07-11,309279318,9775567619.795485,23,23
2008-07-14,232075349,6966265180.679367,23,23
2008-07-15,349562263,10641697350.50729,23,23
2008-07-16,309512895,9783584711.983757,23,23
2008-07-17,366635392,10493238521.699913,23,23
2008-07-18,300544769,9329830351.111803,23,23
2008-07-21,260728308,7528044265.702404,23,23
2008-07-22,365439669,10202935493.716875,23,23
2008-07-23,297474036,9279057962.23136,23,23
2008-07-24,285979039,8943652013.834522,23,23
2008-07-25,224613939,6974821755.281244,23,23
2008-07-28,205219638,6307014200.845928,23,23
2008-07-29,236863853,6951112220.157914,23,23
2008-07-30,260054293,8017918684.66005,23,23
2008-07-31,318994596,9227572834.006737,23,23
2008-08-01,251840214,6944375113.17006,23,23
2008-08-04,250360129,7565413903.907605,23,23
2008-08-05,296946710,9341482430.555634,23,23
2008-08-06,251470695,7660518922.800839,23,23
2008-08-07,235481940,6974587388.379762,23,23
2008-08-08,256510789,8191938192.019037,23,23
2008-08-11,236413312,7168469025.572743,23,23
2008-08-12,219101991,6740243700.301226,23,23
2008-08-13,218371861,6956731663.448236,23,23
2008-08-14,204770571,6503811322.369213,23,23
2008-08-15,227169416,7039981410.942618,23,23
2008-08-18,214376229,6248804486.900557,23,23
2008-08-19,220250338,6531275345.578493,23,23
2008-08-20,235501050,6651409202.860748,23,23
2008-08-21,184165273,5706354306.199173,23,23
2008-08-22,170723952,5255755383.795716,23,23
2008-08-25,175677258,5465407567.792197,23,23
2008-08-26,155618500,4904665554.435908,23,23
2008-08-27,164238707,4935525204.650187,23,23
2008-08-28,186931721,5688720351.427174,23,23
2008-08-29,188980215,5818351870.760658,23,23
2008-09-02,278027838,8213925799.850702,23,23
2008-09-03,237337454,6925379952.525612,23,23
2008-09-04,277675810,8736304077.435808,23,23
2008-09-05,259673106,7396374389.840473,23,23
2008-09-08,318917975,9587402842.548773,23,23
2008-09-09,351365410,10075311305.79315,23,23
2008-09-10,305144328,9073964421.377075,23,23
2008-09-11,319422646,9616072864.346834,23,23
2008-09-12,261862968,9007649084.997932,23,23
2008-09-15,363663012,11602291931.579182,23,23
2008-09-16,477679707,14095538602.696465,23,23
2008-09-17,463037195,14239778242.690296,23,23
2008-09-18,496289923,15791530178.272017,23,23
2008-09-19,491757269,16501415360.611769,23,23
2008-09-22,275816395,8131082284.379861,23,23
2008-09-23,270738194,7771947349.166161,23,23
2008-09-24,250972704,7185840559.544364,23,23
2008-09-25,297285978,9195668385.429203,23,23
2008-09-26,258207791,7306618220.475176,23,23
2008-09-29,435058873,11984391740.789461,23,23
2008-09-30,355257872,10747234075.990288,23,23
2008-10-01,346025249,11320674289.675632,23,23
2008-10-02,467791544,17274860036.80185,23,23
2008-10-03,385087232,12091851061.502256,23,23
2008-10-06,518865582,14827377319.556675,23,23
2008-10-07,449254333,12409934121.951921,23,23
2008-10-08,574921454,15233676218.061518,23,23
2008-10-09,533219451,13223092282.361448,23,23
2008-10-10,818155794,20398844740.11154,23,23
2008-10-13,481496490,13131228288.667084,23,23
2008-10-14,511223344,13567316683.68519,23,23
2008-10-15,454691282,10632661448.366676,23,23
2008-10-16,536129736,13727483037.50043,23,23
2008-10-17,436252193,10892920459.130821,23,23
2008-10-20,342186563,8899192432.129036,23,23
2008-10-21,337172573,8482561041.499515,23,23
2008-10-22,448901799,10667220251.2601,23,23
2008-10-23,525753750,12521269453.355305,23,23
2008-10-24,424089056,10066329433.51517,23,23
2008-10-27,370855635,8816761587.80772,23,23
2008-10-28,478143526,12686371784.509142,23,23
2008-10-29,450806652,11921303178.112106,23,23
2008-10-30,398105753,10423371237.293285,23,23
2008-10-31,390785396,10396084193.135757,23,23
2008-11-03,300469146,7986534566.023485,23,23
2008-11-04,373351247,10620674965.130566,23,23
2008-11-05,393985462,10769083322.088358,23,23
2008-11-06,450848908,11429481245.111984,23,23
2008-11-07,314131947,8019502930.417909,23,23
2008-11-10,274595937,7003041854.65995,23,23
2008-11-11,313396350,7859377061.84771,23,23
2008-11-12,402168245,9759882109.438828,23,23
2008-11-13,581501919,15582826144.468613,23,23
2008-11-14,414515167,10525307956.846354,23,23
2008-11-17,339349086,8222936844.413077,23,23
2008-11-18,532033091,11847797836.354103,23,23
2008-11-19,448050389,10573462234.897732,23,23
2008-11-20,594298297,13154167592.901783,23,23
2008-11-21,599999211,14274959956.176535,23,23
2008-11-24,492677932,12289924035.723759,23,23
2008-11-25,435802918,10374203078.642803,23,23
2008-11-26,313454002,7931168293.932077,23,23
2008-11-28,142700887,3817786591.769849,23,23
2008-12-01,359929699,8845499625.38389,23,23
2008-12-02,394517985,10506016543.643852,23,23
2008-12-03,395020864,10325592563.042542,23,23
2008-12-04,379787104,9473131664.620907,23,23
2008-12-05,408613628,10127778787.67937,23,23
2008-12-08,417159270,10881096362.933685,23,23
2008-12-09,382235803,9210683999.258,23,23
2008-12-10,303444300,7640292501.792318,23,23
2008-12-11,335143068,8418639497.312609,23,23
2008-12-12,322595704,7880711950.477891,23,23
2008-12-15,292512427,7102226169.891406,23,23
2008-12-16,420108200,10501167690.302776,23,23
2008-12-17,330640139,8475678201.64093,23,23
2008-12-18,378341449,9688540419.197449,23,23
2008-12-19,476038205,11651146581.540829,23,23
2008-12-22,274707936,6587243190.377692,23,23
2008-12-23,227508706,5502145804.988588,23,23
2008-12-24,74316109,1835610759.3499112,23,23
2008-12-26,98151027,2500970573.8292594,23,23
2008-12-29,182761690,4360085003.500351,23,23
2008-12-30,198803514,4836453195.014636,23,23
2008-12-31,220016142,5418516326.755053,23,23
2009-01-02,234854588,6121296158.342449,23,23
2009-01-05,284079585,7362251598.557734,23,23
2009-01-06,336124860,8115541098.372848,23,23
2009-01-07,281576512,6702955840.064926,23,23
2009-01-08,257246977,6121133484.509176,23,23
2009-01-09,253488805,5968314408.950776,23,23
2009-01-12,266184889,6298703135.881233,23,23
2009-01-13,322806672,7888067905.1890955,23,23
2009-01-14,330785418,7846835288.861112,23,23
2009-01-15,379421516,9281156364.311813,23,23
2009-01-16,370252506,8761631643.84602,23,23
2009-01-20,358721238,8346906036.499557,23,23
2009-01-21,359019551,9106675088.750422,23,23
2009-01-22,337935154,8359675387.4768505,23,23
2009-01-23,378875937,9874438300.442661,23,23
2009-01-26,335404841,8168673921.129437,23,23
2009-01-27,267737989,6833206609.583646,23,23
2009-01-28,317983648,8241574441.297776,23,23
2009-01-29,290705759,7078459785.266074,23,23
2009-01-30,379998931,8875183745.155235,23,23
2009-02-02,324709562,7266282251.382775,23,23
2009-02-03,334098234,7612691836.755758,23,23
2009-02-04,320890931,6899656333.271995,23,23
2009-02-05,390548829,8700001920.055836,23,23
2009-02-06,346641224,8229079215.775674,23,23
2009-02-09,275787295,7121716149.87908,23,23
2009-02-10,423435794,9398619362.359299,23,23
2009-02-11,303364894,7120480939.222506,23,23
2009-02-12,376825002,8224247474.989589,23,23
2009-02-13,277703488,5758890620.214889,23,23
2009-02-17,372485219,7905632519.354912,23,23
2009-02-18,335752906,6685180637.849854,23,23
2009-02-19,388532545,7283450732.347678,23,23
2009-02-20,436717885,9660327423.122734,23,23
2009-02-23,396573784,8098915471.015602,23,23
2009-02-24,448955651,9265372668.775543,23,23
2009-02-25,453073531,9278925030.383217,23,23
2009-02-26,347867935,7307128094.294975,23,23
2009-02-27,537526547,10984595158.290142,23,23
2009-03-02,454835870,9055883827.841759,23,23
2009-03-03,502356802,9327274910.593916,23,23
2009-03-04,559819136,11171453754.020721,23,23
2009-03-05,507143753,9440927782.327225,23,23
2009-03-06,468564378,8803240989.570185,23,23
2009-03-09,498975366,8642717823.486935,23,23
2009-03-10,530035026,10480154214.433144,23,23
2009-03-11,410136793,7727431724.310933,23,23
2009-03-12,411365986,8620117211.76096,23,23
2009-03-13,385799884,7611961684.177938,23,23
2009-03-16,349864594,7268075765.915279,23,23
2009-03-17,314164663,6409889949.442031,23,23
2009-03-18,417472336,8799749245.183907,23,23
2009-03-19,372974159,8311045189.285176,23,23
2009-03-20,472191648,10288192555.034693,23,23
2009-03-23,389962023,8847833474.164814,23,23
2009-03-24,326303788,7064572458.098899,23,23
2009-03-25,371948386,8164120486.183658,23,23
2009-03-26,383428748,8063924659.464466,23,23
2009-03-27,306970665,6477185938.106428,23,23
2009-03-30,332549474,6949433820.910513,23,23
2009-03-31,360351054,7764453916.034613,23,23
2009-04-01,320945153,7000159477.126311,23,23
2009-04-02,428228495,9182417579.776588,23,23
2009-04-03,293866249,6527501910.208708,23,23
2009-04-06,259723216,5889332544.741688,23,23
2009-04-07,259035814,5563690255.689619,23,23
2009-04-08,232265956,5001103978.453313,23,23
2009-04-09,292280304,6530131484.962553,23,23
2009-04-13,263418577,6406463083.645117,23,23
2009-04-14,288119906,6644938425.908727,23,23
2009-04-15,286920253,5881841325.309553,23,23
2009-04-16,304901659,6664046397.676861,23,23
2009-04-17,359809176,8359131712.345506,23,23
2009-04-20,301253336,6775410057.639852,23,23
2009-04-21,348219438,7507308766.780966,23,23
2009-04-22,384962217,7842881557.079413,23,23
2009-04-23,306318964,6496017740.895389,23,23
2009-04-24,329227480,7119575934.808361,23,23
2009-04-27,276680135,5927102152.302002,23,23
2009-04-28,255901710,5626212332.859222,23,23
2009-04-29,305191885,6743701309.098102,23,23
2009-04-30,413952033,8731543218.722397,23,23
2009-05-01,259109509,5721861875.557169,23,23
2009-05-04,303917977,6853426295.087212,23,23
2009-05-05,272012466,6009891912.24764,23,23
2009-05-06,347237515,8142021631.815868,23,23
2009-05-07,361402334,8138548716.895801,23,23
2009-05-08,329497515,7920224056.941952,23,23
2009-05-11,252672659,6088054184.23887,23,23
2009-05-12,295066089,6789657846.567524,23,23
2009-05-13,287731396,6456943711.812747,23,23
2009-05-14,276647216,5961784103.5175295,23,23
2009-05-15,308682718,6649583759.375206,23,23
2009-05-18,278387466,6164180178.050795,23,23
2009-05-19,286253123,6299356992.3061075,23,23
2009-05-20,366075313,7487766125.981953,23,23
2009-05-21,294341772,6351968010.119276,23,23
2009-05-22,203158043,4361028522.404381,23,23
2009-05-26,280711422,6363951057.845626,23,23
2009-05-27,259514799,5949146394.033518,23,23
2009-05-28,270309559,6060265202.938799,23,23
2009-05-29,317123103,6963330887.743065,23,23
2009-06-01,305086289,7071819250.899254,23,23
2009-06-02,261794697,6007260405.562714,23,23
2009-06-03,264978731,6068979245.154134,23,23
2009-06-04,246273110,5634748416.589966,23,23
2009-06-05,288942855,6707201002.899743,23,23
2009-06-08,246959645,5571224613.988253,23,23
2009-06-09,238442501,5491987061.337572,23,23
2009-06-10,286100957,6546717326.710941,23,23
2009-06-11,275178296,6577908057.001284,23,23
2009-06-12,239864297,5464129057.226017,23,23
2009-06-15,255965783,6096264222.994119,23,23
2009-06-16,264155483,6065324224.620625,23,23
2009-06-17,293365449,6711744676.608146,23,23
2009-06-18,275769142,6403865422.704849,23,23
2009-06-19,389804832,8890952462.455248,23,23
2009-06-22,298329863,6501576531.896595,23,23
2009-06-23,297348652,6405079142.759621,23,23
2009-06-24,294103898,6280703494.746942,23,23
2009-06-25,294112091,6672072430.7003,23,23
2009-06-26,335953389,7499071394.141488,23,23
2009-06-29,242763752,5219531842.701902,23,23
2009-06-30,299515487,6729876523.329307,23,23
2009-07-01,250035395,5542590342.401183,23,23
2009-07-02,260831190,5736435205.2871475,23,23
2009-07-06,252832434,5780185338.078308,23,23
2009-07-07,267139206,5859584138.214416,23,23
2009-07-08,305845239,6902013382.555022,23,23
2009-07-09,228915363,5013891800.341407,23,23
2009-07-10,240494314,5296737728.267705,23,23
2009-07-13,260149845,6176616129.300449,23,23
2009-07-14,232701516,5366227353.446469,23,23
2009-07-15,287328327,6710647979.908592,23,23
2009-07-16,268253760,6344331981.983491,23,23
2009-07-17,273936931,7312258952.001053,23,23
2009-07-20,243122130,5854762661.282346,23,23
2009-07-21,335828346,7915594929.511875,23,23
2009-07-22,258590078,6053733389.793799,23,23
2009-07-23,345586832,8004797886.526725,23,23
2009-07-24,232741578,5479263091.990858,23,23
2009-07-27,219687071,5244052593.941138,23,23
2009-07-28,244516199,6068643709.052776,23,23
2009-07-29,245119551,5797731642.403223,23,23
2009-07-30,324784772,8256178668.1174345,23,23
2009-07-31,294176248,7212535382.071592,23,23
2009-08-03,256601124,6484843108.5793705,23,23
2009-08-04,256333725,6365007352.235595,23,23
2009-08-05,242511223,6167505693.369762,23,23
2009-08-06,258534422,6596319052.930858,23,23
2009-08-07,255571253,6269071843.625944,23,23
2009-08-10,208444039,5183302179.781885,23,23
2009-08-11,201430800,5102288500.359325,23,23
2009-08-12,248254527,5736624744.621478,23,23
2009-08-13,229474053,5445769328.362458,23,23
2009-08-14,212923537,5188998534.296951,23,23
2009-08-17,235272966,5791491212.309529,23,23
2009-08-18,228080851,5087289381.143377,23,23
2009-08-19,263208009,6092295048.447514,23,23
2009-08-20,195304818,4699270059.290966,23,23
2009-08-21,280550070,7119176326.126898,23,23
2009-08-24,245153490,6109897943.370678,23,23
2009-08-25,254827544,6094353245.818719,23,23
2009-08-26,211421224,5082032867.784708,23,23
2009-08-27,238490383,5895018624.235439,23,23
2009-08-28,226852126,5558984937.095176,23,23
2009-08-31,255169142,6283397189.350453,23,23
2009-09-01,300875837,7249090270.207568,23,23
2009-09-02,257236956,5688534823.92141,23,23
2009-09-03,212097918,4987124513.855937,23,23
2009-09-04,184368934,4573263636.187012,23,23
2009-09-08,256864365,6779811512.908535,23,23
2009-09-09,259969053,6866389359.338488,23,23
2009-09-10,278421869,7061537926.6724205,23,23
2009-09-11,287251635,6752013550.853659,23,23
2009-09-14,271209613,6721226815.090694,23,23
2009-09-15,356907554,8680639442.184925,23,23
2009-09-16,343841247,9689982896.380978,23,23
2009-09-17,336238536,9297774008.82289,23,23
2009-09-18,460321781,11280887469.896126,23,23
2009-09-21,250384286,6147809220.559236,23,23
2009-09-22,232698822,5890338035.190326,23,23
2009-09-23,277471776,7156162873.114387,23,23
2009-09-24,264363307,6853798689.871117,23,23
2009-09-25,259134386,6482411721.6475935,23,23
2009-09-28,212065153,5391318277.115162,23,23
2009-09-29,250948543,5935103722.959701,23,23
2009-09-30,334113738,8467352096.173996,23,23
2009-10-01,332920387,7906695457.294668,23,23
2009-10-02,283059761,7185081388.140635,23,23
2009-10-05,234809635,5823280513.71563,23,23
2009-10-06,256685094,6621262395.626515,23,23
2009-10-07,191707061,4884455542.529829,23,23
2009-10-08,228785558,5948771858.94359,23,23
2009-10-09,204266584,5456705161.0247555,23,23
2009-10-12,190000328,4995826117.967487,23,23
2009-10-13,227186033,6109931297.482391,23,23
2009-10-14,270444789,7415843148.769711,23,23
2009-10-15,293548832,7709888107.40683,23,23
2009-10-16,323389006,9292273914.272072,23,23
2009-10-19,275606215,7277840874.989435,23,23
2009-10-20,293162449,8240507136.90517,23,23
2009-10-21,275156942,7237244231.260267,23,23
2009-10-22,256307480,7309788793.247528,23,23
2009-10-23,236166862,6345986277.7328615,23,23
2009-10-26,251223484,6855136812.747689,23,23
2009-10-27,248970178,7013797225.376701,23,23
2009-10-28,283728904,7716118929.557438,23,23
2009-10-29,323601759,8699846860.649065,23,23
2009-10-30,358578579,9604678490.338139,23,23
2009-11-02,268169591,7181268091.552673,23,23
2009-11-03,299752298,7294545369.416399,23,23
2009-11-04,264845080,6912293534.255344,23,23
2009-11-05,229339015,6138222427.07475,23,23
2009-11-06,236411994,6800681886.0111065,23,23
2009-11-09,268969460,7420717280.50823,23,23
2009-11-10,232986931,6391640601.932057,23,23
2009-11-11,221690417,6030443038.068673,23,23
2009-11-12,233475930,6131535384.557279,23,23
2009-11-13,221936261,5873034676.37962,23,23
2009-11-16,266033275,7379284424.695938,23,23
2009-11-17,210419499,5590619614.005695,23,23
2009-11-18,216939970,5644155829.900242,23,23
2009-11-19,231254498,6070767736.835303,23,23
2009-11-20,258979298,6766782547.394128,23,23
2009-11-23,238175813,6454004988.245393,23,23
2009-11-24,219419318,5824765263.066654,23,23
2009-11-25,172497830,4565424361.035883,23,23
2009-11-27,142615396,3927650430.3504124,23,23
2009-11-30,244602375,6646582659.442444,23,23
2009-12-01,241375743,6769241869.630423,23,23
2009-12-02,213264602,5680946950.435526,23,23
2009-12-03,228616098,6109586844.91861,23,23
2009-12-04,287338040,7664232775.061383,23,23
2009-12-07,211169514,5515328610.845013,23,23
2009-12-08,361083955,7216821690.250858,23,23
2009-12-09,268960680,6275360404.539896,23,23
2009-12-10,256992541,6637399658.293801,23,23
2009-12-11,240183894,6067687923.564786,23,23
2009-12-14,292702199,8446984405.224147,23,23
2009-12-15,281315530,8075282393.368811,23,23
2009-12-16,301097639,8283441008.025101,23,23
2009-12-17,269038762,7359533227.083754,23,23
2009-12-18,403832981,11171084662.882193,23,23
2009-12-21,219939770,5907314282.878527,23,23
2009-12-22,186987832,5169727504.344311,23,23
2009-12-23,168372358,4348753684.010581,23,23
2009-12-24,75255063,2075262963.109398,23,23
2009-12-28,150883212,4205614292.2512493,23,23
2009-12-29,135935819,3952958912.6528177,23,23
2009-12-30,132067869,3786542551.326682,23,23
2009-12-31,164166647,4364769612.420898,23,23
2010-01-04,219450605,6321281431.932164,23,23
2010-01-05,255944042,7046530672.817891,23,23
2010-01-06,263461977,7083427124.6044235,23,23
2010-01-07,265314209,8248366473.382028,23,23
2010-01-08,238235552,6745731588.258028,23,23
2010-01-11,249225887,7496946855.477866,23,23
2010-01-12,263608256,7470851117.966906,23,23
2010-01-13,235977723,6871295155.228836,23,23
2010-01-14,205713407,5758678404.132253,23,23
2010-01-15,284018061,8211572661.642311,23,23
2010-01-19,242567943,7269927550.413192,23,23
2010-01-20,265297722,7788760268.356275,23,23
2010-01-21,340837849,9208539780.94106,23,23
2010-01-22,344151470,9815368207.1297,23,23
2010-01-25,237551733,6446934186.819884,23,23
2010-01-26,260437420,7413193438.097525,23,23
2010-01-27,324676505,9501313188.706293,23,23
2010-01-28,353171667,9709517060.701883,23,23
2010-01-29,347687726,9510331449.785908,23,23
2010-02-01,246853702,6888574634.528797,23,23
2010-02-02,281724947,8246351502.399886,23,23
2010-02-03,246934174,6615103230.815737,23,23
2010-02-04,339133681,9153631146.1521,23,23
2010-02-05,359044687,10069705620.721653,23,23
2010-02-08,244619407,6436277151.982838,23,23
2010-02-09,295142585,8036321008.773379,23,23
2010-02-10,232995077,6223506782.659611,23,23
2010-02-11,243164707,6525941108.118197,23,23
2010-02-12,289106992,7965138479.729603,23,23
2010-02-16,250358687,6962272369.114981,23,23
2010-02-17,233771389,6221484340.362281,23,23
2010-02-18,235214000,6189493619.944777,23,23
2010-02-19,237897192,6752239954.005425,23,23
2010-02-22,195554947,5320057506.884306,23,23
2010-02-23,242517751,6672032961.024122,23,23
2010-02-24,213498669,5685084284.14453,23,23
2010-02-25,294905758,7215481073.900576,23,23
2010-02-26,266674160,6396811084.711396,23,23
2010-03-01,224882696,5791368217.345197,23,23
2010-03-02,231224174,6028627803.053014,23,23
2010-03-03,231185330,6286433073.390826,23,23
2010-03-04,211658268,5941306519.327361,23,23
2010-03-05,236052446,6718343426.042547,23,23
2010-03-08,237560615,6642807230.994953,23,23
2010-03-09,258252251,6905167460.76793,23,23
2010-03-10,238375944,6795422744.234428,23,23
2010-03-11,223141702,6220479226.801746,23,23
2010-03-12,232358814,6628992603.257783,23,23
2010-03-15,213709707,6485053913.514525,23,23
2010-03-16,268689962,9038481835.843967,23,23
2010-03-17,286749593,8484955538.021274,23,23
2010-03-18,224956292,6811365096.447613,23,23
2010-03-19,395664433,11757995817.75227,23,23
2010-03-22,229831649,6441315301.525938,23,23
2010-03-23,223120378,7024976693.251523,23,23
2010-03-24,247423025,7509640355.60169,23,23
2010-03-25,260579081,7846873920.525738,23,23
2010-03-26,238917160,7188999840.409564,23,23
2010-03-29,202263669,6366303134.878885,23,23
2010-03-30,188053310,5476736163.783478,23,23
2010-03-31,219547209,6341481070.629038,23,23
2010-04-01,203507820,5753095232.379031,23,23
2010-04-05,189367000,5722602648.268425,23,23
2010-04-06,196284279,5719192791.393528,23,23
2010-04-07,241645780,6753751902.929045,23,23
2010-04-08,201678547,5795581991.087518,23,23
2010-04-09,187015947,5657928038.641601,23,23
2010-04-12,190989804,5818999672.659171,23,23
2010-04-13,196550593,6454474248.837701,23,23
2010-04-14,214554475,6482527660.542109,23,23
2010-04-15,228372303,6935116813.982052,23,23
2010-04-16,339665078,10499336234.28596,23,23
2010-04-19,228061723,7229489739.006151,23,23
2010-04-20,245625098,7640937347.404536,23,23
2010-04-21,243154754,7306328725.815728,23,23
2010-04-22,265650832,7875086646.541219,23,23
2010-04-23,238736356,7079135524.5347,23,23
2010-04-26,238731384,7197922850.859399,23,23
2010-04-27,305236056,9596117386.642807,23,23
2010-04-28,268107709,8181538392.162275,23,23
2010-04-29,299792118,8915725183.286999,23,23
2010-04-30,295047316,9062284936.16588,23,23
2010-05-03,228272927,6959889938.179075,23,23
2010-05-04,324453550,9314678631.705595,23,23
2010-05-05,288484970,8463134094.009768,23,23
2010-05-06,535547849,15191144265.922009,23,23
2010-05-07,516006561,14065282473.800505,23,23
2010-05-10,364218237,10684431839.459436,23,23
2010-05-11,282928363,7999351667.180636,23,23
2010-05-12,280948583,8272441031.826439,23,23
2010-05-13,243396317,7029278753.716099,23,23
2010-05-14,333193505,9212723107.31811,23,23
2010-05-17,279352504,7904021798.351206,23,23
2010-05-18,315531282,8901141902.149815,23,23
2010-05-19,363447920,10326459340.4744,23,23
2010-05-20,467151514,13075446814.776266,23,23
2010-05-21,442088528,12178342326.508532,23,23
2010-05-24,272981809,7043202344.671388,23,23
2010-05-25,414327285,10869373107.98621,23,23
2010-05-26,379665862,9438275959.351154,23,23
2010-05-27,336997166,8811444616.641212,23,23
2010-05-28,320296267,8296262866.313497,23,23
2010-06-01,288469630,7693814037.481999,23,23
2010-06-02,289298876,7666074266.031241,23,23
2010-06-03,259487448,7100404901.033354,23,23
2010-06-04,355791758,9809141702.73629,23,23
2010-06-07,273837974,7129503261.108403,23,23
2010-06-08,346276181,9097068909.640255,23,23
2010-06-09,312501371,7639847646.015442,23,23
2010-06-10,323898014,8123734987.023057,23,23
2010-06-11,252857027,6812635914.898232,23,23
2010-06-14,249973733,6538808905.6544895,23,23
2010-06-15,264870134,7192096209.115851,23,23
2010-06-16,243514333,6746400729.325589,23,23
2010-06-17,266821473,6717689375.453665,23,23
2010-06-18,309402305,8514067464.497019,23,23
2010-06-21,230884126,6515793850.593686,23,23
2010-06-22,247351780,6551267801.193785,23,23
2010-06-23,264444293,7581045076.016051,23,23
2010-06-24,276192420,7625939851.486532,23,23
2010-06-25,558565009,15547792641.722113,23,23
2010-06-28,281693200,7065631001.292575,23,23
2010-06-29,382392131,10174110243.588764,23,23
2010-06-30,343978314,8747064846.537535,23,23
2010-07-01,368067938,9590343166.33471,23,23
2010-07-02,247088209,6394425453.131075,23,23
2010-07-06,285739637,7342070365.0624695,23,23
2010-07-07,302974829,8144725910.253767,23,23
2010-07-08,266096280,7244242552.328222,23,23
2010-07-09,198113711,5279396923.959029,23,23
2010-07-12,177954336,4724987132.297844,23,23
2010-07-13,240268198,6655792068.878857,23,23
2010-07-14,214526020,5909411639.657373,23,23
2010-07-15,229746861,6625566864.207525,23,23
2010-07-16,276275283,7966954749.568847,23,23
2010-07-19,198561694,5524046340.674456,23,23
2010-07-20,269277404,7725496168.791156,23,23
2010-07-21,289662761,7740243437.956198,23,23
2010-07-22,287766217,7729632235.088303,23,23
2010-07-23,262405233,7070656608.6777,23,23
2010-07-26,222365558,6164190434.429443,23,23
2010-07-27,238759781,6749313352.51515,23,23
2010-07-28,195935079,5478355144.661508,23,23
2010-07-29,273482109,7713967284.420815,23,23
2010-07-30,244302233,7051088972.869036,23,23
2010-08-02,249780783,6892808410.940723,23,23
2010-08-03,223523278,6579346128.537609,23,23
2010-08-04,222136692,6125402667.345736,23,23
2010-08-05,194407390,5485681816.052282,23,23
2010-08-06,248536015,6351750587.810845,23,23
2010-08-09,585441124,9741700238.256363,23,23
2010-08-10,349174122,7696231787.428846,23,23
2010-08-11,337199806,7941059445.231423,23,23
2010-08-12,291339686,6602415793.355307,23,23
2010-08-13,213418901,5178427615.044013,23,23
2010-08-16,197183384,4966629413.488746,23,23
2010-08-17,230607761,5980348318.3949175,23,23
2010-08-18,220963951,5401351568.671909,23,23
2010-08-19,250932535,6548076451.477605,23,23
2010-08-20,266023992,6515680063.313855,23,23
2010-08-23,254029132,5853407009.630827,23,23
2010-08-24,290644442,7491997810.811362,23,23
2010-08-25,261246318,6475668708.489044,23,23
2010-08-26,213258583,5665826023.429801,23,23
2010-08-27,276481093,6537200198.514156,23,23
2010-08-30,197027744,4454526254.39091,23,23
2010-08-31,279943279,6779527849.979736,23,23
2010-09-01,264205397,6994734632.056718,23,23
2010-09-02,190696269,5015135350.701296,23,23
2010-09-03,204742524,5481104461.636064,23,23
2010-09-07,244252419,5605212434.742075,23,23
2010-09-08,280249339,6286996824.750551,23,23
2010-09-09,200934546,5174906104.353238,23,23
2010-09-10,213008375,5119111643.367934,23,23
2010-09-13,252111405,6241141634.305428,23,23
2010-09-14,271299920,6252272206.527679,23,23
2010-09-15,218282204,5707878604.844612,23,23
2010-09-16,211558956,5268120131.064878,23,23
2010-09-17,326836666,8907012494.11174,23,23
2010-09-20,235060998,6155954570.514642,23,23
2010-09-21,245182557,6614973008.056759,23,23
2010-09-22,211673093,5508179664.22144,23,23
2010-09-23,225468100,5711699467.887139,23,23
2010-09-24,251585540,7256178977.619566,23,23
2010-09-27,197190609,5267361290.793751,23,23
2010-09-28,250538927,6603174077.436987,23,23
2010-09-29,232625486,6048044125.934142,23,23
2010-09-30,270888613,7452687808.253362,23,23
2010-10-01,322952593,7319902756.2264,23,23
2010-10-04,202676672,5300554328.470154,23,23
2010-10-05,292517351,7644948760.885237,23,23
2010-10-06,236040880,6398732254.933472,23,23
2010-10-07,231720218,6683195754.485659,23,23
2010-10-08,237187339,6958216323.715087,23,23
2010-10-11,152545406,4299270530.183134,23,23
2010-10-12,229255512,6840525730.004377,23,23
2010-10-13,256194586,7298529149.781491,23,23
2010-10-14,191642420,5456938774.639317,23,23
2010-10-15,290813066,8903664293.04922,23,23
2010-10-18,229385475,6790478550.728748,23,23
2010-10-19,288272707,8431176835.381973,23,23
2010-10-20,243121780,7104378560.065119,23,23
2010-10-21,243921009,7374344154.22585,23,23
2010-10-22,147802728,4287934967.180358,23,23
2010-10-25,189702239,5525231527.255032,23,23
2010-10-26,193177091,5677657666.3841095,23,23
2010-10-27,241476476,6880028296.687143,23,23
2010-10-28,240308296,7176816119.592781,23,23
2010-10-29,220095334,6377233800.298019,23,23
2010-11-01,202008693,6145591911.288036,23,23
2010-11-02,206264839,6178800904.615144,23,23
2010-11-03,223796434,6516095150.109307,23,23
2010-11-04,292735322,9029099221.295498,23,23
2010-11-05,231730428,7017905750.47558,23,23
2010-11-08,196687912,5841289656.492635,23,23
2010-11-09,235564474,7034742760.923918,23,23
2010-11-10,226435016,6751928663.38007,23,23
2010-11-11,260547060,7580822955.2793455,23,23
2010-11-12,289450635,8354695045.093924,23,23
2010-11-15,216483077,6694372722.252169,23,23
2010-11-16,298956684,8833348780.733627,23,23
2010-11-17,236211893,6104342787.66116,23,23
2010-11-18,242233016,6814385911.929563,23,23
2010-11-19,251694991,7130131896.221499,23,23
2010-11-22,256047837,6664617067.751248,23,23
2010-11-23,309995216,7655433389.5421295,23,23
2010-11-24,218096270,6002967390.738314,23,23
2010-11-26,94661576,2520941700.583848,23,23
2010-11-29,224207061,6179276100.783163,23,23
2010-11-30,314707375,8477025669.332536,23,23
2010-12-01,308372902,8699805365.455082,23,23
2010-12-02,341357580,8310669149.425999,23,23
2010-12-03,234415953,6055279819.00947,23,23
2010-12-06,206344987,5312323865.947501,23,23
2010-12-07,269996654,8041516029.647473,23,23
2010-12-08,209695344,5890317689.227037,23,23
2010-12-09,198420140,5588699109.19232,23,23
2010-12-10,242089105,7190974439.762171,23,23
2010-12-13,267261369,7331934495.3491745,23,23
2010-12-14,219980201,6662642169.32847,23,23
2010-12-15,233966270,6959968768.776453,23,23
2010-12-16,247448718,6981473325.203064,23,23
2010-12-17,313950746,9682457287.4439,23,23
2010-12-20,190996134,5640024734.6066265,23,23
2010-12-21,186175487,5374815610.447915,23,23
2010-12-22,164971905,4722116344.8405905,23,23
2010-12-23,123100380,3647931794.9113245,23,23
2010-12-27,101546760,3111427396.51266,23,23
2010-12-28,118573012,3721750587.9526863,23,23
2010-12-29,108445978,3422438016.7212486,23,23
2010-12-30,102297430,3111877079.517027,23,23
2010-12-31,111632491,3425040068.4282465,23,23
2011-01-03,229896590,6765193348.0466175,23,23
2011-01-04,265627327,8094313247.72399,23,23
2011-01-05,247647343,7092415968.067427,23,23
2011-01-06,223405830,6562502389.680677,23,23
2011-01-07,216228650,6429568409.4813795,23,23
2011-01-10,195379345,6071425100.728318,23,23
2011-01-11,210449047,5857327790.8538,23,23
2011-01-12,193847322,6061608589.487459,23,23
2011-01-13,245892123,6846253232.191493,23,23
2011-01-14,213235885,6343177831.945909,23,23
2011-01-18,269962163,8628879798.669369,23,23
2011-01-19,239045494,7945776247.221853,23,23
2011-01-20,255623851,7977673045.084696,23,23
2011-01-21,306104254,10300992429.178871,23,23
2011-01-24,243136438,8024923783.549419,23,23
2011-01-25,264370668,8906105824.747692,23,23
2011-01-26,244952283,8230786428.751678,23,23
2011-01-27,223313214,7464768136.551287,23,23
2011-01-28,266884649,8905164984.545555,23,23
2011-01-31,259303232,8198240454.501707,23,23
2011-02-01,248569319,8556951251.826318,23,23
2011-02-02,189185549,6178397282.612384,23,23
2011-02-03,237745187,6903538863.92658,23,23
2011-02-04,196189758,6168422670.872009,23,23
2011-02-07,217260710,6456375376.589268,23,23
2011-02-08,170145296,5899138266.201409,23,23
2011-02-09,236778024,7709314394.350361,23,23
2011-02-10,211738144,6891536637.875992,23,23
2011-02-11,188664056,6169037472.619734,23,23
2011-02-14,179148002,6152710928.528577,23,23
2011-02-15,195544305,6311538261.055928,23,23
2011-02-16,183778763,5689420996.605356,23,23
2011-02-17,170687885,5142933890.629485,23,23
2011-02-18,217723233,7351640775.727563,23,23
2011-02-22,284830645,9104874157.987944,23,23
2011-02-23,449446569,11920933100.742651,23,23
2011-02-24,335961711,9520222023.804817,23,23
2011-02-25,215240718,6714445910.489121,23,23
2011-02-28,267578165,7911908756.729698,23,23
2011-03-01,266763429,8199427511.717995,23,23
2011-03-02,211866766,6513340504.119604,23,23
2011-03-03,307899964,7982575118.263538,23,23
2011-03-04,319311626,8599723253.54436,23,23
2011-03-07,276358617,7960430599.680568,23,23
2011-03-08,202593962,6608671581.406008,23,23
2011-03-09,201417239,6432372500.586363,23,23
2011-03-10,263609987,8757948478.43544,23,23
2011-03-11,197646172,6258622457.506422,23,23
2011-03-14,224313335,7217066146.312426,23,23
2011-03-15,292759608,9886171868.207403,23,23
2011-03-16,359869506,11926126069.270735,23,23
2011-03-17,265654573,8221652865.679082,23,23
2011-03-18,341709277,10347308243.121529,23,23
2011-03-21,214633618,6706374798.980132,23,23
2011-03-22,193760340,5962460131.840568,23,23
2011-03-23,189957199,6077127117.144574,23,23
2011-03-24,189258009,6019785488.652012,23,23
2011-03-25,178886170,5949037729.315777,23,23
2011-03-28,167628450,5259881149.213694,23,23
2011-03-29,204763703,5880823432.326575,23,23
2011-03-30,201383130,6196156658.819026,23,23
2011-03-31,187974710,5948230513.247656,23,23
2011-04-01,202229356,6224947251.60203,23,23
2011-04-04,185128180,5736212906.552908,23,23
2011-04-05,174416682,5714745273.152783,23,23
2011-04-06,186428569,5883372854.121613,23,23
2011-04-07,190328138,6229601408.155325,23,23
2011-04-08,171825789,5482081522.703243,23,23
2011-04-11,173756885,5286684800.529544,23,23
2011-04-12,203539825,6848556900.968098,23,23
2011-04-13,163447369,5533214628.94509,23,23
2011-04-14,208468633,6379454512.580685,23,23
2011-04-15,237249887,7440285128.759156,23,23
2011-04-18,227410294,7646546609.241835,23,23
2011-04-19,196033688,6701265658.188987,23,23
2011-04-20,222170822,7711639819.469038,23,23
2011-04-21,185302021,6903288064.279497,23,23
2011-04-25,146360958,4731439428.620977,23,23
2011-04-26,248970303,8073280631.56464,23,23
2011-04-27,227142653,8081021019.32028,23,23
2011-04-28,222953864,7343871211.030811,23,23
2011-04-29,203280734,7352979187.876,23,23
2011-05-02,201502434,6893760765.619152,23,23
2011-05-03,190293799,6566924973.691986,23,23
2011-05-04,245812270,8376363420.233683,23,23
2011-05-05,220784729,8099414515.1130295,23,23
2011-05-06,207755862,7248751130.464951,23,23
2011-05-09,151304941,5295862618.341576,23,23
2011-05-10,166127181,5934854386.345345,23,23
2011-05-11,234145779,8313035393.82309,23,23
2011-05-12,218931204,7593717086.212097,23,23
2011-05-13,188499280,6643044686.69111,23,23
2011-05-16,222584118,6821675863.788673,23,23
2011-05-17,419748174,10365410426.52962,23,23
2011-05-18,260043958,7191492690.675371,23,23
2011-05-19,206403570,6179282502.624782,23,23
2011-05-20,210865863,6754367263.041958,23,23
2011-05-23,220313275,6669422379.111749,23,23
2011-05-24,213376571,6327850615.504918,23,23
2011-05-25,228828326,6755134523.270329,23,23
2011-05-26,227386223,6714171044.677451,23,23
2011-05-27,171451434,5275797066.493826,23,23
2011-05-31,254537196,8309329312.260859,23,23
2011-06-01,231804223,7456412123.134061,23,23
2011-06-02,201180344,6296127556.785552,23,23
2011-06-03,218113793,6834802200.092485,23,23
2011-06-06,182654550,5893707376.87319,23,23
2011-06-07,199805830,6087147811.647532,23,23
2011-06-08,213785837,6772224782.312404,23,23
2011-06-09,187249028,5968458443.432718,23,23
2011-06-10,207872637,6778302944.923953,23,23
2011-06-13,213031087,6338083305.022556,23,23
2011-06-14,218324677,6714630615.132466,23,23
2011-06-15,253534644,7552949249.024937,23,23
2011-06-16,267632963,7179306800.187544,23,23
2011-06-17,304523043,8613772077.350557,23,23
2011-06-20,198877334,5689144313.252428,23,23
2011-06-21,214930235,6939031894.527216,23,23
2011-06-22,195033437,6119349281.481193,23,23
2011-06-23,280527341,9021375967.760637,23,23
2011-06-24,326240927,9275734024.862036,23,23
2011-06-27,186866301,5696156518.292421,23,23
2011-06-28,191989730,5966948156.966612,23,23
2011-06-29,196202342,6224047707.212646,23,23
2011-06-30,230141078,7136369698.094549,23,23
2011-07-01,191582183,6681529013.865732,23,23
2011-07-05,194402309,6301627911.719767,23,23
2011-07-06,177744915,5872336788.970852,23,23
2011-07-07,186906995,6492588639.493063,23,23
2011-07-08,190578856,6569152586.278049,23,23
2011-07-11,196141118,6472812459.727478,23,23
2011-07-12,206873416,7089344999.065945,23,23
2011-07-13,184208962,6386110086.301805,23,23
2011-07-14,203419282,6866857886.014566,23,23
2011-07-15,227150327,7781809173.876547,23,23
2011-07-18,192476880,6771981903.719543,23,23
2011-07-19,223535933,7907250476.553963,23,23
2011-07-20,190719921,6223809241.193005,23,23
2011-07-21,234577290,7734340402.51845,23,23
2011-07-22,206860864,7690239191.99772,23,23
2011-07-25,192654865,6243597526.148241,23,23
2011-07-26,186871688,6741810226.322645,23,23
2011-07-27,246883468,8482092128.36711,23,23
2011-07-28,220597506,7292949324.656361,23,23
2011-07-29,280865290,9170520711.149767,23,23
2011-08-01,259101251,8683346556.813555,23,23
2011-08-02,278188809,9282523641.3388,23,23
2011-08-03,307203690,10090274642.43417,23,23
2011-08-04,418546803,13413919265.860586,23,23
2011-08-05,491930784,15280171439.992884,23,23
2011-08-08,565823516,17264045915.597122,23,23
2011-08-09,588499913,18282593645.10318,23,23
2011-08-10,550945478,16132976736.478676,23,23
2011-08-11,466955881,14791103340.423834,23,23
2011-08-12,336353900,10589865192.83463,23,23
2011-08-15,294139888,9603906126.272802,23,23
2011-08-16,258700622,7964350715.166349,23,23
2011-08-17,241742838,7057527265.602028,23,23
2011-08-18,563958393,13898692781.467064,23,23
2011-08-19,578795605,12150744815.104012,23,23
2011-08-22,357709422,8459403763.724086,23,23
2011-08-23,349459470,9830135401.952314,23,23
2011-08-24,266246989,7401528606.468502,23,23
2011-08-25,283076495,8180031925.990164,23,23
2011-08-26,256784387,7602685642.128628,23,23
2011-08-29,213985680,6263105493.235558,23,23
2011-08-30,257264569,7319382640.027008,23,23
2011-08-31,264713733,8168307088.465265,23,23
2011-09-01,227719667,7120688756.908656,23,23
2011-09-02,215631313,6652029632.257069,23,23
2011-09-06,305965058,8498298765.887801,23,23
2011-09-07,243075274,7350354234.051403,23,23
2011-09-08,325584353,9055488246.74133,23,23
2011-09-09,425842380,10731557594.147001,23,23
2011-09-12,319356111,9274263400.054295,23,23
2011-09-13,256667853,7370686011.300832,23,23
2011-09-14,274072757,8304881366.317581,23,23
2011-09-15,226447798,6898958970.183637,23,23
2011-09-16,336456713,10920004113.979595,23,23
2011-09-19,221480552,6646610126.583065,23,23
2011-09-20,227340785,6495091767.928301,23,23
2011-09-21,409225736,8750528322.897514,23,23
2011-09-22,492075329,12628151262.476854,23,23
2011-09-23,381131841,8403405798.219194,23,23
2011-09-26,323889890,8738848230.211609,23,23
2011-09-27,315020931,8507913386.305071,23,23
2011-09-28,249948454,7126708221.451143,23,23
2011-09-29,282403090,7813845628.563576,23,23
2011-09-30,339771951,8894746991.223217,23,23
2011-10-03,340125634,9494488332.47916,23,23
2011-10-04,377013039,10823273725.812119,23,23
2011-10-05,307740719,8570206927.841279,23,23
2011-10-06,270427120,7780717198.812782,23,23
2011-10-07,274883829,7755663061.600306,23,23
2011-10-10,203657614,6048439974.981231,23,23
2011-10-11,204822169,6207540501.221152,23,23
2011-10-12,243473406,7274906886.778959,23,23
2011-10-13,182454978,5423148454.099077,23,23
2011-10-14,171408065,5493610194.838587,23,23
2011-10-17,200690233,6447765460.925312,23,23
2011-10-18,254366285,8869293813.716568,23,23
2011-10-19,201601449,6722914638.628843,23,23
2011-10-20,212581141,6800279680.085114,23,23
2011-10-21,266760449,9283713136.65707,23,23
2011-10-24,208530585,7408403171.093975,23,23
2011-10-25,228823178,7632381710.109968,23,23
2011-10-26,254607586,8136147968.226202,23,23
2011-10-27,335350545,11189385982.819351,23,23
2011-10-28,254464944,7774198130.474188,23,23
2011-10-31,240997520,7690202391.02276,23,23
2011-11-01,305250099,9860444896.810396,23,23
2011-11-02,212680946,6491548548.051026,23,23
2011-11-03,234070239,7434751480.888119,23,23
2011-11-04,174437818,5528994516.956539,23,23
2011-11-07,181583443,5554245274.034285,23,23
2011-11-08,195741259,6203026207.195,23,23
2011-11-09,253652231,8127108348.470581,23,23
2011-11-10,210154597,6524399076.076708,23,23
2011-11-11,205509313,6546107177.840524,23,23
2011-11-14,169343339,5682081987.47841,23,23
2011-11-15,217270625,7181008590.427141,23,23
2011-11-16,221470782,6856219218.93936,23,23
2011-11-17,274977351,8622238988.383873,23,23
2011-11-18,258323876,7589043117.382563,23,23
2011-11-21,327508455,9721347351.462578,23,23
2011-11-22,279555368,6950401269.883184,23,23
2011-11-23,229840126,6650082581.972692,23,23
2011-11-25,98748109,2933201643.3964653,23,23
2011-11-28,223432740,6740105827.823992,23,23
2011-11-29,231705764,6432358387.95233,23,23
2011-11-30,349109868,10880806683.326136,23,23
2011-12-01,226379086,6864306684.9397335,23,23
2011-12-02,230447072,7312425913.314322,23,23
2011-12-05,220834875,7209513250.983897,23,23
2011-12-06,205275322,6668298966.340047,23,23
2011-12-07,220241928,7304570405.994589,23,23
2011-12-08,275216252,7764244092.549876,23,23
2011-12-09,270672161,7860929079.791954,23,23
2011-12-12,259087108,8103248182.444085,23,23
2011-12-13,232936816,7566202068.83396,23,23
2011-12-14,257728208,8361300258.168434,23,23
2011-12-15,223610401,6875780015.857135,23,23
2011-12-16,354356283,11578650450.000895,23,23
2011-12-19,189911531,6056920385.102953,23,23
2011-12-20,211536771,7024011732.9206,23,23
2011-12-21,221750569,7465446597.261779,23,23
2011-12-22,182966339,6578915777.769455,23,23
2011-12-23,123240396,4140949005.9241967,23,23
2011-12-27,115691643,3730641014.9533834,23,23
2011-12-28,118941800,4008670978.754977,23,23
2011-12-29,110325952,3814678427.1008377,23,23
2011-12-30,110661488,3616856705.432416,23,23
2012-01-03,228621674,7945914837.596716,23,23
2012-01-04,180171622,6228487835.327171,23,23
2012-01-05,206912037,6811280251.007366,23,23
2012-01-06,189664096,6587951034.593348,23,23
2012-01-09,168621989,5831880879.136436,23,23
2012-01-10,189774274,6739132433.549786,23,23
2012-01-11,195760671,6542785381.439859,23,23
2012-01-12,198369627,7586897607.885254,23,23
2012-01-13,207349313,7453218316.562668,23,23
2012-01-17,209524342,7545062100.299076,23,23
2012-01-18,177340215,6224368430.492033,23,23
2012-01-19,194821319,7080121980.300051,23,23
2012-01-20,250763010,8880731686.537174,23,23
2012-01-23,208179389,6735308481.346704,23,23
2012-01-24,177383714,5959844937.375159,23,23
2012-01-25,214937096,7917591024.180277,23,23
2012-01-26,203502090,7555396746.578965,23,23
2012-01-27,200302520,6716769081.915573,23,23
2012-01-30,191898127,6477949623.653389,23,23
2012-01-31,215646419,7460447150.829943,23,23
2012-02-01,211585505,7170119067.503847,23,23
2012-02-02,180277118,5914532042.734249,23,23
2012-02-03,209113969,7125078431.307807,23,23
2012-02-06,178427384,5861495795.118511,23,23
2012-02-07,201069849,6365308007.027737,23,23
2012-02-08,189286233,6061659903.4756775,23,23
2012-02-09,213475978,6704225276.237865,23,23
2012-02-10,197237814,7004646405.3001375,23,23
2012-02-13,169776749,6095253916.055582,23,23
2012-02-14,159352416,5455045081.429041,23,23
2012-02-15,188625186,6228394770.974151,23,23
2012-02-16,185359733,5806929429.569497,23,23
2012-02-17,199621509,6427163784.574424,23,23
2012-02-21,164565744,5732598408.790481,23,23
2012-02-22,189345085,5473734944.739023,23,23
2012-02-23,331304287,7981709938.577168,23,23
2012-02-24,210834571,5860696358.018693,23,23
2012-02-27,237189258,6831289544.786181,23,23
2012-02-28,209967803,6089754357.264371,23,23
2012-02-29,307908746,8564395833.518402,23,23
2012-03-01,226508160,6372307215.058797,23,23
2012-03-02,176123988,5103806651.053691,23,23
2012-03-05,201752212,6337561310.821014,23,23
2012-03-06,249378380,7692547340.08569,23,23
2012-03-07,197583079,6372577281.985021,23,23
2012-03-08,252456263,7259665750.182916,23,23
2012-03-09,270445871,7361473213.368933,23,23
2012-03-12,183789212,5831549477.27099,23,23
2012-03-13,231916640,7630922848.990858,23,23
2012-03-14,208056051,7046275697.6843815,23,23
2012-03-15,201462367,6843402478.955135,23,23
2012-03-16,280371080,10171475961.51722,23,23
2012-03-19,142167010,4938895283.316933,23,23
2012-03-20,180847149,5760865020.30486,23,23
2012-03-21,242660770,6477044268.879057,23,23
2012-03-22,226856134,6665930818.963005,23,23
2012-03-23,196801854,5569374970.816984,23,23
2012-03-26,198095391,6073317421.593128,23,23
2012-03-27,165144968,5220030651.873352,23,23
2012-03-28,207902846,6800978534.260912,23,23
2012-03-29,208622581,6575016099.625369,23,23
2012-03-30,193177640,6062357643.990673,23,23
2012-04-02,169912230,5665569225.322928,23,23
2012-04-03,180102862,5853680711.4802475,23,23
2012-04-04,178666126,5877465426.8976345,23,23
2012-04-05,159553876,5141020245.069565,23,23
2012-04-09,154241095,4896815779.285271,23,23
2012-04-10,241479221,7541091333.127765,23,23
2012-04-11,179214321,5818952770.4373665,23,23
2012-04-12,252639750,7049025346.397793,23,23
2012-04-13,226264949,6933988496.523544,23,23
2012-04-16,200921499,6937919814.198622,23,23
2012-04-17,187560441,6393645656.945654,23,23
2012-04-18,170121197,6001770182.599144,23,23
2012-04-19,184073228,6284631476.712126,23,23
2012-04-20,205331477,6928465501.194935,23,23
2012-04-23,170270062,5733015612.480576,23,23
2012-04-24,156771248,5603827995.016967,23,23
2012-04-25,206553055,7540234195.1137905,23,23
2012-04-26,176199340,6284997170.958885,23,23
2012-04-27,200825768,6914764390.899436,23,23
2012-04-30,197682962,6696076646.7742605,23,23
2012-05-01,175366360,5823478371.6268635,23,23
2012-05-02,157864745,5185770146.726945,23,23
2012-05-03,168321133,5353495665.257576,23,23
2012-05-04,170968122,5931722893.278018,23,23
2012-05-07,159570137,5497422929.640596,23,23
2012-05-08,218644394,7103816851.0779915,23,23
2012-05-09,204882572,7148072579.736093,23,23
2012-05-10,188272747,6364536388.334484,23,23
2012-05-11,194909446,6314007284.105962,23,23
2012-05-14,217839545,7107052960.744122,23,23
2012-05-15,190918188,6030631706.565936,23,23
2012-05-16,203320444,6852883858.895273,23,23
2012-05-17,208505012,7033899355.746417,23,23
2012-05-18,263052708,8314948954.865833,23,23
2012-05-21,170884456,5560743115.486799,23,23
2012-05-22,173245207,5589624969.189232,23,23
2012-05-23,283871909,7261320172.647011,23,23
2012-05-24,272725894,6285502567.397854,23,23
2012-05-25,164637741,4799264834.119566,23,23
2012-05-29,180904245,5568317818.313967,23,23
2012-05-30,192719357,5950325588.582825,23,23
2012-05-31,257638302,8875222689.54095,23,23
2012-06-01,266268438,7937224377.253424,23,23
2012-06-04,204039958,6513440228.10703,23,23
2012-06-05,187454518,5737780178.993613,23,23
2012-06-06,199607747,6531998840.026662,23,23
2012-06-07,300587735,9617175376.56384,23,23
2012-06-08,257169695,7909934605.530318,23,23
2012-06-11,253318880,7195544730.089571,23,23
2012-06-12,182791408,6226336017.855743,23,23
2012-06-13,260799380,9327585319.158798,23,23
2012-06-14,227817161,7706743919.48477,23,23
2012-06-15,257916271,9140674659.7023,23,23
2012-06-18,191835777,6164418603.350252,23,23
2012-06-19,215010766,6944541374.349335,23,23
2012-06-20,237820034,8342054812.359494,23,23
2012-06-21,250597562,8660910573.808994,23,23
2012-06-22,321401317,11883157619.973583,23,23
2012-06-25,209369013,6665318472.393822,23,23
2012-06-26,193610414,6179599715.552297,23,23
2012-06-27,168377605,5934398083.567581,23,23
2012-06-28,185990831,6449316391.696167,23,23
2012-06-29,245546375,8749627419.789936,23,23
2012-07-02,186838159,6297943340.020709,23,23
2012-07-03,101439676,3471326486.250122,23,23
2012-07-05,171275450,5888732986.535696,23,23
2012-07-06,191847076,6704340050.586124,23,23
2012-07-09,198505512,6958460303.82329,23,23
2012-07-10,204447711,6914059441.8792925,23,23
2012-07-11,212397043,6640679015.403398,23,23
2012-07-12,302682579,9315001555.867754,23,23
2012-07-13,235920807,6964201460.286468,23,23
2012-07-16,169789841,5469281000.397545,23,23
2012-07-17,231523364,7723046882.438529,23,23
2012-07-18,227435623,7278934554.085005,23,23
2012-07-19,207890696,7308477426.393402,23,23
2012-07-20,214031732,8005944763.081049,23,23
2012-07-23,185447910,6254248227.910446,23,23
2012-07-24,205985983,6502991878.824563,23,23
2012-07-25,196398480,6888476246.462767,23,23
2012-07-26,214680688,7525191257.060362,23,23
2012-07-27,263421938,9255682256.150532,23,23
2012-07-30,161323244,5653086284.672682,23,23
2012-07-31,181739895,6314175554.627846,23,23
2012-08-01,207099309,6104382948.531633,23,23
2012-08-02,215984051,6329753066.765747,23,23
2012-08-03,181808613,6150971028.920666,23,23
2012-08-06,144944971,4790183483.811932,23,23
2012-08-07,185425103,5993537999.14267,23,23
2012-08-08,226989742,5750608765.637808,23,23
2012-08-09,167393422,5197773555.93063,23,23
2012-08-10,184009881,5508091243.122564,23,23
2012-08-13,135259323,4318452366.20915,23,23
2012-08-14,158359390,4821659613.934593,23,23
2012-08-15,135556573,4519559755.001133,23,23
2012-08-16,164584138,5472653114.827812,23,23
2012-08-17,162086794,5532943969.265854,23,23
2012-08-20,151201185,4731956909.117294,23,23
2012-08-21,171914413,5313018607.692006,23,23
2012-08-22,208316526,5439733440.730551,23,23
2012-08-23,285322803,5849067552.117508,23,23
2012-08-24,167396233,4931750816.891006,23,23
2012-08-27,157408574,4251116697.387509,23,23
2012-08-28,184416250,4645320659.392662,23,23
2012-08-29,168547857,4713336346.850929,23,23
2012-08-30,163264198,4695773252.836418,23,23
2012-08-31,224443571,6407327111.891314,23,23
2012-09-04,215389658,6504310607.042011,23,23
2012-09-05,195665997,5819684271.493925,23,23
2012-09-06,220775962,7031716686.801399,23,23
2012-09-07,201592518,6401990739.293774,23,23
2012-09-10,191415950,6235656182.675357,23,23
2012-09-11,168802641,5359580728.152734,23,23
2012-09-12,191079751,5566164152.727887,23,23
2012-09-13,243864056,8818591728.6929,23,23
2012-09-14,280951414,9698520618.728977,23,23
2012-09-17,210378634,7511714467.309215,23,23
2012-09-18,178570700,5942032675.64319,23,23
2012-09-19,194371173,6385022720.819246,23,23
2012-09-20,191342306,6425162347.561888,23,23
2012-09-21,375477456,13726299427.540876,23,23
2012-09-24,179092962,6118220522.462658,23,23
2012-09-25,227340973,7289998374.530518,23,23
2012-09-26,226264223,6415703485.664528,23,23
2012-09-27,191521670,6011234247.139561,23,23
2012-09-28,214367049,7130717239.285278,23,23
2012-10-01,184034997,6156443582.876688,23,23
2012-10-02,169240561,5863266246.617455,23,23
2012-10-03,435639729,6644617001.005925,23,23
2012-10-04,319173346,5980966104.139429,23,23
2012-10-05,210214220,5552859772.321733,23,23
2012-10-08,161660828,4146157475.252679,23,23
2012-10-09,203271427,6152822252.490328,23,23
2012-10-10,231998404,6829123638.896748,23,23
2012-10-11,216333112,5499635941.759566,23,23
2012-10-12,166413130,4924419981.825633,23,23
2012-10-15,180111314,5483148653.819054,23,23
2012-10-16,209029349,6293061654.54649,23,23
2012-10-17,211288593,7858995071.134325,23,23
2012-10-18,218776562,7961754538.114825,23,23
2012-10-19,241859161,9168761412.681303,23,23
2012-10-22,196793235,7493384453.419565,23,23
2012-10-23,192193499,6743330439.5479965,23,23
2012-10-24,178313272,5975280815.344401,23,23
2012-10-25,200454888,6772492096.990131,23,23
2012-10-26,183237920,6092047088.096125,23,23
2012-10-31,196538745,6799772445.036583,23,23
2012-11-01,203126400,6685515103.0799885,23,23
2012-11-02,210840599,6389955361.444458,23,23
2012-11-05,144725499,4784513767.380009,23,23
2012-11-06,171837489,5475058396.914684,23,23
2012-11-07,242831238,7767076148.737177,23,23
2012-11-08,194882170,6464250128.960407,23,23
2012-11-09,223071119,7515241987.055137,23,23
2012-11-12,156309980,4789032951.721441,23,23
2012-11-13,195647681,5815413036.553384,23,23
2012-11-14,215950961,6931955554.934512,23,23
2012-11-15,219604446,6794514891.910762,23,23
2012-11-16,254336824,7442685259.945155,23,23
2012-11-19,213136033,5958412858.390903,23,23
2012-11-20,460685657,5996096164.446693,23,23
2012-11-21,246175483,5180025687.990552,23,23
2012-11-23,127583603,3560070703.8665123,23,23
2012-11-26,182507299,5715722905.610199,23,23
2012-11-27,192689170,5319921893.006697,23,23
2012-11-28,213608811,6042565063.913778,23,23
2012-11-29,210032608,5637749188.348559,23,23
2012-11-30,224942052,6892939895.989664,23,23
2012-12-03,182062167,5202557268.536581,23,23
2012-12-04,213196656,5751727332.809756,23,23
2012-12-05,271338087,6707912929.417969,23,23
2012-12-06,189846004,5328550504.861046,23,23
2012-12-07,172791907,5377576463.024977,23,23
2012-12-10,225917481,5344293967.818575,23,23
2012-12-11,223230271,6764086925.948013,23,23
2012-12-12,228540386,6668439186.764745,23,23
2012-12-13,188544570,5686120912.42865,23,23
2012-12-14,189392470,6025076448.360138,23,23
2012-12-17,220288311,6932503392.196594,23,23
2012-12-18,270652509,8494321567.880512,23,23
2012-12-19,214983148,7653337809.898576,23,23
2012-12-20,208268600,7254312033.488337,23,23
2012-12-21,338407645,12327241509.300323,23,23
2012-12-24,78206357,2531677845.03029,23,23
2012-12-26,127260921,4091755942.0050697,23,23
2012-12-27,158097989,5396238136.961195,23,23
2012-12-28,156657379,4920772658.020705,23,23
2012-12-31,222052227,7272094295.785355,23,23
2013-01-02,284871612,7998169241.4265995,23,23
2013-01-03,244838091,6861079575.255117,23,23
2013-01-04,177024419,5656648126.8024235,23,23
2013-01-07,165995689,5518612619.334679,23,23
2013-01-08,228543873,7101850889.239386,23,23
2013-01-09,193504431,5452914278.616804,23,23
2013-01-10,222763193,6388212148.695644,23,23
2013-01-11,219041127,6316638247.924631,23,23
2013-01-14,262136224,6104612552.399534,23,23
2013-01-15,201222310,5368054773.04861,23,23
2013-01-16,227945397,6312860935.64439,23,23
2013-01-17,219184447,7713925349.803759,23,23
2013-01-18,234232492,9142569107.439812,23,23
2013-01-22,214604619,7512803193.237709,23,23
2013-01-23,211801236,8432889614.191599,23,23
2013-01-24,180098192,6815078207.651132,23,23
2013-01-25,195332350,7658009510.426798,23,23
2013-01-28,185719929,7338752242.3925705,23,23
2013-01-29,233108266,7538207281.271374,23,23
2013-01-30,185891476,6702873679.965881,23,23
2013-01-31,194095870,7014866327.553055,23,23
2013-02-01,214929253,7839610730.007017,23,23
2013-02-04,184127234,6589222816.858408,23,23
2013-02-05,204078026,6987332198.334227,23,23
2013-02-06,217321110,7841277979.985373,23,23
2013-02-07,185563168,6826186631.114143,23,23
2013-02-08,153767604,5420813343.99235,23,23
2013-02-11,123142514,4282699180.417844,23,23
2013-02-12,161602033,5432707797.345289,23,23
2013-02-13,154450498,6085308346.253104,23,23
2013-02-14,186445578,6690913924.267748,23,23
2013-02-15,204028816,7326675548.514919,23,23
2013-02-19,173521755,6221121206.962933,23,23
2013-02-20,187168639,6810562225.63081,23,23
2013-02-21,238181017,7065059498.4765,23,23
2013-02-22,435966848,7616733335.312317,23,23
2013-02-25,257937419,7927712179.152842,23,23
2013-02-26,235468090,6964583169.8687935,23,23
2013-02-27,212450982,6486329935.378619,23,23
2013-02-28,226592904,7359182209.962938,23,23
2013-03-01,188672259,6494438255.298721,23,23
2013-03-04,174077352,6017573148.642608,23,23
2013-03-05,184556088,6612649729.021732,23,23
2013-03-06,204897395,6380879647.037959,23,23
2013-03-07,171909489,6031921905.868109,23,23
2013-03-08,214721698,6959308355.679083,23,23
2013-03-11,210842199,6961664078.265751,23,23
2013-03-12,248906742,8049814928.310676,23,23
2013-03-13,157406895,5878816692.792599,23,23
2013-03-14,203413856,7303334935.720859,23,23
2013-03-15,318126611,11750036952.31732,23,23
2013-03-18,206882667,6059053742.164572,23,23
2013-03-19,208849898,6714053673.549063,23,23
2013-03-20,214033633,6694949161.055254,23,23
2013-03-21,213989847,6731032478.819683,23,23
2013-03-22,172854375,5484839031.820172,23,23
2013-03-25,196898925,6652691397.298922,23,23
2013-03-26,180397893,5873434679.028888,23,23
2013-03-27,168559321,5674700498.710846,23,23
2013-03-28,201601824,7193117305.330107,23,23
2013-04-01,161108068,5184917915.295847,23,23
2013-04-02,248521773,6999212539.283112,23,23
2013-04-03,231478442,7907134393.04571,23,23
2013-04-04,169833836,6166551004.851814,23,23
2013-04-05,170210946,6394160923.219858,23,23
2013-04-08,169678849,6348587751.063057,23,23
2013-04-09,170970909,6378318226.951553,23,23
2013-04-10,171740221,6677125360.424681,23,23
2013-04-11,247376685,7365906607.516397,23,23
2013-04-12,155650290,5677117150.622484,23,23
2013-04-15,209541694,8390224920.773439,23,23
2013-04-16,187115439,7294849057.765352,23,23
2013-04-17,205062061,8097019860.794628,23,23
2013-04-18,192103282,7442967443.789012,23,23
2013-04-19,248434574,10849455243.183392,23,23
2013-04-22,198288154,8270364137.526028,23,23
2013-04-23,198935144,8063191358.562502,23,23
2013-04-24,229785125,8702833699.577976,23,23
2013-04-25,220432163,8302342045.41703,23,23
2013-04-26,194021273,6827027704.085894,23,23
2013-04-29,163465036,6588232879.265158,23,23
2013-04-30,187893866,7764114741.977566,23,23
2013-05-01,198786198,7826872814.848362,23,23
2013-05-02,153756767,6161610817.350906,23,23
2013-05-03,168101211,7262957358.926389,23,23
2013-05-06,142021716,6222239691.519221,23,23
2013-05-07,174335869,6974316512.029772,23,23
2013-05-08,173224836,7330494963.009828,23,23
2013-05-09,168005511,6878949512.10089,23,23
2013-05-10,153414689,6508424188.708258,23,23
2013-05-13,139047599,6114279713.328077,23,23
2013-05-14,176952698,6922011133.617086,23,23
2013-05-15,187066547,7424147756.669086,23,23
2013-05-16,166573393,6742413447.9558935,23,23
2013-05-17,183544951,8018878628.350225,23,23
2013-05-20,149376639,6320496837.862696,23,23
2013-05-21,182805890,7350713276.536417,23,23
2013-05-22,276059528,10234340948.584461,23,23
2013-05-23,352970021,9406864377.125723,23,23
2013-05-24,208484203,7978943427.037305,23,23
2013-05-28,192227552,7893309513.392815,23,23
2013-05-29,190625796,7156383968.913431,23,23
2013-05-30,189635630,7089160810.387112,23,23
2013-05-31,231485499,9023830168.61941,23,23
2013-06-03,225562869,8629741659.715431,23,23
2013-06-04,210948350,7982223390.348915,23,23
2013-06-05,196992345,7734194083.0220375,23,23
2013-06-06,191144202,7744100875.74106,23,23
2013-06-07,229590607,8575837582.229918,23,23
2013-06-10,211066051,7674668718.434179,23,23
2013-06-11,210822040,7426904439.699717,23,23
2013-06-12,172570805,6099883775.813173,23,23
2013-06-13,161749470,6360173516.960815,23,23
2013-06-14,134572625,5475461583.449651,23,23
2013-06-17,151416616,6134979608.027004,23,23
2013-06-18,143696894,6272714240.912153,23,23
2013-06-19,174885438,6710734748.795706,23,23
2013-06-20,245690759,9815840482.95115,23,23
2013-06-21,291477859,12369878823.003654,23,23
2013-06-24,202938722,8224526269.990942,23,23
2013-06-25,180314853,6840078290.898845,23,23
2013-06-26,164006183,6605172185.842738,23,23
2013-06-27,157934020,6402479529.433711,23,23
2013-06-28,223638753,9504063609.531275,23,23
2013-07-01,145576079,6240077782.833517,23,23
2013-07-02,166788458,6974865477.149626,23,23
2013-07-03,83521173,3383897890.5644474,23,23
2013-07-05,118685809,4671839716.286156,23,23
2013-07-08,146649020,6399975844.806619,23,23
2013-07-09,158352841,6730022793.923123,23,23
2013-07-10,185222999,6086734953.044252,23,23
2013-07-11,180168841,7171675060.466065,23,23
2013-07-12,183544224,9768672506.603792,23,23
2013-07-15,145946078,7172983694.096124,23,23
2013-07-16,178008865,7438333092.606253,23,23
2013-07-17,166231741,7025003462.896408,23,23
2013-07-18,152659643,7150664188.213067,23,23
2013-07-19,210457016,9226983027.964027,23,23
2013-07-22,140368269,5946883771.33325,23,23
2013-07-23,131540192,5456361092.620691,23,23
2013-07-24,152604582,6627572388.407011,23,23
2013-07-25,161193378,6660444712.386493,23,23
2013-07-26,141004937,5966551588.812055,23,23
2013-07-29,125310807,5322041441.188166,23,23
2013-07-30,144774819,5981930603.988873,23,23
2013-07-31,196856427,7821600414.132675,23,23
2013-08-01,158416715,7234278828.113672,23,23
2013-08-02,199661443,6859192947.220402,23,23
2013-08-05,110664925,4731817040.015072,23,23
2013-08-06,141170553,6243340808.774158,23,23
2013-08-07,129748210,5894266144.71021,23,23
2013-08-08,144292564,6233193012.273153,23,23
2013-08-09,140538009,5827520680.355095,23,23
2013-08-12,138546302,5998256147.28417,23,23
2013-08-13,145972647,5684374054.433423,23,23
2013-08-14,133368926,5763186544.879789,23,23
2013-08-15,169944434,6674293454.688697,23,23
2013-08-16,175876743,6994271899.3937235,23,23
2013-08-19,132670091,5342173468.268778,23,23
2013-08-20,147678364,5790797460.598261,23,23
2013-08-21,180982329,6298985222.671297,23,23
2013-08-22,253395744,5865882372.388453,23,23
2013-08-23,151459343,4965588370.578356,23,23
2013-08-26,139222991,4842626029.353333,23,23
2013-08-27,170371607,6605596296.417441,23,23
2013-08-28,176489101,6604130099.466097,23,23
2013-08-29,124903201,4813202771.802275,23,23
2013-08-30,136058712,5543291451.909142,23,23
2013-09-03,158252377,6350417843.405698,23,23
2013-09-04,158971065,6091125151.507184,23,23
2013-09-05,134447807,4942974925.129467,23,23
2013-09-06,187922656,6842333940.534029,23,23
2013-09-09,164193835,6116650972.951721,23,23
2013-09-10,205881117,7377305513.355064,23,23
2013-09-11,161643766,6434499196.207705,23,23
2013-09-12,182636022,6886560885.410077,23,23
2013-09-13,131977522,5165796560.92801,23,23
2013-09-16,156657148,6557814624.798071,23,23
2013-09-17,155454703,5846741993.598892,23,23
2013-09-18,191182440,8221085772.660107,23,23
2013-09-19,169168289,6968280452.958128,23,23
2013-09-20,309507593,13277998489.52573,23,23
2013-09-23,164723707,6821125758.7809305,23,23
2013-09-24,156259417,6455090549.853497,23,23
2013-09-25,153128386,5748859568.236238,23,23
2013-09-26,118836884,4895271974.840473,23,23
2013-09-27,127305937,5091899732.538622,23,23
2013-09-30,178417911,7252699910.191271,23,23
2013-10-01,148216306,5836941786.228556,23,23
2013-10-02,168611594,6320092016.956024,23,23
2013-10-03,165451517,6854092628.912739,23,23
2013-10-04,133546436,5519304119.94602,23,23
2013-10-07,141393071,5521822112.690695,23,23
2013-10-08,188808585,7486543058.770516,23,23
2013-10-09,263645032,7573989476.6840105,23,23
2013-10-10,225566268,7952057008.652815,23,23
2013-10-11,157047883,6155740651.779148,23,23
2013-10-14,143190054,5736798102.984099,23,23
2013-10-15,166105466,6535999429.593508,23,23
2013-10-16,160913407,6485350360.667571,23,23
2013-10-17,168468325,8487506015.805274,23,23
2013-10-18,196817071,9401351801.156837,23,23
2013-10-21,141703668,6661412757.803621,23,23
2013-10-22,187114399,8069651969.342438,23,23
2013-10-23,173730927,8601345521.081974,23,23
2013-10-24,157757369,6960950279.334667,23,23
2013-10-25,157557423,6781328351.512758,23,23
2013-10-28,180029980,7129799104.083702,23,23
2013-10-29,150642540,6719420706.104344,23,23
2013-10-30,140650355,6291141533.133076,23,23
2013-10-31,172949247,7388175632.02383,23,23
2013-11-01,213171049,7841865940.395657,23,23
2013-11-04,152935908,6384200100.30615,23,23
2013-11-05,148843780,6402672890.186076,23,23
2013-11-06,160431165,7211174120.924369,23,23
2013-11-07,186508037,8376499206.017303,23,23
2013-11-08,197823672,8501025326.294746,23,23
2013-11-11,121913275,5014977654.197397,23,23
2013-11-12,154191413,6592596167.687252,23,23
2013-11-13,138828571,6392929552.314504,23,23
2013-11-14,172035639,6568898565.908594,23,23
2013-11-15,176942034,7694223419.291498,23,23
2013-11-18,148693571,7138322449.832808,23,23
2013-11-19,142238886,6348871625.312869,23,23
2013-11-20,156524121,6744986051.079727,23,23
2013-11-21,162140007,6713127759.282658,23,23
2013-11-22,153585362,6485252477.352722,23,23
2013-11-25,160495021,7304372161.400672,23,23
2013-11-26,214740908,7839223450.988869,23,23
2013-11-27,213793201,5905497183.4494095,23,23
2013-11-29,97311249,3979249416.301277,23,23
2013-12-02,161888351,6837493253.121033,23,23
2013-12-03,179016873,7671500152.368331,23,23
2013-12-04,201942587,7312695200.5651865,23,23
2013-12-05,185336020,6702108249.281811,23,23
2013-12-06,159450705,6474266060.200259,23,23
2013-12-09,154108223,6631378686.403957,23,23
2013-12-10,152878119,6428967229.381422,23,23
2013-12-11,175985621,7626299605.708837,23,23
2013-12-12,173058709,7614744363.708153,23,23
2013-12-13,150600388,6412385721.250836,23,23
2013-12-16,175141764,8139981776.759283,23,23
2013-12-17,195234016,8444047254.7315445,23,23
2013-12-18,214631773,9893213446.301617,23,23
2013-12-19,164793431,7414580074.814723,23,23
2013-12-20,260236545,11924043319.977604,23,23
2013-12-23,132483910,5993452007.593324,23,23
2013-12-24,63259584,2712241260.4516764,23,23
2013-12-26,93870054,4534152292.33479,23,23
2013-12-27,84184174,4040603599.617281,23,23
2013-12-30,101577713,4779511257.2281475,23,23
2013-12-31,117061000,5153734531.131163,23,23
2014-01-02,139248881,6342412283.760746,23,23
2014-01-03,121834254,5285862812.360049,23,23
2014-01-06,138991889,6345907535.939129,23,23
2014-01-07,143190841,6452388166.251755,23,23
2014-01-08,175383884,7766317379.08709,23,23
2014-01-09,161439755,6931354488.177483,23,23
2014-01-10,154864743,7070213670.94348,23,23
2014-01-13,205828658,8537666109.878617,23,23
2014-01-14,162806974,7309679341.481086,23,23
2014-01-15,160775928,7082880383.437717,23,23
2014-01-16,166317946,6519424912.592197,23,23
2014-01-17,204754315,10042073023.086021,23,23
2014-01-21,184655446,9271429198.987558,23,23
2014-01-22,156199077,8388684208.878446,23,23
2014-01-23,178201806,8724460859.596657,23,23
2014-01-24,228957044,10818423185.77797,23,23
2014-01-27,223537745,10255752126.645239,23,23
2014-01-28,165731939,7679301169.310059,23,23
2014-01-29,223284664,10174015891.803043,23,23
2014-01-30,180579113,8647088666.325455,23,23
2014-01-31,224292115,10299659443.705248,23,23
2014-02-03,246673473,11430526265.849346,23,23
2014-02-04,207438276,10108299720.673668,23,23
2014-02-05,206869050,9557834066.706623,23,23
2014-02-06,190280598,8991342455.621311,23,23
2014-02-07,174657511,8542725872.300988,23,23
2014-02-10,160692096,7789673046.811295,23,23
2014-02-11,169146379,8112213559.71085,23,23
2014-02-12,149104766,6944492848.951353,23,23
2014-02-13,130132563,6054466420.988749,23,23
2014-02-14,150208407,7121852718.708626,23,23
2014-02-18,186339790,7966149446.600342,23,23
2014-02-19,181241278,7795602627.881889,23,23
2014-02-20,202961964,7944590054.832104,23,23
2014-02-21,211072803,8246494490.29601,23,23
2014-02-24,173013093,7730881629.175724,23,23
2014-02-25,153154317,7141960561.559775,23,23
2014-02-26,145678899,6485727557.963148,23,23
2014-02-27,138343445,6076842157.113884,23,23
2014-02-28,170373034,7568564086.979391,23,23
2014-03-03,171767761,7428931854.113007,23,23
2014-03-04,184802842,8482644883.359765,23,23
2014-03-05,158020163,7480251271.223465,23,23
2014-03-06,158913827,7086706130.317379,23,23
2014-03-07,152367550,6951569977.872874,23,23
2014-03-10,126348604,6102452168.2988205,23,23
2014-03-11,140269886,6470402583.582539,23,23
2014-03-12,146085857,6734345839.619558,23,23
2014-03-13,184222165,8123248904.172787,23,23
2014-03-14,159559897,7687114536.207657,23,23
2014-03-17,143496560,7008673768.341057,23,23
2014-03-18,150935415,6181011990.545585,23,23
2014-03-19,185820920,7425150604.654854,23,23
2014-03-20,168185177,6858545767.587082,23,23
2014-03-21,295023124,14234328686.207695,23,23
2014-03-24,171790045,7899040457.936426,23,23
2014-03-25,185252843,8625855648.11833,23,23
2014-03-26,176531597,7704700313.57091,23,23
2014-03-27,163617714,7554466995.374434,23,23
2014-03-28,137731835,6475433299.42742,23,23
2014-03-31,161846093,7828710565.183466,23,23
2014-04-01,159497982,6879980472.129923,23,23
2014-04-02,160143998,7012460580.370353,23,23
2014-04-03,149730620,6309934024.961358,23,23
2014-04-04,165436599,7764676409.12734,23,23
2014-04-07,172886209,8089836478.891687,23,23
2014-04-08,165655337,7497755700.420475,23,23
2014-04-09,159460536,7357694875.822839,23,23
2014-04-10,220071849,9261905723.490269,23,23
2014-04-11,189537979,8125321169.538851,23,23
2014-04-14,153690411,6713096818.576981,23,23
2014-04-15,207415064,9113107711.17614,23,23
2014-04-16,166141486,7971200188.907239,23,23
2014-04-17,199545872,9632020497.165993,23,23
2014-04-21,133796314,6059975862.115311,23,23
2014-04-22,159718289,7159148822.228958,23,23
2014-04-23,136413030,6960679174.372513,23,23
2014-04-24,140014191,6704373412.456599,23,23
2014-04-25,137019418,6535052741.933765,23,23
2014-04-28,182127745,8591827874.912401,23,23
2014-04-29,155820320,7129994975.761143,23,23
2014-04-30,157140991,7423586701.638058,23,23
2014-05-01,146892218,6839809541.249168,23,23
2014-05-02,147010365,7227909227.732255,23,23
2014-05-05,114740820,5615372548.100512,23,23
2014-05-06,126844602,6427648240.480506,23,23
2014-05-07,153370531,7387808639.278488,23,23
2014-05-08,124563023,5931454122.988541,23,23
2014-05-09,111578105,5415445310.538889,23,23
2014-05-12,117843872,6088427928.110378,23,23
2014-05-13,119136330,5571535082.906523,23,23
2014-05-14,109700858,5516572039.012497,23,23
2014-05-15,140292110,7262094997.153381,23,23
2014-05-16,145126200,6996187914.310875,23,23
2014-05-19,117164261,5246501404.812543,23,23
2014-05-20,122189984,5911797192.1873455,23,23
2014-05-21,113641311,5173732862.604573,23,23
2014-05-22,157249603,5054436911.627436,23,23
2014-05-23,159952439,4905587699.601913,23,23
2014-05-27,137038027,5611597859.903941,23,23
2014-05-28,103414647,4915280665.569098,23,23
2014-05-29,108715228,4881611761.523371,23,23
2014-05-30,142666585,6718362408.659008,23,23
2014-06-02,101516942,4735714808.877121,23,23
2014-06-03,113655167,5386493309.5024185,23,23
2014-06-04,90931798,4656541421.354715,23,23
2014-06-05,110614052,5823408093.837692,23,23
2014-06-06,102380258,5489174727.279146,23,23
2014-06-09,99428068,5143801823.017681,23,23
2014-06-10,109839388,5607183674.38354,23,23
2014-06-11,120640323,6110802127.499828,23,23
2014-06-12,136847059,6468346471.878869,23,23
2014-06-13,128077867,5008268935.59231,23,23
2014-06-16,119311668,5570986813.94445,23,23
2014-06-17,118718586,5382454074.018703,23,23
2014-06-18,129715859,6268359591.700092,23,23
2014-06-19,136797692,6598131970.5774,23,23
2014-06-20,226758334,11933347975.70539,23,23
2014-06-23,120794758,6225396118.099069,23,23
2014-06-24,136218395,6482983756.869246,23,23
2014-06-25,146355978,7236350932.736905,23,23
2014-06-26,118480641,5702192538.683792,23,23
2014-06-27,180684601,9007257956.503994,23,23
2014-06-30,142871059,7070526920.394083,23,23
2014-07-01,128772708,6551516246.038113,23,23
2014-07-02,107379871,5260913462.038158,23,23
2014-07-03,81981800,4160508027.286152,23,23
2014-07-07,107531022,5476079665.490902,23,23
2014-07-08,119146636,6167218681.146525,23,23
2014-07-09,119083849,6598360951.925288,23,23
2014-07-10,118315361,5983776358.405096,23,23
2014-07-11,107613231,5520953707.168692,23,23
2014-07-14,126757930,6221439981.851152,23,23
2014-07-15,150628907,7882030190.82671,23,23
2014-07-16,163652053,8241218015.15485,23,23
2014-07-17,145107390,7528047505.684217,23,23
2014-07-18,140417032,7396113265.465275,23,23
2014-07-21,122740822,6276101431.299402,23,23
2014-07-22,142217587,6829748926.287941,23,23
2014-07-23,123225004,6848665718.354179,23,23
2014-07-24,147097649,7491758503.343697,23,23
2014-07-25,106872352,5470987456.337165,23,23
2014-07-28,115387372,6047213233.268797,23,23
2014-07-29,136988606,6402194002.800888,23,23
2014-07-30,144508527,6911866061.671478,23,23
2014-07-31,167611904,8570019037.944843,23,23
2014-08-01,165151618,8545787086.20465,23,23
2014-08-04,138561411,7190466192.626037,23,23
2014-08-05,134925737,7286173442.821217,23,23
2014-08-06,166468730,8499993749.457218,23,23
2014-08-07,129409666,6683538174.830898,23,23
2014-08-08,114017580,5989195047.447855,23,23
2014-08-11,109963717,5492828457.435055,23,23
2014-08-12,100329922,5016890941.643211,23,23
2014-08-13,103979598,5034064035.614161,23,23
2014-08-14,106997199,5388036670.050568,23,23
2014-08-15,148352437,7022477445.837036,23,23
2014-08-18,124732478,6044260861.965931,23,23
2014-08-19,107796366,5109543241.617359,23,23
2014-08-20,124051578,5458739897.528774,23,23
2014-08-21,174370598,6036090003.784225,23,23
2014-08-22,113568521,5076678699.196197,23,23
2014-08-25,94482247,4269294875.365328,23,23
2014-08-26,111396710,5014929921.069281,23,23
2014-08-27,92926791,4429786038.060292,23,23
2014-08-28,80487846,3840265864.1877575,23,23
2014-08-29,92866266,4883965330.470802,23,23
2014-09-02,104993241,5496618827.604855,23,23
2014-09-03,99909050,5134746356.588898,23,23
2014-09-04,125127282,6236707280.070635,23,23
2014-09-05,123120065,5971196006.945468,23,23
2014-09-08,117778594,6089787046.391963,23,23
2014-09-09,123014139,5970339169.212345,23,23
2014-09-10,137803025,6922966469.346971,23,23
2014-09-11,130726185,5950955266.731349,23,23
2014-09-12,128687044,6203548955.864677,23,23
2014-09-15,122039575,5888450745.7470665,23,23
2014-09-16,128283940,6381992259.302841,23,23
2014-09-17,130899273,6446282683.734261,23,23
2014-09-18,111262429,5741662352.1139145,23,23
2014-09-19,241666033,12577193186.410183,23,23
2014-09-22,120612729,6082825239.568596,23,23
2014-09-23,130819058,6421871521.480434,23,23
2014-09-24,148139049,7279402628.240135,23,23
2014-09-25,131104441,6740876632.88189,23,23
2014-09-26,124186628,6003758203.696029,23,23
2014-09-29,127473546,6409863650.938454,23,23
2014-09-30,154013847,7533382924.234692,23,23
2014-10-01,182828340,8908564483.451645,23,23
2014-10-02,152053715,7757010439.652676,23,23
2014-10-03,133400649,6595849933.388721,23,23
2014-10-06,227617535,7043383375.249891,23,23
2014-10-07,182468807,7671917259.564355,23,23
2014-10-08,191340315,8795615666.578114,23,23
2014-10-09,188754332,8936394126.732386,23,23
2014-10-10,214150061,10537388398.724386,23,23
2014-10-13,211618581,9123355801.807621,23,23
2014-10-14,214503326,10383662473.51454,23,23
2014-10-15,298683210,14543737436.319618,23,23
2014-10-16,264856218,11793058586.136284,23,23
2014-10-17,230926624,11034129744.575546,23,23
2014-10-20,181561718,9570524992.743216,23,23
2014-10-21,232813215,11434692438.892937,23,23
2014-10-22,203763066,10480449485.18551,23,23
2014-10-23,181928584,9754300098.753378,23,23
2014-10-24,139765406,6944699584.827329,23,23
2014-10-27,147209161,7161970434.7344,23,23
2014-10-28,175682216,8577707369.023691,23,23
2014-10-29,165093671,7565325963.625509,23,23
2014-10-30,149837570,6721216505.8090725,23,23
2014-10-31,201803447,9776458118.296173,23,23
2014-11-03,152168231,7663242226.752569,23,23
2014-11-04,154153869,7955450483.2592945,23,23
2014-11-05,157994463,7878646860.122332,23,23
2014-11-06,144194150,7648881978.3366375,23,23
2014-11-07,140260065,7401997939.558317,23,23
2014-11-10,127512326,6410720246.122245,23,23
2014-11-11,110110188,5584323281.245783,23,23
2014-11-12,117004928,5925393763.245178,23,23
2014-11-13,134481462,7203429396.598341,23,23
2014-11-14,112072636,5958120266.488506,23,23
2014-11-17,117136621,6016700449.001623,23,23
2014-11-18,136354642,7120270279.152135,23,23
2014-11-19,128011479,6795852673.156029,23,23
2014-11-20,119470832,6267218350.664623,23,23
2014-11-21,165914329,8456390426.064941,23,23
2014-11-24,133975967,7011269528.360423,23,23
2014-11-25,163566363,7640472643.813522,23,23
2014-11-26,141130513,5815997293.702137,23,23
2014-11-28,120035735,6443072658.178155,23,23
2014-12-01,173517869,9011750728.525755,23,23
2014-12-02,140776552,7188894552.054518,23,23
2014-12-03,161764131,8495189821.523298,23,23
2014-12-04,133529247,6784925593.411371,23,23
2014-12-05,124946261,6273958404.738831,23,23
2014-12-08,151487290,7679252523.580086,23,23
2014-12-09,168532271,8389367463.269363,23,23
2014-12-10,194998371,9885347083.318016,23,23
2014-12-11,163666978,8432550306.782994,23,23
2014-12-12,197362781,10203020321.87538,23,23
2014-12-15,200239839,10191852894.699646,23,23
2014-12-16,202538573,10386438364.216389,23,23
2014-12-17,201640085,10817253265.802015,23,23
2014-12-18,200133873,10966447328.433413,23,23
2014-12-19,293715989,15937479047.684647,23,23
2014-12-22,151135172,7989273263.2339945,23,23
2014-12-23,135518238,7170254186.803421,23,23
2014-12-24,68329165,3474471833.000285,23,23
2014-12-26,76132826,4002316830.8030605,23,23
2014-12-29,95363285,4888112304.492754,23,23
2014-12-30,88666644,4676979355.224525,23,23
2014-12-31,108739578,5747384424.552631,23,23
2015-01-02,126994823,6712936905.829366,23,23
2015-01-05,191425700,9765259969.189276,23,23
2015-01-06,201427673,10353670354.342384,23,23
2015-01-07,166038554,8426268394.579018,23,23
2015-01-08,176961629,9324681715.483963,23,23
2015-01-09,145565721,7793472117.836458,23,23
2015-01-12,148000387,7652285301.068594,23,23
2015-01-13,166353883,8710423060.841526,23,23
2015-01-14,168728276,8806174156.501865,23,23
2015-01-15,164468825,8010124816.67783,23,23
2015-01-16,190225310,9875073901.502563,23,23
2015-01-20,187292578,10051699949.088324,23,23
2015-01-21,147471684,8227405797.4426775,23,23
2015-01-22,154427464,8251159782.963871,23,23
2015-01-23,135693153,7820461807.465591,23,23
2015-01-26,146834482,7942676883.16406,23,23
2015-01-27,191281170,9745235357.158556,23,23
2015-01-28,193022106,10875106775.194298,23,23
2015-01-29,192227848,11242325774.360317,23,23
2015-01-30,244150295,12735524716.835995,23,23
2015-02-02,192097021,9710368434.404554,23,23
2015-02-03,204266215,10705580295.042742,23,23
2015-02-04,210945278,11720420913.243546,23,23
2015-02-05,142733460,8009364026.518349,23,23
2015-02-06,145929998,7650078998.88209,23,23
2015-02-09,148373521,7715486210.215843,23,23
2015-02-10,157945526,8004479669.927842,23,23
2015-02-11,144497626,7218868513.949052,23,23
2015-02-12,155663213,8230435089.461649,23,23
2015-02-13,133379828,7212285448.677851,23,23
2015-02-17,141856350,7403095944.95224,23,23
2015-02-18,134399624,7100718221.048523,23,23
2015-02-19,145089091,7844535418.298454,23,23
2015-02-20,161168882,9139946285.268307,23,23
2015-02-23,139162442,7564335322.952068,23,23
2015-02-24,144336990,6961743428.528597,23,23
2015-02-25,259262716,9054238243.85424,23,23
2015-02-26,203575976,8638224418.068073,23,23
2015-02-27,215277690,9033348459.703537,23,23
2015-03-02,161530727,7856098609.835464,23,23
2015-03-03,147755010,7538582023.695099,23,23
2015-03-04,163986139,7703103677.526718,23,23
2015-03-05,169249283,7367624434.395366,23,23
2015-03-06,194153563,8715673864.079348,23,23
2015-03-09,145146011,6915857397.381245,23,23
2015-03-10,177401828,8463872018.703261,23,23
2015-03-11,169259584,7944031314.379946,23,23
2015-03-12,190950021,8022905345.425496,23,23
2015-03-13,176283814,8590961674.955957,23,23
2015-03-16,159279039,7745986097.413015,23,23
2015-03-17,147821930,7092711368.0903,23,23
2015-03-18,209123617,10187697671.28058,23,23
2015-03-19,154316795,7437783742.377798,23,23
2015-03-20,309905436,15150517529.366531,23,23
2015-03-23,159541281,7978497282.239712,23,23
2015-03-24,136402617,6685770835.699543,23,23
2015-03-25,169690978,8299728204.64711,23,23
2015-03-26,168622693,7896709441.492903,23,23
2015-03-27,155832400,6654579799.26992,23,23
2015-03-30,132551399,6511631081.131387,23,23
2015-03-31,157273053,7419130120.761845,23,23
2015-04-01,164609240,7841981225.572668,23,23
2015-04-02,128384766,6310942117.968419,23,23
2015-04-06,143946184,7143783897.480471,23,23
2015-04-07,122107594,6344909764.389168,23,23
2015-04-08,135148040,6398338587.963725,23,23
2015-04-09,128034632,6904297881.227877,23,23
2015-04-10,207687080,14438697747.914585,23,23
2015-04-13,175608277,9714588707.61298,23,23
2015-04-14,147563133,7763113422.400189,23,23
2015-04-15,156077850,8094378452.651218,23,23
2015-04-16,139373099,7503646953.97765,23,23
2015-04-17,180649734,10169592753.194168,23,23
2015-04-20,156275266,8567800027.754215,23,23
2015-04-21,159350780,8648797375.428146,23,23
2015-04-22,158621280,8110593393.133589,23,23
2015-04-23,171375660,9575988613.363,23,23
2015-04-24,126868725,6889089506.909836,23,23
2015-04-27,138325955,7549630351.342387,23,23
2015-04-28,169415615,8800632198.18488,23,23
2015-04-29,166784680,8761866114.23743,23,23
2015-04-30,174588188,9176165474.718403,23,23
2015-05-01,142536933,7223159956.869234,23,23
2015-05-04,118293937,7136162185.956905,23,23
2015-05-05,155013248,8274533760.858395,23,23
2015-05-06,152194276,7899566274.764913,23,23
2015-05-07,138915638,7236685635.015573,23,23
2015-05-08,140367561,7747205153.743993,23,23
2015-05-11,133807476,6855877205.916791,23,23
2015-05-12,133298010,6576499977.847927,23,23
2015-05-13,120596240,6225883003.384104,23,23
2015-05-14,119959599,6361483194.801998,23,23
2015-05-15,126007902,6626713608.880119,23,23
2015-05-18,115953373,5809135234.552116,23,23
2015-05-19,114432511,6076671491.0835905,23,23
2015-05-20,120708497,5997858691.941222,23,23
2015-05-21,131414273,6616018063.25802,23,23
2015-05-22,154038163,6080686649.814761,23,23
2015-05-26,152765644,7420866451.049569,23,23
2015-05-27,135795563,6535829566.000505,23,23
2015-05-28,108339076,5533360148.284115,23,23
2015-05-29,177340931,9015700933.527634,23,23
2015-06-01,126442296,6604109188.731983,23,23
2015-06-02,124568829,6266107879.877399,23,23
2015-06-03,113910631,5545737195.897927,23,23
2015-06-04,140243627,6890785904.571995,23,23
2015-06-05,148291175,6840204758.92647,23,23
2015-06-08,136062534,6732794171.489733,23,23
2015-06-09,129923361,6718180181.528172,23,23
2015-06-10,138062169,7221760715.736013,23,23
2015-06-11,122159082,6134424122.9914875,23,23
2015-06-12,116570753,5853368603.007525,23,23
2015-06-15,132317301,6383720274.167664,23,23
2015-06-16,127534378,5988847372.824117,23,23
2015-06-17,136614162,6633957996.636953,23,23
2015-06-18,165352608,7898516958.114618,23,23
2015-06-19,204751221,10700971829.154669,23,23
2015-06-22,124942030,5910204600.478122,23,23
2015-06-23,128546507,6353469455.296174,23,23
2015-06-24,135098660,6922331169.781408,23,23
2015-06-25,127838841,6045559841.0112915,23,23
2015-06-26,209412772,9712825466.953182,23,23
2015-06-29,165581720,7757948446.445803,23,23
2015-06-30,178962682,7994308989.778187,23,23
2015-07-01,151658274,6826359041.340204,23,23
2015-07-02,126209577,5670657882.221742,23,23
2015-07-06,134667052,6416556130.903406,23,23
2015-07-07,195433995,8942193197.760355,23,23
2015-07-08,151218256,7077352367.965846,23,23
2015-07-09,153417363,7274742781.517713,23,23
2015-07-10,124874984,6304623854.025196,23,23
2015-07-13,115183264,6160863967.177677,23,23
2015-07-14,124181682,6214915701.911733,23,23
2015-07-15,122130653,5954364647.880742,23,23
2015-07-16,129671080,6411910030.080055,23,23
2015-07-17,138431919,7124590810.026605,23,23
2015-07-20,132948631,6839037356.165076,23,23
2015-07-21,154040060,7822797887.104862,23,23
2015-07-22,156611618,8066258953.092276,23,23
2015-07-23,147655273,7067765790.51012,23,23
2015-07-24,168548701,7300968063.959512,23,23
2015-07-27,155896409,7939782690.517258,23,23
2015-07-28,167669946,8772723081.174536,23,23
2015-07-29,154942736,8085917121.230951,23,23
2015-07-30,128030402,6623495306.27021,23,23
2015-07-31,166232004,8083949111.710204,23,23
2015-08-03,147927613,7563944208.829638,23,23
2015-08-04,161257514,8012785866.574003,23,23
2015-08-05,198354522,12417647098.264368,23,23
2015-08-06,186646419,11441531501.308151,23,23
2015-08-07,151814455,7752990463.504247,23,23
2015-08-10,141562788,7368972043.6947975,23,23
2015-08-11,148949009,7644720571.114878,23,23
2015-08-12,171084123,8877333895.853998,23,23
2015-08-13,132625720,6651370521.710987,23,23
2015-08-14,110362360,5511120177.93969,23,23
2015-08-17,118651382,6180917326.261652,23,23
2015-08-18,129068002,6460638853.811865,23,23
2015-08-19,173095593,7993432006.866528,23,23
2015-08-20,225298216,11781875025.376629,23,23
2015-08-21,335764586,15483813499.09021,23,23
2015-08-24,420916019,19234276128.916977,23,23
2015-08-25,307837398,13813478251.72612,23,23
2015-08-26,288649842,13393932086.151463,23,23
2015-08-27,241984008,12060152489.31532,23,23
2015-08-28,194575386,9197630301.942516,23,23
2015-08-31,185390869,8644331064.485489,23,23
2015-09-01,248382065,11764684080.061224,23,23
2015-09-02,184617163,9181877764.033417,23,23
2015-09-03,162294600,7841063342.895464,23,23
2015-09-04,193021240,8903070162.237816,23,23
2015-09-08,166706692,8185479327.574633,23,23
2015-09-09,168213973,7905073617.250139,23,23
2015-09-10,169081648,7833359206.264838,23,23
2015-09-11,163478138,7467310335.433296,23,23
2015-09-14,140314790,6263500108.9195385,23,23
2015-09-15,174094252,7902074573.04005,23,23
2015-09-16,212261199,8272845573.231754,23,23
2015-09-17,202078318,9071269978.720518,23,23
2015-09-18,315359216,14288167277.857231,23,23
2015-09-21,157456170,6805635484.302852,23,23
2015-09-22,209190454,8238380886.487509,23,23
2015-09-23,137124595,6588529806.944506,23,23
2015-09-24,203341500,9652611869.326332,23,23
2015-09-25,192820964,8807242408.637972,23,23
2015-09-28,204083175,9130018865.133446,23,23
2015-09-29,186979004,8386830120.3611,23,23
2015-09-30,206785471,9200565093.937439,23,23
2015-10-01,176510040,7974613795.635505,23,23
2015-10-02,195330517,8797516121.296267,23,23
2015-10-05,206927967,10663484163.443954,23,23
2015-10-06,203698359,9400970189.331078,23,23
2015-10-07,189578428,9150085379.15412,23,23
2015-10-08,174624887,8043309107.512901,23,23
2015-10-09,188789998,8254357445.788364,23,23
2015-10-12,124557900,5934105794.714165,23,23
2015-10-13,150756025,7691032488.254714,23,23
2015-10-14,160878960,8209079018.627012,23,23
2015-10-15,178532848,9386134193.389004,23,23
2015-10-16,196259309,11314815839.240902,23,23
2015-10-19,181366850,10612800913.852497,23,23
2015-10-20,169403057,9832002133.71665,23,23
2015-10-21,163927747,9364158327.941868,23,23
2015-10-22,225271210,12430585658.84182,23,23
2015-10-23,187537759,10452469161.095905,23,23
2015-10-26,148339099,7662280608.02326,23,23
2015-10-27,199093691,10163883203.654129,23,23
2015-10-28,164447230,9340868743.98132,23,23
2015-10-29,134744691,6936247006.75588,23,23
2015-10-30,213164270,10128250254.638275,23,23
2015-11-02,193917596,9137280136.381943,23,23
2015-11-03,188258153,10134087027.967987,23,23
2015-11-04,186814706,10877338313.946434,23,23
2015-11-05,164448345,10464840822.32893,23,23
2015-11-06,194898762,11497288184.560364,23,23
2015-11-09,172755399,10857832935.133148,23,23
2015-11-10,163774240,12109247720.922625,23,23
2015-11-11,149948112,10597921087.953056,23,23
2015-11-12,215625573,14959238263.393267,23,23
2015-11-13,194460011,13458615276.21856,23,23
2015-11-16,187301276,13745552541.662046,23,23
2015-11-17,209249192,17149972009.142673,23,23
2015-11-18,160002959,10834491748.476753,23,23
2015-11-19,147817455,8695153861.639,23,23
2015-11-20,189015080,12895652969.4736,23,23
2015-11-23,146970321,9628539095.971025,23,23
2015-11-24,179532044,10874755151.515396,23,23
2015-11-25,162333038,6450425179.7496605,23,23
2015-11-27,79176348,4619369497.305962,23,23
2015-11-30,198766994,10981765576.64801,23,23
2015-12-01,153060004,8478381744.679165,23,23
2015-12-02,186992897,8220009723.801657,23,23
2015-12-03,214758754,10454691297.413113,23,23
2015-12-04,181810126,9808211540.126637,23,23
2015-12-07,162907424,8935079788.34275,23,23
2015-12-08,162034140,8870616334.166237,23,23
2015-12-09,175142459,9461243222.568417,23,23
2015-12-10,164849908,8720108241.48951,23,23
2015-12-11,207558095,10539746053.408684,23,23
2015-12-14,194240133,10692948892.025913,23,23
2015-12-15,208633741,11994331542.13137,23,23
2015-12-16,200522002,11548670190.107151,23,23
2015-12-17,183552796,9564783720.112988,23,23
2015-12-18,318033113,17614104451.250816,23,23
2015-12-21,169870822,9638874851.517689,23,23
2015-12-22,158162107,8068943004.633156,23,23
2015-12-23,137832416,7884866038.592731,23,23
2015-12-24,51811873,2890843661.1348,23,23
2015-12-28,89926002,5142099695.419403,23,23
2015-12-29,101006413,5842820105.600174,23,23
2015-12-30,83049037,4659859893.317244,23,23
2015-12-31,108347238,6212596711.587704,23,23
2016-01-04,194650130,10991839454.243523,23,23
2016-01-05,154098634,8749147444.524746,23,23
2016-01-06,180668452,9969244020.46386,23,23
2016-01-07,220132050,12124900670.53559,23,23
2016-01-08,188746752,10229258063.27948,23,23
2016-01-11,190786716,9872729152.12962,23,23
2016-01-12,178955569,9056347434.149462,23,23
2016-01-13,213455159,10230389677.649267,23,23
2016-01-14,229558971,11886684483.39106,23,23
2016-01-15,258013563,13801877270.94016,23,23
2016-01-19,209153144,10748893111.67106,23,23
2016-01-20,282549167,14783124543.630772,23,23
2016-01-21,212643505,10623320319.333794,23,23
2016-01-22,200817261,10934411047.521284,23,23
2016-01-25,177238774,8639296151.159336,23,23
2016-01-26,177970781,9706818942.01189,23,23
2016-01-27,211375314,12637875171.465977,23,23
2016-01-28,189040649,10012566259.967993,23,23
2016-01-29,269999609,13257869078.727863,23,23
2016-02-01,185557448,9238057102.689495,23,23
2016-02-02,185464871,9409443910.808088,23,23
2016-02-03,209550617,11021580307.545399,23,23
2016-02-04,191680235,10423804471.328846,23,23
2016-02-05,210141256,11063241384.57584,23,23
2016-02-08,222262686,11787147743.482609,23,23
2016-02-09,205285830,10452519024.819145,23,23
2016-02-10,195561597,10694949978.236622,23,23
2016-02-11,231683532,14109747811.235558,23,23
2016-02-12,175907607,9827985675.070122,23,23
2016-02-16,161445030,8892827490.125324,23,23
2016-02-17,165192891,9341746554.864618,23,23
2016-02-18,161218067,8690336450.569841,23,23
2016-02-19,146128414,7979382773.912037,23,23
2016-02-22,155791807,8709203345.889034,23,23
2016-02-23,132003423,7122812134.510143,23,23
2016-02-24,151984610,8227468091.923292,23,23
2016-02-25,155419641,7299277903.51527,23,23
2016-02-26,160855441,7953682968.5251465,23,23
2016-02-29,180842914,9407516893.384628,23,23
2016-03-01,165242836,8798884936.518293,23,23
2016-03-02,155376835,8567470653.970917,23,23
2016-03-03,186923955,9119414626.922413,23,23
2016-03-04,169271264,8599301469.539967,23,23
2016-03-07,158077107,8535133504.1171875,23,23
2016-03-08,151159866,8163104459.242916,23,23
2016-03-09,155001791,8223106728.506069,23,23
2016-03-10,176097222,9010219162.548813,23,23
2016-03-11,156249328,8334651161.399519,23,23
2016-03-14,131353625,7090670387.6952,23,23
2016-03-15,126999196,6897440943.363991,23,23
2016-03-16,140514046,7781589739.207439,23,23
2016-03-17,186101322,10563194946.244041,23,23
2016-03-18,287532758,15801534171.253857,23,23
2016-03-21,123426465,7090707068.163145,23,23
2016-03-22,129310352,7315358326.378574,23,23
2016-03-23,129502104,7230791713.5810585,23,23
2016-03-24,125118735,7141966435.080112,23,23
2016-03-28,106240781,6154322742.972071,23,23
2016-03-29,134470521,7480145405.957441,23,23
2016-03-30,125096504,7049580704.682903,23,23
2016-03-31,146935189,8523334191.054703,23,23
2016-04-01,136979544,7948746151.949318,23,23
2016-04-04,122962809,7375723840.671501,23,23
2016-04-05,134745515,7504369294.040718,23,23
2016-04-06,126914945,7191343303.459408,23,23
2016-04-07,123231277,7060217709.118561,23,23
2016-04-08,109970030,6294448215.654884,23,23
2016-04-11,116582151,6261103502.730896,23,23
2016-04-12,132389625,6798549480.212412,23,23
2016-04-13,138568963,7469413241.336033,23,23
2016-04-14,115929402,6256161171.581026,23,23
2016-04-15,126287226,7120170605.6167145,23,23
2016-04-18,125607970,7088067000.069702,23,23
2016-04-19,155145257,8787673991.89267,23,23
2016-04-20,175950126,9433197785.626457,23,23
2016-04-21,168459075,9198875886.789932,23,23
2016-04-22,152224339,8767681590.739494,23,23
2016-04-25,127010231,7214132129.766674,23,23
2016-04-26,131692447,7541563297.122604,23,23
2016-04-27,123089740,7371247360.311302,23,23
2016-04-28,119663940,7133043979.483326,23,23
2016-04-29,149341952,8382498544.029564,23,23
2016-05-02,123363094,6594867471.754364,23,23
2016-05-03,125402053,6971567072.457241,23,23
2016-05-04,118718424,6984606250.718399,23,23
2016-05-05,129018676,7410865765.817471,23,23
2016-05-06,121246602,7156778548.982481,23,23
2016-05-09,129291684,7473529750.699448,23,23
2016-05-10,138473763,8141342535.344704,23,23
2016-05-11,142535515,8672393974.018085,23,23
2016-05-12,125683953,7704711112.031696,23,23
2016-05-13,115517838,6947289012.359432,23,23
2016-05-16,106038910,6379445265.023552,23,23
2016-05-17,142836091,8122874951.710396,23,23
2016-05-18,128148937,7256422951.833828,23,23
2016-05-19,128588419,7441516008.634087,23,23
2016-05-20,122700617,7134728822.441982,23,23
2016-05-23,105762345,5917996737.498913,23,23
2016-05-24,108699069,6215001150.4132595,23,23
2016-05-25,117153120,6504635259.060535,23,23
2016-05-26,110146954,5185889727.80035,23,23
2016-05-27,96342278,4933650866.121429,23,23
2016-05-31,165079983,9172702028.46975,23,23
2016-06-01,110099054,6262954096.743427,23,23
2016-06-02,105768301,6103897495.528561,23,23
2016-06-03,117519914,6852415806.346344,23,23
2016-06-06,101817608,6088284318.726557,23,23
2016-06-07,115252442,6969041765.41824,23,23
2016-06-08,105153535,6295838432.87767,23,23
2016-06-09,103892743,6187462609.380791,23,23
2016-06-10,122756475,7202817262.776842,23,23
2016-06-13,128659008,7407341044.917286,23,23
2016-06-14,123831335,7228080079.420124,23,23
2016-06-15,123265570,7232732770.578533,23,23
2016-06-16,153981172,9116386132.885351,23,23
2016-06-17,192046135,11214282980.947262,23,23
2016-06-20,128420719,7789976430.05995,23,23
2016-06-21,109620125,6241125846.873903,23,23
2016-06-22,124967345,6494441771.442684,23,23
2016-06-23,114793898,6924089267.480183,23,23
2016-06-24,260362423,15538132435.042181,23,23
2016-06-27,186118647,10570837832.555119,23,23
2016-06-28,159223118,8871514883.516445,23,23
2016-06-29,138354621,8078308009.470623,23,23
2016-06-30,166019403,9895183387.375042,23,23
2016-07-01,121524984,7332436314.19363,23,23
2016-07-05,132566515,7951331694.784349,23,23
2016-07-06,140386416,8175465800.709236,23,23
2016-07-07,126033384,7131745141.878563,23,23
2016-07-08,120446651,7574508523.759033,23,23
2016-07-11,110787983,6938410054.526302,23,23
2016-07-12,131487225,7923954377.054848,23,23
2016-07-13,108566286,6504914415.703182,23,23
2016-07-14,115390578,7329828111.9060135,23,23
2016-07-15,125145975,7760494968.292603,23,23
2016-07-18,105388762,6809036636.630621,23,23
2016-07-19,110261573,7164255273.779369,23,23
2016-07-20,116160979,7122931214.306141,23,23
2016-07-21,113663823,6919621599.3564415,23,23
2016-07-22,112771538,7604567275.885891,23,23
2016-07-25,108787335,7104155720.489668,23,23
2016-07-26,128038270,7933769158.518017,23,23
2016-07-27,166944271,9048119825.355644,23,23
2016-07-28,137619324,7667562021.286844,23,23
2016-07-29,168489959,9602831545.470486,23,23
2016-08-01,141079147,8085685564.599287,23,23
2016-08-02,145019749,8229556772.631622,23,23
2016-08-03,120208296,6778916975.340961,23,23
2016-08-04,117257051,6315843126.530989,23,23
2016-08-05,191864554,9882763644.89827,23,23
2016-08-08,141606328,7158779051.969982,23,23
2016-08-09,115409216,6516580938.3520775,23,23
2016-08-10,131745471,7965873738.460026,23,23
2016-08-11,124984831,7699973507.435707,23,23
2016-08-12,106078803,6161379484.902256,23,23
2016-08-15,108265521,6087205458.883917,23,23
2016-08-16,114018824,6533650507.316395,23,23
2016-08-17,116663955,6596743603.81337,23,23
2016-08-18,118805884,6962421104.53014,23,23
2016-08-19,105826861,6145069789.68227,23,23
2016-08-22,98802323,5559314649.62265,23,23
2016-08-23,99935075,5809165869.795002,23,23
2016-08-24,115158177,5969042103.58651,23,23
2016-08-25,127970211,5851008787.242851,23,23
2016-08-26,119109984,6555532985.977634,23,23
2016-08-29,95804642,5669147397.837189,23,23
2016-08-30,95377428,5516754337.598633,23,23
2016-08-31,123152398,7295392555.4109745,23,23
2016-09-01,126858829,7831118382.7012615,23,23
2016-09-02,105666063,6267541665.002483,23,23
2016-09-06,117149997,7401478670.458738,23,23
2016-09-07,123661374,7034921520.779343,23,23
2016-09-08,138539045,7977039371.554478,23,23
2016-09-09,194875542,10803050269.07405,23,23
2016-09-12,170390190,9686242319.325577,23,23
2016-09-13,161559179,9360551961.658836,23,23
2016-09-14,150908980,9353237277.207901,23,23
2016-09-15,127057456,7490226327.614256,23,23
2016-09-16,215594447,13194576777.071384,23,23
2016-09-19,119165738,7095386327.289927,23,23
2016-09-20,138209492,8297486845.888859,23,23
2016-09-21,183940849,10866999405.013424,23,23
2016-09-22,162458747,9793478848.81366,23,23
2016-09-23,147062774,8808240253.29263,23,23
2016-09-26,165470249,10164484762.323807,23,23
2016-09-27,175151647,10755379624.215134,23,23
2016-09-28,237011447,14436081518.915792,23,23
2016-09-29,214819170,13137974185.546206,23,23
2016-09-30,291014616,17649781350.16671,23,23
2016-10-03,121980971,7262502925.193142,23,23
2016-10-04,143903010,8247528935.833191,23,23
2016-10-05,196321918,11049100651.555115,23,23
2016-10-06,174826090,10592931535.75423,23,23
2016-10-07,150440079,9502050084.625227,23,23
2016-10-10,131498894,7830242463.966248,23,23
2016-10-11,147589931,8337803016.54657,23,23
2016-10-12,149340672,7849641378.010517,23,23
2016-10-13,149806795,8165701145.279243,23,23
2016-10-14,132763994,6770805749.818016,23,23
2016-10-17,130842265,7128312769.443153,23,23
2016-10-18,127919627,7700895158.033918,23,23
2016-10-19,126699401,7181416357.048477,23,23
2016-10-20,107562515,6409883087.85268,23,23
2016-10-21,153740128,9181376226.300823,23,23
2016-10-24,124563899,7277322679.949404,23,23
2016-10-25,143047135,8571770279.51479,23,23
2016-10-26,137116454,8458004519.813011,23,23
2016-10-27,136544838,7962781727.935879,23,23
2016-10-28,170586062,10318672049.25161,23,23
2016-10-31,157699473,9121847211.585674,23,23
2016-11-01,157978232,8375297075.594883,23,23
2016-11-02,144744123,7642206749.611191,23,23
2016-11-03,121018762,6721092048.879833,23,23
2016-11-04,139541402,7839236635.288633,23,23
2016-11-07,134686094,8051231972.939972,23,23
2016-11-08,121845055,7238022651.3536,23,23
2016-11-09,228715134,13975210984.313171,23,23
2016-11-10,250427424,15417384852.29802,23,23
2016-11-11,164998487,10536873337.419323,23,23
2016-11-14,180766902,10686135649.34722,23,23
2016-11-15,152264493,9081734769.524925,23,23
2016-11-16,129333944,7576561564.73975,23,23
2016-11-17,117376767,6838058329.006447,23,23
2016-11-18,129244312,7652180502.749699,23,23
2016-11-21,121812527,7499080030.95142,23,23
2016-11-22,130312239,7446446004.31992,23,23
2016-11-23,117609767,6545598034.56361,23,23
2016-11-25,61041031,3492196220.487179,23,23
2016-11-28,124883999,7552633389.727703,23,23
2016-11-29,123220974,7587482235.110584,23,23
2016-11-30,202010277,12091435988.503082,23,23
2016-12-01,175083817,10332606410.248775,23,23
2016-12-02,127619426,7300029101.692467,23,23
2016-12-05,144525724,8299976232.334965,23,23
2016-12-06,116782080,7069093591.760151,23,23
2016-12-07,153785208,9771316762.89431,23,23
2016-12-08,131940370,8490964542.06583,23,23
2016-12-09,145163824,8717785644.28584,23,23
2016-12-12,147955949,9358557618.917149,23,23
2016-12-13,151243346,9763350667.555748,23,23
2016-12-14,159093881,9934062531.681217,23,23
2016-12-15,138759308,8558560437.635288,23,23
2016-12-16,238004743,15203291895.558868,23,23
2016-12-19,123937994,7853625069.471462,23,23
2016-12-20,117049452,7193799816.534889,23,23
2016-12-21,101930309,6356676801.470722,23,23
2016-12-22,101940671,6353906860.783218,23,23
2016-12-23,63340693,3846471950.9862633,23,23
2016-12-27,59972177,3769851560.9697533,23,23
2016-12-28,78506578,4847775389.103764,23,23
2016-12-29,68375389,4338823105.269474,23,23
2016-12-30,101734534,6288113815.661438,23,23
2017-01-03,132833799,8210122193.981117,23,23
2017-01-04,116985139,7209437769.571728,23,23
2017-01-05,125435728,7397071606.900566,23,23
2017-01-06,113597172,7095337638.693321,23,23
2017-01-09,125199559,7418079698.885914,23,23
2017-01-10,143069849,8255162993.84404,23,23
2017-01-11,144889531,8572528536.966984,23,23
2017-01-12,125184662,7627947459.1004715,23,23
2017-01-13,99748171,6123752149.850674,23,23
2017-01-17,130125480,7917852785.962513,23,23
2017-01-18,116015662,6932325091.157501,23,23
2017-01-19,135837867,8314367380.627193,23,23
2017-01-20,192267338,12646044861.939049,23,23
2017-01-23,128953696,8416305405.455551,23,23
2017-01-24,142665122,9036394647.158134,23,23
2017-01-25,152097861,10029233309.505833,23,23
2017-01-26,134338020,8750511589.79723,23,23
2017-01-27,135973718,8989221925.783459,23,23
2017-01-30,133207744,9073991376.336895,23,23
2017-01-31,159135076,10058891022.76052,23,23
2017-02-01,134537352,8209213956.096882,23,23
2017-02-02,141701744,8257732456.200249,23,23
2017-02-03,131684751,8315509325.380783,23,23
2017-02-06,117901045,7266825682.665989,23,23
2017-02-07,133560500,8391612428.867386,23,23
2017-02-08,132338052,8139876172.361122,23,23
2017-02-09,130276375,7596401182.7925415,23,23
2017-02-10,133958484,7938195954.30019,23,23
2017-02-13,134695935,8059345150.254936,23,23
2017-02-14,162987244,9068825313.065567,23,23
2017-02-15,168804225,9924648827.772118,23,23
2017-02-16,143569768,8755450745.158077,23,23
2017-02-17,142190773,8715394207.900059,23,23
2017-02-21,134524625,8363795596.714432,23,23
2017-02-22,121095251,7301004053.470356,23,23
2017-02-23,153378726,8538449002.012928,23,23
2017-02-24,131396211,8117578178.660454,23,23
2017-02-27,129459506,7889968334.47654,23,23
2017-02-28,150311055,9337237960.439182,23,23
2017-03-01,150432467,9995329725.642895,23,23
2017-03-02,162169850,9872406748.402534,23,23
2017-03-03,132376376,7715111198.89703,23,23
2017-03-06,122222316,7609761771.105492,23,23
2017-03-07,121431906,7324349647.2873535,23,23
2017-03-08,131604705,8325012670.563065,23,23
2017-03-09,128607802,8134035035.208092,23,23
2017-03-10,132301808,8903995186.410637,23,23
2017-03-13,123160014,7866857553.263824,23,23
2017-03-14,115938182,7566362555.909096,23,23
2017-03-15,144718430,8807175278.33025,23,23
2017-03-16,126563858,7713426672.679882,23,23
2017-03-17,250820486,15436652041.367912,23,23
2017-03-20,114198032,7110214028.004478,23,23
2017-03-21,142704298,8774242012.677773,23,23
2017-03-22,124419207,7812131515.235149,23,23
2017-03-23,119372494,7329423031.8056755,23,23
2017-03-24,115808343,7215244912.790524,23,23
2017-03-27,108068559,7115288631.023369,23,23
2017-03-28,118090916,7535176006.047787,23,23
2017-03-29,87043568,5534655457.743839,23,23
2017-03-30,136598466,8301126486.017326,23,23
2017-03-31,144505101,8605089908.753407,23,23
2017-04-03,113726122,7156422414.997112,23,23
2017-04-04,99346316,6191287076.688526,23,23
2017-04-05,115913475,7404378185.352955,23,23
2017-04-06,105457818,6378234547.487511,23,23
2017-04-07,104095308,6070934230.072624,23,23
2017-04-10,97628141,6058243892.495979,23,23
2017-04-11,102772930,6135033345.159813,23,23
2017-04-12,119368464,6960436492.349556,23,23
2017-04-13,102781598,6252318212.13007,23,23
2017-04-17,95446375,6141999085.744324,23,23
2017-04-18,116737520,7675249749.963921,23,23
2017-04-19,132360321,8815918753.660183,23,23
2017-04-20,118557239,7806598489.98159,23,23
2017-04-21,140436822,9614785621.256989,23,23
2017-04-24,129909998,8900498867.754234,23,23
2017-04-25,149253458,10314146967.795261,23,23
2017-04-26,129855495,8982124012.61869,23,23
2017-04-27,112848288,7368207082.123039,23,23
2017-04-28,115642043,7439016963.459076,23,23
2017-05-01,109133194,6862783821.768913,23,23
2017-05-02,133936644,8121083027.9313545,23,23
2017-05-03,117987093,7792993533.517075,23,23
2017-05-04,120418002,7875742749.057022,23,23
2017-05-05,115365252,7476290385.639202,23,23
2017-05-08,113270565,6907216680.234589,23,23
2017-05-09,118603305,7936217532.486298,23,23
2017-05-10,125968892,8940828756.344238,23,23
2017-05-11,119494162,7538011283.633854,23,23
2017-05-12,104685400,7287091743.108807,23,23
2017-05-15,113116198,7700629254.709003,23,23
2017-05-16,106469327,7116884513.11763,23,23
2017-05-17,134090183,8916675900.372765,23,23
2017-05-18,133169352,8244819192.345673,23,23
2017-05-19,134497730,8809545776.671139,23,23
2017-05-22,104755302,6678710222.248024,23,23
2017-05-23,93046814,5913186521.879948,23,23
2017-05-24,106992565,6782069685.286335,23,23
2017-05-25,129156553,7648107821.123127,23,23
2017-05-26,96745653,5858052887.489708,23,23
2017-05-30,108197103,6543830512.713066,23,23
2017-05-31,155801007,10104596919.378387,23,23
2017-06-01,114653428,7346968910.034439,23,23
2017-06-02,126276200,8440192068.505814,23,23
2017-06-05,104609915,6971488394.437431,23,23
2017-06-06,124438622,7576697662.539368,23,23
2017-06-07,118337847,7675994394.775486,23,23
2017-06-08,140574745,9054923297.234188,23,23
2017-06-09,132371039,8287639332.806881,23,23
2017-06-12,166064654,12179650184.222248,23,23
2017-06-13,121763215,8008508579.730591,23,23
2017-06-14,119451865,7654482946.101677,23,23
2017-06-15,184029993,9273156509.478981,23,23
2017-06-16,324533234,17284819708.94483,23,23
2017-06-19,139913392,7857915604.1767845,23,23
2017-06-20,143020029,8455741166.918114,23,23
2017-06-21,144125653,8337787695.53405,23,23
2017-06-22,122433763,7305489781.791477,23,23
2017-06-23,173150374,11176446112.389767,23,23
2017-06-26,100730611,6082448713.018196,23,23
2017-06-27,120709123,7130825094.369587,23,23
2017-06-28,107219345,6790688004.598419,23,23
2017-06-29,130405558,8037206355.78944,23,23
2017-06-30,111581618,6904684702.483379,23,23
2017-07-03,70059693,4617620025.043133,23,23
2017-07-05,106906474,6414368543.509102,23,23
2017-07-06,125807993,7974465459.874237,23,23
2017-07-07,102049500,6701946469.40004,23,23
2017-07-10,102410136,6355672309.12225,23,23
2017-07-11,103979103,6420454697.66024,23,23
2017-07-12,100364294,6670498799.510765,23,23
2017-07-13,91645968,5700728552.469284,23,23
2017-07-14,88503116,5756009747.079418,23,23
2017-07-17,97246178,6119116142.96788,23,23
2017-07-18,105047881,7217813772.316425,23,23
2017-07-19,108909254,7193684012.093948,23,23
2017-07-20,116359954,7904111573.444607,23,23
2017-07-21,121578505,8733806810.47202,23,23
2017-07-24,114206029,7964183757.516121,23,23
2017-07-25,134322406,9509636784.352844,23,23
2017-07-26,137864481,10938114244.584503,23,23
2017-07-27,169677484,12209358429.433819,23,23
2017-07-28,182158731,10421143379.250801,23,23
2017-07-31,160494972,9966651169.649067,23,23
2017-08-01,124676243,8502288815.363884,23,23
2017-08-02,130979755,8490838993.459328,23,23
2017-08-03,131732705,8127116967.164066,23,23
2017-08-04,105637629,7320502290.13522,23,23
2017-08-07,95580775,6531907663.878586,23,23
2017-08-08,109938557,7481411428.60017,23,23
2017-08-09,123494105,9399113307.1427,23,23
2017-08-10,123893596,8686361125.151848,23,23
2017-08-11,101000875,6601312702.40184,23,23
2017-08-14,95305241,6215608810.637215,23,23
2017-08-15,101691091,6625398487.954033,23,23
2017-08-16,98579456,6469419658.357639,23,23
2017-08-17,120842097,7464303139.573769,23,23
2017-08-18,126760471,7958888380.405319,23,23
2017-08-21,98764068,6567181157.045818,23,23
2017-08-22,96614727,6440054512.721077,23,23
2017-08-23,95992727,6111207136.120338,23,23
2017-08-24,144651191,6921230493.303886,23,23
2017-08-25,116938379,6121382817.744957,23,23
2017-08-28,106418868,6157814880.952492,23,23
2017-08-29,90148230,5820434482.852905,23,23
2017-08-30,90987208,5996578252.963043,23,23
2017-08-31,145640810,9099068262.46587,23,23
2017-09-01,102819447,6920290612.6046715,23,23
2017-09-05,125403173,8163076011.979507,23,23
2017-09-06,139926483,9138214047.472446,23,23
2017-09-07,147440541,10127910202.690563,23,23
2017-09-08,165088492,8561800026.459156,23,23
2017-09-11,139669992,8830627059.169537,23,23
2017-09-12,120380162,7790143000.096115,23,23
2017-09-13,110939417,7390889372.17646,23,23
2017-09-14,128383287,8657013903.737938,23,23
2017-09-15,215362518,15707368060.093697,23,23
2017-09-18,112351662,8256516673.758347,23,23
2017-09-19,106801087,7632802896.549549,23,23
2017-09-20,125215947,8724472968.565601,23,23
2017-09-21,119039371,7624806172.482826,23,23
2017-09-22,113775592,7415598274.911381,23,23
2017-09-25,127508271,8275841942.904446,23,23
2017-09-26,128059999,7158082934.500801,23,23
2017-09-27,130082159,8467344553.027889,23,23
2017-09-28,113253697,7070028291.387508,23,23
2017-09-29,115319733,7409945743.563992,23,23
2017-10-02,115505398,7094889003.679188,23,23
2017-10-03,111552350,6619147629.54549,23,23
2017-10-04,105987659,6494682634.000725,23,23
2017-10-05,115781100,7228063849.755394,23,23
2017-10-06,107680329,6416375901.60957,23,23
2017-10-09,114928007,8064776722.226074,23,23
2017-10-10,132887689,9053153617.979355,23,23
2017-10-11,150313701,9005862393.220901,23,23
2017-10-12,122181838,7898513625.150288,23,23
2017-10-13,125928580,7081891525.421993,23,23
2017-10-16,113288905,6743863780.924072,23,23
2017-10-17,119004757,8269723638.577148,23,23
2017-10-18,127447983,9628357686.936157,23,23
2017-10-19,127588895,9312120584.889648,23,23
2017-10-20,165707659,12775484769.405746,23,23
2017-10-23,160421427,11860064950.224617,23,23
2017-10-24,172262984,13600644383.974628,23,23
2017-10-25,161328143,12249315614.424438,23,23
2017-10-26,137789432,9416044152.788364,23,23
2017-10-27,178327747,11117222999.652122,23,23
2017-10-30,149825732,9856295695.708221,23,23
2017-10-31,133387531,8934824040.992065,23,23
2017-11-01,125729019,8424360739.288349,23,23
2017-11-02,131638586,7996623066.9050865,23,23
2017-11-03,105176117,6891271619.482651,23,23
2017-11-06,125028309,8305768143.887024,23,23
2017-11-07,118069944,8036165224.726288,23,23
2017-11-08,110477891,7405529993.703918,23,23
2017-11-09,115123563,8067934320.38031,23,23
2017-11-10,131770206,9187006561.515064,23,23
2017-11-13,153185190,11097568393.663555,23,23
2017-11-14,182962691,12106398164.425232,23,23
2017-11-15,142802500,9260727614.05692,23,23
2017-11-16,136548019,8580844247.058136,23,23
2017-11-17,136787167,7854116115.171597,23,23
2017-11-20,138027280,8160655538.419899,23,23
2017-11-21,130201765,8117950215.756203,23,23
2017-11-22,118216351,6617911492.6112175,23,23
2017-11-24,49212952,2939069452.9525337,23,23
2017-11-27,113257654,7030806397.494919,23,23
2017-11-28,121793467,7935282788.546379,23,23
2017-11-29,147760477,9270971209.388062,23,23
2017-11-30,238448282,14218225478.350784,23,23
2017-12-01,160205573,10783608202.50774,23,23
2017-12-04,176079142,12193845280.439041,23,23
2017-12-05,141198250,9552899924.71098,23,23
2017-12-06,132824295,8544385378.332199,23,23
2017-12-07,124482609,8724841573.957298,23,23
2017-12-08,120849055,8233220496.828449,23,23
2017-12-11,110870812,8003239073.527489,23,23
2017-12-12,139866014,10420083736.197975,23,23
2017-12-13,138966584,10318740720.391426,23,23
2017-12-14,142613524,10709709664.92931,23,23
2017-12-15,257272227,18380721609.67206,23,23
2017-12-18,137852258,9538609106.779297,23,23
2017-12-19,126579266,9061521596.225803,23,23
2017-12-20,131558010,9041458868.369057,23,23
2017-12-21,135214302,10424996986.722824,23,23
2017-12-22,98576732,6869469230.049007,23,23
2017-12-26,71362343,4917724341.013298,23,23
2017-12-27,81631695,5651731769.989456,23,23
2017-12-28,85923960,5801526133.876457,23,23
2017-12-29,93846456,6586599540.546188,23,23
2018-01-02,137826245,10131246822.435757,23,23
2018-01-03,145552551,10867491601.837986,23,23
2018-01-04,147539000,10679661463.2981,23,23
2018-01-05,131294680,10136294590.410782,23,23
2018-01-08,132052338,9885904916.971947,23,23
2018-01-09,126088671,9975280983.511902,23,23
2018-01-10,129473162,9851015164.605583,23,23
2018-01-11,133473585,10380602880.553112,23,23
2018-01-12,149595155,11560639038.68502,23,23
2018-01-16,236090561,19015599110.243195,23,23
2018-01-17,191969026,16128710666.228699,23,23
2018-01-18,189234904,15184508342.846588,23,23
2018-01-19,209710491,16797419498.517067,23,23
2018-01-22,155207717,12468441729.644478,23,23
2018-01-23,170568932,13653244259.421825,23,23
2018-01-24,187119030,14631730345.265793,23,23
2018-01-25,171338422,13718843982.483585,23,23
2018-01-26,163751956,13022562995.108353,23,23
2018-01-29,151087954,11367971435.139545,23,23
2018-01-30,156137706,12072071960.216347,23,23
2018-01-31,187715464,15703790227.802055,23,23
2018-02-01,159167525,12361826825.917366,23,23
2018-02-02,193900410,14734703651.75592,23,23
2018-02-05,276600086,20999938123.205208,23,23
2018-02-06,324608766,24093779263.87467,23,23
2018-02-07,196043510,14658851613.973999,23,23
2018-02-08,247132931,16796547629.950214,23,23
2018-02-09,251391744,18349617346.167076,23,23
2018-02-12,175730728,12961538747.611061,23,23
2018-02-13,151429449,10478902479.220482,23,23
2018-02-14,157769503,11033755940.915253,23,23
2018-02-15,136991795,10513911859.237732,23,23
2018-02-16,147173718,11042426274.417404,23,23
2018-02-20,146067799,10123441888.148743,23,23
2018-02-21,146332402,10461852757.987606,23,23
2018-02-22,142466697,9344792057.936554,23,23
2018-02-23,134257321,8759358664.74673,23,23
2018-02-26,172670019,11900400676.4352,23,23
2018-02-27,159205127,11238459965.68879,23,23
2018-02-28,174028265,12306724627.934875,23,23
2018-03-01,189716254,14337524085.168823,23,23
2018-03-02,165046003,12917394427.61509,23,23
2018-03-05,158791923,12057557805.755775,23,23
2018-03-06,136675735,9699454258.974651,23,23
2018-03-07,176787844,11398731422.293922,23,23
2018-03-08,186986577,10404928972.745983,23,23
2018-03-09,161029576,10301129555.49437,23,23
2018-03-12,162422193,10709188733.09729,23,23
2018-03-13,164446362,11206454377.417732,23,23
2018-03-14,158628498,12285155547.039871,23,23
2018-03-15,144032476,10418209662.82162,23,23
2018-03-16,284620313,19621725979.421177,23,23
2018-03-19,145427743,10219959062.53738,23,23
2018-03-20,140673125,10031463960.428295,23,23
2018-03-21,136839469,9060563344.98507,23,23
2018-03-22,175333784,12130517360.119682,23,23
2018-03-23,184113960,12141026238.477364,23,23
2018-03-26,158569138,10950251731.605446,23,23
2018-03-27,182416529,11734695540.475811,23,23
2018-03-28,184161644,12166343988.759491,23,23
2018-03-29,138240973,9401568587.46846,23,23
2018-04-02,163140312,11075982729.300148,23,23
2018-04-03,150399918,10348646859.474464,23,23
2018-04-04,145067490,11248006227.967499,23,23
2018-04-05,137462495,10004878794.770805,23,23
2018-04-06,144196269,9933111804.11216,23,23
2018-04-09,147759147,9756777456.779892,23,23
2018-04-10,144984205,10126435620.041641,23,23
2018-04-11,116566358,7979422455.18232,23,23
2018-04-12,125951242,8919321866.92675,23,23
2018-04-13,111973719,8121428268.870514,23,23
2018-04-16,129711118,8974076750.606472,23,23
2018-04-17,133893690,9918733931.366863,23,23
2018-04-18,148919399,10569400440.886227,23,23
2018-04-19,159429305,10263691479.796448,23,23
2018-04-20,188570538,12245338346.722252,23,23
2018-04-23,160508129,10364508150.288712,23,23
2018-04-24,213974354,16128787445.823196,23,23
2018-04-25,198768816,15466615128.358437,23,23
2018-04-26,165751827,11353410103.305336,23,23
2018-04-27,136204713,9076490591.726181,23,23
2018-04-30,163926543,10781273113.43663,23,23
2018-05-01,145791472,9932253331.433807,23,23
2018-05-02,147969992,9703231295.295948,23,23
2018-05-03,162393702,11548621396.165524,23,23
2018-05-04,127539973,8831835566.65435,23,23
2018-05-07,132784203,9301389585.247387,23,23
2018-05-08,158527672,10804907044.932404,23,23
2018-05-09,146463878,10965664320.04932,23,23
2018-05-10,115585071,8436526594.598125,23,23
2018-05-11,115745159,7969203339.766357,23,23
2018-05-14,127994870,8604114145.597687,23,23
2018-05-15,134120848,8569484479.51981,23,23
2018-05-16,122250939,7814197846.97464,23,23
2018-05-17,134922380,8308478506.502731,23,23
2018-05-18,130568751,8858804095.226395,23,23
2018-05-21,127469497,9763340115.160625,23,23
2018-05-22,132567452,9470477521.87642,23,23
2018-05-23,154086868,10540863058.101772,23,23
2018-05-24,135628647,9382318976.048012,23,23
2018-05-25,130459200,8086904098.564594,23,23
2018-05-29,156722094,10525382367.224625,23,23
2018-05-30,153882276,9185746139.246101,23,23
2018-05-31,191686232,12713673464.072033,23,23
2018-06-01,121096940,7780198070.120186,23,23
2018-06-04,144580214,8935004799.352615,23,23
2018-06-05,140501324,8485032423.347267,23,23
2018-06-06,135014331,9443860824.688465,23,23
2018-06-07,146164499,10143063228.642704,23,23
2018-06-08,132613085,9076105319.368767,23,23
2018-06-11,126338420,8143407979.551155,23,23
2018-06-12,125568417,8177323049.742668,23,23
2018-06-13,153717955,10640109794.718185,23,23
2018-06-14,146184148,10450654154.581638,23,23
2018-06-15,248205517,18641352086.708183,23,23
2018-06-18,130433324,9101042597.04945,23,23
2018-06-19,153485398,11258843751.179626,23,23
2018-06-20,152406371,10733202880.671913,23,23
2018-06-21,168432017,10297294351.479721,23,23
2018-06-22,191973619,11545398970.485268,23,23
2018-06-25,159609497,11061165853.686317,23,23
2018-06-26,171036128,10905843326.474617,23,23
2018-06-27,158126608,10928146944.046219,23,23
2018-06-28,130284038,8312304551.525162,23,23
2018-06-29,140201872,9428749014.684925,23,23
2018-07-02,114163656,7509517911.5127945,23,23
2018-07-03,75032558,4931584240.147282,23,23
2018-07-05,120564203,8003499606.927761,23,23
2018-07-06,104396919,6989014814.786194,23,23
2018-07-09,117194388,8226277753.942081,23,23
2018-07-10,128034045,8477990703.209076,23,23
2018-07-11,123157428,8749178309.959122,23,23
2018-07-12,108174720,7400704424.770802,23,23
2018-07-13,98583083,7254924405.632935,23,23
2018-07-16,97326089,7278673592.13348,23,23
2018-07-17,118886436,8776301049.87986,23,23
2018-07-18,112457299,8391404643.889687,23,23
2018-07-19,140806415,10583384643.367828,23,23
2018-07-20,146343272,10394577116.266788,23,23
2018-07-23,113728293,7835806197.67659,23,23
2018-07-24,142368008,10183506747.419094,23,23
2018-07-25,141980142,10997570178.442127,23,23
2018-07-26,146351994,10595977590.55489,23,23
2018-07-27,127334657,9019525217.296291,23,23
2018-07-30,128614852,9762942878.092674,23,23
2018-07-31,155414446,11023312532.377335,23,23
2018-08-01,113809706,8262409085.50589,23,23
2018-08-02,110060836,7700176109.46003,23,23
2018-08-03,109771523,8006618580.752457,23,23
2018-08-06,112360057,8485855772.116585,23,23
2018-08-07,115636396,8474593586.136902,23,23
2018-08-08,95711263,7058559087.137497,23,23
2018-08-09,93514808,6741526069.004707,23,23
2018-08-10,103148817,7419721610.524498,23,23
2018-08-13,101711346,6875138023.690815,23,23
2018-08-14,93287405,6308970121.820915,23,23
2018-08-15,132703246,9321717134.177963,23,23
2018-08-16,142257341,10430166345.374844,23,23
2018-08-17,116579454,8177815123.979767,23,23
2018-08-20,100764749,7495450989.539661,23,23
2018-08-21,117456459,8019295741.098793,23,23
2018-08-22,93534355,6316606298.0424,23,23
2018-08-23,99791751,6487012527.173126,23,23
2018-08-24,100854489,6412625871.917397,23,23
2018-08-27,91729371,6535186452.655502,23,23
2018-08-28,96582752,6943746250.0377655,23,23
2018-08-29,97512635,6473297843.321384,23,23
2018-08-30,93638058,6781610643.122082,23,23
2018-08-31,120105864,8282522816.1955185,23,23
2018-09-04,107086402,7307549673.792332,23,23
2018-09-05,126858108,8626434888.957512,23,23
2018-09-06,125667037,9130646304.500603,23,23
2018-09-07,134887137,9509393457.697037,23,23
2018-09-10,112167820,7682209366.592945,23,23
2018-09-11,119229377,7857040641.4552765,23,23
2018-09-12,131933885,9452075254.698406,23,23
2018-09-13,142066586,9014592976.772156,23,23
2018-09-14,119260957,7992187161.500225,23,23
2018-09-17,113261591,7786862439.182068,23,23
2018-09-18,107259725,7671172977.575031,23,23
2018-09-19,113739640,8886155339.426022,23,23
2018-09-20,131091335,9923364753.866615,23,23
2018-09-21,274558018,20978825028.375645,23,23
2018-09-24,147203690,10148891411.384811,23,23
2018-09-25,149418558,10238010556.843292,23,23
2018-09-26,190313223,10732116043.720776,23,23
2018-09-27,128795326,7911308838.713955,23,23
2018-09-28,137106286,9277792186.844223,23,23
2018-10-01,167832492,11813139247.765736,23,23
2018-10-02,154545336,10749337043.287388,23,23
2018-10-03,139464264,10161319281.679058,23,23
2018-10-04,131669984,9260528592.658325,23,23
2018-10-05,146476632,9898332209.269405,23,23
2018-10-08,149499932,10400312550.667671,23,23
2018-10-09,148684497,10076497787.600851,23,23
2018-10-10,186700367,13488010237.72268,23,23
2018-10-11,211881452,15048384584.452587,23,23
2018-10-12,174898600,12126449956.442654,23,23
2018-10-15,130166886,8839368690.207703,23,23
2018-10-16,140206211,9918603250.165726,23,23
2018-10-17,152516409,10902800366.167475,23,23
2018-10-18,156628326,11323020579.88977,23,23
2018-10-19,182592422,13258346078.734806,23,23
2018-10-22,143503632,9942687842.829586,23,23
2018-10-23,199123073,15101286953.303461,23,23
2018-10-24,219755980,16869249998.901985,23,23
2018-10-25,193069345,13538672886.660433,23,23
2018-10-26,213444334,14241014038.484932,23,23
2018-10-29,215698066,15259556266.57698,23,23
2018-10-30,273208109,17519362863.572544,23,23
2018-10-31,241313347,15900498180.283382,23,23
2018-11-01,206088243,13578626320.530466,23,23
2018-11-02,226495298,14596063267.47874,23,23
2018-11-05,170270539,11373036495.264584,23,23
2018-11-06,141624835,9454925640.691246,23,23
2018-11-07,169530137,11980074387.911644,23,23
2018-11-08,169563506,11572921469.307205,23,23
2018-11-09,207208076,13166081203.566353,23,23
2018-11-12,195143620,12159769461.094234,23,23
2018-11-13,184410095,11953970112.25259,23,23
2018-11-14,175114151,11198785833.170082,23,23
2018-11-15,183550975,12225540641.631187,23,23
2018-11-16,179916973,11959386186.250683,23,23
2018-11-19,169775781,11903100301.458897,23,23
2018-11-20,189249155,13251485616.592442,23,23
2018-11-21,140532835,9713554368.575438,23,23
2018-11-23,72041217,4778357385.422667,23,23
2018-11-26,160493154,10100233222.189617,23,23
2018-11-27,145311072,9366890005.954075,23,23
2018-11-28,162232066,11591691530.833492,23,23
2018-11-29,165637245,11010901684.191586,23,23
2018-11-30,248216085,16585026984.598173,23,23
2018-12-03,195988461,14151017999.639526,23,23
2018-12-04,214973758,14085303537.819098,23,23
2018-12-06,231150225,16317340289.570934,23,23
2018-12-07,186817585,11920750306.270956,23,23
2018-12-10,174021112,11340753388.18029,23,23
2018-12-11,171167939,10868656411.923367,23,23
2018-12-12,161446737,10701619782.665134,23,23
2018-12-13,183676093,10899496634.613987,23,23
2018-12-14,219962299,15998631303.744177,23,23
2018-12-17,222234612,15177850330.59502,23,23
2018-12-18,207963593,13988221098.358028,23,23
2018-12-19,244091630,15052136772.414719,23,23
2018-12-20,271900202,16119325412.498371,23,23
2018-12-21,381717432,23247528600.726616,23,23
2018-12-24,125547632,7806113974.486416,23,23
2018-12-26,195531469,12041615559.92176,23,23
2018-12-27,191394578,11739855657.07063,23,23
2018-12-28,160417737,9751538181.695915,23,23
2018-12-31,140971079,8812834454.153303,23,23
2019-01-02,162289326,10173925977.622261,23,23
2019-01-03,179861321,11387203550.902235,23,23
2019-01-04,177369847,11497694412.233135,23,23
2019-01-07,173660255,10601903943.534046,23,23
2019-01-08,164045772,10877625867.164751,23,23
2019-01-09,162167446,10457391328.563593,23,23
2019-01-10,167631941,10766079117.875622,23,23
2019-01-11,127043402,7906269728.940121,23,23
2019-01-14,149268789,9319653305.542934,23,23
2019-01-15,136594815,8835500532.328857,23,23
2019-01-16,146674157,9008534728.646421,23,23
2019-01-17,151528626,10070384139.218954,23,23
2019-01-18,176027033,12102376030.169155,23,23
2019-01-22,187054633,11894332584.517063,23,23
2019-01-23,180373908,12211639979.621162,23,23
2019-01-24,177390384,10848341901.254047,23,23
2019-01-25,157074629,10196811148.168705,23,23
2019-01-28,165284078,11226462158.388039,23,23
2019-01-29,152607903,10126800824.403042,23,23
2019-01-30,170816755,14356171824.102898,23,23
2019-01-31,287024974,18873397448.750484,23,23
2019-02-01,199663835,14017360172.35788,23,23
2019-02-04,158777436,11455767506.585793,23,23
2019-02-05,166886170,12817212788.514233,23,23
2019-02-06,137147035,10698240405.453194,23,23
2019-02-07,141659292,10640822543.972607,23,23
2019-02-08,135757061,10046421201.313072,23,23
2019-02-11,128127420,9128558303.762032,23,23
2019-02-12,140113438,9999951300.80698,23,23
2019-02-13,147532020,10341322230.808453,23,23
2019-02-14,172149496,10103863579.869339,23,23
2019-02-15,169033964,11510668110.43312,23,23
2019-02-19,142931345,9640958652.432137,23,23
2019-02-20,151557233,10533389391.079243,23,23
2019-02-21,130604264,9152469781.25394,23,23
2019-02-22,129848381,9158766487.760914,23,23
2019-02-25,197300360,12517455831.126064,23,23
2019-02-26,145528370,9878402182.779205,23,23
2019-02-27,141361515,9856420355.071297,23,23
2019-02-28,217828599,12955762360.121525,23,23
2019-03-01,178937201,11494923349.227283,23,23
2019-03-04,159530088,11666978211.945505,23,23
2019-03-05,161721973,10504754600.788818,23,23
2019-03-06,177942827,11457292035.890774,23,23
2019-03-07,210114206,12615525798.178455,23,23
2019-03-08,160470241,10419146693.147793,23,23
2019-03-11,195204311,22776463318.10141,23,23
2019-03-12,207208552,22984785294.50922,23,23
2019-03-13,194978210,21725974250.734314,23,23
2019-03-14,185308855,15373992765.263714,23,23
2019-03-15,349206255,29386111082.581818,23,23
2019-03-18,182216746,15637413223.95475,23,23
2019-03-19,191139907,16088676626.926224,23,23
2019-03-20,174872010,14458344168.093716,23,23
2019-03-21,157156417,12501653435.086731,23,23
2019-03-22,178998955,14599912486.947367,23,23
2019-03-25,134495258,10814805249.151087,23,23
2019-03-26,121962533,10010860677.889557,23,23
2019-03-27,130291302,10984594344.70139,23,23
2019-03-28,124358447,9014736913.690357,23,23
2019-03-29,149840003,12276586498.41404,23,23
2019-04-01,140133403,11423030545.902725,23,23
2019-04-02,123274684,9482266715.849632,23,23
2019-04-03,142451138,10817085415.083366,23,23
2019-04-04,120962797,10957808225.49717,23,23
2019-04-05,110654482,9533882886.761143,23,23
2019-04-08,147231320,13581846584.64024,23,23
2019-04-09,131547581,10947733709.26933,23,23
2019-04-10,127070326,10248424776.010433,23,23
2019-04-11,128777815,9668581240.423168,23,23
2019-04-12,229200792,21350781982.52553,23,23
2019-04-15,153384794,12848943557.712631,23,23
2019-04-16,149919289,12667779694.722885,23,23
2019-04-17,168152598,13258813759.519684,23,23
2019-04-18,171236643,13198788238.300451,23,23
2019-04-22,134954897,10302286113.189754,23,23
2019-04-23,167230118,12970703455.33189,23,23
2019-04-24,169761358,14988181879.480598,23,23
2019-04-25,176872506,14590317151.324463,23,23
2019-04-26,150588580,11712881222.40585,23,23
2019-04-29,137614015,12073447591.38105,23,23
2019-04-30,196962944,14491480272.911297,23,23
2019-05-01,147405210,10758347417.804123,23,23
2019-05-02,151156696,11973497412.282135,23,23
2019-05-03,115514278,9323576499.264462,23,23
2019-05-06,134524839,10768306146.153847,23,23
2019-05-07,148629434,13219560728.790895,23,23
2019-05-08,136186936,11362902955.432629,23,23
2019-05-09,163118356,13251605555.993591,23,23
2019-05-10,138002318,10511178246.911804,23,23
2019-05-13,153961440,12680541617.136868,23,23
2019-05-14,140706225,10673407282.274815,23,23
2019-05-15,119990910,9118850680.13882,23,23
2019-05-16,139187595,11014889319.92597,23,23
2019-05-17,135146894,10204212239.97728,23,23
2019-05-20,129527488,8983045169.810436,23,23
2019-05-21,132348425,9270543878.03519,23,23
2019-05-22,134114810,9058797570.715023,23,23
2019-05-23,147233709,10981171723.227966,23,23
2019-05-24,102424432,7865871140.71756,23,23
2019-05-28,184774392,12528432002.76635,23,23
2019-05-29,165509474,11825132054.298365,23,23
2019-05-30,108447739,7293464368.111824,23,23
2019-05-31,135826587,9325010547.389738,23,23
2019-06-03,136587336,10216890542.88693,23,23
2019-06-04,131916501,9461744917.692932,23,23
2019-06-05,124407691,8954340502.121868,23,23
2019-06-06,126590804,8969235475.726475,23,23
2019-06-07,115082537,8177235878.098331,23,23
2019-06-10,111441107,8107096023.201229,23,23
2019-06-11,119602195,8521651431.908844,23,23
2019-06-12,115056206,8185397904.151148,23,23
2019-06-13,129006289,10086057326.50137,23,23
2019-06-14,106530141,7956948304.08791,23,23
2019-06-17,116607600,8407515711.287405,23,23
2019-06-18,145456714,12621487103.255993,23,23
2019-06-19,125006564,9722770845.371101,23,23
2019-06-20,163214505,11417443916.160711,23,23
2019-06-21,239599696,16849148789.2552,23,23
2019-06-24,119626489,8597863075.522083,23,23
2019-06-25,132050861,9859502173.03415,23,23
2019-06-26,137056762,10031698676.396194,23,23
2019-06-27,115227102,10022230586.92857,23,23
2019-06-28,233974543,18133452911.100574,23,23
2019-07-01,126406653,10397984964.952618,23,23
2019-07-02,109815552,8337085551.735493,23,23
2019-07-03,72245185,5492267857.116274,23,23
2019-07-05,93430811,7205810371.373444,23,23
2019-07-08,109252551,7632119421.509529,23,23
2019-07-09,107883238,8787166149.922565,23,23
2019-07-10,100571575,7911330359.678856,23,23
2019-07-11,122401783,9724837760.276653,23,23
2019-07-12,124094367,10322192464.143208,23,23
2019-07-15,109086554,8918766322.869146,23,23
2019-07-16,110467242,8814404578.340965,23,23
2019-07-17,117158057,9765508755.05835,23,23
2019-07-18,128168398,10588496199.872795,23,23
2019-07-19,127714001,11820830498.041157,23,23
2019-07-22,116269250,8993369054.812483,23,23
2019-07-23,144757646,10103874923.855782,23,23
2019-07-24,136326475,11639098010.409805,23,23
2019-07-25,140045637,12343943208.692425,23,23
2019-07-26,111029185,9019698456.25396,23,23
2019-07-29,112496100,9346804600.976463,23,23
2019-07-30,127232572,10039703523.581123,23,23
2019-07-31,191667535,13560524204.222775,23,23
2019-08-01,177204676,13142276332.347317,23,23
2019-08-02,168472697,12100744191.961933,23,23
2019-08-05,185896069,13609550780.930428,23,23
2019-08-06,168076528,12439262497.577755,23,23
2019-08-07,209926985,14903374026.343033,23,23
2019-08-08,146575450,10805821573.057602,23,23
2019-08-09,123697941,8823708303.04312,23,23
2019-08-12,108356797,7811645938.350864,23,23
2019-08-13,130402822,9398319938.10624,23,23
2019-08-14,182252196,12593633958.613424,23,23
2019-08-15,206156762,12568524525.088293,23,23
2019-08-16,166857518,10819872125.865547,23,23
2019-08-19,125040139,8824309841.935265,23,23
2019-08-20,115942828,7936672267.836533,23,23
2019-08-21,109690281,7744788018.579678,23,23
2019-08-22,113518234,9390557219.86412,23,23
2019-08-23,198401932,15453980019.740715,23,23
2019-08-26,122764419,8993975721.83105,23,23
2019-08-27,194794219,11544707066.278404,23,23
2019-08-28,127660651,8207677549.753063,23,23
2019-08-29,122602032,8431648430.287613,23,23
2019-08-30,116805771,8236603819.876217,23,23
2019-09-03,123323226,8723510941.873959,23,23
2019-09-04,116419366,7903326296.402435,23,23
2019-09-05,144791105,10276367826.614838,23,23
2019-09-06,114751037,8171548509.956833,23,23
2019-09-09,145303284,10598049930.94588,23,23
2019-09-10,177146411,13381293143.84079,23,23
2019-09-11,155361360,12636851431.143803,23,23
2019-09-12,171337837,10830958439.81606,23,23
2019-09-13,135949249,8969663382.220913,23,23
2019-09-16,138458055,9825416552.046057,23,23
2019-09-17,124456923,8900698974.529232,23,23
2019-09-18,111665499,8345820738.433489,23,23
2019-09-19,122883468,8405925397.853512,23,23
2019-09-20,247950584,19664837070.816563,23,23
2019-09-23,100984964,7587705210.700462,23,23
2019-09-24,138580568,10453941914.545471,23,23
2019-09-25,135567044,9011264608.303062,23,23
2019-09-26,123022538,9088431540.859877,23,23
2019-09-27,116553220,8130411284.211399,23,23
2019-09-30,130427337,8622410077.032803,23,23
2019-10-01,130117687,9164175186.447453,23,23
2019-10-02,156636745,11070525876.907675,23,23
2019-10-03,143289748,9080952183.070473,23,23
2019-10-04,149570257,8302177062.013567,23,23
2019-10-07,111411577,6986487457.989906,23,23
2019-10-08,131558712,9235119859.890062,23,23
2019-10-09,101543336,7048548081.469589,23,23
2019-10-10,121482367,7238181793.685877,23,23
2019-10-11,134456971,9454008307.084646,23,23
2019-10-14,93887372,6360933282.120604,23,23
2019-10-15,117143752,8561922897.152233,23,23
2019-10-16,137130932,9821922615.643503,23,23
2019-10-17,125675690,9558056103.538033,23,23
2019-10-18,177071734,16049598187.370342,23,23
2019-10-21,139216957,13423058574.605453,23,23
2019-10-22,148369563,12278088705.186329,23,23
2019-10-23,131622090,12207214374.162817,23,23
2019-10-24,120442417,10129880278.589252,23,23
2019-10-25,123667013,9193431076.240452,23,23
2019-10-28,134640002,9853358260.691395,23,23
2019-10-29,140110051,10875653468.310799,23,23
2019-10-30,157571569,11469619740.220316,23,23
2019-10-31,157184025,11283603393.276672,23,23
2019-11-01,133560229,10099922987.85382,23,23
2019-11-04,166729820,12396301797.611055,23,23
2019-11-05,177455857,12759546494.262188,23,23
2019-11-06,199028654,11422066417.32827,23,23
2019-11-07,169653866,11900360638.52686,23,23
2019-11-08,138603715,10611743474.765919,23,23
2019-11-11,113324301,10820169735.015987,23,23
2019-11-12,135857104,10903711469.974434,23,23
2019-11-13,158373003,14627340132.443436,23,23
2019-11-14,142644830,12131566314.468452,23,23
2019-11-15,146195585,11742559721.49525,23,23
2019-11-18,146551847,11260640705.786034,23,23
2019-11-19,142866691,11345796421.238144,23,23
2019-11-20,144497708,10697607177.980537,23,23
2019-11-21,123442908,9023384245.069504,23,23
2019-11-22,120206124,9459043038.791214,23,23
2019-11-25,127352176,9930276305.03114,23,23
2019-11-26,187029394,15117928988.233456,23,23
2019-11-27,103961510,7960787721.1554985,23,23
2019-11-29,72132067,5297977935.04406,23,23
2019-12-02,133581091,10290324563.009777,23,23
2019-12-03,143541836,10933289630.908878,23,23
2019-12-04,131849616,9481795024.800144,23,23
2019-12-05,135494862,10173221013.261086,23,23
2019-12-06,121441189,9221509463.357838,23,23
2019-12-09,112984568,8810840129.743073,23,23
2019-12-10,112718421,8360926804.449657,23,23
2019-12-11,125869966,10661122051.995495,23,23
2019-12-12,148619590,11428347559.46788,23,23
2019-12-13,128782299,9707172477.492874,23,23
2019-12-16,151013692,14616321568.639957,23,23
2019-12-17,158602848,14483751930.498318,23,23
2019-12-18,157629496,12595713740.1819,23,23
2019-12-19,143878610,11662183821.567501,23,23
2019-12-20,270421160,21345484616.024086,23,23
2019-12-23,126313715,11880899458.401215,23,23
2019-12-24,46740625,4483859053.119289,23,23
2019-12-26,73257440,6319443474.099426,23,23
2019-12-27,81444456,6775113865.624889,23,23
2019-12-30,91951406,7607266647.799408,23,23
2019-12-31,97004328,8005353528.322769,23,23
2020-01-02,133231895,10945975916.641254,23,23
2020-01-03,127092742,10135480417.511929,23,23
2020-01-06,150470188,12007031163.665707,23,23
2020-01-07,138689389,12580520824.73804,23,23
2020-01-08,136983360,11722487480.625427,23,23
2020-01-09,130033592,11164253303.60374,23,23
2020-01-10,117293812,9471132454.060051,23,23
2020-01-13,128212755,10826292484.483757,23,23
2020-01-14,148230213,12547324013.677845,23,23
2020-01-15,127877907,9863204967.41098,23,23
2020-01-16,116949149,9461106281.475819,23,23
2020-01-17,167576065,14985037885.88221,23,23
2020-01-21,168676234,16887541961.723803,23,23
2020-01-22,168314256,16609802495.800194,23,23
2020-01-23,157944220,14018610811.804317,23,23
2020-01-24,166392010,16547635300.313576,23,23
2020-01-27,153033403,12838313154.167652,23,23
2020-01-28,145979130,11851435826.807251,23,23
2020-01-29,166078251,14715562248.836185,23,23
2020-01-30,170114813,13315771401.727825,23,23
2020-01-31,215020851,16734811677.08326,23,23
2020-02-03,161825158,12654741150.953743,23,23
2020-02-04,183486941,14475824218.637749,23,23
2020-02-05,207990167,17504408716.081398,23,23
2020-02-06,150909981,14693450402.040455,23,23
2020-02-07,132844569,11345654051.490404,23,23
2020-02-10,125170754,10270147940.83479,23,23
2020-02-11,118350151,10075241084.877392,23,23
2020-02-12,142625742,11118661793.004318,23,23
2020-02-13,130153179,10406949431.980648,23,23
2020-02-14,116715962,9647744519.18819,23,23
2020-02-18,141283640,10027452761.693878,23,23
2020-02-19,122566639,9490626642.760544,23,23
2020-02-20,132178549,9232569589.073254,23,23
2020-02-21,159780632,11147815714.409927,23,23
2020-02-24,214607609,15629859601.072474,23,23
2020-02-25,250877548,17489706642.3641,23,23
2020-02-26,221963930,16777451457.47744,23,23
2020-02-27,298311385,21438229578.802704,23,23
2020-02-28,426831338,30625201657.16941,23,23
2020-03-02,280610409,20992451841.850388,23,23
2020-03-03,298399387,20114206393.2679,23,23
2020-03-04,222244910,16041459156.583221,23,23
2020-03-05,270508107,19713100903.095184,23,23
2020-03-06,300331968,20944188724.13327,23,23
2020-03-09,357103720,22431254448.359676,23,23
2020-03-10,325057218,21501403377.406723,23,23
2020-03-11,322666278,22317555696.422535,23,23
2020-03-12,423576728,26549418362.57107,23,23
2020-03-13,408365268,25798301903.65083,23,23
2020-03-16,371172338,21900098526.94407,23,23
2020-03-17,401195414,25908082199.896717,23,23
2020-03-18,426083521,25848021892.40002,23,23
2020-03-19,371887133,21374919759.58193,23,23
2020-03-20,458243974,23443824387.863266,23,23
2020-03-23,403722235,21627984775.15993,23,23
2020-03-24,403464385,23717987630.66564,23,23
2020-03-25,423979379,29710935344.098053,23,23
2020-03-26,377691284,28279735717.639446,23,23
2020-03-27,321494610,22250511486.28539,23,23
2020-03-30,320310816,23042116679.853912,23,23
2020-03-31,318894731,20390043604.85687,23,23
2020-04-01,294414330,18078183920.880547,23,23
2020-04-02,319621934,18598467557.82987,23,23
2020-04-03,267378805,15693478618.430725,23,23
2020-04-06,321773768,22625592159.42562,23,23
2020-04-07,326876340,22571241299.202553,23,23
2020-04-08,272279638,18840483094.50014,23,23
2020-04-09,318417664,21626541078.659378,23,23
2020-04-13,220511102,14822301998.653881,23,23
2020-04-14,256309436,17747207548.98198,23,23
2020-04-15,250556432,17596483125.788887,23,23
2020-04-16,259953371,17755645637.767815,23,23
2020-04-17,309829454,22410088228.404526,23,23
2020-04-20,257771326,17212532372.26593,23,23
2020-04-21,272795291,16967131748.545462,23,23
2020-04-22,204342497,13288396273.036076,23,23
2020-04-23,229347132,15481207946.306633,23,23
2020-04-24,226287387,15077540029.582626,23,23
2020-04-27,229139644,15917705017.44188,23,23
2020-04-28,260885019,17851200771.144405,23,23
2020-04-29,293835511,21549040895.344414,23,23
2020-04-30,279010238,19175369745.297634,23,23
2020-05-01,221828245,14983339275.915218,23,23
2020-05-04,222508920,14635375107.968662,23,23
2020-05-05,218057714,14647214440.185352,23,23
2020-05-06,244098417,16821010742.13829,23,23
2020-05-07,238521435,14625550078.178059,23,23
2020-05-08,207922092,13827324284.975574,23,23
2020-05-11,183611612,12173128745.244427,23,23
2020-05-12,208164887,13021005038.951218,23,23
2020-05-13,263664686,15731304988.116177,23,23
2020-05-14,257351692,16552479468.684708,23,23
2020-05-15,282356296,17887818085.595695,23,23
2020-05-18,327540549,22266055494.305603,23,23
2020-05-19,218626023,14573906274.887243,23,23
2020-05-20,209600225,13846046069.609102,23,23
2020-05-21,203178691,15673345645.327015,23,23
2020-05-22,150503313,10198005462.188854,23,23
2020-05-26,232027706,16276035633.15522,23,23
2020-05-27,241777203,17267426824.342094,23,23
2020-05-28,268580773,16889004838.213436,23,23
2020-05-29,325858120,20295184609.135437,23,23
2020-06-01,173152848,11792822844.161243,23,23
2020-06-02,204234183,13011681839.444172,23,23
2020-06-03,247591092,21813804364.473774,23,23
2020-06-04,241999181,22515569317.556526,23,23
2020-06-05,343041031,34641199006.51396,23,23
2020-06-08,300393026,31252362059.55101,23,23
2020-06-09,254950295,25278943688.56642,23,23
2020-06-10,288827029,29585138032.81876,23,23
2020-06-11,376953286,33134162585.91102,23,23
2020-06-12,301624938,29177812370.90904,23,23
2020-06-15,283695259,26675241268.623383,23,23
2020-06-16,276271347,26921009960.615173,23,23
2020-06-17,206788727,18534197243.735462,23,23
2020-06-18,234671458,20314216486.456093,23,23
2020-06-19,408016617,31251817415.694183,23,23
2020-06-22,211429363,18851282842.384125,23,23
2020-06-23,203454995,17920685696.26842,23,23
2020-06-24,270038985,21574626253.54001,23,23
2020-06-25,223090983,19495380155.398743,23,23
2020-06-26,317678664,23967887863.480534,23,23
2020-06-29,229183711,23437774087.73127,23,23
2020-06-30,236719092,21512656291.087215,23,23
2020-07-01,206413457,17347674043.302063,23,23
2020-07-02,175571186,14956781548.462967,23,23
2020-07-06,193810262,17438317983.818024,23,23
2020-07-07,180702855,14514839597.689804,23,23
2020-07-08,187692562,15318503547.820948,23,23
2020-07-09,196106524,14439651619.002693,23,23
2020-07-10,182127772,15351545696.940464,23,23
2020-07-13,198935060,16906905972.734907,23,23
2020-07-14,207214912,16684807476.114485,23,23
2020-07-15,217349805,19348057077.7873,23,23
2020-07-16,159722331,14159804722.202824,23,23
2020-07-17,165965697,12831278873.70443,23,23
2020-07-20,167238673,13124200992.044294,23,23
2020-07-21,222375231,17797867156.72549,23,23
2020-07-22,188516321,14441261250.825706,23,23
2020-07-23,161580156,13178574963.89397,23,23
2020-07-24,155041287,12636639289.00792,23,23
2020-07-27,191710066,14814977951.336094,23,23
2020-07-28,182771252,13295042274.094841,23,23
2020-07-29,197446415,16732748427.243866,23,23
2020-07-30,198974130,14171328754.132236,23,23
2020-07-31,245494023,16532981222.1251,23,23
2020-08-03,185303718,14589075804.088856,23,23
2020-08-04,175137549,13875001602.465788,23,23
2020-08-05,229688685,21615901744.964577,23,23
2020-08-06,173977980,15220168351.17809,23,23
2020-08-07,155392817,11812482839.823872,23,23
2020-08-10,173725406,14686381573.919025,23,23
2020-08-11,233428348,21554989187.24428,23,23
2020-08-12,181415963,15736697284.90932,23,23
2020-08-13,140191857,11045152777.599586,23,23
2020-08-14,147770390,12471523359.452957,23,23
2020-08-17,150542526,11543092334.246912,23,23
2020-08-18,134091775,10500442698.541763,23,23
2020-08-19,146562606,11971581751.629332,23,23
2020-08-20,131638435,10195305267.75024,23,23
2020-08-21,149307209,10654115616.457642,23,23
2020-08-24,169718773,15020261208.939102,23,23
2020-08-25,159978176,13136474492.060122,23,23
2020-08-26,153145081,10981412098.86853,23,23
2020-08-27,180467337,14322687893.539705,23,23
2020-08-28,186413849,13829148082.755869,23,23
2020-08-31,198651404,13156592656.688036,23,23
2020-09-01,164443735,11675526088.913635,23,23
2020-09-02,199687015,14079871983.398537,23,23
2020-09-03,223607874,16520528626.236628,23,23
2020-09-04,190486350,13796202594.764286,23,23
2020-09-08,229868526,15692937218.21951,23,23
2020-09-09,193957194,13187099285.325544,23,23
2020-09-10,187939110,11963587157.548399,23,23
2020-09-11,175426186,10783450702.290503,23,23
2020-09-14,171727401,11025453878.303982,23,23
2020-09-15,164308754,10453540825.520021,23,23
2020-09-16,237492111,14486013917.251451,23,23
2020-09-17,207471811,13227575785.075035,23,23
2020-09-18,293812625,18133674698.086876,23,23
2020-09-21,230028940,15067166686.915283,23,23
2020-09-22,167644002,10673784845.129444,23,23
2020-09-23,185532547,11886255458.16816,23,23
2020-09-24,179348516,12139115611.038063,23,23
2020-09-25,164532740,11836147858.094587,23,23
2020-09-28,175730567,13978322328.93864,23,23
2020-09-29,146011963,10266309399.7028,23,23
2020-09-30,210248607,16553702086.690014,23,23
2020-10-01,196029565,13850520250.339867,23,23
2020-10-02,178184489,13155830759.018156,23,23
2020-10-05,145045341,10399079168.847378,23,23
2020-10-06,218798836,16542845194.20546,23,23
2020-10-07,172077918,12495832096.059895,23,23
2020-10-08,190728014,13637290981.38973,23,23
2020-10-09,196369849,13143945414.55975,23,23
2020-10-12,152674734,10888996499.442486,23,23
2020-10-13,173443814,13110969705.242775,23,23
2020-10-14,145293289,10035540235.72134,23,23
2020-10-15,144806424,10094390590.917183,23,23
2020-10-16,191493708,15006970626.152096,23,23
2020-10-19,161327928,11384545755.54752,23,23
2020-10-20,170890447,11720491120.319489,23,23
2020-10-21,151971428,9927865577.433823,23,23
2020-10-22,165126182,10645577100.293667,23,23
2020-10-23,149972901,9377688684.832207,23,23
2020-10-26,184349040,12179516608.600803,23,23
2020-10-27,184000010,11947455794.038914,23,23
2020-10-28,263984389,15789952793.446236,23,23
2020-10-29,197433077,12005338759.89775,23,23
2020-10-30,216017906,13022492448.95182,23,23
2020-11-02,191762532,12032204709.908043,23,23
2020-11-03,175299310,11207683224.410976,23,23
2020-11-04,203000396,13152901287.729576,23,23
2020-11-05,174241175,11479274068.037868,23,23
2020-11-06,152265622,9436460118.256264,23,23
2020-11-09,398051623,30734839701.16227,23,23
2020-11-10,287543502,23580373879.877014,23,23
2020-11-11,197156612,15379803895.909996,23,23
2020-11-12,177289671,13160183616.531322,23,23
2020-11-13,184972282,14651132825.595802,23,23
2020-11-16,247500315,21667011593.47979,23,23
2020-11-17,211158061,18750289984.32776,23,23
2020-11-18,241306917,24285079687.526875,23,23
2020-11-19,189907801,16780821759.156994,23,23
2020-11-20,161321217,12919825079.831165,23,23
2020-11-23,200971165,17017747122.57507,23,23
2020-11-24,271289701,22278581266.59131,23,23
2020-11-25,181003374,14440539201.113747,23,23
2020-11-27,97356725,7562963799.975632,23,23
2020-11-30,307203075,20843408958.149734,23,23
2020-12-01,199719357,14953608972.031143,23,23
2020-12-02,192924532,16243828731.020287,23,23
2020-12-03,237828606,22137079062.21541,23,23
2020-12-04,214129723,18506281189.44104,23,23
2020-12-07,205031920,18749680572.716877,23,23
2020-12-08,182025410,14823664005.73901,23,23
2020-12-09,220756991,16726262988.70935,23,23
2020-12-10,189930115,14960314581.330814,23,23
2020-12-11,247458465,27950618330.254097,23,23
2020-12-14,226906410,20190027206.55986,23,23
2020-12-15,193328643,16830642712.539711,23,23
2020-12-16,189476862,15155127801.465004,23,23
2020-12-17,169891026,14340267824.121853,23,23
2020-12-18,369507719,28672237217.288605,23,23
2020-12-21,194962058,15634361633.762642,23,23
2020-12-22,153347917,11546373874.123451,23,23
2020-12-23,128150688,10485990836.262226,23,23
2020-12-24,56925201,4666428753.6909485,23,23
2020-12-28,126616238,10148239405.776955,23,23
2020-12-29,124282977,10338094569.560043,23,23
2020-12-30,126524042,10546293068.029915,23,23
2020-12-31,121466296,9687395085.33776,23,23
2021-01-04,205341967,17230148611.73591,23,23
2021-01-05,200165062,15801219241.697006,23,23
2021-01-06,237971442,18337900040.63748,23,23
2021-01-07,218004080,16145505133.56395,23,23
2021-01-08,193263478,15059454365.094666,23,23
2021-01-11,189012434,14676933454.535728,23,23
2021-01-12,183339983,13953129120.03547,23,23
2021-01-13,164079490,12272331302.37328,23,23
2021-01-14,219949241,16253637732.180077,23,23
2021-01-15,208590282,15502006481.824661,23,23
2021-01-19,181057213,14134080007.720482,23,23
2021-01-20,169893391,13435499596.320896,23,23
2021-01-21,175723631,13755280482.838879,23,23
2021-01-22,182379559,14782236103.105022,23,23
2021-01-25,214831428,16353618156.149467,23,23
2021-01-26,212529808,15830053414.365932,23,23
2021-01-27,287928038,22739275577.50327,23,23
2021-01-28,210641025,15911763744.827137,23,23
2021-01-29,259122518,19918604949.75713,23,23
2021-02-01,163246676,12186321305.980495,23,23
2021-02-02,183839059,14794271414.143578,23,23
2021-02-03,158065010,12329241505.380165,23,23
2021-02-04,174659762,13451452154.69408,23,23
2021-02-05,158622744,12050762498.174576,23,23
2021-02-08,182630420,14866169750.698822,23,23
2021-02-09,161087302,13185247090.5965,23,23
2021-02-10,160248317,13256767522.330109,23,23
2021-02-11,156316369,12886342192.435345,23,23
2021-02-12,146170966,13438989103.035877,23,23
2021-02-16,168190998,13800103518.755424,23,23
2021-02-17,160902551,13070608536.76403,23,23
2021-02-18,146202778,12042840573.83115,23,23
2021-02-19,169895375,14325694831.637619,23,23
2021-02-22,207794422,18835770369.74037,23,23
2021-02-23,212743828,19073142209.17346,23,23
2021-02-24,212715803,21988094050.471657,23,23
2021-02-25,208859163,17926748467.212246,23,23
2021-02-26,265392874,20945963368.49791,23,23
2021-03-01,206209634,17403872126.76442,23,23
2021-03-02,182813801,14629192562.77842,23,23
2021-03-03,221252476,20326804557.153427,23,23
2021-03-04,289384413,24292728430.085587,23,23
2021-03-05,256419984,20976341275.227036,23,23
2021-03-08,258426181,22196058862.64576,23,23
2021-03-09,244394181,22345803250.01331,23,23
2021-03-10,254913940,23568210754.195606,23,23
2021-03-11,244432554,22921358445.616848,23,23
2021-03-12,210215087,22703593597.791397,23,23
2021-03-15,222768078,22902681345.79196,23,23
2021-03-16,199642022,19887888145.163227,23,23
2021-03-17,201454759,19792425743.71141,23,23
2021-03-18,207022058,19704194277.136528,23,23
2021-03-19,500956085,38068003902.13485,23,23
2021-03-22,185790186,16077789201.326775,23,23
2021-03-23,201862866,18293373948.436646,23,23
2021-03-24,188327734,18382052336.290855,23,23
2021-03-25,188975544,18745137569.646,23,23
2021-03-26,195454148,17362771022.91185,23,23
2021-03-29,175387885,17561175048.12442,23,23
2021-03-30,147492765,13286257844.878345,23,23
2021-03-31,183323878,16241324082.485748,23,23
2021-04-01,155297441,13777059846.128914,23,23
2021-04-05,152917364,14251205169.423271,23,23
2021-04-06,144384396,12563446241.997662,23,23
2021-04-07,134309843,11770855177.66792,23,23
2021-04-08,140804785,12293732015.5308,23,23
2021-04-09,138207377,12984905051.951374,23,23
2021-04-12,131934466,11669136172.058277,23,23
2021-04-13,166729057,16156693285.570766,23,23
2021-04-14,156817846,14289048834.1605,23,23
2021-04-15,151013262,12888363481.167679,23,23
2021-04-16,175611422,15932075460.098354,23,23
2021-04-19,173014159,14059395994.868511,23,23
2021-04-20,222383385,19618101543.03921,23,23
2021-04-21,156245161,14298580785.50425,23,23
2021-04-22,167678829,14538822643.516304,23,23
2021-04-23,133848002,12607978292.504166,23,23
2021-04-26,141239085,12727811293.168736,23,23
2021-04-27,157015841,13587700197.326797,23,23
2021-04-28,162961976,15008520700.93351,23,23
2021-04-29,186860202,15392528381.583595,23,23
2021-04-30,186930747,15900639564.171146,23,23
2021-05-03,142634020,12961610123.598991,23,23
2021-05-04,175181316,16601365314.197716,23,23
2021-05-05,170472070,15428908910.11982,23,23
2021-05-06,161934614,14620628194.18126,23,23
2021-05-07,160283643,14531192941.415627,23,23
2021-05-10,185602251,17146903836.020996,23,23
2021-05-11,203251965,18309100137.488632,23,23
2021-05-12,197528908,17023027142.864292,23,23
2021-05-13,176152719,16179891057.752453,23,23
2021-05-14,164158619,16184490453.513927,23,23
2021-05-17,170506106,15207677166.50409,23,23
2021-05-18,159586432,13766484421.588993,23,23
2021-05-19,171972385,15156046851.324867,23,23
2021-05-20,130511449,11833666754.036137,23,23
2021-05-21,159290100,15146397352.010902,23,23
2021-05-24,122932389,11278164395.847183,23,23
2021-05-25,149639737,13653781957.211788,23,23
2021-05-26,143063985,12021605674.864716,23,23
2021-05-27,327754954,27510991350.404133,23,23
2021-05-28,185688648,14435405521.612103,23,23
2021-06-01,169660584,15263157922.485184,23,23
2021-06-02,145406127,13193060345.82071,23,23
2021-06-03,160219581,14021601395.109901,23,23
2021-06-04,147267278,12331976792.877892,23,23
2021-06-07,133288519,12066199952.756935,23,23
2021-06-08,161896630,14796066222.462425,23,23
2021-06-09,153555987,13185796761.557663,23,23
2021-06-10,161744666,15353744514.293156,23,23
2021-06-11,154951801,14203626133.012184,23,23
2021-06-14,146951876,13351243709.330925,23,23
2021-06-15,156382589,13707106400.250946,23,23
2021-06-16,179716316,15311125753.064457,23,23
2021-06-17,196709013,16489334321.423214,23,23
2021-06-18,310429640,24278982655.46302,23,23
2021-06-21,181288592,16701943048.358086,23,23
2021-06-22,146395886,12966735590.174511,23,23
2021-06-23,134004811,12249595809.544502,23,23
2021-06-24,134931197,13761259734.27407,23,23
2021-06-25,233005884,21337886552.794197,23,23
2021-06-28,146716875,14888714348.262611,23,23
2021-06-29,145527539,14460084818.361412,23,23
2021-06-30,154722863,13736596775.744545,23,23
2021-07-01,135814666,11938467460.253597,23,23
2021-07-02,142843157,14866279893.75241,23,23
2021-07-06,162688571,14650123715.08685,23,23
2021-07-07,139138677,12338204508.586945,23,23
2021-07-08,154629994,14678016427.524971,23,23
2021-07-09,142907837,12865467939.85405,23,23
2021-07-12,164285310,15390020051.821465,23,23
2021-07-13,142465422,14341952762.726364,23,23
2021-07-14,147975694,13410201162.361217,23,23
2021-07-15,150555036,13816381898.659695,23,23
2021-07-16,161901534,14437285611.700935,23,23
2021-07-19,240109778,21722224756.26834,23,23
2021-07-20,223291610,22950467528.57445,23,23
2021-07-21,156646568,13912452926.132633,23,23
2021-07-22,122518351,10844525496.484383,23,23
2021-07-23,117645206,10810018711.372364,23,23
2021-07-26,119422490,10906288284.85962,23,23
2021-07-27,143265992,12654510711.145794,23,23
2021-07-28,138057617,14111472568.872581,23,23
2021-07-29,126755749,11143161640.775269,23,23
2021-07-30,172431404,14932517260.996662,23,23
2021-08-02,157120656,12913132543.100494,23,23
2021-08-03,148150674,12935508638.275059,23,23
2021-08-04,146021597,12454133015.534721,23,23
2021-08-05,118452910,10717864279.893707,23,23
2021-08-06,118209042,10145943917.929829,23,23
2021-08-09,118009035,10351510776.060234,23,23
2021-08-10,131314915,11765236504.84145,23,23
2021-08-11,124947745,12003406081.9431,23,23
2021-08-12,110797780,10757488009.826351,23,23
2021-08-13,139486437,14447514737.878296,23,23
2021-08-16,125444982,11214606739.085167,23,23
2021-08-17,151008263,13931011845.566898,23,23
2021-08-18,148255333,12759395969.357624,23,23
2021-08-19,171738374,14362879966.699753,23,23
2021-08-20,124438645,11085564927.076786,23,23
2021-08-23,126961922,11584492569.544327,23,23
2021-08-24,120109716,10413121306.725513,23,23
2021-08-25,117037314,9748748948.82552,23,23
2021-08-26,115953079,9628159764.769768,23,23
2021-08-27,135054451,11281049492.31578,23,23
2021-08-30,115404743,9376297218.49263,23,23
2021-08-31,182782564,14502694647.802181,23,23
2021-09-01,141784091,11863916660.743858,23,23
2021-09-02,143330604,11880314702.516792,23,23
2021-09-03,117682519,9891871308.808414,23,23
2021-09-07,172791530,15430608809.251415,23,23
2021-09-08,151910253,12892105867.255306,23,23
2021-09-09,152739848,12965721656.431458,23,23
2021-09-10,152464180,11948786988.842762,23,23
2021-09-13,177993950,14940042352.856133,23,23
2021-09-14,172477061,14121652949.998962,23,23
2021-09-15,156726562,12889645530.850376,23,23
2021-09-16,146100961,11614916785.710903,23,23
2021-09-17,308883147,24422641090.78391,23,23
2021-09-20,210498635,17407662577.502785,23,23
2021-09-21,186585339,16127227141.800869,23,23
2021-09-22,163865273,14348659784.627663,23,23
2021-09-23,152826161,12531772362.266296,23,23
2021-09-24,130989564,10394473803.86285,23,23
2021-09-27,157635530,13012369968.167446,23,23
2021-09-28,198122896,15702462349.273209,23,23
2021-09-29,157937888,13989013078.320465,23,23
2021-09-30,205646350,16911935269.663452,23,23
2021-10-01,263835864,21226201691.99724,23,23
2021-10-04,220309708,17342708268.10685,23,23
2021-10-05,173547337,13743047203.088509,23,23
2021-10-06,161693148,13056361876.07975,23,23
2021-10-07,137950514,11916493051.974846,23,23
2021-10-08,122237320,9924197073.125488,23,23
2021-10-11,131306487,11125359298.275482,23,23
2021-10-12,161159101,12700192553.29446,23,23
2021-10-13,139511777,11829071741.399948,23,23
2021-10-14,141960073,12618504587.008049,23,23
2021-10-15,175495540,15157331186.808544,23,23
2021-10-18,158468030,14618209863.828388,23,23
2021-10-19,140973851,12504290333.475945,23,23
2021-10-20,137245473,12455043596.610153,23,23
2021-10-21,169503445,14726796008.29358,23,23
2021-10-22,138927125,11805535022.2066,23,23
2021-10-25,136420443,12279470217.482986,23,23
2021-10-26,151641010,13651111938.696884,23,23
2021-10-27,165851278,14929391069.789326,23,23
2021-10-28,168263744,13939717939.495506,23,23
2021-10-29,181266404,15322554403.507568,23,23
2021-11-01,139754627,12330674898.704811,23,23
2021-11-02,144467652,12589843988.565628,23,23
2021-11-03,132615686,11448469728.172493,23,23
2021-11-04,140954988,12529348267.523163,23,23
2021-11-05,183784083,17957347722.144203,23,23
2021-11-08,145711649,13788854391.355705,23,23
2021-11-09,159251834,13904138956.461906,23,23
2021-11-10,141566014,13046281946.19104,23,23
2021-11-11,160915794,18563344173.967308,23,23
2021-11-12,157598000,16143246633.076988,23,23
2021-11-15,153509742,16822940443.81858,23,23
2021-11-16,154866483,14402862879.345085,23,23
2021-11-17,146784980,13570343408.256016,23,23
2021-11-18,142974003,13394692068.984627,23,23
2021-11-19,193945663,18116442331.080566,23,23
2021-11-22,163162810,14297193958.940102,23,23
2021-11-23,156819224,14522178401.105972,23,23
2021-11-24,151455411,12323063224.006428,23,23
2021-11-26,173931136,15948146941.85762,23,23
2021-11-29,217686738,18805631704.78823,23,23
2021-11-30,306138084,25646299195.273506,23,23
2021-12-01,219714558,17797145742.799877,23,23
2021-12-02,230302751,20387861261.07956,23,23
2021-12-03,200508450,16757060988.808235,23,23
2021-12-06,192211767,16911368217.98211,23,23
2021-12-07,179062373,15813312502.819279,23,23
2021-12-08,172955435,14173116109.22805,23,23
2021-12-09,155155530,13388162647.3788,23,23
2021-12-10,149754027,12652302074.194923,23,23
2021-12-13,186714229,15762475150.931152,23,23
2021-12-14,190668576,15749205994.391571,23,23
2021-12-15,180474980,15467055875.1165,23,23
2021-12-16,193650325,16064194885.267525,23,23
2021-12-17,370798082,28895583953.256073,23,23
2021-12-20,180062130,15111004885.386826,23,23
2021-12-21,168063081,14606001568.078201,23,23
2021-12-22,126338282,11229526182.700123,23,23
2021-12-23,111193448,9837150777.150902,23,23
2021-12-27,99402341,9273458455.352932,23,23
2021-12-28,103900323,10072114648.939178,23,23
2021-12-29,97471154,8983219803.736736,23,23
2021-12-30,89913899,8441368852.913792,23,23
2021-12-31,98379841,8947139609.569817,23,23
2022-01-03,156616721,13723930854.458103,23,23
2022-01-04,220582581,19440130463.993286,23,23
2022-01-05,212230811,19024068625.11138,23,23
2022-01-06,176521835,15825935161.383343,23,23
2022-01-07,165219601,15323312853.514507,23,23
2022-01-10,189241504,16207217988.346428,23,23
2022-01-11,189811820,17027697045.717087,23,23
2022-01-12,156738395,14255839986.597626,23,23
2022-01-13,163739714,16271022873.924568,23,23
2022-01-14,170568394,16367066947.518188,23,23
2022-01-18,191370528,17611197919.956123,23,23
2022-01-19,163365474,15744826440.920574,23,23
2022-01-20,178527684,15591712115.856651,23,23
2022-01-21,239156471,22248107385.571785,23,23
2022-01-24,287931282,26764640484.883656,23,23
2022-01-25,258402931,23176957151.648094,23,23
2022-01-26,231534299,21658852175.43524,23,23
2022-01-27,208256788,18901997708.763638,23,23
2022-01-28,213211920,20137613734.777985,23,23
2022-01-31,215820203,19945989295.484146,23,23
2022-02-01,216170603,19311681576.39276,23,23
2022-02-02,175995949,15726709925.768959,23,23
2022-02-03,174223803,16135250206.465866,23,23
2022-02-04,168697162,15370178676.917099,23,23
2022-02-07,182969938,17045250294.338524,23,23
2022-02-08,157733680,14097794667.774155,23,23
2022-02-09,188553844,17463997336.414112,23,23
2022-02-10,212895360,21895235820.518433,23,23
2022-02-11,205443414,19914077675.226204,23,23
2022-02-14,190445238,17324377447.89572,23,23
2022-02-15,158578480,15266774341.408188,23,23
2022-02-16,155108312,14339950373.2323,23,23
2022-02-17,167235305,14632767839.632286,23,23
2022-02-18,198053762,16596898203.931622,23,23
2022-02-22,197529618,17711715479.233246,23,23
2022-02-23,169594829,14909263084.604454,23,23
2022-02-24,277825435,24036377658.65663,23,23
2022-02-25,214669481,19676152063.57562,23,23
2022-02-28,231057819,20567790628.0821,23,23
2022-03-01,232714756,20816136382.666897,23,23
2022-03-02,223860872,19936606737.567684,23,23
2022-03-03,219318004,19412024088.94158,23,23
2022-03-04,239750040,22242336714.9288,23,23
2022-03-07,286635269,26437667722.10862,23,23
2022-03-08,324628197,31198598328.409767,23,23
2022-03-09,261895435,24248338471.84743,23,23
2022-03-10,220181635,20432551382.693314,23,23
2022-03-11,190385767,17728238467.24273,23,23
2022-03-14,199450248,17753776424.487274,23,23
2022-03-15,216912029,19822388370.51514,23,23
2022-03-16,207764832,19164646083.159584,23,23
2022-03-17,174979072,15457642186.33237,23,23
2022-03-18,343669488,28350535580.226448,23,23
2022-03-21,202704237,19711494263.93181,23,23
2022-03-22,172751420,15965964817.345749,23,23
2022-03-23,151360975,13283413869.374054,23,23
2022-03-24,133167219,11624947320.354237,23,23
2022-03-25,131243657,11702472917.547192,23,23
2022-03-28,146973097,12881367115.755478,23,23
2022-03-29,167313546,15787558098.154102,23,23
2022-03-30,140535270,13326685336.837585,23,23
2022-03-31,194589834,16928523024.600811,23,23
2022-04-01,142661388,12533369790.71289,23,23
2022-04-04,140247292,12595988310.015694,23,23
2022-04-05,153213157,14120139980.540932,23,23
2022-04-06,179040786,16172524175.219604,23,23
2022-04-07,241848962,17017189571.698341,23,23
2022-04-08,171028364,14218524159.400574,23,23
2022-04-11,150732231,13428140303.384842,23,23
2022-04-12,153426609,13477650482.97284,23,23
2022-04-13,130224889,11908639355.605003,23,23
2022-04-14,164018363,15135624382.73912,23,23
2022-04-18,124559560,11791396409.22699,23,23
2022-04-19,147967023,14974056788.954407,23,23
2022-04-20,183738042,18554776151.537994,23,23
2022-04-21,178168627,17254014935.254875,23,23
2022-04-22,166214521,16093318875.510696,23,23
2022-04-25,202921858,18422252317.323284,23,23
2022-04-26,214503296,18244684068.630417,23,23
2022-04-27,220337084,21852072172.110985,23,23
2022-04-28,218481111,20227424818.68507,23,23
2022-04-29,218733487,19913176624.702354,23,23
2022-05-02,211645162,18730470659.221992,23,23
2022-05-03,176692057,15820473823.452225,23,23
2022-05-04,194818808,17728253490.78743,23,23
2022-05-05,189639718,17221676808.45941,23,23
2022-05-06,175101229,15591012871.706005,23,23
2022-05-09,221279041,19329903845.22397,23,23
2022-05-10,219742026,18353404969.558117,23,23
2022-05-11,208588478,17663346242.253265,23,23
2022-05-12,221130441,19530162798.822,23,23
2022-05-13,171275334,15991433942.572945,23,23
2022-05-16,158965924,14461723630.413853,23,23
2022-05-17,179447876,15825381392.083733,23,23
2022-05-18,203721698,17627589401.306,23,23
2022-05-19,192669178,16036358764.936024,23,23
2022-05-20,220073095,18878494236.19856,23,23
2022-05-23,172928070,15231978016.343475,23,23
2022-05-24,158557567,14057407786.702744,23,23
2022-05-25,166624644,14644400647.644737,23,23
2022-05-26,157175774,14129488066.215553,23,23
2022-05-27,156785816,13963471571.871735,23,23
2022-05-31,295489069,25939591945.205635,23,23
2022-06-01,162595068,14007376457.698063,23,23
2022-06-02,147665385,13397919690.321869,23,23
2022-06-03,121851417,11472315420.348858,23,23
2022-06-06,124466598,10863821108.65696,23,23
2022-06-07,143641261,13159696541.74685,23,23
2022-06-08,154812245,12959771210.324295,23,23
2022-06-09,149454298,12473324738.772537,23,23
2022-06-10,175772901,15079845305.703865,23,23
2022-06-13,222445275,18687861409.073177,23,23
2022-06-14,197002761,16419599771.120838,23,23
2022-06-15,214879767,18276403840.367813,23,23
2022-06-16,230259797,19468458656.318573,23,23
2022-06-17,387014474,31623434469.02395,23,23
2022-06-21,202911494,16848067565.513382,23,23
2022-06-22,210574342,16104004071.180916,23,23
2022-06-23,196682053,16719190463.266068,23,23
2022-06-24,248856587,20908290382.83153,23,23
2022-06-27,146843713,12626435397.34298,23,23
2022-06-28,172845793,15259904400.702393,23,23
2022-06-29,139609665,11761730110.652145,23,23
2022-06-30,197185019,16415903742.5433,23,23
2022-07-01,154917091,12561976349.514122,23,23
2022-07-05,180245381,14744931845.614761,23,23
2022-07-06,153748006,12562773521.335,23,23
2022-07-07,146082641,12616184053.654861,23,23
2022-07-08,113998820,9305547492.510094,23,23
2022-07-11,117776736,9801354650.227932,23,23
2022-07-12,147375878,12616111286.343063,23,23
2022-07-13,130868992,10976222228.308876,23,23
2022-07-14,142898667,11767019795.746712,23,23
2022-07-15,150567585,12127777685.176773,23,23
2022-07-18,146819977,12675479501.93798,23,23
2022-07-19,173872643,16637815770.832874,23,23
2022-07-20,145849952,13005730374.864952,23,23
2022-07-21,135363926,11893465471.976784,23,23
2022-07-22,113337900,9693548873.47873,23,23
2022-07-25,114261821,9662146117.73816,23,23
2022-07-26,154457648,12121490355.986233,23,23
2022-07-27,143776763,12779635530.356995,23,23
2022-07-28,143335468,12640088766.74961,23,23
2022-07-29,192699129,17903683403.1504,23,23
2022-08-01,156252204,15000126537.410606,23,23
2022-08-02,138499114,13060635748.734955,23,23
2022-08-03,135137189,12275080643.069237,23,23
2022-08-04,137988602,12234973908.618835,23,23
2022-08-05,114555154,10312819211.527237,23,23
2022-08-08,116298388,11126254422.67662,23,23
2022-08-09,117664840,10552676825.121666,23,23
2022-08-10,142713628,13026558243.741806,23,23
2022-08-11,171107094,16649942349.986176,23,23
2022-08-12,139415351,13681878096.22773,23,23
2022-08-15,131730776,13249676554.393242,23,23
2022-08-16,124900973,11738845688.281761,23,23
2022-08-17,111447262,10535833197.3204,23,23
2022-08-18,106147218,10128402476.459404,23,23
2022-08-19,137879700,12577957125.604607,23,23
2022-08-22,127303393,11900287476.229557,23,23
2022-08-23,127859000,12088499819.317787,23,23
2022-08-24,120258530,11519700801.52977,23,23
2022-08-25,158718732,15318391880.542267,23,23
2022-08-26,161281160,14568406139.89545,23,23
2022-08-29,174462896,15776518593.195145,23,23
2022-08-30,159430980,14087609797.146225,23,23
2022-08-31,199862439,16517527384.224785,23,23
2022-09-01,174489712,15157724203.978268,23,23
2022-09-02,137770350,11698380079.984459,23,23
2022-09-06,174715028,14641737279.87555,23,23
2022-09-07,165883961,14196459418.41095,23,23
2022-09-08,166909508,14139225932.595093,23,23
2022-09-09,163319178,14143288695.090027,23,23
2022-09-12,153012743,13287573983.27031,23,23
2022-09-13,168126212,14119908170.535427,23,23
2022-09-14,157105771,13975665896.121223,23,23
2022-09-15,148504502,12925737606.31226,23,23
2022-09-16,342193260,28403261879.393585,23,23
2022-09-19,134544534,10944165107.76519,23,23
2022-09-20,124329596,10584334535.765686,23,23
2022-09-21,139944579,11578414391.966846,23,23
2022-09-22,136095191,11165087723.10218,23,23
2022-09-23,174443969,14318512762.226181,23,23
2022-09-26,171118361,13002278401.084599,23,23
2022-09-27,159828869,12478411055.253212,23,23
2022-09-28,164577323,13651507205.727425,23,23
2022-09-29,142535171,11461213921.096375,23,23
2022-09-30,173529263,13649212955.697105,23,23
2022-10-03,166676109,13524315312.391266,23,23
2022-10-04,157144955,12964552363.149391,23,23
2022-10-05,146614169,12243245515.098907,23,23
2022-10-06,154125255,12263469040.44822,23,23
2022-10-07,147282287,11909618383.021168,23,23
2022-10-10,135647418,11004783324.50689,23,23
2022-10-11,148879816,11721598389.545334,23,23
2022-10-12,132402827,9884231401.908257,23,23
2022-10-13,194761767,14953373318.407127,23,23
2022-10-14,159022385,11916929927.24105,23,23
2022-10-17,144319142,11879119721.549736,23,23
2022-10-18,138980376,11610013071.937176,23,23
2022-10-19,144125254,12791327792.686966,23,23
2022-10-20,150615998,12708471208.057434,23,23
2022-10-21,154781307,13583323175.676956,23,23
2022-10-24,141207265,12280404759.15052,23,23
2022-10-25,155864582,13021950375.01239,23,23
2022-10-26,174862337,16275779517.79293,23,23
2022-10-27,161060533,15342754376.938873,23,23
2022-10-28,156968106,15415077472.924896,23,23
2022-10-31,162485200,15875907086.891998,23,23
2022-11-01,134509797,12964105868.304508,23,23
2022-11-02,159331869,15553276543.589943,23,23
2022-11-03,138358584,13638622200.902733,23,23
2022-11-04,144410198,13852906945.831226,23,23
2022-11-07,135251855,13033835273.262161,23,23
2022-11-08,145684446,14177266526.38575,23,23
2022-11-09,190551057,17842351441.519363,23,23
2022-11-10,198322736,18604502721.83988,23,23
2022-11-11,191979291,18165343769.54253,23,23
2022-11-14,159799680,15164329308.938786,23,23
2022-11-15,149999979,14506512658.232208,23,23
2022-11-16,132982816,12032747730.412483,23,23
2022-11-17,121207262,11100259557.424236,23,23
2022-11-18,137452694,12754327246.646858,23,23
2022-11-21,192032314,18011200185.82001,23,23
2022-11-22,147806661,13853749875.644173,23,23
2022-11-23,118085268,10711727541.133095,23,23
2022-11-25,58370971,5624747120.170464,23,23
2022-11-28,139793563,13641657855.879402,23,23
2022-11-29,120491334,11459521731.665619,23,23
2022-11-30,225452032,21687380786.473774,23,23
2022-12-01,136811737,12868347634.668762,23,23
2022-12-02,125742703,12571433888.125626,23,23
2022-12-05,126435750,12672659657.88565,23,23
2022-12-06,135840351,13463242947.363438,23,23
2022-12-07,130546903,12516453945.679016,23,23
2022-12-08,124046190,11836264482.302605,23,23
2022-12-09,130334417,12438120893.294712,23,23
2022-12-12,136363170,13589569754.996506,23,23
2022-12-13,195386808,18807044718.22896,23,23
2022-12-14,145153356,14119221819.096962,23,23
2022-12-15,157335153,14293115674.8788,23,23
2022-12-16,339801040,32673217851.05906,23,23
2022-12-19,128733863,12317514905.753769,23,23
2022-12-20,125717265,11869911856.61774,23,23
2022-12-21,120444486,11991261016.149494,23,23
2022-12-22,124321020,11765858161.219109,23,23
2022-12-23,88582179,8345546731.34272,23,23
2022-12-27,95119408,9100388656.639664,23,23
2022-12-28,90119708,8277479898.374878,23,23
2022-12-29,86579124,8106347361.043083,23,23
2022-12-30,103237458,9674320007.36222,23,23
2023-01-03,130348967,12734518787.747646,23,23
2023-01-04,157878043,15435637393.180809,23,23
2023-01-05,130434063,12647458361.660858,23,23
2023-01-06,133439210,14224532855.244888,23,23
2023-01-09,137032590,14271667461.99688,23,23
2023-01-10,118663688,12147323786.132614,23,23
2023-01-11,131242139,13196345148.36795,23,23
2023-01-12,139251329,14206417759.289413,23,23
2023-01-13,123698124,12008774328.095375,23,23
2023-01-17,150164122,15337368056.483051,23,23
2023-01-18,155878629,15331572070.357292,23,23
2023-01-19,139547976,14140221886.955978,23,23
2023-01-20,152020043,15403102619.534054,23,23
2023-01-23,135739321,13762093528.12378,23,23
2023-01-24,131481438,13485009614.379337,23,23
2023-01-25,136177884,14971736624.13369,23,23
2023-01-26,151497717,16159515423.945358,23,23
2023-01-27,145656952,14908370756.341606,23,23
2023-01-30,152860262,16197294529.602776,23,23
2023-01-31,177159208,18874916433.325783,23,23
2023-02-01,165164273,16997567663.762604,23,23
2023-02-02,180415294,18505252290.528694,23,23
2023-02-03,144751555,14383783289.583855,23,23
2023-02-06,118805731,12024280397.168793,23,23
2023-02-07,129842007,13536518655.995537,23,23
2023-02-08,139449659,14372017246.58783,23,23
2023-02-09,159628017,16610194949.195656,23,23
2023-02-10,139221430,14615185109.5304,23,23
2023-02-13,120098940,12470508884.32518,23,23
2023-02-14,126096005,12879381976.338379,23,23
2023-02-15,115390932,11941606526.65512,23,23
2023-02-16,117093982,11652287912.407486,23,23
2023-02-17,147312426,14778830090.840843,23,23
2023-02-21,130074514,12510214622.201279,23,23
2023-02-22,122622494,11712113116.027771,23,23
2023-02-23,121251860,11735576608.425957,23,23
2023-02-24,120017204,11949574464.58319,23,23
2023-02-27,112600322,10415668860.186684,23,23
2023-02-28,157046637,13942901461.429077,23,23
2023-03-01,131114403,12077355787.09008,23,23
2023-03-02,132778052,12080187365.818253,23,23
2023-03-03,122765884,11678633721.003616,23,23
2023-03-06,137114712,13197610267.420792,23,23
2023-03-07,133610955,12419370400.273193,23,23
2023-03-08,108585427,9912955486.336723,23,23
2023-03-09,148747842,13185041002.846207,23,23
2023-03-10,165787880,15740516033.426918,23,23
2023-03-13,183423318,17004199911.375366,23,23
2023-03-14,168657675,16250393448.295425,23,23
2023-03-15,190593074,18192494374.74469,23,23
2023-03-16,175000817,16270186761.92585,23,23
2023-03-17,374411692,34266386196.365105,23,23
2023-03-20,160038624,14530920122.247452,23,23
2023-03-21,160386774,14865406825.465843,23,23
2023-03-22,128059820,11749834560.329056,23,23
2023-03-23,146805808,12976994970.402168,23,23
2023-03-24,124276413,11182776836.160088,23,23
2023-03-27,122340925,11358847689.293137,23,23
2023-03-28,98279813,9261813713.219421,23,23
2023-03-29,106735424,10004162738.872375,23,23
2023-03-30,100318211,9919880604.399048,23,23
2023-03-31,134194004,12950626161.2546,23,23
2023-04-03,141617049,14295115066.956573,23,23
2023-04-04,122011095,12623236717.790977,23,23
2023-04-05,140034340,14228616409.981743,23,23
2023-04-06,117709723,12194935266.49858,23,23
2023-04-10,102533803,10251714844.443184,23,23
2023-04-11,107321742,10866131308.544342,23,23
2023-04-12,112321844,11044663426.854317,23,23
2023-04-13,113833790,11659266748.407242,23,23
2023-04-14,117656311,13134934448.21653,23,23
2023-04-17,111685032,11143029083.483147,23,23
2023-04-18,123135604,13003315084.759872,23,23
2023-04-19,102478739,10225888047.884514,23,23
2023-04-20,118141189,11857372636.63108,23,23
2023-04-21,128445647,13078254299.284904,23,23
2023-04-24,114770403,11245951577.162346,23,23
2023-04-25,118604164,11541762165.74739,23,23
2023-04-26,124487086,12720398162.58236,23,23
2023-04-27,133182287,13464881557.742271,23,23
2023-04-28,146548213,14619378948.573227,23,23
2023-05-01,107845759,10545961637.070435,23,23
2023-05-02,132832772,13255080359.679527,23,23
2023-05-03,113369332,11164645170.232666,23,23
2023-05-04,124954511,12382014917.255974,23,23
2023-05-05,103421100,10338559257.01722,23,23
2023-05-08,92571517,9407974803.048103,23,23
2023-05-09,103638431,10857875544.738708,23,23
2023-05-10,121154524,11561384171.53492,23,23
2023-05-11,157621151,14695410551.944962,23,23
2023-05-12,112581592,10412626749.358704,23,23
2023-05-15,110712702,10125721655.256462,23,23
2023-05-16,115406292,10621597151.524185,23,23
2023-05-17,120295072,11760369480.295883,23,23
2023-05-18,122735741,11492337347.900864,23,23
2023-05-19,127805207,12332225430.35247,23,23
2023-05-22,124593884,11691545041.29435,23,23
2023-05-23,131784401,12504065301.145607,23,23
2023-05-24,120287205,11279767120.074883,23,23
2023-05-25,140203466,12413042939.230934,23,23
2023-05-26,125234445,11271598292.41497,23,23
2023-05-30,134972900,11845670057.9879,23,23
2023-05-31,282517911,23625803976.858543,23,23
2023-06-01,148574162,12885161238.696167,23,23
2023-06-02,163050789,16144307416.396301,23,23
2023-06-05,126131109,11671590622.561546,23,23
2023-06-06,125811625,12411468129.12178,23,23
2023-06-07,152053742,14765140974.655373,23,23
2023-06-08,123480995,12496048998.307426,23,23
2023-06-09,114108108,10940750984.922821,23,23
2023-06-12,129666652,12667023183.566864,23,23
2023-06-13,129983671,12541457039.045425,23,23
2023-06-14,147899229,13579375968.066399,23,23
2023-06-15,151861779,13625366220.85553,23,23
2023-06-16,272651616,26330177844.408043,23,23
2023-06-20,148757995,14170046006.958328,23,23
2023-06-21,134500175,12642889112.506355,23,23
2023-06-22,122364577,11900248732.44983,23,23
2023-06-23,203231823,20023483034.35991,23,23
2023-06-26,118113664,11046145236.93406,23,23
2023-06-27,110377076,10571127253.755417,23,23
2023-06-28,117645842,11196808262.990295,23,23
2023-06-29,118732328,10928122711.582039,23,23
2023-06-30,144705204,13499347742.412926,23,23
2023-07-03,70083439,6437485845.7258835,23,23
2023-07-05,121997731,11670095543.566444,23,23
2023-07-06,130855550,12633228089.691963,23,23
2023-07-07,136752649,12987839996.524574,23,23
2023-07-10,125490242,11359464008.340065,23,23
2023-07-11,131622197,12532072321.09243,23,23
2023-07-12,127836832,12643943270.437073,23,23
2023-07-13,128649309,12676874339.772598,23,23
2023-07-14,127585059,12168075247.784546,23,23
2023-07-17,130576917,12140639389.046051,23,23
2023-07-18,141084892,13767660996.7491,23,23
2023-07-19,125598610,12205431852.500603,23,23
2023-07-20,143404042,15421920228.193054,23,23
2023-07-21,155633104,16221883333.549286,23,23
2023-07-24,122529256,13013014273.80452,23,23
2023-07-25,155725703,15440898294.404076,23,23
2023-07-26,160580049,19386082880.12204,23,23
2023-07-27,158260783,17509848900.626183,23,23
2023-07-28,135384152,14967085459.412476,23,23
2023-07-31,181201894,19743605024.245804,23,23
2023-08-01,153823518,17259963816.16252,23,23
2023-08-02,149847463,15440709615.715271,23,23
2023-08-03,131143666,13897488912.256279,23,23
2023-08-04,136367855,14923756947.444336,23,23
2023-08-07,126799161,14168780867.770058,23,23
2023-08-08,142838877,15731072928.613625,23,23
2023-08-09,172320260,19922737281.76252,23,23
2023-08-10,198653080,22340740170.725716,23,23
2023-08-11,148744662,17260172465.353554,23,23
2023-08-14,170668478,20138882449.053375,23,23
2023-08-15,196673945,24550214170.625717,23,23
2023-08-16,188653909,23419692694.16748,23,23
2023-08-17,190511120,22717577069.873642,23,23
2023-08-18,159918399,18373204963.80729,23,23
2023-08-21,240759983,31865721989.872696,23,23
2023-08-22,145127393,16935146526.939133,23,23
2023-08-23,211243620,26640184829.69484,23,23
2023-08-24,186875735,21787195759.498863,23,23
2023-08-25,121887540,13449740792.92463,23,23
2023-08-28,104502766,11238509159.932213,23,23
2023-08-29,111092569,10868361200.87114,23,23
2023-08-30,116889672,10340026184.518616,23,23
2023-08-31,145773525,14624397145.62558,23,23
2023-09-01,129544801,12083944604.43338,23,23
2023-09-05,133693508,12723753384.888206,23,23
2023-09-06,125129094,11770279586.774765,23,23
2023-09-07,135502745,12491220129.379227,23,23
2023-09-08,131493943,11922307587.118774,23,23
2023-09-11,137695852,12552314054.450233,23,23
2023-09-12,127720407,12180192689.13395,23,23
2023-09-13,127995366,11668442047.873535,23,23
2023-09-14,149405966,13688428876.759308,23,23
2023-09-15,294949261,25517824905.55374,23,23
2023-09-18,118141891,10680391938.84851,23,23
2023-09-19,124191326,11577257904.04396,23,23
2023-09-20,114372239,11076443718.052193,23,23
2023-09-21,128719116,11929508661.939484,23,23
2023-09-22,116283269,10785573347.471855,23,23
2023-09-25,109502273,10038743954.565445,23,23
2023-09-26,116438940,10820385753.81414,23,23
2023-09-27,138962823,13324072305.384819,23,23
2023-09-28,129995253,12738154807.644768,23,23
2023-09-29,133199394,12657819205.628517,23,23
2023-10-02,132670393,11853861731.663803,23,23
2023-10-03,142808228,12282334923.766739,23,23
2023-10-04,133683547,12500170114.85849,23,23
2023-10-05,158651218,13305320216.99208,23,23
2023-10-06,171207833,14838217577.599945,23,23
2023-10-09,127402768,12020230324.883385,23,23
2023-10-10,138038508,12605388022.904488,23,23
2023-10-11,173938250,16305628420.0663,23,23
2023-10-12,139770122,12705340164.02198,23,23
2023-10-13,138544803,13519214377.241913,23,23
2023-10-16,126591173,11662019383.96286,23,23
2023-10-17,131521989,12671905018.771545,23,23
2023-10-18,141963445,13916651997.77562,23,23
2023-10-19,141237158,13266907229.487755,23,23
2023-10-20,153062565,14501850039.790329,23,23
2023-10-23,143323927,13482257310.989655,23,23
2023-10-24,158989696,14567287811.33496,23,23
2023-10-25,151042975,15285325123.73191,23,23
2023-10-26,182263440,16407771926.801384,23,23
2023-10-27,167656464,16061209591.321571,23,23
2023-10-30,138676523,13307069413.454948,23,23
2023-10-31,169892999,16809682464.693146,23,23
2023-11-01,155437006,14823720889.29094,23,23
2023-11-02,147238467,14631767534.632729,23,23
2023-11-03,147568376,14315966589.139496,23,23
2023-11-06,134135857,12676829450.97609,23,23
2023-11-07,128535446,12466390270.36988,23,23
2023-11-08,152561491,13664919189.062004,23,23
2023-11-09,175504564,16166541004.29815,23,23
2023-11-10,149718333,13442759352.44815,23,23
2023-11-13,138780213,13533209654.626144,23,23
2023-11-14,146191376,14121032968.60154,23,23
2023-11-15,148731573,14643175666.670692,23,23
2023-11-16,156657929,14277953548.228378,23,23
2023-11-17,149503281,14025864608.893227,23,23
2023-11-20,140690417,14270451648.252617,23,23
2023-11-21,117709045,10875132006.450882,23,23
2023-11-22,120851926,11008932810.262596,23,23
2023-11-24,57851380,5567614648.342056,23,23
2023-11-27,132956430,12124954649.91919,23,23
2023-11-28,141066964,13962972240.546158,23,23
2023-11-29,145751648,14134976463.780952,23,23
2023-11-30,234164315,22348082336.694786,23,23
2023-12-01,149251235,14967244176.307098,23,23
2023-12-04,152326903,15228271549.873886,23,23
2023-12-05,146788928,14016995921.728012,23,23
2023-12-06,159729755,15486696517.15728,23,23
2023-12-07,155612527,14762109938.983528,23,23
2023-12-08,136961105,14215131099.84906,23,23
2023-12-11,149349983,14812132209.029747,23,23
2023-12-12,141436234,13900700099.927437,23,23
2023-12-13,165826688,16213912817.432938,23,23
2023-12-14,205709925,21000495606.88018,23,23
2023-12-15,407692307,39316396483.4467,23,23
2023-12-18,158591832,15342552513.391563,23,23
2023-12-19,137852650,13753494135.707504,23,23
2023-12-20,154533637,15068767971.325607,23,23
2023-12-21,124021503,12591500546.17025,23,23
2023-12-22,94473935,9739548401.838615,23,23
2023-12-26,89133911,8942379944.213768,23,23
2023-12-27,99388841,9888871516.436172,23,23
2023-12-28,98048486,10190607901.92517,23,23
2023-12-29,104717895,10532776905.437408,23,23
2024-01-02,153674073,15271086532.884315,23,23
2024-01-03,150425879,15742704881.985321,23,23
2024-01-04,135250137,13700131555.07351,23,23
2024-01-05,112231475,11344491113.785393,23,23
2024-01-08,175432330,22239378730.775238,23,23
2024-01-09,145191904,16880789885.170662,23,23
2024-01-10,137376385,14331094944.673447,23,23
2024-01-11,131341505,13431003853.133392,23,23
2024-01-12,131472087,13909721124.89022,23,23
2024-01-16,177757677,20662949581.579987,23,23
2024-01-17,139964941,15597428091.91867,23,23
2024-01-18,153721911,16785935501.535034,23,23
2024-01-19,164456599,17526344300.559486,23,23
2024-01-22,160394840,16759399497.203545,23,23
2024-01-23,186962698,18435061955.545837,23,23
2024-01-24,168833670,18395979921.37845,23,23
2024-01-25,189378406,22959500083.803658,23,23
2024-01-26,140606961,15269563050.29654,23,23
2024-01-29,144364349,15014012402.550507,23,23
2024-01-30,155173350,16821495644.591805,23,23
2024-01-31,197684100,21636186500.335594,23,23
2024-02-01,171296508,17434351603.4998,23,23
2024-02-02,159644074,16833973833.33123,23,23
2024-02-05,153047849,16531343802.874443,23,23
2024-02-06,136835796,14069272340.33213,23,23
2024-02-07,146813229,15559784558.387817,23,23
2024-02-08,191984701,19723843706.202377,23,23
2024-02-09,141772212,15003108584.154678,23,23
2024-02-12,122750988,12778624943.456871,23,23
2024-02-13,162906826,16612865671.585098,23,23
2024-02-14,138476787,14267782590.425476,23,23
2024-02-15,140714597,14559968441.622963,23,23
2024-02-16,140870269,14565358727.85672,23,23
2024-02-20,142989573,14358912876.512756,23,23
2024-02-21,130012066,12958791008.081749,23,23
2024-02-22,137183296,14393910682.490364,23,23
2024-02-23,120629747,12670365204.18386,23,23
2024-02-26,119574882,11766558349.300522,23,23
2024-02-27,117655621,12264248768.676514,23,23
2024-02-28,122263265,12765079604.375,23,23
2024-02-29,186234450,18243999880.439392,23,23
2024-03-01,141597938,14557659977.523483,23,23
2024-03-04,171638528,16737651893.953644,23,23
2024-03-05,150391663,14982483365.75396,23,23
2024-03-06,172492621,16346315151.148598,23,23
2024-03-07,152304249,14905720284.26484,23,23
2024-03-08,155064083,16342785827.839516,23,23
2024-03-11,141773915,15234281901.557419,23,23
2024-03-12,164146958,17307480065.159363,23,23
2024-03-13,141679919,15158765789.170486,23,23
2024-03-14,172258634,17280494796.29251,23,23
2024-03-15,371424939,35528944873.23958,23,23
2024-03-18,168057463,16254863891.424126,23,23
2024-03-19,169968669,16948463579.138275,23,23
2024-03-20,157288611,16572623434.912666,23,23
2024-03-21,151706376,15596406536.214401,23,23
2024-03-22,133271714,13587107698.512718,23,23
2024-03-25,146680939,15306685826.813866,23,23
2024-03-26,149176099,14598199277.199112,23,23
2024-03-27,151666375,16490615223.661545,23,23
2024-03-28,152489090,16421690822.022453,23,23
2024-04-01,124643428,13101344221.287056,23,23
2024-04-02,154963821,17125856260.07891,23,23
2024-04-03,167370856,18306396250.950302,23,23
2024-04-04,149164697,16347269818.95488,23,23
2024-04-05,128013881,14294773610.26429,23,23
2024-04-08,125740867,13588088375.711891,23,23
2024-04-09,119154562,13337558550.555298,23,23
2024-04-10,134918845,14620173383.844376,23,23
2024-04-11,125743304,13837853401.987083,23,23
2024-04-12,144434670,15590512957.381516,23,23
2024-04-15,128558474,13749007967.614838,23,23
2024-04-16,146169316,14991802329.258324,23,23
2024-04-17,129323982,13589932377.864014,23,23
2024-04-18,125693729,12910254408.75425,23,23
2024-04-19,183590970,18329847515.9256,23,23
2024-04-22,132984581,14199105685.234413,23,23
2024-04-23,154429795,16859422923.408585,23,23
2024-04-24,174476276,19485260059.30069,23,23
2024-04-25,179319752,20574363969.000793,23,23
2024-04-26,147263319,16303435868.874382,23,23
2024-04-29,126706010,13525255967.992783,23,23
2024-04-30,176124402,18789481090.61801,23,23
2024-05-01,162725361,17729997769.281677,23,23
2024-05-02,142353341,15926764168.722855,23,23
2024-05-03,140262435,14883661486.776924,23,23
2024-05-06,145694714,16463997983.491287,23,23
2024-05-07,206057684,20092705485.314438,23,23
2024-05-08,135122886,13892291277.487038,23,23
2024-05-09,130593212,14178284402.01606,23,23
2024-05-10,126789922,12740211276.312027,23,23
2024-05-13,117745323,13082786496.394653,23,23
2024-05-14,118133682,12634127593.327652,23,23
2024-05-15,136271824,14799507003.34851,23,23
2024-05-16,129533175,14118048532.72419,23,23
2024-05-17,122824599,13065628895.481659,23,23
2024-05-20,107152506,11590098611.627869,23,23
2024-05-21,120712111,12455881444.780823,23,23
2024-05-22,122349411,12268773679.679565,23,23
2024-05-23,148228500,16029535346.32225,23,23
2024-05-24,114581097,12454490630.716934,23,23
2024-05-28,131270555,13842484015.461235,23,23
2024-05-29,125922318,12818468773.00048,23,23
2024-05-30,150307181,14001404519.2752,23,23
2024-05-31,256553274,27034753052.73523,23,23
2024-06-03,137203854,14964288365.482224,23,23
2024-06-04,133397909,14652135568.178581,23,23
2024-06-05,110997691,12249698500.698624,23,23
2024-06-06,112286319,12145037212.746796,23,23
2024-06-07,107412155,10975849344.236908,23,23
2024-06-10,121125940,12551191257.390213,23,23
2024-06-11,116697987,12519617128.768631,23,23
2024-06-12,126129743,13746957576.657867,23,23
2024-06-13,124376242,12928180104.931076,23,23
2024-06-14,110292991,11719832030.149994,23,23
2024-06-17,131231837,14455949847.028534,23,23
2024-06-18,135438547,13599147757.10138,23,23
2024-06-20,152722862,16433963468.789337,23,23
2024-06-21,314634769,34163256064.48535,23,23
2024-06-24,140011425,15129573423.328781,23,23
2024-06-25,128311608,14246684931.369797,23,23
2024-06-26,120262308,12959050708.901009,23,23
2024-06-27,149979305,14271116401.608276,23,23
2024-06-28,253508593,28516141335.670746,23,23
2024-07-01,126341859,14082631204.216736,23,23
2024-07-02,116012406,12082757429.706871,23,23
2024-07-03,65038389,6813170102.299919,23,23
2024-07-05,106480073,11248282028.041634,23,23
2024-07-08,108903324,11822481319.486206,23,23
2024-07-09,109416199,10806801532.442131,23,23
2024-07-10,110918200,11281447698.285484,23,23
2024-07-11,119991806,12923327312.89888,23,23
2024-07-12,109981241,11971374224.183777,23,23
2024-07-15,119337864,12537764338.099548,23,23
2024-07-16,132664889,15093829663.50264,23,23
2024-07-17,146433374,15814971598.433678,23,23
2024-07-18,120898989,13874834368.636292,23,23
2024-07-19,117651997,13700083283.54506,23,23
2024-07-22,112517861,12608662938.427628,23,23
2024-07-23,129318763,14821221721.490814,23,23
2024-07-24,141429101,15590971676.719666,23,23
2024-07-25,161791206,18364547062.42906,23,23
2024-07-26,156106896,18175638725.054382,23,23
2024-07-29,120247708,13288902939.169998,23,23
2024-07-30,162156019,17822548847.031998,23,23
2024-07-31,184724858,20217965750.932755,23,23
2024-08-01,176638423,20210936459.36892,23,23
2024-08-02,203896940,22435939364.585762,23,23
2024-08-05,200751033,21623324212.312134,23,23
2024-08-06,151187075,16872248784.383392,23,23
2024-08-07,161032724,16335270195.248749,23,23
2024-08-08,140050627,14128259641.892136,23,23
2024-08-09,111074074,11430452249.724854,23,23
2024-08-12,114197508,12453869245.891838,23,23
2024-08-13,123992491,12964082634.392395,23,23
2024-08-14,117888443,12322297381.42096,23,23
2024-08-15,128463112,14270080919.234482,23,23
2024-08-16,121788377,12890402594.181747,23,23
2024-08-19,106018396,11007176975.085342,23,23
2024-08-20,113853284,12349566606.495483,23,23
2024-08-21,101384673,10976641903.097137,23,23
2024-08-22,102457304,10444963223.667526,23,23
2024-08-23,107023052,11719382968.858643,23,23
2024-08-26,111500023,11963660257.039879,23,23
2024-08-27,102578988,10474189359.269974,23,23
2024-08-28,115234567,11787451840.337723,23,23
2024-08-29,119423021,12072974563.006477,23,23
2024-08-30,138581327,15279721740.45636,23,23
2024-09-03,150582771,17439170670.443954,23,23
2024-09-04,125791410,14176939103.017578,23,23
2024-09-05,133667644,14248338315.920303,23,23
2024-09-06,131079183,14085863858.182068,23,23
2024-09-09,147879424,16562800683.747833,23,23
2024-09-10,126059719,13749161977.099823,23,23
2024-09-11,135202800,14924201208.964157,23,23
2024-09-12,122505827,13045470425.227493,23,23
2024-09-13,119512071,13997957915.640686,23,23
2024-09-16,122878894,13844021728.541534,23,23
2024-09-17,124326738,13791087320.70031,23,23
2024-09-18,116830275,13301770544.299698,23,23
2024-09-19,140125007,16358861377.27098,23,23
2024-09-20,354479018,38921103710.0912,23,23
2024-09-23,128856192,14836617584.591347,23,23
2024-09-24,115420484,13744773071.219696,23,23
2024-09-25,118759744,13897399206.161263,23,23
2024-09-26,126713878,15058803349.643608,23,23
2024-09-27,123305612,14412707434.557434,23,23
2024-09-30,138849788,15606946678.766426,23,23
2024-10-01,141740618,15979192473.760445,23,23
2024-10-02,115349450,12589742904.04358,23,23
2024-10-03,113682404,12674919404.269531,23,23
2024-10-04,123803654,13603086545.438713,23,23
2024-10-07,126754585,13313551778.337402,23,23
2024-10-08,121585176,13589350342.386307,23,23
2024-10-09,115317639,14073437523.37362,23,23
2024-10-10,103960814,12127408070.272781,23,23
2024-10-11,104762280,12661312267.617188,23,23
2024-10-14,95858250,11752448486.138725,23,23
2024-10-15,128167352,15563808328.169739,23,23
2024-10-16,99331780,11661233028.819046,23,23
2024-10-17,122576035,13364614665.352173,23,23
2024-10-18,125965256,15023683337.649048,23,23
2024-10-21,120487496,14569701973.990898,23,23
2024-10-22,136832802,16430998137.70427,23,23
2024-10-23,142330512,17381742430.492035,23,23
2024-10-24,128051012,15843466882.347855,23,23
2024-10-25,116597862,14218197009.687546,23,23
2024-10-28,133132358,16705064195.668488,23,23
2024-10-29,185510819,23483179006.404984,23,23
2024-10-30,179647306,22207808863.982918,23,23
2024-10-31,201473831,22127091092.26581,23,23
2024-11-01,154276342,17475631144.384445,23,23
2024-11-04,126399924,13619235408.646362,23,23
2024-11-05,127139434,15210464880.6194,23,23
2024-11-06,204595184,24240236893.687103,23,23
2024-11-07,141618665,17188283539.21257,23,23
2024-11-08,135598583,16653042052.169693,23,23
2024-11-11,135976102,15781807380.232666,23,23
2024-11-12,144050411,16938969243.746643,23,23
2024-11-13,150089197,17391523029.305748,23,23
2024-11-14,177145057,20663843793.171036,23,23
2024-11-15,197468682,22136636592.468277,23,23
2024-11-18,141805812,15813779023.943726,23,23
2024-11-19,129518487,14417602129.273804,23,23
2024-11-20,132966589,15411125901.704102,23,23
2024-11-21,141742079,16921937883.57135,23,23
2024-11-22,144757192,17212788864.838974,23,23
2024-11-25,252114900,29617513492.04178,23,23
2024-11-26,130713189,14948280606.065079,23,23
2024-11-27,125255570,12837411589.623146,23,23
2024-11-29,85205768,10101637851.40876,23,23
2024-12-02,128932749,14711600536.261772,23,23
2024-12-03,134063121,14925567323.150482,23,23
2024-12-04,156327643,17168673837.179977,23,23
2024-12-05,143941606,16721370944.21563,23,23
2024-12-06,132080474,15928871433.235504,23,23
2024-12-09,163826111,19072660827.955063,23,23
2024-12-10,157700122,18566477482.412636,23,23
2024-12-11,205535033,22742177060.88344,23,23
2024-12-12,133497952,15603800775.799149,23,23
2024-12-13,118742864,13808181112.807,23,23
2024-12-16,170202135,20077257962.55844,23,23
2024-12-17,169292426,19518231800.090225,23,23
2024-12-18,180870263,20620440623.272697,23,23
2024-12-19,180158201,20561060701.4952,23,23
2024-12-20,392629225,42932308937.919235,23,23
2024-12-23,118204636,13704530851.999298,23,23
2024-12-24,54566890,6301189403.949165,23,23
2024-12-26,80923962,9494696740.351501,23,23
2024-12-27,88929976,10213551393.58516,23,23
2024-12-30,111068668,13135736340.60524,23,23
2024-12-31,91613545,10611226712.305984,23,23
2025-01-02,109449460,12843514012.616386,23,23
2025-01-03,113187463,12738908840.70929,23,23
2025-01-06,138708087,15595668613.989777,23,23
2025-01-07,132157776,14965131881.551018,23,23
2025-01-08,126744651,14106875083.131363,23,23
2025-01-10,165063891,17872544028.294235,23,23
2025-01-13,145754730,16785811572.951775,23,23
2025-01-14,126511924,14602272440.799377,23,23
2025-01-15,132285816,15169547380.138123,23,23
2025-01-16,118762014,13794449812.649536,23,23
2025-01-17,160638395,18562336252.508698,23,23
2025-01-21,180949253,21893850647.287643,23,23
2025-01-22,160022323,19103476661.931877,23,23
2025-01-23,144586333,18022545553.036148,23,23
2025-01-24,150433007,17727630659.91056,23,23
2025-01-27,176615447,20508412706.04506,23,23
2025-01-28,157008451,19026283706.20864,23,23
2025-01-29,135650994,16599164883.22622,23,23
2025-01-30,153735517,19376247151.954422,23,23
2025-01-31,186210178,20359837598.117058,23,23
2025-02-03,151193357,17864916461.651024,23,23
2025-02-04,230110617,22747694272.572273,23,23
2025-02-05,168551911,18854711837.545036,23,23
2025-02-06,177098403,19348218735.712868,23,23
2025-02-07,159301193,15887581958.081581,23,23
2025-02-10,141473120,15638219159.832153,23,23
2025-02-11,148059109,15729979607.933525,23,23
2025-02-12,148329693,16650997671.574188,23,23
2025-02-13,162227808,18618470249.768303,23,23
2025-02-14,154437935,17818958780.42305,23,23
2025-02-18,160286772,18692814337.669098,23,23
2025-02-19,138043941,16076674114.124222,23,23
2025-02-20,133119296,15647926020.76416,23,23
2025-02-21,170744848,20539755168.75186,23,23
2025-02-24,158923574,18528291661.1792,23,23
2025-02-25,165795802,19034358635.09633,23,23
2025-02-26,133525429,15390208311.933456,23,23
2025-02-27,137948279,15443496584.46531,23,23
2025-02-28,210964873,23763587892.58609,23,23
2025-03-03,166649644,18810378191.84925,23,23
2025-03-04,209630570,24193298772.299538,23,23
2025-03-05,180189444,20592759942.43392,23,23
2025-03-06,163954586,18238714298.447723,23,23
2025-03-07,211598045,24225229313.628273,23,23
2025-03-10,221809803,25743131025.906464,23,23
2025-03-11,205785654,23106856807.443527,23,23
2025-03-12,154615263,17471731772.263367,23,23
2025-03-13,146484991,16189649867.227455,23,23
2025-03-14,139321348,15484016491.344421,23,23
2025-03-17,146583721,16819746078.092194,23,23
2025-03-18,127077471,15265882443.462189,23,23
2025-03-19,152226906,18244590978.210297,23,23
2025-03-20,141379657,17011993376.24556,23,23
2025-03-21,397622551,43984808099.86467,23,23
2025-03-24,145745840,17021594389.811287,23,23
2025-03-25,172098728,18762538877.758644,23,23
2025-03-26,144067593,17028865505.430054,23,23
2025-03-27,120038242,13754994946.684998,23,23
2025-03-28,133974557,14999636540.00315,23,23
2025-03-31,200523966,23272397050.897842,23,23
2025-04-01,166450692,18853428713.28756,23,23
2025-04-02,145095558,16367306554.764488,23,23
2025-04-03,250472653,27773898503.338127,23,23
2025-04-04,318966263,34633477853.719025,23,23
2025-04-07,325341884,34870140108.18298,23,23
2025-04-08,249685472,25657945484.8228,23,23
2025-04-09,299497719,32878850526.135574,23,23
2025-04-10,244090299,25783954176.966217,23,23
2025-04-11,189613577,20277379733.95217,23,23
2025-04-14,163610718,17688585913.00714,23,23
2025-04-15,152116990,16862085020.62584,23,23
2025-04-16,147923563,16085003907.914467,23,23
2025-04-17,175328752,18880907582.862274,23,23
2025-04-21,156684359,17449465978.739998,23,23
2025-04-22,155435349,18561529291.887024,23,23
2025-04-23,181637920,21177076310.533905,23,23
2025-04-24,173521622,21402771393.373077,23,23
2025-04-25,155938579,17491588955.96736,23,23
2025-04-28,138631427,15635637877.893707,23,23
2025-04-29,139207921,15736672237.271255,23,23
2025-04-30,195446952,21770612286.50206,23,23
2025-05-01,145650288,16519747973.662766,23,23
2025-05-02,136662189,16788486794.308472,23,23
2025-05-05,134714891,15735377941.552727,23,23
2025-05-06,138159281,15493518075.24083,23,23
2025-05-07,159583474,17642805041.878128,23,23
2025-05-08,164809398,19620682049.44594,23,23
2025-05-09,124869734,13859908569.85466,23,23
2025-05-12,196810783,21741256961.913895,23,23
2025-05-13,178826250,21133187883.24051,23,23
2025-05-14,183635635,20505680170.394974,23,23
2025-05-15,165625107,19305119773.435104,23,23
2025-05-16,152940956,17904563172.67984,23,23
2025-05-19,131532427,15905863765.62265,23,23
2025-05-20,118845750,13796736771.504211,23,23
2025-05-21,135063695,15919918612.761917,23,23
2025-05-22,121297346,14508456010.142456,23,23
2025-05-23,112431869,12968991994.019615,23,23
2025-05-27,134904339,16391015233.068695,23,23
2025-05-28,140407645,15324579634.8452,23,23
2025-05-29,157534946,17826260626.922592,23,23
2025-05-30,253235676,30235548342.655754,23,23
2025-06-02,133582415,15772853382.511215,23,23
2025-06-03,158464755,18143476913.171616,23,23
2025-06-04,129799395,14387386651.039467,23,23
2025-06-05,135730326,14949461871.321869,23,23
2025-06-06,117255258,13336659555.059448,23,23
2025-06-09,142694127,16643386864.069038,23,23
2025-06-10,158413171,19752793717.4375,23,23
2025-06-11,142102216,17277481195.338646,23,23
2025-06-12,159055827,20855846771.265106,23,23
2025-06-13,175891217,21391655277.915718,23,23
2025-06-16,145922679,16880146146.280136,23,23
2025-06-17,146501429,17568556458.537064,23,23
2025-06-18,164185396,18868672461.725113,23,23
2025-06-20,343086281,38281831024.272736,23,23
2025-06-23,175520562,20364605272.78009,23,23
2025-06-24,160093412,19434599860.694633,23,23
2025-06-25,132796832,15546919701.287155,23,23
2025-06-26,141944824,17448309291.669685,23,23
2025-06-27,273651865,34373189911.18744,23,23
2025-06-30,165693421,20625868882.636063,23,23
2025-07-01,174219205,20496430228.935318,23,23
2025-07-02,138981601,16954251990.623123,23,23
2025-07-03,89184495,11005128176.072922,23,23
2025-07-07,138070347,17096608897.297714,23,23
2025-07-08,152980436,18716296999.26853,23,23
2025-07-09,189762797,22753246832.822906,23,23
2025-07-10,141614010,17414074886.902847,23,23
2025-07-11,127657049,16332160538.669144,23,23
2025-07-14,144979283,18586177249.140976,23,23
2025-07-15,129373873,17156257862.66748,23,23
2025-07-16,147998807,20600092670.42842,23,23
2025-07-17,157469903,21237068702.370773,23,23
2025-07-18,205929942,27232084428.254852,23,23
2025-07-21,140965034,17396970210.07524,23,23
2025-07-22,163936755,20237165173.672295,23,23
2025-07-23,158184375,20721306171.95053,23,23
2025-07-24,168652852,24415218268.625717,23,23
2025-07-25,118992315,15946180862.228088,23,23
2025-07-28,144345909,18393229138.146164,23,23
2025-07-29,183048735,22710817864.514694,23,23
2025-07-30,154779112,19240348820.569016,23,23
2025-07-31,194601143,23016314104.152466,23,23
2025-08-01,172217687,21830052067.4606,23,23
2025-08-04,145024190,19084782862.46025,23,23
2025-08-05,145617368,19049432315.13687,23,23
2025-08-06,143732467,17255828435.044052,23,23
2025-08-07,137710353,17536656975.477844,23,23
2025-08-08,119320730,16120356247.430687,23,23
2025-08-11,128478089,16808564445.584229,23,23
2025-08-12,135143644,17821542476.69757,23,23
2025-08-13,148040514,19177411030.54727,23,23
2025-08-14,128263016,16748536172.189835,23,23
2025-08-15,141865901,18378330504.583862,23,23
2025-08-18,128267605,16636662955.482254,23,23
2025-08-19,136352679,17575548890.836525,23,23
2025-08-20,137865252,17623867243.260338,23,23
2025-08-21,119566431,15055273015.480911,23,23
2025-08-22,136779051,17971265200.006958,23,23
2025-08-25,109799183,13303234642.616547,23,23
2025-08-26,158128877,20005182460.79666,23,23
2025-08-27,117171114,14019386018.295242,23,23
2025-08-28,135223418,14955397967.962257,23,23
2025-08-29,128653857,15944746542.534195,23,23
2025-09-02,147780472,17903111164.18923,23,23
2025-09-03,152633918,17534320779.812775,23,23
2025-09-04,140736986,16609340453.442184,23,23
2025-09-05,148181399,18216043753.09839,23,23
2025-09-08,154156392,18888866888.596245,23,23
2025-09-09,121091851,14512517498.980148,23,23
2025-09-10,135060897,16362539059.980576,23,23
2025-09-11,142013311,18047519211.730415,23,23
2025-09-12,129765309,16080399062.15625,23,23
2025-09-15,125488094,15263434434.9404,23,23
2025-09-16,143249728,17658625091.990425,23,23
2025-09-17,143454050,17908941441.4999,23,23
2025-09-18,144955570,18651996588.849182,23,23
2025-09-19,315712072,40463225661.456566,23,23
2025-09-22,144374429,18611906572.51718,23,23
2025-09-23,167042553,22213548585.775375,23,23
2025-09-24,137246287,17528727392.686302,23,23
2025-09-25,146989414,19441639607.44037,23,23
2025-09-26,148323548,20466244654.866913,23,23
2025-09-29,154030318,20309288139.33496,23,23
2025-09-30,168256820,20972107516.432266,23,23
2025-10-01,177928319,21319001223.94191,23,23
2025-10-02,135372864,17038484859.309921,23,23
2025-10-03,130272517,16753128911.429031,23,23
2025-10-06,130648795,16049646070.532684,23,23
2025-10-07,133205377,16848244224.33397,23,23
2025-10-08,135587260,16530025505.69336,23,23
2025-10-09,129909849,17660080934.715622,23,23
2025-10-10,160862395,20111323409.108353,23,23
2025-10-13,124571834,15214957887.992508,23,23
2025-10-14,146275562,18641330449.71042,23,23
2025-10-15,134293048,16834371568.122551,23,23
2025-10-16,146442399,17194801907.227684,23,23
2025-10-17,138764977,17959467997.6584,23,23
2025-10-20,119531861,15714096213.034225,23,23
2025-10-21,145113400,18060198828.120804,23,23
2025-10-22,139653810,19911794322.079773,23,23
2025-10-23,152790572,22249398277.671646,23,23
2025-10-24,139108389,21271515859.511932,23,23
2025-10-27,128646040,18310434670.19516,23,23
2025-10-28,117622132,16233292097.393646,23,23
2025-10-29,171883183,25078620531.8461,23,23
2025-10-30,190033800,23263286396.54312,23,23
2025-10-31,188738900,23583658128.915405,23,23
2025-11-03,158564400,19623519458.834457,23,23
2025-11-04,153011400,20134350513.469315,23,23
2025-11-05,144406900,18523754349.71962,23,23
2025-11-06,148125300,19280594128.862762,23,23
2025-11-07,157052400,19719710476.03798,23,23
2025-11-10,141336800,17250015079.52881,23,23
2025-11-11,141648900,17251120628.510666,23,23
2025-11-12,152399200,20568632790.454483,23,23
2025-11-13,185940300,23773496652.56939,23,23
2025-11-14,157396000,20144696038.316154,23,23
2025-11-17,164887100,19828128644.984436,23,23
2025-11-18,179641700,22651593463.686752,23,23
2025-11-19,151011900,19771450814.417267,23,23
2025-11-20,166306100,21203880275.209427,23,23
2025-11-21,202242000,25194844148.701477,23,23
2025-11-24,263208800,33577062161.438942,23,23
2025-11-25,181810100,22430876907.531357,23,23
2025-11-26,137631000,16642451303.468513,23,23
2025-11-28,72564800,9325170081.041527,23,23
2025-12-01,146280800,18131608402.309418,23,23
2025-12-02,180732200,23938529910.27069,23,23
2025-12-03,161148800,21243002942.36908,23,23
2025-12-04,170819100,20818546966.414642,23,23
2025-12-05,153113300,19939876450.877,23,23
2025-12-08,167524900,20750299974.879074,23,23
2025-12-09,149210500,18839771270.43724,23,23
2025-12-10,201719200,25951714246.686554,23,23
2025-12-11,163209200,20879584719.47975,23,23
2025-12-12,156411400,21544138948.70186,23,23
2025-12-15,173977700,23033315238.44509,23,23
2025-12-16,166829000,21627244572.77832,23,23
2025-12-17,158126000,21181981321.67244,23,23
2025-12-18,171558700,20839750180.577087,23,23
2025-12-19,381273500,48220810868.70041,23,23
2025-12-22,144309800,19348047254.015923,23,23
2025-12-23,118306300,15063502218.559647,23,23
2025-12-24,54777200,6820943312.433052,23,23
2025-12-26,75806700,9167029629.594612,23,23
2025-12-29,114306800,15022663150.43335,23,23
2025-12-30,99299500,12691505507.68032,23,23
2025-12-31,92507700,12016927708.91018,23,23
2026-01-02,146127400,19119054649.89357,23,23
2026-01-05,226740400,29865766353.78647,23,23
2026-01-06,184867300,23444885273.3469,23,23
2026-01-07,184199500,23433018551.89972,23,23
2026-01-08,187138100,23044140388.904953,23,23
2026-01-09,164134900,20467215958.028984,23,23
2026-01-12,166398600,22144077084.73015,23,23
2026-01-13,184314400,23895172878.173447,23,23
2026-01-14,182506600,24897953948.45314,23,23
2026-01-15,152730600,20890467193.905067,23,23
2026-01-16,187762700,25692676072.551155,23,23
2026-01-20,221150900,31293894006.13289,23,23
2026-01-21,199618100,27996482854.46701,23,23
2026-01-22,183071400,26371023311.961555,23,23
2026-01-23,177735700,22670083513.554,23,23
2026-01-26,161440500,22300806674.066925,23,23
2026-01-27,162823600,23657693057.32193,23,23
2026-01-28,169191800,23485104663.43727,23,23
2026-01-29,245782800,33318027766.98246,23,23
2026-01-30,243069400,33155701849.459457,23,23
2026-02-02,237390600,31063650802.420044,23,23
2026-02-03,269831000,35625871672.88437,23,23
2026-02-04,267049900,36918975321.94443,23,23
2026-02-05,209289000,27397095242.35344,23,23
2026-02-06,170019000,24849456969.51065,23,23
2026-02-09,192205700,25588007742.03186,23,23
2026-02-10,172451900,23574724057.72896,23,23
2026-02-11,178264700,26469996020.730972,23,23
2026-02-12,243340600,35590240801.20163,23,23
2026-02-13,184031600,27354666326.41182,23,23
2026-02-17,177882100,26328587385.617065,23,23
2026-02-18,160035700,22545370313.778687,23,23
2026-02-19,152372100,22358886359.752655,23,23
2026-02-20,177119600,24819191887.039566,23,23
2026-02-23,179594400,26068141509.614563,23,23
2026-02-24,176220300,23910212484.332275,23,23
2026-02-25,191905300,23224935493.790817,23,23
2026-02-26,156688500,21605705771.09337,23,23
2026-02-27,235544900,33922501232.564545,23,23
2026-03-02,183588500,26755459557.149315,23,23
2026-03-03,180373100,27162341043.08796,23,23
2026-03-04,159465500,22588468620.0428,23,23
2026-03-05,206252200,29395586176.24283,23,23
2026-03-06,179661100,26177712485.35824,23,23
2026-03-09,197441600,28124162149.069595,23,23
2026-03-10,164591500,23668225050.229263,23,23
2026-03-11,135547400,19463238932.346344,23,23
2026-03-12,205384400,29780605003.823853,23,23
2026-03-13,153441000,22393222999.900055,23,23
2026-03-16,162846800,23594201855.97534,23,23
2026-03-17,152511700,22376079539.98375,23,23
2026-03-18,158663900,21778408299.881172,23,23
2026-03-19,185329300,26242373128.22609,23,23
2026-03-20,467891200,61667905572.23854,23,23
2026-03-23,182439700,25746162225.167274,23,23
2026-03-24,162806700,23416390220.968628,23,23
2026-03-25,150523300,20016060388.20343,23,23
2026-03-26,145642500,20191002037.08191,23,23
2026-03-27,184385400,25060692978.65734,23,23
2026-03-30,182801100,25203914108.971405,23,23
2026-03-31,208921200,29178024277.280045,23,23
2026-04-01,186504600,27028963140.563965,23,23
2026-04-02,145167600,20284339623.399734,23,23
2026-04-06,112896500,15642854513.23948,23,23
2026-04-07,144993100,19974421937.982178,23,23
2026-04-08,188777600,27176125097.132874,23,23
2026-04-09,155111000,22164119768.816566,23,23
2026-04-10,136300500,19676783559.383392,23,23
2026-04-13,152950000,19528953065.177155,23,23
2026-04-14,149182400,20661758165.836143,23,23
2026-04-15,128535400,18619744798.301315,23,23
2026-04-16,136382000,20183428160.47535,23,23
2026-04-17,191827200,28336951899.73831,23,23
2026-04-20,130343200,18746297334.08737,23,23
2026-04-21,177753300,25755585678.32451,23,23
2026-04-22,165599500,25364425723.166466,23,23
2026-04-23,166000100,26027193206.250763,23,23
2026-04-24,155586300,22615214180.073547,23,23
2026-04-27,145558200,20430445922.965622,23,23
2026-04-28,161909300,21920324694.691467,23,23
2026-04-29,162767900,23522119733.45108,23,23
2026-04-30,211240900,29777753727.21424,23,23
2026-05-01,142651700,19292908437.77733,23,23
2026-05-04,139928100,20545488836.326218,23,23
2026-05-05,146634400,19762585142.924118,23,23
2026-05-06,194335800,27808645641.947937,23,23
2026-05-07,173988100,24667418613.75904,23,23
2026-05-08,148571000,21101834946.3295,23,23
