model_name,input_window,output_window,epoch,loss,val_loss
mlp_3x200_relu,5,1,1,0.031495045870542526,0.009033868089318275
mlp_3x200_relu,5,1,2,0.011857535690069199,0.009030713699758053
mlp_3x200_relu,5,1,3,0.011852952651679516,0.009027360007166862
mlp_3x200_relu,5,1,4,0.011852219700813293,0.009025771170854568
mlp_3x200_relu,5,1,5,0.011850415728986263,0.009026740677654743
mlp_3x200_relu,5,1,6,0.011850995942950249,0.009025382809340954
mlp_3x200_relu,5,1,7,0.011850722134113312,0.009027143009006977
mlp_3x200_relu,5,1,8,0.011854344978928566,0.009026932530105114
mlp_3x200_relu,5,1,9,0.011855254881083965,0.009026705287396908
mlp_3x200_relu,5,1,10,0.011853980831801891,0.009025264531373978
mlp_3x200_relu,5,1,11,0.01185604464262724,0.009026860818266869
mlp_3x200_relu,5,1,12,0.011853853240609169,0.009025189094245434
mlp_3x200_relu,5,1,13,0.011853625066578388,0.009024270810186863
mlp_3x200_relu,5,1,14,0.01185617409646511,0.009024311788380146
mlp_3x200_relu,5,1,15,0.01185558084398508,0.009024089202284813
mlp_3x200_relu,5,1,16,0.011856341734528542,0.009025773033499718
mlp_3x200_relu,5,1,17,0.011852665804326534,0.009024100378155708
mlp_3x200_relu,5,1,18,0.011857744306325912,0.00902372132986784
mlp_3x200_relu,5,1,19,0.01185258012264967,0.009025068953633308
mlp_3x200_relu,5,1,20,0.011854037642478943,0.009025555104017258
mlp_3x200_relu,5,1,21,0.011856134980916977,0.00902314018458128
mlp_3x200_relu,5,1,22,0.011856453493237495,0.00902655627578497
mlp_3x200_relu,5,1,23,0.011853634379804134,0.009023250080645084
mlp_3x200_relu,5,1,24,0.01185211818665266,0.009024785831570625
mlp_3x200_relu,5,1,25,0.011856358498334885,0.009023401886224747
mlp_3x200_relu,5,1,26,0.011855481192469597,0.00902147963643074
mlp_3x200_relu,5,1,27,0.011861229315400124,0.009020515717566013
mlp_3x200_relu,5,1,28,0.011856749653816223,0.00901874341070652
mlp_3x200_relu,5,1,29,0.011853824369609356,0.009020121768116951
mlp_3x200_relu,5,1,30,0.011858677491545677,0.009019809775054455
mlp_3x200_relu,5,1,31,0.011856017634272575,0.009020212106406689
mlp_3x200_relu,5,1,32,0.011858652345836163,0.009017303586006165
mlp_3x200_relu,5,1,33,0.011858239769935608,0.009018545970320702
mlp_3x200_relu,5,1,34,0.011857562698423862,0.009019565768539906
mlp_3x200_relu,5,1,35,0.011855034157633781,0.009020490571856499
mlp_3x200_relu,5,1,36,0.011857656762003899,0.009021342732012272
mlp_3x200_relu,5,1,37,0.011860352009534836,0.009018023498356342
mlp_3x200_relu,5,1,38,0.011858363635838032,0.009018346667289734
mlp_3x200_relu,5,1,39,0.01185761857777834,0.00901778507977724
mlp_3x200_relu,5,1,40,0.011856614612042904,0.00901969987899065
mlp_3x200_relu,5,1,41,0.011859302408993244,0.009018194861710072
mlp_3x200_relu,5,1,42,0.011855926364660263,0.009019609540700912
mlp_3x200_relu,5,1,43,0.011859116144478321,0.009019039571285248
mlp_3x200_relu,5,1,44,0.0118594691157341,0.00901920534670353
mlp_3x200_relu,5,1,45,0.011862502433359623,0.00901874341070652
mlp_3x200_relu,5,1,46,0.011860753409564495,0.009018882177770138
mlp_3x200_relu,5,1,47,0.011860189959406853,0.009019124321639538
mlp_3x200_relu,5,1,48,0.011856548488140106,0.009018092416226864
mlp_3x200_relu,5,1,49,0.011856728233397007,0.009019617922604084
mlp_3x200_relu,5,1,50,0.011857856065034866,0.009018990211188793
mlp_3x200_relu,5,1,51,0.01186127495020628,0.009018180891871452
mlp_3x200_relu,5,1,52,0.011860589496791363,0.009018417447805405
mlp_3x200_relu,5,1,53,0.011855082586407661,0.009018220007419586
mlp_3x200_relu,5,1,54,0.011857562698423862,0.009018538519740105
mlp_3x200_relu,5,1,55,0.011855974793434143,0.009019210003316402
mlp_3x200_relu,5,1,56,0.011858109384775162,0.009018287062644958
mlp_3x200_relu,5,1,57,0.01185704953968525,0.009019065648317337
mlp_3x200_relu,5,1,58,0.011860714294016361,0.009019180200994015
mlp_3x200_relu,5,1,59,0.011860772036015987,0.009019129909574986
mlp_3x200_relu,5,1,60,0.011858491227030754,0.009020146913826466
mlp_3x200_relu,5,1,61,0.011857464909553528,0.009019006974995136
mlp_3x200_relu,5,1,62,0.011858069337904453,0.009019923396408558
mlp_3x200_relu,5,1,63,0.011858799494802952,0.009018510580062866
mlp_3x200_relu,5,1,64,0.011861298233270645,0.009020737372338772
mlp_3x200_relu,5,1,65,0.011861242353916168,0.009018399752676487
mlp_3x200_relu,5,1,66,0.011861396953463554,0.009018843993544579
mlp_3x200_relu,5,1,67,0.011860010214149952,0.009018569253385067
mlp_3x200_relu,5,1,68,0.011856929399073124,0.009018391370773315
mlp_3x200_relu,5,1,69,0.011855910532176495,0.009017893113195896
mlp_3x200_relu,5,1,70,0.011859082616865635,0.009018939919769764
mlp_3x200_relu,5,1,71,0.01185699924826622,0.00901786144822836
mlp_3x200_relu,5,1,72,0.011860677041113377,0.009018545038998127
mlp_3x200_relu,5,1,73,0.011856654658913612,0.009019745513796806
mlp_3x200_relu,5,1,74,0.011855599470436573,0.009017872624099255
mlp_3x200_relu,5,1,75,0.01185789704322815,0.009018930606544018
mlp_3x200_relu,5,1,76,0.011860953643918037,0.009018659591674805
mlp_3x200_relu,5,1,77,0.011859511025249958,0.009018422104418278
mlp_3x200_relu,5,1,78,0.01185600832104683,0.009017722681164742
mlp_3x200_relu,5,1,79,0.011855821125209332,0.009018178097903728
mlp_3x200_relu,5,1,80,0.011858237907290459,0.009017804637551308
mlp_3x200_relu,5,1,81,0.011857056990265846,0.009019376710057259
mlp_3x200_relu,5,1,82,0.0118600158020854,0.00901919323951006
mlp_3x200_relu,5,1,83,0.01186277437955141,0.009018108248710632
mlp_3x200_relu,5,1,84,0.01185839343816042,0.009018090553581715
mlp_3x200_relu,5,1,85,0.01185763068497181,0.009018181823194027
mlp_3x200_relu,5,1,86,0.011861953884363174,0.009019202552735806
mlp_3x200_relu,5,1,87,0.011859140358865261,0.009017850272357464
mlp_3x200_relu,5,1,88,0.01185975968837738,0.00901931244879961
mlp_3x200_relu,5,1,89,0.01186083909124136,0.009018711745738983
mlp_3x200_relu,5,1,90,0.011859171092510223,0.009017919190227985
mlp_3x200_relu,5,1,91,0.011854583397507668,0.009018955752253532
mlp_3x200_relu,5,1,92,0.011859674006700516,0.009018457494676113
mlp_3x200_relu,5,1,93,0.011859591118991375,0.009019333869218826
mlp_3x200_relu,5,1,94,0.01185858715325594,0.009017661213874817
mlp_3x200_relu,5,1,95,0.011858929879963398,0.009018311277031898
mlp_3x200_relu,5,1,96,0.011857354082167149,0.009017729200422764
mlp_3x200_relu,5,1,97,0.011859405785799026,0.00901843048632145
mlp_3x200_relu,5,1,98,0.01185841765254736,0.009018286131322384
mlp_3x200_relu,5,1,99,0.011858263984322548,0.00901816040277481
mlp_3x200_relu,5,1,100,0.011858729645609856,0.009018599055707455
mlp_3x200_relu,5,1,101,0.011858060956001282,0.009017870761454105
mlp_3x200_relu,5,1,102,0.011861412785947323,0.00901852548122406
mlp_3x200_relu,5,1,103,0.011856497265398502,0.00901808962225914
mlp_3x200_relu,5,1,104,0.011855949647724628,0.009018398821353912
mlp_3x200_relu,5,1,105,0.011861735954880714,0.00901859812438488
mlp_3x200_relu,5,1,106,0.011858014389872551,0.00901869498193264
mlp_3x200_relu,5,1,107,0.011858527548611164,0.00901784561574459
mlp_3x200_relu,5,1,108,0.011857734993100166,0.009018216282129288
mlp_3x200_relu,5,1,109,0.011859898455440998,0.009018383920192719
mlp_3x200_relu,5,1,110,0.011857022531330585,0.009018223732709885
mlp_3x200_relu,5,1,111,0.01185955386608839,0.009018258191645145
mlp_3x200_relu,5,1,112,0.011857002042233944,0.00901874341070652
mlp_3x200_relu,5,1,113,0.011859457939863205,0.009018773213028908
mlp_3x200_relu,5,1,114,0.011859366670250893,0.009019512683153152
mlp_3x200_relu,5,1,115,0.011857551522552967,0.009017872624099255
mlp_3x200_relu,5,1,116,0.011860541999340057,0.009018278680741787
mlp_3x200_relu,5,1,117,0.011858192272484303,0.00901755690574646
mlp_3x200_relu,5,1,118,0.01185587327927351,0.009018518030643463
mlp_3x200_relu,5,1,119,0.01185707189142704,0.00901810359209776
mlp_3x200_relu,5,1,120,0.011855327524244785,0.009019307792186737
mlp_3x200_relu,5,1,121,0.011859357357025146,0.009020524099469185
mlp_3x200_relu,5,1,122,0.011858073994517326,0.009018528275191784
mlp_3x200_relu,5,1,123,0.011858711950480938,0.009019151329994202
mlp_3x200_relu,5,1,124,0.011859581805765629,0.009018195793032646
mlp_3x200_relu,5,1,125,0.011859794147312641,0.009018024429678917
mlp_3x200_relu,5,1,126,0.011860416270792484,0.009018558077514172
mlp_3x200_relu,5,1,127,0.011858667246997356,0.009017863310873508
mlp_3x200_relu,5,1,128,0.011860390193760395,0.009019297547638416
mlp_3x200_relu,5,1,129,0.011858995072543621,0.009017866104841232
mlp_3x200_relu,5,1,130,0.011859236285090446,0.00901837833225727
mlp_3x200_relu,5,1,131,0.01185688003897667,0.009017888456583023
mlp_3x200_relu,5,1,132,0.011857704259455204,0.009019299410283566
mlp_3x200_relu,5,1,133,0.011855180375277996,0.009018517099320889
mlp_3x200_relu,5,1,134,0.011858898214995861,0.009018206968903542
mlp_3x200_relu,5,1,135,0.011859028600156307,0.009017704986035824
mlp_3x200_relu,5,1,136,0.011859866790473461,0.00901782140135765
mlp_3x200_relu,5,1,137,0.011856253258883953,0.009017957374453545
mlp_3x200_relu,5,1,138,0.011855417862534523,0.009018938057124615
mlp_3x200_relu,5,1,139,0.011860029771924019,0.009018771350383759
mlp_3x200_relu,5,1,140,0.011861514300107956,0.009018149226903915
mlp_3x200_relu,5,1,141,0.011861185543239117,0.00901821255683899
mlp_3x200_relu,5,1,142,0.011858675628900528,0.009016728028655052
mlp_3x200_relu,5,1,143,0.011859054677188396,0.00901863258332014
mlp_3x200_relu,5,1,144,0.0118614062666893,0.009018232114613056
mlp_3x200_relu,5,1,145,0.011860977858304977,0.009019081480801105
mlp_3x200_relu,5,1,146,0.011858610436320305,0.009019172750413418
mlp_3x200_relu,5,1,147,0.01186052430421114,0.009018879383802414
mlp_3x200_relu,5,1,148,0.011860188096761703,0.009018720127642155
mlp_3x200_relu,5,1,149,0.011859546415507793,0.009018580429255962
mlp_3x200_relu,5,1,150,0.011860006488859653,0.009019353426992893
mlp_3x200_relu,5,1,151,0.011859910562634468,0.0090189129114151
mlp_3x200_relu,5,1,152,0.011857638135552406,0.009019283577799797
mlp_3x200_relu,5,1,153,0.011859513819217682,0.009019034914672375
mlp_3x200_relu,5,1,154,0.011858598329126835,0.00901825912296772
mlp_3x200_relu,5,1,155,0.011859060265123844,0.00901841837912798
mlp_3x200_relu,5,1,156,0.011858932673931122,0.009018003940582275
mlp_3x200_relu,5,1,157,0.011856979690492153,0.009018676355481148
mlp_3x200_relu,5,1,158,0.011861657723784447,0.009018635377287865
mlp_3x200_relu,5,1,159,0.011859615333378315,0.00901805516332388
mlp_3x200_relu,5,1,160,0.011858301237225533,0.009017921052873135
mlp_3x200_relu,5,1,161,0.011857341974973679,0.00901856366544962
mlp_3x200_relu,5,1,162,0.011858711950480938,0.009019382297992706
mlp_3x200_relu,5,1,163,0.011859376914799213,0.00901917926967144
mlp_3x200_relu,5,1,164,0.011858504265546799,0.00901991780847311
mlp_3x200_relu,5,1,165,0.011859622783958912,0.009018699638545513
mlp_3x200_relu,5,1,166,0.011857157573103905,0.009017812088131905
mlp_3x200_relu,5,1,167,0.011857949197292328,0.009017408825457096
mlp_3x200_relu,5,1,168,0.011858495883643627,0.009018794633448124
mlp_3x200_relu,5,1,169,0.011861879378557205,0.009018342941999435
mlp_3x200_relu,5,1,170,0.01186014711856842,0.009018690325319767
mlp_3x200_relu,5,1,171,0.011860254220664501,0.009019157849252224
mlp_3x200_relu,5,1,172,0.011858033016324043,0.009019366465508938
mlp_3x200_relu,5,1,173,0.01185751985758543,0.009019450284540653
mlp_3x200_relu,5,1,174,0.011856689117848873,0.00901827309280634
mlp_3x200_relu,5,1,175,0.011857016012072563,0.009018895216286182
mlp_3x200_relu,5,1,176,0.011860103346407413,0.009018494747579098
mlp_3x200_relu,5,1,177,0.011856283992528915,0.009018518030643463
mlp_3x200_relu,5,1,178,0.011859345249831676,0.009018474258482456
mlp_3x200_relu,5,1,179,0.011856448836624622,0.009018492884933949
mlp_3x200_relu,5,1,180,0.01186139602214098,0.009020746685564518
mlp_3x200_relu,5,1,181,0.011857515200972557,0.009018066339194775
mlp_3x200_relu,5,1,182,0.01185720507055521,0.009018492884933949
mlp_3x200_relu,5,1,183,0.011855783872306347,0.009018300101161003
mlp_3x200_relu,5,1,184,0.011862573213875294,0.009018479846417904
mlp_3x200_relu,5,1,185,0.01185803022235632,0.009018215350806713
mlp_3x200_relu,5,1,186,0.011858263052999973,0.009019329212605953
mlp_3x200_relu,5,1,187,0.011859276331961155,0.009018577635288239
mlp_3x200_relu,5,1,188,0.011855651624500751,0.009018601849675179
mlp_3x200_relu,5,1,189,0.011856871657073498,0.009018727578222752
mlp_3x200_relu,5,1,190,0.011857124045491219,0.009019136428833008
mlp_3x200_relu,5,1,191,0.011856850236654282,0.009018342941999435
mlp_3x200_relu,5,1,192,0.011858988553285599,0.009017597883939743
mlp_3x200_relu,5,1,193,0.011858704499900341,0.009018857963383198
mlp_3x200_relu,5,1,194,0.0118556534871459,0.009017890319228172
mlp_3x200_relu,5,1,195,0.011859551072120667,0.009018654003739357
mlp_3x200_relu,5,1,196,0.011857211589813232,0.009017701260745525
mlp_3x200_relu,5,1,197,0.011858540587127209,0.009018376469612122
mlp_3x200_relu,5,1,198,0.011857081204652786,0.00901859812438488
mlp_3x200_relu,5,1,199,0.011858322657644749,0.009017668664455414
mlp_3x200_relu,5,1,200,0.01185924094170332,0.00901894923299551
mlp_3x200_relu,5,5,1,0.026431474834680557,0.004162763245403767
mlp_3x200_relu,5,5,2,0.0055131735280156136,0.004163752309978008
mlp_3x200_relu,5,5,3,0.00551048805937171,0.0041650813072919846
mlp_3x200_relu,5,5,4,0.00550973741337657,0.004164706449955702
mlp_3x200_relu,5,5,5,0.005509452428668737,0.0041658529080450535
mlp_3x200_relu,5,5,6,0.005509641952812672,0.004165958147495985
mlp_3x200_relu,5,5,7,0.005509708542376757,0.004165121354162693
mlp_3x200_relu,5,5,8,0.005509933456778526,0.004164479207247496
mlp_3x200_relu,5,5,9,0.005510114599019289,0.00416527409106493
mlp_3x200_relu,5,5,10,0.00550934998318553,0.004164867103099823
mlp_3x200_relu,5,5,11,0.00550943473353982,0.004164965357631445
mlp_3x200_relu,5,5,12,0.005509618204087019,0.004165121354162693
mlp_3x200_relu,5,5,13,0.005509893875569105,0.004167000763118267
mlp_3x200_relu,5,5,14,0.005509618669748306,0.0041664945892989635
mlp_3x200_relu,5,5,15,0.005510183982551098,0.00416526710614562
mlp_3x200_relu,5,5,16,0.005510765127837658,0.004168014507740736
mlp_3x200_relu,5,5,17,0.005510468501597643,0.004166433587670326
mlp_3x200_relu,5,5,18,0.005510297138243914,0.004167248494923115
mlp_3x200_relu,5,5,19,0.005510143004357815,0.004167177248746157
mlp_3x200_relu,5,5,20,0.005509672220796347,0.004165947902947664
mlp_3x200_relu,5,5,21,0.005509962793439627,0.004166513215750456
mlp_3x200_relu,5,5,22,0.0055101970210671425,0.004165502265095711
mlp_3x200_relu,5,5,23,0.005510412622243166,0.004166081082075834
mlp_3x200_relu,5,5,24,0.0055096885189414024,0.004165292251855135
mlp_3x200_relu,5,5,25,0.005510720890015364,0.0041666035540401936
mlp_3x200_relu,5,5,26,0.00551045686006546,0.004165415186434984
mlp_3x200_relu,5,5,27,0.005509222391992807,0.004166041500866413
mlp_3x200_relu,5,5,28,0.005510307848453522,0.004166901111602783
mlp_3x200_relu,5,5,29,0.005509939976036549,0.004165113903582096
mlp_3x200_relu,5,5,30,0.005510061979293823,0.0041671022772789
mlp_3x200_relu,5,5,31,0.005509868264198303,0.004166325554251671
mlp_3x200_relu,5,5,32,0.00550956092774868,0.004166129045188427
mlp_3x200_relu,5,5,33,0.005509409122169018,0.004165767692029476
mlp_3x200_relu,5,5,34,0.005510405171662569,0.004165897611528635
mlp_3x200_relu,5,5,35,0.0055097658187150955,0.0041652824729681015
mlp_3x200_relu,5,5,36,0.005511088762432337,0.004165418446063995
mlp_3x200_relu,5,5,37,0.005510508548468351,0.004164399579167366
mlp_3x200_relu,5,5,38,0.00550966477021575,0.004166160710155964
mlp_3x200_relu,5,5,39,0.0055101471953094006,0.004165307618677616
mlp_3x200_relu,5,5,40,0.005510978400707245,0.004165984690189362
mlp_3x200_relu,5,5,41,0.0055097900331020355,0.004167110193520784
mlp_3x200_relu,5,5,42,0.005509869195520878,0.004165326245129108
mlp_3x200_relu,5,5,43,0.005509967915713787,0.004166635684669018
mlp_3x200_relu,5,5,44,0.005509520880877972,0.004164467100054026
mlp_3x200_relu,5,5,45,0.005510126706212759,0.0041666231118142605
mlp_3x200_relu,5,5,46,0.005510134156793356,0.0041654473170638084
mlp_3x200_relu,5,5,47,0.005510848481208086,0.00416402705013752
mlp_3x200_relu,5,5,48,0.005509608890861273,0.004165636841207743
mlp_3x200_relu,5,5,49,0.005510339979082346,0.0041639660485088825
mlp_3x200_relu,5,5,50,0.005509417969733477,0.004164500627666712
mlp_3x200_relu,5,5,51,0.005510498303920031,0.004165222868323326
mlp_3x200_relu,5,5,52,0.005509771406650543,0.004164798650890589
mlp_3x200_relu,5,5,53,0.005510061047971249,0.004164868965744972
mlp_3x200_relu,5,5,54,0.0055100759491324425,0.004164885729551315
mlp_3x200_relu,5,5,55,0.005509685724973679,0.004165665712207556
mlp_3x200_relu,5,5,56,0.005510624963790178,0.004164092242717743
mlp_3x200_relu,5,5,57,0.005510280374437571,0.004165361635386944
mlp_3x200_relu,5,5,58,0.005510255228728056,0.004165139980614185
mlp_3x200_relu,5,5,59,0.005510527640581131,0.00416339747607708
mlp_3x200_relu,5,5,60,0.005509987939149141,0.004163958597928286
mlp_3x200_relu,5,5,61,0.005510380491614342,0.004164625890552998
mlp_3x200_relu,5,5,62,0.005509701557457447,0.004163981415331364
mlp_3x200_relu,5,5,63,0.005509899463504553,0.004164102952927351
mlp_3x200_relu,5,5,64,0.005510231945663691,0.004165425430983305
mlp_3x200_relu,5,5,65,0.00551034277305007,0.00416498351842165
mlp_3x200_relu,5,5,66,0.005510005168616772,0.004164909478276968
mlp_3x200_relu,5,5,67,0.005510036833584309,0.004164536949247122
mlp_3x200_relu,5,5,68,0.005509895272552967,0.004164000041782856
mlp_3x200_relu,5,5,69,0.005510637070983648,0.004165808670222759
mlp_3x200_relu,5,5,70,0.005510096903890371,0.0041636205278337
mlp_3x200_relu,5,5,71,0.005510191898792982,0.004164015408605337
mlp_3x200_relu,5,5,72,0.005510016344487667,0.004164420999586582
mlp_3x200_relu,5,5,73,0.0055100275203585625,0.0041641793213784695
mlp_3x200_relu,5,5,74,0.005510678980499506,0.004164678975939751
mlp_3x200_relu,5,5,75,0.005509980022907257,0.00416426919400692
mlp_3x200_relu,5,5,76,0.005510771181434393,0.004165186546742916
mlp_3x200_relu,5,5,77,0.005510400515049696,0.004164522513747215
mlp_3x200_relu,5,5,78,0.005509679205715656,0.004164309706538916
mlp_3x200_relu,5,5,79,0.005510582122951746,0.004164073150604963
mlp_3x200_relu,5,5,80,0.005509548354893923,0.004165377933532
mlp_3x200_relu,5,5,81,0.00551063846796751,0.0041654519736766815
mlp_3x200_relu,5,5,82,0.005509576294571161,0.00416379701346159
mlp_3x200_relu,5,5,83,0.005509997718036175,0.004164970479905605
mlp_3x200_relu,5,5,84,0.005510303657501936,0.004164963494986296
mlp_3x200_relu,5,5,85,0.005510631483048201,0.00416466873139143
mlp_3x200_relu,5,5,86,0.005510075017809868,0.004164783749729395
mlp_3x200_relu,5,5,87,0.005509683862328529,0.004163795150816441
mlp_3x200_relu,5,5,88,0.005510508548468351,0.004164481069892645
mlp_3x200_relu,5,5,89,0.005510329268872738,0.004164219833910465
mlp_3x200_relu,5,5,90,0.005510191898792982,0.004164672922343016
mlp_3x200_relu,5,5,91,0.005511010996997356,0.004163744859397411
mlp_3x200_relu,5,5,92,0.0055107432417571545,0.004165203310549259
mlp_3x200_relu,5,5,93,0.005510300397872925,0.0041636270470917225
mlp_3x200_relu,5,5,94,0.005510704126209021,0.004164107143878937
mlp_3x200_relu,5,5,95,0.005509861279278994,0.004164592828601599
mlp_3x200_relu,5,5,96,0.0055100079625844955,0.004164621699601412
mlp_3x200_relu,5,5,97,0.0055105541832745075,0.004164275713264942
mlp_3x200_relu,5,5,98,0.005509637761861086,0.004164297133684158
mlp_3x200_relu,5,5,99,0.005510031245648861,0.004164642188698053
mlp_3x200_relu,5,5,100,0.005509096663445234,0.00416418956592679
mlp_3x200_relu,5,5,101,0.005510115064680576,0.004164420068264008
mlp_3x200_relu,5,5,102,0.005509973969310522,0.004164685495197773
mlp_3x200_relu,5,5,103,0.005509899463504553,0.004165067337453365
mlp_3x200_relu,5,5,104,0.005510070361196995,0.004164070822298527
mlp_3x200_relu,5,5,105,0.005510037299245596,0.004164806567132473
mlp_3x200_relu,5,5,106,0.00550973042845726,0.004163960460573435
mlp_3x200_relu,5,5,107,0.005510839633643627,0.004165693186223507
mlp_3x200_relu,5,5,108,0.005509872455149889,0.004164891317486763
mlp_3x200_relu,5,5,109,0.005510151851922274,0.004165072925388813
mlp_3x200_relu,5,5,110,0.005509998649358749,0.004165059886872768
mlp_3x200_relu,5,5,111,0.005510086193680763,0.0041640037670731544
mlp_3x200_relu,5,5,112,0.005509824026376009,0.004165651276707649
mlp_3x200_relu,5,5,113,0.005510235670953989,0.004164305981248617
mlp_3x200_relu,5,5,114,0.005510013550519943,0.00416544871404767
mlp_3x200_relu,5,5,115,0.005510346964001656,0.004164018202573061
mlp_3x200_relu,5,5,116,0.005510059650987387,0.00416523264721036
mlp_3x200_relu,5,5,117,0.005510122049599886,0.004164710175246
mlp_3x200_relu,5,5,118,0.0055109416134655476,0.004164513666182756
mlp_3x200_relu,5,5,119,0.00550960935652256,0.004165382590144873
mlp_3x200_relu,5,5,120,0.00551027525216341,0.004164889920502901
mlp_3x200_relu,5,5,121,0.005509664304554462,0.004165064077824354
mlp_3x200_relu,5,5,122,0.005510091315954924,0.004165274556726217
mlp_3x200_relu,5,5,123,0.00551042053848505,0.004164453595876694
mlp_3x200_relu,5,5,124,0.00551033578813076,0.004163406323641539
mlp_3x200_relu,5,5,125,0.005510415881872177,0.004164430778473616
mlp_3x200_relu,5,5,126,0.005509788636118174,0.004164573270827532
mlp_3x200_relu,5,5,127,0.005510279443114996,0.0041647679172456264
mlp_3x200_relu,5,5,128,0.005510452203452587,0.004163704812526703
mlp_3x200_relu,5,5,129,0.00550966477021575,0.004164452198892832
mlp_3x200_relu,5,5,130,0.005510119255632162,0.004164690151810646
mlp_3x200_relu,5,5,131,0.005510497372597456,0.004164166748523712
mlp_3x200_relu,5,5,132,0.005509956274181604,0.0041651055216789246
mlp_3x200_relu,5,5,133,0.005509952083230019,0.004165225196629763
mlp_3x200_relu,5,5,134,0.005510305054485798,0.004164751153439283
mlp_3x200_relu,5,5,135,0.005509933456778526,0.004163044039160013
mlp_3x200_relu,5,5,136,0.005510236602276564,0.004164534620940685
mlp_3x200_relu,5,5,137,0.005510146729648113,0.004164592362940311
mlp_3x200_relu,5,5,138,0.005510379560291767,0.0041638934053480625
mlp_3x200_relu,5,5,139,0.005510179791599512,0.004165749531239271
mlp_3x200_relu,5,5,140,0.005510243587195873,0.004165048711001873
mlp_3x200_relu,5,5,141,0.005510303657501936,0.004164363723248243
mlp_3x200_relu,5,5,142,0.0055101895704865456,0.004165177699178457
mlp_3x200_relu,5,5,143,0.0055100759491324425,0.004164367914199829
mlp_3x200_relu,5,5,144,0.005510498303920031,0.004164397716522217
mlp_3x200_relu,5,5,145,0.005509553477168083,0.004163976758718491
mlp_3x200_relu,5,5,146,0.005509292706847191,0.0041643050499260426
mlp_3x200_relu,5,5,147,0.0055097294971346855,0.004164200741797686
mlp_3x200_relu,5,5,148,0.005509715992957354,0.004164410755038261
mlp_3x200_relu,5,5,149,0.0055104331113398075,0.004165091551840305
mlp_3x200_relu,5,5,150,0.005510601215064526,0.004166589118540287
mlp_3x200_relu,5,5,151,0.005510860588401556,0.004165330436080694
mlp_3x200_relu,5,5,152,0.005510217510163784,0.0041634077206254005
mlp_3x200_relu,5,5,153,0.0055101364850997925,0.004165444988757372
mlp_3x200_relu,5,5,154,0.005510019604116678,0.004164823796600103
mlp_3x200_relu,5,5,155,0.0055096810683608055,0.004164409823715687
mlp_3x200_relu,5,5,156,0.005511172115802765,0.004163982812315226
mlp_3x200_relu,5,5,157,0.0055101290345191956,0.004164484795182943
mlp_3x200_relu,5,5,158,0.005510174669325352,0.004164339974522591
mlp_3x200_relu,5,5,159,0.005509904585778713,0.004163771402090788
mlp_3x200_relu,5,5,160,0.005510454066097736,0.004165263380855322
mlp_3x200_relu,5,5,161,0.005509872455149889,0.004164666403084993
mlp_3x200_relu,5,5,162,0.005510515999048948,0.004164667800068855
mlp_3x200_relu,5,5,163,0.0055097253061831,0.004164875950664282
mlp_3x200_relu,5,5,164,0.0055096084251999855,0.004164411686360836
mlp_3x200_relu,5,5,165,0.005509837530553341,0.004165722522884607
mlp_3x200_relu,5,5,166,0.005510400980710983,0.004163794219493866
mlp_3x200_relu,5,5,167,0.005510114133358002,0.004164143931120634
mlp_3x200_relu,5,5,168,0.0055100442841649055,0.004164660349488258
mlp_3x200_relu,5,5,169,0.005510420072823763,0.00416539004072547
mlp_3x200_relu,5,5,170,0.005510611925274134,0.004164109006524086
mlp_3x200_relu,5,5,171,0.0055109537206590176,0.004164229147136211
mlp_3x200_relu,5,5,172,0.005509466864168644,0.004164481535553932
mlp_3x200_relu,5,5,173,0.005510615184903145,0.00416465662419796
mlp_3x200_relu,5,5,174,0.00550999166443944,0.004165070131421089
mlp_3x200_relu,5,5,175,0.005509811453521252,0.004164339043200016
mlp_3x200_relu,5,5,176,0.005510238930583,0.004166004713624716
mlp_3x200_relu,5,5,177,0.005510708782821894,0.004164749290794134
mlp_3x200_relu,5,5,178,0.005509802605956793,0.004164764191955328
mlp_3x200_relu,5,5,179,0.005509721580892801,0.004164061974734068
mlp_3x200_relu,5,5,180,0.005509958602488041,0.004164824727922678
mlp_3x200_relu,5,5,181,0.0055107478983700275,0.004164597485214472
mlp_3x200_relu,5,5,182,0.005509566515684128,0.00416404427960515
mlp_3x200_relu,5,5,183,0.005509601905941963,0.0041647544130682945
mlp_3x200_relu,5,5,184,0.005510436370968819,0.004164224956184626
mlp_3x200_relu,5,5,185,0.005510461982339621,0.004165224730968475
mlp_3x200_relu,5,5,186,0.005510935094207525,0.0041647981852293015
mlp_3x200_relu,5,5,187,0.005509981419891119,0.004166153259575367
mlp_3x200_relu,5,5,188,0.0055107735097408295,0.004163086414337158
mlp_3x200_relu,5,5,189,0.005509331356734037,0.004165186546742916
mlp_3x200_relu,5,5,190,0.005510421469807625,0.004165187943726778
mlp_3x200_relu,5,5,191,0.005510270595550537,0.004164651036262512
mlp_3x200_relu,5,5,192,0.005510222166776657,0.004164312034845352
mlp_3x200_relu,5,5,193,0.005509907379746437,0.004164799582213163
mlp_3x200_relu,5,5,194,0.0055100093595683575,0.0041640703566372395
mlp_3x200_relu,5,5,195,0.005509952083230019,0.0041639371775090694
mlp_3x200_relu,5,5,196,0.005510111805051565,0.0041644577868282795
mlp_3x200_relu,5,5,197,0.005510400515049696,0.004165073856711388
mlp_3x200_relu,5,5,198,0.005509886424988508,0.004164590500295162
mlp_3x200_relu,5,5,199,0.0055105737410485744,0.004163311328738928
mlp_3x200_relu,5,5,200,0.005510438699275255,0.004165073856711388
mlp_3x200_relu,5,30,1,0.024459002539515495,0.0017793053993955255
mlp_3x200_relu,5,30,2,0.0022993984166532755,0.0017683225451037288
mlp_3x200_relu,5,30,3,0.002294715493917465,0.001769862836226821
mlp_3x200_relu,5,30,4,0.0022938752081245184,0.0017704018391668797
mlp_3x200_relu,5,30,5,0.002292950637638569,0.0017724443459883332
mlp_3x200_relu,5,30,6,0.002292652614414692,0.0017720455070957541
mlp_3x200_relu,5,30,7,0.00229209428653121,0.0017720917239785194
mlp_3x200_relu,5,30,8,0.0022919701877981424,0.001771276816725731
mlp_3x200_relu,5,30,9,0.002291920594871044,0.0017709214007481933
mlp_3x200_relu,5,30,10,0.0022914865985512733,0.0017713448032736778
mlp_3x200_relu,5,30,11,0.002291282871738076,0.0017717028968036175
mlp_3x200_relu,5,30,12,0.0022914086002856493,0.0017717909067869186
mlp_3x200_relu,5,30,13,0.002291429787874222,0.0017718427116051316
mlp_3x200_relu,5,30,14,0.0022909953258931637,0.001773074851371348
mlp_3x200_relu,5,30,15,0.002291046315804124,0.001771850511431694
mlp_3x200_relu,5,30,16,0.0022910647094249725,0.001771343406289816
mlp_3x200_relu,5,30,17,0.0022909471299499273,0.001771766459569335
mlp_3x200_relu,5,30,18,0.002291023964062333,0.0017725307261571288
mlp_3x200_relu,5,30,19,0.0022909720428287983,0.0017722249031066895
mlp_3x200_relu,5,30,20,0.0022910679690539837,0.0017714101122692227
mlp_3x200_relu,5,30,21,0.002291058422997594,0.0017720768228173256
mlp_3x200_relu,5,30,22,0.0022907631937414408,0.0017722148913890123
mlp_3x200_relu,5,30,23,0.002290994394570589,0.0017716316506266594
mlp_3x200_relu,5,30,24,0.002290812786668539,0.0017719018505886197
mlp_3x200_relu,5,30,25,0.002290728036314249,0.0017715573776513338
mlp_3x200_relu,5,30,26,0.0022908200044184923,0.001771882176399231
mlp_3x200_relu,5,30,27,0.0022906996309757233,0.0017721173353493214
mlp_3x200_relu,5,30,28,0.0022908877581357956,0.0017712845001369715
mlp_3x200_relu,5,30,29,0.0022906805388629436,0.0017718590097501874
mlp_3x200_relu,5,30,30,0.0022908197715878487,0.001772706862539053
mlp_3x200_relu,5,30,31,0.0022909180261194706,0.0017724204808473587
mlp_3x200_relu,5,30,32,0.002290896140038967,0.0017720551695674658
mlp_3x200_relu,5,30,33,0.002290924545377493,0.001772634801454842
mlp_3x200_relu,5,30,34,0.0022907413076609373,0.0017715079011395574
mlp_3x200_relu,5,30,35,0.0022905573714524508,0.0017716075526550412
mlp_3x200_relu,5,30,36,0.0022906186059117317,0.001771747600287199
mlp_3x200_relu,5,30,37,0.0022908756509423256,0.001771361567080021
mlp_3x200_relu,5,30,38,0.002290853066369891,0.0017711359541863203
mlp_3x200_relu,5,30,39,0.0022906081285327673,0.0017712010303512216
mlp_3x200_relu,5,30,40,0.0022905899677425623,0.0017713793786242604
mlp_3x200_relu,5,30,41,0.002290767151862383,0.0017724643694236875
mlp_3x200_relu,5,30,42,0.002290880773216486,0.0017719193128868937
mlp_3x200_relu,5,30,43,0.0022910984698683023,0.001771715935319662
mlp_3x200_relu,5,30,44,0.0022905569057911634,0.0017724611097946763
mlp_3x200_relu,5,30,45,0.00229094666428864,0.0017720946343615651
mlp_3x200_relu,5,30,46,0.002290707780048251,0.0017709470121189952
mlp_3x200_relu,5,30,47,0.0022904977668076754,0.0017714225687086582
mlp_3x200_relu,5,30,48,0.002290950855240226,0.0017726229270920157
mlp_3x200_relu,5,30,49,0.002290884032845497,0.0017716011498123407
mlp_3x200_relu,5,30,50,0.002290638629347086,0.0017713370034471154
mlp_3x200_relu,5,30,51,0.002290909644216299,0.001772363088093698
mlp_3x200_relu,5,30,52,0.002290847711265087,0.0017726907972246408
mlp_3x200_relu,5,30,53,0.002290886826813221,0.0017715956782922149
mlp_3x200_relu,5,30,54,0.0022908567916601896,0.001772503019310534
mlp_3x200_relu,5,30,55,0.0022908791434019804,0.0017718387534841895
mlp_3x200_relu,5,30,56,0.0022907427046447992,0.0017705553909763694
mlp_3x200_relu,5,30,57,0.0022905592340976,0.0017719408497214317
mlp_3x200_relu,5,30,58,0.0022907492239028215,0.0017716666916385293
mlp_3x200_relu,5,30,59,0.0022909375838935375,0.001771703828126192
mlp_3x200_relu,5,30,60,0.002290826989337802,0.0017721817130222917
mlp_3x200_relu,5,30,61,0.0022908824030309916,0.0017729608807712793
mlp_3x200_relu,5,30,62,0.0022909233812242746,0.0017725970828905702
mlp_3x200_relu,5,30,63,0.002291095210239291,0.0017717210575938225
mlp_3x200_relu,5,30,64,0.0022907424718141556,0.0017716200090944767
mlp_3x200_relu,5,30,65,0.00229098298586905,0.001771522336639464
mlp_3x200_relu,5,30,66,0.002290676813572645,0.0017720418982207775
mlp_3x200_relu,5,30,67,0.0022910628467798233,0.0017723886994645
mlp_3x200_relu,5,30,68,0.0022912095300853252,0.0017719557508826256
mlp_3x200_relu,5,30,69,0.0022908030077815056,0.0017717874143272638
mlp_3x200_relu,5,30,70,0.002290331060066819,0.0017720276955515146
mlp_3x200_relu,5,30,71,0.002290690317749977,0.0017719860188663006
mlp_3x200_relu,5,30,72,0.002290621865540743,0.001770636299625039
mlp_3x200_relu,5,30,73,0.002290863310918212,0.0017712577246129513
mlp_3x200_relu,5,30,74,0.002290721284225583,0.0017716812435537577
mlp_3x200_relu,5,30,75,0.0022908521350473166,0.0017706900835037231
mlp_3x200_relu,5,30,76,0.002290810691192746,0.0017714842688292265
mlp_3x200_relu,5,30,77,0.0022906975354999304,0.0017716173315420747
mlp_3x200_relu,5,30,78,0.00229088868945837,0.0017710125539451838
mlp_3x200_relu,5,30,79,0.00229093199595809,0.0017718593589961529
mlp_3x200_relu,5,30,80,0.002290843753144145,0.0017708035884425044
mlp_3x200_relu,5,30,81,0.0022904507350176573,0.0017721692565828562
mlp_3x200_relu,5,30,82,0.002290518255904317,0.001771070179529488
mlp_3x200_relu,5,30,83,0.0022905771620571613,0.0017711975378915668
mlp_3x200_relu,5,30,84,0.002290965523570776,0.0017716457368806005
mlp_3x200_relu,5,30,85,0.00229083769954741,0.001772661809809506
mlp_3x200_relu,5,30,86,0.0022909839171916246,0.001772053074091673
mlp_3x200_relu,5,30,87,0.002290604403242469,0.001771801384165883
mlp_3x200_relu,5,30,88,0.0022907364182174206,0.0017718059243634343
mlp_3x200_relu,5,30,89,0.0022907177917659283,0.0017715799622237682
mlp_3x200_relu,5,30,90,0.0022911217529326677,0.0017718083690851927
mlp_3x200_relu,5,30,91,0.0022906367667019367,0.0017720174510031939
mlp_3x200_relu,5,30,92,0.002290814882144332,0.001771243754774332
mlp_3x200_relu,5,30,93,0.002291045617312193,0.0017720271134749055
mlp_3x200_relu,5,30,94,0.0022909517865628004,0.0017714736750349402
mlp_3x200_relu,5,30,95,0.002290706615895033,0.00177162850741297
mlp_3x200_relu,5,30,96,0.0022908144164830446,0.0017716600559651852
mlp_3x200_relu,5,30,97,0.002290818141773343,0.0017716340953484178
mlp_3x200_relu,5,30,98,0.0022905240766704082,0.0017716892762109637
mlp_3x200_relu,5,30,99,0.00229075038805604,0.0017718380549922585
mlp_3x200_relu,5,30,100,0.002290950156748295,0.001771964249201119
mlp_3x200_relu,5,30,101,0.0022907741367816925,0.001771492650732398
mlp_3x200_relu,5,30,102,0.0022907890379428864,0.0017720656469464302
mlp_3x200_relu,5,30,103,0.0022907399106770754,0.0017709977691993117
mlp_3x200_relu,5,30,104,0.0022905366495251656,0.0017710203537717462
mlp_3x200_relu,5,30,105,0.0022908858954906464,0.0017719129100441933
mlp_3x200_relu,5,30,106,0.0022907431703060865,0.0017711224500089884
mlp_3x200_relu,5,30,107,0.0022905918303877115,0.0017714786808937788
mlp_3x200_relu,5,30,108,0.002291264245286584,0.0017719179159030318
mlp_3x200_relu,5,30,109,0.0022906826343387365,0.0017718228045850992
mlp_3x200_relu,5,30,110,0.002290839795023203,0.0017717416631057858
mlp_3x200_relu,5,30,111,0.00229076249524951,0.00177195412106812
mlp_3x200_relu,5,30,112,0.002291141077876091,0.0017717289738357067
mlp_3x200_relu,5,30,113,0.002290882868692279,0.0017712932312861085
mlp_3x200_relu,5,30,114,0.0022912209387868643,0.001772277057170868
mlp_3x200_relu,5,30,115,0.0022910141851752996,0.0017718413146212697
mlp_3x200_relu,5,30,116,0.002290890784934163,0.0017711223335936666
mlp_3x200_relu,5,30,117,0.0022906314115971327,0.001772077172063291
mlp_3x200_relu,5,30,118,0.0022908479440957308,0.0017721696058288217
mlp_3x200_relu,5,30,119,0.002290989039465785,0.0017720410833135247
mlp_3x200_relu,5,30,120,0.002290763659402728,0.0017712658736854792
mlp_3x200_relu,5,30,121,0.002290650038048625,0.0017719099996611476
mlp_3x200_relu,5,30,122,0.0022907331585884094,0.0017715098802000284
mlp_3x200_relu,5,30,123,0.002290666801854968,0.0017712712287902832
mlp_3x200_relu,5,30,124,0.0022907585371285677,0.0017706644721329212
mlp_3x200_relu,5,30,125,0.0022907243110239506,0.0017710131360217929
mlp_3x200_relu,5,30,126,0.0022910169791430235,0.0017725786892697215
mlp_3x200_relu,5,30,127,0.00229088612832129,0.0017712991684675217
mlp_3x200_relu,5,30,128,0.0022909187246114016,0.0017720266478136182
mlp_3x200_relu,5,30,129,0.002290688920766115,0.001772722927853465
mlp_3x200_relu,5,30,130,0.0022906672675162554,0.0017707294318825006
mlp_3x200_relu,5,30,131,0.002290816744789481,0.0017718968447297812
mlp_3x200_relu,5,30,132,0.0022910074330866337,0.0017720055766403675
mlp_3x200_relu,5,30,133,0.002291076583787799,0.0017720439936965704
mlp_3x200_relu,5,30,134,0.002290650038048625,0.001771581475622952
mlp_3x200_relu,5,30,135,0.0022906893864274025,0.001771439565345645
mlp_3x200_relu,5,30,136,0.0022904635407030582,0.0017713515553623438
mlp_3x200_relu,5,30,137,0.002290613716468215,0.0017718409653753042
mlp_3x200_relu,5,30,138,0.002291010692715645,0.0017728455131873488
mlp_3x200_relu,5,30,139,0.0022908358369022608,0.0017720652977004647
mlp_3x200_relu,5,30,140,0.0022906691301614046,0.0017712543485686183
mlp_3x200_relu,5,30,141,0.0022906786762177944,0.0017713282722979784
mlp_3x200_relu,5,30,142,0.0022905762307345867,0.00177086575422436
mlp_3x200_relu,5,30,143,0.0022905643563717604,0.0017719516763463616
mlp_3x200_relu,5,30,144,0.0022909725084900856,0.0017718536546453834
mlp_3x200_relu,5,30,145,0.0022908891551196575,0.0017721537733450532
mlp_3x200_relu,5,30,146,0.002290839096531272,0.001770980074070394
mlp_3x200_relu,5,30,147,0.0022906018421053886,0.001771241775713861
mlp_3x200_relu,5,30,148,0.0022905112709850073,0.0017717620357871056
mlp_3x200_relu,5,30,149,0.002290966222062707,0.0017720325849950314
mlp_3x200_relu,5,30,150,0.002290921052917838,0.0017715555150061846
mlp_3x200_relu,5,30,151,0.0022910016123205423,0.0017713801935315132
mlp_3x200_relu,5,30,152,0.0022907720413058996,0.0017705601640045643
mlp_3x200_relu,5,30,153,0.002290927106514573,0.0017718059243634343
mlp_3x200_relu,5,30,154,0.002290948759764433,0.0017722159391269088
mlp_3x200_relu,5,30,155,0.0022908097598701715,0.001771532348357141
mlp_3x200_relu,5,30,156,0.0022910037077963352,0.0017723515629768372
mlp_3x200_relu,5,30,157,0.0022906640078872442,0.0017714512068778276
mlp_3x200_relu,5,30,158,0.0022906027734279633,0.0017709708772599697
mlp_3x200_relu,5,30,159,0.0022905899677425623,0.0017717777518555522
mlp_3x200_relu,5,30,160,0.0022907995153218508,0.0017716290894895792
mlp_3x200_relu,5,30,161,0.0022908076643943787,0.0017720588948577642
mlp_3x200_relu,5,30,162,0.0022909201215952635,0.0017715665744617581
mlp_3x200_relu,5,30,163,0.002290846547111869,0.0017716640140861273
mlp_3x200_relu,5,30,164,0.0022908025421202183,0.00177257030736655
mlp_3x200_relu,5,30,165,0.0022910693660378456,0.001771561917848885
mlp_3x200_relu,5,30,166,0.0022909599356353283,0.0017716943984851241
mlp_3x200_relu,5,30,167,0.0022908844985067844,0.001771575422026217
mlp_3x200_relu,5,30,168,0.002290636533871293,0.001771539798937738
mlp_3x200_relu,5,30,169,0.002290581353008747,0.0017717862501740456
mlp_3x200_relu,5,30,170,0.002290870761498809,0.0017713403794914484
mlp_3x200_relu,5,30,171,0.0022909734398126602,0.0017718143062666059
mlp_3x200_relu,5,30,172,0.002290796022862196,0.0017726948717609048
mlp_3x200_relu,5,30,173,0.0022908065002411604,0.001771613140590489
mlp_3x200_relu,5,30,174,0.0022910097613930702,0.0017717769369482994
mlp_3x200_relu,5,30,175,0.002290812088176608,0.001771925250068307
mlp_3x200_relu,5,30,176,0.0022910060361027718,0.0017712283879518509
mlp_3x200_relu,5,30,177,0.0022907406091690063,0.0017718292074277997
mlp_3x200_relu,5,30,178,0.002290676347911358,0.001770844217389822
mlp_3x200_relu,5,30,179,0.002290745498612523,0.0017720769392326474
mlp_3x200_relu,5,30,180,0.0022911110427230597,0.0017713475972414017
mlp_3x200_relu,5,30,181,0.002290536416694522,0.0017716867150738835
mlp_3x200_relu,5,30,182,0.002290689619258046,0.00177124107722193
mlp_3x200_relu,5,30,183,0.0022907848469913006,0.0017719237366691232
mlp_3x200_relu,5,30,184,0.002290713135153055,0.0017710452666506171
mlp_3x200_relu,5,30,185,0.002291006501764059,0.001771500683389604
mlp_3x200_relu,5,30,186,0.002290563890710473,0.0017709777457639575
mlp_3x200_relu,5,30,187,0.0022907464299350977,0.0017712897388264537
mlp_3x200_relu,5,30,188,0.0022907110396772623,0.0017711451509967446
mlp_3x200_relu,5,30,189,0.002290522214025259,0.0017714769346639514
mlp_3x200_relu,5,30,190,0.0022907189559191465,0.0017718086019158363
mlp_3x200_relu,5,30,191,0.0022909892722964287,0.0017712224507704377
mlp_3x200_relu,5,30,192,0.002290429314598441,0.0017719955649226904
mlp_3x200_relu,5,30,193,0.002290769712999463,0.0017713974229991436
mlp_3x200_relu,5,30,194,0.0022906200028955936,0.001770089496858418
mlp_3x200_relu,5,30,195,0.0022906367667019367,0.0017713120905682445
mlp_3x200_relu,5,30,196,0.002290663542225957,0.0017714290879666805
mlp_3x200_relu,5,30,197,0.002290851203724742,0.0017715705325827003
mlp_3x200_relu,5,30,198,0.002290644682943821,0.0017721171025186777
mlp_3x200_relu,5,30,199,0.002290962031111121,0.001771821640431881
mlp_3x200_relu,5,30,200,0.00229095877148211,0.001771209528669715
mlp_3x200_relu,5,90,1,0.024118438363075256,0.001108597032725811
mlp_3x200_relu,5,90,2,0.0014518552925437689,0.0010348359355702996
mlp_3x200_relu,5,90,3,0.0014418282080441713,0.0010342017048969865
mlp_3x200_relu,5,90,4,0.0014352939324453473,0.0010318717686459422
mlp_3x200_relu,5,90,5,0.0014319011243060231,0.0010313285747542977
mlp_3x200_relu,5,90,6,0.001429193653166294,0.0010318484855815768
mlp_3x200_relu,5,90,7,0.00142830447293818,0.0010313516249880195
mlp_3x200_relu,5,90,8,0.0014269906096160412,0.001029337989166379
mlp_3x200_relu,5,90,9,0.0014262712793424726,0.0010316615225747228
mlp_3x200_relu,5,90,10,0.0014258860610425472,0.001031129970215261
mlp_3x200_relu,5,90,11,0.0014254688285291195,0.001032925327308476
mlp_3x200_relu,5,90,12,0.0014253314584493637,0.0010301583679392934
mlp_3x200_relu,5,90,13,0.0014251969987526536,0.0010319661814719439
mlp_3x200_relu,5,90,14,0.0014244699850678444,0.001030441839247942
mlp_3x200_relu,5,90,15,0.0014248044462874532,0.001033180276863277
mlp_3x200_relu,5,90,16,0.001424238900654018,0.00103242218028754
mlp_3x200_relu,5,90,17,0.0014248378574848175,0.0010333877289667726
mlp_3x200_relu,5,90,18,0.0014241829048842192,0.0010307984193786979
mlp_3x200_relu,5,90,19,0.001424062647856772,0.0010315291583538055
mlp_3x200_relu,5,90,20,0.0014243768528103828,0.0010298690758645535
mlp_3x200_relu,5,90,21,0.001423692679964006,0.0010328724747523665
mlp_3x200_relu,5,90,22,0.0014242929173633456,0.0010305352043360472
mlp_3x200_relu,5,90,23,0.0014243503101170063,0.0010328339412808418
mlp_3x200_relu,5,90,24,0.0014234045520424843,0.0010302121518179774
mlp_3x200_relu,5,90,25,0.0014246675418689847,0.0010337976273149252
mlp_3x200_relu,5,90,26,0.00142424285877496,0.0010332834208384156
mlp_3x200_relu,5,90,27,0.0014241549652069807,0.0010303122689947486
mlp_3x200_relu,5,90,28,0.0014242527540773153,0.0010335752740502357
mlp_3x200_relu,5,90,29,0.0014237150317057967,0.0010290266945958138
mlp_3x200_relu,5,90,30,0.0014242071192711592,0.0010336341802030802
mlp_3x200_relu,5,90,31,0.0014239043230190873,0.001032138941809535
mlp_3x200_relu,5,90,32,0.001423957059159875,0.001035019289702177
mlp_3x200_relu,5,90,33,0.001423777430318296,0.0010314323008060455
mlp_3x200_relu,5,90,34,0.0014240414602681994,0.0010329412762075663
mlp_3x200_relu,5,90,35,0.001423811074346304,0.0010296255350112915
mlp_3x200_relu,5,90,36,0.0014240439049899578,0.0010333327809348702
mlp_3x200_relu,5,90,37,0.0014236602000892162,0.0010326659539714456
mlp_3x200_relu,5,90,38,0.0014239221345633268,0.0010327105410397053
mlp_3x200_relu,5,90,39,0.0014239577576518059,0.001032256055623293
mlp_3x200_relu,5,90,40,0.0014237710274755955,0.0010345909977331758
mlp_3x200_relu,5,90,41,0.0014240429736673832,0.00103085208684206
mlp_3x200_relu,5,90,42,0.0014238550793379545,0.0010334999533370137
mlp_3x200_relu,5,90,43,0.0014241739409044385,0.0010327345225960016
mlp_3x200_relu,5,90,44,0.0014240629971027374,0.0010340247536078095
mlp_3x200_relu,5,90,45,0.0014241411117836833,0.0010329674696549773
mlp_3x200_relu,5,90,46,0.0014241195749491453,0.0010341145098209381
mlp_3x200_relu,5,90,47,0.0014235606649890542,0.0010330076329410076
mlp_3x200_relu,5,90,48,0.0014245470520108938,0.0010353950783610344
mlp_3x200_relu,5,90,49,0.0014236264396458864,0.0010315065737813711
mlp_3x200_relu,5,90,50,0.0014243857003748417,0.001035534543916583
mlp_3x200_relu,5,90,51,0.0014237461145967245,0.0010316375410184264
mlp_3x200_relu,5,90,52,0.001423888374119997,0.001034105895087123
mlp_3x200_relu,5,90,53,0.0014239412266761065,0.0010318922577425838
mlp_3x200_relu,5,90,54,0.0014241825556382537,0.0010338227730244398
mlp_3x200_relu,5,90,55,0.001423693262040615,0.0010313838720321655
mlp_3x200_relu,5,90,56,0.0014240150339901447,0.0010338275460526347
mlp_3x200_relu,5,90,57,0.0014239402953535318,0.0010318770073354244
mlp_3x200_relu,5,90,58,0.0014236621791496873,0.0010328299831598997
mlp_3x200_relu,5,90,59,0.001423569512553513,0.0010293381055817008
mlp_3x200_relu,5,90,60,0.0014240167802199721,0.0010333361569792032
mlp_3x200_relu,5,90,61,0.0014236936112865806,0.0010319309076294303
mlp_3x200_relu,5,90,62,0.0014242753386497498,0.0010340627050027251
mlp_3x200_relu,5,90,63,0.001423401990905404,0.001031039748340845
mlp_3x200_relu,5,90,64,0.0014244898920878768,0.0010342758614569902
mlp_3x200_relu,5,90,65,0.0014235471608117223,0.0010304286843165755
mlp_3x200_relu,5,90,66,0.0014240044401958585,0.001033647102303803
mlp_3x200_relu,5,90,67,0.0014235845301300287,0.0010302362497895956
mlp_3x200_relu,5,90,68,0.0014236801071092486,0.0010325965704396367
mlp_3x200_relu,5,90,69,0.0014237702125683427,0.0010327310301363468
mlp_3x200_relu,5,90,70,0.001424174290150404,0.0010332365054637194
mlp_3x200_relu,5,90,71,0.0014240992022678256,0.0010319215944036841
mlp_3x200_relu,5,90,72,0.001424055197276175,0.0010328162461519241
mlp_3x200_relu,5,90,73,0.0014236281858757138,0.001031822874210775
mlp_3x200_relu,5,90,74,0.0014243796467781067,0.0010333622340112925
mlp_3x200_relu,5,90,75,0.001423810375854373,0.0010316878324374557
mlp_3x200_relu,5,90,76,0.0014242121251299977,0.0010337104322388768
mlp_3x200_relu,5,90,77,0.0014235873240977526,0.0010303567396476865
mlp_3x200_relu,5,90,78,0.001424095593392849,0.0010328307980671525
mlp_3x200_relu,5,90,79,0.0014238905860111117,0.0010292098158970475
mlp_3x200_relu,5,90,80,0.0014238273724913597,0.0010324319591745734
mlp_3x200_relu,5,90,81,0.0014241656754165888,0.0010337041458114982
mlp_3x200_relu,5,90,82,0.0014239668380469084,0.0010318279964849353
mlp_3x200_relu,5,90,83,0.0014239918673411012,0.0010337148560211062
mlp_3x200_relu,5,90,84,0.0014235838316380978,0.00103082531131804
mlp_3x200_relu,5,90,85,0.0014240635791793466,0.0010346748167648911
mlp_3x200_relu,5,90,86,0.0014237698633223772,0.0010317941196262836
mlp_3x200_relu,5,90,87,0.0014236769638955593,0.001033552922308445
mlp_3x200_relu,5,90,88,0.0014242943143472075,0.0010322931921109557
mlp_3x200_relu,5,90,89,0.0014239693991839886,0.0010330171789973974
mlp_3x200_relu,5,90,90,0.0014242384349927306,0.0010334487305954099
mlp_3x200_relu,5,90,91,0.0014239160809665918,0.0010324639733880758
mlp_3x200_relu,5,90,92,0.0014239397132769227,0.0010342388413846493
mlp_3x200_relu,5,90,93,0.001424112357199192,0.001033437205478549
mlp_3x200_relu,5,90,94,0.0014237380819395185,0.0010317980777472258
mlp_3x200_relu,5,90,95,0.0014240569435060024,0.0010331764351576567
mlp_3x200_relu,5,90,96,0.0014237827854231,0.0010311623336747289
mlp_3x200_relu,5,90,97,0.00142390257678926,0.0010339802829548717
mlp_3x200_relu,5,90,98,0.001423816429451108,0.0010319483699277043
mlp_3x200_relu,5,90,99,0.0014241436729207635,0.0010341982124373317
mlp_3x200_relu,5,90,100,0.0014239400625228882,0.0010311321821063757
mlp_3x200_relu,5,90,101,0.00142367510125041,0.0010326022747904062
mlp_3x200_relu,5,90,102,0.0014238640433177352,0.0010323463939130306
mlp_3x200_relu,5,90,103,0.0014237542636692524,0.001034268643707037
mlp_3x200_relu,5,90,104,0.001423977897502482,0.0010309346253052354
mlp_3x200_relu,5,90,105,0.0014233506517484784,0.0010320934234187007
mlp_3x200_relu,5,90,106,0.0014238855801522732,0.0010312091326341033
mlp_3x200_relu,5,90,107,0.0014239380834624171,0.0010341033339500427
mlp_3x200_relu,5,90,108,0.0014235355192795396,0.0010315104154869914
mlp_3x200_relu,5,90,109,0.001424302696250379,0.0010325043695047498
mlp_3x200_relu,5,90,110,0.001423741108737886,0.0010332955280318856
mlp_3x200_relu,5,90,111,0.0014239392476156354,0.0010305234463885427
mlp_3x200_relu,5,90,112,0.001423537265509367,0.0010338607244193554
mlp_3x200_relu,5,90,113,0.0014239703305065632,0.0010306736221536994
mlp_3x200_relu,5,90,114,0.0014242478646337986,0.0010336179984733462
mlp_3x200_relu,5,90,115,0.0014240078162401915,0.0010315177496522665
mlp_3x200_relu,5,90,116,0.001423681853339076,0.0010340784210711718
mlp_3x200_relu,5,90,117,0.0014238560106605291,0.0010290858335793018
mlp_3x200_relu,5,90,118,0.0014238394796848297,0.0010326916817575693
mlp_3x200_relu,5,90,119,0.0014234950067475438,0.001031787134706974
mlp_3x200_relu,5,90,120,0.0014241747558116913,0.0010332785313948989
mlp_3x200_relu,5,90,121,0.0014236248098313808,0.001031339168548584
mlp_3x200_relu,5,90,122,0.0014236363349482417,0.0010338291758671403
mlp_3x200_relu,5,90,123,0.001424129237420857,0.0010335255647078156
mlp_3x200_relu,5,90,124,0.0014239870943129063,0.0010342681780457497
mlp_3x200_relu,5,90,125,0.0014238886069506407,0.0010318695567548275
mlp_3x200_relu,5,90,126,0.0014236147981137037,0.0010327394120395184
mlp_3x200_relu,5,90,127,0.0014236151473596692,0.0010320433648303151
mlp_3x200_relu,5,90,128,0.001423841342329979,0.0010339634027332067
mlp_3x200_relu,5,90,129,0.0014237156137824059,0.0010323736350983381
mlp_3x200_relu,5,90,130,0.0014240156160667539,0.0010334986727684736
mlp_3x200_relu,5,90,131,0.0014236181741580367,0.00103151670191437
mlp_3x200_relu,5,90,132,0.0014241653261706233,0.001034679589793086
mlp_3x200_relu,5,90,133,0.0014234884874895215,0.0010336751583963633
mlp_3x200_relu,5,90,134,0.0014243100304156542,0.0010350857628509402
mlp_3x200_relu,5,90,135,0.001423644251190126,0.0010313945822417736
mlp_3x200_relu,5,90,136,0.001423862762749195,0.0010336322011426091
mlp_3x200_relu,5,90,137,0.0014235968701541424,0.0010318930726498365
mlp_3x200_relu,5,90,138,0.0014240408781915903,0.0010329384822398424
mlp_3x200_relu,5,90,139,0.0014237099094316363,0.001031194464303553
mlp_3x200_relu,5,90,140,0.001423929468728602,0.0010335944825783372
mlp_3x200_relu,5,90,141,0.00142386625520885,0.0010298764100298285
mlp_3x200_relu,5,90,142,0.0014236122369766235,0.0010340942535549402
mlp_3x200_relu,5,90,143,0.0014234016416594386,0.0010318879503756762
mlp_3x200_relu,5,90,144,0.0014244788326323032,0.0010346169583499432
mlp_3x200_relu,5,90,145,0.0014235294656828046,0.001032560714520514
mlp_3x200_relu,5,90,146,0.001423904555849731,0.00103468494489789
mlp_3x200_relu,5,90,147,0.0014237894210964441,0.0010306688491255045
mlp_3x200_relu,5,90,148,0.0014237320283427835,0.0010342926252633333
mlp_3x200_relu,5,90,149,0.0014240469317883253,0.0010327772470191121
mlp_3x200_relu,5,90,150,0.0014240287709981203,0.00103249482344836
mlp_3x200_relu,5,90,151,0.001424001413397491,0.0010331441881135106
mlp_3x200_relu,5,90,152,0.0014238948933780193,0.001029721344821155
mlp_3x200_relu,5,90,153,0.0014233679976314306,0.0010338911088183522
mlp_3x200_relu,5,90,154,0.001423726323992014,0.0010321809677407146
mlp_3x200_relu,5,90,155,0.0014242535689845681,0.001033854321576655
mlp_3x200_relu,5,90,156,0.001423696056008339,0.0010319991270080209
mlp_3x200_relu,5,90,157,0.0014240951277315617,0.0010333528043702245
mlp_3x200_relu,5,90,158,0.0014239440206438303,0.0010323913302272558
mlp_3x200_relu,5,90,159,0.0014238248113542795,0.0010340223088860512
mlp_3x200_relu,5,90,160,0.0014235820854082704,0.0010297199478372931
mlp_3x200_relu,5,90,161,0.001423839246854186,0.001033111591823399
mlp_3x200_relu,5,90,162,0.00142379361204803,0.001031234278343618
mlp_3x200_relu,5,90,163,0.0014235435519367456,0.0010325222974643111
mlp_3x200_relu,5,90,164,0.0014235632261261344,0.0010326373158022761
mlp_3x200_relu,5,90,165,0.0014237002469599247,0.0010324151953682303
mlp_3x200_relu,5,90,166,0.0014241432072594762,0.0010331803932785988
mlp_3x200_relu,5,90,167,0.00142395356670022,0.001031560474075377
mlp_3x200_relu,5,90,168,0.001423720153979957,0.0010327489580959082
mlp_3x200_relu,5,90,169,0.001423946232534945,0.001030715531669557
mlp_3x200_relu,5,90,170,0.0014239377342164516,0.0010334415128454566
mlp_3x200_relu,5,90,171,0.0014239005977287889,0.0010323630413040519
mlp_3x200_relu,5,90,172,0.0014237859286367893,0.0010332459351047873
mlp_3x200_relu,5,90,173,0.0014240649761632085,0.0010316474363207817
mlp_3x200_relu,5,90,174,0.0014239894226193428,0.0010341693414375186
mlp_3x200_relu,5,90,175,0.0014237220166251063,0.0010304945753887296
mlp_3x200_relu,5,90,176,0.001423969049938023,0.0010336117120459676
mlp_3x200_relu,5,90,177,0.001423582318238914,0.0010315709514543414
mlp_3x200_relu,5,90,178,0.0014241037424653769,0.0010344485053792596
mlp_3x200_relu,5,90,179,0.0014238404110074043,0.0010312581434845924
mlp_3x200_relu,5,90,180,0.0014242188772186637,0.00103343918453902
mlp_3x200_relu,5,90,181,0.0014235713751986623,0.001029130187816918
mlp_3x200_relu,5,90,182,0.0014236093265935779,0.001031937776133418
mlp_3x200_relu,5,90,183,0.0014235125854611397,0.0010306054027751088
mlp_3x200_relu,5,90,184,0.0014239317970350385,0.0010353479301556945
mlp_3x200_relu,5,90,185,0.001423836569301784,0.0010313463862985373
mlp_3x200_relu,5,90,186,0.0014237624127417803,0.0010337289422750473
mlp_3x200_relu,5,90,187,0.0014237355208024383,0.0010320338187739253
mlp_3x200_relu,5,90,188,0.0014239082811400294,0.0010342913446947932
mlp_3x200_relu,5,90,189,0.0014237583382055163,0.0010323661845177412
mlp_3x200_relu,5,90,190,0.0014241584576666355,0.0010341195156797767
mlp_3x200_relu,5,90,191,0.0014237824361771345,0.0010319632710888982
mlp_3x200_relu,5,90,192,0.0014239808078855276,0.0010340666631236672
mlp_3x200_relu,5,90,193,0.0014237971045076847,0.0010326236952096224
mlp_3x200_relu,5,90,194,0.0014241959434002638,0.0010331907542422414
mlp_3x200_relu,5,90,195,0.0014238584553822875,0.0010327257914468646
mlp_3x200_relu,5,90,196,0.0014238398289307952,0.0010345063637942076
mlp_3x200_relu,5,90,197,0.001423786859959364,0.0010314404498785734
mlp_3x200_relu,5,90,198,0.0014234796399250627,0.0010332122910767794
mlp_3x200_relu,5,90,199,0.001423614681698382,0.0010317097185179591
mlp_3x200_relu,5,90,200,0.0014240402961149812,0.0010342705063521862
mlp_3x200_relu,10,1,1,0.03571448102593422,0.009030873887240887
mlp_3x200_relu,10,1,2,0.011860217899084091,0.009027364663779736
mlp_3x200_relu,10,1,3,0.011855746619403362,0.00902645569294691
mlp_3x200_relu,10,1,4,0.011854761280119419,0.009026032872498035
mlp_3x200_relu,10,1,5,0.011854673735797405,0.009025059640407562
mlp_3x200_relu,10,1,6,0.011855190619826317,0.009025460109114647
mlp_3x200_relu,10,1,7,0.011856349185109138,0.009024269878864288
mlp_3x200_relu,10,1,8,0.011853145435452461,0.009025637991726398
mlp_3x200_relu,10,1,9,0.011855656281113625,0.009024616330862045
mlp_3x200_relu,10,1,10,0.01185611356049776,0.009025447070598602
mlp_3x200_relu,10,1,11,0.011859448626637459,0.009024270810186863
mlp_3x200_relu,10,1,12,0.011857116594910622,0.009027158841490746
mlp_3x200_relu,10,1,13,0.011857914738357067,0.009023531340062618
mlp_3x200_relu,10,1,14,0.011854676529765129,0.009022532030940056
mlp_3x200_relu,10,1,15,0.01185647677630186,0.0090213343501091
mlp_3x200_relu,10,1,16,0.011857261881232262,0.009022916667163372
mlp_3x200_relu,10,1,17,0.011854588985443115,0.009022735990583897
mlp_3x200_relu,10,1,18,0.011857541278004646,0.00902209710329771
mlp_3x200_relu,10,1,19,0.01185690425336361,0.009021843783557415
mlp_3x200_relu,10,1,20,0.011857403442263603,0.009022396057844162
mlp_3x200_relu,10,1,21,0.011856257915496826,0.009021271951496601
mlp_3x200_relu,10,1,22,0.01185557059943676,0.009021337144076824
mlp_3x200_relu,10,1,23,0.011858510784804821,0.009021767415106297
mlp_3x200_relu,10,1,24,0.011859872378408909,0.009021418169140816
mlp_3x200_relu,10,1,25,0.011856213212013245,0.009021790698170662
mlp_3x200_relu,10,1,26,0.011856627650558949,0.009021088480949402
mlp_3x200_relu,10,1,27,0.011856481432914734,0.009020982310175896
mlp_3x200_relu,10,1,28,0.011855486780405045,0.009022203274071217
mlp_3x200_relu,10,1,29,0.011857577599585056,0.009020956233143806
mlp_3x200_relu,10,1,30,0.011854877695441246,0.009022078476846218
mlp_3x200_relu,10,1,31,0.011856713332235813,0.009023504331707954
mlp_3x200_relu,10,1,32,0.011858063749969006,0.009022997692227364
mlp_3x200_relu,10,1,33,0.011855648830533028,0.009023851715028286
mlp_3x200_relu,10,1,34,0.01185734011232853,0.009021692909300327
mlp_3x200_relu,10,1,35,0.011856907978653908,0.009021475911140442
mlp_3x200_relu,10,1,36,0.011855495162308216,0.009021743200719357
mlp_3x200_relu,10,1,37,0.011856443248689175,0.009020998142659664
mlp_3x200_relu,10,1,38,0.011855942197144032,0.009049064479768276
mlp_3x200_relu,10,1,39,0.011854591779410839,0.009021075442433357
mlp_3x200_relu,10,1,40,0.011858083307743073,0.009022684767842293
mlp_3x200_relu,10,1,41,0.011854701675474644,0.009021301753818989
mlp_3x200_relu,10,1,42,0.01185685396194458,0.009020457975566387
mlp_3x200_relu,10,1,43,0.011854967102408409,0.009020039811730385
mlp_3x200_relu,10,1,44,0.011854528449475765,0.009020845405757427
mlp_3x200_relu,10,1,45,0.01185599621385336,0.009022042155265808
mlp_3x200_relu,10,1,46,0.01185552030801773,0.00902132410556078
mlp_3x200_relu,10,1,47,0.011854994110763073,0.009021502919495106
mlp_3x200_relu,10,1,48,0.011857327073812485,0.009021845646202564
mlp_3x200_relu,10,1,49,0.011853618547320366,0.009020974859595299
mlp_3x200_relu,10,1,50,0.011858566664159298,0.009021630510687828
mlp_3x200_relu,10,1,51,0.011857915669679642,0.009020495228469372
mlp_3x200_relu,10,1,52,0.011853448115289211,0.009021690115332603
mlp_3x200_relu,10,1,53,0.01185655128210783,0.009021192789077759
mlp_3x200_relu,10,1,54,0.01185376662760973,0.00902139488607645
mlp_3x200_relu,10,1,55,0.011857699602842331,0.009021269157528877
mlp_3x200_relu,10,1,56,0.011854223906993866,0.009022301062941551
mlp_3x200_relu,10,1,57,0.011854911223053932,0.009022506885230541
mlp_3x200_relu,10,1,58,0.011855239048600197,0.009021011181175709
mlp_3x200_relu,10,1,59,0.011854167096316814,0.009021248668432236
mlp_3x200_relu,10,1,60,0.011855420656502247,0.009020806290209293
mlp_3x200_relu,10,1,61,0.011853892356157303,0.009020606987178326
mlp_3x200_relu,10,1,62,0.011853143572807312,0.009021078236401081
mlp_3x200_relu,10,1,63,0.011855849996209145,0.00902117881923914
mlp_3x200_relu,10,1,64,0.011855357326567173,0.009021211415529251
mlp_3x200_relu,10,1,65,0.01185344997793436,0.009021738544106483
mlp_3x200_relu,10,1,66,0.011856388300657272,0.009021332487463951
mlp_3x200_relu,10,1,67,0.01185578852891922,0.009021162055432796
mlp_3x200_relu,10,1,68,0.011852667666971684,0.009020619094371796
mlp_3x200_relu,10,1,69,0.011858279816806316,0.009022317826747894
mlp_3x200_relu,10,1,70,0.011853838339447975,0.009020869620144367
mlp_3x200_relu,10,1,71,0.011854435317218304,0.009020961821079254
mlp_3x200_relu,10,1,72,0.011853708885610104,0.009020376950502396
mlp_3x200_relu,10,1,73,0.01185495313256979,0.00902268011122942
mlp_3x200_relu,10,1,74,0.011858068406581879,0.009021610952913761
mlp_3x200_relu,10,1,75,0.01185567770153284,0.009021462872624397
mlp_3x200_relu,10,1,76,0.011857082135975361,0.009021550416946411
mlp_3x200_relu,10,1,77,0.011856344528496265,0.009021541103720665
mlp_3x200_relu,10,1,78,0.01185515709221363,0.009026898071169853
mlp_3x200_relu,10,1,79,0.011854025535285473,0.009022247977554798
mlp_3x200_relu,10,1,80,0.011859145015478134,0.009021264500916004
mlp_3x200_relu,10,1,81,0.011860099621117115,0.00902236346155405
mlp_3x200_relu,10,1,82,0.011860713362693787,0.009021944366395473
mlp_3x200_relu,10,1,83,0.01185665838420391,0.009021543897688389
mlp_3x200_relu,10,1,84,0.011857537552714348,0.009021001867949963
mlp_3x200_relu,10,1,85,0.011857857927680016,0.009021328762173653
mlp_3x200_relu,10,1,86,0.011857850477099419,0.009020557627081871
mlp_3x200_relu,10,1,87,0.011859352700412273,0.009021621197462082
mlp_3x200_relu,10,1,88,0.011857103556394577,0.00902128592133522
mlp_3x200_relu,10,1,89,0.011857288889586926,0.009020610712468624
mlp_3x200_relu,10,1,90,0.011857965029776096,0.009020662866532803
mlp_3x200_relu,10,1,91,0.011858939193189144,0.009021595120429993
mlp_3x200_relu,10,1,92,0.011858495883643627,0.009020674042403698
mlp_3x200_relu,10,1,93,0.011856823228299618,0.009020241908729076
mlp_3x200_relu,10,1,94,0.011856963858008385,0.009021000005304813
mlp_3x200_relu,10,1,95,0.01185667235404253,0.009020756930112839
mlp_3x200_relu,10,1,96,0.011855735443532467,0.009021374396979809
mlp_3x200_relu,10,1,97,0.011858556419610977,0.009021500125527382
mlp_3x200_relu,10,1,98,0.011856500059366226,0.009020685218274593
mlp_3x200_relu,10,1,99,0.011859489604830742,0.00902169942855835
mlp_3x200_relu,10,1,100,0.011859177611768246,0.009021461009979248
mlp_3x200_relu,10,1,101,0.011861074715852737,0.009022053331136703
mlp_3x200_relu,10,1,102,0.011860630474984646,0.009021102450788021
mlp_3x200_relu,10,1,103,0.011858703568577766,0.009021420031785965
mlp_3x200_relu,10,1,104,0.011859485879540443,0.009020863100886345
mlp_3x200_relu,10,1,105,0.011857714504003525,0.009020484052598476
mlp_3x200_relu,10,1,106,0.011860995553433895,0.009021654725074768
mlp_3x200_relu,10,1,107,0.011859257705509663,0.00902148149907589
mlp_3x200_relu,10,1,108,0.011857935227453709,0.009022523649036884
mlp_3x200_relu,10,1,109,0.011859378777444363,0.009019809775054455
mlp_3x200_relu,10,1,110,0.01185544952750206,0.009020772762596607
mlp_3x200_relu,10,1,111,0.01185816153883934,0.009020855650305748
mlp_3x200_relu,10,1,112,0.011859064921736717,0.009021093137562275
mlp_3x200_relu,10,1,113,0.011858352459967136,0.009021764621138573
mlp_3x200_relu,10,1,114,0.011856084689497948,0.009020945057272911
mlp_3x200_relu,10,1,115,0.011857612058520317,0.009020118974149227
mlp_3x200_relu,10,1,116,0.011859829537570477,0.009021223522722721
mlp_3x200_relu,10,1,117,0.011856918223202229,0.009021375328302383
mlp_3x200_relu,10,1,118,0.01185761671513319,0.009021969512104988
mlp_3x200_relu,10,1,119,0.01185604091733694,0.00902094878256321
mlp_3x200_relu,10,1,120,0.011855630204081535,0.009021198377013206
mlp_3x200_relu,10,1,121,0.011856281198561192,0.009022369049489498
mlp_3x200_relu,10,1,122,0.01185869425535202,0.009020780213177204
mlp_3x200_relu,10,1,123,0.011855408549308777,0.009021680802106857
mlp_3x200_relu,10,1,124,0.01185751985758543,0.00902010127902031
mlp_3x200_relu,10,1,125,0.011857985518872738,0.0090212756767869
mlp_3x200_relu,10,1,126,0.011856750585138798,0.009022137150168419
mlp_3x200_relu,10,1,127,0.011856299825012684,0.009021309204399586
mlp_3x200_relu,10,1,128,0.011857472360134125,0.009021040052175522
mlp_3x200_relu,10,1,129,0.011859382502734661,0.009020654484629631
mlp_3x200_relu,10,1,130,0.011860620230436325,0.009021332487463951
mlp_3x200_relu,10,1,131,0.011856927536427975,0.009022960439324379
mlp_3x200_relu,10,1,132,0.011858255602419376,0.00902052503079176
mlp_3x200_relu,10,1,133,0.011858765967190266,0.009020567871630192
mlp_3x200_relu,10,1,134,0.011857316829264164,0.009021264500916004
mlp_3x200_relu,10,1,135,0.011858438141644001,0.00902150571346283
mlp_3x200_relu,10,1,136,0.011860290542244911,0.009023026563227177
mlp_3x200_relu,10,1,137,0.01185848843306303,0.009021335281431675
mlp_3x200_relu,10,1,138,0.01185846608132124,0.009021498262882233
mlp_3x200_relu,10,1,139,0.011855150572955608,0.009020273573696613
mlp_3x200_relu,10,1,140,0.011857893317937851,0.009020065888762474
mlp_3x200_relu,10,1,141,0.011861680075526237,0.009021822363138199
mlp_3x200_relu,10,1,142,0.011859913356602192,0.009021036326885223
mlp_3x200_relu,10,1,143,0.011854848824441433,0.009021064266562462
mlp_3x200_relu,10,1,144,0.011856620199978352,0.009021074511110783
mlp_3x200_relu,10,1,145,0.011857524514198303,0.0090207913890481
mlp_3x200_relu,10,1,146,0.011858352459967136,0.009021460078656673
mlp_3x200_relu,10,1,147,0.011858077719807625,0.009021405130624771
mlp_3x200_relu,10,1,148,0.011859760619699955,0.009021779522299767
mlp_3x200_relu,10,1,149,0.011857351288199425,0.009022096171975136
mlp_3x200_relu,10,1,150,0.011857181787490845,0.00902151595801115
mlp_3x200_relu,10,1,151,0.01185732614248991,0.009020388126373291
mlp_3x200_relu,10,1,152,0.011858133599162102,0.009021257981657982
mlp_3x200_relu,10,1,153,0.011856053955852985,0.009019928053021431
mlp_3x200_relu,10,1,154,0.011859388090670109,0.009021436795592308
mlp_3x200_relu,10,1,155,0.01185668632388115,0.009020786732435226
mlp_3x200_relu,10,1,156,0.011858602985739708,0.009020570665597916
mlp_3x200_relu,10,1,157,0.011856821365654469,0.009022330865263939
mlp_3x200_relu,10,1,158,0.011859082616865635,0.009020449593663216
mlp_3x200_relu,10,1,159,0.011856218799948692,0.009022187441587448
mlp_3x200_relu,10,1,160,0.011858793906867504,0.009020039811730385
mlp_3x200_relu,10,1,161,0.011857563629746437,0.009020593948662281
mlp_3x200_relu,10,1,162,0.011857986450195312,0.009021648205816746
mlp_3x200_relu,10,1,163,0.011857345700263977,0.009021214209496975
mlp_3x200_relu,10,1,164,0.011857126839458942,0.009020022116601467
mlp_3x200_relu,10,1,165,0.011856951750814915,0.009021530859172344
mlp_3x200_relu,10,1,166,0.011860053986310959,0.009021059609949589
mlp_3x200_relu,10,1,167,0.011860869824886322,0.009022410027682781
mlp_3x200_relu,10,1,168,0.011859141290187836,0.009020914323627949
mlp_3x200_relu,10,1,169,0.011855334043502808,0.009020480327308178
mlp_3x200_relu,10,1,170,0.01185857504606247,0.009021356701850891
mlp_3x200_relu,10,1,171,0.011857285164296627,0.009020757861435413
mlp_3x200_relu,10,1,172,0.011858402751386166,0.009021196514368057
mlp_3x200_relu,10,1,173,0.011856857687234879,0.009021523408591747
mlp_3x200_relu,10,1,174,0.01185796968638897,0.009022493846714497
mlp_3x200_relu,10,1,175,0.011859040707349777,0.009022061713039875
mlp_3x200_relu,10,1,176,0.011859411373734474,0.009021550416946411
mlp_3x200_relu,10,1,177,0.011857566423714161,0.009020977653563023
mlp_3x200_relu,10,1,178,0.011857421137392521,0.009022068232297897
mlp_3x200_relu,10,1,179,0.011859672144055367,0.009021901525557041
mlp_3x200_relu,10,1,180,0.011857147328555584,0.009021475911140442
mlp_3x200_relu,10,1,181,0.01185960229486227,0.009022286161780357
mlp_3x200_relu,10,1,182,0.011857622303068638,0.009021388366818428
mlp_3x200_relu,10,1,183,0.011857662349939346,0.009021621197462082
mlp_3x200_relu,10,1,184,0.01185776200145483,0.009020229801535606
mlp_3x200_relu,10,1,185,0.011858221143484116,0.009021527133882046
mlp_3x200_relu,10,1,186,0.011856145225465298,0.009020492434501648
mlp_3x200_relu,10,1,187,0.011856548488140106,0.00902120117098093
mlp_3x200_relu,10,1,188,0.011859624646604061,0.009020817466080189
mlp_3x200_relu,10,1,189,0.011855253018438816,0.009021749719977379
mlp_3x200_relu,10,1,190,0.011855986900627613,0.009020727127790451
mlp_3x200_relu,10,1,191,0.011858507059514523,0.009021217003464699
mlp_3x200_relu,10,1,192,0.011857614852488041,0.009021294303238392
mlp_3x200_relu,10,1,193,0.01185809075832367,0.009020536206662655
mlp_3x200_relu,10,1,194,0.011857346631586552,0.009021524339914322
mlp_3x200_relu,10,1,195,0.011856635101139545,0.009021259844303131
mlp_3x200_relu,10,1,196,0.011857870034873486,0.009020170196890831
mlp_3x200_relu,10,1,197,0.01185888797044754,0.009021432138979435
mlp_3x200_relu,10,1,198,0.01186352875083685,0.009021056815981865
mlp_3x200_relu,10,1,199,0.011857002042233944,0.009021561592817307
mlp_3x200_relu,10,1,200,0.011858358047902584,0.009021352045238018
mlp_3x200_relu,10,5,1,0.03105131722986698,0.0041657788679003716
mlp_3x200_relu,10,5,2,0.005514638498425484,0.004160878248512745
mlp_3x200_relu,10,5,3,0.005511124152690172,0.004162154626101255
mlp_3x200_relu,10,5,4,0.005510085728019476,0.004161099903285503
mlp_3x200_relu,10,5,5,0.005511122290045023,0.004161441698670387
mlp_3x200_relu,10,5,6,0.005509623792022467,0.004162657540291548
mlp_3x200_relu,10,5,7,0.005510109476745129,0.0041611031629145145
mlp_3x200_relu,10,5,8,0.00551125593483448,0.004161237273365259
mlp_3x200_relu,10,5,9,0.0055109793320298195,0.004161491524428129
mlp_3x200_relu,10,5,10,0.005510048940777779,0.004162532743066549
mlp_3x200_relu,10,5,11,0.005511042196303606,0.004161612596362829
mlp_3x200_relu,10,5,12,0.00551110552623868,0.0041610426269471645
mlp_3x200_relu,10,5,13,0.005510630086064339,0.004161542747169733
mlp_3x200_relu,10,5,14,0.005511363036930561,0.004162229131907225
mlp_3x200_relu,10,5,15,0.005510067101567984,0.004162827506661415
mlp_3x200_relu,10,5,16,0.005511177703738213,0.004162857308983803
mlp_3x200_relu,10,5,17,0.0055107539519667625,0.004162015859037638
mlp_3x200_relu,10,5,18,0.005510501563549042,0.00416103471070528
mlp_3x200_relu,10,5,19,0.005509999580681324,0.004162149038165808
mlp_3x200_relu,10,5,20,0.005511040799319744,0.00416164193302393
mlp_3x200_relu,10,5,21,0.005509817972779274,0.0041608791798353195
mlp_3x200_relu,10,5,22,0.005511061754077673,0.0041625648736953735
mlp_3x200_relu,10,5,23,0.005510777700692415,0.004162153694778681
mlp_3x200_relu,10,5,24,0.005511132068932056,0.004161341581493616
mlp_3x200_relu,10,5,25,0.005510232876986265,0.004162136930972338
mlp_3x200_relu,10,5,26,0.005511126015335321,0.00416142214089632
mlp_3x200_relu,10,5,27,0.005511240568011999,0.004162574652582407
mlp_3x200_relu,10,5,28,0.005510649643838406,0.004160539247095585
mlp_3x200_relu,10,5,29,0.005510724149644375,0.004162133671343327
mlp_3x200_relu,10,5,30,0.005510600749403238,0.004161170218139887
mlp_3x200_relu,10,5,31,0.005510683637112379,0.0041615962982177734
mlp_3x200_relu,10,5,32,0.0055116876028478146,0.004161665216088295
mlp_3x200_relu,10,5,33,0.005510201212018728,0.004161197226494551
mlp_3x200_relu,10,5,34,0.0055105010978877544,0.004160341806709766
mlp_3x200_relu,10,5,35,0.0055112456902861595,0.004162206314504147
mlp_3x200_relu,10,5,36,0.005511750001460314,0.004162181168794632
mlp_3x200_relu,10,5,37,0.005510118789970875,0.004160696174949408
mlp_3x200_relu,10,5,38,0.005509983282536268,0.004161913879215717
mlp_3x200_relu,10,5,39,0.005510793067514896,0.004162146709859371
mlp_3x200_relu,10,5,40,0.005510775372385979,0.004161885939538479
mlp_3x200_relu,10,5,41,0.005511409603059292,0.0041624936275184155
mlp_3x200_relu,10,5,42,0.005511081777513027,0.004160556476563215
mlp_3x200_relu,10,5,43,0.005510484799742699,0.004161219112575054
mlp_3x200_relu,10,5,44,0.005510800052434206,0.00415984308347106
mlp_3x200_relu,10,5,45,0.005510418675839901,0.004161869175732136
mlp_3x200_relu,10,5,46,0.005510102026164532,0.0041605583392083645
mlp_3x200_relu,10,5,47,0.005511105060577393,0.004161864053457975
mlp_3x200_relu,10,5,48,0.0055110035464167595,0.004161322023719549
mlp_3x200_relu,10,5,49,0.005510113667696714,0.0041624498553574085
mlp_3x200_relu,10,5,50,0.005511113442480564,0.004161674529314041
mlp_3x200_relu,10,5,51,0.005510428920388222,0.004162459634244442
mlp_3x200_relu,10,5,52,0.00551028223708272,0.004161348100751638
mlp_3x200_relu,10,5,53,0.005511495750397444,0.004162575118243694
mlp_3x200_relu,10,5,54,0.00551109341904521,0.004161763470619917
mlp_3x200_relu,10,5,55,0.005509970244020224,0.00416154507547617
mlp_3x200_relu,10,5,56,0.0055103725753724575,0.004163019359111786
mlp_3x200_relu,10,5,57,0.0055112759582698345,0.0041606854647397995
mlp_3x200_relu,10,5,58,0.005510872229933739,0.004161069169640541
mlp_3x200_relu,10,5,59,0.00551040843129158,0.004160980693995953
mlp_3x200_relu,10,5,60,0.005510409828275442,0.004161438904702663
mlp_3x200_relu,10,5,61,0.005511019844561815,0.0041619255207479
mlp_3x200_relu,10,5,62,0.0055099367164075375,0.004161294084042311
mlp_3x200_relu,10,5,63,0.005511538591235876,0.004162500612437725
mlp_3x200_relu,10,5,64,0.005510800518095493,0.004161492921411991
mlp_3x200_relu,10,5,65,0.0055112638510763645,0.004162180237472057
mlp_3x200_relu,10,5,66,0.005510975141078234,0.004161146469414234
mlp_3x200_relu,10,5,67,0.005510472226887941,0.004161781631410122
mlp_3x200_relu,10,5,68,0.005510303657501936,0.004161315504461527
mlp_3x200_relu,10,5,69,0.005510556045919657,0.004162173718214035
mlp_3x200_relu,10,5,70,0.0055110156536102295,0.0041613709181547165
mlp_3x200_relu,10,5,71,0.005510351620614529,0.004161798860877752
mlp_3x200_relu,10,5,72,0.0055112396366894245,0.00416075624525547
mlp_3x200_relu,10,5,73,0.005509445909410715,0.004162188619375229
mlp_3x200_relu,10,5,74,0.005510812625288963,0.004161268938332796
mlp_3x200_relu,10,5,75,0.005510837305337191,0.00416212622076273
mlp_3x200_relu,10,5,76,0.005511493422091007,0.004161566961556673
mlp_3x200_relu,10,5,77,0.005511398892849684,0.004161785822361708
mlp_3x200_relu,10,5,78,0.005509966053068638,0.00416099326685071
mlp_3x200_relu,10,5,79,0.0055101350881159306,0.00416102958843112
mlp_3x200_relu,10,5,80,0.005511224269866943,0.004161203280091286
mlp_3x200_relu,10,5,81,0.0055098216980695724,0.0041621774435043335
mlp_3x200_relu,10,5,82,0.005511697381734848,0.004161267075687647
mlp_3x200_relu,10,5,83,0.005510479211807251,0.004162182100117207
mlp_3x200_relu,10,5,84,0.005511403549462557,0.00416127685457468
mlp_3x200_relu,10,5,85,0.0055109234526753426,0.0041611711494624615
mlp_3x200_relu,10,5,86,0.005511997267603874,0.004161512479186058
mlp_3x200_relu,10,5,87,0.00551023380830884,0.004161193501204252
mlp_3x200_relu,10,5,88,0.0055104466155171394,0.004161265213042498
mlp_3x200_relu,10,5,89,0.005511047784239054,0.00416110223159194
mlp_3x200_relu,10,5,90,0.005510600749403238,0.004161436576396227
mlp_3x200_relu,10,5,91,0.005509825889021158,0.004161559510976076
mlp_3x200_relu,10,5,92,0.005511356983333826,0.004161691293120384
mlp_3x200_relu,10,5,93,0.005510406102985144,0.004162160214036703
mlp_3x200_relu,10,5,94,0.0055118161253631115,0.004160874988883734
mlp_3x200_relu,10,5,95,0.005510606802999973,0.004161561373621225
mlp_3x200_relu,10,5,96,0.005510944407433271,0.004160941578447819
mlp_3x200_relu,10,5,97,0.00551014905795455,0.004161355085670948
mlp_3x200_relu,10,5,98,0.005510393064469099,0.004161076620221138
mlp_3x200_relu,10,5,99,0.005509804934263229,0.0041609336622059345
mlp_3x200_relu,10,5,100,0.005510337650775909,0.004161254037171602
mlp_3x200_relu,10,5,101,0.005511101800948381,0.004161331802606583
mlp_3x200_relu,10,5,102,0.0055102636106312275,0.0041609033942222595
mlp_3x200_relu,10,5,103,0.005510831717401743,0.004161588381975889
mlp_3x200_relu,10,5,104,0.005509525537490845,0.004161320626735687
mlp_3x200_relu,10,5,105,0.005512790754437447,0.004161695018410683
mlp_3x200_relu,10,5,106,0.0055102137848734856,0.004161210730671883
mlp_3x200_relu,10,5,107,0.0055120778270065784,0.004160743206739426
mlp_3x200_relu,10,5,108,0.005510921590030193,0.0041612726636230946
mlp_3x200_relu,10,5,109,0.005510658957064152,0.0041603888384997845
mlp_3x200_relu,10,5,110,0.005509864538908005,0.004160356242209673
mlp_3x200_relu,10,5,111,0.005509879440069199,0.004160922486335039
mlp_3x200_relu,10,5,112,0.005509905517101288,0.004161580465734005
mlp_3x200_relu,10,5,113,0.005510703194886446,0.004161574877798557
mlp_3x200_relu,10,5,114,0.005511429626494646,0.004161619581282139
mlp_3x200_relu,10,5,115,0.00551199447363615,0.0041614412330091
mlp_3x200_relu,10,5,116,0.0055102198384702206,0.004160955082625151
mlp_3x200_relu,10,5,117,0.00550988782197237,0.004162406083196402
mlp_3x200_relu,10,5,118,0.005510440096259117,0.00416147243231535
mlp_3x200_relu,10,5,119,0.005509853828698397,0.0041618370451033115
mlp_3x200_relu,10,5,120,0.005510839633643627,0.0041610910557210445
mlp_3x200_relu,10,5,121,0.00551033578813076,0.0041615916416049
mlp_3x200_relu,10,5,122,0.005510218441486359,0.004161188378930092
mlp_3x200_relu,10,5,123,0.005511443596333265,0.00416079256683588
mlp_3x200_relu,10,5,124,0.0055112335830926895,0.0041617220267653465
mlp_3x200_relu,10,5,125,0.005511080380529165,0.004161383956670761
mlp_3x200_relu,10,5,126,0.005509824957698584,0.004160518292337656
mlp_3x200_relu,10,5,127,0.005510412622243166,0.004162275698035955
mlp_3x200_relu,10,5,128,0.005509985610842705,0.004161733202636242
mlp_3x200_relu,10,5,129,0.005510605871677399,0.004162167198956013
mlp_3x200_relu,10,5,130,0.005510629154741764,0.004160888027399778
mlp_3x200_relu,10,5,131,0.005510727874934673,0.004161215387284756
mlp_3x200_relu,10,5,132,0.005511132068932056,0.0041606249287724495
mlp_3x200_relu,10,5,133,0.005510611925274134,0.004161074757575989
mlp_3x200_relu,10,5,134,0.0055104466155171394,0.00416093785315752
mlp_3x200_relu,10,5,135,0.005510260351002216,0.004161753226071596
mlp_3x200_relu,10,5,136,0.005510752554982901,0.004161197226494551
mlp_3x200_relu,10,5,137,0.005510136019438505,0.004162181168794632
mlp_3x200_relu,10,5,138,0.005511296447366476,0.004161416552960873
mlp_3x200_relu,10,5,139,0.005511058494448662,0.004160783253610134
mlp_3x200_relu,10,5,140,0.005511143244802952,0.0041610486805438995
mlp_3x200_relu,10,5,141,0.0055107129737734795,0.004162155091762543
mlp_3x200_relu,10,5,142,0.005511310417205095,0.0041610668413341045
mlp_3x200_relu,10,5,143,0.005510337650775909,0.004161093384027481
mlp_3x200_relu,10,5,144,0.005510273389518261,0.004161568824201822
mlp_3x200_relu,10,5,145,0.005510883871465921,0.0041605751030147076
mlp_3x200_relu,10,5,146,0.0055105858482420444,0.00416159350425005
mlp_3x200_relu,10,5,147,0.005511017981916666,0.004162266384810209
mlp_3x200_relu,10,5,148,0.005510734859853983,0.0041623651050031185
mlp_3x200_relu,10,5,149,0.00551039632409811,0.004161343909800053
mlp_3x200_relu,10,5,150,0.0055111609399318695,0.004161329008638859
mlp_3x200_relu,10,5,151,0.0055106221698224545,0.004161787685006857
mlp_3x200_relu,10,5,152,0.005510051269084215,0.004161108750849962
mlp_3x200_relu,10,5,153,0.005511378403753042,0.004161383956670761
mlp_3x200_relu,10,5,154,0.005510707851499319,0.0041613392531871796
mlp_3x200_relu,10,5,155,0.005511540919542313,0.0041620079427957535
mlp_3x200_relu,10,5,156,0.005511449184268713,0.004160971846431494
mlp_3x200_relu,10,5,157,0.005509992595762014,0.004160681739449501
mlp_3x200_relu,10,5,158,0.005511004943400621,0.0041623711585998535
mlp_3x200_relu,10,5,159,0.005510222166776657,0.004161993507295847
mlp_3x200_relu,10,5,160,0.005510980729013681,0.004162384197115898
mlp_3x200_relu,10,5,161,0.005509840324521065,0.004161480348557234
mlp_3x200_relu,10,5,162,0.00551115395501256,0.004161003977060318
mlp_3x200_relu,10,5,163,0.005510211922228336,0.004161808639764786
mlp_3x200_relu,10,5,164,0.005510380025953054,0.004161949269473553
mlp_3x200_relu,10,5,165,0.005510556511580944,0.004161503631621599
mlp_3x200_relu,10,5,166,0.005510528571903706,0.004161369055509567
mlp_3x200_relu,10,5,167,0.005511027295142412,0.004161874298006296
mlp_3x200_relu,10,5,168,0.005510597489774227,0.004161735065281391
mlp_3x200_relu,10,5,169,0.005510419607162476,0.004161035642027855
mlp_3x200_relu,10,5,170,0.005510987248271704,0.004161209333688021
mlp_3x200_relu,10,5,171,0.005509739741683006,0.004161706194281578
mlp_3x200_relu,10,5,172,0.005510067101567984,0.00416182167828083
mlp_3x200_relu,10,5,173,0.005511256866157055,0.004161940887570381
mlp_3x200_relu,10,5,174,0.005510102957487106,0.004161324817687273
mlp_3x200_relu,10,5,175,0.005510793533176184,0.004161400254815817
mlp_3x200_relu,10,5,176,0.005509468261152506,0.004161254968494177
mlp_3x200_relu,10,5,177,0.0055103604681789875,0.004161064978688955
mlp_3x200_relu,10,5,178,0.005510833114385605,0.004160983022302389
mlp_3x200_relu,10,5,179,0.005510093178600073,0.00416105380281806
mlp_3x200_relu,10,5,180,0.0055116587318480015,0.004161138087511063
mlp_3x200_relu,10,5,181,0.00551063334569335,0.0041624815203249454
mlp_3x200_relu,10,5,182,0.005510758142918348,0.004161262884736061
mlp_3x200_relu,10,5,183,0.005511418916285038,0.00416187709197402
mlp_3x200_relu,10,5,184,0.00551003310829401,0.004161002580076456
mlp_3x200_relu,10,5,185,0.0055114529095590115,0.00416144635528326
mlp_3x200_relu,10,5,186,0.005510644055902958,0.00416152086108923
mlp_3x200_relu,10,5,187,0.005510653834789991,0.004162248224020004
mlp_3x200_relu,10,5,188,0.005510103423148394,0.004161125514656305
mlp_3x200_relu,10,5,189,0.005510433577001095,0.004162444733083248
mlp_3x200_relu,10,5,190,0.0055101849138736725,0.004160845186561346
mlp_3x200_relu,10,5,191,0.005510449409484863,0.004161439370363951
mlp_3x200_relu,10,5,192,0.0055103423073887825,0.0041609895415604115
mlp_3x200_relu,10,5,193,0.005510865710675716,0.004161116201430559
mlp_3x200_relu,10,5,194,0.005510598886758089,0.004162160214036703
mlp_3x200_relu,10,5,195,0.005511029623448849,0.004161783494055271
mlp_3x200_relu,10,5,196,0.005510691553354263,0.004160980693995953
mlp_3x200_relu,10,5,197,0.005510688293725252,0.004160533659160137
mlp_3x200_relu,10,5,198,0.005510196555405855,0.0041623408906161785
mlp_3x200_relu,10,5,199,0.005510815419256687,0.004161775577813387
mlp_3x200_relu,10,5,200,0.005511490162461996,0.004162339959293604
mlp_3x200_relu,10,30,1,0.028939448297023773,0.0017846616683527827
mlp_3x200_relu,10,30,2,0.0022999956272542477,0.0017671777168288827
mlp_3x200_relu,10,30,3,0.002295461017638445,0.0017702491022646427
mlp_3x200_relu,10,30,4,0.0022934735752642155,0.0017695218557491899
mlp_3x200_relu,10,30,5,0.002293159021064639,0.0017691233661025763
mlp_3x200_relu,10,30,6,0.002292259596288204,0.0017687615472823381
mlp_3x200_relu,10,30,7,0.0022918900940567255,0.0017698048613965511
mlp_3x200_relu,10,30,8,0.002291757147759199,0.0017694010166451335
mlp_3x200_relu,10,30,9,0.002291846089065075,0.0017692570108920336
mlp_3x200_relu,10,30,10,0.0022917469032108784,0.0017711935797706246
mlp_3x200_relu,10,30,11,0.0022917375899851322,0.0017696931026875973
mlp_3x200_relu,10,30,12,0.0022918221075087786,0.0017708399100229144
mlp_3x200_relu,10,30,13,0.002291638171300292,0.0017701005563139915
mlp_3x200_relu,10,30,14,0.0022913962602615356,0.0017705990467220545
mlp_3x200_relu,10,30,15,0.002291495678946376,0.0017710975371301174
mlp_3x200_relu,10,30,16,0.0022912491112947464,0.0017708443338051438
mlp_3x200_relu,10,30,17,0.002291429555043578,0.001770791714079678
mlp_3x200_relu,10,30,18,0.0022913336288183928,0.0017705385107547045
mlp_3x200_relu,10,30,19,0.002291138516739011,0.00177024828735739
mlp_3x200_relu,10,30,20,0.0022911091800779104,0.001770151313394308
mlp_3x200_relu,10,30,21,0.002291492186486721,0.0017705203499644995
mlp_3x200_relu,10,30,22,0.0022912996355444193,0.0017704250058159232
mlp_3x200_relu,10,30,23,0.002291434444487095,0.001770220696926117
mlp_3x200_relu,10,30,24,0.002291362266987562,0.0017706971848383546
mlp_3x200_relu,10,30,25,0.0022910069674253464,0.001769774011336267
mlp_3x200_relu,10,30,26,0.0022911017294973135,0.0017699027666822076
mlp_3x200_relu,10,30,27,0.002291215816512704,0.0017707155784592032
mlp_3x200_relu,10,30,28,0.0022910735569894314,0.0017707805382087827
mlp_3x200_relu,10,30,29,0.0022911245469003916,0.001770530128851533
mlp_3x200_relu,10,30,30,0.002291289856657386,0.0017708234954625368
mlp_3x200_relu,10,30,31,0.0022911077830940485,0.001770096248947084
mlp_3x200_relu,10,30,32,0.0022907485254108906,0.001770777627825737
mlp_3x200_relu,10,30,33,0.0022909713443368673,0.0017700392054393888
mlp_3x200_relu,10,30,34,0.002290941309183836,0.001771189272403717
mlp_3x200_relu,10,30,35,0.002291020704433322,0.0017708970699459314
mlp_3x200_relu,10,30,36,0.002291029319167137,0.0017702595796436071
mlp_3x200_relu,10,30,37,0.0022911475971341133,0.0017704630736261606
mlp_3x200_relu,10,30,38,0.002291195560246706,0.001770374714396894
mlp_3x200_relu,10,30,39,0.00229099253192544,0.0017705826321616769
mlp_3x200_relu,10,30,40,0.002291315933689475,0.001770313479937613
mlp_3x200_relu,10,30,41,0.00229092501103878,0.0017706889193505049
mlp_3x200_relu,10,30,42,0.002291248179972172,0.001771586830727756
mlp_3x200_relu,10,30,43,0.0022911671549081802,0.0017706523649394512
mlp_3x200_relu,10,30,44,0.0022907801903784275,0.001770059228874743
mlp_3x200_relu,10,30,45,0.0022909976541996002,0.0017701343167573214
mlp_3x200_relu,10,30,46,0.002291108714416623,0.0017712144181132317
mlp_3x200_relu,10,30,47,0.0022910695988684893,0.0017700443277135491
mlp_3x200_relu,10,30,48,0.002290961565449834,0.001770428498275578
mlp_3x200_relu,10,30,49,0.0022910863626748323,0.001770052476786077
mlp_3x200_relu,10,30,50,0.0022908749524503946,0.0017703718040138483
mlp_3x200_relu,10,30,51,0.0022914577275514603,0.0017705855425447226
mlp_3x200_relu,10,30,52,0.0022913250140845776,0.0017706694779917598
mlp_3x200_relu,10,30,53,0.0022911459673196077,0.0017701031174510717
mlp_3x200_relu,10,30,54,0.0022910635452717543,0.001770266331732273
mlp_3x200_relu,10,30,55,0.002291438402608037,0.0017703226767480373
mlp_3x200_relu,10,30,56,0.002291511744260788,0.0017707793740555644
mlp_3x200_relu,10,30,57,0.0022912081331014633,0.0017705216305330396
mlp_3x200_relu,10,30,58,0.002290861215442419,0.0017708602827042341
mlp_3x200_relu,10,30,59,0.002291352255269885,0.0017706083599478006
mlp_3x200_relu,10,30,60,0.0022915129084140062,0.0017706135986372828
mlp_3x200_relu,10,30,61,0.0022911964915692806,0.0017702957848086953
mlp_3x200_relu,10,30,62,0.002291365759447217,0.0017715607536956668
mlp_3x200_relu,10,30,63,0.002291277749463916,0.0017699622549116611
mlp_3x200_relu,10,30,64,0.002291083335876465,0.0017700961325317621
mlp_3x200_relu,10,30,65,0.002290935255587101,0.00177005713339895
mlp_3x200_relu,10,30,66,0.0022908602841198444,0.0017702303593978286
mlp_3x200_relu,10,30,67,0.0022908381652086973,0.0017706714570522308
mlp_3x200_relu,10,30,68,0.002291046315804124,0.0017698911251500249
mlp_3x200_relu,10,30,69,0.0022913245484232903,0.001770256320014596
mlp_3x200_relu,10,30,70,0.0022909766994416714,0.0017701731994748116
mlp_3x200_relu,10,30,71,0.002290945267304778,0.001770215341821313
mlp_3x200_relu,10,30,72,0.0022911292035132647,0.0017701295437291265
mlp_3x200_relu,10,30,73,0.0022909927647560835,0.0017699877498671412
mlp_3x200_relu,10,30,74,0.00229105306789279,0.001769693335518241
mlp_3x200_relu,10,30,75,0.0022912155836820602,0.0017707513179630041
mlp_3x200_relu,10,30,76,0.00229091988876462,0.0017702165059745312
mlp_3x200_relu,10,30,77,0.0022910169791430235,0.0017711856635287404
mlp_3x200_relu,10,30,78,0.0022911985870450735,0.001769666327163577
mlp_3x200_relu,10,30,79,0.002291122218593955,0.001771306386217475
mlp_3x200_relu,10,30,80,0.00229090778157115,0.001769826514646411
mlp_3x200_relu,10,30,81,0.0022910796105861664,0.0017704201163724065
mlp_3x200_relu,10,30,82,0.0022911615669727325,0.0017705073114484549
mlp_3x200_relu,10,30,83,0.0022910579573363066,0.001770303351804614
mlp_3x200_relu,10,30,84,0.002290904987603426,0.0017697137081995606
mlp_3x200_relu,10,30,85,0.0022911822889000177,0.0017707499209791422
mlp_3x200_relu,10,30,86,0.0022909461986273527,0.0017704240744933486
mlp_3x200_relu,10,30,87,0.0022912025451660156,0.0017697609728202224
mlp_3x200_relu,10,30,88,0.0022912330459803343,0.0017701996257528663
mlp_3x200_relu,10,30,89,0.002291162498295307,0.0017719583120197058
mlp_3x200_relu,10,30,90,0.0022912812419235706,0.001770041068084538
mlp_3x200_relu,10,30,91,0.0022913196589797735,0.0017695290734991431
mlp_3x200_relu,10,30,92,0.0022914160508662462,0.0017707463121041656
mlp_3x200_relu,10,30,93,0.0022912200074642897,0.001770855626091361
mlp_3x200_relu,10,30,94,0.002291371813043952,0.0017706087091937661
mlp_3x200_relu,10,30,95,0.0022912961430847645,0.0017704012570902705
mlp_3x200_relu,10,30,96,0.002291012555360794,0.0017701026517897844
mlp_3x200_relu,10,30,97,0.0022910069674253464,0.0017719838069751859
mlp_3x200_relu,10,30,98,0.0022909839171916246,0.0017704996280372143
mlp_3x200_relu,10,30,99,0.0022913170978426933,0.0017695178976282477
mlp_3x200_relu,10,30,100,0.0022912020795047283,0.0017707997467368841
mlp_3x200_relu,10,30,101,0.002291290322318673,0.0017711818218231201
mlp_3x200_relu,10,30,102,0.002290913835167885,0.0017700687749311328
mlp_3x200_relu,10,30,103,0.0022910861298441887,0.0017704946221783757
mlp_3x200_relu,10,30,104,0.0022909953258931637,0.0017706273356452584
mlp_3x200_relu,10,30,105,0.0022910970728844404,0.0017713329289108515
mlp_3x200_relu,10,30,106,0.002291277050971985,0.0017701745964586735
mlp_3x200_relu,10,30,107,0.0022914912551641464,0.0017704300116747618
mlp_3x200_relu,10,30,108,0.002291071927174926,0.001770191709510982
mlp_3x200_relu,10,30,109,0.002291490789502859,0.0017702318727970123
mlp_3x200_relu,10,30,110,0.002291141776368022,0.001770656555891037
mlp_3x200_relu,10,30,111,0.002291011856868863,0.001769141759723425
mlp_3x200_relu,10,30,112,0.00229099253192544,0.0017703443299978971
mlp_3x200_relu,10,30,113,0.002291350159794092,0.0017707962542772293
mlp_3x200_relu,10,30,114,0.0022913895081728697,0.0017712877597659826
mlp_3x200_relu,10,30,115,0.002291459823027253,0.0017700435128062963
mlp_3x200_relu,10,30,116,0.002291215118020773,0.0017701840260997415
mlp_3x200_relu,10,30,117,0.002291156444698572,0.0017716661095619202
mlp_3x200_relu,10,30,118,0.0022913350258022547,0.001769596361555159
mlp_3x200_relu,10,30,119,0.0022912719286978245,0.001770094153471291
mlp_3x200_relu,10,30,120,0.0022913217544555664,0.0017701727338135242
mlp_3x200_relu,10,30,121,0.002290997188538313,0.0017711350228637457
mlp_3x200_relu,10,30,122,0.0022909699473530054,0.0017698424635455012
mlp_3x200_relu,10,30,123,0.0022912935819476843,0.0017702624900266528
mlp_3x200_relu,10,30,124,0.0022912377025932074,0.0017699686577543616
mlp_3x200_relu,10,30,125,0.002291054232046008,0.0017703778576105833
mlp_3x200_relu,10,30,126,0.0022910714615136385,0.0017705888021737337
mlp_3x200_relu,10,30,127,0.0022909806575626135,0.0017702579498291016
mlp_3x200_relu,10,30,128,0.0022912726271897554,0.0017700365278869867
mlp_3x200_relu,10,30,129,0.002291038865223527,0.001770158065482974
mlp_3x200_relu,10,30,130,0.0022909885738044977,0.0017709359526634216
mlp_3x200_relu,10,30,131,0.00229117670096457,0.0017703501507639885
mlp_3x200_relu,10,30,132,0.0022913315333426,0.0017706212820485234
mlp_3x200_relu,10,30,133,0.0022912188433110714,0.0017713099950924516
mlp_3x200_relu,10,30,134,0.002290883334353566,0.0017703992780297995
mlp_3x200_relu,10,30,135,0.002291126176714897,0.001769831171259284
mlp_3x200_relu,10,30,136,0.0022914526052773,0.0017701390897855163
mlp_3x200_relu,10,30,137,0.002290907548740506,0.0017715829890221357
mlp_3x200_relu,10,30,138,0.002291389973834157,0.0017708799568936229
mlp_3x200_relu,10,30,139,0.0022914749570190907,0.0017702446784824133
mlp_3x200_relu,10,30,140,0.00229122512973845,0.0017703922931104898
mlp_3x200_relu,10,30,141,0.002291013253852725,0.0017707052174955606
mlp_3x200_relu,10,30,142,0.00229091988876462,0.0017704896163195372
mlp_3x200_relu,10,30,143,0.0022909664548933506,0.0017700872849673033
mlp_3x200_relu,10,30,144,0.002290948759764433,0.0017709253588691354
mlp_3x200_relu,10,30,145,0.002291086595505476,0.0017708241939544678
mlp_3x200_relu,10,30,146,0.0022907336242496967,0.0017704041674733162
mlp_3x200_relu,10,30,147,0.0022912053391337395,0.0017701435135677457
mlp_3x200_relu,10,30,148,0.002291194861754775,0.0017703963676467538
mlp_3x200_relu,10,30,149,0.0022911904379725456,0.0017708595842123032
mlp_3x200_relu,10,30,150,0.002291434910148382,0.0017707982333377004
mlp_3x200_relu,10,30,151,0.002291253535076976,0.0017707290826365352
mlp_3x200_relu,10,30,152,0.0022910458501428366,0.0017708089435473084
mlp_3x200_relu,10,30,153,0.002291301963850856,0.0017711787950247526
mlp_3x200_relu,10,30,154,0.002291653770953417,0.001770462142303586
mlp_3x200_relu,10,30,155,0.002291303128004074,0.0017702056793496013
mlp_3x200_relu,10,30,156,0.002291034674271941,0.0017702082404866815
mlp_3x200_relu,10,30,157,0.0022910120896995068,0.0017701364122331142
mlp_3x200_relu,10,30,158,0.0022912637796252966,0.0017704846104606986
mlp_3x200_relu,10,30,159,0.0022907149977982044,0.0017704147612676024
mlp_3x200_relu,10,30,160,0.002291069831699133,0.0017700818134471774
mlp_3x200_relu,10,30,161,0.0022907101083546877,0.001770509290508926
mlp_3x200_relu,10,30,162,0.00229113781824708,0.0017703345511108637
mlp_3x200_relu,10,30,163,0.002291173441335559,0.001769702765159309
mlp_3x200_relu,10,30,164,0.002291056327521801,0.0017702535260468721
mlp_3x200_relu,10,30,165,0.00229088612832129,0.001770848291926086
mlp_3x200_relu,10,30,166,0.0022911010310053825,0.0017701166216284037
mlp_3x200_relu,10,30,167,0.002291192067787051,0.0017710421234369278
mlp_3x200_relu,10,30,168,0.002291519893333316,0.0017705373466014862
mlp_3x200_relu,10,30,169,0.0022909105755388737,0.0017700745956972241
mlp_3x200_relu,10,30,170,0.0022906388621777296,0.0017699669115245342
mlp_3x200_relu,10,30,171,0.002290859119966626,0.0017703156918287277
mlp_3x200_relu,10,30,172,0.0022913459688425064,0.001769890426658094
mlp_3x200_relu,10,30,173,0.002291332930326462,0.001771113951690495
mlp_3x200_relu,10,30,174,0.002291144337505102,0.0017700984608381987
mlp_3x200_relu,10,30,175,0.002291192766278982,0.0017707428196445107
mlp_3x200_relu,10,30,176,0.002291344106197357,0.0017701965989544988
mlp_3x200_relu,10,30,177,0.0022911017294973135,0.0017712489934638143
mlp_3x200_relu,10,30,178,0.0022912921849638224,0.001771024544723332
mlp_3x200_relu,10,30,179,0.002291212324053049,0.0017696658615022898
mlp_3x200_relu,10,30,180,0.002291272860020399,0.0017700776224955916
mlp_3x200_relu,10,30,181,0.0022912549320608377,0.0017698949668556452
mlp_3x200_relu,10,30,182,0.0022910404950380325,0.0017710875254124403
mlp_3x200_relu,10,30,183,0.0022911103442311287,0.0017697673756629229
mlp_3x200_relu,10,30,184,0.002291325479745865,0.0017699423478916287
mlp_3x200_relu,10,30,185,0.0022911718115210533,0.0017699508462101221
mlp_3x200_relu,10,30,186,0.002291047014296055,0.0017704555066302419
mlp_3x200_relu,10,30,187,0.00229107984341681,0.001771013019606471
mlp_3x200_relu,10,30,188,0.002291470766067505,0.0017703892663121223
mlp_3x200_relu,10,30,189,0.0022910807747393847,0.0017703522462397814
mlp_3x200_relu,10,30,190,0.0022912651766091585,0.00177061150316149
mlp_3x200_relu,10,30,191,0.0022913343273103237,0.0017705275677144527
mlp_3x200_relu,10,30,192,0.00229122512973845,0.0017706478247419
mlp_3x200_relu,10,30,193,0.0022912360727787018,0.0017703964840620756
mlp_3x200_relu,10,30,194,0.0022913923021405935,0.0017704068450257182
mlp_3x200_relu,10,30,195,0.002290939912199974,0.001770638395100832
mlp_3x200_relu,10,30,196,0.00229111360386014,0.0017708479426801205
mlp_3x200_relu,10,30,197,0.002291302429512143,0.0017702087061479688
mlp_3x200_relu,10,30,198,0.0022908595856279135,0.0017697846051305532
mlp_3x200_relu,10,30,199,0.0022909166291356087,0.0017708122031763196
mlp_3x200_relu,10,30,200,0.0022908493410795927,0.001770458766259253
mlp_3x200_relu,10,90,1,0.028463898226618767,0.001092403195798397
mlp_3x200_relu,10,90,2,0.0014509276952594519,0.001031784457154572
mlp_3x200_relu,10,90,3,0.0014410262228921056,0.0010320375440642238
mlp_3x200_relu,10,90,4,0.0014350067358464003,0.0010308026103302836
mlp_3x200_relu,10,90,5,0.0014307427918538451,0.0010300767607986927
mlp_3x200_relu,10,90,6,0.0014286029618233442,0.0010313033126294613
mlp_3x200_relu,10,90,7,0.0014269659295678139,0.0010305438190698624
mlp_3x200_relu,10,90,8,0.0014265627833083272,0.0010302281007170677
mlp_3x200_relu,10,90,9,0.0014257121365517378,0.001030479441396892
mlp_3x200_relu,10,90,10,0.0014256526483222842,0.0010311843361705542
mlp_3x200_relu,10,90,11,0.0014250403037294745,0.0010291885118931532
mlp_3x200_relu,10,90,12,0.0014247046783566475,0.001031111809425056
mlp_3x200_relu,10,90,13,0.0014243467012420297,0.0010294372914358974
mlp_3x200_relu,10,90,14,0.0014240738237276673,0.0010308388154953718
mlp_3x200_relu,10,90,15,0.0014239231823012233,0.0010315307881683111
mlp_3x200_relu,10,90,16,0.0014236406423151493,0.0010299738496541977
mlp_3x200_relu,10,90,17,0.0014233734691515565,0.001031016348861158
mlp_3x200_relu,10,90,18,0.0014237883733585477,0.001031343126669526
mlp_3x200_relu,10,90,19,0.0014237284194678068,0.001032364321872592
mlp_3x200_relu,10,90,20,0.0014231862733140588,0.0010309573262929916
mlp_3x200_relu,10,90,21,0.0014237727737054229,0.0010319483699277043
mlp_3x200_relu,10,90,22,0.0014231910463422537,0.0010308204218745232
mlp_3x200_relu,10,90,23,0.001423441804945469,0.001032879576086998
mlp_3x200_relu,10,90,24,0.0014231675304472446,0.0010309371864423156
mlp_3x200_relu,10,90,25,0.0014237763825803995,0.001033166190609336
mlp_3x200_relu,10,90,26,0.001423241221345961,0.0010310467332601547
mlp_3x200_relu,10,90,27,0.0014233049005270004,0.0010333774844184518
mlp_3x200_relu,10,90,28,0.0014233607798814774,0.0010324062313884497
mlp_3x200_relu,10,90,29,0.0014235676499083638,0.0010332692181691527
mlp_3x200_relu,10,90,30,0.0014237515861168504,0.0010340344160795212
mlp_3x200_relu,10,90,31,0.0014236189890652895,0.001034197281114757
mlp_3x200_relu,10,90,32,0.0014237165451049805,0.0010306182084605098
mlp_3x200_relu,10,90,33,0.0014235161943361163,0.0010337145067751408
mlp_3x200_relu,10,90,34,0.0014233686961233616,0.0010314214741811156
mlp_3x200_relu,10,90,35,0.0014230217784643173,0.00103323336225003
mlp_3x200_relu,10,90,36,0.0014230416854843497,0.0010308093624189496
mlp_3x200_relu,10,90,37,0.001423235284164548,0.0010320484871044755
mlp_3x200_relu,10,90,38,0.0014233025722205639,0.0010318865533918142
mlp_3x200_relu,10,90,39,0.0014234480913728476,0.0010325851617380977
mlp_3x200_relu,10,90,40,0.0014232576359063387,0.0010322326561436057
mlp_3x200_relu,10,90,41,0.0014235087437555194,0.0010337643325328827
mlp_3x200_relu,10,90,42,0.0014234333066269755,0.0010322006419301033
mlp_3x200_relu,10,90,43,0.0014238350559026003,0.0010334246326237917
mlp_3x200_relu,10,90,44,0.0014235622948035598,0.0010323887690901756
mlp_3x200_relu,10,90,45,0.0014229360967874527,0.0010317449923604727
mlp_3x200_relu,10,90,46,0.0014232996618375182,0.0010316973784938455
mlp_3x200_relu,10,90,47,0.0014234490226954222,0.00102996954228729
mlp_3x200_relu,10,90,48,0.001422895584255457,0.0010294851381331682
mlp_3x200_relu,10,90,49,0.0014238599687814713,0.0010320204310119152
mlp_3x200_relu,10,90,50,0.001423416193574667,0.0010318942368030548
mlp_3x200_relu,10,90,51,0.0014233995461836457,0.0010327812051400542
mlp_3x200_relu,10,90,52,0.0014236600836738944,0.0010344128822907805
mlp_3x200_relu,10,90,53,0.0014232276007533073,0.0010319029679521918
mlp_3x200_relu,10,90,54,0.0014235751004889607,0.0010339939035475254
mlp_3x200_relu,10,90,55,0.0014230483211576939,0.0010329252108931541
mlp_3x200_relu,10,90,56,0.0014236707938835025,0.001034059445373714
mlp_3x200_relu,10,90,57,0.001422990346327424,0.001029442180879414
mlp_3x200_relu,10,90,58,0.0014232741668820381,0.0010338474530726671
mlp_3x200_relu,10,90,59,0.0014230962842702866,0.0010307806078344584
mlp_3x200_relu,10,90,60,0.0014232132816687226,0.001032994594424963
mlp_3x200_relu,10,90,61,0.0014232199173420668,0.0010300744324922562
mlp_3x200_relu,10,90,62,0.0014236407587304711,0.0010348391951993108
mlp_3x200_relu,10,90,63,0.0014230947708711028,0.001031643245369196
mlp_3x200_relu,10,90,64,0.0014232585672289133,0.0010340800508856773
mlp_3x200_relu,10,90,65,0.0014230153756216168,0.0010308632627129555
mlp_3x200_relu,10,90,66,0.0014229238731786609,0.0010326659539714456
mlp_3x200_relu,10,90,67,0.0014230923261493444,0.00103139562997967
mlp_3x200_relu,10,90,68,0.0014235185226425529,0.0010325105395168066
mlp_3x200_relu,10,90,69,0.0014235817361623049,0.001032938715070486
mlp_3x200_relu,10,90,70,0.0014236333081498742,0.0010313618695363402
mlp_3x200_relu,10,90,71,0.0014233869733288884,0.0010312740923836827
mlp_3x200_relu,10,90,72,0.001423487439751625,0.001031485735438764
mlp_3x200_relu,10,90,73,0.0014232471585273743,0.0010337530402466655
mlp_3x200_relu,10,90,74,0.0014235853450372815,0.0010338089196011424
mlp_3x200_relu,10,90,75,0.0014230586821213365,0.0010321296285837889
mlp_3x200_relu,10,90,76,0.0014231337700039148,0.0010333637474104762
mlp_3x200_relu,10,90,77,0.0014232492540031672,0.001030435087159276
mlp_3x200_relu,10,90,78,0.0014234076952561736,0.0010334668913856149
mlp_3x200_relu,10,90,79,0.0014227202627807856,0.0010300688445568085
mlp_3x200_relu,10,90,80,0.0014233646215870976,0.0010324205504730344
mlp_3x200_relu,10,90,81,0.0014232269022613764,0.0010320134460926056
mlp_3x200_relu,10,90,82,0.0014236290007829666,0.0010332268429920077
mlp_3x200_relu,10,90,83,0.0014234880218282342,0.0010314708342775702
mlp_3x200_relu,10,90,84,0.0014236740535125136,0.0010328080970793962
mlp_3x200_relu,10,90,85,0.0014238059520721436,0.0010335410479456186
mlp_3x200_relu,10,90,86,0.001423521083779633,0.0010331376688554883
mlp_3x200_relu,10,90,87,0.0014237527502700686,0.0010329086799174547
mlp_3x200_relu,10,90,88,0.001424070680513978,0.001033645705319941
mlp_3x200_relu,10,90,89,0.0014233180554583669,0.0010336312698200345
mlp_3x200_relu,10,90,90,0.0014231762615963817,0.001028729137033224
mlp_3x200_relu,10,90,91,0.0014231187524273992,0.0010322353336960077
mlp_3x200_relu,10,90,92,0.0014232462272047997,0.0010316111147403717
mlp_3x200_relu,10,90,93,0.0014233425026759505,0.0010326766641810536
mlp_3x200_relu,10,90,94,0.0014231072273105383,0.0010308957425877452
mlp_3x200_relu,10,90,95,0.001423605135641992,0.0010342436144128442
mlp_3x200_relu,10,90,96,0.0014234401751309633,0.001031077466905117
mlp_3x200_relu,10,90,97,0.001423613983206451,0.0010351339587941766
mlp_3x200_relu,10,90,98,0.0014233589172363281,0.0010316654806956649
mlp_3x200_relu,10,90,99,0.0014235705602914095,0.0010327931959182024
mlp_3x200_relu,10,90,100,0.0014232462272047997,0.0010310320649296045
mlp_3x200_relu,10,90,101,0.00142291106749326,0.001032660249620676
mlp_3x200_relu,10,90,102,0.001423714216798544,0.0010330582736060023
mlp_3x200_relu,10,90,103,0.001423329347744584,0.0010305873584002256
mlp_3x200_relu,10,90,104,0.0014237838331609964,0.001031112507916987
mlp_3x200_relu,10,90,105,0.0014234884874895215,0.0010328171774744987
mlp_3x200_relu,10,90,106,0.0014239057200029492,0.0010333593236282468
mlp_3x200_relu,10,90,107,0.001423450419679284,0.0010312412632629275
mlp_3x200_relu,10,90,108,0.0014233862748369575,0.0010337912244722247
mlp_3x200_relu,10,90,109,0.0014232492540031672,0.0010330924997106194
mlp_3x200_relu,10,90,110,0.00142357824370265,0.0010302728042006493
mlp_3x200_relu,10,90,111,0.0014232940739020705,0.0010324378963559866
mlp_3x200_relu,10,90,112,0.00142344378400594,0.0010320490691810846
mlp_3x200_relu,10,90,113,0.001423271489329636,0.0010321795707568526
mlp_3x200_relu,10,90,114,0.0014239302836358547,0.0010331006487831473
mlp_3x200_relu,10,90,115,0.0014232201501727104,0.0010312852682545781
mlp_3x200_relu,10,90,116,0.001423587091267109,0.0010340804001316428
mlp_3x200_relu,10,90,117,0.0014234092086553574,0.0010337053099647164
mlp_3x200_relu,10,90,118,0.0014236627612262964,0.0010344869224354625
mlp_3x200_relu,10,90,119,0.0014233003603294492,0.0010307061020284891
mlp_3x200_relu,10,90,120,0.0014238409930840135,0.0010339305736124516
mlp_3x200_relu,10,90,121,0.0014232899993658066,0.0010325695620849729
mlp_3x200_relu,10,90,122,0.0014237287687137723,0.0010328014614060521
mlp_3x200_relu,10,90,123,0.001423387904651463,0.0010318208951503038
mlp_3x200_relu,10,90,124,0.0014232542598620057,0.0010322036687284708
mlp_3x200_relu,10,90,125,0.0014238758012652397,0.0010324682807549834
mlp_3x200_relu,10,90,126,0.0014234668342396617,0.0010294829262420535
mlp_3x200_relu,10,90,127,0.001423137029632926,0.0010331457015126944
mlp_3x200_relu,10,90,128,0.0014230059459805489,0.001032274099998176
mlp_3x200_relu,10,90,129,0.0014236947754397988,0.0010336267296224833
mlp_3x200_relu,10,90,130,0.0014232787070795894,0.001029551262035966
mlp_3x200_relu,10,90,131,0.0014230044325813651,0.0010325453476980329
mlp_3x200_relu,10,90,132,0.0014230434317141771,0.001030895859003067
mlp_3x200_relu,10,90,133,0.0014234238769859076,0.00103324418887496
mlp_3x200_relu,10,90,134,0.0014232215471565723,0.0010299059795215726
mlp_3x200_relu,10,90,135,0.0014235746348276734,0.0010328280040994287
mlp_3x200_relu,10,90,136,0.0014230229426175356,0.0010304712923243642
mlp_3x200_relu,10,90,137,0.0014235255075618625,0.001032348838634789
mlp_3x200_relu,10,90,138,0.0014234104892238975,0.0010317759588360786
mlp_3x200_relu,10,90,139,0.001423881622031331,0.00103452627081424
mlp_3x200_relu,10,90,140,0.001423262874595821,0.0010324883041903377
mlp_3x200_relu,10,90,141,0.0014237610157579184,0.0010347322095185518
mlp_3x200_relu,10,90,142,0.0014230955857783556,0.001029681763611734
mlp_3x200_relu,10,90,143,0.0014235692797228694,0.0010331011144444346
mlp_3x200_relu,10,90,144,0.0014231869718059897,0.001031731255352497
mlp_3x200_relu,10,90,145,0.0014235370326787233,0.0010329157812520862
mlp_3x200_relu,10,90,146,0.0014234004775062203,0.001032453728839755
mlp_3x200_relu,10,90,147,0.001423509675078094,0.0010310424258932471
mlp_3x200_relu,10,90,148,0.0014234434347599745,0.0010321722365915775
mlp_3x200_relu,10,90,149,0.0014230820816010237,0.0010321874869987369
mlp_3x200_relu,10,90,150,0.001423714798875153,0.0010342781897634268
mlp_3x200_relu,10,90,151,0.0014233347028493881,0.0010328515199944377
mlp_3x200_relu,10,90,152,0.0014239023439586163,0.001034170389175415
mlp_3x200_relu,10,90,153,0.0014233539113774896,0.0010325668845325708
mlp_3x200_relu,10,90,154,0.0014235550770536065,0.0010340511798858643
mlp_3x200_relu,10,90,155,0.0014233016408979893,0.001030178158544004
mlp_3x200_relu,10,90,156,0.0014233397087082267,0.0010340517619624734
mlp_3x200_relu,10,90,157,0.001422825618647039,0.0010322679299861193
mlp_3x200_relu,10,90,158,0.0014235794078558683,0.0010317910928279161
mlp_3x200_relu,10,90,159,0.0014233490219339728,0.0010318104177713394
mlp_3x200_relu,10,90,160,0.0014237980358302593,0.0010336863342672586
mlp_3x200_relu,10,90,161,0.001423426205292344,0.0010309821227565408
mlp_3x200_relu,10,90,162,0.0014231126988306642,0.0010333056561648846
mlp_3x200_relu,10,90,163,0.0014234693953767419,0.0010323983151465654
mlp_3x200_relu,10,90,164,0.0014237191062420607,0.0010334972757846117
mlp_3x200_relu,10,90,165,0.0014236990828067064,0.001033402280882001
mlp_3x200_relu,10,90,166,0.0014226987259462476,0.001028995611704886
mlp_3x200_relu,10,90,167,0.0014234216650947928,0.0010333227692171931
mlp_3x200_relu,10,90,168,0.0014231863897293806,0.001030846033245325
mlp_3x200_relu,10,90,169,0.0014230933738872409,0.0010326304472982883
mlp_3x200_relu,10,90,170,0.001423194189555943,0.0010304776951670647
mlp_3x200_relu,10,90,171,0.0014234891859814525,0.0010333185782656074
mlp_3x200_relu,10,90,172,0.0014234880218282342,0.0010304412571713328
mlp_3x200_relu,10,90,173,0.0014235187554731965,0.0010348961222916842
mlp_3x200_relu,10,90,174,0.0014233471592888236,0.0010315758408978581
mlp_3x200_relu,10,90,175,0.0014233518159016967,0.0010331006487831473
mlp_3x200_relu,10,90,176,0.0014234435511752963,0.0010311586083844304
mlp_3x200_relu,10,90,177,0.0014230463420972228,0.0010330319637432694
mlp_3x200_relu,10,90,178,0.001423468696884811,0.0010317385895177722
mlp_3x200_relu,10,90,179,0.0014233195688575506,0.0010320162400603294
mlp_3x200_relu,10,90,180,0.001423418172635138,0.0010303478920832276
mlp_3x200_relu,10,90,181,0.001423488836735487,0.0010322839953005314
mlp_3x200_relu,10,90,182,0.0014235833659768105,0.001032850705087185
mlp_3x200_relu,10,90,183,0.0014239847660064697,0.0010343831963837147
mlp_3x200_relu,10,90,184,0.0014237550785765052,0.0010325200855731964
mlp_3x200_relu,10,90,185,0.0014235704438760877,0.0010347518837079406
mlp_3x200_relu,10,90,186,0.0014234008267521858,0.0010323479073122144
mlp_3x200_relu,10,90,187,0.0014235859271138906,0.0010332252131775022
mlp_3x200_relu,10,90,188,0.0014232763787731528,0.001030218554660678
mlp_3x200_relu,10,90,189,0.00142331188544631,0.0010332076344639063
mlp_3x200_relu,10,90,190,0.0014229024527594447,0.0010308424243703485
mlp_3x200_relu,10,90,191,0.0014233225956559181,0.0010329438373446465
mlp_3x200_relu,10,90,192,0.0014235432026907802,0.0010326775955036283
mlp_3x200_relu,10,90,193,0.0014239615993574262,0.0010334063554182649
mlp_3x200_relu,10,90,194,0.0014231743989512324,0.0010299560381099582
mlp_3x200_relu,10,90,195,0.0014236286515370011,0.0010341370943933725
mlp_3x200_relu,10,90,196,0.0014232160756364465,0.0010320496512576938
mlp_3x200_relu,10,90,197,0.001423641573637724,0.0010330822551622987
mlp_3x200_relu,10,90,198,0.0014235303970053792,0.0010324518661946058
mlp_3x200_relu,10,90,199,0.0014234993141144514,0.0010326170595362782
mlp_3x200_relu,10,90,200,0.0014232262037694454,0.0010291074868291616
mlp_3x200_relu,30,1,1,0.04188612103462219,0.009034810587763786
mlp_3x200_relu,30,1,2,0.01186112966388464,0.009029368869960308
mlp_3x200_relu,30,1,3,0.011862738057971,0.009028583765029907
mlp_3x200_relu,30,1,4,0.011860904283821583,0.009027006104588509
mlp_3x200_relu,30,1,5,0.011860192753374577,0.009025515988469124
mlp_3x200_relu,30,1,6,0.011860267259180546,0.00902576558291912
mlp_3x200_relu,30,1,7,0.011863678693771362,0.00902677234262228
mlp_3x200_relu,30,1,8,0.011863014660775661,0.009026703424751759
mlp_3x200_relu,30,1,9,0.01186209637671709,0.00902652833610773
mlp_3x200_relu,30,1,10,0.011864474043250084,0.009026732295751572
mlp_3x200_relu,30,1,11,0.011864234693348408,0.009025619365274906
mlp_3x200_relu,30,1,12,0.011863494291901588,0.009025737643241882
mlp_3x200_relu,30,1,13,0.011862952262163162,0.009024839848279953
mlp_3x200_relu,30,1,14,0.01186367403715849,0.0090262982994318
mlp_3x200_relu,30,1,15,0.011862538754940033,0.009024854749441147
mlp_3x200_relu,30,1,16,0.011861936189234257,0.009025251492857933
mlp_3x200_relu,30,1,17,0.01186348032206297,0.009027617052197456
mlp_3x200_relu,30,1,18,0.011862071231007576,0.00902482122182846
mlp_3x200_relu,30,1,19,0.011861230246722698,0.009025485254824162
mlp_3x200_relu,30,1,20,0.01186325028538704,0.009026044979691505
mlp_3x200_relu,30,1,21,0.011863146908581257,0.009026221930980682
mlp_3x200_relu,30,1,22,0.01186169870197773,0.009025701321661472
mlp_3x200_relu,30,1,23,0.011862936429679394,0.009026593528687954
mlp_3x200_relu,30,1,24,0.011862372048199177,0.009026220999658108
mlp_3x200_relu,30,1,25,0.011862233281135559,0.009026502259075642
mlp_3x200_relu,30,1,26,0.011864528059959412,0.009025974199175835
mlp_3x200_relu,30,1,27,0.01186275016516447,0.00902478490024805
mlp_3x200_relu,30,1,28,0.01186499372124672,0.009026761166751385
mlp_3x200_relu,30,1,29,0.011866905726492405,0.009025241248309612
mlp_3x200_relu,30,1,30,0.011865193024277687,0.009025833569467068
mlp_3x200_relu,30,1,31,0.01186403539031744,0.00902664102613926
mlp_3x200_relu,30,1,32,0.011862571351230145,0.009024928323924541
mlp_3x200_relu,30,1,33,0.011863398365676403,0.009026367217302322
mlp_3x200_relu,30,1,34,0.011865084990859032,0.009025758132338524
mlp_3x200_relu,30,1,35,0.011863075196743011,0.009025858715176582
mlp_3x200_relu,30,1,36,0.01186536904424429,0.009026551619172096
mlp_3x200_relu,30,1,37,0.011862915009260178,0.009026849642395973
mlp_3x200_relu,30,1,38,0.011868203058838844,0.009025603532791138
mlp_3x200_relu,30,1,39,0.011861506849527359,0.009024064987897873
mlp_3x200_relu,30,1,40,0.01186430361121893,0.009024286642670631
mlp_3x200_relu,30,1,41,0.011863641440868378,0.009023871272802353
mlp_3x200_relu,30,1,42,0.011861630715429783,0.00902439747005701
mlp_3x200_relu,30,1,43,0.01186352875083685,0.00902682263404131
mlp_3x200_relu,30,1,44,0.011862936429679394,0.00902488548308611
mlp_3x200_relu,30,1,45,0.011861959472298622,0.00902530737221241
mlp_3x200_relu,30,1,46,0.01186547614634037,0.00902574323117733
mlp_3x200_relu,30,1,47,0.011861433275043964,0.0090252123773098
mlp_3x200_relu,30,1,48,0.01186409406363964,0.009026041254401207
mlp_3x200_relu,30,1,49,0.011866742745041847,0.00902610830962658
mlp_3x200_relu,30,1,50,0.011863237246870995,0.00902528502047062
mlp_3x200_relu,30,1,51,0.011864217929542065,0.009025897830724716
mlp_3x200_relu,30,1,52,0.01186353899538517,0.009025130420923233
mlp_3x200_relu,30,1,53,0.01186335552483797,0.009025334380567074
mlp_3x200_relu,30,1,54,0.011865737847983837,0.009025555104017258
mlp_3x200_relu,30,1,55,0.011862932704389095,0.009026437997817993
mlp_3x200_relu,30,1,56,0.011863987892866135,0.009025206789374352
mlp_3x200_relu,30,1,57,0.011862274259328842,0.009025901556015015
mlp_3x200_relu,30,1,58,0.011861965991556644,0.009025358594954014
mlp_3x200_relu,30,1,59,0.011861991137266159,0.009026152081787586
mlp_3x200_relu,30,1,60,0.011864298023283482,0.009026214480400085
mlp_3x200_relu,30,1,61,0.011862658895552158,0.009025320410728455
mlp_3x200_relu,30,1,62,0.011863377876579762,0.009025867097079754
mlp_3x200_relu,30,1,63,0.011861387640237808,0.00902495440095663
mlp_3x200_relu,30,1,64,0.01186275016516447,0.009024528786540031
mlp_3x200_relu,30,1,65,0.01186409592628479,0.00902476254850626
mlp_3x200_relu,30,1,66,0.011864312924444675,0.00902484729886055
mlp_3x200_relu,30,1,67,0.011863932944834232,0.009024037048220634
mlp_3x200_relu,30,1,68,0.011863267049193382,0.009025413542985916
mlp_3x200_relu,30,1,69,0.011864454485476017,0.009026030078530312
mlp_3x200_relu,30,1,70,0.011865325272083282,0.009023652411997318
mlp_3x200_relu,30,1,71,0.01186514925211668,0.00902527291327715
mlp_3x200_relu,30,1,72,0.0118620740249753,0.009025096893310547
mlp_3x200_relu,30,1,73,0.011864210478961468,0.00902601983398199
mlp_3x200_relu,30,1,74,0.011866044253110886,0.009026329033076763
mlp_3x200_relu,30,1,75,0.011865233071148396,0.009025275707244873
mlp_3x200_relu,30,1,76,0.011864257045090199,0.009025045670568943
mlp_3x200_relu,30,1,77,0.011863461695611477,0.009026221930980682
mlp_3x200_relu,30,1,78,0.011866014450788498,0.00902471225708723
mlp_3x200_relu,30,1,79,0.011860222555696964,0.009025714360177517
mlp_3x200_relu,30,1,80,0.01186575461179018,0.009026180021464825
mlp_3x200_relu,30,1,81,0.011862533167004585,0.00902719795703888
mlp_3x200_relu,30,1,82,0.011864165775477886,0.009027134627103806
mlp_3x200_relu,30,1,83,0.011864832602441311,0.009026119485497475
mlp_3x200_relu,30,1,84,0.011866494081914425,0.009026125073432922
mlp_3x200_relu,30,1,85,0.011863641440868378,0.00902567058801651
mlp_3x200_relu,30,1,86,0.011863911524415016,0.009025439620018005
mlp_3x200_relu,30,1,87,0.011860647238790989,0.009025314822793007
mlp_3x200_relu,30,1,88,0.01186115201562643,0.009024132043123245
mlp_3x200_relu,30,1,89,0.011864117346704006,0.009026164188981056
mlp_3x200_relu,30,1,90,0.011865699663758278,0.009024979546666145
mlp_3x200_relu,30,1,91,0.011862861923873425,0.009024685248732567
mlp_3x200_relu,30,1,92,0.01186402142047882,0.00902627408504486
mlp_3x200_relu,30,1,93,0.011864780448377132,0.009024335071444511
mlp_3x200_relu,30,1,94,0.011863455176353455,0.009024527855217457
mlp_3x200_relu,30,1,95,0.011863247491419315,0.00902556348592043
mlp_3x200_relu,30,1,96,0.011866621673107147,0.009026055224239826
mlp_3x200_relu,30,1,97,0.011865071021020412,0.009025665000081062
mlp_3x200_relu,30,1,98,0.011863109655678272,0.009026654995977879
mlp_3x200_relu,30,1,99,0.011865856125950813,0.009025674313306808
mlp_3x200_relu,30,1,100,0.011862140148878098,0.009025417268276215
mlp_3x200_relu,30,1,101,0.011864347383379936,0.00902643147855997
mlp_3x200_relu,30,1,102,0.011863608844578266,0.009026027284562588
mlp_3x200_relu,30,1,103,0.011862695217132568,0.009025154635310173
mlp_3x200_relu,30,1,104,0.01186283491551876,0.00902613066136837
mlp_3x200_relu,30,1,105,0.011865130625665188,0.009026458486914635
mlp_3x200_relu,30,1,106,0.011863506399095058,0.009026618674397469
mlp_3x200_relu,30,1,107,0.011865360662341118,0.009027267806231976
mlp_3x200_relu,30,1,108,0.011861796490848064,0.00902507919818163
mlp_3x200_relu,30,1,109,0.011861614882946014,0.009024939499795437
mlp_3x200_relu,30,1,110,0.011861386708915234,0.009024500846862793
mlp_3x200_relu,30,1,111,0.011865987442433834,0.009025057777762413
mlp_3x200_relu,30,1,112,0.011863709427416325,0.009026114828884602
mlp_3x200_relu,30,1,113,0.011862502433359623,0.009024356491863728
mlp_3x200_relu,30,1,114,0.011863591149449348,0.009024522267282009
mlp_3x200_relu,30,1,115,0.011862954124808311,0.009025759994983673
mlp_3x200_relu,30,1,116,0.011865743435919285,0.00902559608221054
mlp_3x200_relu,30,1,117,0.011862976476550102,0.009025055915117264
mlp_3x200_relu,30,1,118,0.011864115484058857,0.009025747887790203
mlp_3x200_relu,30,1,119,0.011865451000630856,0.00902506336569786
mlp_3x200_relu,30,1,120,0.011864769272506237,0.009025627747178078
mlp_3x200_relu,30,1,121,0.011861667037010193,0.009025493636727333
mlp_3x200_relu,30,1,122,0.01186569407582283,0.009026608429849148
mlp_3x200_relu,30,1,123,0.011862718500196934,0.00902570877224207
mlp_3x200_relu,30,1,124,0.011868603527545929,0.00902663916349411
mlp_3x200_relu,30,1,125,0.011863824911415577,0.009025597013533115
mlp_3x200_relu,30,1,126,0.011866043321788311,0.009025013074278831
mlp_3x200_relu,30,1,127,0.011863191612064838,0.009026716463267803
mlp_3x200_relu,30,1,128,0.011863692663609982,0.00902659259736538
mlp_3x200_relu,30,1,129,0.011863223277032375,0.009025665000081062
mlp_3x200_relu,30,1,130,0.01186289545148611,0.009025399573147297
mlp_3x200_relu,30,1,131,0.011865691281855106,0.009025046601891518
mlp_3x200_relu,30,1,132,0.011858416721224785,0.009024307131767273
mlp_3x200_relu,30,1,133,0.011865532025694847,0.009026117622852325
mlp_3x200_relu,30,1,134,0.011862119659781456,0.009024862200021744
mlp_3x200_relu,30,1,135,0.01186323817819357,0.00902677234262228
mlp_3x200_relu,30,1,136,0.01186334528028965,0.00902444589883089
mlp_3x200_relu,30,1,137,0.011861896142363548,0.009025090374052525
mlp_3x200_relu,30,1,138,0.011864001862704754,0.009025371633470058
mlp_3x200_relu,30,1,139,0.01186324656009674,0.00902461539953947
mlp_3x200_relu,30,1,140,0.011865444481372833,0.009025427512824535
mlp_3x200_relu,30,1,141,0.011863724328577518,0.009025984443724155
mlp_3x200_relu,30,1,142,0.01186323631554842,0.009026515297591686
mlp_3x200_relu,30,1,143,0.011861049570143223,0.009025740437209606
mlp_3x200_relu,30,1,144,0.011864048428833485,0.009025001898407936
mlp_3x200_relu,30,1,145,0.011862182058393955,0.009026022627949715
mlp_3x200_relu,30,1,146,0.011863461695611477,0.00902659259736538
mlp_3x200_relu,30,1,147,0.011864165775477886,0.009025374427437782
mlp_3x200_relu,30,1,148,0.011865286156535149,0.00902547501027584
mlp_3x200_relu,30,1,149,0.011865904554724693,0.00902529340237379
mlp_3x200_relu,30,1,150,0.01186519954353571,0.009024669416248798
mlp_3x200_relu,30,1,151,0.01186428964138031,0.009025237523019314
mlp_3x200_relu,30,1,152,0.011865225620567799,0.009025811217725277
mlp_3x200_relu,30,1,153,0.011866440996527672,0.009024502709507942
mlp_3x200_relu,30,1,154,0.011864368803799152,0.009024814702570438
mlp_3x200_relu,30,1,155,0.011863046325743198,0.009026451967656612
mlp_3x200_relu,30,1,156,0.011866116896271706,0.009024322032928467
mlp_3x200_relu,30,1,157,0.011863340623676777,0.009025213308632374
mlp_3x200_relu,30,1,158,0.011861898936331272,0.009023762308061123
mlp_3x200_relu,30,1,159,0.011863196268677711,0.009025786072015762
mlp_3x200_relu,30,1,160,0.011861871927976608,0.009025542065501213
mlp_3x200_relu,30,1,161,0.011862616054713726,0.009024813771247864
mlp_3x200_relu,30,1,162,0.011864027939736843,0.009027119725942612
mlp_3x200_relu,30,1,163,0.011862977407872677,0.009025373496115208
mlp_3x200_relu,30,1,164,0.011864452622830868,0.00902634859085083
mlp_3x200_relu,30,1,165,0.011865084990859032,0.009025798179209232
mlp_3x200_relu,30,1,166,0.011863256804645061,0.009025719948112965
mlp_3x200_relu,30,1,167,0.011865687556564808,0.00902529526501894
mlp_3x200_relu,30,1,168,0.01186444517225027,0.0090261185541749
mlp_3x200_relu,30,1,169,0.011863757856190205,0.009025963954627514
mlp_3x200_relu,30,1,170,0.011861716397106647,0.009024444036185741
mlp_3x200_relu,30,1,171,0.01186532061547041,0.009026073850691319
mlp_3x200_relu,30,1,172,0.011864326894283295,0.009025583043694496
mlp_3x200_relu,30,1,173,0.01185968704521656,0.00902488362044096
mlp_3x200_relu,30,1,174,0.011865491978824139,0.00902500282973051
mlp_3x200_relu,30,1,175,0.011861047707498074,0.009024804458022118
mlp_3x200_relu,30,1,176,0.011865038424730301,0.009024614468216896
mlp_3x200_relu,30,1,177,0.01186460442841053,0.009025922045111656
mlp_3x200_relu,30,1,178,0.011864202097058296,0.009025240316987038
mlp_3x200_relu,30,1,179,0.011863034218549728,0.009024889208376408
mlp_3x200_relu,30,1,180,0.011864026077091694,0.009026133455336094
mlp_3x200_relu,30,1,181,0.011865555308759212,0.009023653343319893
mlp_3x200_relu,30,1,182,0.011861816048622131,0.00902570877224207
mlp_3x200_relu,30,1,183,0.011865353211760521,0.009026121348142624
mlp_3x200_relu,30,1,184,0.01186463888734579,0.009026332758367062
mlp_3x200_relu,30,1,185,0.011864451691508293,0.009025364182889462
mlp_3x200_relu,30,1,186,0.011862986721098423,0.009025519713759422
mlp_3x200_relu,30,1,187,0.01186416856944561,0.009025092236697674
mlp_3x200_relu,30,1,188,0.011865779757499695,0.009025265462696552
mlp_3x200_relu,30,1,189,0.011863176710903645,0.0090254545211792
mlp_3x200_relu,30,1,190,0.0118617694824934,0.009026331827044487
mlp_3x200_relu,30,1,191,0.011864887550473213,0.009025143459439278
mlp_3x200_relu,30,1,192,0.01186397485435009,0.009026685729622841
mlp_3x200_relu,30,1,193,0.011866219341754913,0.009025891311466694
mlp_3x200_relu,30,1,194,0.011864439584314823,0.009024541825056076
mlp_3x200_relu,30,1,195,0.011864905245602131,0.009025723673403263
mlp_3x200_relu,30,1,196,0.01186203584074974,0.009026797488331795
mlp_3x200_relu,30,1,197,0.011862962506711483,0.009024081751704216
mlp_3x200_relu,30,1,198,0.011861220933496952,0.00902571901679039
mlp_3x200_relu,30,1,199,0.011862725019454956,0.00902494415640831
mlp_3x200_relu,30,1,200,0.011866223067045212,0.009024753235280514
mlp_3x200_relu,30,5,1,0.03763725981116295,0.00415506586432457
mlp_3x200_relu,30,5,2,0.005513799376785755,0.004163432400673628
mlp_3x200_relu,30,5,3,0.005513669922947884,0.004157777410000563
mlp_3x200_relu,30,5,4,0.0055101895704865456,0.00415878975763917
mlp_3x200_relu,30,5,5,0.005510163493454456,0.004158844240009785
mlp_3x200_relu,30,5,6,0.005510977003723383,0.004159122239798307
mlp_3x200_relu,30,5,7,0.005510518327355385,0.004159546922892332
mlp_3x200_relu,30,5,8,0.005510556045919657,0.0041611990891397
mlp_3x200_relu,30,5,9,0.005510483402758837,0.004159938544034958
mlp_3x200_relu,30,5,10,0.005511228460818529,0.0041602598503232
mlp_3x200_relu,30,5,11,0.005511145573109388,0.004160204436630011
mlp_3x200_relu,30,5,12,0.005511674098670483,0.004159250762313604
mlp_3x200_relu,30,5,13,0.005510816816240549,0.004159238189458847
mlp_3x200_relu,30,5,14,0.005512060597538948,0.004159840289503336
mlp_3x200_relu,30,5,15,0.0055115725845098495,0.004159288480877876
mlp_3x200_relu,30,5,16,0.005510988179594278,0.0041591450572013855
mlp_3x200_relu,30,5,17,0.005511076655238867,0.0041590300388634205
mlp_3x200_relu,30,5,18,0.005511007737368345,0.004158436320722103
mlp_3x200_relu,30,5,19,0.005511242896318436,0.0041599152609705925
mlp_3x200_relu,30,5,20,0.005511502269655466,0.004158863797783852
mlp_3x200_relu,30,5,21,0.005510648246854544,0.0041593946516513824
mlp_3x200_relu,30,5,22,0.005511163733899593,0.004158631898462772
mlp_3x200_relu,30,5,23,0.005510208196938038,0.004158796276897192
mlp_3x200_relu,30,5,24,0.0055111669935286045,0.004158543422818184
mlp_3x200_relu,30,5,25,0.005510449409484863,0.004157924093306065
mlp_3x200_relu,30,5,26,0.0055107478983700275,0.004159285221248865
mlp_3x200_relu,30,5,27,0.005510506685823202,0.004157861229032278
mlp_3x200_relu,30,5,28,0.005510884337127209,0.0041593401692807674
mlp_3x200_relu,30,5,29,0.005510643590241671,0.004159331787377596
mlp_3x200_relu,30,5,30,0.005511555355042219,0.0041585518047213554
mlp_3x200_relu,30,5,31,0.005510826129466295,0.004158158786594868
mlp_3x200_relu,30,5,32,0.005510441027581692,0.004158094525337219
mlp_3x200_relu,30,5,33,0.005510335322469473,0.004159138537943363
mlp_3x200_relu,30,5,34,0.0055113378912210464,0.0041593704372644424
mlp_3x200_relu,30,5,35,0.005510594695806503,0.004158525262027979
mlp_3x200_relu,30,5,36,0.005511139053851366,0.004158603027462959
mlp_3x200_relu,30,5,37,0.005509992595762014,0.0041577075608074665
mlp_3x200_relu,30,5,38,0.0055107795633375645,0.004158412106335163
mlp_3x200_relu,30,5,39,0.005510179791599512,0.004158745054155588
mlp_3x200_relu,30,5,40,0.00551008153706789,0.004158938769251108
mlp_3x200_relu,30,5,41,0.0055117132142186165,0.004159156698733568
mlp_3x200_relu,30,5,42,0.005510074086487293,0.004158558323979378
mlp_3x200_relu,30,5,43,0.005511790979653597,0.004160503391176462
mlp_3x200_relu,30,5,44,0.0055112107656896114,0.0041594188660383224
mlp_3x200_relu,30,5,45,0.0055118766613304615,0.004158697556704283
mlp_3x200_relu,30,5,46,0.005510885734111071,0.004158434458076954
mlp_3x200_relu,30,5,47,0.005511189345270395,0.0041591874323785305
mlp_3x200_relu,30,5,48,0.005511143244802952,0.004159354139119387
mlp_3x200_relu,30,5,49,0.005510873161256313,0.00415867380797863
mlp_3x200_relu,30,5,50,0.005510846618562937,0.004158650059252977
mlp_3x200_relu,30,5,51,0.005510816350579262,0.0041589392349123955
mlp_3x200_relu,30,5,52,0.0055111004039645195,0.004158820956945419
mlp_3x200_relu,30,5,53,0.005510849878191948,0.004158742725849152
mlp_3x200_relu,30,5,54,0.00551087548956275,0.004158427473157644
mlp_3x200_relu,30,5,55,0.005510304588824511,0.004158397670835257
mlp_3x200_relu,30,5,56,0.005510125309228897,0.004158309660851955
mlp_3x200_relu,30,5,57,0.005511322058737278,0.004158381838351488
mlp_3x200_relu,30,5,58,0.00551114184781909,0.0041588181629776955
mlp_3x200_relu,30,5,59,0.0055109127424657345,0.004159138072282076
mlp_3x200_relu,30,5,60,0.005511389579623938,0.004158656578511
mlp_3x200_relu,30,5,61,0.00551126804202795,0.004159417934715748
mlp_3x200_relu,30,5,62,0.005511658266186714,0.00415844889357686
mlp_3x200_relu,30,5,63,0.005511375144124031,0.004157531075179577
mlp_3x200_relu,30,5,64,0.005509756971150637,0.004159126430749893
mlp_3x200_relu,30,5,65,0.005511217284947634,0.004158163908869028
mlp_3x200_relu,30,5,66,0.005510798655450344,0.004158941097557545
mlp_3x200_relu,30,5,67,0.005510767921805382,0.004159058444201946
mlp_3x200_relu,30,5,68,0.00551042752340436,0.004158939700573683
mlp_3x200_relu,30,5,69,0.005510879214853048,0.004160044714808464
mlp_3x200_relu,30,5,70,0.005510695744305849,0.004158219788223505
mlp_3x200_relu,30,5,71,0.005511075723916292,0.004159195348620415
mlp_3x200_relu,30,5,72,0.00551121449097991,0.004158764146268368
mlp_3x200_relu,30,5,73,0.0055115413852036,0.0041591147892177105
mlp_3x200_relu,30,5,74,0.005510337185114622,0.004158278927206993
mlp_3x200_relu,30,5,75,0.005510625429451466,0.004158850759267807
mlp_3x200_relu,30,5,76,0.005510849878191948,0.004157932009547949
mlp_3x200_relu,30,5,77,0.005510570015758276,0.004157849121838808
mlp_3x200_relu,30,5,78,0.005511268973350525,0.004158500581979752
mlp_3x200_relu,30,5,79,0.0055098822340369225,0.004158479627221823
mlp_3x200_relu,30,5,80,0.0055108629167079926,0.004157309420406818
mlp_3x200_relu,30,5,81,0.0055102757178246975,0.004158605821430683
mlp_3x200_relu,30,5,82,0.005511705297976732,0.004159006290137768
mlp_3x200_relu,30,5,83,0.005510433577001095,0.004159834701567888
mlp_3x200_relu,30,5,84,0.005510571878403425,0.004158510826528072
mlp_3x200_relu,30,5,85,0.005511393770575523,0.004158269613981247
mlp_3x200_relu,30,5,86,0.00551044475287199,0.0041589210741221905
mlp_3x200_relu,30,5,87,0.005510830786079168,0.004158048424869776
mlp_3x200_relu,30,5,88,0.00551143242046237,0.004159223288297653
mlp_3x200_relu,30,5,89,0.005510937422513962,0.004158223979175091
mlp_3x200_relu,30,5,90,0.005511327181011438,0.004159160424023867
mlp_3x200_relu,30,5,91,0.005511553958058357,0.004158572293817997
mlp_3x200_relu,30,5,92,0.005510764662176371,0.00415789894759655
mlp_3x200_relu,30,5,93,0.005511099938303232,0.0041586668230593204
mlp_3x200_relu,30,5,94,0.005510243587195873,0.004159118514508009
mlp_3x200_relu,30,5,95,0.005510151851922274,0.004159226547926664
mlp_3x200_relu,30,5,96,0.0055104815401136875,0.004159996751695871
mlp_3x200_relu,30,5,97,0.0055102272890508175,0.004158704075962305
mlp_3x200_relu,30,5,98,0.005510947201400995,0.0041587986052036285
mlp_3x200_relu,30,5,99,0.00551138399168849,0.00415871012955904
mlp_3x200_relu,30,5,100,0.005510615184903145,0.004158656112849712
mlp_3x200_relu,30,5,101,0.0055109551176428795,0.004157980438321829
mlp_3x200_relu,30,5,102,0.005511375144124031,0.004159464500844479
mlp_3x200_relu,30,5,103,0.005509958602488041,0.004159633535891771
mlp_3x200_relu,30,5,104,0.005510839633643627,0.004159756936132908
mlp_3x200_relu,30,5,105,0.005510805174708366,0.004158829804509878
mlp_3x200_relu,30,5,106,0.005511313211172819,0.004159023053944111
mlp_3x200_relu,30,5,107,0.005510636139661074,0.004159188363701105
mlp_3x200_relu,30,5,108,0.005510997027158737,0.004158555995672941
mlp_3x200_relu,30,5,109,0.005510519724339247,0.00415827939286828
mlp_3x200_relu,30,5,110,0.005511261988431215,0.00415803212672472
mlp_3x200_relu,30,5,111,0.005511229392141104,0.0041600000113248825
mlp_3x200_relu,30,5,112,0.005510992370545864,0.004158398602157831
mlp_3x200_relu,30,5,113,0.005510187242180109,0.0041577802039682865
mlp_3x200_relu,30,5,114,0.005510786082595587,0.004157899878919125
mlp_3x200_relu,30,5,115,0.005511004943400621,0.0041591450572013855
mlp_3x200_relu,30,5,116,0.005510531831532717,0.004158524330705404
mlp_3x200_relu,30,5,117,0.005511149764060974,0.004158293828368187
mlp_3x200_relu,30,5,118,0.005510763265192509,0.0041585760191082954
mlp_3x200_relu,30,5,119,0.005510994698852301,0.004158804193139076
mlp_3x200_relu,30,5,120,0.005510205868631601,0.004158466123044491
mlp_3x200_relu,30,5,121,0.0055110277608036995,0.004159025382250547
mlp_3x200_relu,30,5,122,0.005511340219527483,0.004158811178058386
mlp_3x200_relu,30,5,123,0.005509763024747372,0.004158063791692257
mlp_3x200_relu,30,5,124,0.0055114212445914745,0.004159202333539724
mlp_3x200_relu,30,5,125,0.00551070598885417,0.004158726427704096
mlp_3x200_relu,30,5,126,0.005511501803994179,0.004157826770097017
mlp_3x200_relu,30,5,127,0.005510187242180109,0.004158397670835257
mlp_3x200_relu,30,5,128,0.005511439871042967,0.004159093834459782
mlp_3x200_relu,30,5,129,0.005510564893484116,0.004158815834671259
mlp_3x200_relu,30,5,130,0.005510740913450718,0.004158531315624714
mlp_3x200_relu,30,5,131,0.00551155349239707,0.0041593038477003574
mlp_3x200_relu,30,5,132,0.005510640796273947,0.004159182775765657
mlp_3x200_relu,30,5,133,0.005510707385838032,0.0041591026820242405
mlp_3x200_relu,30,5,134,0.005510983522981405,0.004158137831836939
mlp_3x200_relu,30,5,135,0.005511153023689985,0.004158672410994768
mlp_3x200_relu,30,5,136,0.005510803312063217,0.00415978254750371
mlp_3x200_relu,30,5,137,0.005511343013495207,0.004158062394708395
mlp_3x200_relu,30,5,138,0.005510664079338312,0.004158736206591129
mlp_3x200_relu,30,5,139,0.0055115618743002415,0.004158076364547014
mlp_3x200_relu,30,5,140,0.0055105434730648994,0.004158612806349993
mlp_3x200_relu,30,5,141,0.005511047784239054,0.0041591632179915905
mlp_3x200_relu,30,5,142,0.005510814022272825,0.004159506410360336
mlp_3x200_relu,30,5,143,0.005511233117431402,0.004158536437898874
mlp_3x200_relu,30,5,144,0.005510969553142786,0.004157993011176586
mlp_3x200_relu,30,5,145,0.005511824507266283,0.004160007461905479
mlp_3x200_relu,30,5,146,0.005510252434760332,0.004158719442784786
mlp_3x200_relu,30,5,147,0.005509762093424797,0.004157891497015953
mlp_3x200_relu,30,5,148,0.005510883405804634,0.004158216528594494
mlp_3x200_relu,30,5,149,0.005510552320629358,0.004158310126513243
mlp_3x200_relu,30,5,150,0.005510694347321987,0.004158704075962305
mlp_3x200_relu,30,5,151,0.0055116270668804646,0.004157437011599541
mlp_3x200_relu,30,5,152,0.00551102077588439,0.00415908545255661
mlp_3x200_relu,30,5,153,0.0055103544145822525,0.004157886374741793
mlp_3x200_relu,30,5,154,0.005510821007192135,0.004158813040703535
mlp_3x200_relu,30,5,155,0.0055110459215939045,0.004158202093094587
mlp_3x200_relu,30,5,156,0.00551074231043458,0.004158164374530315
mlp_3x200_relu,30,5,157,0.00551125081256032,0.004159613512456417
mlp_3x200_relu,30,5,158,0.005510580260306597,0.004158510826528072
mlp_3x200_relu,30,5,159,0.00551079586148262,0.004158726893365383
mlp_3x200_relu,30,5,160,0.005511122290045023,0.00415899557992816
mlp_3x200_relu,30,5,161,0.0055110701359808445,0.004159118980169296
mlp_3x200_relu,30,5,162,0.005511851515620947,0.004158283583819866
mlp_3x200_relu,30,5,163,0.005510952789336443,0.004159003030508757
mlp_3x200_relu,30,5,164,0.005510585382580757,0.004158593248575926
mlp_3x200_relu,30,5,165,0.005511032417416573,0.004159374162554741
mlp_3x200_relu,30,5,166,0.005511595867574215,0.004158825147897005
mlp_3x200_relu,30,5,167,0.0055101970210671425,0.004158323165029287
mlp_3x200_relu,30,5,168,0.005510381888598204,0.004158421885222197
mlp_3x200_relu,30,5,169,0.0055111488327383995,0.004158115014433861
mlp_3x200_relu,30,5,170,0.0055104889906942844,0.004159156233072281
mlp_3x200_relu,30,5,171,0.005511337425559759,0.004157552495598793
mlp_3x200_relu,30,5,172,0.00551001587882638,0.004159936215728521
mlp_3x200_relu,30,5,173,0.005511424038559198,0.004159002099186182
mlp_3x200_relu,30,5,174,0.005510983057320118,0.004159968346357346
mlp_3x200_relu,30,5,175,0.005511162336915731,0.004157613031566143
mlp_3x200_relu,30,5,176,0.005511172115802765,0.0041591511107981205
mlp_3x200_relu,30,5,177,0.0055106221698224545,0.004160002805292606
mlp_3x200_relu,30,5,178,0.005511544644832611,0.0041597760282456875
mlp_3x200_relu,30,5,179,0.005511140450835228,0.004159263800829649
mlp_3x200_relu,30,5,180,0.005510969553142786,0.004158360883593559
mlp_3x200_relu,30,5,181,0.0055106463842093945,0.004159085918217897
mlp_3x200_relu,30,5,182,0.005511274561285973,0.004158682189881802
mlp_3x200_relu,30,5,183,0.00551079073920846,0.004158280789852142
mlp_3x200_relu,30,5,184,0.0055114515125751495,0.0041591632179915905
mlp_3x200_relu,30,5,185,0.00551036698743701,0.004159209318459034
mlp_3x200_relu,30,5,186,0.0055105555802583694,0.004157960414886475
mlp_3x200_relu,30,5,187,0.005510671529918909,0.004159408621490002
mlp_3x200_relu,30,5,188,0.0055107977241277695,0.004158855881541967
mlp_3x200_relu,30,5,189,0.005510678514838219,0.004159046337008476
mlp_3x200_relu,30,5,190,0.005511564202606678,0.004158796742558479
mlp_3x200_relu,30,5,191,0.005510902497917414,0.00415857182815671
mlp_3x200_relu,30,5,192,0.005510419607162476,0.0041597201488912106
mlp_3x200_relu,30,5,193,0.005510652903467417,0.004158237483352423
mlp_3x200_relu,30,5,194,0.005511023104190826,0.004158195573836565
mlp_3x200_relu,30,5,195,0.005510719958692789,0.0041588894091546535
mlp_3x200_relu,30,5,196,0.00551033578813076,0.004158226307481527
mlp_3x200_relu,30,5,197,0.005511161871254444,0.00415836414322257
mlp_3x200_relu,30,5,198,0.005510883871465921,0.004158575087785721
mlp_3x200_relu,30,5,199,0.005511055234819651,0.004159934353083372
mlp_3x200_relu,30,5,200,0.005510852672159672,0.004159367177635431
mlp_3x200_relu,30,30,1,0.03558215871453285,0.0018094847910106182
mlp_3x200_relu,30,30,2,0.002306723967194557,0.0017821809742599726
mlp_3x200_relu,30,30,3,0.0023020654916763306,0.0017791131976991892
mlp_3x200_relu,30,30,4,0.002299600513651967,0.0017798783956095576
mlp_3x200_relu,30,30,5,0.002297335769981146,0.0017795924795791507
mlp_3x200_relu,30,30,6,0.0022965308744460344,0.0017811631551012397
mlp_3x200_relu,30,30,7,0.002296268241479993,0.0017810717690736055
mlp_3x200_relu,30,30,8,0.0022955499589443207,0.0017804170493036509
mlp_3x200_relu,30,30,9,0.002295592799782753,0.001780964434146881
mlp_3x200_relu,30,30,10,0.0022954042069613934,0.001780244754627347
mlp_3x200_relu,30,30,11,0.002295269165188074,0.0017804594244807959
mlp_3x200_relu,30,30,12,0.0022946754470467567,0.001780277001671493
mlp_3x200_relu,30,30,13,0.0022952337749302387,0.001779229030944407
mlp_3x200_relu,30,30,14,0.002294819802045822,0.0017798114567995071
mlp_3x200_relu,30,30,15,0.002295399084687233,0.0017779358895495534
mlp_3x200_relu,30,30,16,0.00229480373673141,0.0017789617413654923
mlp_3x200_relu,30,30,17,0.0022948046680539846,0.0017780620837584138
mlp_3x200_relu,30,30,18,0.0022949939593672752,0.0017787721008062363
mlp_3x200_relu,30,30,19,0.00229443795979023,0.0017786882817745209
mlp_3x200_relu,30,30,20,0.00229469477199018,0.0017791374120861292
mlp_3x200_relu,30,30,21,0.0022949848789721727,0.0017795052845031023
mlp_3x200_relu,30,30,22,0.0022947986144572496,0.0017792930593714118
mlp_3x200_relu,30,30,23,0.0022947618272155523,0.001778881996870041
mlp_3x200_relu,30,30,24,0.002295013517141342,0.0017788506811484694
mlp_3x200_relu,30,30,25,0.002294429810717702,0.0017787925899028778
mlp_3x200_relu,30,30,26,0.0022949751000851393,0.0017786696553230286
mlp_3x200_relu,30,30,27,0.002295002108439803,0.0017786032985895872
mlp_3x200_relu,30,30,28,0.002295020269230008,0.001778633100911975
mlp_3x200_relu,30,30,29,0.002295159734785557,0.0017778861802071333
mlp_3x200_relu,30,30,30,0.0022944502998143435,0.0017787980614230037
mlp_3x200_relu,30,30,31,0.00229449151083827,0.001778279896825552
mlp_3x200_relu,30,30,32,0.0022945592645555735,0.0017781726783141494
mlp_3x200_relu,30,30,33,0.0022944901138544083,0.0017783954972401261
mlp_3x200_relu,30,30,34,0.0022948449477553368,0.0017789123812690377
mlp_3x200_relu,30,30,35,0.00229487381875515,0.0017783137736842036
mlp_3x200_relu,30,30,36,0.002295093610882759,0.0017778853652998805
mlp_3x200_relu,30,30,37,0.0022943851072341204,0.0017778828041628003
mlp_3x200_relu,30,30,38,0.0022948116529732943,0.001779043348506093
mlp_3x200_relu,30,30,39,0.002294599311426282,0.0017768937395885587
mlp_3x200_relu,30,30,40,0.0022949064150452614,0.001779855927452445
mlp_3x200_relu,30,30,41,0.002294817939400673,0.0017779890913516283
mlp_3x200_relu,30,30,42,0.0022945019882172346,0.0017781141214072704
mlp_3x200_relu,30,30,43,0.0022946815006434917,0.001778030302375555
mlp_3x200_relu,30,30,44,0.0022947005927562714,0.0017788830446079373
mlp_3x200_relu,30,30,45,0.0022949043195694685,0.0017791527789086103
mlp_3x200_relu,30,30,46,0.0022948209661990404,0.0017787300748750567
mlp_3x200_relu,30,30,47,0.0022948833648115396,0.0017780127236619592
mlp_3x200_relu,30,30,48,0.0022946896497160196,0.0017785456730052829
mlp_3x200_relu,30,30,49,0.002294810488820076,0.0017775503220036626
mlp_3x200_relu,30,30,50,0.0022946910466998816,0.0017781048081815243
mlp_3x200_relu,30,30,51,0.002294890582561493,0.001778098871000111
mlp_3x200_relu,30,30,52,0.0022947881370782852,0.0017786872340366244
mlp_3x200_relu,30,30,53,0.0022946461103856564,0.00177804846316576
mlp_3x200_relu,30,30,54,0.002294753445312381,0.0017786044627428055
mlp_3x200_relu,30,30,55,0.0022946461103856564,0.0017778786132112145
mlp_3x200_relu,30,30,56,0.0022948244586586952,0.0017789050471037626
mlp_3x200_relu,30,30,57,0.0022943716030567884,0.0017789186676964164
mlp_3x200_relu,30,30,58,0.002294576494023204,0.0017779741901904345
mlp_3x200_relu,30,30,59,0.002295006299391389,0.0017789308913052082
mlp_3x200_relu,30,30,60,0.002294858219102025,0.0017776003805920482
mlp_3x200_relu,30,30,61,0.0022949606645852327,0.0017779290210455656
mlp_3x200_relu,30,30,62,0.0022945888340473175,0.0017787822289392352
mlp_3x200_relu,30,30,63,0.002294325502589345,0.0017778673209249973
mlp_3x200_relu,30,30,64,0.002294740406796336,0.0017787415999919176
mlp_3x200_relu,30,30,65,0.00229469477199018,0.0017781654605641961
mlp_3x200_relu,30,30,66,0.002294448669999838,0.001778472913429141
mlp_3x200_relu,30,30,67,0.002295011654496193,0.0017783809453248978
mlp_3x200_relu,30,30,68,0.0022947865072637796,0.001778928330168128
mlp_3x200_relu,30,30,69,0.0022945026867091656,0.0017769441474229097
mlp_3x200_relu,30,30,70,0.002294661942869425,0.0017777018947526813
mlp_3x200_relu,30,30,71,0.0022947259712964296,0.0017784639494493604
mlp_3x200_relu,30,30,72,0.002294488251209259,0.0017786750104278326
mlp_3x200_relu,30,30,73,0.0022949755657464266,0.0017794535961002111
mlp_3x200_relu,30,30,74,0.0022943259682506323,0.001778480364009738
mlp_3x200_relu,30,30,75,0.00229460746049881,0.0017782903742045164
mlp_3x200_relu,30,30,76,0.002294324804097414,0.0017783925868570805
mlp_3x200_relu,30,30,77,0.0022947369143366814,0.0017786201788112521
mlp_3x200_relu,30,30,78,0.0022946454118937254,0.0017791270511224866
mlp_3x200_relu,30,30,79,0.002294718287885189,0.0017787727992981672
mlp_3x200_relu,30,30,80,0.0022950361017137766,0.0017782604554668069
mlp_3x200_relu,30,30,81,0.002294576494023204,0.0017779950285330415
mlp_3x200_relu,30,30,82,0.002294651698321104,0.0017779795452952385
mlp_3x200_relu,30,30,83,0.0022948437836021185,0.0017784690717235208
mlp_3x200_relu,30,30,84,0.0022947024554014206,0.0017786526586860418
mlp_3x200_relu,30,30,85,0.00229498534463346,0.0017780042253434658
mlp_3x200_relu,30,30,86,0.0022948377300053835,0.0017784616211429238
mlp_3x200_relu,30,30,87,0.002294457983225584,0.001778028323315084
mlp_3x200_relu,30,30,88,0.002294467529281974,0.0017769671976566315
mlp_3x200_relu,30,30,89,0.002294758800417185,0.0017781701171770692
mlp_3x200_relu,30,30,90,0.0022948230616748333,0.0017786382231861353
mlp_3x200_relu,30,30,91,0.0022947220131754875,0.0017776897875592113
mlp_3x200_relu,30,30,92,0.0022950335405766964,0.0017791358986869454
mlp_3x200_relu,30,30,93,0.0022949399426579475,0.001778765581548214
mlp_3x200_relu,30,30,94,0.0022947906982153654,0.0017787528922781348
mlp_3x200_relu,30,30,95,0.0022948107216507196,0.001779017853550613
mlp_3x200_relu,30,30,96,0.0022945196833461523,0.001778092235326767
mlp_3x200_relu,30,30,97,0.0022945005912333727,0.001778117846697569
mlp_3x200_relu,30,30,98,0.0022946565877646208,0.0017786466050893068
mlp_3x200_relu,30,30,99,0.0022954032756388187,0.0017783561488613486
mlp_3x200_relu,30,30,100,0.0022947564721107483,0.0017780486959964037
mlp_3x200_relu,30,30,101,0.002295008162036538,0.0017790017882362008
mlp_3x200_relu,30,30,102,0.0022944174706935883,0.001778671401552856
mlp_3x200_relu,30,30,103,0.002295117825269699,0.0017784832743927836
mlp_3x200_relu,30,30,104,0.002294467529281974,0.0017784206429496408
mlp_3x200_relu,30,30,105,0.0022949420381337404,0.0017780620837584138
mlp_3x200_relu,30,30,106,0.0022946568205952644,0.0017780479975044727
mlp_3x200_relu,30,30,107,0.0022948458790779114,0.0017772464780136943
mlp_3x200_relu,30,30,108,0.0022943848744034767,0.0017774428706616163
mlp_3x200_relu,30,30,109,0.002294999547302723,0.0017770994454622269
mlp_3x200_relu,30,30,110,0.002294354373589158,0.0017775302985683084
mlp_3x200_relu,30,30,111,0.002294739941135049,0.0017780665075406432
mlp_3x200_relu,30,30,112,0.002294735051691532,0.0017780200578272343
mlp_3x200_relu,30,30,113,0.002294882433488965,0.001778677455149591
mlp_3x200_relu,30,30,114,0.002294827252626419,0.0017793129663914442
mlp_3x200_relu,30,30,115,0.0022946526296436787,0.0017775442684069276
mlp_3x200_relu,30,30,116,0.0022946635726839304,0.0017790364800021052
mlp_3x200_relu,30,30,117,0.0022947422694414854,0.001777963014319539
mlp_3x200_relu,30,30,118,0.002294987440109253,0.0017782904906198382
mlp_3x200_relu,30,30,119,0.002294674050062895,0.0017777883913367987
mlp_3x200_relu,30,30,120,0.0022948523983359337,0.0017778821056708694
mlp_3x200_relu,30,30,121,0.0022945275995880365,0.0017789836274459958
mlp_3x200_relu,30,30,122,0.0022945350501686335,0.0017797931795939803
mlp_3x200_relu,30,30,123,0.0022946333047002554,0.0017782732611522079
mlp_3x200_relu,30,30,124,0.00229504331946373,0.0017779855988919735
mlp_3x200_relu,30,30,125,0.002294615376740694,0.001777979196049273
mlp_3x200_relu,30,30,126,0.0022948640398681164,0.0017788228578865528
mlp_3x200_relu,30,30,127,0.002294667297974229,0.0017777510220184922
mlp_3x200_relu,30,30,128,0.0022944335360080004,0.0017780737252905965
mlp_3x200_relu,30,30,129,0.0022948472760617733,0.0017777077155187726
mlp_3x200_relu,30,30,130,0.0022947618272155523,0.0017778842011466622
mlp_3x200_relu,30,30,131,0.00229470431804657,0.0017774959560483694
mlp_3x200_relu,30,30,132,0.002294571604579687,0.0017782937502488494
mlp_3x200_relu,30,30,133,0.0022947124671190977,0.0017789008561521769
mlp_3x200_relu,30,30,134,0.0022950568236410618,0.0017795294988900423
mlp_3x200_relu,30,30,135,0.002294467994943261,0.0017789012053981423
mlp_3x200_relu,30,30,136,0.0022944393567740917,0.0017788074910640717
mlp_3x200_relu,30,30,137,0.002294668462127447,0.0017780933994799852
mlp_3x200_relu,30,30,138,0.0022947764955461025,0.0017784936353564262
mlp_3x200_relu,30,30,139,0.002294686157256365,0.0017789325211197138
mlp_3x200_relu,30,30,140,0.002294544829055667,0.0017769624246284366
mlp_3x200_relu,30,30,141,0.0022948647383600473,0.001779266633093357
mlp_3x200_relu,30,30,142,0.0022951781284064054,0.0017787147080525756
mlp_3x200_relu,30,30,143,0.0022948812693357468,0.001778402365744114
mlp_3x200_relu,30,30,144,0.0022949562408030033,0.001777899800799787
mlp_3x200_relu,30,30,145,0.0022946626413613558,0.0017784094670787454
mlp_3x200_relu,30,30,146,0.0022947851102799177,0.0017790250713005662
mlp_3x200_relu,30,30,147,0.002294306643307209,0.0017780463676899672
mlp_3x200_relu,30,30,148,0.0022945066448301077,0.0017784255323931575
mlp_3x200_relu,30,30,149,0.0022946931421756744,0.001778478268533945
mlp_3x200_relu,30,30,150,0.0022945343516767025,0.001779443584382534
mlp_3x200_relu,30,30,151,0.002295193262398243,0.0017792080761864781
mlp_3x200_relu,30,30,152,0.002294579055160284,0.0017791584832593799
mlp_3x200_relu,30,30,153,0.0022945681121200323,0.0017786818789318204
mlp_3x200_relu,30,30,154,0.0022947683464735746,0.001778390258550644
mlp_3x200_relu,30,30,155,0.0022949103731662035,0.001778551028110087
mlp_3x200_relu,30,30,156,0.002295002108439803,0.0017785156378522515
mlp_3x200_relu,30,30,157,0.002294724341481924,0.001778304809704423
mlp_3x200_relu,30,30,158,0.002294576959684491,0.0017786575481295586
mlp_3x200_relu,30,30,159,0.002295023761689663,0.0017782001523301005
mlp_3x200_relu,30,30,160,0.0022947133984416723,0.0017786191310733557
mlp_3x200_relu,30,30,161,0.0022948007099330425,0.0017786178505048156
mlp_3x200_relu,30,30,162,0.002294943667948246,0.0017782291397452354
mlp_3x200_relu,30,30,163,0.002294916193932295,0.001778790494427085
mlp_3x200_relu,30,30,164,0.0022943555377423763,0.001778133912011981
mlp_3x200_relu,30,30,165,0.002295000944286585,0.0017784867668524384
mlp_3x200_relu,30,30,166,0.002294515958055854,0.0017784726805984974
mlp_3x200_relu,30,30,167,0.0022950954735279083,0.0017787653487175703
mlp_3x200_relu,30,30,168,0.0022945264354348183,0.0017785484669730067
mlp_3x200_relu,30,30,169,0.0022949115373194218,0.0017794837476685643
mlp_3x200_relu,30,30,170,0.002294542035087943,0.0017791619757190347
mlp_3x200_relu,30,30,171,0.00229485216550529,0.0017782795475795865
mlp_3x200_relu,30,30,172,0.0022946547251194715,0.001778466859832406
mlp_3x200_relu,30,30,173,0.002295062644407153,0.0017788611585274339
mlp_3x200_relu,30,30,174,0.0022942398209124804,0.0017777954926714301
mlp_3x200_relu,30,30,175,0.002295049838721752,0.0017781357746571302
mlp_3x200_relu,30,30,176,0.0022949366830289364,0.0017779306508600712
mlp_3x200_relu,30,30,177,0.0022949306294322014,0.001778669422492385
mlp_3x200_relu,30,30,178,0.002294345758855343,0.0017792237922549248
mlp_3x200_relu,30,30,179,0.0022949527483433485,0.0017780893249437213
mlp_3x200_relu,30,30,180,0.00229438254609704,0.001778117031790316
mlp_3x200_relu,30,30,181,0.0022948100231587887,0.0017785768723115325
mlp_3x200_relu,30,30,182,0.002294655656442046,0.0017786071402952075
mlp_3x200_relu,30,30,183,0.002294772071763873,0.0017780716298148036
mlp_3x200_relu,30,30,184,0.002294933656230569,0.0017786419484764338
mlp_3x200_relu,30,30,185,0.002294592559337616,0.001777985249646008
mlp_3x200_relu,30,30,186,0.0022943117655813694,0.0017787584802135825
mlp_3x200_relu,30,30,187,0.0022946996614336967,0.0017777137691155076
mlp_3x200_relu,30,30,188,0.0022942274808883667,0.0017789461417123675
mlp_3x200_relu,30,30,189,0.0022949932608753443,0.001778335776180029
mlp_3x200_relu,30,30,190,0.0022943993099033833,0.0017791070276871324
mlp_3x200_relu,30,30,191,0.0022949520498514175,0.0017782776849344373
mlp_3x200_relu,30,30,192,0.0022945895325392485,0.0017791391583159566
mlp_3x200_relu,30,30,193,0.0022948787081986666,0.0017781701171770692
mlp_3x200_relu,30,30,194,0.002294653793796897,0.001779409358277917
mlp_3x200_relu,30,30,195,0.0022947858087718487,0.0017779326299205422
mlp_3x200_relu,30,30,196,0.002295421902090311,0.0017784590600058436
mlp_3x200_relu,30,30,197,0.002295093145221472,0.00177889340557158
mlp_3x200_relu,30,30,198,0.002294371137395501,0.0017780568450689316
mlp_3x200_relu,30,30,199,0.00229470431804657,0.0017781713977456093
mlp_3x200_relu,30,30,200,0.002294957870617509,0.0017787724500522017
mlp_3x200_relu,30,90,1,0.035272955894470215,0.0010960567742586136
mlp_3x200_relu,30,90,2,0.001441821688786149,0.0010473867878317833
mlp_3x200_relu,30,90,3,0.0014346461975947022,0.0010489050764590502
mlp_3x200_relu,30,90,4,0.001429090742021799,0.0010464382357895374
mlp_3x200_relu,30,90,5,0.0014265970094129443,0.0010500617790967226
mlp_3x200_relu,30,90,6,0.0014252583496272564,0.0010500069474801421
mlp_3x200_relu,30,90,7,0.0014238138683140278,0.0010496133472770452
mlp_3x200_relu,30,90,8,0.0014229671796783805,0.0010509322164580226
mlp_3x200_relu,30,90,9,0.0014229156076908112,0.0010524304816499352
mlp_3x200_relu,30,90,10,0.0014221934834495187,0.0010515424655750394
mlp_3x200_relu,30,90,11,0.0014214524999260902,0.001052575302310288
mlp_3x200_relu,30,90,12,0.0014218321302905679,0.0010537324706092477
mlp_3x200_relu,30,90,13,0.001420689863152802,0.0010513369925320148
mlp_3x200_relu,30,90,14,0.0014209771761670709,0.0010530042927712202
mlp_3x200_relu,30,90,15,0.0014207460917532444,0.0010520720388740301
mlp_3x200_relu,30,90,16,0.0014210643712431192,0.0010543998796492815
mlp_3x200_relu,30,90,17,0.0014201536541804671,0.0010481718927621841
mlp_3x200_relu,30,90,18,0.0014204435283318162,0.00105089892167598
mlp_3x200_relu,30,90,19,0.0014204800827428699,0.0010519917123019695
mlp_3x200_relu,30,90,20,0.00142029975540936,0.0010511365253478289
mlp_3x200_relu,30,90,21,0.0014205747283995152,0.0010525744874030352
mlp_3x200_relu,30,90,22,0.0014206849737092853,0.0010526964906603098
mlp_3x200_relu,30,90,23,0.001420260057784617,0.001052394974976778
mlp_3x200_relu,30,90,24,0.0014205840416252613,0.0010518822818994522
mlp_3x200_relu,30,90,25,0.001420422806404531,0.0010528916027396917
mlp_3x200_relu,30,90,26,0.001421056455001235,0.0010520726209506392
mlp_3x200_relu,30,90,27,0.001420521060936153,0.0010523527162149549
mlp_3x200_relu,30,90,28,0.001420040032826364,0.0010509154526516795
mlp_3x200_relu,30,90,29,0.0014202854363247752,0.0010528636630624533
mlp_3x200_relu,30,90,30,0.0014205595944076777,0.0010521378135308623
mlp_3x200_relu,30,90,31,0.0014205548213794827,0.0010522743687033653
mlp_3x200_relu,30,90,32,0.0014197381678968668,0.0010527413105592132
mlp_3x200_relu,30,90,33,0.0014204613398760557,0.0010523375822231174
mlp_3x200_relu,30,90,34,0.0014202686725184321,0.0010515734320506454
mlp_3x200_relu,30,90,35,0.0014204994076862931,0.0010514174355193973
mlp_3x200_relu,30,90,36,0.001420376356691122,0.0010509099811315536
mlp_3x200_relu,30,90,37,0.0014204481849446893,0.0010526895057410002
mlp_3x200_relu,30,90,38,0.0014203047612681985,0.001050458988174796
mlp_3x200_relu,30,90,39,0.0014199591241776943,0.0010516532929614186
mlp_3x200_relu,30,90,40,0.0014202471356838942,0.0010504015954211354
mlp_3x200_relu,30,90,41,0.0014198536518961191,0.0010523010278120637
mlp_3x200_relu,30,90,42,0.0014209112850949168,0.0010530671570450068
mlp_3x200_relu,30,90,43,0.0014206505147740245,0.0010521445656195283
mlp_3x200_relu,30,90,44,0.0014202953316271305,0.0010517252376303077
mlp_3x200_relu,30,90,45,0.0014202536549419165,0.0010522640077397227
mlp_3x200_relu,30,90,46,0.0014203032478690147,0.001051556901074946
mlp_3x200_relu,30,90,47,0.0014200038276612759,0.0010498020565137267
mlp_3x200_relu,30,90,48,0.0014203883474692702,0.0010520443320274353
mlp_3x200_relu,30,90,49,0.0014200139557942748,0.0010494187008589506
mlp_3x200_relu,30,90,50,0.001420048181898892,0.0010508800623938441
mlp_3x200_relu,30,90,51,0.0014202616875991225,0.0010508224368095398
mlp_3x200_relu,30,90,52,0.0014202940510585904,0.0010511012515053153
mlp_3x200_relu,30,90,53,0.0014206899795681238,0.001052429317496717
mlp_3x200_relu,30,90,54,0.0014205800835043192,0.0010505388490855694
mlp_3x200_relu,30,90,55,0.0014204506296664476,0.0010521102230995893
mlp_3x200_relu,30,90,56,0.0014199941651895642,0.0010476409224793315
mlp_3x200_relu,30,90,57,0.0014200956793501973,0.0010521248914301395
mlp_3x200_relu,30,90,58,0.0014200202422216535,0.0010514885652810335
mlp_3x200_relu,30,90,59,0.001420339453034103,0.0010514745954424143
mlp_3x200_relu,30,90,60,0.0014203805476427078,0.001052277977578342
mlp_3x200_relu,30,90,61,0.0014202052261680365,0.001051297876983881
mlp_3x200_relu,30,90,62,0.0014199079014360905,0.001051952363923192
mlp_3x200_relu,30,90,63,0.0014200280420482159,0.0010506123071536422
mlp_3x200_relu,30,90,64,0.0014207283966243267,0.0010526318801566958
mlp_3x200_relu,30,90,65,0.0014201939338818192,0.0010500008938834071
mlp_3x200_relu,30,90,66,0.0014201977755874395,0.0010515954345464706
mlp_3x200_relu,30,90,67,0.0014206276973709464,0.001052172272466123
mlp_3x200_relu,30,90,68,0.001420318498276174,0.0010501977521926165
mlp_3x200_relu,30,90,69,0.0014202557504177094,0.0010521207004785538
mlp_3x200_relu,30,90,70,0.0014207029016688466,0.0010535921901464462
mlp_3x200_relu,30,90,71,0.001420138869434595,0.001051488914526999
mlp_3x200_relu,30,90,72,0.001420531771145761,0.0010532141895964742
mlp_3x200_relu,30,90,73,0.0014204296749085188,0.001050953520461917
mlp_3x200_relu,30,90,74,0.0014207427157089114,0.0010538691421970725
mlp_3x200_relu,30,90,75,0.001420222339220345,0.0010505033424124122
mlp_3x200_relu,30,90,76,0.0014206741470843554,0.0010532501619309187
mlp_3x200_relu,30,90,77,0.0014203202445060015,0.0010504188248887658
mlp_3x200_relu,30,90,78,0.001420336775481701,0.0010539889335632324
mlp_3x200_relu,30,90,79,0.0014205771731212735,0.0010528168641030788
mlp_3x200_relu,30,90,80,0.0014206356136128306,0.0010521567892283201
mlp_3x200_relu,30,90,81,0.0014204141916707158,0.0010528286220505834
mlp_3x200_relu,30,90,82,0.0014206311898306012,0.0010529820574447513
mlp_3x200_relu,30,90,83,0.0014201465528458357,0.0010511641157791018
mlp_3x200_relu,30,90,84,0.0014202484162524343,0.0010536458576098084
mlp_3x200_relu,30,90,85,0.0014204789185896516,0.0010516952024772763
mlp_3x200_relu,30,90,86,0.0014204062754288316,0.0010524546960368752
mlp_3x200_relu,30,90,87,0.0014199696015566587,0.0010522908996790648
mlp_3x200_relu,30,90,88,0.0014203019673004746,0.0010538751957938075
mlp_3x200_relu,30,90,89,0.001420651446096599,0.0010514934547245502
mlp_3x200_relu,30,90,90,0.0014203572645783424,0.0010535060428082943
mlp_3x200_relu,30,90,91,0.0014203544706106186,0.001050658174790442
mlp_3x200_relu,30,90,92,0.0014203904429450631,0.0010504822712391615
mlp_3x200_relu,30,90,93,0.0014205890474840999,0.0010527520207688212
mlp_3x200_relu,30,90,94,0.0014203621540218592,0.0010521354852244258
mlp_3x200_relu,30,90,95,0.0014203164028003812,0.0010532601736485958
mlp_3x200_relu,30,90,96,0.0014201761223375797,0.001051231287419796
mlp_3x200_relu,30,90,97,0.0014207942876964808,0.0010537863709032536
mlp_3x200_relu,30,90,98,0.0014205300249159336,0.0010519020725041628
mlp_3x200_relu,30,90,99,0.001420536544173956,0.0010517005575820804
mlp_3x200_relu,30,90,100,0.001420369721017778,0.0010516683105379343
mlp_3x200_relu,30,90,101,0.0014201471349224448,0.0010509537532925606
mlp_3x200_relu,30,90,102,0.001420249929651618,0.0010510031133890152
mlp_3x200_relu,30,90,103,0.0014202971942722797,0.0010527485283091664
mlp_3x200_relu,30,90,104,0.0014204572653397918,0.0010506123071536422
mlp_3x200_relu,30,90,105,0.001420520362444222,0.0010520818177610636
mlp_3x200_relu,30,90,106,0.0014202265301719308,0.0010510794818401337
mlp_3x200_relu,30,90,107,0.0014202004531398416,0.001051141181960702
mlp_3x200_relu,30,90,108,0.001420052140019834,0.0010507373372092843
mlp_3x200_relu,30,90,109,0.0014204643666744232,0.0010524747194722295
mlp_3x200_relu,30,90,110,0.0014202536549419165,0.0010486820247024298
mlp_3x200_relu,30,90,111,0.0014202879974618554,0.0010534576140344143
mlp_3x200_relu,30,90,112,0.0014204677427187562,0.0010520711075514555
mlp_3x200_relu,30,90,113,0.0014204290928319097,0.001051420229487121
mlp_3x200_relu,30,90,114,0.0014200826408341527,0.001051051658578217
mlp_3x200_relu,30,90,115,0.001420111395418644,0.0010509553831070662
mlp_3x200_relu,30,90,116,0.0014204859035089612,0.0010523481760174036
mlp_3x200_relu,30,90,117,0.0014202914899215102,0.0010497684124857187
mlp_3x200_relu,30,90,118,0.0014204244362190366,0.001051784260198474
mlp_3x200_relu,30,90,119,0.001420213608071208,0.001051359809935093
mlp_3x200_relu,30,90,120,0.0014204279286786914,0.001052845036610961
mlp_3x200_relu,30,90,121,0.0014206793857738376,0.0010530175641179085
mlp_3x200_relu,30,90,122,0.0014201666926965117,0.0010518769267946482
mlp_3x200_relu,30,90,123,0.0014202187303453684,0.001052779727615416
mlp_3x200_relu,30,90,124,0.0014202131424099207,0.0010522535303607583
mlp_3x200_relu,30,90,125,0.0014203779865056276,0.0010510211577638984
mlp_3x200_relu,30,90,126,0.0014205992920324206,0.001051256782375276
mlp_3x200_relu,30,90,127,0.001420245855115354,0.001046307967044413
mlp_3x200_relu,30,90,128,0.0014200707664713264,0.0010519579518586397
mlp_3x200_relu,30,90,129,0.0014202581951394677,0.0010510188294574618
mlp_3x200_relu,30,90,130,0.001420911867171526,0.0010522385127842426
mlp_3x200_relu,30,90,131,0.0014203541213646531,0.0010523769306018949
mlp_3x200_relu,30,90,132,0.0014205619227141142,0.001052875886671245
mlp_3x200_relu,30,90,133,0.0014199895085766912,0.0010520006762817502
mlp_3x200_relu,30,90,134,0.0014202658785507083,0.001051790197379887
mlp_3x200_relu,30,90,135,0.0014203354949131608,0.0010518404887989163
mlp_3x200_relu,30,90,136,0.0014204888138920069,0.0010535152396187186
mlp_3x200_relu,30,90,137,0.0014203166356310248,0.001051544677466154
mlp_3x200_relu,30,90,138,0.001420451793819666,0.0010497593320906162
mlp_3x200_relu,30,90,139,0.0014203410828486085,0.0010512551525607705
mlp_3x200_relu,30,90,140,0.0014203410828486085,0.0010515833273530006
mlp_3x200_relu,30,90,141,0.0014205646002665162,0.0010523878736421466
mlp_3x200_relu,30,90,142,0.0014211474917829037,0.0010532108135521412
mlp_3x200_relu,30,90,143,0.0014202799648046494,0.0010508387349545956
mlp_3x200_relu,30,90,144,0.0014202488819137216,0.0010532543528825045
mlp_3x200_relu,30,90,145,0.0014200067380443215,0.00105115189217031
mlp_3x200_relu,30,90,146,0.0014202557504177094,0.0010519271017983556
mlp_3x200_relu,30,90,147,0.0014200549339875579,0.0010524257086217403
mlp_3x200_relu,30,90,148,0.0014202255988493562,0.0010502258082851768
mlp_3x200_relu,30,90,149,0.0014203276950865984,0.001052090316079557
mlp_3x200_relu,30,90,150,0.0014206537744030356,0.001052391016855836
mlp_3x200_relu,30,90,151,0.0014202697202563286,0.001050723483785987
mlp_3x200_relu,30,90,152,0.001420080428943038,0.0010519460774958134
mlp_3x200_relu,30,90,153,0.001420383807271719,0.0010504937963560224
mlp_3x200_relu,30,90,154,0.0014199726283550262,0.0010508272098377347
mlp_3x200_relu,30,90,155,0.0014201845042407513,0.0010525619145482779
mlp_3x200_relu,30,90,156,0.001420281594619155,0.0010524631943553686
mlp_3x200_relu,30,90,157,0.0014203799655660987,0.0010525973048061132
mlp_3x200_relu,30,90,158,0.001420222339220345,0.001051927451044321
mlp_3x200_relu,30,90,159,0.0014201778685674071,0.0010521101066842675
mlp_3x200_relu,30,90,160,0.0014203486498445272,0.001052045845426619
mlp_3x200_relu,30,90,161,0.0014205630868673325,0.0010524383978918195
mlp_3x200_relu,30,90,162,0.0014200512086972594,0.001050435472279787
mlp_3x200_relu,30,90,163,0.0014204030157998204,0.001052731298841536
mlp_3x200_relu,30,90,164,0.001420660875737667,0.001052766339853406
mlp_3x200_relu,30,90,165,0.0014203597093001008,0.001050721388310194
mlp_3x200_relu,30,90,166,0.0014200378209352493,0.0010527623817324638
mlp_3x200_relu,30,90,167,0.001420426182448864,0.0010519649367779493
mlp_3x200_relu,30,90,168,0.001419818145222962,0.0010512486333027482
mlp_3x200_relu,30,90,169,0.0014202069723978639,0.0010497140465304255
mlp_3x200_relu,30,90,170,0.0014199420111253858,0.001050654100254178
mlp_3x200_relu,30,90,171,0.0014203872997313738,0.0010526091791689396
mlp_3x200_relu,30,90,172,0.0014202049933373928,0.0010517763439565897
mlp_3x200_relu,30,90,173,0.0014201138401404023,0.0010509362909942865
mlp_3x200_relu,30,90,174,0.001420354819856584,0.0010525945108383894
mlp_3x200_relu,30,90,175,0.0014207615749910474,0.0010516699403524399
mlp_3x200_relu,30,90,176,0.0014207488857209682,0.0010527105769142509
mlp_3x200_relu,30,90,177,0.0014204811304807663,0.0010532934684306383
mlp_3x200_relu,30,90,178,0.0014207522617653012,0.0010527832200750709
mlp_3x200_relu,30,90,179,0.001420405344106257,0.0010513567831367254
mlp_3x200_relu,30,90,180,0.0014203042956069112,0.0010519500356167555
mlp_3x200_relu,30,90,181,0.0014203224563971162,0.0010517439804971218
mlp_3x200_relu,30,90,182,0.0014201990561559796,0.0010514833265915513
mlp_3x200_relu,30,90,183,0.0014203520258888602,0.0010511006694287062
mlp_3x200_relu,30,90,184,0.0014206708874553442,0.0010536661138758063
mlp_3x200_relu,30,90,185,0.0014203593600541353,0.0010487405816093087
mlp_3x200_relu,30,90,186,0.001420383108779788,0.001053959596902132
mlp_3x200_relu,30,90,187,0.001420299638994038,0.0010515960166230798
mlp_3x200_relu,30,90,188,0.0014206129126250744,0.001052954699844122
mlp_3x200_relu,30,90,189,0.0014204216422513127,0.0010512748267501593
mlp_3x200_relu,30,90,190,0.0014201919548213482,0.001050379709340632
mlp_3x200_relu,30,90,191,0.0014201403828337789,0.0010513009037822485
mlp_3x200_relu,30,90,192,0.0014198590070009232,0.0010488781845197082
mlp_3x200_relu,30,90,193,0.0014202571474015713,0.0010519975330680609
mlp_3x200_relu,30,90,194,0.0014206413179636002,0.001051838742569089
mlp_3x200_relu,30,90,195,0.0014203580794855952,0.0010497544426470995
mlp_3x200_relu,30,90,196,0.0014199481811374426,0.0010516555048525333
mlp_3x200_relu,30,90,197,0.0014203984756022692,0.0010514649329707026
mlp_3x200_relu,30,90,198,0.0014205992920324206,0.0010534331668168306
mlp_3x200_relu,30,90,199,0.0014200523728504777,0.0010502398945391178
mlp_3x200_relu,30,90,200,0.0014205363113433123,0.0010531962616369128
mlp_3x200_relu,90,1,1,0.047717589884996414,0.00906491931527853
mlp_3x200_relu,90,1,2,0.011872220784425735,0.00905704963952303
mlp_3x200_relu,90,1,3,0.011869714595377445,0.009053437039256096
mlp_3x200_relu,90,1,4,0.011868974193930626,0.009054617024958134
mlp_3x200_relu,90,1,5,0.011866734363138676,0.009052238427102566
mlp_3x200_relu,90,1,6,0.011868264526128769,0.009054328314960003
mlp_3x200_relu,90,1,7,0.011867651715874672,0.009052636101841927
mlp_3x200_relu,90,1,8,0.011867070570588112,0.009052139706909657
mlp_3x200_relu,90,1,9,0.011867298744618893,0.009052506648004055
mlp_3x200_relu,90,1,10,0.011867783032357693,0.009051954373717308
mlp_3x200_relu,90,1,11,0.011866486631333828,0.009052518755197525
mlp_3x200_relu,90,1,12,0.011864885687828064,0.009053120389580727
mlp_3x200_relu,90,1,13,0.011865805834531784,0.009051913395524025
mlp_3x200_relu,90,1,14,0.011866235174238682,0.009050624445080757
mlp_3x200_relu,90,1,15,0.011864379048347473,0.009051774628460407
mlp_3x200_relu,90,1,16,0.011865525506436825,0.009052892215549946
mlp_3x200_relu,90,1,17,0.011867559514939785,0.009051740169525146
mlp_3x200_relu,90,1,18,0.01186752412468195,0.009051752276718616
mlp_3x200_relu,90,1,19,0.011867539957165718,0.009052181616425514
mlp_3x200_relu,90,1,20,0.011868867091834545,0.0090525196865201
mlp_3x200_relu,90,1,21,0.01186765730381012,0.009051243774592876
mlp_3x200_relu,90,1,22,0.011868189089000225,0.009052257053554058
mlp_3x200_relu,90,1,23,0.011867232620716095,0.009050491265952587
mlp_3x200_relu,90,1,24,0.011871122755110264,0.009052482433617115
mlp_3x200_relu,90,1,25,0.01186984684318304,0.009051505476236343
mlp_3x200_relu,90,1,26,0.011870388872921467,0.009052555076777935
mlp_3x200_relu,90,1,27,0.01186771597713232,0.009052271023392677
mlp_3x200_relu,90,1,28,0.011868547648191452,0.009053132496774197
mlp_3x200_relu,90,1,29,0.011867857538163662,0.0090518519282341
mlp_3x200_relu,90,1,30,0.011869573965668678,0.009052724577486515
mlp_3x200_relu,90,1,31,0.011868968605995178,0.009051529690623283
mlp_3x200_relu,90,1,32,0.01186748594045639,0.009052555076777935
mlp_3x200_relu,90,1,33,0.011868426576256752,0.009052306413650513
mlp_3x200_relu,90,1,34,0.011867573484778404,0.009052740409970284
mlp_3x200_relu,90,1,35,0.011868911795318127,0.009051148779690266
mlp_3x200_relu,90,1,36,0.011865552514791489,0.009052587673068047
mlp_3x200_relu,90,1,37,0.011868176981806755,0.00905096996575594
mlp_3x200_relu,90,1,38,0.01186854112893343,0.009051577188074589
mlp_3x200_relu,90,1,39,0.011868278495967388,0.009050545282661915
mlp_3x200_relu,90,1,40,0.011866891756653786,0.00905293133109808
mlp_3x200_relu,90,1,41,0.0118683697655797,0.009052170440554619
mlp_3x200_relu,90,1,42,0.011870107613503933,0.009051725268363953
mlp_3x200_relu,90,1,43,0.011868095956742764,0.009052994661033154
mlp_3x200_relu,90,1,44,0.011868017725646496,0.0090525196865201
mlp_3x200_relu,90,1,45,0.011869504116475582,0.009052497334778309
mlp_3x200_relu,90,1,46,0.01186719536781311,0.009051657281816006
mlp_3x200_relu,90,1,47,0.011867830529808998,0.009052089415490627
mlp_3x200_relu,90,1,48,0.011868826113641262,0.00905281025916338
mlp_3x200_relu,90,1,49,0.011868203990161419,0.009052085690200329
mlp_3x200_relu,90,1,50,0.01186568196862936,0.00905162189155817
mlp_3x200_relu,90,1,51,0.011866280809044838,0.00905262865126133
mlp_3x200_relu,90,1,52,0.011870165355503559,0.009052397683262825
mlp_3x200_relu,90,1,53,0.011867590248584747,0.009052055887877941
mlp_3x200_relu,90,1,54,0.011867472901940346,0.009052201174199581
mlp_3x200_relu,90,1,55,0.011863907799124718,0.009051944129168987
mlp_3x200_relu,90,1,56,0.011868149973452091,0.009050757624208927
mlp_3x200_relu,90,1,57,0.01186654157936573,0.009053131565451622
mlp_3x200_relu,90,1,58,0.011869587004184723,0.00905176717787981
mlp_3x200_relu,90,1,59,0.011868692003190517,0.009051263332366943
mlp_3x200_relu,90,1,60,0.011866459622979164,0.00905277207493782
mlp_3x200_relu,90,1,61,0.011865316890180111,0.009051686152815819
mlp_3x200_relu,90,1,62,0.011866641230881214,0.009050605818629265
mlp_3x200_relu,90,1,63,0.011867851950228214,0.009051657281816006
mlp_3x200_relu,90,1,64,0.011866549961268902,0.009050925262272358
mlp_3x200_relu,90,1,65,0.011865966953337193,0.009052333422005177
mlp_3x200_relu,90,1,66,0.011867403984069824,0.009052464738488197
mlp_3x200_relu,90,1,67,0.011867244727909565,0.009051010012626648
mlp_3x200_relu,90,1,68,0.011867029592394829,0.00905169639736414
mlp_3x200_relu,90,1,69,0.011867179535329342,0.009051923640072346
mlp_3x200_relu,90,1,70,0.011865733191370964,0.009052573703229427
mlp_3x200_relu,90,1,71,0.011866825632750988,0.009053603745996952
mlp_3x200_relu,90,1,72,0.011867126449942589,0.009051998145878315
mlp_3x200_relu,90,1,73,0.01186574250459671,0.009052729234099388
mlp_3x200_relu,90,1,74,0.01186813972890377,0.009052743203938007
mlp_3x200_relu,90,1,75,0.011866009794175625,0.009053267538547516
mlp_3x200_relu,90,1,76,0.011868997476994991,0.009054218418896198
mlp_3x200_relu,90,1,77,0.011867628432810307,0.009053094312548637
mlp_3x200_relu,90,1,78,0.011867217719554901,0.009053001180291176
mlp_3x200_relu,90,1,79,0.011867661029100418,0.009052864275872707
mlp_3x200_relu,90,1,80,0.01186717115342617,0.009051132947206497
mlp_3x200_relu,90,1,81,0.011864346452057362,0.00905323401093483
mlp_3x200_relu,90,1,82,0.011868573725223541,0.00905279628932476
mlp_3x200_relu,90,1,83,0.011867910623550415,0.009054427035152912
mlp_3x200_relu,90,1,84,0.011870349757373333,0.009052453562617302
mlp_3x200_relu,90,1,85,0.011866587214171886,0.009051449596881866
mlp_3x200_relu,90,1,86,0.011868682689964771,0.009052017703652382
mlp_3x200_relu,90,1,87,0.011864799074828625,0.009053229354321957
mlp_3x200_relu,90,1,88,0.011868180707097054,0.009051412343978882
mlp_3x200_relu,90,1,89,0.011867426335811615,0.009052860550582409
mlp_3x200_relu,90,1,90,0.011866599321365356,0.009052417241036892
mlp_3x200_relu,90,1,91,0.011867105960845947,0.009052278473973274
mlp_3x200_relu,90,1,92,0.011866055428981781,0.009051955305039883
mlp_3x200_relu,90,1,93,0.01186720933765173,0.009053333662450314
mlp_3x200_relu,90,1,94,0.011867938563227654,0.009052307344973087
mlp_3x200_relu,90,1,95,0.011867426335811615,0.009052152745425701
mlp_3x200_relu,90,1,96,0.01186736486852169,0.009051499888300896
mlp_3x200_relu,90,1,97,0.01186665054410696,0.009052315726876259
mlp_3x200_relu,90,1,98,0.011868990957736969,0.009052288718521595
mlp_3x200_relu,90,1,99,0.011867226101458073,0.009050894528627396
mlp_3x200_relu,90,1,100,0.011866792105138302,0.009052363224327564
mlp_3x200_relu,90,1,101,0.011866309680044651,0.009052682667970657
mlp_3x200_relu,90,1,102,0.011867486871778965,0.009053133428096771
mlp_3x200_relu,90,1,103,0.011866082437336445,0.009051604196429253
mlp_3x200_relu,90,1,104,0.011866132728755474,0.009052078239619732
mlp_3x200_relu,90,1,105,0.011866978369653225,0.009052980691194534
mlp_3x200_relu,90,1,106,0.011865672655403614,0.009052236564457417
mlp_3x200_relu,90,1,107,0.011869671754539013,0.009051218628883362
mlp_3x200_relu,90,1,108,0.011868396773934364,0.009051789529621601
mlp_3x200_relu,90,1,109,0.011868560686707497,0.009052472189068794
mlp_3x200_relu,90,1,110,0.011868154630064964,0.009051801636815071
mlp_3x200_relu,90,1,111,0.011865897104144096,0.009051747620105743
mlp_3x200_relu,90,1,112,0.011867465451359749,0.00905245915055275
mlp_3x200_relu,90,1,113,0.011866799555718899,0.009051995351910591
mlp_3x200_relu,90,1,114,0.01186741515994072,0.009051448665559292
mlp_3x200_relu,90,1,115,0.011867297813296318,0.009051098488271236
mlp_3x200_relu,90,1,116,0.011868182569742203,0.009052515961229801
mlp_3x200_relu,90,1,117,0.011867363937199116,0.009052527137100697
mlp_3x200_relu,90,1,118,0.011865801177918911,0.009051892906427383
mlp_3x200_relu,90,1,119,0.011868542060256004,0.009051495231688023
mlp_3x200_relu,90,1,120,0.011866038665175438,0.009051836095750332
mlp_3x200_relu,90,1,121,0.011867798864841461,0.009052176028490067
mlp_3x200_relu,90,1,122,0.011866522021591663,0.00905199907720089
mlp_3x200_relu,90,1,123,0.011868146248161793,0.009051155298948288
mlp_3x200_relu,90,1,124,0.011866146698594093,0.009052358567714691
mlp_3x200_relu,90,1,125,0.01186634786427021,0.009051824919879436
mlp_3x200_relu,90,1,126,0.011869920417666435,0.009052824229001999
mlp_3x200_relu,90,1,127,0.01186844240874052,0.009052370674908161
mlp_3x200_relu,90,1,128,0.011867374181747437,0.009052588604390621
mlp_3x200_relu,90,1,129,0.011869733221828938,0.009051814675331116
mlp_3x200_relu,90,1,130,0.011865777894854546,0.009052570909261703
mlp_3x200_relu,90,1,131,0.011866467073559761,0.00905340351164341
mlp_3x200_relu,90,1,132,0.011870439164340496,0.009052148088812828
mlp_3x200_relu,90,1,133,0.0118645578622818,0.009052015841007233
mlp_3x200_relu,90,1,134,0.011866938322782516,0.009053043089807034
mlp_3x200_relu,90,1,135,0.011867806315422058,0.00905266497284174
mlp_3x200_relu,90,1,136,0.01186780259013176,0.00905295368283987
mlp_3x200_relu,90,1,137,0.011866253800690174,0.009051404893398285
mlp_3x200_relu,90,1,138,0.011867816559970379,0.00905209593474865
mlp_3x200_relu,90,1,139,0.011866256594657898,0.009051031433045864
mlp_3x200_relu,90,1,140,0.011868207715451717,0.009052454493939877
mlp_3x200_relu,90,1,141,0.011867111548781395,0.009052682667970657
mlp_3x200_relu,90,1,142,0.011865582317113876,0.00905086100101471
mlp_3x200_relu,90,1,143,0.011864893138408661,0.009051659144461155
mlp_3x200_relu,90,1,144,0.011867211200296879,0.0090517308562994
mlp_3x200_relu,90,1,145,0.011865568347275257,0.009052122943103313
mlp_3x200_relu,90,1,146,0.011866701766848564,0.009052105247974396
mlp_3x200_relu,90,1,147,0.011868538334965706,0.009050456807017326
mlp_3x200_relu,90,1,148,0.011866869404911995,0.009052513167262077
mlp_3x200_relu,90,1,149,0.011867381632328033,0.009052904322743416
mlp_3x200_relu,90,1,150,0.011867975816130638,0.009052501991391182
mlp_3x200_relu,90,1,151,0.01186739094555378,0.009051523171365261
mlp_3x200_relu,90,1,152,0.011869975365698338,0.009052641689777374
mlp_3x200_relu,90,1,153,0.011867156252264977,0.009052499197423458
mlp_3x200_relu,90,1,154,0.011866298504173756,0.009051825851202011
mlp_3x200_relu,90,1,155,0.011868986301124096,0.009052225388586521
mlp_3x200_relu,90,1,156,0.011868116445839405,0.009052532725036144
mlp_3x200_relu,90,1,157,0.01186748780310154,0.009052762761712074
mlp_3x200_relu,90,1,158,0.011869003064930439,0.009053386747837067
mlp_3x200_relu,90,1,159,0.011867674998939037,0.009052926674485207
mlp_3x200_relu,90,1,160,0.011869496665894985,0.009052691981196404
mlp_3x200_relu,90,1,161,0.011869866400957108,0.009052051231265068
mlp_3x200_relu,90,1,162,0.011865686625242233,0.009052089415490627
mlp_3x200_relu,90,1,163,0.011865224689245224,0.009051239117980003
mlp_3x200_relu,90,1,164,0.011865981854498386,0.009052532725036144
mlp_3x200_relu,90,1,165,0.01186895277351141,0.009052356705069542
mlp_3x200_relu,90,1,166,0.011868688277900219,0.009052803739905357
mlp_3x200_relu,90,1,167,0.01186810340732336,0.009051984176039696
mlp_3x200_relu,90,1,168,0.011866403743624687,0.009052704088389874
mlp_3x200_relu,90,1,169,0.01186490897089243,0.00905112735927105
mlp_3x200_relu,90,1,170,0.011865575797855854,0.009052406996488571
mlp_3x200_relu,90,1,171,0.011868621222674847,0.009052544832229614
mlp_3x200_relu,90,1,172,0.011868924833834171,0.009052679874002934
mlp_3x200_relu,90,1,173,0.011867024004459381,0.009052167646586895
mlp_3x200_relu,90,1,174,0.011864877305924892,0.009050588123500347
mlp_3x200_relu,90,1,175,0.011866061948239803,0.009051293134689331
mlp_3x200_relu,90,1,176,0.011867166496813297,0.009051675908267498
mlp_3x200_relu,90,1,177,0.011867851950228214,0.009051752276718616
mlp_3x200_relu,90,1,178,0.011868230067193508,0.009051648899912834
mlp_3x200_relu,90,1,179,0.011867586523294449,0.009052212350070477
mlp_3x200_relu,90,1,180,0.011868887580931187,0.009052226319909096
mlp_3x200_relu,90,1,181,0.011866847053170204,0.009052646346390247
mlp_3x200_relu,90,1,182,0.011866604909300804,0.009052601642906666
mlp_3x200_relu,90,1,183,0.01186805684119463,0.009051383472979069
mlp_3x200_relu,90,1,184,0.011866522952914238,0.009053121320903301
mlp_3x200_relu,90,1,185,0.011865939013659954,0.009051273576915264
mlp_3x200_relu,90,1,186,0.011866698041558266,0.009051759727299213
mlp_3x200_relu,90,1,187,0.011864516884088516,0.009052055887877941
mlp_3x200_relu,90,1,188,0.011867852881550789,0.009052465669810772
mlp_3x200_relu,90,1,189,0.011866359040141106,0.009051691740751266
mlp_3x200_relu,90,1,190,0.011869440786540508,0.009052922017872334
mlp_3x200_relu,90,1,191,0.011865401640534401,0.009051920846104622
mlp_3x200_relu,90,1,192,0.011864871717989445,0.00905292946845293
mlp_3x200_relu,90,1,193,0.01186726801097393,0.009052475914359093
mlp_3x200_relu,90,1,194,0.011869708076119423,0.009052205830812454
mlp_3x200_relu,90,1,195,0.01186868641525507,0.009052012115716934
mlp_3x200_relu,90,1,196,0.011868976056575775,0.00905262678861618
mlp_3x200_relu,90,1,197,0.011867673136293888,0.009052162058651447
mlp_3x200_relu,90,1,198,0.01186642237007618,0.00905277393758297
mlp_3x200_relu,90,1,199,0.011868136934936047,0.009052081033587456
mlp_3x200_relu,90,1,200,0.011866082437336445,0.009053063578903675
mlp_3x200_relu,90,5,1,0.0437246672809124,0.004190278705209494
mlp_3x200_relu,90,5,2,0.005516554694622755,0.004197191912680864
mlp_3x200_relu,90,5,3,0.00551404245197773,0.00419632438570261
mlp_3x200_relu,90,5,4,0.0055137453600764275,0.004194519482553005
mlp_3x200_relu,90,5,5,0.00551345432177186,0.004194376524537802
mlp_3x200_relu,90,5,6,0.005513464566320181,0.004196140915155411
mlp_3x200_relu,90,5,7,0.005513219628483057,0.004197214264422655
mlp_3x200_relu,90,5,8,0.005513434298336506,0.004197285044938326
mlp_3x200_relu,90,5,9,0.005514206364750862,0.004195886664092541
mlp_3x200_relu,90,5,10,0.005513629410415888,0.00419699028134346
mlp_3x200_relu,90,5,11,0.0055136848241090775,0.00419793464243412
mlp_3x200_relu,90,5,12,0.005513726267963648,0.0041973162442445755
mlp_3x200_relu,90,5,13,0.005514495074748993,0.0041972012259066105
mlp_3x200_relu,90,5,14,0.005514239892363548,0.004196877591311932
mlp_3x200_relu,90,5,15,0.005513516720384359,0.004196001682430506
mlp_3x200_relu,90,5,16,0.005513919051736593,0.004196991678327322
mlp_3x200_relu,90,5,17,0.005513402167707682,0.004196219611912966
mlp_3x200_relu,90,5,18,0.005513667594641447,0.004196643363684416
mlp_3x200_relu,90,5,19,0.005513698793947697,0.004196146037429571
mlp_3x200_relu,90,5,20,0.005513223819434643,0.004196216817945242
mlp_3x200_relu,90,5,21,0.005514240358024836,0.004195936489850283
mlp_3x200_relu,90,5,22,0.005514494143426418,0.004196441266685724
mlp_3x200_relu,90,5,23,0.0055138361640274525,0.004197129514068365
mlp_3x200_relu,90,5,24,0.005513567011803389,0.004195463843643665
mlp_3x200_relu,90,5,25,0.005513840354979038,0.004195777699351311
mlp_3x200_relu,90,5,26,0.005513621028512716,0.004196683876216412
mlp_3x200_relu,90,5,27,0.005513572134077549,0.004195684101432562
mlp_3x200_relu,90,5,28,0.005512946750968695,0.004196477588266134
mlp_3x200_relu,90,5,29,0.005513406824320555,0.004197490401566029
mlp_3x200_relu,90,5,30,0.005514395423233509,0.004196891561150551
mlp_3x200_relu,90,5,31,0.0055132354609668255,0.004195850342512131
mlp_3x200_relu,90,5,32,0.005513996351510286,0.00419663917273283
mlp_3x200_relu,90,5,33,0.0055135334841907024,0.004196458030492067
mlp_3x200_relu,90,5,34,0.005513988435268402,0.004195220302790403
mlp_3x200_relu,90,5,35,0.005513758398592472,0.004196666646748781
mlp_3x200_relu,90,5,36,0.005513804964721203,0.004195609595626593
mlp_3x200_relu,90,5,37,0.00551332114264369,0.0041959392838180065
mlp_3x200_relu,90,5,38,0.005512968171387911,0.004196410533040762
mlp_3x200_relu,90,5,39,0.005514122080057859,0.004197049420326948
mlp_3x200_relu,90,5,40,0.0055140056647360325,0.00419691251590848
mlp_3x200_relu,90,5,41,0.005514598451554775,0.00419654743745923
mlp_3x200_relu,90,5,42,0.005513827782124281,0.004196920432150364
mlp_3x200_relu,90,5,43,0.00551341800019145,0.0041968924924731255
mlp_3x200_relu,90,5,44,0.005513300187885761,0.0041967956349253654
mlp_3x200_relu,90,5,45,0.0055136168375611305,0.00419723242521286
mlp_3x200_relu,90,5,46,0.005513614974915981,0.004196611233055592
mlp_3x200_relu,90,5,47,0.005513583309948444,0.004196596331894398
mlp_3x200_relu,90,5,48,0.0055139316245913506,0.004196845926344395
mlp_3x200_relu,90,5,49,0.005514153279364109,0.004196836147457361
mlp_3x200_relu,90,5,50,0.005513082258403301,0.004196032881736755
mlp_3x200_relu,90,5,51,0.005513439886271954,0.004196555353701115
mlp_3x200_relu,90,5,52,0.005513614509254694,0.004195421002805233
mlp_3x200_relu,90,5,53,0.0055132596753537655,0.004195458255708218
mlp_3x200_relu,90,5,54,0.0055131567642092705,0.004196035210043192
mlp_3x200_relu,90,5,55,0.005513424053788185,0.004197106231004
mlp_3x200_relu,90,5,56,0.005514475982636213,0.004195696208626032
mlp_3x200_relu,90,5,57,0.005513726267963648,0.004196178633719683
mlp_3x200_relu,90,5,58,0.005513747688382864,0.004197265952825546
mlp_3x200_relu,90,5,59,0.005514056887477636,0.004195570480078459
mlp_3x200_relu,90,5,60,0.0055137197487056255,0.0041968305595219135
mlp_3x200_relu,90,5,61,0.005514400079846382,0.0041962359100580215
mlp_3x200_relu,90,5,62,0.005513609386980534,0.004195283632725477
mlp_3x200_relu,90,5,63,0.005513480398803949,0.004196200054138899
mlp_3x200_relu,90,5,64,0.0055137271992862225,0.004197108559310436
mlp_3x200_relu,90,5,65,0.005513350013643503,0.004196410533040762
mlp_3x200_relu,90,5,66,0.005514148622751236,0.00419740192592144
mlp_3x200_relu,90,5,67,0.005514704156666994,0.004196814261376858
mlp_3x200_relu,90,5,68,0.005514064338058233,0.004196086898446083
mlp_3x200_relu,90,5,69,0.005513466894626617,0.004196524154394865
mlp_3x200_relu,90,5,70,0.005512977484613657,0.00419718399643898
mlp_3x200_relu,90,5,71,0.0055145383812487125,0.004196869675070047
mlp_3x200_relu,90,5,72,0.00551366014406085,0.004196363966912031
mlp_3x200_relu,90,5,73,0.005513499956578016,0.004196354188024998
mlp_3x200_relu,90,5,74,0.005513792857527733,0.00419660797342658
mlp_3x200_relu,90,5,75,0.005512774456292391,0.004196050576865673
mlp_3x200_relu,90,5,76,0.005514276679605246,0.004196190740913153
mlp_3x200_relu,90,5,77,0.005514361895620823,0.004196234978735447
mlp_3x200_relu,90,5,78,0.005513977725058794,0.004196474328637123
mlp_3x200_relu,90,5,79,0.005513246636837721,0.00419539213180542
mlp_3x200_relu,90,5,80,0.005513201467692852,0.004195550922304392
mlp_3x200_relu,90,5,81,0.005513728596270084,0.004196559078991413
mlp_3x200_relu,90,5,82,0.005514015909284353,0.004196732770651579
mlp_3x200_relu,90,5,83,0.005514034070074558,0.0041968259029090405
mlp_3x200_relu,90,5,84,0.005513370037078857,0.004195439163595438
mlp_3x200_relu,90,5,85,0.0055136424489319324,0.004196209367364645
mlp_3x200_relu,90,5,86,0.005513405427336693,0.00419702148064971
mlp_3x200_relu,90,5,87,0.005513377021998167,0.004196055233478546
mlp_3x200_relu,90,5,88,0.005513523239642382,0.004196952562779188
mlp_3x200_relu,90,5,89,0.0055144294165074825,0.004197087604552507
mlp_3x200_relu,90,5,90,0.005514301359653473,0.0041968547739088535
mlp_3x200_relu,90,5,91,0.005513864103704691,0.004197179339826107
mlp_3x200_relu,90,5,92,0.005514239892363548,0.0041971029713749886
mlp_3x200_relu,90,5,93,0.005513703916221857,0.004196537658572197
mlp_3x200_relu,90,5,94,0.005513380281627178,0.004195468965917826
mlp_3x200_relu,90,5,95,0.005513740703463554,0.004196278750896454
mlp_3x200_relu,90,5,96,0.00551364291459322,0.004196727182716131
mlp_3x200_relu,90,5,97,0.005513644311577082,0.004195787012577057
mlp_3x200_relu,90,5,98,0.005514198448508978,0.0041971467435359955
mlp_3x200_relu,90,5,99,0.005513823125511408,0.004196236375719309
mlp_3x200_relu,90,5,100,0.005514046642929316,0.004196396097540855
mlp_3x200_relu,90,5,101,0.005513487383723259,0.0041962796822190285
mlp_3x200_relu,90,5,102,0.005513076204806566,0.004196332301944494
mlp_3x200_relu,90,5,103,0.005513097159564495,0.004196797497570515
mlp_3x200_relu,90,5,104,0.005513394251465797,0.004195516463369131
mlp_3x200_relu,90,5,105,0.005513831041753292,0.004196351859718561
mlp_3x200_relu,90,5,106,0.0055139134638011456,0.004196928348392248
mlp_3x200_relu,90,5,107,0.005513680167496204,0.004197561182081699
mlp_3x200_relu,90,5,108,0.005512923933565617,0.004196734633296728
mlp_3x200_relu,90,5,109,0.0055138105526566505,0.004195466637611389
mlp_3x200_relu,90,5,110,0.005513790063560009,0.004195902030915022
mlp_3x200_relu,90,5,111,0.005513876676559448,0.004196112975478172
mlp_3x200_relu,90,5,112,0.005513915792107582,0.004195963032543659
mlp_3x200_relu,90,5,113,0.005513662006705999,0.0041960314847528934
mlp_3x200_relu,90,5,114,0.005513681098818779,0.004196972586214542
mlp_3x200_relu,90,5,115,0.005513879004865885,0.004196390509605408
mlp_3x200_relu,90,5,116,0.005513512529432774,0.004196178633719683
mlp_3x200_relu,90,5,117,0.005513960961252451,0.004196593072265387
mlp_3x200_relu,90,5,118,0.00551367923617363,0.004195049870759249
mlp_3x200_relu,90,5,119,0.005513421725481749,0.004196228459477425
mlp_3x200_relu,90,5,120,0.005513579118996859,0.004196321126073599
mlp_3x200_relu,90,5,121,0.0055135455913841724,0.004197391215711832
mlp_3x200_relu,90,5,122,0.00551459239795804,0.004197224508970976
mlp_3x200_relu,90,5,123,0.0055135698057711124,0.004196888767182827
mlp_3x200_relu,90,5,124,0.005514204036444426,0.004196507390588522
mlp_3x200_relu,90,5,125,0.005513628013432026,0.004196445923298597
mlp_3x200_relu,90,5,126,0.005513290874660015,0.004196159541606903
mlp_3x200_relu,90,5,127,0.0055129993706941605,0.004196660593152046
mlp_3x200_relu,90,5,128,0.005514512304216623,0.004196130204945803
mlp_3x200_relu,90,5,129,0.0055134412832558155,0.004197209142148495
mlp_3x200_relu,90,5,130,0.005513267125934362,0.004196212161332369
mlp_3x200_relu,90,5,131,0.005513622425496578,0.004196673631668091
mlp_3x200_relu,90,5,132,0.005513689946383238,0.004195967689156532
mlp_3x200_relu,90,5,133,0.005513311829417944,0.0041961693204939365
mlp_3x200_relu,90,5,134,0.0055132596753537655,0.004196201916784048
mlp_3x200_relu,90,5,135,0.005514318589121103,0.004197226837277412
mlp_3x200_relu,90,5,136,0.005513753741979599,0.0041959648951888084
mlp_3x200_relu,90,5,137,0.0055137015879154205,0.004196418449282646
mlp_3x200_relu,90,5,138,0.0055143386125564575,0.004196633119136095
mlp_3x200_relu,90,5,139,0.005513794720172882,0.004196566995233297
mlp_3x200_relu,90,5,140,0.005513894837349653,0.004196872003376484
mlp_3x200_relu,90,5,141,0.005513978190720081,0.004196115303784609
mlp_3x200_relu,90,5,142,0.005513711366802454,0.004195996094495058
mlp_3x200_relu,90,5,143,0.005513478070497513,0.004196627531200647
mlp_3x200_relu,90,5,144,0.005513765383511782,0.004196071997284889
mlp_3x200_relu,90,5,145,0.005514053627848625,0.004196441266685724
mlp_3x200_relu,90,5,146,0.005513118114322424,0.004196496214717627
mlp_3x200_relu,90,5,147,0.005513382609933615,0.004196177702397108
mlp_3x200_relu,90,5,148,0.00551403546705842,0.004196020308881998
mlp_3x200_relu,90,5,149,0.005513409618288279,0.0041962903924286366
mlp_3x200_relu,90,5,150,0.0055138724856078625,0.004196295980364084
mlp_3x200_relu,90,5,151,0.0055136242881417274,0.004195279907435179
mlp_3x200_relu,90,5,152,0.005514427553862333,0.004196863621473312
mlp_3x200_relu,90,5,153,0.005513628013432026,0.004196126479655504
mlp_3x200_relu,90,5,154,0.005513876676559448,0.004196749534457922
mlp_3x200_relu,90,5,155,0.005514281336218119,0.004196707159280777
mlp_3x200_relu,90,5,156,0.005513519514352083,0.0041962554678320885
mlp_3x200_relu,90,5,157,0.005513479933142662,0.004195415880531073
mlp_3x200_relu,90,5,158,0.005513384006917477,0.004195656161755323
mlp_3x200_relu,90,5,159,0.005513602867722511,0.004196069668978453
mlp_3x200_relu,90,5,160,0.0055136531591415405,0.004195656161755323
mlp_3x200_relu,90,5,161,0.005514072719961405,0.0041964114643633366
mlp_3x200_relu,90,5,162,0.005513057112693787,0.00419584708288312
mlp_3x200_relu,90,5,163,0.005514313466846943,0.004196859896183014
mlp_3x200_relu,90,5,164,0.005513488780707121,0.004196247085928917
mlp_3x200_relu,90,5,165,0.005513772368431091,0.004197058267891407
mlp_3x200_relu,90,5,166,0.005513797979801893,0.0041969348676502705
mlp_3x200_relu,90,5,167,0.005514314863830805,0.004196603316813707
mlp_3x200_relu,90,5,168,0.005513838957995176,0.0041968924924731255
mlp_3x200_relu,90,5,169,0.005513819400221109,0.0041964235715568066
mlp_3x200_relu,90,5,170,0.005514190066605806,0.004196675959974527
mlp_3x200_relu,90,5,171,0.005513762589544058,0.004196843598037958
mlp_3x200_relu,90,5,172,0.005514063872396946,0.004195925779640675
mlp_3x200_relu,90,5,173,0.005514063872396946,0.00419598026201129
mlp_3x200_relu,90,5,174,0.005513617768883705,0.004196858499199152
mlp_3x200_relu,90,5,175,0.005513861775398254,0.00419606314972043
mlp_3x200_relu,90,5,176,0.0055132764391601086,0.004195939749479294
mlp_3x200_relu,90,5,177,0.005513429641723633,0.004196269437670708
mlp_3x200_relu,90,5,178,0.005513254087418318,0.004195662215352058
mlp_3x200_relu,90,5,179,0.005513346288353205,0.0041954899206757545
mlp_3x200_relu,90,5,180,0.005513572134077549,0.004196041263639927
mlp_3x200_relu,90,5,181,0.005513337906450033,0.004196321126073599
mlp_3x200_relu,90,5,182,0.005514398217201233,0.0041962480172514915
mlp_3x200_relu,90,5,183,0.005513767711818218,0.004195323679596186
mlp_3x200_relu,90,5,184,0.005513728596270084,0.0041968077421188354
mlp_3x200_relu,90,5,185,0.005513664335012436,0.004196569323539734
mlp_3x200_relu,90,5,186,0.0055135153234004974,0.004196515306830406
mlp_3x200_relu,90,5,187,0.00551380030810833,0.004196044057607651
mlp_3x200_relu,90,5,188,0.005514232907444239,0.0041965702548623085
mlp_3x200_relu,90,5,189,0.005514246877282858,0.004197826609015465
mlp_3x200_relu,90,5,190,0.005513228476047516,0.004196178633719683
mlp_3x200_relu,90,5,191,0.005513517186045647,0.004196083173155785
mlp_3x200_relu,90,5,192,0.005513419397175312,0.004195522516965866
mlp_3x200_relu,90,5,193,0.005513469688594341,0.004195922054350376
mlp_3x200_relu,90,5,194,0.005513032432645559,0.004196160938590765
mlp_3x200_relu,90,5,195,0.005514468066394329,0.004196326248347759
mlp_3x200_relu,90,5,196,0.005514276213943958,0.004197194240987301
mlp_3x200_relu,90,5,197,0.005513888318091631,0.004196541383862495
mlp_3x200_relu,90,5,198,0.005513418465852737,0.004196329042315483
mlp_3x200_relu,90,5,199,0.005513541866093874,0.0041961586102843285
mlp_3x200_relu,90,5,200,0.005514263175427914,0.004196646623313427
mlp_3x200_relu,90,30,1,0.041642025113105774,0.0018079658038914204
mlp_3x200_relu,90,30,2,0.002302228007465601,0.0017844840185716748
mlp_3x200_relu,90,30,3,0.0022907445672899485,0.0017873534234240651
mlp_3x200_relu,90,30,4,0.0022888300009071827,0.0017884955741465092
mlp_3x200_relu,90,30,5,0.002287397626787424,0.0017893225885927677
mlp_3x200_relu,90,30,6,0.002287074690684676,0.0017910182941704988
mlp_3x200_relu,90,30,7,0.002286867704242468,0.0017910918686538935
mlp_3x200_relu,90,30,8,0.002286773407831788,0.0017910579917952418
mlp_3x200_relu,90,30,9,0.0022867077495902777,0.0017914879135787487
mlp_3x200_relu,90,30,10,0.002286334754899144,0.0017909723101183772
mlp_3x200_relu,90,30,11,0.0022865221835672855,0.0017905101412907243
mlp_3x200_relu,90,30,12,0.0022862087935209274,0.0017922396073117852
mlp_3x200_relu,90,30,13,0.0022859512828290462,0.0017914233030751348
mlp_3x200_relu,90,30,14,0.002286068629473448,0.0017926888540387154
mlp_3x200_relu,90,30,15,0.0022859745658934116,0.001790856011211872
mlp_3x200_relu,90,30,16,0.002286170842126012,0.0017912609037011862
mlp_3x200_relu,90,30,17,0.002285911701619625,0.0017916327342391014
mlp_3x200_relu,90,30,18,0.0022860360331833363,0.0017922036349773407
mlp_3x200_relu,90,30,19,0.0022861151956021786,0.0017916506621986628
mlp_3x200_relu,90,30,20,0.0022857720032334328,0.0017903207335621119
mlp_3x200_relu,90,30,21,0.0022858723532408476,0.0017924098065122962
mlp_3x200_relu,90,30,22,0.0022855123970657587,0.0017919668462127447
mlp_3x200_relu,90,30,23,0.002285692607983947,0.0017921965336427093
mlp_3x200_relu,90,30,24,0.002286093309521675,0.001790967769920826
mlp_3x200_relu,90,30,25,0.0022858690936118364,0.0017918087542057037
mlp_3x200_relu,90,30,26,0.0022853068076074123,0.0017917314544320107
mlp_3x200_relu,90,30,27,0.002285822993144393,0.0017923194682225585
mlp_3x200_relu,90,30,28,0.002286086557433009,0.0017916173674166203
mlp_3x200_relu,90,30,29,0.002285778522491455,0.0017918286612257361
mlp_3x200_relu,90,30,30,0.0022857235744595528,0.0017924479907378554
mlp_3x200_relu,90,30,31,0.0022860600147396326,0.0017915627686306834
mlp_3x200_relu,90,30,32,0.002286056522279978,0.0017915799980983138
mlp_3x200_relu,90,30,33,0.0022858749143779278,0.001791541581042111
mlp_3x200_relu,90,30,34,0.0022855717688798904,0.0017902066465467215
mlp_3x200_relu,90,30,35,0.0022853489499539137,0.0017922177212312818
mlp_3x200_relu,90,30,36,0.002285744994878769,0.0017914727795869112
mlp_3x200_relu,90,30,37,0.0022856998257339,0.0017915526404976845
mlp_3x200_relu,90,30,38,0.0022858374286442995,0.0017914645140990615
mlp_3x200_relu,90,30,39,0.0022852844558656216,0.0017915064236149192
mlp_3x200_relu,90,30,40,0.0022862213663756847,0.0017929746536538005
mlp_3x200_relu,90,30,41,0.0022858730517327785,0.001791954506188631
mlp_3x200_relu,90,30,42,0.0022857117000967264,0.001791423186659813
mlp_3x200_relu,90,30,43,0.0022858879528939724,0.001791588612832129
mlp_3x200_relu,90,30,44,0.0022856690920889378,0.0017907660221680999
mlp_3x200_relu,90,30,45,0.0022857456933707,0.001792306313291192
mlp_3x200_relu,90,30,46,0.002285577356815338,0.0017916001379489899
mlp_3x200_relu,90,30,47,0.002285801339894533,0.0017922752304002643
mlp_3x200_relu,90,30,48,0.002285929396748543,0.0017914173658937216
mlp_3x200_relu,90,30,49,0.002285403897985816,0.0017923713894560933
mlp_3x200_relu,90,30,50,0.002286043018102646,0.001791787100955844
mlp_3x200_relu,90,30,51,0.0022861494217067957,0.0017914854688569903
mlp_3x200_relu,90,30,52,0.0022859438322484493,0.0017919978126883507
mlp_3x200_relu,90,30,53,0.002285691676661372,0.001792305032722652
mlp_3x200_relu,90,30,54,0.002286114264279604,0.0017927568405866623
mlp_3x200_relu,90,30,55,0.0022857757285237312,0.0017906933790072799
mlp_3x200_relu,90,30,56,0.002285425551235676,0.001790192211046815
mlp_3x200_relu,90,30,57,0.0022851398680359125,0.0017911785980686545
mlp_3x200_relu,90,30,58,0.0022857997100800276,0.001791470916941762
mlp_3x200_relu,90,30,59,0.0022856825962662697,0.001791643095202744
mlp_3x200_relu,90,30,60,0.0022855778224766254,0.0017918315716087818
mlp_3x200_relu,90,30,61,0.0022858644369989634,0.001791524002328515
mlp_3x200_relu,90,30,62,0.0022857629228383303,0.0017928999150171876
mlp_3x200_relu,90,30,63,0.0022855575662106276,0.0017908174777403474
mlp_3x200_relu,90,30,64,0.0022853880655020475,0.001791192451491952
mlp_3x200_relu,90,30,65,0.0022857203148305416,0.001791386865079403
mlp_3x200_relu,90,30,66,0.0022855226416140795,0.001792597002349794
mlp_3x200_relu,90,30,67,0.002285952679812908,0.0017911605536937714
mlp_3x200_relu,90,30,68,0.002285656286403537,0.0017917623044922948
mlp_3x200_relu,90,30,69,0.0022862062323838472,0.001792728086002171
mlp_3x200_relu,90,30,70,0.0022860036697238684,0.0017903920961543918
mlp_3x200_relu,90,30,71,0.002285593654960394,0.0017916046781465411
mlp_3x200_relu,90,30,72,0.002285680500790477,0.0017914457712322474
mlp_3x200_relu,90,30,73,0.0022858360316604376,0.0017927569570019841
mlp_3x200_relu,90,30,74,0.0022862455807626247,0.0017911044415086508
mlp_3x200_relu,90,30,75,0.002285911701619625,0.00179297907743603
mlp_3x200_relu,90,30,76,0.0022857936564832926,0.0017928032903000712
mlp_3x200_relu,90,30,77,0.0022858367301523685,0.001792032620869577
mlp_3x200_relu,90,30,78,0.002285864669829607,0.0017926167929545045
mlp_3x200_relu,90,30,79,0.0022861415054649115,0.001793271629139781
mlp_3x200_relu,90,30,80,0.0022860411554574966,0.0017914093332365155
mlp_3x200_relu,90,30,81,0.00228613568469882,0.0017938804812729359
mlp_3x200_relu,90,30,82,0.0022857121657580137,0.0017924971180036664
mlp_3x200_relu,90,30,83,0.002286057686433196,0.0017911541508510709
mlp_3x200_relu,90,30,84,0.002285872120410204,0.0017928322777152061
mlp_3x200_relu,90,30,85,0.002285807626321912,0.0017925656866282225
mlp_3x200_relu,90,30,86,0.0022855624556541443,0.001790730282664299
mlp_3x200_relu,90,30,87,0.002285611815750599,0.001792128081433475
mlp_3x200_relu,90,30,88,0.0022854935377836227,0.0017926457803696394
mlp_3x200_relu,90,30,89,0.0022855575662106276,0.0017924070125445724
mlp_3x200_relu,90,30,90,0.0022855212446302176,0.0017917355289682746
mlp_3x200_relu,90,30,91,0.0022857864387333393,0.00179145741276443
mlp_3x200_relu,90,30,92,0.002285964321345091,0.0017924903659150004
mlp_3x200_relu,90,30,93,0.0022859021555632353,0.00179204938467592
mlp_3x200_relu,90,30,94,0.0022856425493955612,0.001792533090338111
mlp_3x200_relu,90,30,95,0.0022855482529848814,0.0017910967580974102
mlp_3x200_relu,90,30,96,0.002285594120621681,0.0017907735891640186
mlp_3x200_relu,90,30,97,0.0022859827149659395,0.0017932103946805
mlp_3x200_relu,90,30,98,0.0022863741032779217,0.0017934159841388464
mlp_3x200_relu,90,30,99,0.0022863266058266163,0.001792631926946342
mlp_3x200_relu,90,30,100,0.002285903552547097,0.001792284892871976
mlp_3x200_relu,90,30,101,0.0022859389428049326,0.0017922669649124146
mlp_3x200_relu,90,30,102,0.002286336151883006,0.0017914911732077599
mlp_3x200_relu,90,30,103,0.002285537077113986,0.0017930270405486226
mlp_3x200_relu,90,30,104,0.002285729395225644,0.0017914598574861884
mlp_3x200_relu,90,30,105,0.002285874215885997,0.001791840884834528
mlp_3x200_relu,90,30,106,0.0022855878341943026,0.0017919803503900766
mlp_3x200_relu,90,30,107,0.002286032075062394,0.00179231574293226
mlp_3x200_relu,90,30,108,0.0022858520969748497,0.001792274066247046
mlp_3x200_relu,90,30,109,0.002285860013216734,0.0017917307559400797
mlp_3x200_relu,90,30,110,0.0022858644369989634,0.0017917774384841323
mlp_3x200_relu,90,30,111,0.002286071190610528,0.001793084666132927
mlp_3x200_relu,90,30,112,0.0022856518626213074,0.001792888273485005
mlp_3x200_relu,90,30,113,0.0022860500030219555,0.001792684430256486
mlp_3x200_relu,90,30,114,0.0022861880715936422,0.0017922762781381607
mlp_3x200_relu,90,30,115,0.002286007162183523,0.00179155427031219
mlp_3x200_relu,90,30,116,0.0022857137955725193,0.001792662893421948
mlp_3x200_relu,90,30,117,0.002285654889419675,0.001791647868230939
mlp_3x200_relu,90,30,118,0.0022859075106680393,0.0017918645171448588
mlp_3x200_relu,90,30,119,0.0022854700218886137,0.001791260321624577
mlp_3x200_relu,90,30,120,0.002285947557538748,0.0017920476384460926
mlp_3x200_relu,90,30,121,0.0022854541894048452,0.0017924971180036664
mlp_3x200_relu,90,30,122,0.0022859005257487297,0.0017918708035722375
mlp_3x200_relu,90,30,123,0.002286148490384221,0.0017928219167515635
mlp_3x200_relu,90,30,124,0.002286013448610902,0.0017920361133292317
mlp_3x200_relu,90,30,125,0.002285431372001767,0.0017919533420354128
mlp_3x200_relu,90,30,126,0.00228589354082942,0.001791806542314589
mlp_3x200_relu,90,30,127,0.0022859801538288593,0.0017922800034284592
mlp_3x200_relu,90,30,128,0.002285586902871728,0.0017921687103807926
mlp_3x200_relu,90,30,129,0.0022856611758470535,0.0017936923541128635
mlp_3x200_relu,90,30,130,0.002285975031554699,0.001792654162272811
mlp_3x200_relu,90,30,131,0.0022859349846839905,0.0017912701005116105
mlp_3x200_relu,90,30,132,0.002286540810018778,0.0017924364656209946
mlp_3x200_relu,90,30,133,0.0022859920281916857,0.0017914652125909925
mlp_3x200_relu,90,30,134,0.002286196919158101,0.0017923571867868304
mlp_3x200_relu,90,30,135,0.0022858111187815666,0.0017914653290063143
mlp_3x200_relu,90,30,136,0.0022861831821501255,0.001792724709957838
mlp_3x200_relu,90,30,137,0.002285940106958151,0.0017920215614140034
mlp_3x200_relu,90,30,138,0.002286067698150873,0.001792790601029992
mlp_3x200_relu,90,30,139,0.002285978989675641,0.0017933036433532834
mlp_3x200_relu,90,30,140,0.002285958267748356,0.0017930954927578568
mlp_3x200_relu,90,30,141,0.002285841852426529,0.001791458111256361
mlp_3x200_relu,90,30,142,0.0022856579162180424,0.0017924567218869925
mlp_3x200_relu,90,30,143,0.002285574097186327,0.0017922472907230258
mlp_3x200_relu,90,30,144,0.002285843947902322,0.0017913517076522112
mlp_3x200_relu,90,30,145,0.002285770606249571,0.001792777213267982
mlp_3x200_relu,90,30,146,0.0022861941251903772,0.001792516908608377
mlp_3x200_relu,90,30,147,0.002286043018102646,0.0017919355304911733
mlp_3x200_relu,90,30,148,0.0022859040182083845,0.0017921555554494262
mlp_3x200_relu,90,30,149,0.002285976195707917,0.0017910313326865435
mlp_3x200_relu,90,30,150,0.0022859021555632353,0.0017918040975928307
mlp_3x200_relu,90,30,151,0.002285690512508154,0.0017924242420122027
mlp_3x200_relu,90,30,152,0.0022859929595142603,0.001792617724277079
mlp_3x200_relu,90,30,153,0.0022855268325656652,0.001792395836673677
mlp_3x200_relu,90,30,154,0.0022860425524413586,0.0017912146868184209
mlp_3x200_relu,90,30,155,0.0022860034368932247,0.0017932181945070624
mlp_3x200_relu,90,30,156,0.002285660244524479,0.0017924669664353132
mlp_3x200_relu,90,30,157,0.002285442315042019,0.0017906646244227886
mlp_3x200_relu,90,30,158,0.0022857943549752235,0.0017927434528246522
mlp_3x200_relu,90,30,159,0.0022860809694975615,0.0017921797698363662
mlp_3x200_relu,90,30,160,0.0022860008757561445,0.0017918465891852975
mlp_3x200_relu,90,30,161,0.0022858348675072193,0.0017927981680259109
mlp_3x200_relu,90,30,162,0.002286066533997655,0.001792960916645825
mlp_3x200_relu,90,30,163,0.002285606227815151,0.0017915882635861635
mlp_3x200_relu,90,30,164,0.0022855864372104406,0.0017907824367284775
mlp_3x200_relu,90,30,165,0.0022857447620481253,0.0017919347155839205
mlp_3x200_relu,90,30,166,0.0022863312624394894,0.0017924137646332383
mlp_3x200_relu,90,30,167,0.0022859908640384674,0.0017925926949828863
mlp_3x200_relu,90,30,168,0.002285702619701624,0.0017927847802639008
mlp_3x200_relu,90,30,169,0.002286146627739072,0.001793127623386681
mlp_3x200_relu,90,30,170,0.0022859531454741955,0.0017922885017469525
mlp_3x200_relu,90,30,171,0.0022861247416585684,0.0017937800148501992
mlp_3x200_relu,90,30,172,0.0022862176410853863,0.0017913184128701687
mlp_3x200_relu,90,30,173,0.0022855382412672043,0.0017914404161274433
mlp_3x200_relu,90,30,174,0.0022856611758470535,0.001790654961951077
mlp_3x200_relu,90,30,175,0.0022857303265482187,0.001791366608813405
mlp_3x200_relu,90,30,176,0.002285598311573267,0.0017919436795637012
mlp_3x200_relu,90,30,177,0.0022852944675832987,0.0017925676656886935
mlp_3x200_relu,90,30,178,0.0022858877200633287,0.0017921043327078223
mlp_3x200_relu,90,30,179,0.0022857992444187403,0.0017919862875714898
mlp_3x200_relu,90,30,180,0.002286130329594016,0.0017927330918610096
mlp_3x200_relu,90,30,181,0.0022860756143927574,0.0017922500846907496
mlp_3x200_relu,90,30,182,0.002285836962983012,0.001792117953300476
mlp_3x200_relu,90,30,183,0.0022858872544020414,0.001793071860447526
mlp_3x200_relu,90,30,184,0.0022862402256578207,0.0017924566054716706
mlp_3x200_relu,90,30,185,0.0022853307891637087,0.0017919319216161966
mlp_3x200_relu,90,30,186,0.0022858346346765757,0.0017916950164362788
mlp_3x200_relu,90,30,187,0.00228626886382699,0.0017921136459335685
mlp_3x200_relu,90,30,188,0.0022857540752738714,0.0017926046857610345
mlp_3x200_relu,90,30,189,0.0022858239244669676,0.0017916831420734525
mlp_3x200_relu,90,30,190,0.002285743597894907,0.0017915935022756457
mlp_3x200_relu,90,30,191,0.0022861557081341743,0.0017934484640136361
mlp_3x200_relu,90,30,192,0.0022861699108034372,0.00179301667958498
mlp_3x200_relu,90,30,193,0.002285808091983199,0.0017915874486789107
mlp_3x200_relu,90,30,194,0.0022857156582176685,0.0017934158677235246
mlp_3x200_relu,90,30,195,0.0022862718906253576,0.001792463706806302
mlp_3x200_relu,90,30,196,0.002286010654643178,0.0017931103939190507
mlp_3x200_relu,90,30,197,0.0022855710703879595,0.0017929095774888992
mlp_3x200_relu,90,30,198,0.0022856902796775103,0.0017937684897333384
mlp_3x200_relu,90,30,199,0.002286140574142337,0.0017915429780259728
mlp_3x200_relu,90,30,200,0.002285937312990427,0.0017929464811459184
mlp_3x200_relu,90,90,1,0.04125853255391121,0.00110886269249022
mlp_3x200_relu,90,90,2,0.0014473069459199905,0.0010665374575182796
mlp_3x200_relu,90,90,3,0.001428566174581647,0.001063926494680345
mlp_3x200_relu,90,90,4,0.0014231151435524225,0.0010631413897499442
mlp_3x200_relu,90,90,5,0.0014201612211763859,0.0010617476655170321
mlp_3x200_relu,90,90,6,0.0014187945052981377,0.0010591442696750164
mlp_3x200_relu,90,90,7,0.0014180829748511314,0.0010606124997138977
mlp_3x200_relu,90,90,8,0.0014172468800097704,0.0010591869940981269
mlp_3x200_relu,90,90,9,0.0014162118313834071,0.001059359055943787
mlp_3x200_relu,90,90,10,0.001415956299751997,0.0010599041124805808
mlp_3x200_relu,90,90,11,0.0014161219587549567,0.0010603592963889241
mlp_3x200_relu,90,90,12,0.0014152791118249297,0.001058558584190905
mlp_3x200_relu,90,90,13,0.0014152616495266557,0.0010591638274490833
mlp_3x200_relu,90,90,14,0.0014152772491797805,0.0010593546321615577
mlp_3x200_relu,90,90,15,0.001415092614479363,0.0010600925888866186
mlp_3x200_relu,90,90,16,0.0014148926129564643,0.0010587400756776333
mlp_3x200_relu,90,90,17,0.0014151136856526136,0.0010593901388347149
mlp_3x200_relu,90,90,18,0.001414940576069057,0.0010588258737698197
mlp_3x200_relu,90,90,19,0.001414763042703271,0.001058268011547625
mlp_3x200_relu,90,90,20,0.0014146709581837058,0.0010587185388430953
mlp_3x200_relu,90,90,21,0.0014147538458928466,0.0010596790816634893
mlp_3x200_relu,90,90,22,0.0014147238107398152,0.0010591668542474508
mlp_3x200_relu,90,90,23,0.0014143402222543955,0.001058845897205174
mlp_3x200_relu,90,90,24,0.0014145447639748454,0.0010588158620521426
mlp_3x200_relu,90,90,25,0.0014144947053864598,0.0010600145906209946
mlp_3x200_relu,90,90,26,0.0014145213644951582,0.0010586370481178164
mlp_3x200_relu,90,90,27,0.0014146830653771758,0.0010585389100015163
mlp_3x200_relu,90,90,28,0.0014144435990601778,0.0010586833814159036
mlp_3x200_relu,90,90,29,0.001414736034348607,0.0010593149345368147
mlp_3x200_relu,90,90,30,0.001414795871824026,0.00105859967879951
mlp_3x200_relu,90,90,31,0.001414441387169063,0.0010588279692456126
mlp_3x200_relu,90,90,32,0.0014146517496556044,0.0010594648774713278
mlp_3x200_relu,90,90,33,0.001414530910551548,0.0010586883872747421
mlp_3x200_relu,90,90,34,0.0014144920278340578,0.0010593818733468652
mlp_3x200_relu,90,90,35,0.0014145303284749389,0.0010583271505311131
mlp_3x200_relu,90,90,36,0.0014141330029815435,0.0010591020109131932
mlp_3x200_relu,90,90,37,0.0014145825989544392,0.0010575818596407771
mlp_3x200_relu,90,90,38,0.0014142452273517847,0.0010594938648864627
mlp_3x200_relu,90,90,39,0.0014141922583803535,0.0010592160979285836
mlp_3x200_relu,90,90,40,0.0014146851608529687,0.0010592202888801694
mlp_3x200_relu,90,90,41,0.0014142229920253158,0.0010583926923573017
mlp_3x200_relu,90,90,42,0.0014142363797873259,0.0010587049182504416
mlp_3x200_relu,90,90,43,0.0014149200869724154,0.0010586786083877087
mlp_3x200_relu,90,90,44,0.001414638478308916,0.001058446243405342
mlp_3x200_relu,90,90,45,0.0014140632702037692,0.0010592470644041896
mlp_3x200_relu,90,90,46,0.001414611702784896,0.001058892346918583
mlp_3x200_relu,90,90,47,0.0014145770110189915,0.0010589106241241097
mlp_3x200_relu,90,90,48,0.001414201338775456,0.0010579685913398862
mlp_3x200_relu,90,90,49,0.0014147249748930335,0.0010583436815068126
mlp_3x200_relu,90,90,50,0.0014143773587420583,0.0010592300677672029
mlp_3x200_relu,90,90,51,0.001414504018612206,0.0010581114329397678
mlp_3x200_relu,90,90,52,0.001414420665241778,0.0010590077145025134
mlp_3x200_relu,90,90,53,0.0014146175235509872,0.0010582238901406527
mlp_3x200_relu,90,90,54,0.0014144086744636297,0.001058187335729599
mlp_3x200_relu,90,90,55,0.0014142723521217704,0.001058164518326521
mlp_3x200_relu,90,90,56,0.0014142239233478904,0.0010584910633042455
mlp_3x200_relu,90,90,57,0.0014145825989544392,0.0010591965401545167
mlp_3x200_relu,90,90,58,0.0014143369626253843,0.00105853786226362
mlp_3x200_relu,90,90,59,0.0014142078580334783,0.0010579427471384406
mlp_3x200_relu,90,90,60,0.0014144411543384194,0.001058124820701778
mlp_3x200_relu,90,90,61,0.0014143661828711629,0.001058927970007062
mlp_3x200_relu,90,90,62,0.001414241036400199,0.0010583729017525911
mlp_3x200_relu,90,90,63,0.0014146051835268736,0.0010599435772746801
mlp_3x200_relu,90,90,64,0.0014142971485853195,0.0010581670794636011
mlp_3x200_relu,90,90,65,0.0014142065774649382,0.0010595860658213496
mlp_3x200_relu,90,90,66,0.0014142094878479838,0.0010593571932986379
mlp_3x200_relu,90,90,67,0.0014141491847112775,0.0010578951332718134
mlp_3x200_relu,90,90,68,0.0014146545436233282,0.0010581901296973228
mlp_3x200_relu,90,90,69,0.0014143841108307242,0.0010578903602436185
mlp_3x200_relu,90,90,70,0.0014144175220280886,0.0010587172582745552
mlp_3x200_relu,90,90,71,0.0014146175235509872,0.0010592854814603925
mlp_3x200_relu,90,90,72,0.0014145034365355968,0.0010585435666143894
mlp_3x200_relu,90,90,73,0.0014144348679110408,0.001058416091836989
mlp_3x200_relu,90,90,74,0.0014144008746370673,0.0010595601052045822
mlp_3x200_relu,90,90,75,0.0014146663015708327,0.001059685368090868
mlp_3x200_relu,90,90,76,0.001414574682712555,0.0010584890842437744
mlp_3x200_relu,90,90,77,0.0014141034334897995,0.0010591974714770913
mlp_3x200_relu,90,90,78,0.0014143871376290917,0.0010582407703623176
mlp_3x200_relu,90,90,79,0.0014146454632282257,0.0010587930446490645
mlp_3x200_relu,90,90,80,0.0014144818997010589,0.001059628906659782
mlp_3x200_relu,90,90,81,0.0014144409215077758,0.001058356836438179
mlp_3x200_relu,90,90,82,0.0014146348694339395,0.0010588179575279355
mlp_3x200_relu,90,90,83,0.00141441251616925,0.0010579711524769664
mlp_3x200_relu,90,90,84,0.001414326368831098,0.001058644033037126
mlp_3x200_relu,90,90,85,0.001414224156178534,0.0010586261050775647
mlp_3x200_relu,90,90,86,0.0014142642030492425,0.001059104921296239
mlp_3x200_relu,90,90,87,0.0014145014574751258,0.0010596030624583364
mlp_3x200_relu,90,90,88,0.001414583995938301,0.0010589322773739696
mlp_3x200_relu,90,90,89,0.001414561178535223,0.0010588724398985505
mlp_3x200_relu,90,90,90,0.001414550351910293,0.0010587451979517937
mlp_3x200_relu,90,90,91,0.0014145307941362262,0.0010580838425084949
mlp_3x200_relu,90,90,92,0.0014141809660941362,0.0010582242393866181
mlp_3x200_relu,90,90,93,0.0014143316075205803,0.0010586489224806428
mlp_3x200_relu,90,90,94,0.0014145267195999622,0.0010586598655208945
mlp_3x200_relu,90,90,95,0.0014147131005302072,0.0010590666206553578
mlp_3x200_relu,90,90,96,0.001414524856954813,0.0010586470598354936
mlp_3x200_relu,90,90,97,0.0014140899293124676,0.001059077330864966
mlp_3x200_relu,90,90,98,0.0014143879525363445,0.001058813533745706
mlp_3x200_relu,90,90,99,0.0014142157742753625,0.0010589107405394316
mlp_3x200_relu,90,90,100,0.001414345228113234,0.0010586453136056662
mlp_3x200_relu,90,90,101,0.001414538244716823,0.0010585919953882694
mlp_3x200_relu,90,90,102,0.0014144512824714184,0.0010585709242150187
mlp_3x200_relu,90,90,103,0.0014143349835649133,0.0010579777881503105
mlp_3x200_relu,90,90,104,0.0014145320747047663,0.0010585951386019588
mlp_3x200_relu,90,90,105,0.001414623111486435,0.001059447298757732
mlp_3x200_relu,90,90,106,0.0014142482541501522,0.0010584074771031737
mlp_3x200_relu,90,90,107,0.0014144738670438528,0.0010588574223220348
mlp_3x200_relu,90,90,108,0.0014143616426736116,0.0010587961878627539
mlp_3x200_relu,90,90,109,0.0014145552413538098,0.0010591832688078284
mlp_3x200_relu,90,90,110,0.0014144935412332416,0.001058552647009492
mlp_3x200_relu,90,90,111,0.0014143558219075203,0.0010598220396786928
mlp_3x200_relu,90,90,112,0.0014148649061098695,0.0010587675496935844
mlp_3x200_relu,90,90,113,0.0014143821317702532,0.0010574407642707229
mlp_3x200_relu,90,90,114,0.0014145595487207174,0.0010578433284536004
mlp_3x200_relu,90,90,115,0.0014146545436233282,0.0010581975802779198
mlp_3x200_relu,90,90,116,0.0014144695596769452,0.0010587129509076476
mlp_3x200_relu,90,90,117,0.0014149207854643464,0.0010586935095489025
mlp_3x200_relu,90,90,118,0.0014146135654300451,0.0010584852425381541
mlp_3x200_relu,90,90,119,0.0014142324216663837,0.001058296300470829
mlp_3x200_relu,90,90,120,0.00141415826510638,0.0010591112077236176
mlp_3x200_relu,90,90,121,0.0014143228763714433,0.0010582896647974849
mlp_3x200_relu,90,90,122,0.0014145098393782973,0.0010583708062767982
mlp_3x200_relu,90,90,123,0.001414253725670278,0.001058216206729412
mlp_3x200_relu,90,90,124,0.0014144605956971645,0.0010582702234387398
mlp_3x200_relu,90,90,125,0.0014144702581688762,0.0010584822157397866
mlp_3x200_relu,90,90,126,0.001414495869539678,0.0010587149299681187
mlp_3x200_relu,90,90,127,0.0014143961016088724,0.001058262656442821
mlp_3x200_relu,90,90,128,0.0014143756125122309,0.001059032860212028
mlp_3x200_relu,90,90,129,0.0014145824825391173,0.0010590108577162027
mlp_3x200_relu,90,90,130,0.0014143388252705336,0.0010590223828330636
mlp_3x200_relu,90,90,131,0.0014144022716209292,0.001058013178408146
mlp_3x200_relu,90,90,132,0.001414389698766172,0.0010599095840007067
mlp_3x200_relu,90,90,133,0.0014143695589154959,0.0010585114359855652
mlp_3x200_relu,90,90,134,0.001414204016327858,0.0010591755853965878
mlp_3x200_relu,90,90,135,0.0014146756147965789,0.0010581378592178226
mlp_3x200_relu,90,90,136,0.0014143465086817741,0.0010576543863862753
mlp_3x200_relu,90,90,137,0.001414197962731123,0.0010586240096017718
mlp_3x200_relu,90,90,138,0.0014146283501759171,0.0010581391397863626
mlp_3x200_relu,90,90,139,0.0014144763117656112,0.0010599165689200163
mlp_3x200_relu,90,90,140,0.0014143538428470492,0.0010602606926113367
mlp_3x200_relu,90,90,141,0.001414575264789164,0.0010593265760689974
mlp_3x200_relu,90,90,142,0.0014144036686047912,0.0010590949095785618
mlp_3x200_relu,90,90,143,0.001414639875292778,0.0010585470590740442
mlp_3x200_relu,90,90,144,0.0014144910965114832,0.001058927271515131
mlp_3x200_relu,90,90,145,0.0014143481384962797,0.0010579965310171247
mlp_3x200_relu,90,90,146,0.0014146281173452735,0.0010580673115327954
mlp_3x200_relu,90,90,147,0.001414662809111178,0.0010580209782347083
mlp_3x200_relu,90,90,148,0.001414217404089868,0.0010585715062916279
mlp_3x200_relu,90,90,149,0.0014145651366561651,0.001058870111592114
mlp_3x200_relu,90,90,150,0.0014144404558464885,0.0010585993295535445
mlp_3x200_relu,90,90,151,0.0014144104206934571,0.0010587733704596758
mlp_3x200_relu,90,90,152,0.0014143832959234715,0.0010593689512461424
mlp_3x200_relu,90,90,153,0.0014144745655357838,0.0010597414802759886
mlp_3x200_relu,90,90,154,0.001414444763213396,0.0010588193545117974
mlp_3x200_relu,90,90,155,0.001414684345945716,0.0010587548604235053
mlp_3x200_relu,90,90,156,0.0014142616419121623,0.0010580233065411448
mlp_3x200_relu,90,90,157,0.0014149467460811138,0.0010588649893179536
mlp_3x200_relu,90,90,158,0.0014143427833914757,0.0010587432188913226
mlp_3x200_relu,90,90,159,0.0014144532615318894,0.001057791872881353
mlp_3x200_relu,90,90,160,0.001414507394656539,0.001058112015016377
mlp_3x200_relu,90,90,161,0.001414597500115633,0.0010582655668258667
mlp_3x200_relu,90,90,162,0.0014145046006888151,0.0010593453189358115
mlp_3x200_relu,90,90,163,0.0014144007582217455,0.0010589389130473137
mlp_3x200_relu,90,90,164,0.0014146941248327494,0.0010590876918286085
mlp_3x200_relu,90,90,165,0.0014144363813102245,0.0010583058465272188
mlp_3x200_relu,90,90,166,0.0014145700260996819,0.0010589334415271878
mlp_3x200_relu,90,90,167,0.0014144107699394226,0.0010598637163639069
mlp_3x200_relu,90,90,168,0.0014146707253530622,0.001058327266946435
mlp_3x200_relu,90,90,169,0.001414361409842968,0.0010579020017758012
mlp_3x200_relu,90,90,170,0.001414588070474565,0.0010581626556813717
mlp_3x200_relu,90,90,171,0.0014145885361358523,0.0010587286669760942
mlp_3x200_relu,90,90,172,0.0014145902823656797,0.0010585716227069497
mlp_3x200_relu,90,90,173,0.0014146179892122746,0.001058531808666885
mlp_3x200_relu,90,90,174,0.0014143117005005479,0.0010584971169009805
mlp_3x200_relu,90,90,175,0.0014146653702482581,0.0010590743040665984
mlp_3x200_relu,90,90,176,0.001414361409842968,0.0010588980512693524
mlp_3x200_relu,90,90,177,0.0014143564039841294,0.0010583233088254929
mlp_3x200_relu,90,90,178,0.0014145028544589877,0.0010594093473628163
mlp_3x200_relu,90,90,179,0.0014144607121124864,0.00105880422051996
mlp_3x200_relu,90,90,180,0.0014148893533274531,0.0010589209850877523
mlp_3x200_relu,90,90,181,0.0014142231084406376,0.0010594301857054234
mlp_3x200_relu,90,90,182,0.0014144014567136765,0.001057684887200594
mlp_3x200_relu,90,90,183,0.001414805417880416,0.00105855125002563
mlp_3x200_relu,90,90,184,0.0014145068125799298,0.0010596072534099221
mlp_3x200_relu,90,90,185,0.0014147061156108975,0.0010591746540740132
mlp_3x200_relu,90,90,186,0.0014144631568342447,0.0010584592819213867
mlp_3x200_relu,90,90,187,0.0014146303292363882,0.0010575484484434128
mlp_3x200_relu,90,90,188,0.001414452912285924,0.0010581082897260785
mlp_3x200_relu,90,90,189,0.0014145986642688513,0.0010590566089376807
mlp_3x200_relu,90,90,190,0.0014145317254588008,0.0010582782560959458
mlp_3x200_relu,90,90,191,0.001414474449120462,0.0010590491583570838
mlp_3x200_relu,90,90,192,0.0014143678126856685,0.0010590694146230817
mlp_3x200_relu,90,90,193,0.0014144820161163807,0.0010584385599941015
mlp_3x200_relu,90,90,194,0.001414725324138999,0.0010591595200821757
mlp_3x200_relu,90,90,195,0.0014144140295684338,0.0010589533485472202
mlp_3x200_relu,90,90,196,0.0014145876048132777,0.0010588157456368208
mlp_3x200_relu,90,90,197,0.001414558500982821,0.001059196307323873
mlp_3x200_relu,90,90,198,0.0014142738655209541,0.0010577327338978648
mlp_3x200_relu,90,90,199,0.0014143360313028097,0.0010597358923405409
mlp_3x200_relu,90,90,200,0.0014145030872896314,0.001058059511706233
