model_name,input_window,output_window,epoch,loss,val_loss
mlp_2x100_dropout,5,1,1,0.1293676793575287,0.00942444708198309
mlp_2x100_dropout,5,1,2,0.013881198130548,0.009057744406163692
mlp_2x100_dropout,5,1,3,0.012493588961660862,0.009029720909893513
mlp_2x100_dropout,5,1,4,0.012138023041188717,0.009025489911437035
mlp_2x100_dropout,5,1,5,0.01204113382846117,0.009022880345582962
mlp_2x100_dropout,5,1,6,0.011986177414655685,0.009019295684993267
mlp_2x100_dropout,5,1,7,0.011964961886405945,0.009020446799695492
mlp_2x100_dropout,5,1,8,0.011920394375920296,0.00901986937969923
mlp_2x100_dropout,5,1,9,0.01189127005636692,0.009019821882247925
mlp_2x100_dropout,5,1,10,0.011910606175661087,0.009017872624099255
mlp_2x100_dropout,5,1,11,0.011885510757565498,0.009018845856189728
mlp_2x100_dropout,5,1,12,0.011898204684257507,0.009019993245601654
mlp_2x100_dropout,5,1,13,0.011881405487656593,0.009017935022711754
mlp_2x100_dropout,5,1,14,0.011881012469530106,0.009018408134579659
mlp_2x100_dropout,5,1,15,0.011877262964844704,0.009019843302667141
mlp_2x100_dropout,5,1,16,0.01187981478869915,0.0090186120942235
mlp_2x100_dropout,5,1,17,0.011867773719131947,0.009020060300827026
mlp_2x100_dropout,5,1,18,0.011874699965119362,0.0090172803029418
mlp_2x100_dropout,5,1,19,0.01187780313193798,0.009017940610647202
mlp_2x100_dropout,5,1,20,0.011869486421346664,0.009018448181450367
mlp_2x100_dropout,5,1,21,0.011869626119732857,0.009018510580062866
mlp_2x100_dropout,5,1,22,0.011867694556713104,0.009018714539706707
mlp_2x100_dropout,5,1,23,0.0118629839271307,0.009017526172101498
mlp_2x100_dropout,5,1,24,0.011872570030391216,0.009017802774906158
mlp_2x100_dropout,5,1,25,0.011860654689371586,0.009018823504447937
mlp_2x100_dropout,5,1,26,0.011873297393321991,0.00901895109564066
mlp_2x100_dropout,5,1,27,0.011866800487041473,0.009019089862704277
mlp_2x100_dropout,5,1,28,0.011859521269798279,0.00901794619858265
mlp_2x100_dropout,5,1,29,0.011859264224767685,0.009018455632030964
mlp_2x100_dropout,5,1,30,0.011863654479384422,0.009017826989293098
mlp_2x100_dropout,5,1,31,0.011858982034027576,0.009019785560667515
mlp_2x100_dropout,5,1,32,0.01187013741582632,0.009018265642225742
mlp_2x100_dropout,5,1,33,0.01186252012848854,0.00901800673455
mlp_2x100_dropout,5,1,34,0.01185980811715126,0.009017887525260448
mlp_2x100_dropout,5,1,35,0.011859923601150513,0.009018294513225555
mlp_2x100_dropout,5,1,36,0.011860163882374763,0.009017789736390114
mlp_2x100_dropout,5,1,37,0.0118585005402565,0.009018859826028347
mlp_2x100_dropout,5,1,38,0.01186136994510889,0.009017359465360641
mlp_2x100_dropout,5,1,39,0.01185928750783205,0.009018549695611
mlp_2x100_dropout,5,1,40,0.01186024583876133,0.00901800487190485
mlp_2x100_dropout,5,1,41,0.01186377927660942,0.009017939679324627
mlp_2x100_dropout,5,1,42,0.011858354322612286,0.00901827123016119
mlp_2x100_dropout,5,1,43,0.011860955506563187,0.009017850272357464
mlp_2x100_dropout,5,1,44,0.011861993931233883,0.00901859812438488
mlp_2x100_dropout,5,1,45,0.011863168329000473,0.00901796855032444
mlp_2x100_dropout,5,1,46,0.011860479600727558,0.009018661454319954
mlp_2x100_dropout,5,1,47,0.011857309378683567,0.009019006974995136
mlp_2x100_dropout,5,1,48,0.01185868214815855,0.00901820044964552
mlp_2x100_dropout,5,1,49,0.011857976205646992,0.009018540382385254
mlp_2x100_dropout,5,1,50,0.011860948987305164,0.009017692878842354
mlp_2x100_dropout,5,1,51,0.011859760619699955,0.009020456112921238
mlp_2x100_dropout,5,1,52,0.011860307306051254,0.009017551317811012
mlp_2x100_dropout,5,1,53,0.011859315447509289,0.009017623029649258
mlp_2x100_dropout,5,1,54,0.01185961626470089,0.009018220007419586
mlp_2x100_dropout,5,1,55,0.011859140358865261,0.009018289856612682
mlp_2x100_dropout,5,1,56,0.011858711019158363,0.00901896320283413
mlp_2x100_dropout,5,1,57,0.011863015592098236,0.00901748239994049
mlp_2x100_dropout,5,1,58,0.011860179714858532,0.009018774144351482
mlp_2x100_dropout,5,1,59,0.01185682974755764,0.009019608609378338
mlp_2x100_dropout,5,1,60,0.011859036982059479,0.009018009528517723
mlp_2x100_dropout,5,1,61,0.01185914222151041,0.009017383679747581
mlp_2x100_dropout,5,1,62,0.01185710821300745,0.009017299860715866
mlp_2x100_dropout,5,1,63,0.011860426515340805,0.009018082171678543
mlp_2x100_dropout,5,1,64,0.011858588084578514,0.009018441662192345
mlp_2x100_dropout,5,1,65,0.011860978789627552,0.009018213488161564
mlp_2x100_dropout,5,1,66,0.011862678453326225,0.009017509408295155
mlp_2x100_dropout,5,1,67,0.01185914408415556,0.009017620235681534
mlp_2x100_dropout,5,1,68,0.011855270713567734,0.009016836993396282
mlp_2x100_dropout,5,1,69,0.011858639307320118,0.009018749929964542
mlp_2x100_dropout,5,1,70,0.011856968514621258,0.009018461219966412
mlp_2x100_dropout,5,1,71,0.011856134980916977,0.009018739685416222
mlp_2x100_dropout,5,1,72,0.011857787147164345,0.009018446318805218
mlp_2x100_dropout,5,1,73,0.011857129633426666,0.00901877973228693
mlp_2x100_dropout,5,1,74,0.01185988262295723,0.009017422795295715
mlp_2x100_dropout,5,1,75,0.011859525926411152,0.00901735108345747
mlp_2x100_dropout,5,1,76,0.011860843747854233,0.00901820883154869
mlp_2x100_dropout,5,1,77,0.011859262362122536,0.009017975069582462
mlp_2x100_dropout,5,1,78,0.011861011385917664,0.009018066339194775
mlp_2x100_dropout,5,1,79,0.011857637204229832,0.009018108248710632
mlp_2x100_dropout,5,1,80,0.011859009973704815,0.009019327349960804
mlp_2x100_dropout,5,1,81,0.011859734542667866,0.009018161334097385
mlp_2x100_dropout,5,1,82,0.011858784593641758,0.009019186720252037
mlp_2x100_dropout,5,1,83,0.01186059508472681,0.009018801152706146
mlp_2x100_dropout,5,1,84,0.01185997948050499,0.00901704654097557
mlp_2x100_dropout,5,1,85,0.011857370845973492,0.009017985314130783
mlp_2x100_dropout,5,1,86,0.011857755482196808,0.009017989039421082
mlp_2x100_dropout,5,1,87,0.011858627200126648,0.00901995413005352
mlp_2x100_dropout,5,1,88,0.011858893558382988,0.009018043987452984
mlp_2x100_dropout,5,1,89,0.011857720091938972,0.009018681943416595
mlp_2x100_dropout,5,1,90,0.011858602985739708,0.009018135257065296
mlp_2x100_dropout,5,1,91,0.011865692213177681,0.009018710814416409
mlp_2x100_dropout,5,1,92,0.011858075857162476,0.009018243290483952
mlp_2x100_dropout,5,1,93,0.011858132667839527,0.009018628858029842
mlp_2x100_dropout,5,1,94,0.011859462596476078,0.009019055403769016
mlp_2x100_dropout,5,1,95,0.01185961440205574,0.00901901163160801
mlp_2x100_dropout,5,1,96,0.011858537793159485,0.009018250741064548
mlp_2x100_dropout,5,1,97,0.011859316378831863,0.009018315933644772
mlp_2x100_dropout,5,1,98,0.01186056062579155,0.009018145501613617
mlp_2x100_dropout,5,1,99,0.01185915432870388,0.009018785320222378
mlp_2x100_dropout,5,1,100,0.01185687817633152,0.009018082171678543
mlp_2x100_dropout,5,1,101,0.011860687285661697,0.00901883002370596
mlp_2x100_dropout,5,1,102,0.011855586431920528,0.009019139222800732
mlp_2x100_dropout,5,1,103,0.011858997866511345,0.009018534794449806
mlp_2x100_dropout,5,1,104,0.011858144775032997,0.009017448872327805
mlp_2x100_dropout,5,1,105,0.011859200894832611,0.009017448872327805
mlp_2x100_dropout,5,1,106,0.011859764344990253,0.009018822573125362
mlp_2x100_dropout,5,1,107,0.011862507089972496,0.009017113596200943
mlp_2x100_dropout,5,1,108,0.011856721714138985,0.009018349461257458
mlp_2x100_dropout,5,1,109,0.011859608814120293,0.00901887658983469
mlp_2x100_dropout,5,1,110,0.01185724139213562,0.009018836542963982
mlp_2x100_dropout,5,1,111,0.011857539415359497,0.009019365534186363
mlp_2x100_dropout,5,1,112,0.0118592893704772,0.009019192308187485
mlp_2x100_dropout,5,1,113,0.011859270744025707,0.009019067510962486
mlp_2x100_dropout,5,1,114,0.011863620951771736,0.009019417688250542
mlp_2x100_dropout,5,1,115,0.011859389953315258,0.009017879143357277
mlp_2x100_dropout,5,1,116,0.011860163882374763,0.009019168093800545
mlp_2x100_dropout,5,1,117,0.01186365820467472,0.00901799276471138
mlp_2x100_dropout,5,1,118,0.011861893348395824,0.009017971344292164
mlp_2x100_dropout,5,1,119,0.011856946162879467,0.009017820470035076
mlp_2x100_dropout,5,1,120,0.011858351528644562,0.009018711745738983
mlp_2x100_dropout,5,1,121,0.011860476806759834,0.009017536416649818
mlp_2x100_dropout,5,1,122,0.011858494020998478,0.00901797041296959
mlp_2x100_dropout,5,1,123,0.011855712160468102,0.00901766400784254
mlp_2x100_dropout,5,1,124,0.011858837679028511,0.00901852548122406
mlp_2x100_dropout,5,1,125,0.011857436038553715,0.009018837474286556
mlp_2x100_dropout,5,1,126,0.01185903511941433,0.009018681943416595
mlp_2x100_dropout,5,1,127,0.011858070269227028,0.00901872105896473
mlp_2x100_dropout,5,1,128,0.011857867240905762,0.009019182994961739
mlp_2x100_dropout,5,1,129,0.011859070509672165,0.009017903357744217
mlp_2x100_dropout,5,1,130,0.011857944540679455,0.00901817437261343
mlp_2x100_dropout,5,1,131,0.011859153397381306,0.00901841837912798
mlp_2x100_dropout,5,1,132,0.011859538964927197,0.009018545970320702
mlp_2x100_dropout,5,1,133,0.011858305893838406,0.009018860757350922
mlp_2x100_dropout,5,1,134,0.01185951754450798,0.0090187331661582
mlp_2x100_dropout,5,1,135,0.011861121281981468,0.00901816412806511
mlp_2x100_dropout,5,1,136,0.01185713242739439,0.009017604403197765
mlp_2x100_dropout,5,1,137,0.011861708015203476,0.00901847518980503
mlp_2x100_dropout,5,1,138,0.011867061257362366,0.009019755758345127
mlp_2x100_dropout,5,1,139,0.011858983896672726,0.009019028395414352
mlp_2x100_dropout,5,1,140,0.011860108934342861,0.009017208591103554
mlp_2x100_dropout,5,1,141,0.011859237216413021,0.009017911739647388
mlp_2x100_dropout,5,1,142,0.011858593672513962,0.009018481709063053
mlp_2x100_dropout,5,1,143,0.011861112900078297,0.00901845283806324
mlp_2x100_dropout,5,1,144,0.011858828365802765,0.009018564596772194
mlp_2x100_dropout,5,1,145,0.011862642131745815,0.009018534794449806
mlp_2x100_dropout,5,1,146,0.011861276812851429,0.00901853758841753
mlp_2x100_dropout,5,1,147,0.011859478428959846,0.009017492644488811
mlp_2x100_dropout,5,1,148,0.01186083909124136,0.009018500335514545
mlp_2x100_dropout,5,1,149,0.011860544793307781,0.009019248187541962
mlp_2x100_dropout,5,1,150,0.011858751997351646,0.009017364121973515
mlp_2x100_dropout,5,1,151,0.011857451871037483,0.0090191550552845
mlp_2x100_dropout,5,1,152,0.011862586252391338,0.00901760533452034
mlp_2x100_dropout,5,1,153,0.011863340623676777,0.009019333869218826
mlp_2x100_dropout,5,1,154,0.011857390403747559,0.009018476121127605
mlp_2x100_dropout,5,1,155,0.011858224868774414,0.009019024670124054
mlp_2x100_dropout,5,1,156,0.011857300065457821,0.00901786983013153
mlp_2x100_dropout,5,1,157,0.011861023493111134,0.009020386263728142
mlp_2x100_dropout,5,1,158,0.011861600913107395,0.009019519202411175
mlp_2x100_dropout,5,1,159,0.011860551312565804,0.009018690325319767
mlp_2x100_dropout,5,1,160,0.011860674247145653,0.009017911739647388
mlp_2x100_dropout,5,1,161,0.011861017905175686,0.009018676355481148
mlp_2x100_dropout,5,1,162,0.011856806464493275,0.00901923980563879
mlp_2x100_dropout,5,1,163,0.011860067024827003,0.009018774144351482
mlp_2x100_dropout,5,1,164,0.011858793906867504,0.009018403477966785
mlp_2x100_dropout,5,1,165,0.011855949647724628,0.009016776457428932
mlp_2x100_dropout,5,1,166,0.011860106140375137,0.009018387645483017
mlp_2x100_dropout,5,1,167,0.011860476806759834,0.009018968790769577
mlp_2x100_dropout,5,1,168,0.011861756443977356,0.009019007906317711
mlp_2x100_dropout,5,1,169,0.011854767799377441,0.009018708020448685
mlp_2x100_dropout,5,1,170,0.011857019737362862,0.009017440490424633
mlp_2x100_dropout,5,1,171,0.011857067234814167,0.009019006974995136
mlp_2x100_dropout,5,1,172,0.011858711019158363,0.009018337354063988
mlp_2x100_dropout,5,1,173,0.011858499608933926,0.009019441902637482
mlp_2x100_dropout,5,1,174,0.011858920566737652,0.00901916716247797
mlp_2x100_dropout,5,1,175,0.011858342215418816,0.009019797667860985
mlp_2x100_dropout,5,1,176,0.011860709637403488,0.009018578566610813
mlp_2x100_dropout,5,1,177,0.011858416721224785,0.009019266813993454
mlp_2x100_dropout,5,1,178,0.011860433034598827,0.009018519893288612
mlp_2x100_dropout,5,1,179,0.011857734061777592,0.009020062163472176
mlp_2x100_dropout,5,1,180,0.011858528479933739,0.009017844684422016
mlp_2x100_dropout,5,1,181,0.011858419515192509,0.009019051678478718
mlp_2x100_dropout,5,1,182,0.011860860511660576,0.009018712677061558
mlp_2x100_dropout,5,1,183,0.011858904734253883,0.009019050747156143
mlp_2x100_dropout,5,1,184,0.011859661899507046,0.009017807431519032
mlp_2x100_dropout,5,1,185,0.01186006423085928,0.009019320830702782
mlp_2x100_dropout,5,1,186,0.011857978999614716,0.00901924166828394
mlp_2x100_dropout,5,1,187,0.011858244426548481,0.009019652381539345
mlp_2x100_dropout,5,1,188,0.011858942918479443,0.00901783350855112
mlp_2x100_dropout,5,1,189,0.011856961995363235,0.009018362499773502
mlp_2x100_dropout,5,1,190,0.01185796782374382,0.00901768822222948
mlp_2x100_dropout,5,1,191,0.011854973621666431,0.009019749239087105
mlp_2x100_dropout,5,1,192,0.011856984347105026,0.00901859626173973
mlp_2x100_dropout,5,1,193,0.011859504505991936,0.009018542245030403
mlp_2x100_dropout,5,1,194,0.011860870756208897,0.009018979966640472
mlp_2x100_dropout,5,1,195,0.011858543381094933,0.009018046781420708
mlp_2x100_dropout,5,1,196,0.011855855584144592,0.009018132463097572
mlp_2x100_dropout,5,1,197,0.011855974793434143,0.00901841465383768
mlp_2x100_dropout,5,1,198,0.011859296821057796,0.009018231183290482
mlp_2x100_dropout,5,1,199,0.011860241182148457,0.009018532000482082
mlp_2x100_dropout,5,1,200,0.011859063059091568,0.009019352495670319
mlp_2x100_dropout,5,5,1,0.1266147941350937,0.00460410863161087
mlp_2x100_dropout,5,5,2,0.007579720113426447,0.0041995360516011715
mlp_2x100_dropout,5,5,3,0.006164750549942255,0.004171925131231546
mlp_2x100_dropout,5,5,4,0.00579816335812211,0.004167937207967043
mlp_2x100_dropout,5,5,5,0.005690509453415871,0.004163394216448069
mlp_2x100_dropout,5,5,6,0.00564373005181551,0.004160126205533743
mlp_2x100_dropout,5,5,7,0.00561234075576067,0.004160625860095024
mlp_2x100_dropout,5,5,8,0.005566763691604137,0.004160116892307997
mlp_2x100_dropout,5,5,9,0.005548145156353712,0.004162052180618048
mlp_2x100_dropout,5,5,10,0.005567630752921104,0.004159632138907909
mlp_2x100_dropout,5,5,11,0.005538520403206348,0.004159093834459782
mlp_2x100_dropout,5,5,12,0.005549849476665258,0.004160617012530565
mlp_2x100_dropout,5,5,13,0.005534825846552849,0.004159347154200077
mlp_2x100_dropout,5,5,14,0.005532033275812864,0.004159086383879185
mlp_2x100_dropout,5,5,15,0.005528358742594719,0.00415972201153636
mlp_2x100_dropout,5,5,16,0.0055307489819824696,0.00415996415540576
mlp_2x100_dropout,5,5,17,0.005522102117538452,0.004159695003181696
mlp_2x100_dropout,5,5,18,0.005529563408344984,0.004160660319030285
mlp_2x100_dropout,5,5,19,0.005527985282242298,0.004159828182309866
mlp_2x100_dropout,5,5,20,0.0055207847617566586,0.004160305485129356
mlp_2x100_dropout,5,5,21,0.005524161737412214,0.004160544369369745
mlp_2x100_dropout,5,5,22,0.005517791491001844,0.004159193020313978
mlp_2x100_dropout,5,5,23,0.005517208483070135,0.004160208627581596
mlp_2x100_dropout,5,5,24,0.0055203125812113285,0.0041597201488912106
mlp_2x100_dropout,5,5,25,0.005513005889952183,0.0041611348278820515
mlp_2x100_dropout,5,5,26,0.005525237414985895,0.00415921350941062
mlp_2x100_dropout,5,5,27,0.005514378659427166,0.004159686621278524
mlp_2x100_dropout,5,5,28,0.005515192169696093,0.004159753210842609
mlp_2x100_dropout,5,5,29,0.00551407178863883,0.004159573465585709
mlp_2x100_dropout,5,5,30,0.005515968427062035,0.004160235170274973
mlp_2x100_dropout,5,5,31,0.005512157455086708,0.004160317592322826
mlp_2x100_dropout,5,5,32,0.005515590310096741,0.004160228185355663
mlp_2x100_dropout,5,5,33,0.005513765383511782,0.004158954601734877
mlp_2x100_dropout,5,5,34,0.005510421935468912,0.004160517361015081
mlp_2x100_dropout,5,5,35,0.00551319494843483,0.00415889173746109
mlp_2x100_dropout,5,5,36,0.005512777250260115,0.004159665200859308
mlp_2x100_dropout,5,5,37,0.005511627532541752,0.00416194461286068
mlp_2x100_dropout,5,5,38,0.005512868985533714,0.0041600908152759075
mlp_2x100_dropout,5,5,39,0.005513726267963648,0.004160147160291672
mlp_2x100_dropout,5,5,40,0.005511320196092129,0.00416105892509222
mlp_2x100_dropout,5,5,41,0.005513237789273262,0.00416065426543355
mlp_2x100_dropout,5,5,42,0.005510972812771797,0.0041596912778913975
mlp_2x100_dropout,5,5,43,0.005510874092578888,0.004159712232649326
mlp_2x100_dropout,5,5,44,0.0055111427791416645,0.004159044940024614
mlp_2x100_dropout,5,5,45,0.005513357929885387,0.004160411190241575
mlp_2x100_dropout,5,5,46,0.005510979797691107,0.004159823525696993
mlp_2x100_dropout,5,5,47,0.005512019153684378,0.004159525502473116
mlp_2x100_dropout,5,5,48,0.005510119255632162,0.004160420037806034
mlp_2x100_dropout,5,5,49,0.00550983939319849,0.00415944354608655
mlp_2x100_dropout,5,5,50,0.005510848015546799,0.004160378128290176
mlp_2x100_dropout,5,5,51,0.005512062925845385,0.004159979987889528
mlp_2x100_dropout,5,5,52,0.005509872920811176,0.004159735981374979
mlp_2x100_dropout,5,5,53,0.005510604940354824,0.004159100819379091
mlp_2x100_dropout,5,5,54,0.005514183081686497,0.004159646574407816
mlp_2x100_dropout,5,5,55,0.005511447787284851,0.004159347619861364
mlp_2x100_dropout,5,5,56,0.005511809140443802,0.004159823525696993
mlp_2x100_dropout,5,5,57,0.005511130206286907,0.004159986507147551
mlp_2x100_dropout,5,5,58,0.005511424504220486,0.0041605462320148945
mlp_2x100_dropout,5,5,59,0.005510304123163223,0.004160204902291298
mlp_2x100_dropout,5,5,60,0.005510720424354076,0.00416101049631834
mlp_2x100_dropout,5,5,61,0.005512002389878035,0.004160301759839058
mlp_2x100_dropout,5,5,62,0.00551389716565609,0.004159493371844292
mlp_2x100_dropout,5,5,63,0.005511709023267031,0.004159546922892332
mlp_2x100_dropout,5,5,64,0.005511560011655092,0.004158861003816128
mlp_2x100_dropout,5,5,65,0.005509641021490097,0.004160658922046423
mlp_2x100_dropout,5,5,66,0.005509810987859964,0.004159348551183939
mlp_2x100_dropout,5,5,67,0.005510224960744381,0.004160597454756498
mlp_2x100_dropout,5,5,68,0.005511044524610043,0.004160373937338591
mlp_2x100_dropout,5,5,69,0.005510364193469286,0.004160588141530752
mlp_2x100_dropout,5,5,70,0.005512327887117863,0.004159663803875446
mlp_2x100_dropout,5,5,71,0.005510700400918722,0.004159879870712757
mlp_2x100_dropout,5,5,72,0.005510555114597082,0.004159990698099136
mlp_2x100_dropout,5,5,73,0.0055150301195681095,0.004160347394645214
mlp_2x100_dropout,5,5,74,0.00550985150039196,0.004159858450293541
mlp_2x100_dropout,5,5,75,0.00551140122115612,0.00415961304679513
mlp_2x100_dropout,5,5,76,0.005510047543793917,0.004159672185778618
mlp_2x100_dropout,5,5,77,0.005510082468390465,0.004160420037806034
mlp_2x100_dropout,5,5,78,0.00551347341388464,0.004159837029874325
mlp_2x100_dropout,5,5,79,0.0055105495266616344,0.004160155076533556
mlp_2x100_dropout,5,5,80,0.005509847309440374,0.004158960189670324
mlp_2x100_dropout,5,5,81,0.005510464310646057,0.004160565324127674
mlp_2x100_dropout,5,5,82,0.005512177012860775,0.0041608428582549095
mlp_2x100_dropout,5,5,83,0.005509623326361179,0.004160064738243818
mlp_2x100_dropout,5,5,84,0.005509589798748493,0.004159248899668455
mlp_2x100_dropout,5,5,85,0.005512793082743883,0.004161396529525518
mlp_2x100_dropout,5,5,86,0.005509245675057173,0.00416002981364727
mlp_2x100_dropout,5,5,87,0.00551259471103549,0.004160323645919561
mlp_2x100_dropout,5,5,88,0.0055104708299040794,0.004160737153142691
mlp_2x100_dropout,5,5,89,0.0055100442841649055,0.0041597625240683556
mlp_2x100_dropout,5,5,90,0.005509496666491032,0.004160841926932335
mlp_2x100_dropout,5,5,91,0.0055101350881159306,0.004159316886216402
mlp_2x100_dropout,5,5,92,0.005510882008820772,0.004159863106906414
mlp_2x100_dropout,5,5,93,0.005510766990482807,0.004158713389188051
mlp_2x100_dropout,5,5,94,0.0055093527771532536,0.004160177893936634
mlp_2x100_dropout,5,5,95,0.005513668060302734,0.004158934578299522
mlp_2x100_dropout,5,5,96,0.005511079449206591,0.004160101059824228
mlp_2x100_dropout,5,5,97,0.0055106766521930695,0.0041599515825510025
mlp_2x100_dropout,5,5,98,0.0055122897028923035,0.004160263109952211
mlp_2x100_dropout,5,5,99,0.00551014905795455,0.00416075624525547
mlp_2x100_dropout,5,5,100,0.005510913673788309,0.004159094300121069
mlp_2x100_dropout,5,5,101,0.005510921124368906,0.004160641226917505
mlp_2x100_dropout,5,5,102,0.005510986316949129,0.004159392789006233
mlp_2x100_dropout,5,5,103,0.0055099353194236755,0.004160372540354729
mlp_2x100_dropout,5,5,104,0.005510376300662756,0.0041584111750125885
mlp_2x100_dropout,5,5,105,0.005509428679943085,0.004160785581916571
mlp_2x100_dropout,5,5,106,0.00551257049664855,0.004158881958574057
mlp_2x100_dropout,5,5,107,0.005509569775313139,0.0041589997708797455
mlp_2x100_dropout,5,5,108,0.005510472692549229,0.004158684518188238
mlp_2x100_dropout,5,5,109,0.005509916692972183,0.004159919917583466
mlp_2x100_dropout,5,5,110,0.005510138813406229,0.004159803502261639
mlp_2x100_dropout,5,5,111,0.005509916692972183,0.004159975331276655
mlp_2x100_dropout,5,5,112,0.005509566515684128,0.004159111063927412
mlp_2x100_dropout,5,5,113,0.005512976553291082,0.004159784875810146
mlp_2x100_dropout,5,5,114,0.005512753967195749,0.0041596912778913975
mlp_2x100_dropout,5,5,115,0.005513486918061972,0.004159802570939064
mlp_2x100_dropout,5,5,116,0.005509937182068825,0.004160014912486076
mlp_2x100_dropout,5,5,117,0.005510401446372271,0.004159888718277216
mlp_2x100_dropout,5,5,118,0.005510807037353516,0.004159935750067234
mlp_2x100_dropout,5,5,119,0.0055094873532652855,0.004159440752118826
mlp_2x100_dropout,5,5,120,0.005510357208549976,0.004159187898039818
mlp_2x100_dropout,5,5,121,0.005510603543370962,0.004159282892942429
mlp_2x100_dropout,5,5,122,0.005510629620403051,0.004159595351666212
mlp_2x100_dropout,5,5,123,0.005509342532604933,0.004160355310887098
mlp_2x100_dropout,5,5,124,0.005510457791388035,0.004159712698310614
mlp_2x100_dropout,5,5,125,0.005509804002940655,0.004159598145633936
mlp_2x100_dropout,5,5,126,0.005511844530701637,0.004159507341682911
mlp_2x100_dropout,5,5,127,0.005509968381375074,0.004160398151725531
mlp_2x100_dropout,5,5,128,0.005511317867785692,0.004159487783908844
mlp_2x100_dropout,5,5,129,0.005513968411833048,0.004159638192504644
mlp_2x100_dropout,5,5,130,0.005510683171451092,0.0041591934859752655
mlp_2x100_dropout,5,5,131,0.0055096992291510105,0.00415968568995595
mlp_2x100_dropout,5,5,132,0.0055100987665355206,0.004160512238740921
mlp_2x100_dropout,5,5,133,0.005510111805051565,0.0041597094386816025
mlp_2x100_dropout,5,5,134,0.005509807728230953,0.0041605401784181595
mlp_2x100_dropout,5,5,135,0.00551044475287199,0.004158748779445887
mlp_2x100_dropout,5,5,136,0.00551170390099287,0.00415978766977787
mlp_2x100_dropout,5,5,137,0.005509795155376196,0.004160143900662661
mlp_2x100_dropout,5,5,138,0.005510258954018354,0.004160607699304819
mlp_2x100_dropout,5,5,139,0.005510538816452026,0.004159680102020502
mlp_2x100_dropout,5,5,140,0.005510065238922834,0.004159495234489441
mlp_2x100_dropout,5,5,141,0.005510082934051752,0.004159192554652691
mlp_2x100_dropout,5,5,142,0.005513980984687805,0.004159667529165745
mlp_2x100_dropout,5,5,143,0.005510837305337191,0.004160108044743538
mlp_2x100_dropout,5,5,144,0.005510568153113127,0.00416030315682292
mlp_2x100_dropout,5,5,145,0.005510361399501562,0.00415873434394598
mlp_2x100_dropout,5,5,146,0.005509878974407911,0.004161269403994083
mlp_2x100_dropout,5,5,147,0.005509919486939907,0.0041583930142223835
mlp_2x100_dropout,5,5,148,0.005509861279278994,0.004160420503467321
mlp_2x100_dropout,5,5,149,0.0055106692016124725,0.00416076323017478
mlp_2x100_dropout,5,5,150,0.005514291115105152,0.004160610027611256
mlp_2x100_dropout,5,5,151,0.005510289222002029,0.004160011652857065
mlp_2x100_dropout,5,5,152,0.005509963259100914,0.004159533418715
mlp_2x100_dropout,5,5,153,0.00550989480689168,0.0041587757878005505
mlp_2x100_dropout,5,5,154,0.005510144867002964,0.004159771371632814
mlp_2x100_dropout,5,5,155,0.005510258488357067,0.004160026554018259
mlp_2x100_dropout,5,5,156,0.005509902723133564,0.004159408155828714
mlp_2x100_dropout,5,5,157,0.005510066170245409,0.004159362521022558
mlp_2x100_dropout,5,5,158,0.005510443821549416,0.004160793963819742
mlp_2x100_dropout,5,5,159,0.005510271526873112,0.0041600801050662994
mlp_2x100_dropout,5,5,160,0.005510431714355946,0.004159790463745594
mlp_2x100_dropout,5,5,161,0.005512653850018978,0.004161033313721418
mlp_2x100_dropout,5,5,162,0.005510768853127956,0.004160911310464144
mlp_2x100_dropout,5,5,163,0.0055104088969528675,0.004159483592957258
mlp_2x100_dropout,5,5,164,0.0055113863199949265,0.004159500822424889
mlp_2x100_dropout,5,5,165,0.005510326474905014,0.004160893149673939
mlp_2x100_dropout,5,5,166,0.0055101062171161175,0.004159861709922552
mlp_2x100_dropout,5,5,167,0.005510627292096615,0.004160330630838871
mlp_2x100_dropout,5,5,168,0.005512234754860401,0.004159278701990843
mlp_2x100_dropout,5,5,169,0.005512082017958164,0.004159713629633188
mlp_2x100_dropout,5,5,170,0.005510049872100353,0.004160088021308184
mlp_2x100_dropout,5,5,171,0.00550927734002471,0.00416006101295352
mlp_2x100_dropout,5,5,172,0.005510882940143347,0.004158652387559414
mlp_2x100_dropout,5,5,173,0.0055114938877522945,0.004159676842391491
mlp_2x100_dropout,5,5,174,0.005510698072612286,0.0041594356298446655
mlp_2x100_dropout,5,5,175,0.005510217044502497,0.004159339237958193
mlp_2x100_dropout,5,5,176,0.0055117616429924965,0.004159363452345133
mlp_2x100_dropout,5,5,177,0.005509916692972183,0.00415958883240819
mlp_2x100_dropout,5,5,178,0.0055124470964074135,0.00415932759642601
mlp_2x100_dropout,5,5,179,0.005510268732905388,0.004160096403211355
mlp_2x100_dropout,5,5,180,0.005510540213435888,0.0041600000113248825
mlp_2x100_dropout,5,5,181,0.005510949529707432,0.004161176737397909
mlp_2x100_dropout,5,5,182,0.0055100745521485806,0.00415876554325223
mlp_2x100_dropout,5,5,183,0.005509667564183474,0.004160726442933083
mlp_2x100_dropout,5,5,184,0.0055107781663537025,0.004158693365752697
mlp_2x100_dropout,5,5,185,0.005509072449058294,0.004158614668995142
mlp_2x100_dropout,5,5,186,0.005510352551937103,0.004159398376941681
mlp_2x100_dropout,5,5,187,0.005509762093424797,0.004159465432167053
mlp_2x100_dropout,5,5,188,0.00551044475287199,0.0041595264337956905
mlp_2x100_dropout,5,5,189,0.005509247537702322,0.004159492906183004
mlp_2x100_dropout,5,5,190,0.005510428454726934,0.004160386044532061
mlp_2x100_dropout,5,5,191,0.005509073846042156,0.004159081261605024
mlp_2x100_dropout,5,5,192,0.005509639624506235,0.004159831441938877
mlp_2x100_dropout,5,5,193,0.005511026363819838,0.004159292671829462
mlp_2x100_dropout,5,5,194,0.005510390270501375,0.004159452393651009
mlp_2x100_dropout,5,5,195,0.005510011222213507,0.004160849843174219
mlp_2x100_dropout,5,5,196,0.005511424504220486,0.004160359967499971
mlp_2x100_dropout,5,5,197,0.0055116950534284115,0.004158847499638796
mlp_2x100_dropout,5,5,198,0.005509974900633097,0.004159532021731138
mlp_2x100_dropout,5,5,199,0.005510672461241484,0.004160415846854448
mlp_2x100_dropout,5,5,200,0.005509715992957354,0.004159402567893267
mlp_2x100_dropout,5,30,1,0.12590894103050232,0.0023106730077415705
mlp_2x100_dropout,5,30,2,0.004490649793297052,0.0018312901956960559
mlp_2x100_dropout,5,30,3,0.0029625678434967995,0.0017854057950899005
mlp_2x100_dropout,5,30,4,0.0025940057821571827,0.0017727091908454895
mlp_2x100_dropout,5,30,5,0.002472648397088051,0.0017735037254169583
mlp_2x100_dropout,5,30,6,0.002432760316878557,0.001769706723280251
mlp_2x100_dropout,5,30,7,0.0023970152251422405,0.0017699372256174684
mlp_2x100_dropout,5,30,8,0.002352556912228465,0.0017694199923425913
mlp_2x100_dropout,5,30,9,0.002329804701730609,0.0017704537604004145
mlp_2x100_dropout,5,30,10,0.0023516472429037094,0.0017687700456008315
mlp_2x100_dropout,5,30,11,0.002318080747500062,0.0017687248764559627
mlp_2x100_dropout,5,30,12,0.002336380071938038,0.0017698268638923764
mlp_2x100_dropout,5,30,13,0.0023181901779025793,0.0017685092752799392
mlp_2x100_dropout,5,30,14,0.0023148918990045786,0.0017671789973974228
mlp_2x100_dropout,5,30,15,0.002310745883733034,0.0017680401215329766
mlp_2x100_dropout,5,30,16,0.002316330559551716,0.0017705430509522557
mlp_2x100_dropout,5,30,17,0.002303857821971178,0.0017683433834463358
mlp_2x100_dropout,5,30,18,0.0023126627784222364,0.0017709132516756654
mlp_2x100_dropout,5,30,19,0.002303705085068941,0.001768744201399386
mlp_2x100_dropout,5,30,20,0.0023012571036815643,0.00176906306296587
mlp_2x100_dropout,5,30,21,0.0023016310296952724,0.0017692745896056294
mlp_2x100_dropout,5,30,22,0.0023015744518488646,0.0017681944882497191
mlp_2x100_dropout,5,30,23,0.00229690526612103,0.0017695524729788303
mlp_2x100_dropout,5,30,24,0.0023014836478978395,0.001769932801835239
mlp_2x100_dropout,5,30,25,0.0022956288885325193,0.001769800903275609
mlp_2x100_dropout,5,30,26,0.0023047984577715397,0.0017686429200693965
mlp_2x100_dropout,5,30,27,0.0022989839781075716,0.001768953399732709
mlp_2x100_dropout,5,30,28,0.0022973406594246626,0.0017688265070319176
mlp_2x100_dropout,5,30,29,0.002293679630383849,0.0017687642248347402
mlp_2x100_dropout,5,30,30,0.0022970298305153847,0.0017673572292551398
mlp_2x100_dropout,5,30,31,0.0022937580943107605,0.0017688132356852293
mlp_2x100_dropout,5,30,32,0.002299606567248702,0.0017695737769827247
mlp_2x100_dropout,5,30,33,0.0022939895279705524,0.0017685279017314315
mlp_2x100_dropout,5,30,34,0.0022913182619959116,0.0017700003227218986
mlp_2x100_dropout,5,30,35,0.0022943057119846344,0.001769661670550704
mlp_2x100_dropout,5,30,36,0.002293054014444351,0.001769153866916895
mlp_2x100_dropout,5,30,37,0.0022924430668354034,0.0017690925160422921
mlp_2x100_dropout,5,30,38,0.002292531542479992,0.0017677978612482548
mlp_2x100_dropout,5,30,39,0.002291990676894784,0.0017702572513371706
mlp_2x100_dropout,5,30,40,0.002291396027430892,0.001769563532434404
mlp_2x100_dropout,5,30,41,0.0022966363467276096,0.0017693727277219296
mlp_2x100_dropout,5,30,42,0.0022919876500964165,0.001769761904142797
mlp_2x100_dropout,5,30,43,0.002292471006512642,0.0017700680764392018
mlp_2x100_dropout,5,30,44,0.0022921664640307426,0.0017690685344859958
mlp_2x100_dropout,5,30,45,0.0022921881172806025,0.00176799891050905
mlp_2x100_dropout,5,30,46,0.0022921657655388117,0.0017691559623926878
mlp_2x100_dropout,5,30,47,0.0022925965022295713,0.0017692637629806995
mlp_2x100_dropout,5,30,48,0.002290954114869237,0.001768875285051763
mlp_2x100_dropout,5,30,49,0.002291196258738637,0.0017691137036308646
mlp_2x100_dropout,5,30,50,0.002290839795023203,0.0017698362935334444
mlp_2x100_dropout,5,30,51,0.0022917590104043484,0.0017687728395685554
mlp_2x100_dropout,5,30,52,0.0022909194231033325,0.001770099508576095
mlp_2x100_dropout,5,30,53,0.0022931525018066168,0.0017687581712380052
mlp_2x100_dropout,5,30,54,0.0022927247919142246,0.0017699338495731354
mlp_2x100_dropout,5,30,55,0.002293467754498124,0.0017698189476504922
mlp_2x100_dropout,5,30,56,0.002292088931426406,0.0017698727315291762
mlp_2x100_dropout,5,30,57,0.0022938207257539034,0.0017680989112704992
mlp_2x100_dropout,5,30,58,0.0022921066265553236,0.0017688616644591093
mlp_2x100_dropout,5,30,59,0.002291338751092553,0.0017684828490018845
mlp_2x100_dropout,5,30,60,0.002291248645633459,0.0017690261593088508
mlp_2x100_dropout,5,30,61,0.0022914495784789324,0.0017682863399386406
mlp_2x100_dropout,5,30,62,0.0022910379339009523,0.001769168651662767
mlp_2x100_dropout,5,30,63,0.002293747616931796,0.0017690272070467472
mlp_2x100_dropout,5,30,64,0.0022924968507140875,0.0017691326793283224
mlp_2x100_dropout,5,30,65,0.0022909650579094887,0.0017696490976959467
mlp_2x100_dropout,5,30,66,0.0022923715878278017,0.0017683642217889428
mlp_2x100_dropout,5,30,67,0.002291204174980521,0.0017683266196399927
mlp_2x100_dropout,5,30,68,0.00229076249524951,0.0017687869258224964
mlp_2x100_dropout,5,30,69,0.0022904316429048777,0.0017685998464003205
mlp_2x100_dropout,5,30,70,0.0022929860278964043,0.0017689063679426908
mlp_2x100_dropout,5,30,71,0.0022910500410944223,0.0017693514237180352
mlp_2x100_dropout,5,30,72,0.0022905240766704082,0.0017688105581328273
mlp_2x100_dropout,5,30,73,0.002292345743626356,0.001768883434124291
mlp_2x100_dropout,5,30,74,0.0022910551633685827,0.001769243273884058
mlp_2x100_dropout,5,30,75,0.0022909424733370543,0.0017686773790046573
mlp_2x100_dropout,5,30,76,0.0022906491067260504,0.0017673213733360171
mlp_2x100_dropout,5,30,77,0.0022907934617251158,0.0017694189446046948
mlp_2x100_dropout,5,30,78,0.0022919978946447372,0.001768735470250249
mlp_2x100_dropout,5,30,79,0.002291076583787799,0.0017691003158688545
mlp_2x100_dropout,5,30,80,0.002292389515787363,0.0017691992688924074
mlp_2x100_dropout,5,30,81,0.0022936007007956505,0.0017688173102214932
mlp_2x100_dropout,5,30,82,0.002291135722771287,0.0017692837864160538
mlp_2x100_dropout,5,30,83,0.002290640491992235,0.001768980990163982
mlp_2x100_dropout,5,30,84,0.002291127573698759,0.0017687284853309393
mlp_2x100_dropout,5,30,85,0.0022935427259653807,0.0017669751541689038
mlp_2x100_dropout,5,30,86,0.002291034674271941,0.0017677200958132744
mlp_2x100_dropout,5,30,87,0.0022902600467205048,0.0017685836646705866
mlp_2x100_dropout,5,30,88,0.0022909382823854685,0.0017685639904811978
mlp_2x100_dropout,5,30,89,0.0022924209479242563,0.001768465619534254
mlp_2x100_dropout,5,30,90,0.002290928503498435,0.001769399968907237
mlp_2x100_dropout,5,30,91,0.0022909778635948896,0.0017688956577330828
mlp_2x100_dropout,5,30,92,0.0022906276863068342,0.0017696592258289456
mlp_2x100_dropout,5,30,93,0.002291180891916156,0.0017689834348857403
mlp_2x100_dropout,5,30,94,0.002291862154379487,0.0017690209206193686
mlp_2x100_dropout,5,30,95,0.0022909771651029587,0.0017693819245323539
mlp_2x100_dropout,5,30,96,0.0022908197715878487,0.0017692438559606671
mlp_2x100_dropout,5,30,97,0.002292138058692217,0.001769634778611362
mlp_2x100_dropout,5,30,98,0.0022940414492040873,0.001768933143466711
mlp_2x100_dropout,5,30,99,0.00229288125410676,0.0017694502603262663
mlp_2x100_dropout,5,30,100,0.0022917038295418024,0.0017693055560812354
mlp_2x100_dropout,5,30,101,0.0022925189696252346,0.001768695074133575
mlp_2x100_dropout,5,30,102,0.002294298494234681,0.0017691381508484483
mlp_2x100_dropout,5,30,103,0.0022907485254108906,0.0017689603846520185
mlp_2x100_dropout,5,30,104,0.0022907450329512358,0.0017680296441540122
mlp_2x100_dropout,5,30,105,0.002290775766596198,0.0017690220847725868
mlp_2x100_dropout,5,30,106,0.002291081938892603,0.0017689360538497567
mlp_2x100_dropout,5,30,107,0.0022912141866981983,0.0017683167243376374
mlp_2x100_dropout,5,30,108,0.0022907955572009087,0.0017693312838673592
mlp_2x100_dropout,5,30,109,0.0022909853141754866,0.0017686388455331326
mlp_2x100_dropout,5,30,110,0.0022906323429197073,0.0017683288315311074
mlp_2x100_dropout,5,30,111,0.0022912416607141495,0.0017692435067147017
mlp_2x100_dropout,5,30,112,0.002290695672854781,0.0017691849498078227
mlp_2x100_dropout,5,30,113,0.0022908973041921854,0.0017695825081318617
mlp_2x100_dropout,5,30,114,0.0022917953319847584,0.0017685358179733157
mlp_2x100_dropout,5,30,115,0.0022908991668373346,0.0017695262795314193
mlp_2x100_dropout,5,30,116,0.002290874719619751,0.0017683474579825997
mlp_2x100_dropout,5,30,117,0.0022906488738954067,0.0017692502588033676
mlp_2x100_dropout,5,30,118,0.0022905950900167227,0.001767836743965745
mlp_2x100_dropout,5,30,119,0.00229059811681509,0.0017686287174001336
mlp_2x100_dropout,5,30,120,0.0022909296676516533,0.0017684430349618196
mlp_2x100_dropout,5,30,121,0.002290727337822318,0.0017689211526885629
mlp_2x100_dropout,5,30,122,0.0022920481860637665,0.001769062364473939
mlp_2x100_dropout,5,30,123,0.0022905590012669563,0.0017678058939054608
mlp_2x100_dropout,5,30,124,0.002290937816724181,0.0017688036896288395
mlp_2x100_dropout,5,30,125,0.0022911042906343937,0.0017690747044980526
mlp_2x100_dropout,5,30,126,0.0022926258388906717,0.0017686450155451894
mlp_2x100_dropout,5,30,127,0.002291569486260414,0.0017693601548671722
mlp_2x100_dropout,5,30,128,0.0022914924193173647,0.0017684407066553831
mlp_2x100_dropout,5,30,129,0.0022931648418307304,0.0017690039239823818
mlp_2x100_dropout,5,30,130,0.002291017444804311,0.0017700443277135491
mlp_2x100_dropout,5,30,131,0.002293264726176858,0.0017697876319289207
mlp_2x100_dropout,5,30,132,0.00229111616499722,0.0017684425693005323
mlp_2x100_dropout,5,30,133,0.002290818141773343,0.0017690339591354132
mlp_2x100_dropout,5,30,134,0.0022906840313225985,0.0017686622450128198
mlp_2x100_dropout,5,30,135,0.0022909699473530054,0.001769338850863278
mlp_2x100_dropout,5,30,136,0.0022907357197254896,0.0017688359366729856
mlp_2x100_dropout,5,30,137,0.002290852600708604,0.0017691915854811668
mlp_2x100_dropout,5,30,138,0.0022909236140549183,0.0017679943703114986
mlp_2x100_dropout,5,30,139,0.0022913068532943726,0.0017689757514744997
mlp_2x100_dropout,5,30,140,0.002290761098265648,0.0017685657367110252
mlp_2x100_dropout,5,30,141,0.002290712669491768,0.0017688825028017163
mlp_2x100_dropout,5,30,142,0.002290828851982951,0.001769128954038024
mlp_2x100_dropout,5,30,143,0.002290721284225583,0.0017687567742541432
mlp_2x100_dropout,5,30,144,0.002290975535288453,0.0017690681852400303
mlp_2x100_dropout,5,30,145,0.0022910006809979677,0.001768438145518303
mlp_2x100_dropout,5,30,146,0.0022908360697329044,0.0017683577025309205
mlp_2x100_dropout,5,30,147,0.00229061022400856,0.001769340131431818
mlp_2x100_dropout,5,30,148,0.0022906369995325804,0.0017698589945212007
mlp_2x100_dropout,5,30,149,0.002291362266987562,0.00176901719532907
mlp_2x100_dropout,5,30,150,0.0022908940445631742,0.0017688391963019967
mlp_2x100_dropout,5,30,151,0.002290915697813034,0.001769046182744205
mlp_2x100_dropout,5,30,152,0.0022903173230588436,0.0017683525802567601
mlp_2x100_dropout,5,30,153,0.0022906954400241375,0.0017692181281745434
mlp_2x100_dropout,5,30,154,0.0023006899282336235,0.0017691077664494514
mlp_2x100_dropout,5,30,155,0.002292067976668477,0.0017692922847345471
mlp_2x100_dropout,5,30,156,0.002290668897330761,0.0017681056633591652
mlp_2x100_dropout,5,30,157,0.002290555741637945,0.0017680658493191004
mlp_2x100_dropout,5,30,158,0.002290750853717327,0.0017697021830826998
mlp_2x100_dropout,5,30,159,0.002291510347276926,0.001769377151504159
mlp_2x100_dropout,5,30,160,0.0022917003370821476,0.0017686843639239669
mlp_2x100_dropout,5,30,161,0.002290877513587475,0.0017686799401417375
mlp_2x100_dropout,5,30,162,0.0022908393293619156,0.0017693187110126019
mlp_2x100_dropout,5,30,163,0.0022909585386514664,0.0017678106669336557
mlp_2x100_dropout,5,30,164,0.002290842356160283,0.0017689025262370706
mlp_2x100_dropout,5,30,165,0.0022917771711945534,0.0017685826169326901
mlp_2x100_dropout,5,30,166,0.0022906167432665825,0.0017685428028926253
mlp_2x100_dropout,5,30,167,0.0022907168604433537,0.0017682608449831605
mlp_2x100_dropout,5,30,168,0.002290759002789855,0.0017688508378341794
mlp_2x100_dropout,5,30,169,0.0022908879909664392,0.0017695865826681256
mlp_2x100_dropout,5,30,170,0.0022907359525561333,0.0017683133482933044
mlp_2x100_dropout,5,30,171,0.0022906241938471794,0.001768476446159184
mlp_2x100_dropout,5,30,172,0.0022932137362658978,0.0017680537421256304
mlp_2x100_dropout,5,30,173,0.0022906982339918613,0.001768043963238597
mlp_2x100_dropout,5,30,174,0.002290890086442232,0.00176809576805681
mlp_2x100_dropout,5,30,175,0.0022907699458301067,0.001768721267580986
mlp_2x100_dropout,5,30,176,0.0022906213998794556,0.0017686114879325032
mlp_2x100_dropout,5,30,177,0.0022908453829586506,0.0017692875117063522
mlp_2x100_dropout,5,30,178,0.0022908346727490425,0.0017686455976217985
mlp_2x100_dropout,5,30,179,0.002291132230311632,0.0017692989204078913
mlp_2x100_dropout,5,30,180,0.0022907995153218508,0.0017690393142402172
mlp_2x100_dropout,5,30,181,0.0022910675033926964,0.0017691639950498939
mlp_2x100_dropout,5,30,182,0.0022908279206603765,0.001769084483385086
mlp_2x100_dropout,5,30,183,0.0022909610997885466,0.0017690707463771105
mlp_2x100_dropout,5,30,184,0.002291082637384534,0.001768816844560206
mlp_2x100_dropout,5,30,185,0.0022906328085809946,0.0017685061320662498
mlp_2x100_dropout,5,30,186,0.0022907909005880356,0.0017698603915050626
mlp_2x100_dropout,5,30,187,0.002290737349539995,0.0017683119513094425
mlp_2x100_dropout,5,30,188,0.0022906349040567875,0.0017687473446130753
mlp_2x100_dropout,5,30,189,0.0022923473734408617,0.0017694440903142095
mlp_2x100_dropout,5,30,190,0.002314699115231633,0.001768989604897797
mlp_2x100_dropout,5,30,191,0.0022907042875885963,0.001768477144651115
mlp_2x100_dropout,5,30,192,0.0022906390950083733,0.0017689075320959091
mlp_2x100_dropout,5,30,193,0.002290767151862383,0.0017682805191725492
mlp_2x100_dropout,5,30,194,0.00229100720025599,0.0017691096290946007
mlp_2x100_dropout,5,30,195,0.0022907787933945656,0.0017683570040389895
mlp_2x100_dropout,5,30,196,0.002290822332724929,0.0017696853028610349
mlp_2x100_dropout,5,30,197,0.002290847012773156,0.0017689187079668045
mlp_2x100_dropout,5,30,198,0.002290705218911171,0.0017681369790807366
mlp_2x100_dropout,5,30,199,0.002290845848619938,0.0017687848303467035
mlp_2x100_dropout,5,30,200,0.002290779957547784,0.0017686292994767427
mlp_2x100_dropout,5,90,1,0.1260467767715454,0.0017231780802831054
mlp_2x100_dropout,5,90,2,0.0036992428358644247,0.0011811468284577131
mlp_2x100_dropout,5,90,3,0.0020820030476897955,0.0010740029392763972
mlp_2x100_dropout,5,90,4,0.0017577925464138389,0.0010521034710109234
mlp_2x100_dropout,5,90,5,0.0016787978820502758,0.0010425206273794174
mlp_2x100_dropout,5,90,6,0.0015732159372419119,0.0010385531932115555
mlp_2x100_dropout,5,90,7,0.0015061822487041354,0.0010357886785641313
mlp_2x100_dropout,5,90,8,0.0014896461507305503,0.0010333452373743057
mlp_2x100_dropout,5,90,9,0.0014958441024646163,0.0010330472141504288
mlp_2x100_dropout,5,90,10,0.0014646508498117328,0.0010303189046680927
mlp_2x100_dropout,5,90,11,0.001483465894125402,0.0010322289308533072
mlp_2x100_dropout,5,90,12,0.0014680440071970224,0.0010297978296875954
mlp_2x100_dropout,5,90,13,0.0014532027998939157,0.0010287594050168991
mlp_2x100_dropout,5,90,14,0.0014532728819176555,0.0010325961047783494
mlp_2x100_dropout,5,90,15,0.001455104909837246,0.0010289769852533937
mlp_2x100_dropout,5,90,16,0.001443150220438838,0.0010297817643731833
mlp_2x100_dropout,5,90,17,0.0014354459708556533,0.001028255675919354
mlp_2x100_dropout,5,90,18,0.0014452487230300903,0.0010310538345947862
mlp_2x100_dropout,5,90,19,0.0014376958133652806,0.0010278450790792704
mlp_2x100_dropout,5,90,20,0.0014392930315807462,0.001031440682709217
mlp_2x100_dropout,5,90,21,0.0014338516630232334,0.001027519698254764
mlp_2x100_dropout,5,90,22,0.0014337236061692238,0.001030603889375925
mlp_2x100_dropout,5,90,23,0.001435953425243497,0.0010308542987331748
mlp_2x100_dropout,5,90,24,0.001429206458851695,0.0010297156404703856
mlp_2x100_dropout,5,90,25,0.00142875115852803,0.0010265036253258586
mlp_2x100_dropout,5,90,26,0.0014337406028062105,0.0010319231078028679
mlp_2x100_dropout,5,90,27,0.0014289225218817592,0.001030075829476118
mlp_2x100_dropout,5,90,28,0.0014298735186457634,0.0010294761741533875
mlp_2x100_dropout,5,90,29,0.0014305415097624063,0.0010303989984095097
mlp_2x100_dropout,5,90,30,0.0014245491474866867,0.001027505612000823
mlp_2x100_dropout,5,90,31,0.0014276885194703937,0.0010287560289725661
mlp_2x100_dropout,5,90,32,0.00142704788595438,0.0010296190157532692
mlp_2x100_dropout,5,90,33,0.001425656140781939,0.001030691317282617
mlp_2x100_dropout,5,90,34,0.0014298817841336131,0.0010278437985107303
mlp_2x100_dropout,5,90,35,0.0014269972452893853,0.0010310403304174542
mlp_2x100_dropout,5,90,36,0.0014274368295446038,0.001028551603667438
mlp_2x100_dropout,5,90,37,0.0014269251842051744,0.0010310786310583353
mlp_2x100_dropout,5,90,38,0.0014253988629207015,0.0010305866599082947
mlp_2x100_dropout,5,90,39,0.0014262758195400238,0.0010312136728316545
mlp_2x100_dropout,5,90,40,0.0014252103865146637,0.00102610036265105
mlp_2x100_dropout,5,90,41,0.0014248746447265148,0.0010303478920832276
mlp_2x100_dropout,5,90,42,0.001430678996257484,0.0010286608012393117
mlp_2x100_dropout,5,90,43,0.0014245640486478806,0.0010311731602996588
mlp_2x100_dropout,5,90,44,0.0014262404292821884,0.0010295414831489325
mlp_2x100_dropout,5,90,45,0.0014255490386858582,0.0010296987602487206
mlp_2x100_dropout,5,90,46,0.0014250873355194926,0.0010279470589011908
mlp_2x100_dropout,5,90,47,0.0014253114350140095,0.0010305334581062198
mlp_2x100_dropout,5,90,48,0.0014260230818763375,0.001027759863063693
mlp_2x100_dropout,5,90,49,0.0014241990866139531,0.0010312306694686413
mlp_2x100_dropout,5,90,50,0.0014259545132517815,0.0010292722145095468
mlp_2x100_dropout,5,90,51,0.0014277956215664744,0.0010310756042599678
mlp_2x100_dropout,5,90,52,0.0014240324962884188,0.0010297398548573256
mlp_2x100_dropout,5,90,53,0.0014251581160351634,0.0010302363662049174
mlp_2x100_dropout,5,90,54,0.0014268915401771665,0.0010282323928549886
mlp_2x100_dropout,5,90,55,0.0014250373933464289,0.0010311257792636752
mlp_2x100_dropout,5,90,56,0.0014256229624152184,0.0010305756004527211
mlp_2x100_dropout,5,90,57,0.00142568233422935,0.0010309218196198344
mlp_2x100_dropout,5,90,58,0.0014272399712353945,0.0010291042272001505
mlp_2x100_dropout,5,90,59,0.0014250206295400858,0.00103085080627352
mlp_2x100_dropout,5,90,60,0.001425872789695859,0.0010289738420397043
mlp_2x100_dropout,5,90,61,0.0014241035096347332,0.0010298741981387138
mlp_2x100_dropout,5,90,62,0.0014247545041143894,0.0010279599810019135
mlp_2x100_dropout,5,90,63,0.0014260594034567475,0.0010303538292646408
mlp_2x100_dropout,5,90,64,0.0014240494929254055,0.001030926825478673
mlp_2x100_dropout,5,90,65,0.0014299886533990502,0.0010303196031600237
mlp_2x100_dropout,5,90,66,0.0014237943105399609,0.0010300716385245323
mlp_2x100_dropout,5,90,67,0.0014249393716454506,0.001032195403240621
mlp_2x100_dropout,5,90,68,0.0014239719603210688,0.001028595957905054
mlp_2x100_dropout,5,90,69,0.0014238044386729598,0.0010312550002709031
mlp_2x100_dropout,5,90,70,0.0014266534708440304,0.0010294639505445957
mlp_2x100_dropout,5,90,71,0.0014238384319469333,0.0010313787497580051
mlp_2x100_dropout,5,90,72,0.001424973364919424,0.0010303653543815017
mlp_2x100_dropout,5,90,73,0.0014270052779465914,0.0010298551060259342
mlp_2x100_dropout,5,90,74,0.0014263167977333069,0.0010288757039234042
mlp_2x100_dropout,5,90,75,0.0014266803627833724,0.0010305033065378666
mlp_2x100_dropout,5,90,76,0.0014254668494686484,0.0010330801596865058
mlp_2x100_dropout,5,90,77,0.0014243980403989553,0.0010276379762217402
mlp_2x100_dropout,5,90,78,0.001423635403625667,0.0010306625626981258
mlp_2x100_dropout,5,90,79,0.0014242858160287142,0.0010292197111994028
mlp_2x100_dropout,5,90,80,0.0014238349394872785,0.0010307893389835954
mlp_2x100_dropout,5,90,81,0.0014248959487304091,0.001027328660711646
mlp_2x100_dropout,5,90,82,0.0014246933860704303,0.00103253114502877
mlp_2x100_dropout,5,90,83,0.0014260937459766865,0.001028294675052166
mlp_2x100_dropout,5,90,84,0.0014252318069338799,0.0010305484756827354
mlp_2x100_dropout,5,90,85,0.0014235666021704674,0.0010288795456290245
mlp_2x100_dropout,5,90,86,0.0014242363395169377,0.001030399464070797
mlp_2x100_dropout,5,90,87,0.0014247879153117537,0.001029293518513441
mlp_2x100_dropout,5,90,88,0.0014246637001633644,0.0010302576702088118
mlp_2x100_dropout,5,90,89,0.0014247053768485785,0.0010278518311679363
mlp_2x100_dropout,5,90,90,0.0014255483401939273,0.0010327958734706044
mlp_2x100_dropout,5,90,91,0.0014245128259062767,0.001029727514833212
mlp_2x100_dropout,5,90,92,0.0014248414663597941,0.0010313736274838448
mlp_2x100_dropout,5,90,93,0.0014233709080144763,0.0010279371635988355
mlp_2x100_dropout,5,90,94,0.0014240689342841506,0.0010318380082026124
mlp_2x100_dropout,5,90,95,0.0014233560068532825,0.0010293014347553253
mlp_2x100_dropout,5,90,96,0.001424251589924097,0.001031500636599958
mlp_2x100_dropout,5,90,97,0.0014236894203349948,0.0010297286789864302
mlp_2x100_dropout,5,90,98,0.001424546935595572,0.0010317143751308322
mlp_2x100_dropout,5,90,99,0.001423813751898706,0.0010300149442628026
mlp_2x100_dropout,5,90,100,0.00142464111559093,0.0010313400998711586
mlp_2x100_dropout,5,90,101,0.001423657056875527,0.0010283355368301272
mlp_2x100_dropout,5,90,102,0.0014261348405852914,0.0010312197264283895
mlp_2x100_dropout,5,90,103,0.001423944835551083,0.0010292362421751022
mlp_2x100_dropout,5,90,104,0.0014235860435292125,0.0010319650173187256
mlp_2x100_dropout,5,90,105,0.001423833193257451,0.0010300282156094909
mlp_2x100_dropout,5,90,106,0.0014244208578020334,0.0010307779302820563
mlp_2x100_dropout,5,90,107,0.001423881622031331,0.0010277658002451062
mlp_2x100_dropout,5,90,108,0.001424008747562766,0.001031861174851656
mlp_2x100_dropout,5,90,109,0.0014234910486266017,0.0010303454473614693
mlp_2x100_dropout,5,90,110,0.0014287160011008382,0.0010318717686459422
mlp_2x100_dropout,5,90,111,0.0014237317955121398,0.0010283144656568766
mlp_2x100_dropout,5,90,112,0.0014241526369005442,0.001032215659506619
mlp_2x100_dropout,5,90,113,0.00142518593929708,0.0010295838583260775
mlp_2x100_dropout,5,90,114,0.0014243433251976967,0.0010316760744899511
mlp_2x100_dropout,5,90,115,0.0014236756833270192,0.0010300037683919072
mlp_2x100_dropout,5,90,116,0.0014241168973967433,0.0010319070424884558
mlp_2x100_dropout,5,90,117,0.0014243900077417493,0.0010311184450984001
mlp_2x100_dropout,5,90,118,0.001423382549546659,0.0010282676666975021
mlp_2x100_dropout,5,90,119,0.0014243139885365963,0.001031236257404089
mlp_2x100_dropout,5,90,120,0.0014240795280784369,0.001029767096042633
mlp_2x100_dropout,5,90,121,0.0014238336589187384,0.0010311369551345706
mlp_2x100_dropout,5,90,122,0.0014239277224987745,0.0010302477749064565
mlp_2x100_dropout,5,90,123,0.0014242850011214614,0.0010305610485374928
mlp_2x100_dropout,5,90,124,0.001424712361767888,0.001030189567245543
mlp_2x100_dropout,5,90,125,0.0014241476310417056,0.001031475723721087
mlp_2x100_dropout,5,90,126,0.001426130998879671,0.001029124716296792
mlp_2x100_dropout,5,90,127,0.0014240681193768978,0.0010308694327250123
mlp_2x100_dropout,5,90,128,0.0014236678835004568,0.0010280214482918382
mlp_2x100_dropout,5,90,129,0.0014241425087675452,0.0010312048252671957
mlp_2x100_dropout,5,90,130,0.0014244895428419113,0.001031427294947207
mlp_2x100_dropout,5,90,131,0.00142417021561414,0.0010271982755512
mlp_2x100_dropout,5,90,132,0.0014239216689020395,0.0010310685029253364
mlp_2x100_dropout,5,90,133,0.0014241822063922882,0.001029517618007958
mlp_2x100_dropout,5,90,134,0.001423852052539587,0.0010286167962476611
mlp_2x100_dropout,5,90,135,0.0014237806899473071,0.0010314581450074911
mlp_2x100_dropout,5,90,136,0.0014239127049222589,0.0010293450905010104
mlp_2x100_dropout,5,90,137,0.0014240986201912165,0.0010321211302652955
mlp_2x100_dropout,5,90,138,0.0014254029374569654,0.0010290866484865546
mlp_2x100_dropout,5,90,139,0.001423724927008152,0.0010300707072019577
mlp_2x100_dropout,5,90,140,0.0014238064177334309,0.0010280435672029853
mlp_2x100_dropout,5,90,141,0.0014237971045076847,0.0010321529116481543
mlp_2x100_dropout,5,90,142,0.001425081747584045,0.0010308536002412438
mlp_2x100_dropout,5,90,143,0.0014244075864553452,0.0010313567472621799
mlp_2x100_dropout,5,90,144,0.0014243146870285273,0.00103109295014292
mlp_2x100_dropout,5,90,145,0.0014239130541682243,0.0010307220509275794
mlp_2x100_dropout,5,90,146,0.001424538204446435,0.001029705977998674
mlp_2x100_dropout,5,90,147,0.0014251592801883817,0.0010322516318410635
mlp_2x100_dropout,5,90,148,0.0014282806077972054,0.0010307957418262959
mlp_2x100_dropout,5,90,149,0.0014241066528484225,0.0010326592018827796
mlp_2x100_dropout,5,90,150,0.0014239400625228882,0.00102859060280025
mlp_2x100_dropout,5,90,151,0.0014257050352171063,0.0010307058691978455
mlp_2x100_dropout,5,90,152,0.0014245883794501424,0.0010293936356902122
mlp_2x100_dropout,5,90,153,0.001425148919224739,0.0010313487146049738
mlp_2x100_dropout,5,90,154,0.0014238215517252684,0.0010288954945281148
mlp_2x100_dropout,5,90,155,0.0014242116594687104,0.0010315004037693143
mlp_2x100_dropout,5,90,156,0.0014236262068152428,0.001029333216138184
mlp_2x100_dropout,5,90,157,0.0014239844167605042,0.0010309056378901005
mlp_2x100_dropout,5,90,158,0.0014238149160519242,0.0010288612684234977
mlp_2x100_dropout,5,90,159,0.001424536108970642,0.0010324663016945124
mlp_2x100_dropout,5,90,160,0.001423667068593204,0.0010276536922901869
mlp_2x100_dropout,5,90,161,0.0014237012946978211,0.0010320672299712896
mlp_2x100_dropout,5,90,162,0.00142386753577739,0.0010294384555891156
mlp_2x100_dropout,5,90,163,0.0014241259777918458,0.0010318415006622672
mlp_2x100_dropout,5,90,164,0.0014240540331229568,0.0010306107578799129
mlp_2x100_dropout,5,90,165,0.0014252166729420424,0.0010322018060833216
mlp_2x100_dropout,5,90,166,0.0014238646253943443,0.0010306477779522538
mlp_2x100_dropout,5,90,167,0.0014239174779504538,0.0010315607069060206
mlp_2x100_dropout,5,90,168,0.001423773355782032,0.0010289574274793267
mlp_2x100_dropout,5,90,169,0.0014245350612327456,0.001031437306664884
mlp_2x100_dropout,5,90,170,0.0014238090952858329,0.0010285039898008108
mlp_2x100_dropout,5,90,171,0.0014237827854231,0.0010318440617993474
mlp_2x100_dropout,5,90,172,0.001425740891136229,0.0010301923612132668
mlp_2x100_dropout,5,90,173,0.0014236796414479613,0.0010296502150595188
mlp_2x100_dropout,5,90,174,0.0014243522891774774,0.001031278632581234
mlp_2x100_dropout,5,90,175,0.001423671725206077,0.001029153703711927
mlp_2x100_dropout,5,90,176,0.0014241213211789727,0.0010303827002644539
mlp_2x100_dropout,5,90,177,0.0014233863912522793,0.0010292147053405643
mlp_2x100_dropout,5,90,178,0.0014240778982639313,0.001032850705087185
mlp_2x100_dropout,5,90,179,0.0014273126143962145,0.001030808431096375
mlp_2x100_dropout,5,90,180,0.001423403387889266,0.0010303177405148745
mlp_2x100_dropout,5,90,181,0.0014237231807783246,0.0010325568728148937
mlp_2x100_dropout,5,90,182,0.00142379489261657,0.0010283957235515118
mlp_2x100_dropout,5,90,183,0.0014239803422242403,0.0010318411514163017
mlp_2x100_dropout,5,90,184,0.0014237157301977277,0.0010305274045094848
mlp_2x100_dropout,5,90,185,0.0014241207391023636,0.0010306808399036527
mlp_2x100_dropout,5,90,186,0.0014237664872780442,0.0010283843148499727
mlp_2x100_dropout,5,90,187,0.0014240347081795335,0.0010313575621694326
mlp_2x100_dropout,5,90,188,0.0014246421633288264,0.0010295863030478358
mlp_2x100_dropout,5,90,189,0.0014241698663681746,0.001030979212373495
mlp_2x100_dropout,5,90,190,0.001423896523192525,0.001028018188662827
mlp_2x100_dropout,5,90,191,0.0014238674193620682,0.001031053252518177
mlp_2x100_dropout,5,90,192,0.0014234103728085756,0.00102894043084234
mlp_2x100_dropout,5,90,193,0.0014243008336052299,0.0010313520906493068
mlp_2x100_dropout,5,90,194,0.001423693960532546,0.001029947423376143
mlp_2x100_dropout,5,90,195,0.0014240139862522483,0.0010308735072612762
mlp_2x100_dropout,5,90,196,0.0014235286507755518,0.001025975914672017
mlp_2x100_dropout,5,90,197,0.0014236962888389826,0.0010307718766853213
mlp_2x100_dropout,5,90,198,0.0014238087460398674,0.0010293966624885798
mlp_2x100_dropout,5,90,199,0.0014242284232750535,0.0010309003992006183
mlp_2x100_dropout,5,90,200,0.0014239646261557937,0.0010277809342369437
mlp_2x100_dropout,10,1,1,0.1501580774784088,0.00952698290348053
mlp_2x100_dropout,10,1,2,0.014237098395824432,0.009048672392964363
mlp_2x100_dropout,10,1,3,0.012560239061713219,0.009025432169437408
mlp_2x100_dropout,10,1,4,0.01220350805670023,0.009022905491292477
mlp_2x100_dropout,10,1,5,0.012058228254318237,0.009020907804369926
mlp_2x100_dropout,10,1,6,0.012028798460960388,0.00902051106095314
mlp_2x100_dropout,10,1,7,0.011969455517828465,0.009023268707096577
mlp_2x100_dropout,10,1,8,0.011945773847401142,0.009021138772368431
mlp_2x100_dropout,10,1,9,0.011915340088307858,0.009022647514939308
mlp_2x100_dropout,10,1,10,0.011895207688212395,0.009020088240504265
mlp_2x100_dropout,10,1,11,0.011911983601748943,0.009019657038152218
mlp_2x100_dropout,10,1,12,0.01189128402620554,0.009021229110658169
mlp_2x100_dropout,10,1,13,0.011888263747096062,0.00902069453150034
mlp_2x100_dropout,10,1,14,0.011875099502503872,0.009022301994264126
mlp_2x100_dropout,10,1,15,0.011885171756148338,0.00902215763926506
mlp_2x100_dropout,10,1,16,0.011887907050549984,0.009021339938044548
mlp_2x100_dropout,10,1,17,0.011884127743542194,0.009021670557558537
mlp_2x100_dropout,10,1,18,0.011869353242218494,0.009021932259202003
mlp_2x100_dropout,10,1,19,0.011883413419127464,0.009021447040140629
mlp_2x100_dropout,10,1,20,0.011874197982251644,0.00902190525084734
mlp_2x100_dropout,10,1,21,0.011866038665175438,0.009020280092954636
mlp_2x100_dropout,10,1,22,0.011862065643072128,0.009021869860589504
mlp_2x100_dropout,10,1,23,0.011870801448822021,0.009021906182169914
mlp_2x100_dropout,10,1,24,0.011872627772390842,0.009021103382110596
mlp_2x100_dropout,10,1,25,0.011858158744871616,0.009019296616315842
mlp_2x100_dropout,10,1,26,0.011861647479236126,0.009021574631333351
mlp_2x100_dropout,10,1,27,0.01186818815767765,0.009020207449793816
mlp_2x100_dropout,10,1,28,0.011865091510117054,0.009022984653711319
mlp_2x100_dropout,10,1,29,0.011869903653860092,0.009021195583045483
mlp_2x100_dropout,10,1,30,0.011859966441988945,0.009022329933941364
mlp_2x100_dropout,10,1,31,0.011862694285809994,0.009021270088851452
mlp_2x100_dropout,10,1,32,0.011860123835504055,0.009021477773785591
mlp_2x100_dropout,10,1,33,0.011859122663736343,0.00902010127902031
mlp_2x100_dropout,10,1,34,0.01186421699821949,0.009021877311170101
mlp_2x100_dropout,10,1,35,0.011867038905620575,0.009021288715302944
mlp_2x100_dropout,10,1,36,0.011859816499054432,0.009022447280585766
mlp_2x100_dropout,10,1,37,0.011864128522574902,0.00902114063501358
mlp_2x100_dropout,10,1,38,0.011861341074109077,0.009020480327308178
mlp_2x100_dropout,10,1,39,0.011867200955748558,0.009021720848977566
mlp_2x100_dropout,10,1,40,0.011859127320349216,0.00902059767395258
mlp_2x100_dropout,10,1,41,0.011857054196298122,0.009022237733006477
mlp_2x100_dropout,10,1,42,0.011860555037856102,0.009020973928272724
mlp_2x100_dropout,10,1,43,0.011862807907164097,0.009020858444273472
mlp_2x100_dropout,10,1,44,0.011860801838338375,0.009021809324622154
mlp_2x100_dropout,10,1,45,0.011862652376294136,0.009021877311170101
mlp_2x100_dropout,10,1,46,0.011860771104693413,0.00902220606803894
mlp_2x100_dropout,10,1,47,0.011860933154821396,0.009020634926855564
mlp_2x100_dropout,10,1,48,0.011857391335070133,0.009020769968628883
mlp_2x100_dropout,10,1,49,0.011859545484185219,0.00902122724801302
mlp_2x100_dropout,10,1,50,0.01185694895684719,0.009021344594657421
mlp_2x100_dropout,10,1,51,0.011860099621117115,0.009019887074828148
mlp_2x100_dropout,10,1,52,0.011858958750963211,0.009019899182021618
mlp_2x100_dropout,10,1,53,0.011860092170536518,0.00902058370411396
mlp_2x100_dropout,10,1,54,0.011858942918479443,0.009021365083754063
mlp_2x100_dropout,10,1,55,0.011860281229019165,0.00902069453150034
mlp_2x100_dropout,10,1,56,0.01185921486467123,0.009022082202136517
mlp_2x100_dropout,10,1,57,0.011857930570840836,0.009021498262882233
mlp_2x100_dropout,10,1,58,0.011858823709189892,0.009020556695759296
mlp_2x100_dropout,10,1,59,0.011861932463943958,0.009020451456308365
mlp_2x100_dropout,10,1,60,0.011852776631712914,0.009020346216857433
mlp_2x100_dropout,10,1,61,0.011859806254506111,0.009021739475429058
mlp_2x100_dropout,10,1,62,0.011863650754094124,0.009021193720400333
mlp_2x100_dropout,10,1,63,0.011858745478093624,0.009021546691656113
mlp_2x100_dropout,10,1,64,0.011857750825583935,0.009021773003041744
mlp_2x100_dropout,10,1,65,0.011857415549457073,0.009022114798426628
mlp_2x100_dropout,10,1,66,0.01186292339116335,0.009022112935781479
mlp_2x100_dropout,10,1,67,0.011857125908136368,0.009020923636853695
mlp_2x100_dropout,10,1,68,0.011856228113174438,0.009020569734275341
mlp_2x100_dropout,10,1,69,0.011856104247272015,0.009021562524139881
mlp_2x100_dropout,10,1,70,0.01186047587543726,0.009020590223371983
mlp_2x100_dropout,10,1,71,0.011857770383358002,0.009020291268825531
mlp_2x100_dropout,10,1,72,0.01185815129429102,0.00902038998901844
mlp_2x100_dropout,10,1,73,0.011858207173645496,0.009020217694342136
mlp_2x100_dropout,10,1,74,0.011858735233545303,0.009021064266562462
mlp_2x100_dropout,10,1,75,0.011861518025398254,0.009021088480949402
mlp_2x100_dropout,10,1,76,0.011857219971716404,0.009020588360726833
mlp_2x100_dropout,10,1,77,0.011861128732562065,0.009022406302392483
mlp_2x100_dropout,10,1,78,0.011861247010529041,0.009021337144076824
mlp_2x100_dropout,10,1,79,0.011857752688229084,0.00902192946523428
mlp_2x100_dropout,10,1,80,0.011856622993946075,0.009021159261465073
mlp_2x100_dropout,10,1,81,0.011857125908136368,0.009021638892591
mlp_2x100_dropout,10,1,82,0.011857501231133938,0.00902180839329958
mlp_2x100_dropout,10,1,83,0.011857600882649422,0.00902207288891077
mlp_2x100_dropout,10,1,84,0.011858809739351273,0.009020556695759296
mlp_2x100_dropout,10,1,85,0.011858600191771984,0.009020616300404072
mlp_2x100_dropout,10,1,86,0.011859078891575336,0.009019669145345688
mlp_2x100_dropout,10,1,87,0.011858388781547546,0.009021434932947159
mlp_2x100_dropout,10,1,88,0.011860169470310211,0.009021541103720665
mlp_2x100_dropout,10,1,89,0.011857543140649796,0.009020264260470867
mlp_2x100_dropout,10,1,90,0.011856535449624062,0.00902235135436058
mlp_2x100_dropout,10,1,91,0.011859909631311893,0.009021141566336155
mlp_2x100_dropout,10,1,92,0.011856814846396446,0.00902138277888298
mlp_2x100_dropout,10,1,93,0.011855902150273323,0.009020759724080563
mlp_2x100_dropout,10,1,94,0.011860528029501438,0.00902022048830986
mlp_2x100_dropout,10,1,95,0.011859210208058357,0.009021296165883541
mlp_2x100_dropout,10,1,96,0.011855542659759521,0.009021427482366562
mlp_2x100_dropout,10,1,97,0.011858996003866196,0.009020602330565453
mlp_2x100_dropout,10,1,98,0.011856838129460812,0.009020800702273846
mlp_2x100_dropout,10,1,99,0.01185988076031208,0.009020695462822914
mlp_2x100_dropout,10,1,100,0.011862039566040039,0.009021767415106297
mlp_2x100_dropout,10,1,101,0.011864596977829933,0.00902001652866602
mlp_2x100_dropout,10,1,102,0.01185469701886177,0.009020361118018627
mlp_2x100_dropout,10,1,103,0.011859321035444736,0.009019991382956505
mlp_2x100_dropout,10,1,104,0.011860131286084652,0.009022046811878681
mlp_2x100_dropout,10,1,105,0.011861274018883705,0.009020581841468811
mlp_2x100_dropout,10,1,106,0.01186581701040268,0.009022543206810951
mlp_2x100_dropout,10,1,107,0.011860196478664875,0.00902052503079176
mlp_2x100_dropout,10,1,108,0.01185751985758543,0.009022319689393044
mlp_2x100_dropout,10,1,109,0.011856311932206154,0.009019740857183933
mlp_2x100_dropout,10,1,110,0.011855291202664375,0.00902151595801115
mlp_2x100_dropout,10,1,111,0.011857372708618641,0.009021352976560593
mlp_2x100_dropout,10,1,112,0.011858866550028324,0.009022092446684837
mlp_2x100_dropout,10,1,113,0.011860166676342487,0.00902027077972889
mlp_2x100_dropout,10,1,114,0.01185654103755951,0.009020700119435787
mlp_2x100_dropout,10,1,115,0.011855626478791237,0.009021958336234093
mlp_2x100_dropout,10,1,116,0.011859316378831863,0.009021496400237083
mlp_2x100_dropout,10,1,117,0.011858162470161915,0.009020513854920864
mlp_2x100_dropout,10,1,118,0.011859712190926075,0.009020627476274967
mlp_2x100_dropout,10,1,119,0.011855823919177055,0.009021198377013206
mlp_2x100_dropout,10,1,120,0.011865532957017422,0.00902177020907402
mlp_2x100_dropout,10,1,121,0.011858105659484863,0.009021244943141937
mlp_2x100_dropout,10,1,122,0.011859927326440811,0.009021982550621033
mlp_2x100_dropout,10,1,123,0.011863854713737965,0.009022711776196957
mlp_2x100_dropout,10,1,124,0.011859155260026455,0.009021866135299206
mlp_2x100_dropout,10,1,125,0.011860445141792297,0.009020763449370861
mlp_2x100_dropout,10,1,126,0.011861639097332954,0.009021608158946037
mlp_2x100_dropout,10,1,127,0.011861167848110199,0.009020693600177765
mlp_2x100_dropout,10,1,128,0.011856942437589169,0.009021629579365253
mlp_2x100_dropout,10,1,129,0.011860501952469349,0.00902251061052084
mlp_2x100_dropout,10,1,130,0.011857102625072002,0.009021490812301636
mlp_2x100_dropout,10,1,131,0.01186012290418148,0.009020796045660973
mlp_2x100_dropout,10,1,132,0.011857149191200733,0.009022134356200695
mlp_2x100_dropout,10,1,133,0.01185720693320036,0.009020461700856686
mlp_2x100_dropout,10,1,134,0.01185857318341732,0.009022061713039875
mlp_2x100_dropout,10,1,135,0.011859411373734474,0.009020339697599411
mlp_2x100_dropout,10,1,136,0.011859547346830368,0.00902212131768465
mlp_2x100_dropout,10,1,137,0.011858228594064713,0.009021804668009281
mlp_2x100_dropout,10,1,138,0.011857450008392334,0.009020215831696987
mlp_2x100_dropout,10,1,139,0.011857706122100353,0.0090206079185009
mlp_2x100_dropout,10,1,140,0.011858505196869373,0.009021149948239326
mlp_2x100_dropout,10,1,141,0.01185950543731451,0.009020722471177578
mlp_2x100_dropout,10,1,142,0.011860489845275879,0.009022152051329613
mlp_2x100_dropout,10,1,143,0.011859135702252388,0.009020795114338398
mlp_2x100_dropout,10,1,144,0.011857196688652039,0.009021451696753502
mlp_2x100_dropout,10,1,145,0.011858073994517326,0.00902096088975668
mlp_2x100_dropout,10,1,146,0.011858627200126648,0.009021326899528503
mlp_2x100_dropout,10,1,147,0.011859593912959099,0.009022281505167484
mlp_2x100_dropout,10,1,148,0.011857145465910435,0.009021105244755745
mlp_2x100_dropout,10,1,149,0.011860002763569355,0.009022095240652561
mlp_2x100_dropout,10,1,150,0.0118583794683218,0.00902099534869194
mlp_2x100_dropout,10,1,151,0.011857823468744755,0.009021147154271603
mlp_2x100_dropout,10,1,152,0.011864699423313141,0.0090210922062397
mlp_2x100_dropout,10,1,153,0.011857094243168831,0.009021734818816185
mlp_2x100_dropout,10,1,154,0.011856460943818092,0.009021477773785591
mlp_2x100_dropout,10,1,155,0.011858516372740269,0.00902235321700573
mlp_2x100_dropout,10,1,156,0.011857625097036362,0.009021930396556854
mlp_2x100_dropout,10,1,157,0.011858459562063217,0.009021264500916004
mlp_2x100_dropout,10,1,158,0.011857911013066769,0.009021751582622528
mlp_2x100_dropout,10,1,159,0.011869039386510849,0.009021415375173092
mlp_2x100_dropout,10,1,160,0.011860016733407974,0.009022892452776432
mlp_2x100_dropout,10,1,161,0.011858642101287842,0.009021651931107044
mlp_2x100_dropout,10,1,162,0.011859116144478321,0.00902150385081768
mlp_2x100_dropout,10,1,163,0.011856406927108765,0.009020925499498844
mlp_2x100_dropout,10,1,164,0.01185945700854063,0.009021555073559284
mlp_2x100_dropout,10,1,165,0.011859064921736717,0.009020836092531681
mlp_2x100_dropout,10,1,166,0.011861158534884453,0.009021136909723282
mlp_2x100_dropout,10,1,167,0.011858130805194378,0.00902134831994772
mlp_2x100_dropout,10,1,168,0.011862083338201046,0.009019635617733002
mlp_2x100_dropout,10,1,169,0.011858869343996048,0.009022187441587448
mlp_2x100_dropout,10,1,170,0.011858264915645123,0.009020782075822353
mlp_2x100_dropout,10,1,171,0.011856977827847004,0.009021191857755184
mlp_2x100_dropout,10,1,172,0.01185902301222086,0.009022219106554985
mlp_2x100_dropout,10,1,173,0.011858672834932804,0.00902119092643261
mlp_2x100_dropout,10,1,174,0.011855444870889187,0.00901960488408804
mlp_2x100_dropout,10,1,175,0.011860072612762451,0.009022542275488377
mlp_2x100_dropout,10,1,176,0.011858193203806877,0.009020401164889336
mlp_2x100_dropout,10,1,177,0.01187236700206995,0.009021511301398277
mlp_2x100_dropout,10,1,178,0.011860309168696404,0.009020187892019749
mlp_2x100_dropout,10,1,179,0.011860564351081848,0.009021447040140629
mlp_2x100_dropout,10,1,180,0.011860556900501251,0.009021591395139694
mlp_2x100_dropout,10,1,181,0.011860384605824947,0.009022454731166363
mlp_2x100_dropout,10,1,182,0.011858033016324043,0.009021122008562088
mlp_2x100_dropout,10,1,183,0.011860132217407227,0.009020686149597168
mlp_2x100_dropout,10,1,184,0.01185673102736473,0.009021620266139507
mlp_2x100_dropout,10,1,185,0.011855058372020721,0.009022476151585579
mlp_2x100_dropout,10,1,186,0.011858398094773293,0.00902283564209938
mlp_2x100_dropout,10,1,187,0.011858249083161354,0.009021122939884663
mlp_2x100_dropout,10,1,188,0.011856927536427975,0.009021630510687828
mlp_2x100_dropout,10,1,189,0.01185808889567852,0.009022031910717487
mlp_2x100_dropout,10,1,190,0.011858326382935047,0.009022247977554798
mlp_2x100_dropout,10,1,191,0.011858069337904453,0.009020848199725151
mlp_2x100_dropout,10,1,192,0.01186021976172924,0.009021655656397343
mlp_2x100_dropout,10,1,193,0.011859152466058731,0.00902137253433466
mlp_2x100_dropout,10,1,194,0.011858295649290085,0.009020465426146984
mlp_2x100_dropout,10,1,195,0.011858545243740082,0.009022592566907406
mlp_2x100_dropout,10,1,196,0.011860592290759087,0.009021449834108353
mlp_2x100_dropout,10,1,197,0.011859266087412834,0.009022253565490246
mlp_2x100_dropout,10,1,198,0.011855771765112877,0.009020479395985603
mlp_2x100_dropout,10,1,199,0.011859425343573093,0.009020824916660786
mlp_2x100_dropout,10,1,200,0.011858398094773293,0.009020588360726833
mlp_2x100_dropout,10,5,1,0.1478925496339798,0.0047401608899235725
mlp_2x100_dropout,10,5,2,0.008035329170525074,0.0041935984045267105
mlp_2x100_dropout,10,5,3,0.006233041640371084,0.004163079429417849
mlp_2x100_dropout,10,5,4,0.005850252695381641,0.004157462157309055
mlp_2x100_dropout,10,5,5,0.005720176734030247,0.004156406037509441
mlp_2x100_dropout,10,5,6,0.005684841889888048,0.004158637952059507
mlp_2x100_dropout,10,5,7,0.005622719414532185,0.004160664509981871
mlp_2x100_dropout,10,5,8,0.005596322473138571,0.004158650524914265
mlp_2x100_dropout,10,5,9,0.005572800058871508,0.004159280564635992
mlp_2x100_dropout,10,5,10,0.0055532390251755714,0.0041581979021430016
mlp_2x100_dropout,10,5,11,0.005565614905208349,0.004158401396125555
mlp_2x100_dropout,10,5,12,0.005549888126552105,0.004159880336374044
mlp_2x100_dropout,10,5,13,0.0055433642119169235,0.0041588833555579185
mlp_2x100_dropout,10,5,14,0.005535534583032131,0.0041612982749938965
mlp_2x100_dropout,10,5,15,0.00554407574236393,0.004159925505518913
mlp_2x100_dropout,10,5,16,0.005543460603803396,0.004159489180892706
mlp_2x100_dropout,10,5,17,0.005533128976821899,0.004159017000347376
mlp_2x100_dropout,10,5,18,0.005520541220903397,0.00415947288274765
mlp_2x100_dropout,10,5,19,0.005537515040487051,0.004159495234489441
mlp_2x100_dropout,10,5,20,0.005526178516447544,0.004158625844866037
mlp_2x100_dropout,10,5,21,0.005518901627510786,0.0041597518138587475
mlp_2x100_dropout,10,5,22,0.005516421515494585,0.0041586835868656635
mlp_2x100_dropout,10,5,23,0.005518821068108082,0.004160285461694002
mlp_2x100_dropout,10,5,24,0.005522239953279495,0.004158700350672007
mlp_2x100_dropout,10,5,25,0.0055137923918664455,0.004158552270382643
mlp_2x100_dropout,10,5,26,0.005515531171113253,0.004159613978117704
mlp_2x100_dropout,10,5,27,0.00551914656534791,0.004158700816333294
mlp_2x100_dropout,10,5,28,0.005516511388123035,0.004160748329013586
mlp_2x100_dropout,10,5,29,0.005516093224287033,0.00415945565328002
mlp_2x100_dropout,10,5,30,0.005514891352504492,0.0041592237539589405
mlp_2x100_dropout,10,5,31,0.00551617331802845,0.004158576484769583
mlp_2x100_dropout,10,5,32,0.005513514392077923,0.004160418175160885
mlp_2x100_dropout,10,5,33,0.005510558374226093,0.004159179981797934
mlp_2x100_dropout,10,5,34,0.00551632372662425,0.004157742019742727
mlp_2x100_dropout,10,5,35,0.005517803598195314,0.004159748554229736
mlp_2x100_dropout,10,5,36,0.005510895978659391,0.004159313626587391
mlp_2x100_dropout,10,5,37,0.005514883436262608,0.004159300122410059
mlp_2x100_dropout,10,5,38,0.005511047784239054,0.004158531315624714
mlp_2x100_dropout,10,5,39,0.005521303974092007,0.004157983232289553
mlp_2x100_dropout,10,5,40,0.005513514392077923,0.00415940023958683
mlp_2x100_dropout,10,5,41,0.005510564893484116,0.0041592177003622055
mlp_2x100_dropout,10,5,42,0.005514221731573343,0.004159925039857626
mlp_2x100_dropout,10,5,43,0.005512587260454893,0.004158682189881802
mlp_2x100_dropout,10,5,44,0.005513624753803015,0.004158209078013897
mlp_2x100_dropout,10,5,45,0.0055115786381065845,0.004159235395491123
mlp_2x100_dropout,10,5,46,0.005515631753951311,0.004159631673246622
mlp_2x100_dropout,10,5,47,0.005510760471224785,0.004159075673669577
mlp_2x100_dropout,10,5,48,0.005512332543730736,0.004158861935138702
mlp_2x100_dropout,10,5,49,0.005512136500328779,0.00415895227342844
mlp_2x100_dropout,10,5,50,0.005511882249265909,0.004158175550401211
mlp_2x100_dropout,10,5,51,0.005513052921742201,0.004159185569733381
mlp_2x100_dropout,10,5,52,0.005515242926776409,0.004159837495535612
mlp_2x100_dropout,10,5,53,0.005514506716281176,0.004159209784120321
mlp_2x100_dropout,10,5,54,0.005512946285307407,0.004159562289714813
mlp_2x100_dropout,10,5,55,0.005510732531547546,0.004158598370850086
mlp_2x100_dropout,10,5,56,0.005514049436897039,0.0041591450572013855
mlp_2x100_dropout,10,5,57,0.005511099472641945,0.004159674979746342
mlp_2x100_dropout,10,5,58,0.0055136969313025475,0.004158164374530315
mlp_2x100_dropout,10,5,59,0.005515992175787687,0.004160271491855383
mlp_2x100_dropout,10,5,60,0.005513051524758339,0.0041586426086723804
mlp_2x100_dropout,10,5,61,0.005512485280632973,0.004159240052103996
mlp_2x100_dropout,10,5,62,0.005510956980288029,0.004158410243690014
mlp_2x100_dropout,10,5,63,0.005513048730790615,0.004158482886850834
mlp_2x100_dropout,10,5,64,0.005509470123797655,0.004159245174378157
mlp_2x100_dropout,10,5,65,0.005510174203664064,0.00415789894759655
mlp_2x100_dropout,10,5,66,0.005512487143278122,0.004159634001553059
mlp_2x100_dropout,10,5,67,0.00551217794418335,0.004158938303589821
mlp_2x100_dropout,10,5,68,0.0055103059858083725,0.004158548079431057
mlp_2x100_dropout,10,5,69,0.005511133931577206,0.004158978350460529
mlp_2x100_dropout,10,5,70,0.005511919967830181,0.004158076364547014
mlp_2x100_dropout,10,5,71,0.005512432660907507,0.004158307798206806
mlp_2x100_dropout,10,5,72,0.0055111669935286045,0.0041593341156840324
mlp_2x100_dropout,10,5,73,0.0055166371166706085,0.004159042611718178
mlp_2x100_dropout,10,5,74,0.005512417294085026,0.004159262869507074
mlp_2x100_dropout,10,5,75,0.005511922761797905,0.004159195814281702
mlp_2x100_dropout,10,5,76,0.005515165161341429,0.004159511532634497
mlp_2x100_dropout,10,5,77,0.005521740764379501,0.00415970990434289
mlp_2x100_dropout,10,5,78,0.005510910879820585,0.004158407915383577
mlp_2x100_dropout,10,5,79,0.005513903219252825,0.004159446805715561
mlp_2x100_dropout,10,5,80,0.005510798655450344,0.004157991614192724
mlp_2x100_dropout,10,5,81,0.005511211697012186,0.004158311523497105
mlp_2x100_dropout,10,5,82,0.005511018913239241,0.004158177878707647
mlp_2x100_dropout,10,5,83,0.005511964205652475,0.0041595688089728355
mlp_2x100_dropout,10,5,84,0.0055140843614935875,0.00415864447131753
mlp_2x100_dropout,10,5,85,0.005511049646884203,0.004158686380833387
mlp_2x100_dropout,10,5,86,0.005510227754712105,0.004159027710556984
mlp_2x100_dropout,10,5,87,0.005511390045285225,0.004157959017902613
mlp_2x100_dropout,10,5,88,0.005511394701898098,0.004158695228397846
mlp_2x100_dropout,10,5,89,0.005511054303497076,0.0041602300480008125
mlp_2x100_dropout,10,5,90,0.005510870832949877,0.004159371834248304
mlp_2x100_dropout,10,5,91,0.005511876195669174,0.004158755298703909
mlp_2x100_dropout,10,5,92,0.005511027295142412,0.004159644711762667
mlp_2x100_dropout,10,5,93,0.005511443130671978,0.004158432129770517
mlp_2x100_dropout,10,5,94,0.0055152652785182,0.004160324577242136
mlp_2x100_dropout,10,5,95,0.00551325548440218,0.00415819650515914
mlp_2x100_dropout,10,5,96,0.005510317627340555,0.004159790463745594
mlp_2x100_dropout,10,5,97,0.005510362796485424,0.004157750401645899
mlp_2x100_dropout,10,5,98,0.005509939044713974,0.004158301744610071
mlp_2x100_dropout,10,5,99,0.005511847324669361,0.00415849220007658
mlp_2x100_dropout,10,5,100,0.005510358139872551,0.004158789291977882
mlp_2x100_dropout,10,5,101,0.005512829404324293,0.0041569676250219345
mlp_2x100_dropout,10,5,102,0.0055123972706496716,0.004158803727477789
mlp_2x100_dropout,10,5,103,0.00551386084407568,0.00415866170078516
mlp_2x100_dropout,10,5,104,0.0055117299780249596,0.00415786262601614
mlp_2x100_dropout,10,5,105,0.005510217044502497,0.0041579436510801315
mlp_2x100_dropout,10,5,106,0.005511709023267031,0.004158330149948597
mlp_2x100_dropout,10,5,107,0.005510416813194752,0.004159361124038696
mlp_2x100_dropout,10,5,108,0.005512234754860401,0.0041596670635044575
mlp_2x100_dropout,10,5,109,0.005511405412107706,0.004159428644925356
mlp_2x100_dropout,10,5,110,0.005511358845978975,0.0041587152518332005
mlp_2x100_dropout,10,5,111,0.0055122217163443565,0.004158470779657364
mlp_2x100_dropout,10,5,112,0.0055101606994867325,0.004158184863626957
mlp_2x100_dropout,10,5,113,0.005510319489985704,0.0041586169973015785
mlp_2x100_dropout,10,5,114,0.005510300863534212,0.004157609771937132
mlp_2x100_dropout,10,5,115,0.005511084571480751,0.004159999545663595
mlp_2x100_dropout,10,5,116,0.005511756986379623,0.004159091040492058
mlp_2x100_dropout,10,5,117,0.0055114636197686195,0.0041588773019611835
mlp_2x100_dropout,10,5,118,0.005511878523975611,0.00415796460583806
mlp_2x100_dropout,10,5,119,0.005510625895112753,0.004158817697316408
mlp_2x100_dropout,10,5,120,0.005511105060577393,0.004158487543463707
mlp_2x100_dropout,10,5,121,0.005510543938726187,0.004159185569733381
mlp_2x100_dropout,10,5,122,0.005512190517038107,0.004158353433012962
mlp_2x100_dropout,10,5,123,0.005511975381523371,0.0041590118780732155
mlp_2x100_dropout,10,5,124,0.0055106021463871,0.004158886149525642
mlp_2x100_dropout,10,5,125,0.005509723909199238,0.0041592977941036224
mlp_2x100_dropout,10,5,126,0.005511284805834293,0.004158700350672007
mlp_2x100_dropout,10,5,127,0.005511935334652662,0.004159635864198208
mlp_2x100_dropout,10,5,128,0.005511973984539509,0.0041585383005440235
mlp_2x100_dropout,10,5,129,0.005509511101990938,0.004159009549766779
mlp_2x100_dropout,10,5,130,0.005510764196515083,0.00415908545255661
mlp_2x100_dropout,10,5,131,0.005511121824383736,0.004159305244684219
mlp_2x100_dropout,10,5,132,0.005510654766112566,0.004158945754170418
mlp_2x100_dropout,10,5,133,0.005510542541742325,0.004158355761319399
mlp_2x100_dropout,10,5,134,0.0055115362629294395,0.004158827941864729
mlp_2x100_dropout,10,5,135,0.00551004521548748,0.004158916883170605
mlp_2x100_dropout,10,5,136,0.005511297844350338,0.004158290568739176
mlp_2x100_dropout,10,5,137,0.005511177238076925,0.004159063566476107
mlp_2x100_dropout,10,5,138,0.005511038936674595,0.0041581098921597
mlp_2x100_dropout,10,5,139,0.0055206548422575,0.004159844480454922
mlp_2x100_dropout,10,5,140,0.005511675029993057,0.004158668220043182
mlp_2x100_dropout,10,5,141,0.005509767681360245,0.004158333409577608
mlp_2x100_dropout,10,5,142,0.00551252905279398,0.004159235395491123
mlp_2x100_dropout,10,5,143,0.005510260351002216,0.004158405587077141
mlp_2x100_dropout,10,5,144,0.005511546041816473,0.0041593387722969055
mlp_2x100_dropout,10,5,145,0.005509861279278994,0.004159045871347189
mlp_2x100_dropout,10,5,146,0.005511442199349403,0.004158401396125555
mlp_2x100_dropout,10,5,147,0.005511412862688303,0.004158709663897753
mlp_2x100_dropout,10,5,148,0.0055109537206590176,0.004160052165389061
mlp_2x100_dropout,10,5,149,0.0055106873624026775,0.004158534575253725
mlp_2x100_dropout,10,5,150,0.005511250346899033,0.004158941563218832
mlp_2x100_dropout,10,5,151,0.005511699244379997,0.00415794225409627
mlp_2x100_dropout,10,5,152,0.005511908326297998,0.004158503841608763
mlp_2x100_dropout,10,5,153,0.005511170718818903,0.004157654475420713
mlp_2x100_dropout,10,5,154,0.00551079073920846,0.004158537369221449
mlp_2x100_dropout,10,5,155,0.005512206815183163,0.0041601094417274
mlp_2x100_dropout,10,5,156,0.005511036142706871,0.0041591874323785305
mlp_2x100_dropout,10,5,157,0.005510731600224972,0.004159023519605398
mlp_2x100_dropout,10,5,158,0.005510326474905014,0.004158053547143936
mlp_2x100_dropout,10,5,159,0.005511429626494646,0.004159118514508009
mlp_2x100_dropout,10,5,160,0.005511134397238493,0.004159197676926851
mlp_2x100_dropout,10,5,161,0.0055112396366894245,0.004159090109169483
mlp_2x100_dropout,10,5,162,0.005509660113602877,0.004158188588917255
mlp_2x100_dropout,10,5,163,0.005511409603059292,0.004158192779868841
mlp_2x100_dropout,10,5,164,0.005510189104825258,0.004158259369432926
mlp_2x100_dropout,10,5,165,0.005512084811925888,0.004159208852797747
mlp_2x100_dropout,10,5,166,0.005511142313480377,0.004159418400377035
mlp_2x100_dropout,10,5,167,0.005510672926902771,0.004159837961196899
mlp_2x100_dropout,10,5,168,0.005510726943612099,0.004159112926572561
mlp_2x100_dropout,10,5,169,0.005510130897164345,0.004158242139965296
mlp_2x100_dropout,10,5,170,0.00551001587882638,0.00415848521515727
mlp_2x100_dropout,10,5,171,0.005511431954801083,0.004157846327871084
mlp_2x100_dropout,10,5,172,0.005510163493454456,0.004159980919212103
mlp_2x100_dropout,10,5,173,0.0055113304406404495,0.004159271717071533
mlp_2x100_dropout,10,5,174,0.005510940682142973,0.004158564377576113
mlp_2x100_dropout,10,5,175,0.00551012996584177,0.004158578813076019
mlp_2x100_dropout,10,5,176,0.005514046642929316,0.004158609081059694
mlp_2x100_dropout,10,5,177,0.005510302260518074,0.004158895928412676
mlp_2x100_dropout,10,5,178,0.005511260591447353,0.00415889173746109
mlp_2x100_dropout,10,5,179,0.005509663373231888,0.004158258903771639
mlp_2x100_dropout,10,5,180,0.005514234770089388,0.004159088712185621
mlp_2x100_dropout,10,5,181,0.005512208212167025,0.004158711526542902
mlp_2x100_dropout,10,5,182,0.005511703435331583,0.004158910363912582
mlp_2x100_dropout,10,5,183,0.005510583519935608,0.0041589741595089436
mlp_2x100_dropout,10,5,184,0.005513879004865885,0.004159024450927973
mlp_2x100_dropout,10,5,185,0.005511575378477573,0.004158458672463894
mlp_2x100_dropout,10,5,186,0.005511500407010317,0.004159061703830957
mlp_2x100_dropout,10,5,187,0.0055101350881159306,0.004159137606620789
mlp_2x100_dropout,10,5,188,0.00550991902127862,0.004159180447459221
mlp_2x100_dropout,10,5,189,0.0055105555802583694,0.004158142954111099
mlp_2x100_dropout,10,5,190,0.005511370953172445,0.004158207681030035
mlp_2x100_dropout,10,5,191,0.0055109355598688126,0.0041595567017793655
mlp_2x100_dropout,10,5,192,0.005511903669685125,0.004158132243901491
mlp_2x100_dropout,10,5,193,0.005510977003723383,0.004159225150942802
mlp_2x100_dropout,10,5,194,0.005510724615305662,0.004158210940659046
mlp_2x100_dropout,10,5,195,0.005510535556823015,0.004159186501055956
mlp_2x100_dropout,10,5,196,0.005511406343430281,0.004158578813076019
mlp_2x100_dropout,10,5,197,0.00551318284124136,0.004160537850111723
mlp_2x100_dropout,10,5,198,0.005510028451681137,0.004158327355980873
mlp_2x100_dropout,10,5,199,0.005510684102773666,0.0041594854556024075
mlp_2x100_dropout,10,5,200,0.005510407965630293,0.004158259369432926
mlp_2x100_dropout,10,30,1,0.14721281826496124,0.002512543462216854
mlp_2x100_dropout,10,30,2,0.0049449605867266655,0.0018188315443694592
mlp_2x100_dropout,10,30,3,0.003035753732547164,0.0017777200555428863
mlp_2x100_dropout,10,30,4,0.0026328894309699535,0.001765608787536621
mlp_2x100_dropout,10,30,5,0.0025091569405049086,0.001766777946613729
mlp_2x100_dropout,10,30,6,0.0024659731425344944,0.0017671295208856463
mlp_2x100_dropout,10,30,7,0.002405117265880108,0.001764432294294238
mlp_2x100_dropout,10,30,8,0.0023820155765861273,0.0017676979769021273
mlp_2x100_dropout,10,30,9,0.0023545108269900084,0.0017677528085187078
mlp_2x100_dropout,10,30,10,0.0023315881844609976,0.0017674543196335435
mlp_2x100_dropout,10,30,11,0.0023447941057384014,0.0017681823810562491
mlp_2x100_dropout,10,30,12,0.002325257984921336,0.0017662514001131058
mlp_2x100_dropout,10,30,13,0.0023242977913469076,0.0017675666604191065
mlp_2x100_dropout,10,30,14,0.0023130590561777353,0.0017672567628324032
mlp_2x100_dropout,10,30,15,0.002326111774891615,0.0017679246375337243
mlp_2x100_dropout,10,30,16,0.0023174327798187733,0.001768023008480668
mlp_2x100_dropout,10,30,17,0.002312722383067012,0.0017681082244962454
mlp_2x100_dropout,10,30,18,0.0023085635621100664,0.0017676610732451081
mlp_2x100_dropout,10,30,19,0.0023209077771753073,0.0017661770107224584
mlp_2x100_dropout,10,30,20,0.0023102143313735723,0.0017700876342132688
mlp_2x100_dropout,10,30,21,0.0023027791175991297,0.0017682574689388275
mlp_2x100_dropout,10,30,22,0.0023034142795950174,0.0017690679524093866
mlp_2x100_dropout,10,30,23,0.002303947927430272,0.0017676729476079345
mlp_2x100_dropout,10,30,24,0.0023003011010587215,0.0017685621278360486
mlp_2x100_dropout,10,30,25,0.0022950570564717054,0.0017677413998171687
mlp_2x100_dropout,10,30,26,0.0022960223723202944,0.0017685529310256243
mlp_2x100_dropout,10,30,27,0.002303185872733593,0.0017678029835224152
mlp_2x100_dropout,10,30,28,0.0022971811704337597,0.001768474350683391
mlp_2x100_dropout,10,30,29,0.0022953348234295845,0.0017682634061202407
mlp_2x100_dropout,10,30,30,0.0022996102925390005,0.001767821260727942
mlp_2x100_dropout,10,30,31,0.0022943231742829084,0.0017687211511656642
mlp_2x100_dropout,10,30,32,0.0022961716167628765,0.0017677478026598692
mlp_2x100_dropout,10,30,33,0.002295742044225335,0.001768070855177939
mlp_2x100_dropout,10,30,34,0.0023010435979813337,0.0017682550242170691
mlp_2x100_dropout,10,30,35,0.002297889906913042,0.0017685903003439307
mlp_2x100_dropout,10,30,36,0.0022943620570003986,0.0017678119475021958
mlp_2x100_dropout,10,30,37,0.002294330159202218,0.0017674006521701813
mlp_2x100_dropout,10,30,38,0.00229719839990139,0.001768065500073135
mlp_2x100_dropout,10,30,39,0.002297663129866123,0.0017673332476988435
mlp_2x100_dropout,10,30,40,0.0022922621574252844,0.0017683301120996475
mlp_2x100_dropout,10,30,41,0.002292314311489463,0.001768452930264175
mlp_2x100_dropout,10,30,42,0.0022961755748838186,0.0017679270822554827
mlp_2x100_dropout,10,30,43,0.0022941369097679853,0.001767223235219717
mlp_2x100_dropout,10,30,44,0.0022942705545574427,0.0017673888942226768
mlp_2x100_dropout,10,30,45,0.002292030490934849,0.001767865032888949
mlp_2x100_dropout,10,30,46,0.0022925252560526133,0.0017679547891020775
mlp_2x100_dropout,10,30,47,0.002293430268764496,0.0017677360447123647
mlp_2x100_dropout,10,30,48,0.002292883349582553,0.0017678686417639256
mlp_2x100_dropout,10,30,49,0.002293567406013608,0.0017689625965431333
mlp_2x100_dropout,10,30,50,0.0022931613493710756,0.0017672291724011302
mlp_2x100_dropout,10,30,51,0.0022931662388145924,0.0017671678215265274
mlp_2x100_dropout,10,30,52,0.0022913541179150343,0.001768027083016932
mlp_2x100_dropout,10,30,53,0.0022976428736001253,0.0017681042663753033
mlp_2x100_dropout,10,30,54,0.002293302910402417,0.001768547692336142
mlp_2x100_dropout,10,30,55,0.002292008139193058,0.001766833127476275
mlp_2x100_dropout,10,30,56,0.0022946966346353292,0.00176844815723598
mlp_2x100_dropout,10,30,57,0.00229416461661458,0.0017685029888525605
mlp_2x100_dropout,10,30,58,0.002293600933626294,0.0017674467526376247
mlp_2x100_dropout,10,30,59,0.002297324826940894,0.0017678163712844253
mlp_2x100_dropout,10,30,60,0.002295292681083083,0.0017684006597846746
mlp_2x100_dropout,10,30,61,0.0022920556366443634,0.0017672531539574265
mlp_2x100_dropout,10,30,62,0.002291664481163025,0.001767279696650803
mlp_2x100_dropout,10,30,63,0.0022930672857910395,0.0017679312732070684
mlp_2x100_dropout,10,30,64,0.002292241668328643,0.001769026042893529
mlp_2x100_dropout,10,30,65,0.002294255420565605,0.0017680628225207329
mlp_2x100_dropout,10,30,66,0.002291550859808922,0.0017673895927146077
mlp_2x100_dropout,10,30,67,0.0022931918501853943,0.0017682478064671159
mlp_2x100_dropout,10,30,68,0.002292318269610405,0.001768404501490295
mlp_2x100_dropout,10,30,69,0.0022912321146577597,0.0017687085783109069
mlp_2x100_dropout,10,30,70,0.00229137041606009,0.0017682418692857027
mlp_2x100_dropout,10,30,71,0.0022909704130142927,0.0017677645664662123
mlp_2x100_dropout,10,30,72,0.0022910458501428366,0.0017684518825262785
mlp_2x100_dropout,10,30,73,0.0022912321146577597,0.0017677402356639504
mlp_2x100_dropout,10,30,74,0.0022914898581802845,0.001768280053511262
mlp_2x100_dropout,10,30,75,0.002291537821292877,0.0017678247531875968
mlp_2x100_dropout,10,30,76,0.002292944584041834,0.0017681579338386655
mlp_2x100_dropout,10,30,77,0.0022924235090613365,0.0017679034499451518
mlp_2x100_dropout,10,30,78,0.002291790209710598,0.0017685237107798457
mlp_2x100_dropout,10,30,79,0.002291151089593768,0.001767937559634447
mlp_2x100_dropout,10,30,80,0.002292955294251442,0.001767450594343245
mlp_2x100_dropout,10,30,81,0.0022907336242496967,0.001767942332662642
mlp_2x100_dropout,10,30,82,0.0022911252453923225,0.0017675715498626232
mlp_2x100_dropout,10,30,83,0.0022911387495696545,0.0017682553734630346
mlp_2x100_dropout,10,30,84,0.002295128768309951,0.0017678524600341916
mlp_2x100_dropout,10,30,85,0.0022937783505767584,0.0017680255696177483
mlp_2x100_dropout,10,30,86,0.0022925506345927715,0.001767659792676568
mlp_2x100_dropout,10,30,87,0.002291089156642556,0.0017681128811091185
mlp_2x100_dropout,10,30,88,0.002293616533279419,0.0017688691150397062
mlp_2x100_dropout,10,30,89,0.0022914130240678787,0.001767349662259221
mlp_2x100_dropout,10,30,90,0.0022912498097866774,0.0017677857540547848
mlp_2x100_dropout,10,30,91,0.002291344804689288,0.0017687733052298427
mlp_2x100_dropout,10,30,92,0.0022910095285624266,0.0017679882002994418
mlp_2x100_dropout,10,30,93,0.002291374607011676,0.00176790333352983
mlp_2x100_dropout,10,30,94,0.00229198788292706,0.0017687795916572213
mlp_2x100_dropout,10,30,95,0.002291317330673337,0.001767746522091329
mlp_2x100_dropout,10,30,96,0.0022922069765627384,0.0017678264994174242
mlp_2x100_dropout,10,30,97,0.0022944638039916754,0.0017681187018752098
mlp_2x100_dropout,10,30,98,0.0022936449386179447,0.0017674996051937342
mlp_2x100_dropout,10,30,99,0.0022911729756742716,0.0017675630515441298
mlp_2x100_dropout,10,30,100,0.0022991113364696503,0.001767947687767446
mlp_2x100_dropout,10,30,101,0.0022917131427675486,0.0017677347641438246
mlp_2x100_dropout,10,30,102,0.002291660290211439,0.0017675410490483046
mlp_2x100_dropout,10,30,103,0.0022913292050361633,0.001768110552802682
mlp_2x100_dropout,10,30,104,0.0022910910192877054,0.001767992158420384
mlp_2x100_dropout,10,30,105,0.0022944568190723658,0.0017678424483165145
mlp_2x100_dropout,10,30,106,0.0022921497002243996,0.0017681911122053862
mlp_2x100_dropout,10,30,107,0.0022922775242477655,0.0017679567681625485
mlp_2x100_dropout,10,30,108,0.002292376710101962,0.0017682238249108195
mlp_2x100_dropout,10,30,109,0.0022912421263754368,0.0017677688738331199
mlp_2x100_dropout,10,30,110,0.002291570184752345,0.0017677885480225086
mlp_2x100_dropout,10,30,111,0.0022910914849489927,0.0017678949516266584
mlp_2x100_dropout,10,30,112,0.002291457261890173,0.0017678183503448963
mlp_2x100_dropout,10,30,113,0.00229094922542572,0.0017677510622888803
mlp_2x100_dropout,10,30,114,0.0022911636624485254,0.0017679398879408836
mlp_2x100_dropout,10,30,115,0.0022989201825112104,0.0017678997246548533
mlp_2x100_dropout,10,30,116,0.0022911319974809885,0.0017680487362667918
mlp_2x100_dropout,10,30,117,0.002291047712787986,0.0017675318522378802
mlp_2x100_dropout,10,30,118,0.0022908539976924658,0.0017675233539193869
mlp_2x100_dropout,10,30,119,0.0022910635452717543,0.0017673291731625795
mlp_2x100_dropout,10,30,120,0.0022911466658115387,0.001767815905623138
mlp_2x100_dropout,10,30,121,0.0022912449203431606,0.0017679985612630844
mlp_2x100_dropout,10,30,122,0.002291199518367648,0.00176810787525028
mlp_2x100_dropout,10,30,123,0.002291232580319047,0.0017683820333331823
mlp_2x100_dropout,10,30,124,0.0022911853156983852,0.0017674679402261972
mlp_2x100_dropout,10,30,125,0.002291041426360607,0.0017675653798505664
mlp_2x100_dropout,10,30,126,0.0022915222216397524,0.0017683960031718016
mlp_2x100_dropout,10,30,127,0.0022916034795343876,0.0017680181190371513
mlp_2x100_dropout,10,30,128,0.002291190903633833,0.0017680482706055045
mlp_2x100_dropout,10,30,129,0.002291023964062333,0.0017690081149339676
mlp_2x100_dropout,10,30,130,0.002291012555360794,0.001767957117408514
mlp_2x100_dropout,10,30,131,0.002290756208822131,0.001767244772054255
mlp_2x100_dropout,10,30,132,0.0022913001012057066,0.0017689850647002459
mlp_2x100_dropout,10,30,133,0.0022911562118679285,0.001768272602930665
mlp_2x100_dropout,10,30,134,0.0022911173291504383,0.0017674458213150501
mlp_2x100_dropout,10,30,135,0.0022910551633685827,0.0017683238256722689
mlp_2x100_dropout,10,30,136,0.002291180659085512,0.0017683107871562243
mlp_2x100_dropout,10,30,137,0.0022913315333426,0.001767398207448423
mlp_2x100_dropout,10,30,138,0.002290919655933976,0.0017679589800536633
mlp_2x100_dropout,10,30,139,0.002291119657456875,0.0017684751655906439
mlp_2x100_dropout,10,30,140,0.0022911508567631245,0.0017680408200249076
mlp_2x100_dropout,10,30,141,0.0022913801949471235,0.0017679629381746054
mlp_2x100_dropout,10,30,142,0.0022912186104804277,0.0017674025148153305
mlp_2x100_dropout,10,30,143,0.0022911690175533295,0.0017680583987385035
mlp_2x100_dropout,10,30,144,0.0022911971900612116,0.0017669900553300977
mlp_2x100_dropout,10,30,145,0.002291068434715271,0.0017684517661109567
mlp_2x100_dropout,10,30,146,0.0022913895081728697,0.0017683615442365408
mlp_2x100_dropout,10,30,147,0.0022929448168724775,0.0017680395394563675
mlp_2x100_dropout,10,30,148,0.0022973266895860434,0.0017677330179139972
mlp_2x100_dropout,10,30,149,0.002291022567078471,0.0017675975104793906
mlp_2x100_dropout,10,30,150,0.002291362965479493,0.0017676783027127385
mlp_2x100_dropout,10,30,151,0.002291138982400298,0.0017684722552075982
mlp_2x100_dropout,10,30,152,0.0022909955587238073,0.001768606249243021
mlp_2x100_dropout,10,30,153,0.002290992997586727,0.0017685794737190008
mlp_2x100_dropout,10,30,154,0.002291416749358177,0.0017678517615422606
mlp_2x100_dropout,10,30,155,0.002291368553414941,0.0017679933225736022
mlp_2x100_dropout,10,30,156,0.002293629804626107,0.0017687191721051931
mlp_2x100_dropout,10,30,157,0.002291204174980521,0.0017680800519883633
mlp_2x100_dropout,10,30,158,0.002291126875206828,0.0017682985635474324
mlp_2x100_dropout,10,30,159,0.002291157841682434,0.0017676245188340545
mlp_2x100_dropout,10,30,160,0.002292896620929241,0.0017673647962510586
mlp_2x100_dropout,10,30,161,0.002291150391101837,0.0017684586346149445
mlp_2x100_dropout,10,30,162,0.0022919978946447372,0.0017675956478342414
mlp_2x100_dropout,10,30,163,0.002293912461027503,0.001768479822203517
mlp_2x100_dropout,10,30,164,0.0022990021388977766,0.0017681957688182592
mlp_2x100_dropout,10,30,165,0.0022944454103708267,0.0017683843616396189
mlp_2x100_dropout,10,30,166,0.0022908335085958242,0.0017675816779956222
mlp_2x100_dropout,10,30,167,0.0022921946365386248,0.001768039888702333
mlp_2x100_dropout,10,30,168,0.0022911455016583204,0.001768340589478612
mlp_2x100_dropout,10,30,169,0.0022921550553292036,0.0017685863422229886
mlp_2x100_dropout,10,30,170,0.0022913033608347178,0.001767969224601984
mlp_2x100_dropout,10,30,171,0.0022911576088517904,0.0017683737678453326
mlp_2x100_dropout,10,30,172,0.00229649362154305,0.0017684268532320857
mlp_2x100_dropout,10,30,173,0.0022909948602318764,0.0017683216137811542
mlp_2x100_dropout,10,30,174,0.002291579032316804,0.001767209847457707
mlp_2x100_dropout,10,30,175,0.0022911946289241314,0.0017683125333860517
mlp_2x100_dropout,10,30,176,0.0022911769337952137,0.0017682082252576947
mlp_2x100_dropout,10,30,177,0.002290981123223901,0.0017670650267973542
mlp_2x100_dropout,10,30,178,0.0022910754196345806,0.0017681937897577882
mlp_2x100_dropout,10,30,179,0.002292641904205084,0.0017682451289147139
mlp_2x100_dropout,10,30,180,0.0022913189604878426,0.0017674487316980958
mlp_2x100_dropout,10,30,181,0.002291386481374502,0.001768409158103168
mlp_2x100_dropout,10,30,182,0.0022912502754479647,0.0017680440796539187
mlp_2x100_dropout,10,30,183,0.0022911285050213337,0.001767877722159028
mlp_2x100_dropout,10,30,184,0.002291246084496379,0.0017680282471701503
mlp_2x100_dropout,10,30,185,0.0022908197715878487,0.001768034417182207
mlp_2x100_dropout,10,30,186,0.002291046781465411,0.0017679701559245586
mlp_2x100_dropout,10,30,187,0.002291225828230381,0.001768207410350442
mlp_2x100_dropout,10,30,188,0.002291223034262657,0.001767778187058866
mlp_2x100_dropout,10,30,189,0.0022920428309589624,0.0017674478003755212
mlp_2x100_dropout,10,30,190,0.0022911170963197947,0.0017680793534964323
mlp_2x100_dropout,10,30,191,0.0022913257125765085,0.0017674467526376247
mlp_2x100_dropout,10,30,192,0.002291157841682434,0.001768323010765016
mlp_2x100_dropout,10,30,193,0.0022911832202225924,0.0017678453586995602
mlp_2x100_dropout,10,30,194,0.0022912274580448866,0.0017681877361610532
mlp_2x100_dropout,10,30,195,0.002291473327204585,0.0017682919278740883
mlp_2x100_dropout,10,30,196,0.0022912858985364437,0.0017687211511656642
mlp_2x100_dropout,10,30,197,0.002291508950293064,0.001767837326042354
mlp_2x100_dropout,10,30,198,0.002291215118020773,0.0017679390730336308
mlp_2x100_dropout,10,30,199,0.0022908817045390606,0.0017671773675829172
mlp_2x100_dropout,10,30,200,0.0022911226842552423,0.00176792882848531
mlp_2x100_dropout,10,90,1,0.14736150205135345,0.001948287826962769
mlp_2x100_dropout,10,90,2,0.004159558564424515,0.0011504265712574124
mlp_2x100_dropout,10,90,3,0.002255923580378294,0.0010435436852276325
mlp_2x100_dropout,10,90,4,0.001801414880901575,0.0010415400611236691
mlp_2x100_dropout,10,90,5,0.001697635860182345,0.001039286027662456
mlp_2x100_dropout,10,90,6,0.0015830030897632241,0.0010342664318159223
mlp_2x100_dropout,10,90,7,0.001553526846691966,0.001035724999383092
mlp_2x100_dropout,10,90,8,0.0015164368087425828,0.001034087035804987
mlp_2x100_dropout,10,90,9,0.0015103011392056942,0.0010313821258023381
mlp_2x100_dropout,10,90,10,0.0014918041415512562,0.001030827290378511
mlp_2x100_dropout,10,90,11,0.0014783177757635713,0.0010326880728825927
mlp_2x100_dropout,10,90,12,0.0014649316435679793,0.0010320666478946805
mlp_2x100_dropout,10,90,13,0.0014628843637183309,0.0010301190195605159
mlp_2x100_dropout,10,90,14,0.0014528360916301608,0.0010319665307179093
mlp_2x100_dropout,10,90,15,0.0014496614458039403,0.0010308630298823118
mlp_2x100_dropout,10,90,16,0.0014451723545789719,0.0010307253105565906
mlp_2x100_dropout,10,90,17,0.0014393721939995885,0.0010312043596059084
mlp_2x100_dropout,10,90,18,0.001451428048312664,0.0010307178599759936
mlp_2x100_dropout,10,90,19,0.0014406880363821983,0.0010311254300177097
mlp_2x100_dropout,10,90,20,0.0014287574449554086,0.0010285397293046117
mlp_2x100_dropout,10,90,21,0.00143130321521312,0.001030760002322495
mlp_2x100_dropout,10,90,22,0.001430835691280663,0.0010319872526451945
mlp_2x100_dropout,10,90,23,0.0014289565151557326,0.0010321092559024692
mlp_2x100_dropout,10,90,24,0.0014334634179249406,0.0010310760699212551
mlp_2x100_dropout,10,90,25,0.0014361647190526128,0.001033381326124072
mlp_2x100_dropout,10,90,26,0.0014302871422842145,0.0010328085627406836
mlp_2x100_dropout,10,90,27,0.001436545280739665,0.0010323033202439547
mlp_2x100_dropout,10,90,28,0.001427437993697822,0.0010320008732378483
mlp_2x100_dropout,10,90,29,0.0014354209415614605,0.0010301151778548956
mlp_2x100_dropout,10,90,30,0.0014314587460830808,0.00103329261764884
mlp_2x100_dropout,10,90,31,0.0014251115499064326,0.0010305877076461911
mlp_2x100_dropout,10,90,32,0.0014257951406762004,0.0010331859812140465
mlp_2x100_dropout,10,90,33,0.0014328104443848133,0.0010319460416212678
mlp_2x100_dropout,10,90,34,0.001428099232725799,0.0010316309053450823
mlp_2x100_dropout,10,90,35,0.001427136710844934,0.0010311848018318415
mlp_2x100_dropout,10,90,36,0.0014255173737183213,0.0010322433663532138
mlp_2x100_dropout,10,90,37,0.0014242340112105012,0.0010325287003070116
mlp_2x100_dropout,10,90,38,0.0014276212314143777,0.0010335930855944753
mlp_2x100_dropout,10,90,39,0.0014247930375859141,0.0010305920150130987
mlp_2x100_dropout,10,90,40,0.0014252819819375873,0.0010316912084817886
mlp_2x100_dropout,10,90,41,0.0014292766572907567,0.0010318082058802247
mlp_2x100_dropout,10,90,42,0.0014379264321178198,0.001033040345646441
mlp_2x100_dropout,10,90,43,0.001425310387276113,0.0010342253372073174
mlp_2x100_dropout,10,90,44,0.0014258791925385594,0.0010317809646949172
mlp_2x100_dropout,10,90,45,0.0014237265568226576,0.0010334310354664922
mlp_2x100_dropout,10,90,46,0.0014251157408580184,0.0010310264769941568
mlp_2x100_dropout,10,90,47,0.0014251769753172994,0.0010334819089621305
mlp_2x100_dropout,10,90,48,0.0014242519391700625,0.0010319275315850973
mlp_2x100_dropout,10,90,49,0.0014253559056669474,0.0010319127468392253
mlp_2x100_dropout,10,90,50,0.0014263257617130876,0.0010332773672416806
mlp_2x100_dropout,10,90,51,0.001426183502189815,0.0010336315026506782
mlp_2x100_dropout,10,90,52,0.0014244451886042953,0.0010318169370293617
mlp_2x100_dropout,10,90,53,0.0014253645204007626,0.0010320883011445403
mlp_2x100_dropout,10,90,54,0.001422970904968679,0.0010293318191543221
mlp_2x100_dropout,10,90,55,0.0014261018950492144,0.0010324888862669468
mlp_2x100_dropout,10,90,56,0.0014240213204175234,0.0010314731625840068
mlp_2x100_dropout,10,90,57,0.0014339660992845893,0.0010331193916499615
mlp_2x100_dropout,10,90,58,0.0014293717686086893,0.0010317660635337234
mlp_2x100_dropout,10,90,59,0.0014258358860388398,0.0010332638630643487
mlp_2x100_dropout,10,90,60,0.0014240561285987496,0.0010334491962566972
mlp_2x100_dropout,10,90,61,0.0014268631348386407,0.0010345162590965629
mlp_2x100_dropout,10,90,62,0.001425545779056847,0.0010329635115340352
mlp_2x100_dropout,10,90,63,0.0014253987465053797,0.0010338170686736703
mlp_2x100_dropout,10,90,64,0.001423184061422944,0.0010319170542061329
mlp_2x100_dropout,10,90,65,0.0014237809227779508,0.00103245850186795
mlp_2x100_dropout,10,90,66,0.0014233941910788417,0.0010326369665563107
mlp_2x100_dropout,10,90,67,0.0014253592817112803,0.0010327954078093171
mlp_2x100_dropout,10,90,68,0.0014240025775507092,0.0010292018996551633
mlp_2x100_dropout,10,90,69,0.001425298280082643,0.0010325509356334805
mlp_2x100_dropout,10,90,70,0.0014237420400604606,0.0010315675754100084
mlp_2x100_dropout,10,90,71,0.001424503279849887,0.0010345021728426218
mlp_2x100_dropout,10,90,72,0.0014236109564080834,0.0010340821463614702
mlp_2x100_dropout,10,90,73,0.001423106761649251,0.0010329955257475376
mlp_2x100_dropout,10,90,74,0.0014243185287341475,0.001034471788443625
mlp_2x100_dropout,10,90,75,0.0014293642016127706,0.001032453030347824
mlp_2x100_dropout,10,90,76,0.001423628767952323,0.0010331826051697135
mlp_2x100_dropout,10,90,77,0.0014232955873012543,0.001030876301229
mlp_2x100_dropout,10,90,78,0.001423815032467246,0.0010328073985874653
mlp_2x100_dropout,10,90,79,0.0014231160748749971,0.0010312688536942005
mlp_2x100_dropout,10,90,80,0.0014239955926313996,0.0010326257906854153
mlp_2x100_dropout,10,90,81,0.001423347624950111,0.0010289568454027176
mlp_2x100_dropout,10,90,82,0.00142582505941391,0.0010325522162020206
mlp_2x100_dropout,10,90,83,0.0014241838362067938,0.0010315330000594258
mlp_2x100_dropout,10,90,84,0.0014246804639697075,0.0010332911042496562
mlp_2x100_dropout,10,90,85,0.001427059411071241,0.0010318673448637128
mlp_2x100_dropout,10,90,86,0.0014242104953154922,0.0010349759832024574
mlp_2x100_dropout,10,90,87,0.0014238706789910793,0.0010312562808394432
mlp_2x100_dropout,10,90,88,0.0014236851129680872,0.0010358404833823442
mlp_2x100_dropout,10,90,89,0.0014229476219043136,0.0010298073757439852
mlp_2x100_dropout,10,90,90,0.0014233848778530955,0.0010318538406863809
mlp_2x100_dropout,10,90,91,0.001423266832716763,0.0010301768779754639
mlp_2x100_dropout,10,90,92,0.0014243570622056723,0.0010337760904803872
mlp_2x100_dropout,10,90,93,0.0014234139816835523,0.0010325233452022076
mlp_2x100_dropout,10,90,94,0.0014261356554925442,0.0010338722495362163
mlp_2x100_dropout,10,90,95,0.0014240907039493322,0.0010309371864423156
mlp_2x100_dropout,10,90,96,0.0014233433175832033,0.001032374450005591
mlp_2x100_dropout,10,90,97,0.001424262416549027,0.001030144514515996
mlp_2x100_dropout,10,90,98,0.0014234445989131927,0.0010327394120395184
mlp_2x100_dropout,10,90,99,0.001423386624082923,0.001030521234497428
mlp_2x100_dropout,10,90,100,0.0014244018821045756,0.001031220774166286
mlp_2x100_dropout,10,90,101,0.0014277113368734717,0.00103182892780751
mlp_2x100_dropout,10,90,102,0.0014237225987017155,0.001032568048685789
mlp_2x100_dropout,10,90,103,0.001424814690835774,0.0010311041260138154
mlp_2x100_dropout,10,90,104,0.0014235505368560553,0.0010342056630179286
mlp_2x100_dropout,10,90,105,0.0014234581030905247,0.0010306498734280467
mlp_2x100_dropout,10,90,106,0.0014238475123420358,0.0010339915752410889
mlp_2x100_dropout,10,90,107,0.0014238151488825679,0.001033697510138154
mlp_2x100_dropout,10,90,108,0.0014235972194001079,0.001033591222949326
mlp_2x100_dropout,10,90,109,0.001423498266376555,0.0010314227547496557
mlp_2x100_dropout,10,90,110,0.001424921676516533,0.0010322723537683487
mlp_2x100_dropout,10,90,111,0.001423041452653706,0.0010310993529856205
mlp_2x100_dropout,10,90,112,0.0014378296909853816,0.0010323162423446774
mlp_2x100_dropout,10,90,113,0.00142477301415056,0.001033721142448485
mlp_2x100_dropout,10,90,114,0.001424478949047625,0.0010311114601790905
mlp_2x100_dropout,10,90,115,0.001424563815817237,0.0010330076329410076
mlp_2x100_dropout,10,90,116,0.0014232981484383345,0.0010312087833881378
mlp_2x100_dropout,10,90,117,0.001424266491085291,0.0010322347516193986
mlp_2x100_dropout,10,90,118,0.0014250010717660189,0.001030252780765295
mlp_2x100_dropout,10,90,119,0.0014239117735996842,0.001033688080497086
mlp_2x100_dropout,10,90,120,0.0014239264419302344,0.0010296760592609644
mlp_2x100_dropout,10,90,121,0.0014280597679316998,0.0010328987846150994
mlp_2x100_dropout,10,90,122,0.001424926333129406,0.001031160238198936
mlp_2x100_dropout,10,90,123,0.0014236333081498742,0.0010326443007215858
mlp_2x100_dropout,10,90,124,0.0014235329581424594,0.0010316683910787106
mlp_2x100_dropout,10,90,125,0.0014239546144381166,0.0010341021697968245
mlp_2x100_dropout,10,90,126,0.0014234058326110244,0.0010317654814571142
mlp_2x100_dropout,10,90,127,0.0014241787139326334,0.0010343485046178102
mlp_2x100_dropout,10,90,128,0.0014238434378057718,0.0010344791226089
mlp_2x100_dropout,10,90,129,0.0014243880286812782,0.0010316818952560425
mlp_2x100_dropout,10,90,130,0.0014235697453841567,0.0010336176492273808
mlp_2x100_dropout,10,90,131,0.0014256453141570091,0.001034904271364212
mlp_2x100_dropout,10,90,132,0.0014233337715268135,0.001031982945278287
mlp_2x100_dropout,10,90,133,0.001423341454938054,0.0010336481500416994
mlp_2x100_dropout,10,90,134,0.0014309637481346726,0.001030801679007709
mlp_2x100_dropout,10,90,135,0.0014244430931285024,0.0010334826074540615
mlp_2x100_dropout,10,90,136,0.0014237072318792343,0.001032256637699902
mlp_2x100_dropout,10,90,137,0.001424672082066536,0.001035001827403903
mlp_2x100_dropout,10,90,138,0.001423466019332409,0.0010332976235076785
mlp_2x100_dropout,10,90,139,0.0014232272515073419,0.001032756525091827
mlp_2x100_dropout,10,90,140,0.0014234792906790972,0.001030564191751182
mlp_2x100_dropout,10,90,141,0.001425700495019555,0.0010336979757994413
mlp_2x100_dropout,10,90,142,0.0014229692751541734,0.0010315296240150928
mlp_2x100_dropout,10,90,143,0.0014233533293008804,0.0010327881900593638
mlp_2x100_dropout,10,90,144,0.0014226542552933097,0.0010320456931367517
mlp_2x100_dropout,10,90,145,0.0014233943074941635,0.001033996930345893
mlp_2x100_dropout,10,90,146,0.001423244713805616,0.0010298885172232985
mlp_2x100_dropout,10,90,147,0.0014234553091228008,0.0010337330168113112
mlp_2x100_dropout,10,90,148,0.0014236181741580367,0.0010334126418456435
mlp_2x100_dropout,10,90,149,0.0014255889691412449,0.0010332925012335181
mlp_2x100_dropout,10,90,150,0.0014241538010537624,0.0010298886336386204
mlp_2x100_dropout,10,90,151,0.001425962895154953,0.0010328569915145636
mlp_2x100_dropout,10,90,152,0.0014235443668439984,0.0010316298576071858
mlp_2x100_dropout,10,90,153,0.0014232125831767917,0.0010327438358217478
mlp_2x100_dropout,10,90,154,0.0014230288797989488,0.001030992134474218
mlp_2x100_dropout,10,90,155,0.0014232640387490392,0.001032327301800251
mlp_2x100_dropout,10,90,156,0.0014229585649445653,0.0010300599969923496
mlp_2x100_dropout,10,90,157,0.0014232732355594635,0.0010331557132303715
mlp_2x100_dropout,10,90,158,0.0014245050260797143,0.0010329862125217915
mlp_2x100_dropout,10,90,159,0.0014233809197321534,0.0010346929775550961
mlp_2x100_dropout,10,90,160,0.0014234266709536314,0.0010337167186662555
mlp_2x100_dropout,10,90,161,0.001423926092684269,0.0010337205603718758
mlp_2x100_dropout,10,90,162,0.001423526438884437,0.0010321101872250438
mlp_2x100_dropout,10,90,163,0.0014238570583984256,0.0010335346451029181
mlp_2x100_dropout,10,90,164,0.0014232510002329946,0.0010315973777323961
mlp_2x100_dropout,10,90,165,0.0014235293492674828,0.0010331477969884872
mlp_2x100_dropout,10,90,166,0.0014243453042581677,0.0010312445228919387
mlp_2x100_dropout,10,90,167,0.00142314238473773,0.0010326443007215858
mlp_2x100_dropout,10,90,168,0.0014227943029254675,0.001029132748953998
mlp_2x100_dropout,10,90,169,0.0014232598477974534,0.0010341148590669036
mlp_2x100_dropout,10,90,170,0.0014242834877222776,0.0010327429044991732
mlp_2x100_dropout,10,90,171,0.001425035996362567,0.001029736129567027
mlp_2x100_dropout,10,90,172,0.0014238286530598998,0.0010332223027944565
mlp_2x100_dropout,10,90,173,0.0014270597603172064,0.001033074571751058
mlp_2x100_dropout,10,90,174,0.0014261833857744932,0.001034099725075066
mlp_2x100_dropout,10,90,175,0.0014236702118068933,0.0010292786173522472
mlp_2x100_dropout,10,90,176,0.0014231842942535877,0.0010322725865989923
mlp_2x100_dropout,10,90,177,0.0014280263567343354,0.00103330472484231
mlp_2x100_dropout,10,90,178,0.0014244946651160717,0.0010325375478714705
mlp_2x100_dropout,10,90,179,0.0014231581008061767,0.0010296505643054843
mlp_2x100_dropout,10,90,180,0.0014237979194149375,0.00103330472484231
mlp_2x100_dropout,10,90,181,0.001423696056008339,0.0010325841140002012
mlp_2x100_dropout,10,90,182,0.001423791516572237,0.001033950480632484
mlp_2x100_dropout,10,90,183,0.0014233860420063138,0.0010326120536774397
mlp_2x100_dropout,10,90,184,0.001424017478711903,0.0010331080993637443
mlp_2x100_dropout,10,90,185,0.001423464622348547,0.0010317083215340972
mlp_2x100_dropout,10,90,186,0.0014233740512281656,0.0010327748022973537
mlp_2x100_dropout,10,90,187,0.0014234338887035847,0.001031717169098556
mlp_2x100_dropout,10,90,188,0.0014236491406336427,0.0010325865587219596
mlp_2x100_dropout,10,90,189,0.0014237192226573825,0.0010291826911270618
mlp_2x100_dropout,10,90,190,0.0014234663685783744,0.001031727995723486
mlp_2x100_dropout,10,90,191,0.0014232418034225702,0.0010320940054953098
mlp_2x100_dropout,10,90,192,0.0014236457645893097,0.0010325287003070116
mlp_2x100_dropout,10,90,193,0.0014233858091756701,0.0010341774905100465
mlp_2x100_dropout,10,90,194,0.0014241015305742621,0.0010323994792997837
mlp_2x100_dropout,10,90,195,0.0014232882531359792,0.0010333850514143705
mlp_2x100_dropout,10,90,196,0.0014236982678994536,0.0010322056477889419
mlp_2x100_dropout,10,90,197,0.0014248110819607973,0.001034622429870069
mlp_2x100_dropout,10,90,198,0.0014236014103516936,0.00103148038033396
mlp_2x100_dropout,10,90,199,0.0014232061803340912,0.0010336829582229257
mlp_2x100_dropout,10,90,200,0.001423120265826583,0.0010282411240041256
mlp_2x100_dropout,30,1,1,0.1719457507133484,0.009792016819119453
mlp_2x100_dropout,30,1,2,0.014534958638250828,0.009105335921049118
mlp_2x100_dropout,30,1,3,0.012661252170801163,0.009048273786902428
mlp_2x100_dropout,30,1,4,0.012277185916900635,0.009028966538608074
mlp_2x100_dropout,30,1,5,0.012087883427739143,0.009019674733281136
mlp_2x100_dropout,30,1,6,0.012062020599842072,0.00901827309280634
mlp_2x100_dropout,30,1,7,0.012001999653875828,0.00901779904961586
mlp_2x100_dropout,30,1,8,0.011948072351515293,0.009016085416078568
mlp_2x100_dropout,30,1,9,0.011926288716495037,0.009014174342155457
mlp_2x100_dropout,30,1,10,0.011929977685213089,0.009015940129756927
mlp_2x100_dropout,30,1,11,0.011926920153200626,0.00901584792882204
mlp_2x100_dropout,30,1,12,0.011895076371729374,0.009016490541398525
mlp_2x100_dropout,30,1,13,0.011889902874827385,0.009016385301947594
mlp_2x100_dropout,30,1,14,0.011893884278833866,0.00901542603969574
mlp_2x100_dropout,30,1,15,0.011887110769748688,0.009014938026666641
mlp_2x100_dropout,30,1,16,0.011888053268194199,0.009015236981213093
mlp_2x100_dropout,30,1,17,0.011875846423208714,0.009014754556119442
mlp_2x100_dropout,30,1,18,0.011885755695402622,0.009015349671244621
mlp_2x100_dropout,30,1,19,0.011875441297888756,0.00901531521230936
mlp_2x100_dropout,30,1,20,0.011879218742251396,0.00901538971811533
mlp_2x100_dropout,30,1,21,0.011870632879436016,0.009014205075800419
mlp_2x100_dropout,30,1,22,0.011874564923346043,0.009014726616442204
mlp_2x100_dropout,30,1,23,0.011874344199895859,0.009014171548187733
mlp_2x100_dropout,30,1,24,0.011878416873514652,0.009016795083880424
mlp_2x100_dropout,30,1,25,0.011877957731485367,0.009015699848532677
mlp_2x100_dropout,30,1,26,0.011875658296048641,0.00901455245912075
mlp_2x100_dropout,30,1,27,0.011868661269545555,0.009014973416924477
mlp_2x100_dropout,30,1,28,0.011870045214891434,0.009014030918478966
mlp_2x100_dropout,30,1,29,0.011872065253555775,0.009015792980790138
mlp_2x100_dropout,30,1,30,0.011873953975737095,0.009016137570142746
mlp_2x100_dropout,30,1,31,0.011868023313581944,0.00901519414037466
mlp_2x100_dropout,30,1,32,0.011879706755280495,0.00901593267917633
mlp_2x100_dropout,30,1,33,0.011868676170706749,0.009015681222081184
mlp_2x100_dropout,30,1,34,0.011894715018570423,0.009015834890305996
mlp_2x100_dropout,30,1,35,0.011877680197358131,0.009014654904603958
mlp_2x100_dropout,30,1,36,0.011873966082930565,0.009016033262014389
mlp_2x100_dropout,30,1,37,0.011867065913975239,0.00901506282389164
mlp_2x100_dropout,30,1,38,0.011862440966069698,0.009019513614475727
mlp_2x100_dropout,30,1,39,0.011868332512676716,0.009020299650728703
mlp_2x100_dropout,30,1,40,0.01187028456479311,0.009015589021146297
mlp_2x100_dropout,30,1,41,0.011878781020641327,0.009014992043375969
mlp_2x100_dropout,30,1,42,0.011866767890751362,0.009014043025672436
mlp_2x100_dropout,30,1,43,0.011864862404763699,0.009014918468892574
mlp_2x100_dropout,30,1,44,0.011868816800415516,0.009015711024403572
mlp_2x100_dropout,30,1,45,0.011872496455907822,0.009014629758894444
mlp_2x100_dropout,30,1,46,0.011869861744344234,0.009015587158501148
mlp_2x100_dropout,30,1,47,0.011862154118716717,0.00901475828140974
mlp_2x100_dropout,30,1,48,0.011862908490002155,0.00901401974260807
mlp_2x100_dropout,30,1,49,0.011862692423164845,0.009013916365802288
mlp_2x100_dropout,30,1,50,0.011862683109939098,0.009014963172376156
mlp_2x100_dropout,30,1,51,0.011865861713886261,0.00901536550372839
mlp_2x100_dropout,30,1,52,0.011866811662912369,0.009015507996082306
mlp_2x100_dropout,30,1,53,0.011864671483635902,0.009014653041958809
mlp_2x100_dropout,30,1,54,0.011868967674672604,0.009015408344566822
mlp_2x100_dropout,30,1,55,0.011871661990880966,0.009013616479933262
mlp_2x100_dropout,30,1,56,0.011864326894283295,0.009015179239213467
mlp_2x100_dropout,30,1,57,0.011870274320244789,0.009014801122248173
mlp_2x100_dropout,30,1,58,0.011869103647768497,0.009013869799673557
mlp_2x100_dropout,30,1,59,0.011865670792758465,0.00901374127715826
mlp_2x100_dropout,30,1,60,0.01186561118811369,0.009015711024403572
mlp_2x100_dropout,30,1,61,0.011864750646054745,0.009016074240207672
mlp_2x100_dropout,30,1,62,0.011866509914398193,0.009015016257762909
mlp_2x100_dropout,30,1,63,0.011881754733622074,0.009015868417918682
mlp_2x100_dropout,30,1,64,0.011864000000059605,0.009015275165438652
mlp_2x100_dropout,30,1,65,0.011863033287227154,0.009015035815536976
mlp_2x100_dropout,30,1,66,0.011864942498505116,0.009015695191919804
mlp_2x100_dropout,30,1,67,0.011864895932376385,0.00901621114462614
mlp_2x100_dropout,30,1,68,0.011868374422192574,0.009015577845275402
mlp_2x100_dropout,30,1,69,0.011864911764860153,0.009014341980218887
mlp_2x100_dropout,30,1,70,0.011870312504470348,0.009015320800244808
mlp_2x100_dropout,30,1,71,0.011866354383528233,0.009015195071697235
mlp_2x100_dropout,30,1,72,0.01187168899923563,0.00901375524699688
mlp_2x100_dropout,30,1,73,0.011867871508002281,0.009014702402055264
mlp_2x100_dropout,30,1,74,0.011866826564073563,0.009014223702251911
mlp_2x100_dropout,30,1,75,0.011862431652843952,0.009014487266540527
mlp_2x100_dropout,30,1,76,0.011868073605000973,0.009015086106956005
mlp_2x100_dropout,30,1,77,0.011870823800563812,0.009016078896820545
mlp_2x100_dropout,30,1,78,0.011880498379468918,0.009015336632728577
mlp_2x100_dropout,30,1,79,0.011864534579217434,0.009015905670821667
mlp_2x100_dropout,30,1,80,0.011867898516356945,0.009014949202537537
mlp_2x100_dropout,30,1,81,0.011872547678649426,0.009015754796564579
mlp_2x100_dropout,30,1,82,0.011866706423461437,0.009015374816954136
mlp_2x100_dropout,30,1,83,0.011862712912261486,0.009014444425702095
mlp_2x100_dropout,30,1,84,0.011868600733578205,0.009015433490276337
mlp_2x100_dropout,30,1,85,0.011862882412970066,0.009015750139951706
mlp_2x100_dropout,30,1,86,0.011869752779603004,0.009016009047627449
mlp_2x100_dropout,30,1,87,0.011863956227898598,0.009013786911964417
mlp_2x100_dropout,30,1,88,0.011865207925438881,0.009014294482767582
mlp_2x100_dropout,30,1,89,0.011863308027386665,0.009015175513923168
mlp_2x100_dropout,30,1,90,0.01186391618102789,0.009016097523272038
mlp_2x100_dropout,30,1,91,0.011862985789775848,0.009014845825731754
mlp_2x100_dropout,30,1,92,0.011865723878145218,0.00901383813470602
mlp_2x100_dropout,30,1,93,0.011867433786392212,0.009013978764414787
mlp_2x100_dropout,30,1,94,0.011868356727063656,0.009013969451189041
mlp_2x100_dropout,30,1,95,0.01190027967095375,0.00901456456631422
mlp_2x100_dropout,30,1,96,0.011877297423779964,0.00901516992598772
mlp_2x100_dropout,30,1,97,0.011869886890053749,0.009015497751533985
mlp_2x100_dropout,30,1,98,0.011874852702021599,0.009015241637825966
mlp_2x100_dropout,30,1,99,0.0118691585958004,0.009014429524540901
mlp_2x100_dropout,30,1,100,0.011864697560667992,0.009014276787638664
mlp_2x100_dropout,30,1,101,0.01186191663146019,0.009015764109790325
mlp_2x100_dropout,30,1,102,0.011867948807775974,0.009015284478664398
mlp_2x100_dropout,30,1,103,0.011865227483212948,0.009016210213303566
mlp_2x100_dropout,30,1,104,0.011866697110235691,0.009015392512083054
mlp_2x100_dropout,30,1,105,0.011863321997225285,0.009015093557536602
mlp_2x100_dropout,30,1,106,0.011867349036037922,0.009014416486024857
mlp_2x100_dropout,30,1,107,0.011864912696182728,0.009015878662467003
mlp_2x100_dropout,30,1,108,0.011865809559822083,0.00901593454182148
mlp_2x100_dropout,30,1,109,0.011915142647922039,0.009016255848109722
mlp_2x100_dropout,30,1,110,0.011862540617585182,0.009014826267957687
mlp_2x100_dropout,30,1,111,0.011865287087857723,0.009013540111482143
mlp_2x100_dropout,30,1,112,0.011873320676386356,0.009015296585857868
mlp_2x100_dropout,30,1,113,0.011862528510391712,0.009016632102429867
mlp_2x100_dropout,30,1,114,0.011864829808473587,0.009015476331114769
mlp_2x100_dropout,30,1,115,0.01187089178711176,0.00901566632091999
mlp_2x100_dropout,30,1,116,0.011871455237269402,0.009016194380819798
mlp_2x100_dropout,30,1,117,0.011863172985613346,0.00901591032743454
mlp_2x100_dropout,30,1,118,0.011865315027534962,0.009016228839755058
mlp_2x100_dropout,30,1,119,0.011862387880682945,0.009014710783958435
mlp_2x100_dropout,30,1,120,0.011864072643220425,0.009015779010951519
mlp_2x100_dropout,30,1,121,0.01186441071331501,0.009014416486024857
mlp_2x100_dropout,30,1,122,0.011874456889927387,0.009014241397380829
mlp_2x100_dropout,30,1,123,0.01186337135732174,0.00901602953672409
mlp_2x100_dropout,30,1,124,0.011863412335515022,0.009015323594212532
mlp_2x100_dropout,30,1,125,0.011860597878694534,0.009014235809445381
mlp_2x100_dropout,30,1,126,0.011866159737110138,0.009015316143631935
mlp_2x100_dropout,30,1,127,0.011862765066325665,0.009014199487864971
mlp_2x100_dropout,30,1,128,0.01186322420835495,0.009016279131174088
mlp_2x100_dropout,30,1,129,0.01186406146734953,0.009013818576931953
mlp_2x100_dropout,30,1,130,0.011864537373185158,0.009014852344989777
mlp_2x100_dropout,30,1,131,0.01186231430619955,0.009014458395540714
mlp_2x100_dropout,30,1,132,0.011864717118442059,0.009015285409986973
mlp_2x100_dropout,30,1,133,0.011864018626511097,0.009014476090669632
mlp_2x100_dropout,30,1,134,0.011863941326737404,0.009014852344989777
mlp_2x100_dropout,30,1,135,0.011863376013934612,0.009013446979224682
mlp_2x100_dropout,30,1,136,0.011867286637425423,0.009016633033752441
mlp_2x100_dropout,30,1,137,0.011866018176078796,0.009013979695737362
mlp_2x100_dropout,30,1,138,0.011862296611070633,0.009015203453600407
mlp_2x100_dropout,30,1,139,0.011863595806062222,0.009015084244310856
mlp_2x100_dropout,30,1,140,0.011864600703120232,0.009015110321342945
mlp_2x100_dropout,30,1,141,0.011865676380693913,0.009014430455863476
mlp_2x100_dropout,30,1,142,0.011867308989167213,0.009015155024826527
mlp_2x100_dropout,30,1,143,0.011864145286381245,0.00901415478438139
mlp_2x100_dropout,30,1,144,0.011869927868247032,0.009015527553856373
mlp_2x100_dropout,30,1,145,0.011863538064062595,0.009015069343149662
mlp_2x100_dropout,30,1,146,0.011865056119859219,0.009016108699142933
mlp_2x100_dropout,30,1,147,0.01187102124094963,0.009015915915369987
mlp_2x100_dropout,30,1,148,0.011863121762871742,0.009013519622385502
mlp_2x100_dropout,30,1,149,0.011868189089000225,0.009013863280415535
mlp_2x100_dropout,30,1,150,0.011865885928273201,0.009014328941702843
mlp_2x100_dropout,30,1,151,0.011860793456435204,0.009016367606818676
mlp_2x100_dropout,30,1,152,0.011863412335515022,0.009014463052153587
mlp_2x100_dropout,30,1,153,0.011863299645483494,0.009015891700983047
mlp_2x100_dropout,30,1,154,0.011862589046359062,0.00901578925549984
mlp_2x100_dropout,30,1,155,0.01186472736299038,0.009016078896820545
mlp_2x100_dropout,30,1,156,0.011866848915815353,0.009014793671667576
mlp_2x100_dropout,30,1,157,0.01186615601181984,0.009014354087412357
mlp_2x100_dropout,30,1,158,0.011864022351801395,0.009015016257762909
mlp_2x100_dropout,30,1,159,0.011864906176924706,0.009015426971018314
mlp_2x100_dropout,30,1,160,0.011863973923027515,0.0090155228972435
mlp_2x100_dropout,30,1,161,0.011863580904901028,0.009014762938022614
mlp_2x100_dropout,30,1,162,0.01186290755867958,0.009015139192342758
mlp_2x100_dropout,30,1,163,0.011863582767546177,0.009014624170958996
mlp_2x100_dropout,30,1,164,0.011864596046507359,0.009016072377562523
mlp_2x100_dropout,30,1,165,0.011862917803227901,0.009014771319925785
mlp_2x100_dropout,30,1,166,0.011860445141792297,0.00901553314179182
mlp_2x100_dropout,30,1,167,0.011865857988595963,0.009015693329274654
mlp_2x100_dropout,30,1,168,0.01186208426952362,0.00901470985263586
mlp_2x100_dropout,30,1,169,0.011866637505590916,0.009015611372888088
mlp_2x100_dropout,30,1,170,0.011862652376294136,0.00901536364108324
mlp_2x100_dropout,30,1,171,0.011865230277180672,0.009015332907438278
mlp_2x100_dropout,30,1,172,0.011863990686833858,0.009014791809022427
mlp_2x100_dropout,30,1,173,0.011861721985042095,0.00901337992399931
mlp_2x100_dropout,30,1,174,0.0118643119931221,0.009014005772769451
mlp_2x100_dropout,30,1,175,0.011862059123814106,0.009014629758894444
mlp_2x100_dropout,30,1,176,0.011865219101309776,0.009014482609927654
mlp_2x100_dropout,30,1,177,0.01185919065028429,0.00901436060667038
mlp_2x100_dropout,30,1,178,0.011864288710057735,0.00901561975479126
mlp_2x100_dropout,30,1,179,0.011861920356750488,0.009015195071697235
mlp_2x100_dropout,30,1,180,0.011864962056279182,0.009015732444822788
mlp_2x100_dropout,30,1,181,0.011863214895129204,0.009016072377562523
mlp_2x100_dropout,30,1,182,0.011863517574965954,0.00901531707495451
mlp_2x100_dropout,30,1,183,0.011864530853927135,0.009015941992402077
mlp_2x100_dropout,30,1,184,0.011861502192914486,0.009016032330691814
mlp_2x100_dropout,30,1,185,0.011863636784255505,0.009014732204377651
mlp_2x100_dropout,30,1,186,0.011861797422170639,0.009014943614602089
mlp_2x100_dropout,30,1,187,0.011865193955600262,0.009016142226755619
mlp_2x100_dropout,30,1,188,0.011861917562782764,0.009014973416924477
mlp_2x100_dropout,30,1,189,0.0118666747584939,0.009015265852212906
mlp_2x100_dropout,30,1,190,0.01186120230704546,0.00901474803686142
mlp_2x100_dropout,30,1,191,0.011865802109241486,0.009015832096338272
mlp_2x100_dropout,30,1,192,0.01186494529247284,0.009015461429953575
mlp_2x100_dropout,30,1,193,0.011864216066896915,0.009015261195600033
mlp_2x100_dropout,30,1,194,0.011863740161061287,0.00901428610086441
mlp_2x100_dropout,30,1,195,0.011867418885231018,0.00901414267718792
mlp_2x100_dropout,30,1,196,0.01186082512140274,0.009014241397380829
mlp_2x100_dropout,30,1,197,0.011862690560519695,0.009013363160192966
mlp_2x100_dropout,30,1,198,0.011860846541821957,0.009014947339892387
mlp_2x100_dropout,30,1,199,0.011865157634019852,0.009015313349664211
mlp_2x100_dropout,30,1,200,0.01186489686369896,0.009015161544084549
mlp_2x100_dropout,30,5,1,0.1691659539937973,0.005072097294032574
mlp_2x100_dropout,30,5,2,0.00825183279812336,0.0042616515420377254
mlp_2x100_dropout,30,5,3,0.006307655479758978,0.0041893245652318
mlp_2x100_dropout,30,5,4,0.005952038802206516,0.004176183603703976
mlp_2x100_dropout,30,5,5,0.005741315893828869,0.004176071844995022
mlp_2x100_dropout,30,5,6,0.005700116045773029,0.004161457996815443
mlp_2x100_dropout,30,5,7,0.005668310448527336,0.004159532021731138
mlp_2x100_dropout,30,5,8,0.005615458358079195,0.004155821166932583
mlp_2x100_dropout,30,5,9,0.005570806097239256,0.004157851915806532
mlp_2x100_dropout,30,5,10,0.0055754822678864,0.0041559115052223206
mlp_2x100_dropout,30,5,11,0.005579761229455471,0.004157870542258024
mlp_2x100_dropout,30,5,12,0.005545046180486679,0.004154257941991091
mlp_2x100_dropout,30,5,13,0.005542687140405178,0.004155862610787153
mlp_2x100_dropout,30,5,14,0.005557942669838667,0.004154146183282137
mlp_2x100_dropout,30,5,15,0.0055386065505445,0.0041547128930687904
mlp_2x100_dropout,30,5,16,0.005547638051211834,0.004152816254645586
mlp_2x100_dropout,30,5,17,0.005528469104319811,0.004152264446020126
mlp_2x100_dropout,30,5,18,0.005539838690310717,0.004154273308813572
mlp_2x100_dropout,30,5,19,0.005525851622223854,0.00415323581546545
mlp_2x100_dropout,30,5,20,0.005526612978428602,0.004155159927904606
mlp_2x100_dropout,30,5,21,0.005526836030185223,0.00415313383564353
mlp_2x100_dropout,30,5,22,0.005525144748389721,0.004154179245233536
mlp_2x100_dropout,30,5,23,0.005528084002435207,0.004153819754719734
mlp_2x100_dropout,30,5,24,0.005528148263692856,0.00415371498093009
mlp_2x100_dropout,30,5,25,0.005519620142877102,0.004153640475124121
mlp_2x100_dropout,30,5,26,0.005515705328434706,0.004153986927121878
mlp_2x100_dropout,30,5,27,0.005524732638150454,0.004153064452111721
mlp_2x100_dropout,30,5,28,0.005515779834240675,0.004153083078563213
mlp_2x100_dropout,30,5,29,0.005517174489796162,0.004152953624725342
mlp_2x100_dropout,30,5,30,0.005518087651580572,0.0041527715511620045
mlp_2x100_dropout,30,5,31,0.005519540049135685,0.004153396934270859
mlp_2x100_dropout,30,5,32,0.005521576851606369,0.004152911715209484
mlp_2x100_dropout,30,5,33,0.005513681098818779,0.004153173416852951
mlp_2x100_dropout,30,5,34,0.005523044615983963,0.004153478424996138
mlp_2x100_dropout,30,5,35,0.005522920284420252,0.004153951536864042
mlp_2x100_dropout,30,5,36,0.005517140496522188,0.004154040943831205
mlp_2x100_dropout,30,5,37,0.005520511418581009,0.004153539892286062
mlp_2x100_dropout,30,5,38,0.0055159917101264,0.004154157359153032
mlp_2x100_dropout,30,5,39,0.005517994519323111,0.004153165500611067
mlp_2x100_dropout,30,5,40,0.005513152573257685,0.004152395762503147
mlp_2x100_dropout,30,5,41,0.005519101396203041,0.004154463764280081
mlp_2x100_dropout,30,5,42,0.005512740463018417,0.004153361078351736
mlp_2x100_dropout,30,5,43,0.005516832694411278,0.00415450893342495
mlp_2x100_dropout,30,5,44,0.005524251610040665,0.004152966197580099
mlp_2x100_dropout,30,5,45,0.00551912747323513,0.004153778776526451
mlp_2x100_dropout,30,5,46,0.005520761478692293,0.004153778776526451
mlp_2x100_dropout,30,5,47,0.005511688534170389,0.0041539352387189865
mlp_2x100_dropout,30,5,48,0.005535684525966644,0.004153802990913391
mlp_2x100_dropout,30,5,49,0.00551844434812665,0.0041532451286911964
mlp_2x100_dropout,30,5,50,0.005517779383808374,0.004153788089752197
mlp_2x100_dropout,30,5,51,0.005520029459148645,0.004153004381805658
mlp_2x100_dropout,30,5,52,0.005513377487659454,0.0041539547964930534
mlp_2x100_dropout,30,5,53,0.005512052681297064,0.0041539547964930534
mlp_2x100_dropout,30,5,54,0.005512431263923645,0.004154258873313665
mlp_2x100_dropout,30,5,55,0.005517991725355387,0.004153115209192038
mlp_2x100_dropout,30,5,56,0.005513233598321676,0.004153800196945667
mlp_2x100_dropout,30,5,57,0.005512416362762451,0.004154022317379713
mlp_2x100_dropout,30,5,58,0.005512366071343422,0.004153387155383825
mlp_2x100_dropout,30,5,59,0.005511391442269087,0.004153657704591751
mlp_2x100_dropout,30,5,60,0.005512333940714598,0.004152965731918812
mlp_2x100_dropout,30,5,61,0.005511145107448101,0.0041540260426700115
mlp_2x100_dropout,30,5,62,0.005510851740837097,0.004153403453528881
mlp_2x100_dropout,30,5,63,0.005512088071554899,0.004152779933065176
mlp_2x100_dropout,30,5,64,0.005512440577149391,0.0041545056737959385
mlp_2x100_dropout,30,5,65,0.005514415446668863,0.004154127091169357
mlp_2x100_dropout,30,5,66,0.005511533003300428,0.004153108689934015
mlp_2x100_dropout,30,5,67,0.005512083414942026,0.004154950380325317
mlp_2x100_dropout,30,5,68,0.005512597970664501,0.004153863992542028
mlp_2x100_dropout,30,5,69,0.0055107478983700275,0.004153408110141754
mlp_2x100_dropout,30,5,70,0.005525081884115934,0.004153881687670946
mlp_2x100_dropout,30,5,71,0.005512308329343796,0.004153136163949966
mlp_2x100_dropout,30,5,72,0.005511402152478695,0.004152756650000811
mlp_2x100_dropout,30,5,73,0.005510876886546612,0.004153095185756683
mlp_2x100_dropout,30,5,74,0.005509969312697649,0.004153891000896692
mlp_2x100_dropout,30,5,75,0.005513178650289774,0.004153577610850334
mlp_2x100_dropout,30,5,76,0.005512061063200235,0.004152850713580847
mlp_2x100_dropout,30,5,77,0.005515699740499258,0.004153464920818806
mlp_2x100_dropout,30,5,78,0.005511139053851366,0.004153764806687832
mlp_2x100_dropout,30,5,79,0.005518813151866198,0.004152720794081688
mlp_2x100_dropout,30,5,80,0.0055137984454631805,0.004153857473284006
mlp_2x100_dropout,30,5,81,0.0055127982050180435,0.004152046982198954
mlp_2x100_dropout,30,5,82,0.00551615422591567,0.004153328947722912
mlp_2x100_dropout,30,5,83,0.00551054161041975,0.004153667017817497
mlp_2x100_dropout,30,5,84,0.005510935094207525,0.0041536809876561165
mlp_2x100_dropout,30,5,85,0.005510509014129639,0.004153834190219641
mlp_2x100_dropout,30,5,86,0.00551258772611618,0.0041527897119522095
mlp_2x100_dropout,30,5,87,0.005512224044650793,0.0041528260335326195
mlp_2x100_dropout,30,5,88,0.0055113076232373714,0.004154096357524395
mlp_2x100_dropout,30,5,89,0.005524811800569296,0.004153168294578791
mlp_2x100_dropout,30,5,90,0.005525290034711361,0.0041533843614161015
mlp_2x100_dropout,30,5,91,0.005511036608368158,0.004153434652835131
mlp_2x100_dropout,30,5,92,0.005512479692697525,0.004152620676904917
mlp_2x100_dropout,30,5,93,0.005511733703315258,0.00415373919531703
mlp_2x100_dropout,30,5,94,0.005512378178536892,0.004153099842369556
mlp_2x100_dropout,30,5,95,0.005523439962416887,0.0041530863381922245
mlp_2x100_dropout,30,5,96,0.005514129530638456,0.004153632093220949
mlp_2x100_dropout,30,5,97,0.005512845702469349,0.004152680281549692
mlp_2x100_dropout,30,5,98,0.00551815889775753,0.00415375642478466
mlp_2x100_dropout,30,5,99,0.005511467810720205,0.004153543617576361
mlp_2x100_dropout,30,5,100,0.00551257049664855,0.004153409507125616
mlp_2x100_dropout,30,5,101,0.005510397721081972,0.0041530248709023
mlp_2x100_dropout,30,5,102,0.005510734394192696,0.004153279587626457
mlp_2x100_dropout,30,5,103,0.005512699484825134,0.004153325688093901
mlp_2x100_dropout,30,5,104,0.005513157229870558,0.0041533783078193665
mlp_2x100_dropout,30,5,105,0.005510761868208647,0.004152901936322451
mlp_2x100_dropout,30,5,106,0.005519593134522438,0.004154422786086798
mlp_2x100_dropout,30,5,107,0.0055114394053816795,0.004153323359787464
mlp_2x100_dropout,30,5,108,0.0055115860886871815,0.004153433721512556
mlp_2x100_dropout,30,5,109,0.005515948869287968,0.0041518015787005424
mlp_2x100_dropout,30,5,110,0.005510843358933926,0.0041531892493367195
mlp_2x100_dropout,30,5,111,0.005511901341378689,0.0041538444347679615
mlp_2x100_dropout,30,5,112,0.005511953961104155,0.004152886103838682
mlp_2x100_dropout,30,5,113,0.005515990313142538,0.004154313821345568
mlp_2x100_dropout,30,5,114,0.005518137942999601,0.0041531226597726345
mlp_2x100_dropout,30,5,115,0.005510578863322735,0.004153549671173096
mlp_2x100_dropout,30,5,116,0.0055123199708759785,0.004153285175561905
mlp_2x100_dropout,30,5,117,0.0055105313658714294,0.004152702167630196
mlp_2x100_dropout,30,5,118,0.005511011928319931,0.004152805544435978
mlp_2x100_dropout,30,5,119,0.0055119674652814865,0.0041518802754580975
mlp_2x100_dropout,30,5,120,0.005511385854333639,0.004154246300458908
mlp_2x100_dropout,30,5,121,0.005510479677468538,0.004152984824031591
mlp_2x100_dropout,30,5,122,0.005509969778358936,0.004152907524257898
mlp_2x100_dropout,30,5,123,0.0055107614025473595,0.004153146408498287
mlp_2x100_dropout,30,5,124,0.00551121961325407,0.004153934773057699
mlp_2x100_dropout,30,5,125,0.005515545606613159,0.004152969922870398
mlp_2x100_dropout,30,5,126,0.005510849878191948,0.004152691923081875
mlp_2x100_dropout,30,5,127,0.0055117178708314896,0.004152930807322264
mlp_2x100_dropout,30,5,128,0.005510645918548107,0.0041550761088728905
mlp_2x100_dropout,30,5,129,0.005511087831109762,0.004153462126851082
mlp_2x100_dropout,30,5,130,0.005511570256203413,0.004153112415224314
mlp_2x100_dropout,30,5,131,0.00551174720749259,0.004153070971369743
mlp_2x100_dropout,30,5,132,0.005510774441063404,0.004152394365519285
mlp_2x100_dropout,30,5,133,0.005510610993951559,0.004154094494879246
mlp_2x100_dropout,30,5,134,0.005510915070772171,0.004153294023126364
mlp_2x100_dropout,30,5,135,0.005511149764060974,0.00415373919531703
mlp_2x100_dropout,30,5,136,0.005511808674782515,0.004152995068579912
mlp_2x100_dropout,30,5,137,0.005511443596333265,0.004153621848672628
mlp_2x100_dropout,30,5,138,0.00551097746938467,0.004153217189013958
mlp_2x100_dropout,30,5,139,0.0055114408023655415,0.004152966197580099
mlp_2x100_dropout,30,5,140,0.005510791204869747,0.004153555724769831
mlp_2x100_dropout,30,5,141,0.0055113364942371845,0.004153206013143063
mlp_2x100_dropout,30,5,142,0.005510809365659952,0.00415455549955368
mlp_2x100_dropout,30,5,143,0.00551262591034174,0.004153162240982056
mlp_2x100_dropout,30,5,144,0.00551136489957571,0.004153176676481962
mlp_2x100_dropout,30,5,145,0.0055096386931836605,0.004153456538915634
mlp_2x100_dropout,30,5,146,0.005511282477527857,0.004152247682213783
mlp_2x100_dropout,30,5,147,0.005510777700692415,0.004153743386268616
mlp_2x100_dropout,30,5,148,0.005511976778507233,0.00415353337302804
mlp_2x100_dropout,30,5,149,0.005510756745934486,0.004153531976044178
mlp_2x100_dropout,30,5,150,0.005510775372385979,0.004152802284806967
mlp_2x100_dropout,30,5,151,0.005510200746357441,0.0041525173000991344
mlp_2x100_dropout,30,5,152,0.005516087170690298,0.004153944551944733
mlp_2x100_dropout,30,5,153,0.005509981419891119,0.004153276327997446
mlp_2x100_dropout,30,5,154,0.005511032417416573,0.004152878653258085
mlp_2x100_dropout,30,5,155,0.005510705057531595,0.004153511952608824
mlp_2x100_dropout,30,5,156,0.005513274576514959,0.0041529214940965176
mlp_2x100_dropout,30,5,157,0.005524095613509417,0.004153301939368248
mlp_2x100_dropout,30,5,158,0.005510090850293636,0.00415327912196517
mlp_2x100_dropout,30,5,159,0.0055111125111579895,0.004153990186750889
mlp_2x100_dropout,30,5,160,0.00551107432693243,0.004154740832746029
mlp_2x100_dropout,30,5,161,0.005515017081052065,0.004153282381594181
mlp_2x100_dropout,30,5,162,0.005511637311428785,0.004152670968323946
mlp_2x100_dropout,30,5,163,0.005510944407433271,0.004153287038207054
mlp_2x100_dropout,30,5,164,0.0055101411417126656,0.00415350217372179
mlp_2x100_dropout,30,5,165,0.005511804949492216,0.00415288470685482
mlp_2x100_dropout,30,5,166,0.005510873161256313,0.004153338260948658
mlp_2x100_dropout,30,5,167,0.005519029684364796,0.004153460264205933
mlp_2x100_dropout,30,5,168,0.005510576069355011,0.0041536930948495865
mlp_2x100_dropout,30,5,169,0.005511056166142225,0.004153943620622158
mlp_2x100_dropout,30,5,170,0.005511149764060974,0.0041538747027516365
mlp_2x100_dropout,30,5,171,0.005510397255420685,0.004152644891291857
mlp_2x100_dropout,30,5,172,0.005511925555765629,0.0041529955342411995
mlp_2x100_dropout,30,5,173,0.005511956289410591,0.004153120331466198
mlp_2x100_dropout,30,5,174,0.005510601680725813,0.004152415320277214
mlp_2x100_dropout,30,5,175,0.005510347429662943,0.004153368063271046
mlp_2x100_dropout,30,5,176,0.005515190772712231,0.004153962712734938
mlp_2x100_dropout,30,5,177,0.0055113243870437145,0.0041531845927238464
mlp_2x100_dropout,30,5,178,0.005510854534804821,0.004153318237513304
mlp_2x100_dropout,30,5,179,0.005509888753294945,0.004152795299887657
mlp_2x100_dropout,30,5,180,0.005516363307833672,0.0041534677147865295
mlp_2x100_dropout,30,5,181,0.005511503200978041,0.004153183661401272
mlp_2x100_dropout,30,5,182,0.005510774906724691,0.004153101705014706
mlp_2x100_dropout,30,5,183,0.005510764196515083,0.004152663517743349
mlp_2x100_dropout,30,5,184,0.005511203780770302,0.004153556656092405
mlp_2x100_dropout,30,5,185,0.005512669682502747,0.004152785986661911
mlp_2x100_dropout,30,5,186,0.005511635914444923,0.004152514040470123
mlp_2x100_dropout,30,5,187,0.005511777941137552,0.004152684472501278
mlp_2x100_dropout,30,5,188,0.005511526018381119,0.004152749665081501
mlp_2x100_dropout,30,5,189,0.005515416152775288,0.00415312172845006
mlp_2x100_dropout,30,5,190,0.005510876886546612,0.004154336638748646
mlp_2x100_dropout,30,5,191,0.005511051509529352,0.004154438152909279
mlp_2x100_dropout,30,5,192,0.00551144964993,0.004152394365519285
mlp_2x100_dropout,30,5,193,0.005510986316949129,0.004152705892920494
mlp_2x100_dropout,30,5,194,0.005510986316949129,0.004153227899223566
mlp_2x100_dropout,30,5,195,0.005511263385415077,0.004153193440288305
mlp_2x100_dropout,30,5,196,0.0055105965584516525,0.004153249319642782
mlp_2x100_dropout,30,5,197,0.005511161405593157,0.0041536735370755196
mlp_2x100_dropout,30,5,198,0.005510485265403986,0.004154179710894823
mlp_2x100_dropout,30,5,199,0.0055122217163443565,0.004153346177190542
mlp_2x100_dropout,30,5,200,0.005511822644621134,0.004153594374656677
mlp_2x100_dropout,30,30,1,0.16829848289489746,0.0027809080202132463
mlp_2x100_dropout,30,30,2,0.005173488520085812,0.001880523981526494
mlp_2x100_dropout,30,30,3,0.0031099228654056787,0.0018171531846746802
mlp_2x100_dropout,30,30,4,0.0027346708811819553,0.0017964201979339123
mlp_2x100_dropout,30,30,5,0.002547099255025387,0.0017853140598163009
mlp_2x100_dropout,30,30,6,0.002507219323888421,0.0017768142279237509
mlp_2x100_dropout,30,30,7,0.0024430635385215282,0.0017762648640200496
mlp_2x100_dropout,30,30,8,0.0023923725821077824,0.0017770680133253336
mlp_2x100_dropout,30,30,9,0.002362213796004653,0.0017760485643520951
mlp_2x100_dropout,30,30,10,0.0023439330980181694,0.001778086181730032
mlp_2x100_dropout,30,30,11,0.002362181432545185,0.0017770014237612486
mlp_2x100_dropout,30,30,12,0.0023274007253348827,0.001778092933818698
mlp_2x100_dropout,30,30,13,0.002335065044462681,0.0017771272687241435
mlp_2x100_dropout,30,30,14,0.002340049250051379,0.0017744480865076184
mlp_2x100_dropout,30,30,15,0.0023206390906125307,0.001775142503902316
mlp_2x100_dropout,30,30,16,0.002315014600753784,0.0017742356285452843
mlp_2x100_dropout,30,30,17,0.002313935197889805,0.001773195806890726
mlp_2x100_dropout,30,30,18,0.002330862684175372,0.0017753433203324676
mlp_2x100_dropout,30,30,19,0.0023167189210653305,0.001772864256054163
mlp_2x100_dropout,30,30,20,0.00230640871450305,0.0017752081621438265
mlp_2x100_dropout,30,30,21,0.002317817648872733,0.0017734559951350093
mlp_2x100_dropout,30,30,22,0.0023035802878439426,0.0017733830027282238
mlp_2x100_dropout,30,30,23,0.0023120094556361437,0.0017749029211699963
mlp_2x100_dropout,30,30,24,0.002320118946954608,0.0017746364464983344
mlp_2x100_dropout,30,30,25,0.002308242954313755,0.0017743735807016492
mlp_2x100_dropout,30,30,26,0.0023133461363613605,0.0017716411966830492
mlp_2x100_dropout,30,30,27,0.0023071556352078915,0.0017736442387104034
mlp_2x100_dropout,30,30,28,0.0023015958722680807,0.0017733690328896046
mlp_2x100_dropout,30,30,29,0.00230087130330503,0.0017744448268786073
mlp_2x100_dropout,30,30,30,0.002301290165632963,0.001774257281795144
mlp_2x100_dropout,30,30,31,0.0023128215689212084,0.0017738706665113568
mlp_2x100_dropout,30,30,32,0.002307042246684432,0.0017742913914844394
mlp_2x100_dropout,30,30,33,0.002305869944393635,0.0017740378389135003
mlp_2x100_dropout,30,30,34,0.002303634537383914,0.0017744203796610236
mlp_2x100_dropout,30,30,35,0.002304783556610346,0.0017733294516801834
mlp_2x100_dropout,30,30,36,0.002301272237673402,0.0017739183967933059
mlp_2x100_dropout,30,30,37,0.0022985718678683043,0.001772197661921382
mlp_2x100_dropout,30,30,38,0.002303453627973795,0.0017745018703863025
mlp_2x100_dropout,30,30,39,0.0023008319549262524,0.001774833188392222
mlp_2x100_dropout,30,30,40,0.002314007608219981,0.0017741336487233639
mlp_2x100_dropout,30,30,41,0.0023057223297655582,0.0017719414317980409
mlp_2x100_dropout,30,30,42,0.0023024394176900387,0.0017739919712767005
mlp_2x100_dropout,30,30,43,0.002297828206792474,0.0017731605330482125
mlp_2x100_dropout,30,30,44,0.0023131384514272213,0.0017745898803696036
mlp_2x100_dropout,30,30,45,0.0022993157617747784,0.0017739615868777037
mlp_2x100_dropout,30,30,46,0.0023033791221678257,0.0017738330643624067
mlp_2x100_dropout,30,30,47,0.0022995914332568645,0.0017737807938829064
mlp_2x100_dropout,30,30,48,0.00230256374925375,0.001773618976585567
mlp_2x100_dropout,30,30,49,0.0022969108540564775,0.001773686846718192
mlp_2x100_dropout,30,30,50,0.0022970077116042376,0.001773857744410634
mlp_2x100_dropout,30,30,51,0.002296286867931485,0.001773526193574071
mlp_2x100_dropout,30,30,52,0.0022960661444813013,0.001773825497366488
mlp_2x100_dropout,30,30,53,0.0022996787447482347,0.0017736742738634348
mlp_2x100_dropout,30,30,54,0.002295953221619129,0.0017736471490934491
mlp_2x100_dropout,30,30,55,0.0022953629959374666,0.0017736926674842834
mlp_2x100_dropout,30,30,56,0.0022963653318583965,0.0017737428424879909
mlp_2x100_dropout,30,30,57,0.002297818660736084,0.0017739732284098864
mlp_2x100_dropout,30,30,58,0.002310114912688732,0.0017733176937326789
mlp_2x100_dropout,30,30,59,0.0023069698363542557,0.0017733430722728372
mlp_2x100_dropout,30,30,60,0.002295269165188074,0.0017737207235768437
mlp_2x100_dropout,30,30,61,0.0022953033912926912,0.0017772114370018244
mlp_2x100_dropout,30,30,62,0.0022946607787162066,0.0017765224911272526
mlp_2x100_dropout,30,30,63,0.0022946344688534737,0.0017764120129868388
mlp_2x100_dropout,30,30,64,0.0022954996675252914,0.0017736607696861029
mlp_2x100_dropout,30,30,65,0.0022957308683544397,0.001772989984601736
mlp_2x100_dropout,30,30,66,0.0022985623218119144,0.0017749066464602947
mlp_2x100_dropout,30,30,67,0.0022969755809754133,0.0017735485453158617
mlp_2x100_dropout,30,30,68,0.0022953255102038383,0.001773360650986433
mlp_2x100_dropout,30,30,69,0.0022954032756388187,0.0017732366686686873
mlp_2x100_dropout,30,30,70,0.0023037896025925875,0.0017731867264956236
mlp_2x100_dropout,30,30,71,0.0022949641570448875,0.0017737215384840965
mlp_2x100_dropout,30,30,72,0.002296939492225647,0.0017735344590619206
mlp_2x100_dropout,30,30,73,0.0022965928073972464,0.0017742461059242487
mlp_2x100_dropout,30,30,74,0.002299100626260042,0.0017740974435582757
mlp_2x100_dropout,30,30,75,0.00229468266479671,0.001773645170032978
mlp_2x100_dropout,30,30,76,0.002311670919880271,0.0017739395843818784
mlp_2x100_dropout,30,30,77,0.0022944563534110785,0.0017739004688337445
mlp_2x100_dropout,30,30,78,0.002299228683114052,0.0017722754273563623
mlp_2x100_dropout,30,30,79,0.002294771373271942,0.001772561576217413
mlp_2x100_dropout,30,30,80,0.002308341208845377,0.0017734371358528733
mlp_2x100_dropout,30,30,81,0.002295047277584672,0.0017738855676725507
mlp_2x100_dropout,30,30,82,0.0022948659025132656,0.0017733622808009386
mlp_2x100_dropout,30,30,83,0.002294999547302723,0.0017739493632689118
mlp_2x100_dropout,30,30,84,0.002298266626894474,0.0017732484266161919
mlp_2x100_dropout,30,30,85,0.002299591200426221,0.001772879040800035
mlp_2x100_dropout,30,30,86,0.002294799778610468,0.0017736105946823955
mlp_2x100_dropout,30,30,87,0.0022994575556367636,0.0017732002306729555
mlp_2x100_dropout,30,30,88,0.0022981674410402775,0.0017739508766680956
mlp_2x100_dropout,30,30,89,0.0022970405407249928,0.0017731701955199242
mlp_2x100_dropout,30,30,90,0.002299079205840826,0.0017729068640619516
mlp_2x100_dropout,30,30,91,0.0022952507715672255,0.0017740208422765136
mlp_2x100_dropout,30,30,92,0.0022986249532550573,0.0017727622762322426
mlp_2x100_dropout,30,30,93,0.002294643083587289,0.0017736522713676095
mlp_2x100_dropout,30,30,94,0.002294652396813035,0.0017742739291861653
mlp_2x100_dropout,30,30,95,0.002295173704624176,0.0017737712478265166
mlp_2x100_dropout,30,30,96,0.002294151810929179,0.0017733708955347538
mlp_2x100_dropout,30,30,97,0.0022945867385715246,0.0017726356163620949
mlp_2x100_dropout,30,30,98,0.002295598853379488,0.0017733192071318626
mlp_2x100_dropout,30,30,99,0.0022957685869187117,0.0017740570474416018
mlp_2x100_dropout,30,30,100,0.00229827081784606,0.0017734944121912122
mlp_2x100_dropout,30,30,101,0.0023018987849354744,0.001772816525772214
mlp_2x100_dropout,30,30,102,0.0022971220314502716,0.001773990923538804
mlp_2x100_dropout,30,30,103,0.002295062178745866,0.0017737860325723886
mlp_2x100_dropout,30,30,104,0.002294957870617509,0.0017729663522914052
mlp_2x100_dropout,30,30,105,0.00229505798779428,0.0017735492438077927
mlp_2x100_dropout,30,30,106,0.0022946440149098635,0.0017740061739459634
mlp_2x100_dropout,30,30,107,0.0022946971002966166,0.0017736796289682388
mlp_2x100_dropout,30,30,108,0.002294806996360421,0.001773557043634355
mlp_2x100_dropout,30,30,109,0.002294352278113365,0.0017738830065354705
mlp_2x100_dropout,30,30,110,0.002294756704941392,0.0017742892960086465
mlp_2x100_dropout,30,30,111,0.002294927602633834,0.0017734005814418197
mlp_2x100_dropout,30,30,112,0.0022945785894989967,0.001773932366631925
mlp_2x100_dropout,30,30,113,0.0022947255056351423,0.0017737384187057614
mlp_2x100_dropout,30,30,114,0.002294759498909116,0.0017732953419908881
mlp_2x100_dropout,30,30,115,0.0022948281839489937,0.0017727736849337816
mlp_2x100_dropout,30,30,116,0.0022947178222239017,0.0017738767201080918
mlp_2x100_dropout,30,30,117,0.0022948593832552433,0.001773547613993287
mlp_2x100_dropout,30,30,118,0.002295551123097539,0.0017734314315021038
mlp_2x100_dropout,30,30,119,0.002294953214004636,0.0017737323651090264
mlp_2x100_dropout,30,30,120,0.0022997320629656315,0.001773901516571641
mlp_2x100_dropout,30,30,121,0.002295368118211627,0.0017731442349031568
mlp_2x100_dropout,30,30,122,0.002294825855642557,0.0017737472662702203
mlp_2x100_dropout,30,30,123,0.002307856921106577,0.0017734355060383677
mlp_2x100_dropout,30,30,124,0.0022942551877349615,0.0017733261920511723
mlp_2x100_dropout,30,30,125,0.0022972391452640295,0.0017735704313963652
mlp_2x100_dropout,30,30,126,0.002294762758538127,0.0017742228228598833
mlp_2x100_dropout,30,30,127,0.0022950663696974516,0.001773618976585567
mlp_2x100_dropout,30,30,128,0.0022948516998440027,0.001773738069459796
mlp_2x100_dropout,30,30,129,0.002295238431543112,0.0017733547138050199
mlp_2x100_dropout,30,30,130,0.0022940284106880426,0.0017720434116199613
mlp_2x100_dropout,30,30,131,0.0023006147239357233,0.001773185096681118
mlp_2x100_dropout,30,30,132,0.002299064304679632,0.0017736710142344236
mlp_2x100_dropout,30,30,133,0.002294698962941766,0.0017731335246935487
mlp_2x100_dropout,30,30,134,0.0022943431977182627,0.0017737796297296882
mlp_2x100_dropout,30,30,135,0.002296957653015852,0.0017744309734553099
mlp_2x100_dropout,30,30,136,0.0023011798039078712,0.0017728277016431093
mlp_2x100_dropout,30,30,137,0.0022950414568185806,0.0017730484250932932
mlp_2x100_dropout,30,30,138,0.0022946754470467567,0.0017739343456923962
mlp_2x100_dropout,30,30,139,0.002294497797265649,0.0017737820744514465
mlp_2x100_dropout,30,30,140,0.00229499745182693,0.0017743820790201426
mlp_2x100_dropout,30,30,141,0.002294400241225958,0.001773538184352219
mlp_2x100_dropout,30,30,142,0.002294716192409396,0.0017733947606757283
mlp_2x100_dropout,30,30,143,0.0022959879133850336,0.0017736314330250025
mlp_2x100_dropout,30,30,144,0.0022950288839638233,0.001773532945662737
mlp_2x100_dropout,30,30,145,0.0022978775668889284,0.0017737284069880843
mlp_2x100_dropout,30,30,146,0.0022989509161561728,0.0017743955831974745
mlp_2x100_dropout,30,30,147,0.0022943506482988596,0.0017742000054568052
mlp_2x100_dropout,30,30,148,0.0022946400567889214,0.001774229691363871
mlp_2x100_dropout,30,30,149,0.00229510641656816,0.0017732459818944335
mlp_2x100_dropout,30,30,150,0.0022946421522647142,0.0017726558726280928
mlp_2x100_dropout,30,30,151,0.0022958728950470686,0.0017739000031724572
mlp_2x100_dropout,30,30,152,0.0023130341432988644,0.0017739847535267472
mlp_2x100_dropout,30,30,153,0.0022949292324483395,0.0017726188525557518
mlp_2x100_dropout,30,30,154,0.002295553917065263,0.0017736017471179366
mlp_2x100_dropout,30,30,155,0.002294576494023204,0.0017731499392539263
mlp_2x100_dropout,30,30,156,0.002294715493917465,0.001774235861375928
mlp_2x100_dropout,30,30,157,0.002294579055160284,0.0017738341121003032
mlp_2x100_dropout,30,30,158,0.0022948053665459156,0.0017737929010763764
mlp_2x100_dropout,30,30,159,0.0022943313233554363,0.0017730299150571227
mlp_2x100_dropout,30,30,160,0.002301781438291073,0.0017731240950524807
mlp_2x100_dropout,30,30,161,0.0023007793352007866,0.0017740096664056182
mlp_2x100_dropout,30,30,162,0.002294445876032114,0.0017738599563017488
mlp_2x100_dropout,30,30,163,0.002294383477419615,0.0017741911578923464
mlp_2x100_dropout,30,30,164,0.002294910605996847,0.0017754411092028022
mlp_2x100_dropout,30,30,165,0.002299667103216052,0.001772852847352624
mlp_2x100_dropout,30,30,166,0.002294604666531086,0.001773593365214765
mlp_2x100_dropout,30,30,167,0.0023016484919935465,0.0017735930159687996
mlp_2x100_dropout,30,30,168,0.0022949923295527697,0.001772389397956431
mlp_2x100_dropout,30,30,169,0.002294622827321291,0.0017724449280649424
mlp_2x100_dropout,30,30,170,0.0022951955907046795,0.0017735469155013561
mlp_2x100_dropout,30,30,171,0.0022947806864976883,0.001774183358065784
mlp_2x100_dropout,30,30,172,0.0022949990816414356,0.0017735033761709929
mlp_2x100_dropout,30,30,173,0.002294640289619565,0.001773752155713737
mlp_2x100_dropout,30,30,174,0.002294674050062895,0.001774064963683486
mlp_2x100_dropout,30,30,175,0.0022949676495045424,0.0017739852191880345
mlp_2x100_dropout,30,30,176,0.0022945855744183064,0.0017737040761858225
mlp_2x100_dropout,30,30,177,0.002294895239174366,0.0017740152543410659
mlp_2x100_dropout,30,30,178,0.002294346923008561,0.0017733302665874362
mlp_2x100_dropout,30,30,179,0.002294302685186267,0.001772929448634386
mlp_2x100_dropout,30,30,180,0.0022952405270189047,0.0017738293390721083
mlp_2x100_dropout,30,30,181,0.0022944938391447067,0.0017726817168295383
mlp_2x100_dropout,30,30,182,0.002294548787176609,0.0017739007016643882
mlp_2x100_dropout,30,30,183,0.0022968293633311987,0.0017729612300172448
mlp_2x100_dropout,30,30,184,0.0022963774390518665,0.0017739684553816915
mlp_2x100_dropout,30,30,185,0.0022951296996325254,0.0017738542519509792
mlp_2x100_dropout,30,30,186,0.0022948214318603277,0.001772571704350412
mlp_2x100_dropout,30,30,187,0.0022944447118788958,0.0017737229354679585
mlp_2x100_dropout,30,30,188,0.0022943816147744656,0.0017740718321874738
mlp_2x100_dropout,30,30,189,0.0022972519509494305,0.0017725522629916668
mlp_2x100_dropout,30,30,190,0.0022947818506509066,0.0017735457513481379
mlp_2x100_dropout,30,30,191,0.0022944698575884104,0.0017732479609549046
mlp_2x100_dropout,30,30,192,0.0022944617085158825,0.0017746799858286977
mlp_2x100_dropout,30,30,193,0.0022948384284973145,0.0017725840443745255
mlp_2x100_dropout,30,30,194,0.002294644946232438,0.0017735076835379004
mlp_2x100_dropout,30,30,195,0.0022946223616600037,0.0017732186242938042
mlp_2x100_dropout,30,30,196,0.0022945485543459654,0.0017737031448632479
mlp_2x100_dropout,30,30,197,0.002294920850545168,0.0017732556443661451
mlp_2x100_dropout,30,30,198,0.002295924350619316,0.0017739671748131514
mlp_2x100_dropout,30,30,199,0.002294731792062521,0.0017729181563481688
mlp_2x100_dropout,30,30,200,0.0022943937219679356,0.001774296280927956
mlp_2x100_dropout,30,90,1,0.16874969005584717,0.002143970225006342
mlp_2x100_dropout,30,90,2,0.004426002502441406,0.0012266853591427207
mlp_2x100_dropout,30,90,3,0.002354216994717717,0.0010921488283202052
mlp_2x100_dropout,30,90,4,0.0018384794238954782,0.0010740887373685837
mlp_2x100_dropout,30,90,5,0.0017213404644280672,0.0010552251478657126
mlp_2x100_dropout,30,90,6,0.001640109345316887,0.0010392353869974613
mlp_2x100_dropout,30,90,7,0.0015678644413128495,0.0010397525038570166
mlp_2x100_dropout,30,90,8,0.0015262712258845568,0.0010403511114418507
mlp_2x100_dropout,30,90,9,0.0015022784937173128,0.001038644346408546
mlp_2x100_dropout,30,90,10,0.001496217679232359,0.0010391303803771734
mlp_2x100_dropout,30,90,11,0.0014890374150127172,0.0010415819706395268
mlp_2x100_dropout,30,90,12,0.0014773622388020158,0.0010413175914436579
mlp_2x100_dropout,30,90,13,0.0014555274974554777,0.0010422368068248034
mlp_2x100_dropout,30,90,14,0.001452844007872045,0.0010452037677168846
mlp_2x100_dropout,30,90,15,0.0014376990729942918,0.001041976734995842
mlp_2x100_dropout,30,90,16,0.0014456443022936583,0.0010408469242975116
mlp_2x100_dropout,30,90,17,0.0014396640472114086,0.0010424614883959293
mlp_2x100_dropout,30,90,18,0.001438623876310885,0.0010439212201163173
mlp_2x100_dropout,30,90,19,0.0014409401919692755,0.0010427593952044845
mlp_2x100_dropout,30,90,20,0.0014369689160957932,0.0010437257587909698
mlp_2x100_dropout,30,90,21,0.0014296140288934112,0.0010430323891341686
mlp_2x100_dropout,30,90,22,0.0014392132870852947,0.0010444442741572857
mlp_2x100_dropout,30,90,23,0.0014356126775965095,0.0010410237591713667
mlp_2x100_dropout,30,90,24,0.0014273663982748985,0.0010441903723403811
mlp_2x100_dropout,30,90,25,0.0014345506206154823,0.0010414541466161609
mlp_2x100_dropout,30,90,26,0.0014310595579445362,0.0010433217976242304
mlp_2x100_dropout,30,90,27,0.0014496970688924193,0.0010421257466077805
mlp_2x100_dropout,30,90,28,0.0014212082605808973,0.0010422697523608804
mlp_2x100_dropout,30,90,29,0.0014272538246586919,0.0010452105198055506
mlp_2x100_dropout,30,90,30,0.0014500240795314312,0.001042268704622984
mlp_2x100_dropout,30,90,31,0.0014303324278444052,0.0010428994428366423
mlp_2x100_dropout,30,90,32,0.0014264244819059968,0.001041969982907176
mlp_2x100_dropout,30,90,33,0.0014254171401262283,0.0010432666167616844
mlp_2x100_dropout,30,90,34,0.001424902118742466,0.0010405624052509665
mlp_2x100_dropout,30,90,35,0.0014234341215342283,0.0010421600891277194
mlp_2x100_dropout,30,90,36,0.0014225342310965061,0.001041998970322311
mlp_2x100_dropout,30,90,37,0.0014214114053174853,0.0010428510140627623
mlp_2x100_dropout,30,90,38,0.0014256391441449523,0.001041745999827981
mlp_2x100_dropout,30,90,39,0.0014222788158804178,0.0010435042204335332
mlp_2x100_dropout,30,90,40,0.0014228697400540113,0.001040889648720622
mlp_2x100_dropout,30,90,41,0.0014322082279250026,0.0010422132909297943
mlp_2x100_dropout,30,90,42,0.0014268482336774468,0.0010429354151710868
mlp_2x100_dropout,30,90,43,0.0014254088746383786,0.0010446737287566066
mlp_2x100_dropout,30,90,44,0.0014237855793908238,0.0010390441166236997
mlp_2x100_dropout,30,90,45,0.0014253247063606977,0.0010426387889310718
mlp_2x100_dropout,30,90,46,0.001425933907739818,0.0010406299261376262
mlp_2x100_dropout,30,90,47,0.0014280895702540874,0.0010439431061968207
mlp_2x100_dropout,30,90,48,0.0014227393548935652,0.001042596180923283
mlp_2x100_dropout,30,90,49,0.0014307184610515833,0.001043594558723271
mlp_2x100_dropout,30,90,50,0.001425613067112863,0.0010412595001980662
mlp_2x100_dropout,30,90,51,0.001422842382453382,0.0010427787201479077
mlp_2x100_dropout,30,90,52,0.0014246258651837707,0.0010405678767710924
mlp_2x100_dropout,30,90,53,0.0014226119965314865,0.0010414874413982034
mlp_2x100_dropout,30,90,54,0.0014222109457477927,0.0010436702286824584
mlp_2x100_dropout,30,90,55,0.0014232526300475001,0.0010422365739941597
mlp_2x100_dropout,30,90,56,0.0014506245497614145,0.0010406961664557457
mlp_2x100_dropout,30,90,57,0.0014327268581837416,0.0010435325093567371
mlp_2x100_dropout,30,90,58,0.0014230493688955903,0.0010444275103509426
mlp_2x100_dropout,30,90,59,0.0014234700938686728,0.0010431676637381315
mlp_2x100_dropout,30,90,60,0.0014232159592211246,0.001043197582475841
mlp_2x100_dropout,30,90,61,0.0014391329605132341,0.0010411537950858474
mlp_2x100_dropout,30,90,62,0.0014210110530257225,0.001043876400217414
mlp_2x100_dropout,30,90,63,0.0014471302274614573,0.00104365439619869
mlp_2x100_dropout,30,90,64,0.0014328028773888946,0.0010413768468424678
mlp_2x100_dropout,30,90,65,0.0014216809067875147,0.0010442172642797232
mlp_2x100_dropout,30,90,66,0.0014205016195774078,0.0010426671942695975
mlp_2x100_dropout,30,90,67,0.001425196067430079,0.0010429812828078866
mlp_2x100_dropout,30,90,68,0.0014217788120731711,0.0010413003619760275
mlp_2x100_dropout,30,90,69,0.0014305381337180734,0.0010427715023979545
mlp_2x100_dropout,30,90,70,0.001422896166332066,0.0010387665824964643
mlp_2x100_dropout,30,90,71,0.00142559758387506,0.0010413210839033127
mlp_2x100_dropout,30,90,72,0.0014241767348721623,0.0010418281890451908
mlp_2x100_dropout,30,90,73,0.0014209274668246508,0.0010428096866235137
mlp_2x100_dropout,30,90,74,0.0014216252602636814,0.0010427199304103851
mlp_2x100_dropout,30,90,75,0.001430700533092022,0.0010445843217894435
mlp_2x100_dropout,30,90,76,0.0014215564588084817,0.0010416910517960787
mlp_2x100_dropout,30,90,77,0.0014219065196812153,0.001043712254613638
mlp_2x100_dropout,30,90,78,0.0014210763620212674,0.0010380143066868186
mlp_2x100_dropout,30,90,79,0.0014229111839085817,0.001044130651280284
mlp_2x100_dropout,30,90,80,0.0014289496466517448,0.001042956835590303
mlp_2x100_dropout,30,90,81,0.0014225252671167254,0.0010428678942844272
mlp_2x100_dropout,30,90,82,0.001420633401721716,0.0010421517072245479
mlp_2x100_dropout,30,90,83,0.0014206594787538052,0.0010424972278997302
mlp_2x100_dropout,30,90,84,0.0014255344867706299,0.001041166135109961
mlp_2x100_dropout,30,90,85,0.0014205913757905364,0.0010424255160614848
mlp_2x100_dropout,30,90,86,0.0014202725142240524,0.0010418315650895238
mlp_2x100_dropout,30,90,87,0.0014212694950401783,0.0010432203998789191
mlp_2x100_dropout,30,90,88,0.0014199907891452312,0.0010405518114566803
mlp_2x100_dropout,30,90,89,0.001422937260940671,0.0010434435680508614
mlp_2x100_dropout,30,90,90,0.0014203600585460663,0.001041010837070644
mlp_2x100_dropout,30,90,91,0.0014211786910891533,0.0010435860604047775
mlp_2x100_dropout,30,90,92,0.0014202202437445521,0.001042428775690496
mlp_2x100_dropout,30,90,93,0.0014203264145180583,0.001042570685967803
mlp_2x100_dropout,30,90,94,0.0014207350322976708,0.0010434463620185852
mlp_2x100_dropout,30,90,95,0.0014229781227186322,0.001042593619786203
mlp_2x100_dropout,30,90,96,0.001420426182448864,0.0010416224831715226
mlp_2x100_dropout,30,90,97,0.0014204796170815825,0.001042404561303556
mlp_2x100_dropout,30,90,98,0.0014241737080737948,0.0010407717199996114
mlp_2x100_dropout,30,90,99,0.0014211818343028426,0.001041861018165946
mlp_2x100_dropout,30,90,100,0.0014204267645254731,0.0010422077029943466
mlp_2x100_dropout,30,90,101,0.0014273900305852294,0.0010434921132400632
mlp_2x100_dropout,30,90,102,0.0014201381709426641,0.0010419116588309407
mlp_2x100_dropout,30,90,103,0.0014205715851858258,0.0010439191246405244
mlp_2x100_dropout,30,90,104,0.0014204045291990042,0.0010384992929175496
mlp_2x100_dropout,30,90,105,0.0014206359628587961,0.0010436450829729438
mlp_2x100_dropout,30,90,106,0.0014199401484802365,0.001041304669342935
mlp_2x100_dropout,30,90,107,0.0014204394537955523,0.0010430195834487677
mlp_2x100_dropout,30,90,108,0.0014259093441069126,0.001043020049110055
mlp_2x100_dropout,30,90,109,0.00142144865822047,0.0010432363487780094
mlp_2x100_dropout,30,90,110,0.0014203876489773393,0.0010429571848362684
mlp_2x100_dropout,30,90,111,0.00142022839281708,0.001043063122779131
mlp_2x100_dropout,30,90,112,0.0014201009180396795,0.0010430425172671676
mlp_2x100_dropout,30,90,113,0.001420872169546783,0.0010438039898872375
mlp_2x100_dropout,30,90,114,0.0014201321173459291,0.0010421999031677842
mlp_2x100_dropout,30,90,115,0.0014203639002516866,0.001043315278366208
mlp_2x100_dropout,30,90,116,0.0014205060433596373,0.0010430632391944528
mlp_2x100_dropout,30,90,117,0.0014241626486182213,0.0010406309738755226
mlp_2x100_dropout,30,90,118,0.0014206278137862682,0.0010436775628477335
mlp_2x100_dropout,30,90,119,0.0014225735794752836,0.0010392646072432399
mlp_2x100_dropout,30,90,120,0.0014205500483512878,0.0010429100366309285
mlp_2x100_dropout,30,90,121,0.0014211381785571575,0.001042444841004908
mlp_2x100_dropout,30,90,122,0.0014205790357664227,0.0010423155035823584
mlp_2x100_dropout,30,90,123,0.0014216956915333867,0.0010402899933978915
mlp_2x100_dropout,30,90,124,0.0014201654121279716,0.0010413170093670487
mlp_2x100_dropout,30,90,125,0.0014202160527929664,0.0010401702020317316
mlp_2x100_dropout,30,90,126,0.0014211132656782866,0.0010429528774693608
mlp_2x100_dropout,30,90,127,0.001419927109964192,0.0010411947732791305
mlp_2x100_dropout,30,90,128,0.001420473330654204,0.0010428138775750995
mlp_2x100_dropout,30,90,129,0.0014206989435479045,0.0010431037517264485
mlp_2x100_dropout,30,90,130,0.0014251121319830418,0.0010418787132948637
mlp_2x100_dropout,30,90,131,0.0014199435245245695,0.0010415844153612852
mlp_2x100_dropout,30,90,132,0.0014246361097320914,0.0010431426344439387
mlp_2x100_dropout,30,90,133,0.0014204417821019888,0.0010421130573377013
mlp_2x100_dropout,30,90,134,0.0014205884654074907,0.001042939256876707
mlp_2x100_dropout,30,90,135,0.0014215561095625162,0.001041076029650867
mlp_2x100_dropout,30,90,136,0.0014200969599187374,0.0010431671980768442
mlp_2x100_dropout,30,90,137,0.0014201801968738437,0.0010420434409752488
mlp_2x100_dropout,30,90,138,0.0014207320054993033,0.0010434254072606564
mlp_2x100_dropout,30,90,139,0.0014216897543519735,0.0010412591509521008
mlp_2x100_dropout,30,90,140,0.001419762265868485,0.001043121563270688
mlp_2x100_dropout,30,90,141,0.0014201627345755696,0.0010412659030407667
mlp_2x100_dropout,30,90,142,0.0014203053433448076,0.0010434886207804084
mlp_2x100_dropout,30,90,143,0.0014201916055753827,0.001042233663611114
mlp_2x100_dropout,30,90,144,0.00142173923086375,0.0010422106133773923
mlp_2x100_dropout,30,90,145,0.001420086482539773,0.0010408723028376698
mlp_2x100_dropout,30,90,146,0.0014264750061556697,0.0010439057368785143
mlp_2x100_dropout,30,90,147,0.0014200161676853895,0.0010400669416412711
mlp_2x100_dropout,30,90,148,0.0014221821911633015,0.0010442960774526
mlp_2x100_dropout,30,90,149,0.0014212513342499733,0.0010406962828710675
mlp_2x100_dropout,30,90,150,0.001435090322047472,0.0010414783610031009
mlp_2x100_dropout,30,90,151,0.0014222855679690838,0.001044816104695201
mlp_2x100_dropout,30,90,152,0.0014203303726390004,0.0010425905929878354
mlp_2x100_dropout,30,90,153,0.0014201621524989605,0.0010424581123515964
mlp_2x100_dropout,30,90,154,0.0014204393373802304,0.001042852527461946
mlp_2x100_dropout,30,90,155,0.0014200733276084065,0.0010415049036964774
mlp_2x100_dropout,30,90,156,0.001420618500560522,0.0010415849974378943
mlp_2x100_dropout,30,90,157,0.001420271466486156,0.001043235883116722
mlp_2x100_dropout,30,90,158,0.0014204548206180334,0.0010439164470881224
mlp_2x100_dropout,30,90,159,0.0014279577881097794,0.0010421262122690678
mlp_2x100_dropout,30,90,160,0.0014200375881046057,0.0010424245847389102
mlp_2x100_dropout,30,90,161,0.0014209293294698,0.0010428050300106406
mlp_2x100_dropout,30,90,162,0.0014209686778485775,0.0010409222450107336
mlp_2x100_dropout,30,90,163,0.0014204687904566526,0.0010413600830361247
mlp_2x100_dropout,30,90,164,0.0014205760089680552,0.0010424575302749872
mlp_2x100_dropout,30,90,165,0.0014202040620148182,0.0010432791896164417
mlp_2x100_dropout,30,90,166,0.0014204311883077025,0.0010412853443995118
mlp_2x100_dropout,30,90,167,0.0014202608726918697,0.001043229945935309
mlp_2x100_dropout,30,90,168,0.0014201358426362276,0.001040551345795393
mlp_2x100_dropout,30,90,169,0.0014203032478690147,0.0010420146863907576
mlp_2x100_dropout,30,90,170,0.0014203247847035527,0.0010433255229145288
mlp_2x100_dropout,30,90,171,0.0014235046692192554,0.001044124597683549
mlp_2x100_dropout,30,90,172,0.001420280896127224,0.0010409353999421
mlp_2x100_dropout,30,90,173,0.0014199259458109736,0.0010420215548947453
mlp_2x100_dropout,30,90,174,0.001420037355273962,0.001041182316839695
mlp_2x100_dropout,30,90,175,0.0014198778662830591,0.001042374293319881
mlp_2x100_dropout,30,90,176,0.0014243066543713212,0.001045183278620243
mlp_2x100_dropout,30,90,177,0.0014203974278643727,0.0010428419336676598
mlp_2x100_dropout,30,90,178,0.001420777989551425,0.00104245962575078
mlp_2x100_dropout,30,90,179,0.0014475195202976465,0.001043083961121738
mlp_2x100_dropout,30,90,180,0.0014200075529515743,0.001042253221385181
mlp_2x100_dropout,30,90,181,0.001429299940355122,0.0010436425218358636
mlp_2x100_dropout,30,90,182,0.0014206758933141828,0.0010404089698567986
mlp_2x100_dropout,30,90,183,0.001420271466486156,0.0010423911735415459
mlp_2x100_dropout,30,90,184,0.0014200523728504777,0.0010419287718832493
mlp_2x100_dropout,30,90,185,0.0014204990584403276,0.001044809934683144
mlp_2x100_dropout,30,90,186,0.0014201933518052101,0.0010416737059131265
mlp_2x100_dropout,30,90,187,0.001420418149791658,0.0010432926937937737
mlp_2x100_dropout,30,90,188,0.0014206317719072104,0.0010424044448882341
mlp_2x100_dropout,30,90,189,0.0014204814797267318,0.0010422393679618835
mlp_2x100_dropout,30,90,190,0.0014221427263692021,0.0010444812942296267
mlp_2x100_dropout,30,90,191,0.0014202663442119956,0.0010409238748252392
mlp_2x100_dropout,30,90,192,0.001420379150658846,0.0010423131752759218
mlp_2x100_dropout,30,90,193,0.0014200591249391437,0.0010412009432911873
mlp_2x100_dropout,30,90,194,0.0014205437619239092,0.0010422683553770185
mlp_2x100_dropout,30,90,195,0.0014201096491888165,0.0010418026940897107
mlp_2x100_dropout,30,90,196,0.0014204256003722548,0.0010426618391647935
mlp_2x100_dropout,30,90,197,0.001420232467353344,0.001040132949128747
mlp_2x100_dropout,30,90,198,0.0014201279263943434,0.0010424868669360876
mlp_2x100_dropout,30,90,199,0.0014202648308128119,0.0010403633350506425
mlp_2x100_dropout,30,90,200,0.001420323853380978,0.0010429954854771495
mlp_2x100_dropout,90,1,1,0.19088497757911682,0.01024513877928257
mlp_2x100_dropout,90,1,2,0.014905937947332859,0.009216410107910633
mlp_2x100_dropout,90,1,3,0.012691956013441086,0.009119599126279354
mlp_2x100_dropout,90,1,4,0.012331797741353512,0.009080623276531696
mlp_2x100_dropout,90,1,5,0.012132007628679276,0.009041324257850647
mlp_2x100_dropout,90,1,6,0.012096870690584183,0.009045894257724285
mlp_2x100_dropout,90,1,7,0.012030571699142456,0.009043569676578045
mlp_2x100_dropout,90,1,8,0.012028662487864494,0.009035310707986355
mlp_2x100_dropout,90,1,9,0.011944138444960117,0.009035399183630943
mlp_2x100_dropout,90,1,10,0.011936592869460583,0.009033624082803726
mlp_2x100_dropout,90,1,11,0.01191633939743042,0.009034025482833385
mlp_2x100_dropout,90,1,12,0.011925016529858112,0.009036463685333729
mlp_2x100_dropout,90,1,13,0.011929287575185299,0.00903532188385725
mlp_2x100_dropout,90,1,14,0.011908695101737976,0.009035039693117142
mlp_2x100_dropout,90,1,15,0.011908045038580894,0.009035310707986355
mlp_2x100_dropout,90,1,16,0.011891687288880348,0.009036419913172722
mlp_2x100_dropout,90,1,17,0.011906118132174015,0.009034251794219017
mlp_2x100_dropout,90,1,18,0.011898756958544254,0.00903317891061306
mlp_2x100_dropout,90,1,19,0.01188652217388153,0.009034892544150352
mlp_2x100_dropout,90,1,20,0.011900744400918484,0.009034574963152409
mlp_2x100_dropout,90,1,21,0.01189553551375866,0.009035017341375351
mlp_2x100_dropout,90,1,22,0.01187925599515438,0.009034606628119946
mlp_2x100_dropout,90,1,23,0.01188371516764164,0.009035235270857811
mlp_2x100_dropout,90,1,24,0.01187637634575367,0.009034932591021061
mlp_2x100_dropout,90,1,25,0.011885251849889755,0.009033736772835255
mlp_2x100_dropout,90,1,26,0.011885306797921658,0.009033985435962677
mlp_2x100_dropout,90,1,27,0.011882309801876545,0.009033205918967724
mlp_2x100_dropout,90,1,28,0.011880535632371902,0.009033529087901115
mlp_2x100_dropout,90,1,29,0.011921580880880356,0.00903428066521883
mlp_2x100_dropout,90,1,30,0.011898794211447239,0.009033815003931522
mlp_2x100_dropout,90,1,31,0.011870733462274075,0.009035496972501278
mlp_2x100_dropout,90,1,32,0.011871893890202045,0.009035318158566952
mlp_2x100_dropout,90,1,33,0.011888368055224419,0.009033326990902424
mlp_2x100_dropout,90,1,34,0.011886399239301682,0.009035752154886723
mlp_2x100_dropout,90,1,35,0.011916032992303371,0.009035957045853138
mlp_2x100_dropout,90,1,36,0.011864901520311832,0.009035984054207802
mlp_2x100_dropout,90,1,37,0.011887824162840843,0.009034710936248302
mlp_2x100_dropout,90,1,38,0.01187849324196577,0.009033385664224625
mlp_2x100_dropout,90,1,39,0.011876599863171577,0.00903408508747816
mlp_2x100_dropout,90,1,40,0.011886331252753735,0.009034233167767525
mlp_2x100_dropout,90,1,41,0.011880393140017986,0.009033184498548508
mlp_2x100_dropout,90,1,42,0.011882529594004154,0.009034086018800735
mlp_2x100_dropout,90,1,43,0.011889241635799408,0.009034374728798866
mlp_2x100_dropout,90,1,44,0.011894112452864647,0.009032449685037136
mlp_2x100_dropout,90,1,45,0.01187844481319189,0.009034954942762852
mlp_2x100_dropout,90,1,46,0.011875001713633537,0.009034073911607265
mlp_2x100_dropout,90,1,47,0.01187403965741396,0.009033710695803165
mlp_2x100_dropout,90,1,48,0.011928881518542767,0.009035948663949966
mlp_2x100_dropout,90,1,49,0.011885655112564564,0.009033608250319958
mlp_2x100_dropout,90,1,50,0.011871223337948322,0.009033621288836002
mlp_2x100_dropout,90,1,51,0.011872045695781708,0.009034168906509876
mlp_2x100_dropout,90,1,52,0.011879036203026772,0.009033454582095146
mlp_2x100_dropout,90,1,53,0.011882995255291462,0.009033755399286747
mlp_2x100_dropout,90,1,54,0.011900577694177628,0.009035402908921242
mlp_2x100_dropout,90,1,55,0.011873796582221985,0.009033323265612125
mlp_2x100_dropout,90,1,56,0.011875836178660393,0.00903476681560278
mlp_2x100_dropout,90,1,57,0.011918571777641773,0.009032797068357468
mlp_2x100_dropout,90,1,58,0.01191248930990696,0.009034551680088043
mlp_2x100_dropout,90,1,59,0.01187104918062687,0.009036779403686523
mlp_2x100_dropout,90,1,60,0.011870319955050945,0.009034830145537853
mlp_2x100_dropout,90,1,61,0.011876755394041538,0.009033922106027603
mlp_2x100_dropout,90,1,62,0.011874552816152573,0.009034128859639168
mlp_2x100_dropout,90,1,63,0.011893737129867077,0.009035514667630196
mlp_2x100_dropout,90,1,64,0.011866198852658272,0.009033119305968285
mlp_2x100_dropout,90,1,65,0.011875197291374207,0.009034556336700916
mlp_2x100_dropout,90,1,66,0.01195366121828556,0.009035177528858185
mlp_2x100_dropout,90,1,67,0.011875213123857975,0.009032510221004486
mlp_2x100_dropout,90,1,68,0.011894741095602512,0.009035254828631878
mlp_2x100_dropout,90,1,69,0.011869315057992935,0.009035486727952957
mlp_2x100_dropout,90,1,70,0.011866308748722076,0.009034497663378716
mlp_2x100_dropout,90,1,71,0.011873645707964897,0.009034895338118076
mlp_2x100_dropout,90,1,72,0.011879648081958294,0.009035252965986729
mlp_2x100_dropout,90,1,73,0.011865651234984398,0.009035181254148483
mlp_2x100_dropout,90,1,74,0.01187044195830822,0.009035310707986355
mlp_2x100_dropout,90,1,75,0.011870351620018482,0.009034326300024986
mlp_2x100_dropout,90,1,76,0.011874491348862648,0.009035294875502586
mlp_2x100_dropout,90,1,77,0.011871936731040478,0.009033617563545704
mlp_2x100_dropout,90,1,78,0.011876888573169708,0.009033573791384697
mlp_2x100_dropout,90,1,79,0.011881042271852493,0.009034520946443081
mlp_2x100_dropout,90,1,80,0.01187161635607481,0.009033326990902424
mlp_2x100_dropout,90,1,81,0.011867983266711235,0.009035704657435417
mlp_2x100_dropout,90,1,82,0.011868714354932308,0.009035646915435791
mlp_2x100_dropout,90,1,83,0.01187924761325121,0.009034545160830021
mlp_2x100_dropout,90,1,84,0.011877926997840405,0.009034918621182442
mlp_2x100_dropout,90,1,85,0.011869849637150764,0.00903457123786211
mlp_2x100_dropout,90,1,86,0.0118683697655797,0.009035815484821796
mlp_2x100_dropout,90,1,87,0.011876316741108894,0.009032545611262321
mlp_2x100_dropout,90,1,88,0.011884238570928574,0.009036090224981308
mlp_2x100_dropout,90,1,89,0.011894011870026588,0.00903384294360876
mlp_2x100_dropout,90,1,90,0.01186958234757185,0.009033993817865849
mlp_2x100_dropout,90,1,91,0.011870218440890312,0.00903401244431734
mlp_2x100_dropout,90,1,92,0.01186449360102415,0.0090352613478899
mlp_2x100_dropout,90,1,93,0.011866348795592785,0.009033998474478722
mlp_2x100_dropout,90,1,94,0.01186683401465416,0.009035194292664528
mlp_2x100_dropout,90,1,95,0.011868723668158054,0.009035250172019005
mlp_2x100_dropout,90,1,96,0.011868610046803951,0.009035923518240452
mlp_2x100_dropout,90,1,97,0.011877820827066898,0.009035677649080753
mlp_2x100_dropout,90,1,98,0.011869377456605434,0.00903258379548788
mlp_2x100_dropout,90,1,99,0.011865814216434956,0.00903497263789177
mlp_2x100_dropout,90,1,100,0.011868052184581757,0.009034130722284317
mlp_2x100_dropout,90,1,101,0.011866002343595028,0.009034914895892143
mlp_2x100_dropout,90,1,102,0.01190537866204977,0.00903292279690504
mlp_2x100_dropout,90,1,103,0.011865799315273762,0.009034561924636364
mlp_2x100_dropout,90,1,104,0.01186803076416254,0.009034172631800175
mlp_2x100_dropout,90,1,105,0.011868367902934551,0.009033996611833572
mlp_2x100_dropout,90,1,106,0.011867382563650608,0.009034966118633747
mlp_2x100_dropout,90,1,107,0.011867212131619453,0.009033603593707085
mlp_2x100_dropout,90,1,108,0.011889799498021603,0.00903348159044981
mlp_2x100_dropout,90,1,109,0.011889537796378136,0.00903255119919777
mlp_2x100_dropout,90,1,110,0.011886783875524998,0.009033659473061562
mlp_2x100_dropout,90,1,111,0.011865643784403801,0.009034331887960434
mlp_2x100_dropout,90,1,112,0.011894279159605503,0.009035092778503895
mlp_2x100_dropout,90,1,113,0.011867574416100979,0.009034261107444763
mlp_2x100_dropout,90,1,114,0.011871889233589172,0.009035466238856316
mlp_2x100_dropout,90,1,115,0.011892534792423248,0.009034999646246433
mlp_2x100_dropout,90,1,116,0.01186979841440916,0.009035252034664154
mlp_2x100_dropout,90,1,117,0.011873011477291584,0.009036500006914139
mlp_2x100_dropout,90,1,118,0.011868949048221111,0.009034918621182442
mlp_2x100_dropout,90,1,119,0.011868513189256191,0.009034549817442894
mlp_2x100_dropout,90,1,120,0.011916832067072392,0.009034233167767525
mlp_2x100_dropout,90,1,121,0.011875796131789684,0.009059607051312923
mlp_2x100_dropout,90,1,122,0.01189383864402771,0.0090342340990901
mlp_2x100_dropout,90,1,123,0.011902783066034317,0.009034545160830021
mlp_2x100_dropout,90,1,124,0.01191833708435297,0.009034480899572372
mlp_2x100_dropout,90,1,125,0.011865850538015366,0.009034995920956135
mlp_2x100_dropout,90,1,126,0.01186783704906702,0.00903509184718132
mlp_2x100_dropout,90,1,127,0.011875494383275509,0.009035478346049786
mlp_2x100_dropout,90,1,128,0.011904451064765453,0.009034175425767899
mlp_2x100_dropout,90,1,129,0.01186759490519762,0.009033484384417534
mlp_2x100_dropout,90,1,130,0.011868597008287907,0.009034919552505016
mlp_2x100_dropout,90,1,131,0.011866923421621323,0.009035362862050533
mlp_2x100_dropout,90,1,132,0.011865654028952122,0.009034675545990467
mlp_2x100_dropout,90,1,133,0.011868990957736969,0.009037272073328495
mlp_2x100_dropout,90,1,134,0.011866536922752857,0.009034326300024986
mlp_2x100_dropout,90,1,135,0.011867393739521503,0.009035291150212288
mlp_2x100_dropout,90,1,136,0.011867377907037735,0.009036708623170853
mlp_2x100_dropout,90,1,137,0.01186780072748661,0.009033863432705402
mlp_2x100_dropout,90,1,138,0.011872895061969757,0.00903499498963356
mlp_2x100_dropout,90,1,139,0.011867005378007889,0.009035693481564522
mlp_2x100_dropout,90,1,140,0.011899706907570362,0.009034715592861176
mlp_2x100_dropout,90,1,141,0.01186569407582283,0.009033816866576672
mlp_2x100_dropout,90,1,142,0.011884007602930069,0.009034570306539536
mlp_2x100_dropout,90,1,143,0.01186691876500845,0.009035288356244564
mlp_2x100_dropout,90,1,144,0.011868659406900406,0.009032991714775562
mlp_2x100_dropout,90,1,145,0.011865484528243542,0.009035523049533367
mlp_2x100_dropout,90,1,146,0.011866055428981781,0.009033509530127048
mlp_2x100_dropout,90,1,147,0.011865779757499695,0.009034283459186554
mlp_2x100_dropout,90,1,148,0.011883312836289406,0.009033356793224812
mlp_2x100_dropout,90,1,149,0.01186829898506403,0.009033219888806343
mlp_2x100_dropout,90,1,150,0.011864363215863705,0.00903550535440445
mlp_2x100_dropout,90,1,151,0.011867917142808437,0.009034143760800362
mlp_2x100_dropout,90,1,152,0.011879180558025837,0.009033717215061188
mlp_2x100_dropout,90,1,153,0.011866594664752483,0.00903443992137909
mlp_2x100_dropout,90,1,154,0.011872570961713791,0.00903419777750969
mlp_2x100_dropout,90,1,155,0.011868225410580635,0.009034979157149792
mlp_2x100_dropout,90,1,156,0.01186570804566145,0.009034971706569195
mlp_2x100_dropout,90,1,157,0.01186685636639595,0.009035062976181507
mlp_2x100_dropout,90,1,158,0.011875476688146591,0.009034194052219391
mlp_2x100_dropout,90,1,159,0.011865369975566864,0.009034332819283009
mlp_2x100_dropout,90,1,160,0.011868785135447979,0.009034918621182442
mlp_2x100_dropout,90,1,161,0.011868090368807316,0.009034671820700169
mlp_2x100_dropout,90,1,162,0.011866012588143349,0.009034854359924793
mlp_2x100_dropout,90,1,163,0.011866527609527111,0.009033845737576485
mlp_2x100_dropout,90,1,164,0.011872186325490475,0.009033747017383575
mlp_2x100_dropout,90,1,165,0.01186868641525507,0.00903446413576603
mlp_2x100_dropout,90,1,166,0.01186965312808752,0.009034783579409122
mlp_2x100_dropout,90,1,167,0.011869324371218681,0.009034066461026669
mlp_2x100_dropout,90,1,168,0.011867501772940159,0.0090336250141263
mlp_2x100_dropout,90,1,169,0.011965769343078136,0.009033925831317902
mlp_2x100_dropout,90,1,170,0.011867904104292393,0.00903339497745037
mlp_2x100_dropout,90,1,171,0.011867786757647991,0.009034200571477413
mlp_2x100_dropout,90,1,172,0.011868628673255444,0.00903429463505745
mlp_2x100_dropout,90,1,173,0.011880257166922092,0.009034540504217148
mlp_2x100_dropout,90,1,174,0.011918439529836178,0.009034923277795315
mlp_2x100_dropout,90,1,175,0.011871838942170143,0.009034061804413795
mlp_2x100_dropout,90,1,176,0.011880959384143353,0.009034805931150913
mlp_2x100_dropout,90,1,177,0.011913992464542389,0.009034030139446259
mlp_2x100_dropout,90,1,178,0.011877615004777908,0.009035134688019753
mlp_2x100_dropout,90,1,179,0.011899362318217754,0.00903549324721098
mlp_2x100_dropout,90,1,180,0.011878417804837227,0.009035156108438969
mlp_2x100_dropout,90,1,181,0.01186809130012989,0.009034200571477413
mlp_2x100_dropout,90,1,182,0.011889863759279251,0.009035193361341953
mlp_2x100_dropout,90,1,183,0.011868634261190891,0.009033617563545704
mlp_2x100_dropout,90,1,184,0.011879348196089268,0.009034589864313602
mlp_2x100_dropout,90,1,185,0.011877426877617836,0.009034941904246807
mlp_2x100_dropout,90,1,186,0.01187844481319189,0.009034045040607452
mlp_2x100_dropout,90,1,187,0.01189831830561161,0.009035277180373669
mlp_2x100_dropout,90,1,188,0.01186938863247633,0.009034219197928905
mlp_2x100_dropout,90,1,189,0.011912348680198193,0.009034323506057262
mlp_2x100_dropout,90,1,190,0.011868641711771488,0.009034637361764908
mlp_2x100_dropout,90,1,191,0.011867916211485863,0.009034606628119946
mlp_2x100_dropout,90,1,192,0.011866722255945206,0.0090341717004776
mlp_2x100_dropout,90,1,193,0.011869195848703384,0.009033499285578728
mlp_2x100_dropout,90,1,194,0.011865761131048203,0.009034129790961742
mlp_2x100_dropout,90,1,195,0.011878298595547676,0.00903497077524662
mlp_2x100_dropout,90,1,196,0.011870084330439568,0.009035476483404636
mlp_2x100_dropout,90,1,197,0.011868820525705814,0.00903423223644495
mlp_2x100_dropout,90,1,198,0.011866017244756222,0.009033992886543274
mlp_2x100_dropout,90,1,199,0.011873412877321243,0.009034112095832825
mlp_2x100_dropout,90,1,200,0.011871002614498138,0.00903434120118618
mlp_2x100_dropout,90,5,1,0.18842388689517975,0.0055798739194869995
mlp_2x100_dropout,90,5,2,0.008635309524834156,0.004363767337054014
mlp_2x100_dropout,90,5,3,0.0064269802533090115,0.004245673306286335
mlp_2x100_dropout,90,5,4,0.005927046295255423,0.004188960418105125
mlp_2x100_dropout,90,5,5,0.00579479755833745,0.0041832164861261845
mlp_2x100_dropout,90,5,6,0.005738683044910431,0.004173603840172291
mlp_2x100_dropout,90,5,7,0.005683536175638437,0.004171831998974085
mlp_2x100_dropout,90,5,8,0.005664129741489887,0.00417215283960104
mlp_2x100_dropout,90,5,9,0.005624671000987291,0.004171967972069979
mlp_2x100_dropout,90,5,10,0.005588281434029341,0.004172344692051411
mlp_2x100_dropout,90,5,11,0.005587349645793438,0.004172127693891525
mlp_2x100_dropout,90,5,12,0.005567773710936308,0.004172712564468384
mlp_2x100_dropout,90,5,13,0.0055612483993172646,0.004172972869127989
mlp_2x100_dropout,90,5,14,0.005546598695218563,0.004174023866653442
mlp_2x100_dropout,90,5,15,0.005562878679484129,0.004172563552856445
mlp_2x100_dropout,90,5,16,0.005569495260715485,0.004170704632997513
mlp_2x100_dropout,90,5,17,0.005550347734242678,0.0041718194261193275
mlp_2x100_dropout,90,5,18,0.005548377986997366,0.004172796383500099
mlp_2x100_dropout,90,5,19,0.005550417583435774,0.0041731009259819984
mlp_2x100_dropout,90,5,20,0.0055411746725440025,0.004173267167061567
mlp_2x100_dropout,90,5,21,0.005531349219381809,0.004172082990407944
mlp_2x100_dropout,90,5,22,0.00553393829613924,0.004172713961452246
mlp_2x100_dropout,90,5,23,0.00552410539239645,0.004173136781901121
mlp_2x100_dropout,90,5,24,0.005530678667128086,0.004173052962869406
mlp_2x100_dropout,90,5,25,0.00555046834051609,0.004171451088041067
mlp_2x100_dropout,90,5,26,0.005520413164049387,0.004172713495790958
mlp_2x100_dropout,90,5,27,0.0055277966894209385,0.004171330947428942
mlp_2x100_dropout,90,5,28,0.005521563347429037,0.004171717446297407
mlp_2x100_dropout,90,5,29,0.0055173058062791824,0.00417170487344265
mlp_2x100_dropout,90,5,30,0.00553114153444767,0.004170907661318779
mlp_2x100_dropout,90,5,31,0.005543831270188093,0.004172620829194784
mlp_2x100_dropout,90,5,32,0.0055250911973416805,0.004170638509094715
mlp_2x100_dropout,90,5,33,0.005522524006664753,0.004172812681645155
mlp_2x100_dropout,90,5,34,0.005518515128642321,0.004171688109636307
mlp_2x100_dropout,90,5,35,0.0055235037580132484,0.004172368440777063
mlp_2x100_dropout,90,5,36,0.005524800159037113,0.004171418026089668
mlp_2x100_dropout,90,5,37,0.005542199593037367,0.004171784967184067
mlp_2x100_dropout,90,5,38,0.005544477608054876,0.004172012209892273
mlp_2x100_dropout,90,5,39,0.005581133533269167,0.004172054119408131
mlp_2x100_dropout,90,5,40,0.005522424355149269,0.004172408953309059
mlp_2x100_dropout,90,5,41,0.005541791208088398,0.004172478336840868
mlp_2x100_dropout,90,5,42,0.005544769577682018,0.00417193491011858
mlp_2x100_dropout,90,5,43,0.005520837381482124,0.00417348463088274
mlp_2x100_dropout,90,5,44,0.005525390151888132,0.004171532113105059
mlp_2x100_dropout,90,5,45,0.005527992267161608,0.004171973560005426
mlp_2x100_dropout,90,5,46,0.005528551992028952,0.004171543754637241
mlp_2x100_dropout,90,5,47,0.005519802216440439,0.004172168206423521
mlp_2x100_dropout,90,5,48,0.0055213142186403275,0.004171614535152912
mlp_2x100_dropout,90,5,49,0.005528102163225412,0.004172927234321833
mlp_2x100_dropout,90,5,50,0.005526913329958916,0.004172454588115215
mlp_2x100_dropout,90,5,51,0.005536065436899662,0.004172562155872583
mlp_2x100_dropout,90,5,52,0.005519358441233635,0.004172168206423521
mlp_2x100_dropout,90,5,53,0.005533431190997362,0.004171267617493868
mlp_2x100_dropout,90,5,54,0.005519270896911621,0.0041714319959282875
mlp_2x100_dropout,90,5,55,0.005522377789020538,0.0041728150099515915
mlp_2x100_dropout,90,5,56,0.005515568889677525,0.004173311870545149
mlp_2x100_dropout,90,5,57,0.0055155204609036446,0.004173228982836008
mlp_2x100_dropout,90,5,58,0.005517883226275444,0.004172060173004866
mlp_2x100_dropout,90,5,59,0.005517083220183849,0.004170785658061504
mlp_2x100_dropout,90,5,60,0.005515007302165031,0.004172004759311676
mlp_2x100_dropout,90,5,61,0.0055311014875769615,0.00417247973382473
mlp_2x100_dropout,90,5,62,0.005538576748222113,0.004172757267951965
mlp_2x100_dropout,90,5,63,0.005538934376090765,0.0041721579618752
mlp_2x100_dropout,90,5,64,0.005525064654648304,0.004173227585852146
mlp_2x100_dropout,90,5,65,0.0055332486517727375,0.004172335844486952
mlp_2x100_dropout,90,5,66,0.0055221435613930225,0.004172490444034338
mlp_2x100_dropout,90,5,67,0.005539922043681145,0.004171703942120075
mlp_2x100_dropout,90,5,68,0.0055449046194553375,0.0041731055825948715
mlp_2x100_dropout,90,5,69,0.005543819162994623,0.004171350505203009
mlp_2x100_dropout,90,5,70,0.0055364822037518024,0.004171937704086304
mlp_2x100_dropout,90,5,71,0.005526033695787191,0.004172940738499165
mlp_2x100_dropout,90,5,72,0.00551354605704546,0.004172469023615122
mlp_2x100_dropout,90,5,73,0.005523683503270149,0.004171671811491251
mlp_2x100_dropout,90,5,74,0.005523261148482561,0.004171594977378845
mlp_2x100_dropout,90,5,75,0.005540220998227596,0.004172114655375481
mlp_2x100_dropout,90,5,76,0.005513704381883144,0.004172123037278652
mlp_2x100_dropout,90,5,77,0.00552896736189723,0.0041715302504599094
mlp_2x100_dropout,90,5,78,0.005514589603990316,0.004172334913164377
mlp_2x100_dropout,90,5,79,0.005518938880413771,0.004171180538833141
mlp_2x100_dropout,90,5,80,0.005513803567737341,0.004172477405518293
mlp_2x100_dropout,90,5,81,0.005514118354767561,0.004173170775175095
mlp_2x100_dropout,90,5,82,0.0055215186439454556,0.00417264923453331
mlp_2x100_dropout,90,5,83,0.005566427018493414,0.004172196611762047
mlp_2x100_dropout,90,5,84,0.005513996817171574,0.004172195680439472
mlp_2x100_dropout,90,5,85,0.005513922777026892,0.004172314424067736
mlp_2x100_dropout,90,5,86,0.005515159573405981,0.004172946326434612
mlp_2x100_dropout,90,5,87,0.005518870893865824,0.00417143851518631
mlp_2x100_dropout,90,5,88,0.005513395648449659,0.004172592423856258
mlp_2x100_dropout,90,5,89,0.005514024756848812,0.004172869026660919
mlp_2x100_dropout,90,5,90,0.005517604295164347,0.004171723034232855
mlp_2x100_dropout,90,5,91,0.0055131856352090836,0.004171617794781923
mlp_2x100_dropout,90,5,92,0.005514252465218306,0.004170828033238649
mlp_2x100_dropout,90,5,93,0.005514902528375387,0.00417260592803359
mlp_2x100_dropout,90,5,94,0.005514492746442556,0.004172750748693943
mlp_2x100_dropout,90,5,95,0.005514079704880714,0.004172536078840494
mlp_2x100_dropout,90,5,96,0.0055511705577373505,0.004172114655375481
mlp_2x100_dropout,90,5,97,0.0055510071106255054,0.004171593580394983
mlp_2x100_dropout,90,5,98,0.005513494368642569,0.004172387067228556
mlp_2x100_dropout,90,5,99,0.005513415671885014,0.0041726622730493546
mlp_2x100_dropout,90,5,100,0.005513307638466358,0.004172733053565025
mlp_2x100_dropout,90,5,101,0.00551401125267148,0.004171893931925297
mlp_2x100_dropout,90,5,102,0.0055140480399131775,0.004172118380665779
mlp_2x100_dropout,90,5,103,0.005525995045900345,0.0041722641326487064
mlp_2x100_dropout,90,5,104,0.005514631047844887,0.004172889050096273
mlp_2x100_dropout,90,5,105,0.0055143260397017,0.004172338638454676
mlp_2x100_dropout,90,5,106,0.005513589829206467,0.004172326065599918
mlp_2x100_dropout,90,5,107,0.005513378884643316,0.004172292072325945
mlp_2x100_dropout,90,5,108,0.005514351185411215,0.004172098357230425
mlp_2x100_dropout,90,5,109,0.005514395423233509,0.004172413609921932
mlp_2x100_dropout,90,5,110,0.005523921921849251,0.004172765649855137
mlp_2x100_dropout,90,5,111,0.005558995995670557,0.00417195213958621
mlp_2x100_dropout,90,5,112,0.005513596348464489,0.004172222223132849
mlp_2x100_dropout,90,5,113,0.005521140992641449,0.004172119311988354
mlp_2x100_dropout,90,5,114,0.005531162954866886,0.0041724215261638165
mlp_2x100_dropout,90,5,115,0.005514735355973244,0.004172279965132475
mlp_2x100_dropout,90,5,116,0.005516223609447479,0.004172691609710455
mlp_2x100_dropout,90,5,117,0.005517810117453337,0.004172941204160452
mlp_2x100_dropout,90,5,118,0.005512937903404236,0.004171831998974085
mlp_2x100_dropout,90,5,119,0.005513492040336132,0.00417180173099041
mlp_2x100_dropout,90,5,120,0.005513817071914673,0.004171695094555616
mlp_2x100_dropout,90,5,121,0.005513101816177368,0.004172087647020817
mlp_2x100_dropout,90,5,122,0.005524435080587864,0.0041723414324223995
mlp_2x100_dropout,90,5,123,0.005516446195542812,0.004172181244939566
mlp_2x100_dropout,90,5,124,0.005514680407941341,0.004172297660261393
mlp_2x100_dropout,90,5,125,0.005515159107744694,0.004173341207206249
mlp_2x100_dropout,90,5,126,0.005513694137334824,0.004172598011791706
mlp_2x100_dropout,90,5,127,0.0055152191780507565,0.004172800108790398
mlp_2x100_dropout,90,5,128,0.0055138529278337955,0.004171676933765411
mlp_2x100_dropout,90,5,129,0.005513936281204224,0.004172617103904486
mlp_2x100_dropout,90,5,130,0.005513886455446482,0.004171847831457853
mlp_2x100_dropout,90,5,131,0.005514113232493401,0.004172814078629017
mlp_2x100_dropout,90,5,132,0.0055136834271252155,0.0041724927723407745
mlp_2x100_dropout,90,5,133,0.005514107178896666,0.004172964952886105
mlp_2x100_dropout,90,5,134,0.005513183772563934,0.004172425251454115
mlp_2x100_dropout,90,5,135,0.005553882569074631,0.004172659944742918
mlp_2x100_dropout,90,5,136,0.005543146748095751,0.004172397777438164
mlp_2x100_dropout,90,5,137,0.005513935815542936,0.004171132575720549
mlp_2x100_dropout,90,5,138,0.005516499746590853,0.0041720690205693245
mlp_2x100_dropout,90,5,139,0.005513501353561878,0.004171897657215595
mlp_2x100_dropout,90,5,140,0.005513977725058794,0.004170776344835758
mlp_2x100_dropout,90,5,141,0.005513886455446482,0.004172945395112038
mlp_2x100_dropout,90,5,142,0.005514003336429596,0.004171565640717745
mlp_2x100_dropout,90,5,143,0.00551328482106328,0.004172465298324823
mlp_2x100_dropout,90,5,144,0.005513930693268776,0.00417228601872921
mlp_2x100_dropout,90,5,145,0.005513754207640886,0.0041724927723407745
mlp_2x100_dropout,90,5,146,0.005516151897609234,0.004172269254922867
mlp_2x100_dropout,90,5,147,0.0055262926034629345,0.00417219428345561
mlp_2x100_dropout,90,5,148,0.005515302065759897,0.0041713048703968525
mlp_2x100_dropout,90,5,149,0.005514287855476141,0.004172290209680796
mlp_2x100_dropout,90,5,150,0.0055135879665613174,0.004171825014054775
mlp_2x100_dropout,90,5,151,0.005513784475624561,0.004171262960880995
mlp_2x100_dropout,90,5,152,0.00551376398652792,0.0041721598245203495
mlp_2x100_dropout,90,5,153,0.0055134897120296955,0.004172526765614748
mlp_2x100_dropout,90,5,154,0.005513570737093687,0.004172892775386572
mlp_2x100_dropout,90,5,155,0.005514691583812237,0.004171659238636494
mlp_2x100_dropout,90,5,156,0.005571482237428427,0.004171771463006735
mlp_2x100_dropout,90,5,157,0.005513883661478758,0.004171684850007296
mlp_2x100_dropout,90,5,158,0.0055267722345888615,0.004171517677605152
mlp_2x100_dropout,90,5,159,0.005513808690011501,0.004172113258391619
mlp_2x100_dropout,90,5,160,0.005529498681426048,0.004172237124294043
mlp_2x100_dropout,90,5,161,0.005513973068445921,0.0041717723943293095
mlp_2x100_dropout,90,5,162,0.005515230819582939,0.004171700682491064
mlp_2x100_dropout,90,5,163,0.005513851530849934,0.004171674605458975
mlp_2x100_dropout,90,5,164,0.005514340475201607,0.004171960987150669
mlp_2x100_dropout,90,5,165,0.005513363517820835,0.0041723428294062614
mlp_2x100_dropout,90,5,166,0.005513416603207588,0.004172778222709894
mlp_2x100_dropout,90,5,167,0.0055143022909760475,0.004172366112470627
mlp_2x100_dropout,90,5,168,0.005513681564480066,0.004171502310782671
mlp_2x100_dropout,90,5,169,0.005512645468115807,0.004171586595475674
mlp_2x100_dropout,90,5,170,0.005523029714822769,0.004173061344772577
mlp_2x100_dropout,90,5,171,0.005514015909284353,0.004171258769929409
mlp_2x100_dropout,90,5,172,0.005514170974493027,0.004172326996922493
mlp_2x100_dropout,90,5,173,0.005522203631699085,0.004172400571405888
mlp_2x100_dropout,90,5,174,0.005513952113687992,0.004172253888100386
mlp_2x100_dropout,90,5,175,0.005513382609933615,0.0041718813590705395
mlp_2x100_dropout,90,5,176,0.005512918811291456,0.004171198699623346
mlp_2x100_dropout,90,5,177,0.005513674113899469,0.004171921871602535
mlp_2x100_dropout,90,5,178,0.005514105781912804,0.004172052722424269
mlp_2x100_dropout,90,5,179,0.005513742566108704,0.004171178676187992
mlp_2x100_dropout,90,5,180,0.005513500887900591,0.004172448068857193
mlp_2x100_dropout,90,5,181,0.0055142780765891075,0.004172076471149921
mlp_2x100_dropout,90,5,182,0.005513320676982403,0.004172208718955517
mlp_2x100_dropout,90,5,183,0.005514016840606928,0.004172513261437416
mlp_2x100_dropout,90,5,184,0.00551357539370656,0.00417162012308836
mlp_2x100_dropout,90,5,185,0.005513961426913738,0.004171894397586584
mlp_2x100_dropout,90,5,186,0.005513885989785194,0.004171885550022125
mlp_2x100_dropout,90,5,187,0.005514737218618393,0.004171466454863548
mlp_2x100_dropout,90,5,188,0.005513530690222979,0.0041713169775903225
mlp_2x100_dropout,90,5,189,0.005513662472367287,0.004171537235379219
mlp_2x100_dropout,90,5,190,0.005542733706533909,0.0041718133725225925
mlp_2x100_dropout,90,5,191,0.005513688083738089,0.0041718026623129845
mlp_2x100_dropout,90,5,192,0.005513535346835852,0.004171921871602535
mlp_2x100_dropout,90,5,193,0.005513989832252264,0.004171986598521471
mlp_2x100_dropout,90,5,194,0.005514783784747124,0.004170434083789587
mlp_2x100_dropout,90,5,195,0.005513664800673723,0.004172590095549822
mlp_2x100_dropout,90,5,196,0.0055257645435631275,0.0041714985854923725
mlp_2x100_dropout,90,5,197,0.005530638620257378,0.0041722021996974945
mlp_2x100_dropout,90,5,198,0.005514049902558327,0.004173151683062315
mlp_2x100_dropout,90,5,199,0.005514138378202915,0.004172257613390684
mlp_2x100_dropout,90,5,200,0.00551403546705842,0.004171440377831459
mlp_2x100_dropout,90,30,1,0.18783098459243774,0.0032201576977968216
mlp_2x100_dropout,90,30,2,0.005535943899303675,0.0019907746464014053
mlp_2x100_dropout,90,30,3,0.003226382425054908,0.0018632101127877831
mlp_2x100_dropout,90,30,4,0.0028171150479465723,0.001828445470891893
mlp_2x100_dropout,90,30,5,0.0025749350897967815,0.0017916492652148008
mlp_2x100_dropout,90,30,6,0.0025237395893782377,0.0017904250416904688
mlp_2x100_dropout,90,30,7,0.0024211492855101824,0.0017834102036431432
mlp_2x100_dropout,90,30,8,0.002381514059379697,0.0017803105292841792
mlp_2x100_dropout,90,30,9,0.002417994663119316,0.0017829379066824913
mlp_2x100_dropout,90,30,10,0.0023412625305354595,0.0017795450985431671
mlp_2x100_dropout,90,30,11,0.002361276187002659,0.0017807879485189915
mlp_2x100_dropout,90,30,12,0.0023427896667271852,0.0017817633925005794
mlp_2x100_dropout,90,30,13,0.002346145221963525,0.0017799640772864223
mlp_2x100_dropout,90,30,14,0.002322202082723379,0.001781097031198442
mlp_2x100_dropout,90,30,15,0.002321698237210512,0.0017796701285988092
mlp_2x100_dropout,90,30,16,0.0023178537376224995,0.0017798141343519092
mlp_2x100_dropout,90,30,17,0.0023210537619888783,0.0017807750264182687
mlp_2x100_dropout,90,30,18,0.0023142609279602766,0.0017795547610148787
mlp_2x100_dropout,90,30,19,0.002298623789101839,0.001780398073606193
mlp_2x100_dropout,90,30,20,0.0023095766082406044,0.0017811630386859179
mlp_2x100_dropout,90,30,21,0.0023157817777246237,0.0017803892260417342
mlp_2x100_dropout,90,30,22,0.0023061952088028193,0.0017813612939789891
mlp_2x100_dropout,90,30,23,0.0023152376525104046,0.0017798979533836246
mlp_2x100_dropout,90,30,24,0.002320461440831423,0.0017787934048101306
mlp_2x100_dropout,90,30,25,0.002297768834978342,0.0017804132075980306
mlp_2x100_dropout,90,30,26,0.0023022268433123827,0.0017814530292525887
mlp_2x100_dropout,90,30,27,0.0023074871860444546,0.0017810616409406066
mlp_2x100_dropout,90,30,28,0.0023120595142245293,0.0017791322898119688
mlp_2x100_dropout,90,30,29,0.002300990279763937,0.001781698432751
mlp_2x100_dropout,90,30,30,0.0022940419148653746,0.001780043006874621
mlp_2x100_dropout,90,30,31,0.002308229450136423,0.0017809809651225805
mlp_2x100_dropout,90,30,32,0.002300448017194867,0.0017793889855965972
mlp_2x100_dropout,90,30,33,0.0023139105178415775,0.0017800228670239449
mlp_2x100_dropout,90,30,34,0.002324308268725872,0.0017818384803831577
mlp_2x100_dropout,90,30,35,0.002308610826730728,0.0017784192459657788
mlp_2x100_dropout,90,30,36,0.0022934521548449993,0.001781643251888454
mlp_2x100_dropout,90,30,37,0.0022931804414838552,0.0017800763016566634
mlp_2x100_dropout,90,30,38,0.0022896439768373966,0.001780716236680746
mlp_2x100_dropout,90,30,39,0.002294840756803751,0.0017817915650084615
mlp_2x100_dropout,90,30,40,0.0023061800748109818,0.0017816012259572744
mlp_2x100_dropout,90,30,41,0.0023101670667529106,0.0017799236811697483
mlp_2x100_dropout,90,30,42,0.0023125559091567993,0.0017811799189075828
mlp_2x100_dropout,90,30,43,0.002291044918820262,0.0017812612932175398
mlp_2x100_dropout,90,30,44,0.002297287108376622,0.0017813537269830704
mlp_2x100_dropout,90,30,45,0.0022863182239234447,0.0017804476665332913
mlp_2x100_dropout,90,30,46,0.002294330857694149,0.0017810002900660038
mlp_2x100_dropout,90,30,47,0.0022959569469094276,0.0017817136831581593
mlp_2x100_dropout,90,30,48,0.0022958603221923113,0.0017813211306929588
mlp_2x100_dropout,90,30,49,0.002287863986566663,0.001781770959496498
mlp_2x100_dropout,90,30,50,0.0022923194337636232,0.0017814429011195898
mlp_2x100_dropout,90,30,51,0.0022973890881985426,0.0017817405750975013
mlp_2x100_dropout,90,30,52,0.0023037423379719257,0.0017813248559832573
mlp_2x100_dropout,90,30,53,0.002293449593707919,0.001779482001438737
mlp_2x100_dropout,90,30,54,0.002291929442435503,0.0017796553438529372
mlp_2x100_dropout,90,30,55,0.002289824653416872,0.0017797403270378709
mlp_2x100_dropout,90,30,56,0.0022891408298164606,0.0017822547815740108
mlp_2x100_dropout,90,30,57,0.00229547917842865,0.001780643593519926
mlp_2x100_dropout,90,30,58,0.0023003523238003254,0.001781718572601676
mlp_2x100_dropout,90,30,59,0.0022869890090078115,0.0017812135629355907
mlp_2x100_dropout,90,30,60,0.002297773491591215,0.0017813972663134336
mlp_2x100_dropout,90,30,61,0.002327709225937724,0.0017812049482017756
mlp_2x100_dropout,90,30,62,0.002290707314386964,0.001780953025445342
mlp_2x100_dropout,90,30,63,0.00231666537001729,0.001781302154995501
mlp_2x100_dropout,90,30,64,0.0022945816162973642,0.001781351282261312
mlp_2x100_dropout,90,30,65,0.002291320823132992,0.0017811160068958998
mlp_2x100_dropout,90,30,66,0.0022863992489874363,0.0017804834060370922
mlp_2x100_dropout,90,30,67,0.0022889033425599337,0.001780589227564633
mlp_2x100_dropout,90,30,68,0.00229360512457788,0.0017804695526137948
mlp_2x100_dropout,90,30,69,0.0023031015880405903,0.0017801125068217516
mlp_2x100_dropout,90,30,70,0.002299385378137231,0.001781329046934843
mlp_2x100_dropout,90,30,71,0.0022861426696181297,0.0017793247243389487
mlp_2x100_dropout,90,30,72,0.002312837867066264,0.0017806042451411486
mlp_2x100_dropout,90,30,73,0.0023051451425999403,0.0017799388151615858
mlp_2x100_dropout,90,30,74,0.0022973117884248495,0.0017820649081841111
mlp_2x100_dropout,90,30,75,0.0023045416455715895,0.0017807434778660536
mlp_2x100_dropout,90,30,76,0.002299192361533642,0.0017818374326452613
mlp_2x100_dropout,90,30,77,0.002291240496560931,0.0017806595424190164
mlp_2x100_dropout,90,30,78,0.002307566348463297,0.0017804817762225866
mlp_2x100_dropout,90,30,79,0.002299021929502487,0.0017802302027121186
mlp_2x100_dropout,90,30,80,0.0022927618119865656,0.0017810141434893012
mlp_2x100_dropout,90,30,81,0.0022865221835672855,0.0017803336959332228
mlp_2x100_dropout,90,30,82,0.0022875380236655474,0.0017812211299315095
mlp_2x100_dropout,90,30,83,0.002287311013787985,0.0017820872599259019
mlp_2x100_dropout,90,30,84,0.0022878204472362995,0.001780195627361536
mlp_2x100_dropout,90,30,85,0.0023131570778787136,0.0017797650070860982
mlp_2x100_dropout,90,30,86,0.0023122343700379133,0.0017798315966501832
mlp_2x100_dropout,90,30,87,0.002287396229803562,0.001782537205144763
mlp_2x100_dropout,90,30,88,0.002295349957421422,0.0017812647856771946
mlp_2x100_dropout,90,30,89,0.0023394664749503136,0.0017806726973503828
mlp_2x100_dropout,90,30,90,0.002293979050591588,0.001779145561158657
mlp_2x100_dropout,90,30,91,0.002286299364641309,0.0017813044833019376
mlp_2x100_dropout,90,30,92,0.0022981863003224134,0.0017802773509174585
mlp_2x100_dropout,90,30,93,0.002296530408784747,0.0017804725794121623
mlp_2x100_dropout,90,30,94,0.0022865007631480694,0.0017811525613069534
mlp_2x100_dropout,90,30,95,0.0022856518626213074,0.0017812310252338648
mlp_2x100_dropout,90,30,96,0.002290364820510149,0.001780109596438706
mlp_2x100_dropout,90,30,97,0.00228584511205554,0.0017808994743973017
mlp_2x100_dropout,90,30,98,0.0022856153082102537,0.0017805624520406127
mlp_2x100_dropout,90,30,99,0.002286044182255864,0.0017811807338148355
mlp_2x100_dropout,90,30,100,0.0023082359693944454,0.0017816746840253472
mlp_2x100_dropout,90,30,101,0.002293733647093177,0.0017802069196477532
mlp_2x100_dropout,90,30,102,0.0022866791114211082,0.00178058841265738
mlp_2x100_dropout,90,30,103,0.00229583028703928,0.0017826370894908905
mlp_2x100_dropout,90,30,104,0.002285972237586975,0.0017808257834985852
mlp_2x100_dropout,90,30,105,0.002285734750330448,0.0017817604821175337
mlp_2x100_dropout,90,30,106,0.002289123833179474,0.0017803400987759233
mlp_2x100_dropout,90,30,107,0.002285516355186701,0.0017812495352700353
mlp_2x100_dropout,90,30,108,0.0023000789806246758,0.00178219482768327
mlp_2x100_dropout,90,30,109,0.0022969997953623533,0.001779553946107626
mlp_2x100_dropout,90,30,110,0.002288517076522112,0.0017799843335524201
mlp_2x100_dropout,90,30,111,0.0022857291623950005,0.0017794626764953136
mlp_2x100_dropout,90,30,112,0.0022857622243463993,0.001780548132956028
mlp_2x100_dropout,90,30,113,0.0022858206648379564,0.0017814056482166052
mlp_2x100_dropout,90,30,114,0.002285450929775834,0.001780406921170652
mlp_2x100_dropout,90,30,115,0.0022914621513336897,0.0017813079757615924
mlp_2x100_dropout,90,30,116,0.0022859605960547924,0.0017818610649555922
mlp_2x100_dropout,90,30,117,0.0022861198522150517,0.0017813617596402764
mlp_2x100_dropout,90,30,118,0.0022860735189169645,0.0017815736355260015
mlp_2x100_dropout,90,30,119,0.002285740105435252,0.0017813657177612185
mlp_2x100_dropout,90,30,120,0.002285819035023451,0.0017802512738853693
mlp_2x100_dropout,90,30,121,0.002285449765622616,0.0017803723458200693
mlp_2x100_dropout,90,30,122,0.00229129777289927,0.0017802166985347867
mlp_2x100_dropout,90,30,123,0.0022856874857097864,0.001780749298632145
mlp_2x100_dropout,90,30,124,0.0022857787553220987,0.0017810737481340766
mlp_2x100_dropout,90,30,125,0.0023001544177532196,0.0017800710629671812
mlp_2x100_dropout,90,30,126,0.002293566009029746,0.0017806888790801167
mlp_2x100_dropout,90,30,127,0.0023184658493846655,0.0017808795673772693
mlp_2x100_dropout,90,30,128,0.0022952365688979626,0.001780279795639217
mlp_2x100_dropout,90,30,129,0.00228523719124496,0.0017805618699640036
mlp_2x100_dropout,90,30,130,0.002285582944750786,0.0017811370780691504
mlp_2x100_dropout,90,30,131,0.002309551229700446,0.0017801758367568254
mlp_2x100_dropout,90,30,132,0.0022923739161342382,0.0017825140384957194
mlp_2x100_dropout,90,30,133,0.0022860055323690176,0.0017808093689382076
mlp_2x100_dropout,90,30,134,0.0022859168238937855,0.0017812947044149041
mlp_2x100_dropout,90,30,135,0.0022857238072901964,0.0017806816613301635
mlp_2x100_dropout,90,30,136,0.002297082217410207,0.0017806969117373228
mlp_2x100_dropout,90,30,137,0.002285771770402789,0.0017818000633269548
mlp_2x100_dropout,90,30,138,0.0022862839978188276,0.0017805126262828708
mlp_2x100_dropout,90,30,139,0.002285706577822566,0.0017802410293370485
mlp_2x100_dropout,90,30,140,0.0022860602475702763,0.0017810495337471366
mlp_2x100_dropout,90,30,141,0.0022862437181174755,0.0017807288095355034
mlp_2x100_dropout,90,30,142,0.0022867785301059484,0.0017809931887313724
mlp_2x100_dropout,90,30,143,0.0023015665356069803,0.0017811959842219949
mlp_2x100_dropout,90,30,144,0.0022857431322336197,0.0017798063345253468
mlp_2x100_dropout,90,30,145,0.0022856828290969133,0.0017795161111280322
mlp_2x100_dropout,90,30,146,0.002294480800628662,0.001780158025212586
mlp_2x100_dropout,90,30,147,0.0022859324235469103,0.001780302613042295
mlp_2x100_dropout,90,30,148,0.002285789465531707,0.0017810872523114085
mlp_2x100_dropout,90,30,149,0.0022886167280375957,0.0017808843404054642
mlp_2x100_dropout,90,30,150,0.0022858120501041412,0.0017789823468774557
mlp_2x100_dropout,90,30,151,0.0022864399943500757,0.0017810249701142311
mlp_2x100_dropout,90,30,152,0.0022858786396682262,0.0017822249792516232
mlp_2x100_dropout,90,30,153,0.002285220194607973,0.001781631843186915
mlp_2x100_dropout,90,30,154,0.002285902388393879,0.001780873048119247
mlp_2x100_dropout,90,30,155,0.002308711176738143,0.0017803007503971457
mlp_2x100_dropout,90,30,156,0.002285797381773591,0.001780466758646071
mlp_2x100_dropout,90,30,157,0.002285697730258107,0.0017799717606976628
mlp_2x100_dropout,90,30,158,0.0022858267184346914,0.0017796979518607259
mlp_2x100_dropout,90,30,159,0.0022855692077428102,0.0017800327623263001
mlp_2x100_dropout,90,30,160,0.00228875782340765,0.0017810716526582837
mlp_2x100_dropout,90,30,161,0.0022858965676277876,0.0017812729347497225
mlp_2x100_dropout,90,30,162,0.0022855906281620264,0.0017814997117966413
mlp_2x100_dropout,90,30,163,0.0022861931938678026,0.0017808391712605953
mlp_2x100_dropout,90,30,164,0.0022858898155391216,0.0017814894672483206
mlp_2x100_dropout,90,30,165,0.002286298666149378,0.0017792555736377835
mlp_2x100_dropout,90,30,166,0.0022852930705994368,0.0017805566312745214
mlp_2x100_dropout,90,30,167,0.002285956172272563,0.0017810645513236523
mlp_2x100_dropout,90,30,168,0.002286031376570463,0.0017814316088333726
mlp_2x100_dropout,90,30,169,0.002285797381773591,0.0017804632661864161
mlp_2x100_dropout,90,30,170,0.0022858341690152884,0.0017808526754379272
mlp_2x100_dropout,90,30,171,0.0022855387069284916,0.0017808015691116452
mlp_2x100_dropout,90,30,172,0.0022858032025396824,0.0017814914463087916
mlp_2x100_dropout,90,30,173,0.002288517542183399,0.0017805452225729823
mlp_2x100_dropout,90,30,174,0.0022860208991914988,0.0017814418533816934
mlp_2x100_dropout,90,30,175,0.0022858933079987764,0.0017810787539929152
mlp_2x100_dropout,90,30,176,0.002285928465425968,0.0017815838800743222
mlp_2x100_dropout,90,30,177,0.0022860269527882338,0.001780860940925777
mlp_2x100_dropout,90,30,178,0.0022857319563627243,0.0017798981862142682
mlp_2x100_dropout,90,30,179,0.0022952978033572435,0.0017809609416872263
mlp_2x100_dropout,90,30,180,0.0022857843432575464,0.0017814172897487879
mlp_2x100_dropout,90,30,181,0.002286916133016348,0.0017804233357310295
mlp_2x100_dropout,90,30,182,0.00228557619266212,0.0017806087853386998
mlp_2x100_dropout,90,30,183,0.0022859307937324047,0.0017822616500779986
mlp_2x100_dropout,90,30,184,0.002285702619701624,0.0017809506971389055
mlp_2x100_dropout,90,30,185,0.0022859058808535337,0.0017816056497395039
mlp_2x100_dropout,90,30,186,0.002287838142365217,0.0017803929513320327
mlp_2x100_dropout,90,30,187,0.0022871813271194696,0.0017807419644668698
mlp_2x100_dropout,90,30,188,0.002298560691997409,0.0017805786337703466
mlp_2x100_dropout,90,30,189,0.002291798358783126,0.0017798063345253468
mlp_2x100_dropout,90,30,190,0.002285695867612958,0.0017800304340198636
mlp_2x100_dropout,90,30,191,0.002285180613398552,0.0017806123942136765
mlp_2x100_dropout,90,30,192,0.0022855917923152447,0.0017810744466260076
mlp_2x100_dropout,90,30,193,0.0023187589831650257,0.0017819427885115147
mlp_2x100_dropout,90,30,194,0.002285837661474943,0.0017808455741032958
mlp_2x100_dropout,90,30,195,0.0022863189224153757,0.001780831255018711
mlp_2x100_dropout,90,30,196,0.0022860602475702763,0.001780511811375618
mlp_2x100_dropout,90,30,197,0.002285945927724242,0.0017810424324125051
mlp_2x100_dropout,90,30,198,0.0022860905155539513,0.0017810973804444075
mlp_2x100_dropout,90,30,199,0.002285540569573641,0.001781127299182117
mlp_2x100_dropout,90,30,200,0.002285884227603674,0.001781290746293962
mlp_2x100_dropout,90,90,1,0.18798647820949554,0.002504378790035844
mlp_2x100_dropout,90,90,2,0.004724736791104078,0.0012991531984880567
mlp_2x100_dropout,90,90,3,0.002377919154241681,0.001135605270974338
mlp_2x100_dropout,90,90,4,0.001990420976653695,0.0010735448449850082
mlp_2x100_dropout,90,90,5,0.001712427125312388,0.0010555463377386332
mlp_2x100_dropout,90,90,6,0.0016521128127351403,0.0010479048360139132
mlp_2x100_dropout,90,90,7,0.0015932782553136349,0.0010453276336193085
mlp_2x100_dropout,90,90,8,0.0015786701114848256,0.001053260057233274
mlp_2x100_dropout,90,90,9,0.0015244166133925319,0.001045924611389637
mlp_2x100_dropout,90,90,10,0.0014850659063085914,0.001039600931107998
mlp_2x100_dropout,90,90,11,0.001495723961852491,0.0010480545461177826
mlp_2x100_dropout,90,90,12,0.0014767857501283288,0.0010410594986751676
mlp_2x100_dropout,90,90,13,0.001459746272303164,0.0010405804496258497
mlp_2x100_dropout,90,90,14,0.0014674458652734756,0.0010423322673887014
mlp_2x100_dropout,90,90,15,0.0014560261042788625,0.0010406450601294637
mlp_2x100_dropout,90,90,16,0.00145513447932899,0.0010400786995887756
mlp_2x100_dropout,90,90,17,0.001441062311641872,0.0010416770819574594
mlp_2x100_dropout,90,90,18,0.0014506034785881639,0.0010416127042844892
mlp_2x100_dropout,90,90,19,0.0014335747109726071,0.001040387200191617
mlp_2x100_dropout,90,90,20,0.0014385764952749014,0.0010407218942418694
mlp_2x100_dropout,90,90,21,0.0014449539594352245,0.001040846691466868
mlp_2x100_dropout,90,90,22,0.001471846830099821,0.0010414156131446362
mlp_2x100_dropout,90,90,23,0.0014303625794127584,0.0010396532015874982
mlp_2x100_dropout,90,90,24,0.00144183577504009,0.0010409405222162604
mlp_2x100_dropout,90,90,25,0.0014318482717499137,0.0010416334262117743
mlp_2x100_dropout,90,90,26,0.00142431550193578,0.0010387705406174064
mlp_2x100_dropout,90,90,27,0.0014486218569800258,0.0010399380698800087
mlp_2x100_dropout,90,90,28,0.001461002160795033,0.0010394238634034991
mlp_2x100_dropout,90,90,29,0.001431685988791287,0.0010402597254142165
mlp_2x100_dropout,90,90,30,0.001426720293238759,0.001039298134855926
mlp_2x100_dropout,90,90,31,0.0014220973243936896,0.001041559735313058
mlp_2x100_dropout,90,90,32,0.0014286101795732975,0.0010410855757072568
mlp_2x100_dropout,90,90,33,0.0014261577744036913,0.0010407924419268966
mlp_2x100_dropout,90,90,34,0.0014229307416826487,0.0010397090809419751
mlp_2x100_dropout,90,90,35,0.001439298503100872,0.0010405016364529729
mlp_2x100_dropout,90,90,36,0.0014221655437722802,0.0010397173464298248
mlp_2x100_dropout,90,90,37,0.0014189727371558547,0.0010396288707852364
mlp_2x100_dropout,90,90,38,0.0014228319050744176,0.001040003844536841
mlp_2x100_dropout,90,90,39,0.0014358041808009148,0.001039639813825488
mlp_2x100_dropout,90,90,40,0.001442577107809484,0.0010384619235992432
mlp_2x100_dropout,90,90,41,0.0014198708813637495,0.0010403889464214444
mlp_2x100_dropout,90,90,42,0.0014214447000995278,0.001040167873725295
mlp_2x100_dropout,90,90,43,0.0014160331338644028,0.0010394913842901587
mlp_2x100_dropout,90,90,44,0.0014191740192472935,0.0010398547165095806
mlp_2x100_dropout,90,90,45,0.0014217754360288382,0.0010383985936641693
mlp_2x100_dropout,90,90,46,0.0014159911079332232,0.0010394998826086521
mlp_2x100_dropout,90,90,47,0.0014268195955082774,0.0010394981363788247
mlp_2x100_dropout,90,90,48,0.001439655665308237,0.0010396470315754414
mlp_2x100_dropout,90,90,49,0.0014244059566408396,0.001039048540405929
mlp_2x100_dropout,90,90,50,0.0014307257952168584,0.0010402316693216562
mlp_2x100_dropout,90,90,51,0.001417415915057063,0.0010398017475381494
mlp_2x100_dropout,90,90,52,0.0014236548449844122,0.00103940034750849
mlp_2x100_dropout,90,90,53,0.0014206969644874334,0.0010381359606981277
mlp_2x100_dropout,90,90,54,0.0014360584318637848,0.001040914561599493
mlp_2x100_dropout,90,90,55,0.0014394003665074706,0.0010395613498985767
mlp_2x100_dropout,90,90,56,0.0014184053288772702,0.0010398929007351398
mlp_2x100_dropout,90,90,57,0.0014155337121337652,0.0010382004547864199
mlp_2x100_dropout,90,90,58,0.001452024094760418,0.0010393336415290833
mlp_2x100_dropout,90,90,59,0.0014224299229681492,0.0010406333021819592
mlp_2x100_dropout,90,90,60,0.0014168464113026857,0.0010393160628154874
mlp_2x100_dropout,90,90,61,0.0014162299921736121,0.0010402880143374205
mlp_2x100_dropout,90,90,62,0.0014219291042536497,0.001039191149175167
mlp_2x100_dropout,90,90,63,0.0014177676057443023,0.0010406458750367165
mlp_2x100_dropout,90,90,64,0.0014164564199745655,0.0010398722952231765
mlp_2x100_dropout,90,90,65,0.0014183323364704847,0.001039034454151988
mlp_2x100_dropout,90,90,66,0.0014145710738375783,0.0010402633342891932
mlp_2x100_dropout,90,90,67,0.0014143262524157763,0.0010404251515865326
mlp_2x100_dropout,90,90,68,0.001429221942089498,0.0010396004654467106
mlp_2x100_dropout,90,90,69,0.0014194685500115156,0.0010389069793745875
mlp_2x100_dropout,90,90,70,0.0014147169422358274,0.0010394937125965953
mlp_2x100_dropout,90,90,71,0.0014239898882806301,0.0010397147852927446
mlp_2x100_dropout,90,90,72,0.0014171607326716185,0.0010389883536845446
mlp_2x100_dropout,90,90,73,0.0014219935983419418,0.0010392749682068825
mlp_2x100_dropout,90,90,74,0.001419803244061768,0.0010396487778052688
mlp_2x100_dropout,90,90,75,0.0014188247732818127,0.0010392112890258431
mlp_2x100_dropout,90,90,76,0.0014337353641167283,0.0010403493652120233
mlp_2x100_dropout,90,90,77,0.0014169609639793634,0.001038250862620771
mlp_2x100_dropout,90,90,78,0.0014179248828440905,0.001039072754792869
mlp_2x100_dropout,90,90,79,0.001422613044269383,0.0010401785839349031
mlp_2x100_dropout,90,90,80,0.001415877602994442,0.0010404969798400998
mlp_2x100_dropout,90,90,81,0.0014407268026843667,0.001039266586303711
mlp_2x100_dropout,90,90,82,0.0014201386366039515,0.0010391121031716466
mlp_2x100_dropout,90,90,83,0.001414693077094853,0.001039806636981666
mlp_2x100_dropout,90,90,84,0.001414941856637597,0.0010395102435722947
mlp_2x100_dropout,90,90,85,0.0014149864437058568,0.0010400068713352084
mlp_2x100_dropout,90,90,86,0.0014148447662591934,0.0010394821874797344
mlp_2x100_dropout,90,90,87,0.001414507394656539,0.001039801980368793
mlp_2x100_dropout,90,90,88,0.0014201273443177342,0.0010391783434897661
mlp_2x100_dropout,90,90,89,0.0014207439962774515,0.0010398884769529104
mlp_2x100_dropout,90,90,90,0.0014294455759227276,0.0010389686794951558
mlp_2x100_dropout,90,90,91,0.0014173919335007668,0.001039849710650742
mlp_2x100_dropout,90,90,92,0.001435595564544201,0.0010382309556007385
mlp_2x100_dropout,90,90,93,0.0014264420606195927,0.0010402732295915484
mlp_2x100_dropout,90,90,94,0.0014415308833122253,0.0010395157150924206
mlp_2x100_dropout,90,90,95,0.001416459446772933,0.0010385577334091067
mlp_2x100_dropout,90,90,96,0.001415208331309259,0.0010385973146185279
mlp_2x100_dropout,90,90,97,0.0014143465086817741,0.0010410395916551352
mlp_2x100_dropout,90,90,98,0.0014151603681966662,0.00104035553522408
mlp_2x100_dropout,90,90,99,0.001420126180164516,0.00103936402592808
mlp_2x100_dropout,90,90,100,0.0014152431394904852,0.0010398426093161106
mlp_2x100_dropout,90,90,101,0.001416804501786828,0.001038769376464188
mlp_2x100_dropout,90,90,102,0.0014145991299301386,0.0010389031376689672
mlp_2x100_dropout,90,90,103,0.0014145341701805592,0.001039676833897829
mlp_2x100_dropout,90,90,104,0.0014702726621180773,0.00103853945620358
mlp_2x100_dropout,90,90,105,0.0014149249764159322,0.0010384279303252697
mlp_2x100_dropout,90,90,106,0.0014404503162950277,0.0010395051212981343
mlp_2x100_dropout,90,90,107,0.0014144628075882792,0.001039594877511263
mlp_2x100_dropout,90,90,108,0.001416476210579276,0.001038977294228971
mlp_2x100_dropout,90,90,109,0.001415703445672989,0.0010399270104244351
mlp_2x100_dropout,90,90,110,0.001414524158462882,0.0010397478472441435
mlp_2x100_dropout,90,90,111,0.001418186817318201,0.0010381581960245967
mlp_2x100_dropout,90,90,112,0.0014142119325697422,0.0010394934797659516
mlp_2x100_dropout,90,90,113,0.0014145850436761975,0.0010403781197965145
mlp_2x100_dropout,90,90,114,0.0014147019246593118,0.0010402861516922712
mlp_2x100_dropout,90,90,115,0.0014158592093735933,0.0010396364377811551
mlp_2x100_dropout,90,90,116,0.001417741528712213,0.0010405848734080791
mlp_2x100_dropout,90,90,117,0.0014150594361126423,0.0010392189724370837
mlp_2x100_dropout,90,90,118,0.00141435326077044,0.0010391330579295754
mlp_2x100_dropout,90,90,119,0.0014160630526021123,0.0010385410860180855
mlp_2x100_dropout,90,90,120,0.0014157630503177643,0.0010402303887531161
mlp_2x100_dropout,90,90,121,0.0014145829482004046,0.0010397221194580197
mlp_2x100_dropout,90,90,122,0.0014173999661579728,0.0010393270058557391
mlp_2x100_dropout,90,90,123,0.0014257157454267144,0.0010376882273703814
mlp_2x100_dropout,90,90,124,0.001414611702784896,0.0010400647297501564
mlp_2x100_dropout,90,90,125,0.001414517522789538,0.0010393739212304354
mlp_2x100_dropout,90,90,126,0.0014146448811516166,0.0010394760174676776
mlp_2x100_dropout,90,90,127,0.0014181032311171293,0.0010388009250164032
mlp_2x100_dropout,90,90,128,0.001414401805959642,0.00103920535184443
mlp_2x100_dropout,90,90,129,0.001417696475982666,0.0010397149017080665
mlp_2x100_dropout,90,90,130,0.0014146005269140005,0.0010395784629508853
mlp_2x100_dropout,90,90,131,0.0014142458094283938,0.0010390440002083778
mlp_2x100_dropout,90,90,132,0.0014144708402454853,0.0010392464464530349
mlp_2x100_dropout,90,90,133,0.0014141531428322196,0.0010389321250841022
mlp_2x100_dropout,90,90,134,0.0014145420864224434,0.0010399449383839965
mlp_2x100_dropout,90,90,135,0.0014151239302009344,0.0010391523828729987
mlp_2x100_dropout,90,90,136,0.0014168518828228116,0.0010384077904745936
mlp_2x100_dropout,90,90,137,0.0014145640889182687,0.0010399222373962402
mlp_2x100_dropout,90,90,138,0.0014146125176921487,0.0010393091943114996
mlp_2x100_dropout,90,90,139,0.0014222492463886738,0.0010401641484349966
mlp_2x100_dropout,90,90,140,0.001425059512257576,0.0010383991757407784
mlp_2x100_dropout,90,90,141,0.001414401805959642,0.0010396045399829745
mlp_2x100_dropout,90,90,142,0.0014145864406600595,0.0010400734608992934
mlp_2x100_dropout,90,90,143,0.0014144869055598974,0.0010401360923424363
mlp_2x100_dropout,90,90,144,0.0014147888869047165,0.0010399920865893364
mlp_2x100_dropout,90,90,145,0.001421898021362722,0.0010392003459855914
mlp_2x100_dropout,90,90,146,0.0014143125154078007,0.0010388450464233756
mlp_2x100_dropout,90,90,147,0.0014144780579954386,0.0010394287528470159
mlp_2x100_dropout,90,90,148,0.0014149562921375036,0.0010392852127552032
mlp_2x100_dropout,90,90,149,0.0014323954237625003,0.0010389528470113873
mlp_2x100_dropout,90,90,150,0.001414670841768384,0.0010408239904791117
mlp_2x100_dropout,90,90,151,0.0014142346335574985,0.0010392176918685436
mlp_2x100_dropout,90,90,152,0.0014144774759188294,0.00103989418130368
mlp_2x100_dropout,90,90,153,0.0014168857596814632,0.0010385997593402863
mlp_2x100_dropout,90,90,154,0.001416901359334588,0.001037687063217163
mlp_2x100_dropout,90,90,155,0.0014139950508251786,0.0010402535554021597
mlp_2x100_dropout,90,90,156,0.0014146474422886968,0.001039065420627594
mlp_2x100_dropout,90,90,157,0.0014146160101518035,0.0010375784477218986
mlp_2x100_dropout,90,90,158,0.0014156514080241323,0.0010394997661933303
mlp_2x100_dropout,90,90,159,0.0014146862085908651,0.0010398825397714972
mlp_2x100_dropout,90,90,160,0.0014143851585686207,0.0010386316571384668
mlp_2x100_dropout,90,90,161,0.0014147533802315593,0.0010400901082903147
mlp_2x100_dropout,90,90,162,0.001422286033630371,0.001040025381371379
mlp_2x100_dropout,90,90,163,0.0014148724731057882,0.0010388961527496576
mlp_2x100_dropout,90,90,164,0.0014142219442874193,0.0010391961550340056
mlp_2x100_dropout,90,90,165,0.0014144547749310732,0.0010396622819826007
mlp_2x100_dropout,90,90,166,0.0014145985478535295,0.0010396511061117053
mlp_2x100_dropout,90,90,167,0.001414123340509832,0.001039795228280127
mlp_2x100_dropout,90,90,168,0.001414603553712368,0.001038856222294271
mlp_2x100_dropout,90,90,169,0.0014200055738911033,0.0010395743884146214
mlp_2x100_dropout,90,90,170,0.0014147505862638354,0.001040585688315332
mlp_2x100_dropout,90,90,171,0.0014172014780342579,0.001039835624396801
mlp_2x100_dropout,90,90,172,0.0014146342873573303,0.0010403298074379563
mlp_2x100_dropout,90,90,173,0.0014144162414595485,0.0010403381893411279
mlp_2x100_dropout,90,90,174,0.0014159211423248053,0.0010387080255895853
mlp_2x100_dropout,90,90,175,0.0014144601300358772,0.001039303606376052
mlp_2x100_dropout,90,90,176,0.0014144862070679665,0.0010387334041297436
mlp_2x100_dropout,90,90,177,0.0014141625724732876,0.001038945047184825
mlp_2x100_dropout,90,90,178,0.001414495869539678,0.0010396845173090696
mlp_2x100_dropout,90,90,179,0.001414588768966496,0.0010385101195424795
mlp_2x100_dropout,90,90,180,0.0014141799183562398,0.0010398068698123097
mlp_2x100_dropout,90,90,181,0.0014143934240564704,0.0010396295692771673
mlp_2x100_dropout,90,90,182,0.0014146798057481647,0.001039330381900072
mlp_2x100_dropout,90,90,183,0.0014143238076940179,0.0010392604162916541
mlp_2x100_dropout,90,90,184,0.001432842924259603,0.0010414269054308534
mlp_2x100_dropout,90,90,185,0.0014145629247650504,0.001039454829879105
mlp_2x100_dropout,90,90,186,0.0014143326552584767,0.0010388970840722322
mlp_2x100_dropout,90,90,187,0.0014144108863547444,0.0010394619312137365
mlp_2x100_dropout,90,90,188,0.001426097471266985,0.001039460301399231
mlp_2x100_dropout,90,90,189,0.0014146468602120876,0.001039555761963129
mlp_2x100_dropout,90,90,190,0.0014185920590534806,0.0010390902170911431
mlp_2x100_dropout,90,90,191,0.001414218102581799,0.0010393117554485798
mlp_2x100_dropout,90,90,192,0.0014510405017063022,0.0010399669408798218
mlp_2x100_dropout,90,90,193,0.0014145014574751258,0.0010397435398772359
mlp_2x100_dropout,90,90,194,0.0014142285799607635,0.00103867263533175
mlp_2x100_dropout,90,90,195,0.0014142965665087104,0.0010393933625891805
mlp_2x100_dropout,90,90,196,0.0014143873704597354,0.0010393060510978103
mlp_2x100_dropout,90,90,197,0.0014146653702482581,0.0010400180472061038
mlp_2x100_dropout,90,90,198,0.0014145500026643276,0.0010408061789348722
mlp_2x100_dropout,90,90,199,0.0014363984810188413,0.0010381076717749238
mlp_2x100_dropout,90,90,200,0.0014144857414066792,0.0010388022055849433
