model_name,input_window,output_window,epoch,loss,val_loss
mlp_1x64_relu,5,1,1,0.37480053305625916,0.1629307121038437
mlp_1x64_relu,5,1,2,0.15524005889892578,0.08135953545570374
mlp_1x64_relu,5,1,3,0.0826122835278511,0.04544808715581894
mlp_1x64_relu,5,1,4,0.04677658900618553,0.027493227273225784
mlp_1x64_relu,5,1,5,0.029192481189966202,0.018502667546272278
mlp_1x64_relu,5,1,6,0.021080197766423225,0.01442798413336277
mlp_1x64_relu,5,1,7,0.017167717218399048,0.012449546717107296
mlp_1x64_relu,5,1,8,0.015171571634709835,0.011278730817139149
mlp_1x64_relu,5,1,9,0.014073207974433899,0.010592815466225147
mlp_1x64_relu,5,1,10,0.013476019725203514,0.010292216204106808
mlp_1x64_relu,5,1,11,0.013117426075041294,0.010101969353854656
mlp_1x64_relu,5,1,12,0.012910219840705395,0.009833778254687786
mlp_1x64_relu,5,1,13,0.012730238027870655,0.009764759801328182
mlp_1x64_relu,5,1,14,0.012625281699001789,0.009733008220791817
mlp_1x64_relu,5,1,15,0.012465016916394234,0.009728834964334965
mlp_1x64_relu,5,1,16,0.012433771044015884,0.009638169780373573
mlp_1x64_relu,5,1,17,0.012398106046020985,0.009583118371665478
mlp_1x64_relu,5,1,18,0.012304299511015415,0.009510412812232971
mlp_1x64_relu,5,1,19,0.012312423437833786,0.00958945881575346
mlp_1x64_relu,5,1,20,0.012271472252905369,0.009557603858411312
mlp_1x64_relu,5,1,21,0.012229963205754757,0.009611210785806179
mlp_1x64_relu,5,1,22,0.012180145829916,0.009517193771898746
mlp_1x64_relu,5,1,23,0.012167723849415779,0.00949916522949934
mlp_1x64_relu,5,1,24,0.012127572670578957,0.009460151195526123
mlp_1x64_relu,5,1,25,0.012074541300535202,0.00949610210955143
mlp_1x64_relu,5,1,26,0.012053631246089935,0.009486805647611618
mlp_1x64_relu,5,1,27,0.012033266015350819,0.009403211995959282
mlp_1x64_relu,5,1,28,0.011991556733846664,0.009420712478458881
mlp_1x64_relu,5,1,29,0.01196717657148838,0.009443584829568863
mlp_1x64_relu,5,1,30,0.011923464015126228,0.00951816514134407
mlp_1x64_relu,5,1,31,0.011917314492166042,0.009513401426374912
mlp_1x64_relu,5,1,32,0.011899467557668686,0.009518620558083057
mlp_1x64_relu,5,1,33,0.011860706843435764,0.009501469321548939
mlp_1x64_relu,5,1,34,0.01182754710316658,0.009539091028273106
mlp_1x64_relu,5,1,35,0.011812395416200161,0.009566270746290684
mlp_1x64_relu,5,1,36,0.01176886074244976,0.009553125128149986
mlp_1x64_relu,5,1,37,0.011729567311704159,0.009557661600410938
mlp_1x64_relu,5,1,38,0.011692446656525135,0.009558204561471939
mlp_1x64_relu,5,1,39,0.01169360801577568,0.00955030508339405
mlp_1x64_relu,5,1,40,0.011673187837004662,0.009507574141025543
mlp_1x64_relu,5,1,41,0.011636701412498951,0.00954462494701147
mlp_1x64_relu,5,1,42,0.011618525721132755,0.009559380821883678
mlp_1x64_relu,5,1,43,0.011586189270019531,0.00955885648727417
mlp_1x64_relu,5,1,44,0.011545011773705482,0.009560367092490196
mlp_1x64_relu,5,1,45,0.01151229627430439,0.009586970321834087
mlp_1x64_relu,5,1,46,0.011495512910187244,0.009595945477485657
mlp_1x64_relu,5,1,47,0.01148253958672285,0.009612513706088066
mlp_1x64_relu,5,1,48,0.011442841961979866,0.009602641686797142
mlp_1x64_relu,5,1,49,0.011439582332968712,0.009675001725554466
mlp_1x64_relu,5,1,50,0.011403044685721397,0.009610597975552082
mlp_1x64_relu,5,1,51,0.011412370949983597,0.009668940678238869
mlp_1x64_relu,5,1,52,0.011364488862454891,0.009717459790408611
mlp_1x64_relu,5,1,53,0.011358427815139294,0.009704375639557838
mlp_1x64_relu,5,1,54,0.011357642710208893,0.009759577922523022
mlp_1x64_relu,5,1,55,0.011397494934499264,0.00965732242912054
mlp_1x64_relu,5,1,56,0.011330265551805496,0.009679419919848442
mlp_1x64_relu,5,1,57,0.011343361809849739,0.009686308912932873
mlp_1x64_relu,5,1,58,0.011322197504341602,0.009736444801092148
mlp_1x64_relu,5,1,59,0.011305544525384903,0.009630621410906315
mlp_1x64_relu,5,1,60,0.011300213634967804,0.009760425426065922
mlp_1x64_relu,5,1,61,0.011300199665129185,0.009697960689663887
mlp_1x64_relu,5,1,62,0.01130208745598793,0.00970759429037571
mlp_1x64_relu,5,1,63,0.01132433582097292,0.009634576737880707
mlp_1x64_relu,5,1,64,0.01123620755970478,0.009635517373681068
mlp_1x64_relu,5,1,65,0.011191997677087784,0.00974519457668066
mlp_1x64_relu,5,1,66,0.011258631944656372,0.009730305522680283
mlp_1x64_relu,5,1,67,0.011232827790081501,0.009697730652987957
mlp_1x64_relu,5,1,68,0.011305585503578186,0.009680979885160923
mlp_1x64_relu,5,1,69,0.011281727813184261,0.009666524827480316
mlp_1x64_relu,5,1,70,0.011271345429122448,0.009638098999857903
mlp_1x64_relu,5,1,71,0.011246150359511375,0.00973001029342413
mlp_1x64_relu,5,1,72,0.011226237751543522,0.009757598862051964
mlp_1x64_relu,5,1,73,0.01119325403124094,0.009784405119717121
mlp_1x64_relu,5,1,74,0.01119562704116106,0.009721951559185982
mlp_1x64_relu,5,1,75,0.011186381801962852,0.010083542205393314
mlp_1x64_relu,5,1,76,0.011310895904898643,0.009783223271369934
mlp_1x64_relu,5,1,77,0.01122463308274746,0.009816456586122513
mlp_1x64_relu,5,1,78,0.011164235882461071,0.009750268422067165
mlp_1x64_relu,5,1,79,0.011130363680422306,0.009708362631499767
mlp_1x64_relu,5,1,80,0.011159287765622139,0.009876546449959278
mlp_1x64_relu,5,1,81,0.011180045083165169,0.009795847348868847
mlp_1x64_relu,5,1,82,0.011261653155088425,0.009753714315593243
mlp_1x64_relu,5,1,83,0.011140987277030945,0.009775853715837002
mlp_1x64_relu,5,1,84,0.011200083419680595,0.009824628941714764
mlp_1x64_relu,5,1,85,0.011148454621434212,0.009637754410505295
mlp_1x64_relu,5,1,86,0.011107302270829678,0.009901870042085648
mlp_1x64_relu,5,1,87,0.011125621385872364,0.009743976406753063
mlp_1x64_relu,5,1,88,0.011144177988171577,0.009908520616590977
mlp_1x64_relu,5,1,89,0.01120375469326973,0.009694582782685757
mlp_1x64_relu,5,1,90,0.011118675582110882,0.009742927737534046
mlp_1x64_relu,5,1,91,0.011082770302891731,0.009764861315488815
mlp_1x64_relu,5,1,92,0.01108891237527132,0.009948241524398327
mlp_1x64_relu,5,1,93,0.011167618446052074,0.009670811705291271
mlp_1x64_relu,5,1,94,0.011127772741019726,0.010071858763694763
mlp_1x64_relu,5,1,95,0.011202543042600155,0.010036041028797626
mlp_1x64_relu,5,1,96,0.011199161410331726,0.009777280502021313
mlp_1x64_relu,5,1,97,0.011083408258855343,0.009850582107901573
mlp_1x64_relu,5,1,98,0.011076269671320915,0.009803875349462032
mlp_1x64_relu,5,1,99,0.011042359285056591,0.009854227304458618
mlp_1x64_relu,5,1,100,0.011133229359984398,0.009942952543497086
mlp_1x64_relu,5,1,101,0.011147476732730865,0.009789553470909595
mlp_1x64_relu,5,1,102,0.011133383959531784,0.009929787367582321
mlp_1x64_relu,5,1,103,0.0111535107716918,0.009652631357312202
mlp_1x64_relu,5,1,104,0.011051998473703861,0.009778010658919811
mlp_1x64_relu,5,1,105,0.011029581539332867,0.009788033552467823
mlp_1x64_relu,5,1,106,0.011076531372964382,0.009863575920462608
mlp_1x64_relu,5,1,107,0.011095450259745121,0.00982506200671196
mlp_1x64_relu,5,1,108,0.011117486283183098,0.00983341969549656
mlp_1x64_relu,5,1,109,0.011140051297843456,0.009944424033164978
mlp_1x64_relu,5,1,110,0.011181267909705639,0.009759737178683281
mlp_1x64_relu,5,1,111,0.011065728031098843,0.009965195320546627
mlp_1x64_relu,5,1,112,0.011134130880236626,0.009840336628258228
mlp_1x64_relu,5,1,113,0.011124024167656898,0.009899944998323917
mlp_1x64_relu,5,1,114,0.011174001730978489,0.009803333319723606
mlp_1x64_relu,5,1,115,0.011057173833251,0.009784732945263386
mlp_1x64_relu,5,1,116,0.011049593798816204,0.009797523729503155
mlp_1x64_relu,5,1,117,0.011026591062545776,0.009725764393806458
mlp_1x64_relu,5,1,118,0.011029444634914398,0.009841632097959518
mlp_1x64_relu,5,1,119,0.011050339788198471,0.009812870994210243
mlp_1x64_relu,5,1,120,0.011057780124247074,0.009912127628922462
mlp_1x64_relu,5,1,121,0.011095104739069939,0.009816099889576435
mlp_1x64_relu,5,1,122,0.011075196787714958,0.009843893349170685
mlp_1x64_relu,5,1,123,0.011035281233489513,0.009886831045150757
mlp_1x64_relu,5,1,124,0.01100380439311266,0.009755833074450493
mlp_1x64_relu,5,1,125,0.010986555367708206,0.009859918616712093
mlp_1x64_relu,5,1,126,0.010996483266353607,0.009834730997681618
mlp_1x64_relu,5,1,127,0.011077595874667168,0.010011696256697178
mlp_1x64_relu,5,1,128,0.011144575662910938,0.00963282585144043
mlp_1x64_relu,5,1,129,0.010987003333866596,0.00982856284826994
mlp_1x64_relu,5,1,130,0.011000759899616241,0.009747963398694992
mlp_1x64_relu,5,1,131,0.01098293624818325,0.009800978004932404
mlp_1x64_relu,5,1,132,0.011017391458153725,0.00990049634128809
mlp_1x64_relu,5,1,133,0.011009037494659424,0.00972811784595251
mlp_1x64_relu,5,1,134,0.010918068699538708,0.009848457761108875
mlp_1x64_relu,5,1,135,0.010951771400868893,0.009926265105605125
mlp_1x64_relu,5,1,136,0.011009364388883114,0.00977686233818531
mlp_1x64_relu,5,1,137,0.011069743894040585,0.00984047632664442
mlp_1x64_relu,5,1,138,0.011114533059298992,0.0097105223685503
mlp_1x64_relu,5,1,139,0.011168872006237507,0.009723222814500332
mlp_1x64_relu,5,1,140,0.011127983219921589,0.009684699587523937
mlp_1x64_relu,5,1,141,0.011089893989264965,0.009721463546156883
mlp_1x64_relu,5,1,142,0.011084106750786304,0.009697891771793365
mlp_1x64_relu,5,1,143,0.010999568738043308,0.009666590951383114
mlp_1x64_relu,5,1,144,0.01098928414285183,0.009658445604145527
mlp_1x64_relu,5,1,145,0.010997971519827843,0.010038347914814949
mlp_1x64_relu,5,1,146,0.011167874559760094,0.009732468985021114
mlp_1x64_relu,5,1,147,0.010972990654408932,0.009691786952316761
mlp_1x64_relu,5,1,148,0.010968470945954323,0.00973792839795351
mlp_1x64_relu,5,1,149,0.011007221415638924,0.009695676155388355
mlp_1x64_relu,5,1,150,0.010951449163258076,0.009728573262691498
mlp_1x64_relu,5,1,151,0.010991034097969532,0.009857389144599438
mlp_1x64_relu,5,1,152,0.011066512204706669,0.009756137616932392
mlp_1x64_relu,5,1,153,0.011016439646482468,0.009739470668137074
mlp_1x64_relu,5,1,154,0.011034899391233921,0.009684953838586807
mlp_1x64_relu,5,1,155,0.010957099497318268,0.009758998639881611
mlp_1x64_relu,5,1,156,0.011049295775592327,0.009783647954463959
mlp_1x64_relu,5,1,157,0.01102773379534483,0.009695073589682579
mlp_1x64_relu,5,1,158,0.010944618843495846,0.009785433299839497
mlp_1x64_relu,5,1,159,0.011005541309714317,0.009700445458292961
mlp_1x64_relu,5,1,160,0.010957364924252033,0.009664430283010006
mlp_1x64_relu,5,1,161,0.010994182899594307,0.009870111010968685
mlp_1x64_relu,5,1,162,0.010998820886015892,0.009695990942418575
mlp_1x64_relu,5,1,163,0.010930978693068027,0.009677463211119175
mlp_1x64_relu,5,1,164,0.010954643599689007,0.009818327613174915
mlp_1x64_relu,5,1,165,0.011034449562430382,0.009853601455688477
mlp_1x64_relu,5,1,166,0.011135651730000973,0.009632068686187267
mlp_1x64_relu,5,1,167,0.010974464006721973,0.009746822528541088
mlp_1x64_relu,5,1,168,0.011037674732506275,0.009677659720182419
mlp_1x64_relu,5,1,169,0.011003685183823109,0.009753217920660973
mlp_1x64_relu,5,1,170,0.011020487174391747,0.00977262482047081
mlp_1x64_relu,5,1,171,0.011070015840232372,0.009672587737441063
mlp_1x64_relu,5,1,172,0.01100025326013565,0.009799369610846043
mlp_1x64_relu,5,1,173,0.011006079614162445,0.009642778895795345
mlp_1x64_relu,5,1,174,0.011019476689398289,0.009687206707894802
mlp_1x64_relu,5,1,175,0.010969189926981926,0.009613940492272377
mlp_1x64_relu,5,1,176,0.010924095287919044,0.009653336368501186
mlp_1x64_relu,5,1,177,0.010934647172689438,0.009637796320021152
mlp_1x64_relu,5,1,178,0.010965188033878803,0.009684938937425613
mlp_1x64_relu,5,1,179,0.010906735435128212,0.009740358218550682
mlp_1x64_relu,5,1,180,0.010934754274785519,0.009819305501878262
mlp_1x64_relu,5,1,181,0.010948189534246922,0.009667712263762951
mlp_1x64_relu,5,1,182,0.010917208157479763,0.009709155187010765
mlp_1x64_relu,5,1,183,0.010922424495220184,0.009791451506316662
mlp_1x64_relu,5,1,184,0.010913744568824768,0.009825730696320534
mlp_1x64_relu,5,1,185,0.011013733223080635,0.009683996438980103
mlp_1x64_relu,5,1,186,0.010984115302562714,0.00965841393917799
mlp_1x64_relu,5,1,187,0.010905775241553783,0.009653398767113686
mlp_1x64_relu,5,1,188,0.010915917344391346,0.009692762047052383
mlp_1x64_relu,5,1,189,0.010896584950387478,0.00970835518091917
mlp_1x64_relu,5,1,190,0.01093624159693718,0.009784581139683723
mlp_1x64_relu,5,1,191,0.011032835580408573,0.0097275385633111
mlp_1x64_relu,5,1,192,0.011002594605088234,0.009658812545239925
mlp_1x64_relu,5,1,193,0.010902194306254387,0.009711073711514473
mlp_1x64_relu,5,1,194,0.01097861584275961,0.009686625562608242
mlp_1x64_relu,5,1,195,0.010886438190937042,0.009790387935936451
mlp_1x64_relu,5,1,196,0.010943125933408737,0.009740901179611683
mlp_1x64_relu,5,1,197,0.011015819385647774,0.00962905678898096
mlp_1x64_relu,5,1,198,0.01090239267796278,0.009813735261559486
mlp_1x64_relu,5,1,199,0.0109467264264822,0.00972228217869997
mlp_1x64_relu,5,1,200,0.010933996178209782,0.009734365157783031
mlp_1x64_relu,5,1,201,0.010948910377919674,0.009783816523849964
mlp_1x64_relu,5,1,202,0.011039200238883495,0.009727122262120247
mlp_1x64_relu,5,1,203,0.010939963161945343,0.009689955972135067
mlp_1x64_relu,5,1,204,0.010920539498329163,0.009725595824420452
mlp_1x64_relu,5,1,205,0.010907966643571854,0.009670575149357319
mlp_1x64_relu,5,1,206,0.01084593590348959,0.009793058969080448
mlp_1x64_relu,5,1,207,0.010893707163631916,0.009697792120277882
mlp_1x64_relu,5,1,208,0.01092543825507164,0.009739228524267673
mlp_1x64_relu,5,1,209,0.010864238254725933,0.009783732704818249
mlp_1x64_relu,5,1,210,0.010889190249145031,0.009838216938078403
mlp_1x64_relu,5,1,211,0.010956444777548313,0.009838241152465343
mlp_1x64_relu,5,1,212,0.010957987979054451,0.009723708033561707
mlp_1x64_relu,5,1,213,0.01083624828606844,0.00975053384900093
mlp_1x64_relu,5,1,214,0.010915890336036682,0.009767367504537106
mlp_1x64_relu,5,1,215,0.011043243110179901,0.009877929463982582
mlp_1x64_relu,5,1,216,0.011047436855733395,0.009839008562266827
mlp_1x64_relu,5,1,217,0.0109956543892622,0.009716404601931572
mlp_1x64_relu,5,1,218,0.010920465923845768,0.009674880653619766
mlp_1x64_relu,5,1,219,0.01095416396856308,0.009695695713162422
mlp_1x64_relu,5,1,220,0.010945528745651245,0.009720100089907646
mlp_1x64_relu,5,1,221,0.011007901281118393,0.009696206077933311
mlp_1x64_relu,5,1,222,0.01104281097650528,0.009625154547393322
mlp_1x64_relu,5,1,223,0.010900598019361496,0.009812260046601295
mlp_1x64_relu,5,1,224,0.010905834846198559,0.009749290533363819
mlp_1x64_relu,5,1,225,0.01089969277381897,0.009749096818268299
mlp_1x64_relu,5,1,226,0.010887871496379375,0.00994815956801176
mlp_1x64_relu,5,1,227,0.010908455587923527,0.009731603786349297
mlp_1x64_relu,5,1,228,0.010889929719269276,0.00972478836774826
mlp_1x64_relu,5,1,229,0.01091412641108036,0.009821582585573196
mlp_1x64_relu,5,1,230,0.011026156134903431,0.009684193879365921
mlp_1x64_relu,5,1,231,0.010859517380595207,0.009714658372104168
mlp_1x64_relu,5,1,232,0.010891268029808998,0.00988089106976986
mlp_1x64_relu,5,1,233,0.011051959358155727,0.009830738417804241
mlp_1x64_relu,5,1,234,0.010952265933156013,0.009735253639519215
mlp_1x64_relu,5,1,235,0.010899743996560574,0.009799146093428135
mlp_1x64_relu,5,1,236,0.011009584181010723,0.009872819297015667
mlp_1x64_relu,5,1,237,0.011011523194611073,0.009737499058246613
mlp_1x64_relu,5,1,238,0.01090974174439907,0.0097461873665452
mlp_1x64_relu,5,1,239,0.010881176218390465,0.00973749253898859
mlp_1x64_relu,5,1,240,0.01089878287166357,0.009714500978589058
mlp_1x64_relu,5,1,241,0.01096022967249155,0.009700614959001541
mlp_1x64_relu,5,1,242,0.011034988798201084,0.009783482179045677
mlp_1x64_relu,5,1,243,0.01103885006159544,0.009733021259307861
mlp_1x64_relu,5,1,244,0.010899710468947887,0.009723705239593983
mlp_1x64_relu,5,1,245,0.010862183757126331,0.009858246892690659
mlp_1x64_relu,5,1,246,0.010959000326693058,0.009721002541482449
mlp_1x64_relu,5,1,247,0.01088557206094265,0.00975617952644825
mlp_1x64_relu,5,1,248,0.01101270318031311,0.009636571630835533
mlp_1x64_relu,5,1,249,0.011000216007232666,0.009724734351038933
mlp_1x64_relu,5,1,250,0.01098449993878603,0.009750869125127792
mlp_1x64_relu,5,1,251,0.01098610833287239,0.009749534539878368
mlp_1x64_relu,5,1,252,0.011022672057151794,0.009644837118685246
mlp_1x64_relu,5,1,253,0.01098630391061306,0.009742695838212967
mlp_1x64_relu,5,1,254,0.01104063168168068,0.009628059342503548
mlp_1x64_relu,5,1,255,0.010955028235912323,0.009801424108445644
mlp_1x64_relu,5,1,256,0.0109710693359375,0.009798713959753513
mlp_1x64_relu,5,1,257,0.010947952046990395,0.009766202419996262
mlp_1x64_relu,5,1,258,0.010997715406119823,0.009665831923484802
mlp_1x64_relu,5,1,259,0.010911455377936363,0.009666282683610916
mlp_1x64_relu,5,1,260,0.010866682976484299,0.009584294632077217
mlp_1x64_relu,5,1,261,0.010878349654376507,0.009724961593747139
mlp_1x64_relu,5,1,262,0.010875066742300987,0.009809299372136593
mlp_1x64_relu,5,1,263,0.010908648371696472,0.00977912824600935
mlp_1x64_relu,5,1,264,0.010926439426839352,0.009646371006965637
mlp_1x64_relu,5,1,265,0.010872019454836845,0.00965949334204197
mlp_1x64_relu,5,1,266,0.010859214700758457,0.009640070609748363
mlp_1x64_relu,5,1,267,0.010934804566204548,0.009800584986805916
mlp_1x64_relu,5,1,268,0.010977559722959995,0.009643280878663063
mlp_1x64_relu,5,1,269,0.010900271125137806,0.009701495990157127
mlp_1x64_relu,5,1,270,0.01096178125590086,0.009730021469295025
mlp_1x64_relu,5,1,271,0.011069543659687042,0.009716305881738663
mlp_1x64_relu,5,1,272,0.010927233844995499,0.009694964624941349
mlp_1x64_relu,5,1,273,0.010940699838101864,0.009729416109621525
mlp_1x64_relu,5,1,274,0.010927083902060986,0.00970845203846693
mlp_1x64_relu,5,1,275,0.010914919897913933,0.009615915827453136
mlp_1x64_relu,5,1,276,0.01088040228933096,0.009632349014282227
mlp_1x64_relu,5,1,277,0.010931061580777168,0.009795515798032284
mlp_1x64_relu,5,1,278,0.011028223671019077,0.009688729420304298
mlp_1x64_relu,5,1,279,0.010907075367867947,0.009682812727987766
mlp_1x64_relu,5,1,280,0.010967052541673183,0.009718126617372036
mlp_1x64_relu,5,1,281,0.010934670455753803,0.009638287127017975
mlp_1x64_relu,5,1,282,0.01090133935213089,0.009750773198902607
mlp_1x64_relu,5,1,283,0.010905478149652481,0.009636592119932175
mlp_1x64_relu,5,1,284,0.010904647409915924,0.009837115183472633
mlp_1x64_relu,5,1,285,0.010888841934502125,0.009712651371955872
mlp_1x64_relu,5,1,286,0.010888743214309216,0.009794206358492374
mlp_1x64_relu,5,1,287,0.010836843401193619,0.00970673281699419
mlp_1x64_relu,5,1,288,0.010934076271951199,0.009724306873977184
mlp_1x64_relu,5,1,289,0.010868770070374012,0.009676962159574032
mlp_1x64_relu,5,1,290,0.010875910520553589,0.009785736910998821
mlp_1x64_relu,5,1,291,0.010933107696473598,0.009744027629494667
mlp_1x64_relu,5,1,292,0.01089440193027258,0.009694335982203484
mlp_1x64_relu,5,1,293,0.01083933375775814,0.009685948491096497
mlp_1x64_relu,5,1,294,0.01083107478916645,0.009666582569479942
mlp_1x64_relu,5,1,295,0.01095379889011383,0.009693568572402
mlp_1x64_relu,5,1,296,0.010937895625829697,0.009728857316076756
mlp_1x64_relu,5,1,297,0.010861791670322418,0.00970921665430069
mlp_1x64_relu,5,1,298,0.010861985385417938,0.009666471742093563
mlp_1x64_relu,5,1,299,0.010896313935518265,0.009711569175124168
mlp_1x64_relu,5,1,300,0.010849228128790855,0.00983131118118763
mlp_1x64_relu,5,1,301,0.010943664237856865,0.009680984541773796
mlp_1x64_relu,5,1,302,0.01089790090918541,0.009796814993023872
mlp_1x64_relu,5,1,303,0.010943739674985409,0.009647354483604431
mlp_1x64_relu,5,1,304,0.010929242707788944,0.009627129882574081
mlp_1x64_relu,5,1,305,0.010861515998840332,0.009697814472019672
mlp_1x64_relu,5,1,306,0.010929281823337078,0.009870425797998905
mlp_1x64_relu,5,1,307,0.010933772660791874,0.009638532064855099
mlp_1x64_relu,5,1,308,0.01082189567387104,0.009767898358404636
mlp_1x64_relu,5,1,309,0.010868819430470467,0.009691478684544563
mlp_1x64_relu,5,1,310,0.010918380692601204,0.009786076843738556
mlp_1x64_relu,5,1,311,0.010894570499658585,0.009735971689224243
mlp_1x64_relu,5,1,312,0.010900329798460007,0.009704288095235825
mlp_1x64_relu,5,1,313,0.010856954380869865,0.009700027294456959
mlp_1x64_relu,5,1,314,0.01086471974849701,0.00973410252481699
mlp_1x64_relu,5,1,315,0.01094105839729309,0.009630076587200165
mlp_1x64_relu,5,1,316,0.010868407785892487,0.009798836894333363
mlp_1x64_relu,5,1,317,0.010993213392794132,0.0097370445728302
mlp_1x64_relu,5,1,318,0.010996917262673378,0.009770956821739674
mlp_1x64_relu,5,1,319,0.01094013825058937,0.009644197300076485
mlp_1x64_relu,5,1,320,0.01090021152049303,0.009707561694085598
mlp_1x64_relu,5,1,321,0.010941673070192337,0.00974477082490921
mlp_1x64_relu,5,1,322,0.010977817699313164,0.009744749404489994
mlp_1x64_relu,5,1,323,0.010958899743855,0.009686736389994621
mlp_1x64_relu,5,1,324,0.010885369963943958,0.009654448367655277
mlp_1x64_relu,5,1,325,0.010862455703318119,0.009713899344205856
mlp_1x64_relu,5,1,326,0.010828687809407711,0.009752295911312103
mlp_1x64_relu,5,1,327,0.010862555354833603,0.009701007045805454
mlp_1x64_relu,5,1,328,0.010877296328544617,0.009825196117162704
mlp_1x64_relu,5,1,329,0.010907488875091076,0.00963670015335083
mlp_1x64_relu,5,1,330,0.010907569900155067,0.00986419152468443
mlp_1x64_relu,5,1,331,0.011014258489012718,0.009653178043663502
mlp_1x64_relu,5,1,332,0.010918036103248596,0.0096992002800107
mlp_1x64_relu,5,1,333,0.010873903520405293,0.009686381556093693
mlp_1x64_relu,5,1,334,0.010885542258620262,0.009730401448905468
mlp_1x64_relu,5,1,335,0.011032014153897762,0.009759893640875816
mlp_1x64_relu,5,1,336,0.010952651500701904,0.009695101529359818
mlp_1x64_relu,5,1,337,0.010878033936023712,0.009779638610780239
mlp_1x64_relu,5,1,338,0.010855613276362419,0.009746410883963108
mlp_1x64_relu,5,1,339,0.010840668343007565,0.009784667752683163
mlp_1x64_relu,5,1,340,0.010830163955688477,0.009740208275616169
mlp_1x64_relu,5,1,341,0.01090827863663435,0.009714065119624138
mlp_1x64_relu,5,1,342,0.0108468197286129,0.009699850343167782
mlp_1x64_relu,5,1,343,0.0109273511916399,0.0097569040954113
mlp_1x64_relu,5,1,344,0.010943558998405933,0.009709625504910946
mlp_1x64_relu,5,1,345,0.010857237502932549,0.009632240980863571
mlp_1x64_relu,5,1,346,0.010791310109198093,0.009774323552846909
mlp_1x64_relu,5,1,347,0.010865293443202972,0.009758495725691319
mlp_1x64_relu,5,1,348,0.01086164079606533,0.009763623587787151
mlp_1x64_relu,5,1,349,0.010837920941412449,0.009684382006525993
mlp_1x64_relu,5,1,350,0.010885394178330898,0.009769382886588573
mlp_1x64_relu,5,1,351,0.01094217598438263,0.009623706340789795
mlp_1x64_relu,5,1,352,0.010898047126829624,0.009781409986317158
mlp_1x64_relu,5,1,353,0.010931044816970825,0.009688079357147217
mlp_1x64_relu,5,1,354,0.010840816423296928,0.00973528902977705
mlp_1x64_relu,5,1,355,0.010958913713693619,0.00969160720705986
mlp_1x64_relu,5,1,356,0.010937170125544071,0.00971128884702921
mlp_1x64_relu,5,1,357,0.01083928719162941,0.009668008424341679
mlp_1x64_relu,5,1,358,0.010784641839563847,0.009775975719094276
mlp_1x64_relu,5,1,359,0.010833585634827614,0.009753117337822914
mlp_1x64_relu,5,1,360,0.010839618742465973,0.00978127308189869
mlp_1x64_relu,5,1,361,0.010904647409915924,0.009632374159991741
mlp_1x64_relu,5,1,362,0.010844211094081402,0.009718469344079494
mlp_1x64_relu,5,1,363,0.010876184329390526,0.009684707969427109
mlp_1x64_relu,5,1,364,0.01086428202688694,0.00974825769662857
mlp_1x64_relu,5,1,365,0.010782940313220024,0.009692734107375145
mlp_1x64_relu,5,1,366,0.010838489048182964,0.009752404876053333
mlp_1x64_relu,5,1,367,0.010891005396842957,0.009705762378871441
mlp_1x64_relu,5,1,368,0.01079035084694624,0.009783201850950718
mlp_1x64_relu,5,1,369,0.010823337361216545,0.009708834812045097
mlp_1x64_relu,5,1,370,0.010855305008590221,0.009748571552336216
mlp_1x64_relu,5,1,371,0.011011995375156403,0.009737595915794373
mlp_1x64_relu,5,1,372,0.011096273548901081,0.009643198922276497
mlp_1x64_relu,5,1,373,0.01087944582104683,0.00965797621756792
mlp_1x64_relu,5,1,374,0.010840230621397495,0.009735235944390297
mlp_1x64_relu,5,1,375,0.01084086298942566,0.00968005321919918
mlp_1x64_relu,5,1,376,0.010861305519938469,0.009818975813686848
mlp_1x64_relu,5,1,377,0.010935558937489986,0.009645873680710793
mlp_1x64_relu,5,1,378,0.010892289690673351,0.009743647649884224
mlp_1x64_relu,5,1,379,0.010949348099529743,0.009724518284201622
mlp_1x64_relu,5,1,380,0.010874610394239426,0.009710485115647316
mlp_1x64_relu,5,1,381,0.010884336195886135,0.009709004312753677
mlp_1x64_relu,5,1,382,0.010864314623177052,0.009699875488877296
mlp_1x64_relu,5,1,383,0.010927543044090271,0.00977331306785345
mlp_1x64_relu,5,1,384,0.010893375612795353,0.009666472673416138
mlp_1x64_relu,5,1,385,0.010827172547578812,0.009706362150609493
mlp_1x64_relu,5,1,386,0.010785765014588833,0.009719840250909328
mlp_1x64_relu,5,1,387,0.010840647853910923,0.009701157920062542
mlp_1x64_relu,5,1,388,0.010844770818948746,0.009735112078487873
mlp_1x64_relu,5,1,389,0.010828041471540928,0.009806289337575436
mlp_1x64_relu,5,1,390,0.010842105373740196,0.009774883277714252
mlp_1x64_relu,5,1,391,0.01087221223860979,0.009858890436589718
mlp_1x64_relu,5,1,392,0.010920679196715355,0.009750771336257458
mlp_1x64_relu,5,1,393,0.010878350585699081,0.009662393480539322
mlp_1x64_relu,5,1,394,0.010825841687619686,0.0097596924751997
mlp_1x64_relu,5,1,395,0.010925432667136192,0.009723510593175888
mlp_1x64_relu,5,1,396,0.010896206833422184,0.009662795811891556
mlp_1x64_relu,5,1,397,0.010844764299690723,0.0097825201228261
mlp_1x64_relu,5,1,398,0.010885600000619888,0.009667525067925453
mlp_1x64_relu,5,1,399,0.01082732155919075,0.00969101581722498
mlp_1x64_relu,5,1,400,0.010875480249524117,0.009694174863398075
mlp_1x64_relu,5,1,401,0.010862281545996666,0.009818543680012226
mlp_1x64_relu,5,1,402,0.010908066295087337,0.00971158966422081
mlp_1x64_relu,5,1,403,0.010900395922362804,0.009733575396239758
mlp_1x64_relu,5,1,404,0.010945990681648254,0.00966783706098795
mlp_1x64_relu,5,1,405,0.010858011431992054,0.009842484258115292
mlp_1x64_relu,5,1,406,0.010941190645098686,0.009726873598992825
mlp_1x64_relu,5,1,407,0.01085312757641077,0.00966829527169466
mlp_1x64_relu,5,1,408,0.010846229270100594,0.00973600521683693
mlp_1x64_relu,5,1,409,0.010824119672179222,0.009659881703555584
mlp_1x64_relu,5,1,410,0.01083447691053152,0.009804533794522285
mlp_1x64_relu,5,1,411,0.010932937264442444,0.009771875105798244
mlp_1x64_relu,5,1,412,0.010766570456326008,0.009741760790348053
mlp_1x64_relu,5,1,413,0.010801226831972599,0.009759614244103432
mlp_1x64_relu,5,1,414,0.01086942944675684,0.009773104451596737
mlp_1x64_relu,5,1,415,0.01094901841133833,0.009710763581097126
mlp_1x64_relu,5,1,416,0.01082720048725605,0.009706673212349415
mlp_1x64_relu,5,1,417,0.0107953492552042,0.00974652823060751
mlp_1x64_relu,5,1,418,0.010807153768837452,0.009722946211695671
mlp_1x64_relu,5,1,419,0.010818216018378735,0.009835053235292435
mlp_1x64_relu,5,1,420,0.010798404924571514,0.00964675284922123
mlp_1x64_relu,5,1,421,0.010821434669196606,0.009779308922588825
mlp_1x64_relu,5,1,422,0.010843676514923573,0.009689263999462128
mlp_1x64_relu,5,1,423,0.010816696099936962,0.009718858636915684
mlp_1x64_relu,5,1,424,0.010825743898749352,0.009724087081849575
mlp_1x64_relu,5,1,425,0.01087005715817213,0.009822280146181583
mlp_1x64_relu,5,1,426,0.010776408016681671,0.009696809574961662
mlp_1x64_relu,5,1,427,0.010823547840118408,0.009878383949398994
mlp_1x64_relu,5,1,428,0.010861165821552277,0.009716646745800972
mlp_1x64_relu,5,1,429,0.010862200520932674,0.009772497229278088
mlp_1x64_relu,5,1,430,0.01088451687246561,0.009681950323283672
mlp_1x64_relu,5,1,431,0.01091035082936287,0.009725978597998619
mlp_1x64_relu,5,1,432,0.01087516825646162,0.009678683243691921
mlp_1x64_relu,5,1,433,0.010826931335031986,0.009786801412701607
mlp_1x64_relu,5,1,434,0.01079657580703497,0.009814274497330189
mlp_1x64_relu,5,1,435,0.010919022373855114,0.009741730988025665
mlp_1x64_relu,5,1,436,0.010900438763201237,0.009656048379838467
mlp_1x64_relu,5,1,437,0.010773921385407448,0.009804959408938885
mlp_1x64_relu,5,1,438,0.010806417092680931,0.0097684720531106
mlp_1x64_relu,5,1,439,0.010832682251930237,0.009720899164676666
mlp_1x64_relu,5,1,440,0.01093723438680172,0.009729793295264244
mlp_1x64_relu,5,1,441,0.010800909250974655,0.009742301888763905
mlp_1x64_relu,5,1,442,0.010784488171339035,0.00972252618521452
mlp_1x64_relu,5,1,443,0.010753696784377098,0.009767023846507072
mlp_1x64_relu,5,1,444,0.010791379027068615,0.009754805825650692
mlp_1x64_relu,5,1,445,0.010837588459253311,0.009811674244701862
mlp_1x64_relu,5,1,446,0.01091007236391306,0.009753252379596233
mlp_1x64_relu,5,1,447,0.01091711688786745,0.009729880839586258
mlp_1x64_relu,5,1,448,0.010895363986492157,0.009700377471745014
mlp_1x64_relu,5,1,449,0.010832092724740505,0.009738307446241379
mlp_1x64_relu,5,1,450,0.010831768624484539,0.009815205819904804
mlp_1x64_relu,5,1,451,0.010857182554900646,0.00971714686602354
mlp_1x64_relu,5,1,452,0.010916327126324177,0.009739850647747517
mlp_1x64_relu,5,1,453,0.010884694755077362,0.009728804230690002
mlp_1x64_relu,5,1,454,0.010874498635530472,0.009692003019154072
mlp_1x64_relu,5,1,455,0.01094763446599245,0.00980475265532732
mlp_1x64_relu,5,1,456,0.010885113850235939,0.009720785543322563
mlp_1x64_relu,5,1,457,0.010846670717000961,0.009766069240868092
mlp_1x64_relu,5,1,458,0.010827535763382912,0.009738845750689507
mlp_1x64_relu,5,1,459,0.01073716301470995,0.009780842810869217
mlp_1x64_relu,5,1,460,0.01082532573491335,0.009698038920760155
mlp_1x64_relu,5,1,461,0.010855922475457191,0.009757762774825096
mlp_1x64_relu,5,1,462,0.010836273431777954,0.009769568219780922
mlp_1x64_relu,5,1,463,0.010855142958462238,0.009700801223516464
mlp_1x64_relu,5,1,464,0.010907006449997425,0.009779935702681541
mlp_1x64_relu,5,1,465,0.010964972898364067,0.009666470810770988
mlp_1x64_relu,5,1,466,0.010852052830159664,0.0097096161916852
mlp_1x64_relu,5,1,467,0.010736692696809769,0.009799586609005928
mlp_1x64_relu,5,1,468,0.010799764655530453,0.009765490889549255
mlp_1x64_relu,5,1,469,0.010832508094608784,0.009741777554154396
mlp_1x64_relu,5,1,470,0.01082804799079895,0.00972297415137291
mlp_1x64_relu,5,1,471,0.010823375545442104,0.009786629118025303
mlp_1x64_relu,5,1,472,0.010870627127587795,0.009754900820553303
mlp_1x64_relu,5,1,473,0.010814996436238289,0.009732178412377834
mlp_1x64_relu,5,1,474,0.010764976032078266,0.009747475385665894
mlp_1x64_relu,5,1,475,0.010797093622386456,0.009803366847336292
mlp_1x64_relu,5,1,476,0.010842334479093552,0.009791385382413864
mlp_1x64_relu,5,1,477,0.010860973037779331,0.00971286278218031
mlp_1x64_relu,5,1,478,0.010816927067935467,0.009743199683725834
mlp_1x64_relu,5,1,479,0.010818161070346832,0.0098119480535388
mlp_1x64_relu,5,1,480,0.010807865299284458,0.009759929962456226
mlp_1x64_relu,5,1,481,0.010747738182544708,0.00978519394993782
mlp_1x64_relu,5,1,482,0.010765804909169674,0.00980028323829174
mlp_1x64_relu,5,1,483,0.010835726745426655,0.009852813556790352
mlp_1x64_relu,5,1,484,0.010793561115860939,0.009776239283382893
mlp_1x64_relu,5,1,485,0.010811662301421165,0.009777599945664406
mlp_1x64_relu,5,1,486,0.010836119763553143,0.009744669310748577
mlp_1x64_relu,5,1,487,0.010821323841810226,0.009760385379195213
mlp_1x64_relu,5,1,488,0.0109195401892066,0.009725839830935001
mlp_1x64_relu,5,1,489,0.0108110923320055,0.009809843264520168
mlp_1x64_relu,5,1,490,0.010774803347885609,0.009754781611263752
mlp_1x64_relu,5,1,491,0.010838096030056477,0.00972806103527546
mlp_1x64_relu,5,1,492,0.010847439989447594,0.00983565766364336
mlp_1x64_relu,5,1,493,0.010891910642385483,0.009797896258533001
mlp_1x64_relu,5,1,494,0.010828024707734585,0.009734656661748886
mlp_1x64_relu,5,1,495,0.01081946399062872,0.009736970067024231
mlp_1x64_relu,5,1,496,0.01075747050344944,0.009770403616130352
mlp_1x64_relu,5,1,497,0.01076738815754652,0.009840459562838078
mlp_1x64_relu,5,1,498,0.010758155025541782,0.009792590513825417
mlp_1x64_relu,5,1,499,0.010832859203219414,0.009872752241790295
mlp_1x64_relu,5,1,500,0.010856603272259235,0.009814746677875519
mlp_1x64_relu,5,5,1,0.37449899315834045,0.16261181235313416
mlp_1x64_relu,5,5,2,0.15464065968990326,0.08066491782665253
mlp_1x64_relu,5,5,3,0.08136478066444397,0.04405936971306801
mlp_1x64_relu,5,5,4,0.04435605928301811,0.025122467428445816
mlp_1x64_relu,5,5,5,0.025400439277291298,0.015486208721995354
mlp_1x64_relu,5,5,6,0.016325831413269043,0.010767706669867039
mlp_1x64_relu,5,5,7,0.011911408975720406,0.00823198538273573
mlp_1x64_relu,5,5,8,0.009524901397526264,0.006842585280537605
mlp_1x64_relu,5,5,9,0.008277015760540962,0.006379365921020508
mlp_1x64_relu,5,5,10,0.007579687517136335,0.005742434412240982
mlp_1x64_relu,5,5,11,0.007120625581592321,0.005776486359536648
mlp_1x64_relu,5,5,12,0.006887833122164011,0.005524574313312769
mlp_1x64_relu,5,5,13,0.006680459249764681,0.005427537951618433
mlp_1x64_relu,5,5,14,0.006459427531808615,0.005033878143876791
mlp_1x64_relu,5,5,15,0.006393875926733017,0.005223911255598068
mlp_1x64_relu,5,5,16,0.006335023324936628,0.005035175010561943
mlp_1x64_relu,5,5,17,0.006201340816915035,0.0047844527289271355
mlp_1x64_relu,5,5,18,0.006105051841586828,0.00492405891418457
mlp_1x64_relu,5,5,19,0.00605723587796092,0.004773973487317562
mlp_1x64_relu,5,5,20,0.006005834322422743,0.004779001697897911
mlp_1x64_relu,5,5,21,0.005927690304815769,0.004724656231701374
mlp_1x64_relu,5,5,22,0.005879686214029789,0.004629011265933514
mlp_1x64_relu,5,5,23,0.005888883024454117,0.0046651409938931465
mlp_1x64_relu,5,5,24,0.005828100722283125,0.004601797088980675
mlp_1x64_relu,5,5,25,0.005802805535495281,0.004544269293546677
mlp_1x64_relu,5,5,26,0.005782044027000666,0.004512089304625988
mlp_1x64_relu,5,5,27,0.005772349424660206,0.00453394977375865
mlp_1x64_relu,5,5,28,0.0057505336590111256,0.004479704890400171
mlp_1x64_relu,5,5,29,0.005725280847400427,0.004554276820272207
mlp_1x64_relu,5,5,30,0.005710061173886061,0.0045228456147015095
mlp_1x64_relu,5,5,31,0.005683171562850475,0.004523306619375944
mlp_1x64_relu,5,5,32,0.005668911151587963,0.004543891176581383
mlp_1x64_relu,5,5,33,0.005651043727993965,0.004557429812848568
mlp_1x64_relu,5,5,34,0.005622236058115959,0.004508062265813351
mlp_1x64_relu,5,5,35,0.0056134918704628944,0.004513569641858339
mlp_1x64_relu,5,5,36,0.00558570958673954,0.004467587918043137
mlp_1x64_relu,5,5,37,0.005566346924751997,0.0044728415086865425
mlp_1x64_relu,5,5,38,0.005546587985008955,0.004439739976078272
mlp_1x64_relu,5,5,39,0.0055206106044352055,0.004409403074532747
mlp_1x64_relu,5,5,40,0.005507354158908129,0.004422413185238838
mlp_1x64_relu,5,5,41,0.00548179168254137,0.004400654695928097
mlp_1x64_relu,5,5,42,0.005459456704556942,0.004379399120807648
mlp_1x64_relu,5,5,43,0.005433102138340473,0.004377664998173714
mlp_1x64_relu,5,5,44,0.005416796077042818,0.004371510352939367
mlp_1x64_relu,5,5,45,0.00541522866114974,0.004380498547106981
mlp_1x64_relu,5,5,46,0.005389106925576925,0.004371963907033205
mlp_1x64_relu,5,5,47,0.005372940097004175,0.004350896924734116
mlp_1x64_relu,5,5,48,0.005371699575334787,0.004399184137582779
mlp_1x64_relu,5,5,49,0.005353955086320639,0.004387471824884415
mlp_1x64_relu,5,5,50,0.00534169003367424,0.0043759760446846485
mlp_1x64_relu,5,5,51,0.005334733985364437,0.004372863098978996
mlp_1x64_relu,5,5,52,0.005329594947397709,0.004426649305969477
mlp_1x64_relu,5,5,53,0.005321495234966278,0.004391780123114586
mlp_1x64_relu,5,5,54,0.005325880832970142,0.004442133940756321
mlp_1x64_relu,5,5,55,0.005321054719388485,0.004413939081132412
mlp_1x64_relu,5,5,56,0.0052988287061452866,0.004400924313813448
mlp_1x64_relu,5,5,57,0.005278872791677713,0.004400953184813261
mlp_1x64_relu,5,5,58,0.0053015947341918945,0.004432543180882931
mlp_1x64_relu,5,5,59,0.005281438119709492,0.004401771351695061
mlp_1x64_relu,5,5,60,0.005257328040897846,0.00434252992272377
mlp_1x64_relu,5,5,61,0.005249218549579382,0.004377197008579969
mlp_1x64_relu,5,5,62,0.00529145123437047,0.004412930458784103
mlp_1x64_relu,5,5,63,0.005305778235197067,0.004375699441879988
mlp_1x64_relu,5,5,64,0.0052869790233671665,0.0043931566178798676
mlp_1x64_relu,5,5,65,0.005278897937387228,0.004361727740615606
mlp_1x64_relu,5,5,66,0.005267847795039415,0.004415951669216156
mlp_1x64_relu,5,5,67,0.005244983360171318,0.004394732415676117
mlp_1x64_relu,5,5,68,0.005252224858850241,0.004396192263811827
mlp_1x64_relu,5,5,69,0.005268871318548918,0.004457239527255297
mlp_1x64_relu,5,5,70,0.005277466494590044,0.004399098455905914
mlp_1x64_relu,5,5,71,0.005267600528895855,0.004376386757940054
mlp_1x64_relu,5,5,72,0.005253668408840895,0.004361298400908709
mlp_1x64_relu,5,5,73,0.005236085504293442,0.004421957302838564
mlp_1x64_relu,5,5,74,0.005283288192003965,0.004328873474150896
mlp_1x64_relu,5,5,75,0.005242612678557634,0.004480024334043264
mlp_1x64_relu,5,5,76,0.005289629567414522,0.004354356322437525
mlp_1x64_relu,5,5,77,0.005250386893749237,0.004396856762468815
mlp_1x64_relu,5,5,78,0.005265437997877598,0.0043699168600142
mlp_1x64_relu,5,5,79,0.0052563040517270565,0.004382400307804346
mlp_1x64_relu,5,5,80,0.005283160600811243,0.0043344381265342236
mlp_1x64_relu,5,5,81,0.005243553780019283,0.004376446362584829
mlp_1x64_relu,5,5,82,0.005253155250102282,0.004417285788804293
mlp_1x64_relu,5,5,83,0.0053341565653681755,0.004309502895921469
mlp_1x64_relu,5,5,84,0.00524148577824235,0.004339128267019987
mlp_1x64_relu,5,5,85,0.005273142363876104,0.004395176190882921
mlp_1x64_relu,5,5,86,0.005279584787786007,0.0043473029509186745
mlp_1x64_relu,5,5,87,0.00525521719828248,0.004361394327133894
mlp_1x64_relu,5,5,88,0.005264613311737776,0.004369866568595171
mlp_1x64_relu,5,5,89,0.005241004284471273,0.004310401622205973
mlp_1x64_relu,5,5,90,0.005226266570389271,0.004406182561069727
mlp_1x64_relu,5,5,91,0.005271304864436388,0.0043504973873496056
mlp_1x64_relu,5,5,92,0.005271035712212324,0.0043242499232292175
mlp_1x64_relu,5,5,93,0.0052153789438307285,0.004372725263237953
mlp_1x64_relu,5,5,94,0.00521998992189765,0.004353022668510675
mlp_1x64_relu,5,5,95,0.005254043731838465,0.004313300829380751
mlp_1x64_relu,5,5,96,0.00524531677365303,0.0043527851812541485
mlp_1x64_relu,5,5,97,0.005244153551757336,0.004323900211602449
mlp_1x64_relu,5,5,98,0.005249685607850552,0.00435271393507719
mlp_1x64_relu,5,5,99,0.0052435738034546375,0.004372828174382448
mlp_1x64_relu,5,5,100,0.005261506885290146,0.004398921504616737
mlp_1x64_relu,5,5,101,0.0052750431932508945,0.004309598356485367
mlp_1x64_relu,5,5,102,0.005234736483544111,0.004358008969575167
mlp_1x64_relu,5,5,103,0.005265397951006889,0.0042785597033798695
mlp_1x64_relu,5,5,104,0.005257356446236372,0.004343199543654919
mlp_1x64_relu,5,5,105,0.00528855063021183,0.004321150481700897
mlp_1x64_relu,5,5,106,0.005266817286610603,0.004314114805310965
mlp_1x64_relu,5,5,107,0.00524085434153676,0.0043753404170274734
mlp_1x64_relu,5,5,108,0.005325008183717728,0.00431550107896328
mlp_1x64_relu,5,5,109,0.005258540157228708,0.0043529425747692585
mlp_1x64_relu,5,5,110,0.005282132420688868,0.004328086506575346
mlp_1x64_relu,5,5,111,0.0052760872058570385,0.004335968755185604
mlp_1x64_relu,5,5,112,0.005254262592643499,0.0043590376153588295
mlp_1x64_relu,5,5,113,0.005258175078779459,0.004328273236751556
mlp_1x64_relu,5,5,114,0.0052167619578540325,0.004335229750722647
mlp_1x64_relu,5,5,115,0.005232068244367838,0.00434068450704217
mlp_1x64_relu,5,5,116,0.005253803450614214,0.0043275197967886925
mlp_1x64_relu,5,5,117,0.005282433703541756,0.00431734137237072
mlp_1x64_relu,5,5,118,0.005260766018182039,0.004333948250859976
mlp_1x64_relu,5,5,119,0.0052722604013979435,0.004321628715842962
mlp_1x64_relu,5,5,120,0.005251899361610413,0.004306941293179989
mlp_1x64_relu,5,5,121,0.005290866829454899,0.004320965614169836
mlp_1x64_relu,5,5,122,0.0053144716657698154,0.004314444027841091
mlp_1x64_relu,5,5,123,0.005301418714225292,0.004325907211750746
mlp_1x64_relu,5,5,124,0.005297000519931316,0.004301068373024464
mlp_1x64_relu,5,5,125,0.005229100119322538,0.004335504025220871
mlp_1x64_relu,5,5,126,0.005275779869407415,0.004321421030908823
mlp_1x64_relu,5,5,127,0.005288113374263048,0.004322769120335579
mlp_1x64_relu,5,5,128,0.005266107153147459,0.0043204850517213345
mlp_1x64_relu,5,5,129,0.005274806637316942,0.004293028265237808
mlp_1x64_relu,5,5,130,0.005220256745815277,0.004309768322855234
mlp_1x64_relu,5,5,131,0.005239935591816902,0.004312760662287474
mlp_1x64_relu,5,5,132,0.0052666026167571545,0.004287146031856537
mlp_1x64_relu,5,5,133,0.0052496520802378654,0.00431815767660737
mlp_1x64_relu,5,5,134,0.005231961142271757,0.0043530031107366085
mlp_1x64_relu,5,5,135,0.005310140550136566,0.00431090360507369
mlp_1x64_relu,5,5,136,0.005233664996922016,0.004303631838411093
mlp_1x64_relu,5,5,137,0.005224347114562988,0.004319831263273954
mlp_1x64_relu,5,5,138,0.0052527314983308315,0.004312033299356699
mlp_1x64_relu,5,5,139,0.005263802595436573,0.004298950079828501
mlp_1x64_relu,5,5,140,0.005245727486908436,0.004333683755248785
mlp_1x64_relu,5,5,141,0.005251522175967693,0.004299181513488293
mlp_1x64_relu,5,5,142,0.00524164130911231,0.00431775813922286
mlp_1x64_relu,5,5,143,0.005240294616669416,0.004313654266297817
mlp_1x64_relu,5,5,144,0.005221273750066757,0.004344795364886522
mlp_1x64_relu,5,5,145,0.00525831151753664,0.004331786651164293
mlp_1x64_relu,5,5,146,0.005254706367850304,0.004322872031480074
mlp_1x64_relu,5,5,147,0.005216413177549839,0.004310906399041414
mlp_1x64_relu,5,5,148,0.005225746426731348,0.004316295962780714
mlp_1x64_relu,5,5,149,0.005281039979308844,0.004320475738495588
mlp_1x64_relu,5,5,150,0.005243724212050438,0.004325096029788256
mlp_1x64_relu,5,5,151,0.00520795164629817,0.00433904817327857
mlp_1x64_relu,5,5,152,0.005258980207145214,0.004284590017050505
mlp_1x64_relu,5,5,153,0.005222391337156296,0.004317511338740587
mlp_1x64_relu,5,5,154,0.005239975173026323,0.004360000137239695
mlp_1x64_relu,5,5,155,0.005236397497355938,0.0043428861536085606
mlp_1x64_relu,5,5,156,0.005238122772425413,0.00431824428960681
mlp_1x64_relu,5,5,157,0.005241678096354008,0.004298007115721703
mlp_1x64_relu,5,5,158,0.005241989158093929,0.004315872211009264
mlp_1x64_relu,5,5,159,0.005242601502686739,0.004342308733612299
mlp_1x64_relu,5,5,160,0.005249358247965574,0.004307506140321493
mlp_1x64_relu,5,5,161,0.005217964760959148,0.004303883295506239
mlp_1x64_relu,5,5,162,0.0052071320824325085,0.004300455562770367
mlp_1x64_relu,5,5,163,0.005212689284235239,0.004339545965194702
mlp_1x64_relu,5,5,164,0.005202517844736576,0.004368181340396404
mlp_1x64_relu,5,5,165,0.005278583150357008,0.004300640430301428
mlp_1x64_relu,5,5,166,0.005206017754971981,0.004339503590017557
mlp_1x64_relu,5,5,167,0.00524901645258069,0.004327722825109959
mlp_1x64_relu,5,5,168,0.005262123886495829,0.004301391076296568
mlp_1x64_relu,5,5,169,0.005228538066148758,0.004357243422418833
mlp_1x64_relu,5,5,170,0.0052314940840005875,0.004345121327787638
mlp_1x64_relu,5,5,171,0.005233860109001398,0.004324477631598711
mlp_1x64_relu,5,5,172,0.005214704666286707,0.004306608345359564
mlp_1x64_relu,5,5,173,0.005228614900261164,0.004338814876973629
mlp_1x64_relu,5,5,174,0.005195848178118467,0.004330358002334833
mlp_1x64_relu,5,5,175,0.005181180778890848,0.0043347617611289024
mlp_1x64_relu,5,5,176,0.005190055351704359,0.004318577237427235
mlp_1x64_relu,5,5,177,0.005168353673070669,0.004329796880483627
mlp_1x64_relu,5,5,178,0.005182407330721617,0.004377373494207859
mlp_1x64_relu,5,5,179,0.005202675238251686,0.004340704996138811
mlp_1x64_relu,5,5,180,0.005196630489081144,0.004355983808636665
mlp_1x64_relu,5,5,181,0.005220694933086634,0.004340677987784147
mlp_1x64_relu,5,5,182,0.0051969806663692,0.004332835786044598
mlp_1x64_relu,5,5,183,0.005244130734354258,0.004351200070232153
mlp_1x64_relu,5,5,184,0.005186931230127811,0.00434117903932929
mlp_1x64_relu,5,5,185,0.005212409421801567,0.0043573277071118355
mlp_1x64_relu,5,5,186,0.005200881045311689,0.004304241854697466
mlp_1x64_relu,5,5,187,0.005198567174375057,0.004366820678114891
mlp_1x64_relu,5,5,188,0.005211910232901573,0.004319940228015184
mlp_1x64_relu,5,5,189,0.005190521944314241,0.004352627322077751
mlp_1x64_relu,5,5,190,0.005194440018385649,0.004343030042946339
mlp_1x64_relu,5,5,191,0.00522470660507679,0.0043505108915269375
mlp_1x64_relu,5,5,192,0.005165863782167435,0.004353925120085478
mlp_1x64_relu,5,5,193,0.005228293128311634,0.00431408965960145
mlp_1x64_relu,5,5,194,0.005192348267883062,0.004332083277404308
mlp_1x64_relu,5,5,195,0.005192131735384464,0.004370417911559343
mlp_1x64_relu,5,5,196,0.005202398169785738,0.004324034322053194
mlp_1x64_relu,5,5,197,0.005175167694687843,0.004325051326304674
mlp_1x64_relu,5,5,198,0.0051772138103842735,0.004341638181358576
mlp_1x64_relu,5,5,199,0.005208048038184643,0.004391600377857685
mlp_1x64_relu,5,5,200,0.005202983506023884,0.004313599318265915
mlp_1x64_relu,5,5,201,0.00516278063878417,0.004383600316941738
mlp_1x64_relu,5,5,202,0.005178384482860565,0.004317886661738157
mlp_1x64_relu,5,5,203,0.00518153328448534,0.004376317840069532
mlp_1x64_relu,5,5,204,0.005162471439689398,0.00433094659820199
mlp_1x64_relu,5,5,205,0.005199810024350882,0.0043358332477509975
mlp_1x64_relu,5,5,206,0.0052123102359473705,0.0043428558856248856
mlp_1x64_relu,5,5,207,0.005187236238270998,0.0043815732933580875
mlp_1x64_relu,5,5,208,0.005219690501689911,0.004354506265372038
mlp_1x64_relu,5,5,209,0.005183670669794083,0.004343513399362564
mlp_1x64_relu,5,5,210,0.00519232964143157,0.0043572974391281605
mlp_1x64_relu,5,5,211,0.005201257765293121,0.004347596783190966
mlp_1x64_relu,5,5,212,0.005198122467845678,0.004336216486990452
mlp_1x64_relu,5,5,213,0.00518766650930047,0.0043659997172653675
mlp_1x64_relu,5,5,214,0.00522199273109436,0.004326842725276947
mlp_1x64_relu,5,5,215,0.005159368272870779,0.004366274457424879
mlp_1x64_relu,5,5,216,0.00518048508092761,0.0043611079454422
mlp_1x64_relu,5,5,217,0.00517143914476037,0.004351737443357706
mlp_1x64_relu,5,5,218,0.005194593220949173,0.004361359402537346
mlp_1x64_relu,5,5,219,0.005199371837079525,0.004329343792051077
mlp_1x64_relu,5,5,220,0.005170757882297039,0.00435503339394927
mlp_1x64_relu,5,5,221,0.005167020950466394,0.004350799135863781
mlp_1x64_relu,5,5,222,0.005184437148272991,0.004338903818279505
mlp_1x64_relu,5,5,223,0.005176055245101452,0.004336346872150898
mlp_1x64_relu,5,5,224,0.005193304270505905,0.004380534868687391
mlp_1x64_relu,5,5,225,0.00516479229554534,0.004385165870189667
mlp_1x64_relu,5,5,226,0.005184092093259096,0.004335296805948019
mlp_1x64_relu,5,5,227,0.005186488386243582,0.0043588425032794476
mlp_1x64_relu,5,5,228,0.005189263727515936,0.004366726614534855
mlp_1x64_relu,5,5,229,0.005170976277440786,0.00435502827167511
mlp_1x64_relu,5,5,230,0.00516161136329174,0.004325308836996555
mlp_1x64_relu,5,5,231,0.005183411296457052,0.004378083627671003
mlp_1x64_relu,5,5,232,0.005186757538467646,0.004368750844150782
mlp_1x64_relu,5,5,233,0.00520676514133811,0.004381909500807524
mlp_1x64_relu,5,5,234,0.005190681200474501,0.004350186791270971
mlp_1x64_relu,5,5,235,0.005177532788366079,0.004369867034256458
mlp_1x64_relu,5,5,236,0.005142643582075834,0.004411680623888969
mlp_1x64_relu,5,5,237,0.005156140774488449,0.004365800879895687
mlp_1x64_relu,5,5,238,0.005236777011305094,0.004358253441751003
mlp_1x64_relu,5,5,239,0.005188006907701492,0.004379030782729387
mlp_1x64_relu,5,5,240,0.005178504157811403,0.004342289641499519
mlp_1x64_relu,5,5,241,0.0051556918770074844,0.004394101910293102
mlp_1x64_relu,5,5,242,0.005183344706892967,0.004376488737761974
mlp_1x64_relu,5,5,243,0.005137635860592127,0.004352125339210033
mlp_1x64_relu,5,5,244,0.005126474890857935,0.004381517879664898
mlp_1x64_relu,5,5,245,0.005182628054171801,0.004384289495646954
mlp_1x64_relu,5,5,246,0.005180551670491695,0.004353810101747513
mlp_1x64_relu,5,5,247,0.005167802330106497,0.004352814983576536
mlp_1x64_relu,5,5,248,0.005199363920837641,0.004353594966232777
mlp_1x64_relu,5,5,249,0.005175437778234482,0.004388280212879181
mlp_1x64_relu,5,5,250,0.005166920367628336,0.004354087635874748
mlp_1x64_relu,5,5,251,0.0051994482055306435,0.004382052458822727
mlp_1x64_relu,5,5,252,0.0051731932908296585,0.004384140484035015
mlp_1x64_relu,5,5,253,0.005150083918124437,0.004350973758846521
mlp_1x64_relu,5,5,254,0.00513221463188529,0.00440761586651206
mlp_1x64_relu,5,5,255,0.005188561975955963,0.004402959253638983
mlp_1x64_relu,5,5,256,0.005185277666896582,0.004400431178510189
mlp_1x64_relu,5,5,257,0.005175756290555,0.004346542060375214
mlp_1x64_relu,5,5,258,0.005180936306715012,0.0044034565798938274
mlp_1x64_relu,5,5,259,0.00516566401347518,0.004375948570668697
mlp_1x64_relu,5,5,260,0.005205411463975906,0.004368312656879425
mlp_1x64_relu,5,5,261,0.005195057485252619,0.004363815765827894
mlp_1x64_relu,5,5,262,0.0051716906018555164,0.004349324852228165
mlp_1x64_relu,5,5,263,0.005181322805583477,0.004372350871562958
mlp_1x64_relu,5,5,264,0.005153199192136526,0.00437408359721303
mlp_1x64_relu,5,5,265,0.005168856121599674,0.004380717873573303
mlp_1x64_relu,5,5,266,0.005207369569689035,0.004370989743620157
mlp_1x64_relu,5,5,267,0.0051804194226861,0.004388599190860987
mlp_1x64_relu,5,5,268,0.00516121368855238,0.004379690624773502
mlp_1x64_relu,5,5,269,0.005161007400602102,0.004391576163470745
mlp_1x64_relu,5,5,270,0.005176116246730089,0.004357323981821537
mlp_1x64_relu,5,5,271,0.005142164882272482,0.004420076962560415
mlp_1x64_relu,5,5,272,0.005170959979295731,0.004385179840028286
mlp_1x64_relu,5,5,273,0.005151122342795134,0.004376054275780916
mlp_1x64_relu,5,5,274,0.005155652295798063,0.004392705857753754
mlp_1x64_relu,5,5,275,0.0051426668651402,0.004363822750747204
mlp_1x64_relu,5,5,276,0.00514001352712512,0.004369922913610935
mlp_1x64_relu,5,5,277,0.0051926844753324986,0.004352831281721592
mlp_1x64_relu,5,5,278,0.0052046990022063255,0.004392802715301514
mlp_1x64_relu,5,5,279,0.005178533960133791,0.004372361581772566
mlp_1x64_relu,5,5,280,0.005167018622159958,0.004385273903608322
mlp_1x64_relu,5,5,281,0.00516087468713522,0.00439535453915596
mlp_1x64_relu,5,5,282,0.005164966452866793,0.004402720369398594
mlp_1x64_relu,5,5,283,0.005182378459721804,0.0043712882325053215
mlp_1x64_relu,5,5,284,0.0051589240320026875,0.004374482668936253
mlp_1x64_relu,5,5,285,0.005161251872777939,0.004391197115182877
mlp_1x64_relu,5,5,286,0.00517786992713809,0.004351239185780287
mlp_1x64_relu,5,5,287,0.005158393178135157,0.004388140514492989
mlp_1x64_relu,5,5,288,0.005117153748869896,0.004412070382386446
mlp_1x64_relu,5,5,289,0.005155597347766161,0.004347931127995253
mlp_1x64_relu,5,5,290,0.0051831090822815895,0.004358746111392975
mlp_1x64_relu,5,5,291,0.005182174034416676,0.00441503943875432
mlp_1x64_relu,5,5,292,0.005187440197914839,0.004362793173640966
mlp_1x64_relu,5,5,293,0.0051771728321909904,0.004414940718561411
mlp_1x64_relu,5,5,294,0.005194156430661678,0.004379733465611935
mlp_1x64_relu,5,5,295,0.0051596867851912975,0.0043882932513952255
mlp_1x64_relu,5,5,296,0.005155306775122881,0.0043916176073253155
mlp_1x64_relu,5,5,297,0.0051177386194467545,0.004383367951959372
mlp_1x64_relu,5,5,298,0.005172125529497862,0.004402694292366505
mlp_1x64_relu,5,5,299,0.005151575896888971,0.0044006784446537495
mlp_1x64_relu,5,5,300,0.005165749695152044,0.004389632027596235
mlp_1x64_relu,5,5,301,0.005138548091053963,0.00438905693590641
mlp_1x64_relu,5,5,302,0.005133633501827717,0.0043982514180243015
mlp_1x64_relu,5,5,303,0.005132236517965794,0.004407188389450312
mlp_1x64_relu,5,5,304,0.005159265827387571,0.004369600676000118
mlp_1x64_relu,5,5,305,0.005171658005565405,0.004377561155706644
mlp_1x64_relu,5,5,306,0.005164761561900377,0.004408164415508509
mlp_1x64_relu,5,5,307,0.005187948700040579,0.004372259136289358
mlp_1x64_relu,5,5,308,0.005168513394892216,0.0044033401645720005
mlp_1x64_relu,5,5,309,0.005163585301488638,0.004393615294247866
mlp_1x64_relu,5,5,310,0.005188611336052418,0.00439284136518836
mlp_1x64_relu,5,5,311,0.005207798909395933,0.004402135964483023
mlp_1x64_relu,5,5,312,0.005151956342160702,0.0044119697995483875
mlp_1x64_relu,5,5,313,0.005151546560227871,0.004377029370516539
mlp_1x64_relu,5,5,314,0.005147524643689394,0.004403360188007355
mlp_1x64_relu,5,5,315,0.00517675606533885,0.004407085478305817
mlp_1x64_relu,5,5,316,0.005135643295943737,0.004415626171976328
mlp_1x64_relu,5,5,317,0.005162305198609829,0.004392378497868776
mlp_1x64_relu,5,5,318,0.0051604039035737514,0.004372466821223497
mlp_1x64_relu,5,5,319,0.005141302477568388,0.004395034164190292
mlp_1x64_relu,5,5,320,0.005128948483616114,0.004382613115012646
mlp_1x64_relu,5,5,321,0.005157023668289185,0.004427858162671328
mlp_1x64_relu,5,5,322,0.0051553272642195225,0.004376692697405815
mlp_1x64_relu,5,5,323,0.00514011736959219,0.004404676146805286
mlp_1x64_relu,5,5,324,0.005147058516740799,0.00441167363896966
mlp_1x64_relu,5,5,325,0.005166162271052599,0.004367068875581026
mlp_1x64_relu,5,5,326,0.005187777802348137,0.004390793386846781
mlp_1x64_relu,5,5,327,0.005152667872607708,0.004392401315271854
mlp_1x64_relu,5,5,328,0.005149109289050102,0.004417419899255037
mlp_1x64_relu,5,5,329,0.005134286358952522,0.0043861460871994495
mlp_1x64_relu,5,5,330,0.005152948200702667,0.004379517398774624
mlp_1x64_relu,5,5,331,0.005141477100551128,0.004366330336779356
mlp_1x64_relu,5,5,332,0.005160812754184008,0.004396714270114899
mlp_1x64_relu,5,5,333,0.005155931226909161,0.004413295071572065
mlp_1x64_relu,5,5,334,0.00514872744679451,0.00440971227362752
mlp_1x64_relu,5,5,335,0.00513572758063674,0.0044180830009281635
mlp_1x64_relu,5,5,336,0.005157722160220146,0.004422495607286692
mlp_1x64_relu,5,5,337,0.005127314478158951,0.004390332847833633
mlp_1x64_relu,5,5,338,0.00514403497800231,0.004434902220964432
mlp_1x64_relu,5,5,339,0.005139406770467758,0.004416546784341335
mlp_1x64_relu,5,5,340,0.0051611787639558315,0.004396910313516855
mlp_1x64_relu,5,5,341,0.00519332243129611,0.004369824193418026
mlp_1x64_relu,5,5,342,0.005144215654581785,0.004393572919070721
mlp_1x64_relu,5,5,343,0.005142061039805412,0.004397564567625523
mlp_1x64_relu,5,5,344,0.005157816223800182,0.004366228356957436
mlp_1x64_relu,5,5,345,0.005148131400346756,0.004391029942780733
mlp_1x64_relu,5,5,346,0.00512984674423933,0.004409850109368563
mlp_1x64_relu,5,5,347,0.0051437621004879475,0.004390357993543148
mlp_1x64_relu,5,5,348,0.005146725103259087,0.004410324618220329
mlp_1x64_relu,5,5,349,0.00514320470392704,0.004394149873405695
mlp_1x64_relu,5,5,350,0.005141966510564089,0.004413760732859373
mlp_1x64_relu,5,5,351,0.005167424213141203,0.004367305431514978
mlp_1x64_relu,5,5,352,0.005128069780766964,0.004409946966916323
mlp_1x64_relu,5,5,353,0.0051225037313997746,0.0044045536778867245
mlp_1x64_relu,5,5,354,0.005123941693454981,0.004431462846696377
mlp_1x64_relu,5,5,355,0.0051335361786186695,0.0044448175467550755
mlp_1x64_relu,5,5,356,0.005140004679560661,0.004426446743309498
mlp_1x64_relu,5,5,357,0.005136150401085615,0.00439796457067132
mlp_1x64_relu,5,5,358,0.005148692522197962,0.004420403391122818
mlp_1x64_relu,5,5,359,0.005141098517924547,0.004412397276610136
mlp_1x64_relu,5,5,360,0.005125810857862234,0.0044616819359362125
mlp_1x64_relu,5,5,361,0.00515741016715765,0.004404040984809399
mlp_1x64_relu,5,5,362,0.005184788256883621,0.004400091245770454
mlp_1x64_relu,5,5,363,0.005139767192304134,0.004387985914945602
mlp_1x64_relu,5,5,364,0.005156582221388817,0.004449956119060516
mlp_1x64_relu,5,5,365,0.00515912938863039,0.004364409483969212
mlp_1x64_relu,5,5,366,0.005145397037267685,0.004414241760969162
mlp_1x64_relu,5,5,367,0.005154084879904985,0.004445501137524843
mlp_1x64_relu,5,5,368,0.005158522166311741,0.004409858491271734
mlp_1x64_relu,5,5,369,0.0051382253877818584,0.004381631501019001
mlp_1x64_relu,5,5,370,0.005118916276842356,0.004445016384124756
mlp_1x64_relu,5,5,371,0.005163550842553377,0.004396891687065363
mlp_1x64_relu,5,5,372,0.005157856736332178,0.004377332516014576
mlp_1x64_relu,5,5,373,0.0051673101261258125,0.004382510669529438
mlp_1x64_relu,5,5,374,0.005153694190084934,0.004396798089146614
mlp_1x64_relu,5,5,375,0.00514328433200717,0.004418929573148489
mlp_1x64_relu,5,5,376,0.0051604160107672215,0.0043909284286201
mlp_1x64_relu,5,5,377,0.005151192657649517,0.004406151361763477
mlp_1x64_relu,5,5,378,0.005129349417984486,0.004424233455210924
mlp_1x64_relu,5,5,379,0.005105399992316961,0.004396223928779364
mlp_1x64_relu,5,5,380,0.005104966461658478,0.00446493411436677
mlp_1x64_relu,5,5,381,0.0051340670324862,0.004406082443892956
mlp_1x64_relu,5,5,382,0.005152642261236906,0.004408995620906353
mlp_1x64_relu,5,5,383,0.0051246811635792255,0.004419561941176653
mlp_1x64_relu,5,5,384,0.005129952449351549,0.004460918251425028
mlp_1x64_relu,5,5,385,0.005144864320755005,0.00441350881010294
mlp_1x64_relu,5,5,386,0.005163511261343956,0.004410787485539913
mlp_1x64_relu,5,5,387,0.005152286496013403,0.004394071642309427
mlp_1x64_relu,5,5,388,0.005128125194460154,0.004433334339410067
mlp_1x64_relu,5,5,389,0.005127711221575737,0.004415160045027733
mlp_1x64_relu,5,5,390,0.00515929376706481,0.004411148838698864
mlp_1x64_relu,5,5,391,0.0051431553438305855,0.00442522531375289
mlp_1x64_relu,5,5,392,0.005163885187357664,0.004387887194752693
mlp_1x64_relu,5,5,393,0.005158417392522097,0.004407169762998819
mlp_1x64_relu,5,5,394,0.0051673236303031445,0.004406475927680731
mlp_1x64_relu,5,5,395,0.005147588439285755,0.004464424215257168
mlp_1x64_relu,5,5,396,0.005140308290719986,0.004438933916389942
mlp_1x64_relu,5,5,397,0.00511890696361661,0.004442248959094286
mlp_1x64_relu,5,5,398,0.00513118552044034,0.004437161609530449
mlp_1x64_relu,5,5,399,0.005119419656693935,0.004419736564159393
mlp_1x64_relu,5,5,400,0.00511689530685544,0.004425384569913149
mlp_1x64_relu,5,5,401,0.005124465096741915,0.004425554070621729
mlp_1x64_relu,5,5,402,0.005144646856933832,0.004439906682819128
mlp_1x64_relu,5,5,403,0.0051526776514947414,0.004393231123685837
mlp_1x64_relu,5,5,404,0.00512061920017004,0.004456988535821438
mlp_1x64_relu,5,5,405,0.005136116407811642,0.004418386146426201
mlp_1x64_relu,5,5,406,0.005150757730007172,0.004423869773745537
mlp_1x64_relu,5,5,407,0.005144758615642786,0.004407175816595554
mlp_1x64_relu,5,5,408,0.005193338729441166,0.004397743381559849
mlp_1x64_relu,5,5,409,0.005148420576006174,0.004400492645800114
mlp_1x64_relu,5,5,410,0.005132866557687521,0.004441197961568832
mlp_1x64_relu,5,5,411,0.005118322558701038,0.004432199522852898
mlp_1x64_relu,5,5,412,0.005118918605148792,0.0044532641768455505
mlp_1x64_relu,5,5,413,0.005145635921508074,0.004447466228157282
mlp_1x64_relu,5,5,414,0.005115787032991648,0.004400169942528009
mlp_1x64_relu,5,5,415,0.00513180997222662,0.004418964497745037
mlp_1x64_relu,5,5,416,0.0051465327851474285,0.004410236608237028
mlp_1x64_relu,5,5,417,0.005114481318742037,0.004426180850714445
mlp_1x64_relu,5,5,418,0.0051267691887915134,0.004457660485059023
mlp_1x64_relu,5,5,419,0.005124462768435478,0.004464644007384777
mlp_1x64_relu,5,5,420,0.005136365070939064,0.004443793557584286
mlp_1x64_relu,5,5,421,0.00512296799570322,0.004405337851494551
mlp_1x64_relu,5,5,422,0.005148237571120262,0.004424927290529013
mlp_1x64_relu,5,5,423,0.005132704973220825,0.0043993121944367886
mlp_1x64_relu,5,5,424,0.005104872863739729,0.004455487709492445
mlp_1x64_relu,5,5,425,0.005132597405463457,0.0044648670591413975
mlp_1x64_relu,5,5,426,0.0051468731835484505,0.004410053137689829
mlp_1x64_relu,5,5,427,0.005162502638995647,0.004428335465490818
mlp_1x64_relu,5,5,428,0.005151538178324699,0.0044856504537165165
mlp_1x64_relu,5,5,429,0.005146543495357037,0.004422928672283888
mlp_1x64_relu,5,5,430,0.005147390533238649,0.004436947870999575
mlp_1x64_relu,5,5,431,0.005117608234286308,0.004439000505954027
mlp_1x64_relu,5,5,432,0.005115354433655739,0.004438673611730337
mlp_1x64_relu,5,5,433,0.005123097915202379,0.004432316869497299
mlp_1x64_relu,5,5,434,0.005136397667229176,0.004430496599525213
mlp_1x64_relu,5,5,435,0.005154225043952465,0.004389789886772633
mlp_1x64_relu,5,5,436,0.005183506291359663,0.00444891769438982
mlp_1x64_relu,5,5,437,0.005145368631929159,0.004420099314302206
mlp_1x64_relu,5,5,438,0.00513239111751318,0.004419337026774883
mlp_1x64_relu,5,5,439,0.005154393147677183,0.004447988700121641
mlp_1x64_relu,5,5,440,0.005160290282219648,0.004411141388118267
mlp_1x64_relu,5,5,441,0.0051225051283836365,0.004412232898175716
mlp_1x64_relu,5,5,442,0.0051201642490923405,0.004456835333257914
mlp_1x64_relu,5,5,443,0.005168162751942873,0.00441321823745966
mlp_1x64_relu,5,5,444,0.005127430893480778,0.004453829023987055
mlp_1x64_relu,5,5,445,0.005083301570266485,0.004450328182429075
mlp_1x64_relu,5,5,446,0.005107819568365812,0.004462767392396927
mlp_1x64_relu,5,5,447,0.005139514338225126,0.004435629118233919
mlp_1x64_relu,5,5,448,0.005139195825904608,0.004462806507945061
mlp_1x64_relu,5,5,449,0.005139093846082687,0.0044151367619633675
mlp_1x64_relu,5,5,450,0.005093935877084732,0.004463891964405775
mlp_1x64_relu,5,5,451,0.005098666064441204,0.004448407795280218
mlp_1x64_relu,5,5,452,0.005108143202960491,0.004475705325603485
mlp_1x64_relu,5,5,453,0.005132219288498163,0.0044170250184834
mlp_1x64_relu,5,5,454,0.005116022191941738,0.004457992035895586
mlp_1x64_relu,5,5,455,0.00513288751244545,0.004443481098860502
mlp_1x64_relu,5,5,456,0.005145019385963678,0.004451944027096033
mlp_1x64_relu,5,5,457,0.0051469746977090836,0.00441416772082448
mlp_1x64_relu,5,5,458,0.005142769776284695,0.00444733165204525
mlp_1x64_relu,5,5,459,0.005150139331817627,0.004422921221703291
mlp_1x64_relu,5,5,460,0.005147916730493307,0.0044227237813174725
mlp_1x64_relu,5,5,461,0.005101235583424568,0.004455232061445713
mlp_1x64_relu,5,5,462,0.005127744749188423,0.004434171132743359
mlp_1x64_relu,5,5,463,0.005146441515535116,0.0044276174157857895
mlp_1x64_relu,5,5,464,0.005154144950211048,0.004440964665263891
mlp_1x64_relu,5,5,465,0.00516127422451973,0.004431487526744604
mlp_1x64_relu,5,5,466,0.005154837854206562,0.004428767133504152
mlp_1x64_relu,5,5,467,0.005115467123687267,0.00441715819761157
mlp_1x64_relu,5,5,468,0.005120476707816124,0.004438762087374926
mlp_1x64_relu,5,5,469,0.005130944773554802,0.004477306734770536
mlp_1x64_relu,5,5,470,0.005132714286446571,0.00443125469610095
mlp_1x64_relu,5,5,471,0.005125667434185743,0.0044525060802698135
mlp_1x64_relu,5,5,472,0.0051153856329619884,0.004432699177414179
mlp_1x64_relu,5,5,473,0.005133568309247494,0.004476235248148441
mlp_1x64_relu,5,5,474,0.005123642273247242,0.004449028521776199
mlp_1x64_relu,5,5,475,0.005114089697599411,0.004463809542357922
mlp_1x64_relu,5,5,476,0.005137286148965359,0.004431636538356543
mlp_1x64_relu,5,5,477,0.005134246777743101,0.004458460956811905
mlp_1x64_relu,5,5,478,0.005128676071763039,0.0045110927894711494
mlp_1x64_relu,5,5,479,0.005124321673065424,0.004488914739340544
mlp_1x64_relu,5,5,480,0.005158794112503529,0.004425061400979757
mlp_1x64_relu,5,5,481,0.005132361315190792,0.004411733243614435
mlp_1x64_relu,5,5,482,0.005140829831361771,0.004430319182574749
mlp_1x64_relu,5,5,483,0.00511321984231472,0.004430640023201704
mlp_1x64_relu,5,5,484,0.005127495154738426,0.004486036021262407
mlp_1x64_relu,5,5,485,0.005128488875925541,0.004457872826606035
mlp_1x64_relu,5,5,486,0.005130749195814133,0.004451659973710775
mlp_1x64_relu,5,5,487,0.005131364334374666,0.004434913396835327
mlp_1x64_relu,5,5,488,0.0051282839849591255,0.004471526015549898
mlp_1x64_relu,5,5,489,0.005138385575264692,0.004447600804269314
mlp_1x64_relu,5,5,490,0.005145953502506018,0.004438220057636499
mlp_1x64_relu,5,5,491,0.005119056440889835,0.004456896334886551
mlp_1x64_relu,5,5,492,0.00513401860371232,0.004468909464776516
mlp_1x64_relu,5,5,493,0.005118570756167173,0.004489182960242033
mlp_1x64_relu,5,5,494,0.005133739672601223,0.004438544157892466
mlp_1x64_relu,5,5,495,0.005133502185344696,0.004473640117794275
mlp_1x64_relu,5,5,496,0.005127980373799801,0.004450981970876455
mlp_1x64_relu,5,5,497,0.005110848229378462,0.004447936080396175
mlp_1x64_relu,5,5,498,0.00515168160200119,0.004444073420017958
mlp_1x64_relu,5,5,499,0.00514369597658515,0.004444735124707222
mlp_1x64_relu,5,5,500,0.005132828373461962,0.004460480529814959
mlp_1x64_relu,5,30,1,0.37475788593292236,0.16127358376979828
mlp_1x64_relu,5,30,2,0.15461058914661407,0.07972247898578644
mlp_1x64_relu,5,30,3,0.08108588308095932,0.04327598214149475
mlp_1x64_relu,5,30,4,0.04382339492440224,0.024041321128606796
mlp_1x64_relu,5,30,5,0.024472327902913094,0.014079018495976925
mlp_1x64_relu,5,30,6,0.014872096478939056,0.009500974789261818
mlp_1x64_relu,5,30,7,0.010170421563088894,0.007114080246537924
mlp_1x64_relu,5,30,8,0.00751399714499712,0.005339831113815308
mlp_1x64_relu,5,30,9,0.005987515673041344,0.004695123992860317
mlp_1x64_relu,5,30,10,0.005178987514227629,0.004426052328199148
mlp_1x64_relu,5,30,11,0.004603070206940174,0.0037637893110513687
mlp_1x64_relu,5,30,12,0.004119521472603083,0.0033492413349449635
mlp_1x64_relu,5,30,13,0.003784819506108761,0.0036246515810489655
mlp_1x64_relu,5,30,14,0.0036283766385167837,0.003094607498496771
mlp_1x64_relu,5,30,15,0.0034683402627706528,0.002951818984001875
mlp_1x64_relu,5,30,16,0.0032992030028253794,0.002946761203929782
mlp_1x64_relu,5,30,17,0.003211859380826354,0.0027216579765081406
mlp_1x64_relu,5,30,18,0.003129934426397085,0.002737542614340782
mlp_1x64_relu,5,30,19,0.0030512730590999126,0.0025245463475584984
mlp_1x64_relu,5,30,20,0.0029441947117447853,0.0024605775251984596
mlp_1x64_relu,5,30,21,0.0028695561923086643,0.0024474116507917643
mlp_1x64_relu,5,30,22,0.0028206477873027325,0.002266135299578309
mlp_1x64_relu,5,30,23,0.0027745175175368786,0.0022962300572544336
mlp_1x64_relu,5,30,24,0.002748351776972413,0.0022541112266480923
mlp_1x64_relu,5,30,25,0.0026911592576652765,0.0021640679333359003
mlp_1x64_relu,5,30,26,0.0026512646581977606,0.002119989600032568
mlp_1x64_relu,5,30,27,0.002636076183989644,0.0021767441648989916
mlp_1x64_relu,5,30,28,0.0026117064990103245,0.0021498622372746468
mlp_1x64_relu,5,30,29,0.002595050260424614,0.00212441966868937
mlp_1x64_relu,5,30,30,0.0025871237739920616,0.002163950353860855
mlp_1x64_relu,5,30,31,0.00256868707947433,0.0021470452193170786
mlp_1x64_relu,5,30,32,0.0025365788023918867,0.002089001936838031
mlp_1x64_relu,5,30,33,0.002516844542697072,0.0020646345801651478
mlp_1x64_relu,5,30,34,0.0024962699972093105,0.0020389591809362173
mlp_1x64_relu,5,30,35,0.0024658904876559973,0.002007898176088929
mlp_1x64_relu,5,30,36,0.0024570750538259745,0.0019952787552028894
mlp_1x64_relu,5,30,37,0.002439432544633746,0.0019663723651319742
mlp_1x64_relu,5,30,38,0.0024201367050409317,0.0019356682896614075
mlp_1x64_relu,5,30,39,0.002413506153970957,0.00194064830429852
mlp_1x64_relu,5,30,40,0.002390064764767885,0.0019001213368028402
mlp_1x64_relu,5,30,41,0.002378479577600956,0.001903120893985033
mlp_1x64_relu,5,30,42,0.0023610852658748627,0.0018781452672556043
mlp_1x64_relu,5,30,43,0.002348652109503746,0.0018850372871384025
mlp_1x64_relu,5,30,44,0.002336839446797967,0.001849419786594808
mlp_1x64_relu,5,30,45,0.002321826294064522,0.001879428862594068
mlp_1x64_relu,5,30,46,0.002322070999071002,0.0018645924283191562
mlp_1x64_relu,5,30,47,0.002312347060069442,0.0019345646724104881
mlp_1x64_relu,5,30,48,0.002306887414306402,0.0018639336340129375
mlp_1x64_relu,5,30,49,0.002287546405568719,0.0018645040690898895
mlp_1x64_relu,5,30,50,0.002274556551128626,0.001851379289291799
mlp_1x64_relu,5,30,51,0.0022577771451324224,0.0018543392652645707
mlp_1x64_relu,5,30,52,0.00225850404240191,0.0018417369574308395
mlp_1x64_relu,5,30,53,0.0022501321509480476,0.001884264638647437
mlp_1x64_relu,5,30,54,0.0022590160369873047,0.0018296450143679976
mlp_1x64_relu,5,30,55,0.0022446236107498407,0.001880018855445087
mlp_1x64_relu,5,30,56,0.002248574048280716,0.0018348211888223886
mlp_1x64_relu,5,30,57,0.0022358286660164595,0.001865401747636497
mlp_1x64_relu,5,30,58,0.0022418301086872816,0.0018668615957722068
mlp_1x64_relu,5,30,59,0.0022331089712679386,0.0018450574716553092
mlp_1x64_relu,5,30,60,0.002235504798591137,0.0018706381088122725
mlp_1x64_relu,5,30,61,0.002239546738564968,0.0018259661737829447
mlp_1x64_relu,5,30,62,0.002232235623523593,0.0018515390111133456
mlp_1x64_relu,5,30,63,0.0022269031032919884,0.001842673635110259
mlp_1x64_relu,5,30,64,0.002235822146758437,0.0018405882874503732
mlp_1x64_relu,5,30,65,0.0022242600098252296,0.0018802618142217398
mlp_1x64_relu,5,30,66,0.002246472518891096,0.0018451635260134935
mlp_1x64_relu,5,30,67,0.0022374459076672792,0.0018502309685572982
mlp_1x64_relu,5,30,68,0.002228387398645282,0.0018610089318826795
mlp_1x64_relu,5,30,69,0.0022460147738456726,0.0018392136553302407
mlp_1x64_relu,5,30,70,0.002242450602352619,0.0018481644801795483
mlp_1x64_relu,5,30,71,0.002233098493888974,0.0018281586235389113
mlp_1x64_relu,5,30,72,0.002236944390460849,0.0018409702461212873
mlp_1x64_relu,5,30,73,0.0022326146718114614,0.0018304897239431739
mlp_1x64_relu,5,30,74,0.0022483468055725098,0.00184378691483289
mlp_1x64_relu,5,30,75,0.002247896045446396,0.0018232809379696846
mlp_1x64_relu,5,30,76,0.0022423097398132086,0.001843475503847003
mlp_1x64_relu,5,30,77,0.0022391180973500013,0.0018338275840505958
mlp_1x64_relu,5,30,78,0.0022536988835781813,0.0018289961153641343
mlp_1x64_relu,5,30,79,0.0022415625862777233,0.0018296258058398962
mlp_1x64_relu,5,30,80,0.0022412484977394342,0.0018325989367440343
mlp_1x64_relu,5,30,81,0.0022469244431704283,0.0018339059315621853
mlp_1x64_relu,5,30,82,0.0022507160902023315,0.0018409271724522114
mlp_1x64_relu,5,30,83,0.0022547380067408085,0.0018391218036413193
mlp_1x64_relu,5,30,84,0.00225336872972548,0.0018211440183222294
mlp_1x64_relu,5,30,85,0.002234451472759247,0.0018346630968153477
mlp_1x64_relu,5,30,86,0.0022409241646528244,0.0018251831643283367
mlp_1x64_relu,5,30,87,0.0022501328494399786,0.0018212096765637398
mlp_1x64_relu,5,30,88,0.0022622360847890377,0.00182400515768677
mlp_1x64_relu,5,30,89,0.002261016285046935,0.001822053105570376
mlp_1x64_relu,5,30,90,0.0022495852317661047,0.0018179372418671846
mlp_1x64_relu,5,30,91,0.0022517128381878138,0.0018275983165949583
mlp_1x64_relu,5,30,92,0.0022515803575515747,0.0018410932971164584
mlp_1x64_relu,5,30,93,0.0022562139201909304,0.0018273734021931887
mlp_1x64_relu,5,30,94,0.002258406253531575,0.0018216778989881277
mlp_1x64_relu,5,30,95,0.0022437311708927155,0.001812133239582181
mlp_1x64_relu,5,30,96,0.002259373664855957,0.0018164137145504355
mlp_1x64_relu,5,30,97,0.0022683904971927404,0.001808613887988031
mlp_1x64_relu,5,30,98,0.0022547016851603985,0.0018024423625320196
mlp_1x64_relu,5,30,99,0.002255997620522976,0.0018215510062873363
mlp_1x64_relu,5,30,100,0.002260778099298477,0.001813892857171595
mlp_1x64_relu,5,30,101,0.0022772534284740686,0.001817249460145831
mlp_1x64_relu,5,30,102,0.002260505221784115,0.001817781594581902
mlp_1x64_relu,5,30,103,0.002262704074382782,0.0018151522381231189
mlp_1x64_relu,5,30,104,0.0022549941204488277,0.0018215415766462684
mlp_1x64_relu,5,30,105,0.002268118318170309,0.0018098547589033842
mlp_1x64_relu,5,30,106,0.0022702545393258333,0.0018118199659511447
mlp_1x64_relu,5,30,107,0.0022525060921907425,0.0018032907973974943
mlp_1x64_relu,5,30,108,0.002268517855554819,0.0018143670167773962
mlp_1x64_relu,5,30,109,0.0022738315165042877,0.0018167704110965133
mlp_1x64_relu,5,30,110,0.002281895140185952,0.0018116110004484653
mlp_1x64_relu,5,30,111,0.002273079939186573,0.0018048627534881234
mlp_1x64_relu,5,30,112,0.0022583466488868,0.0018015530658885837
mlp_1x64_relu,5,30,113,0.0022612307220697403,0.0017911914037540555
mlp_1x64_relu,5,30,114,0.0022579652722924948,0.0018107182113453746
mlp_1x64_relu,5,30,115,0.0022456031292676926,0.0018080739537253976
mlp_1x64_relu,5,30,116,0.0022542201913893223,0.0018064203904941678
mlp_1x64_relu,5,30,117,0.00225370773114264,0.0018113435944542289
mlp_1x64_relu,5,30,118,0.0022558518685400486,0.0018232592847198248
mlp_1x64_relu,5,30,119,0.002276844112202525,0.0018113231053575873
mlp_1x64_relu,5,30,120,0.0022736263927072287,0.0018068539211526513
mlp_1x64_relu,5,30,121,0.0022645327262580395,0.0018022083677351475
mlp_1x64_relu,5,30,122,0.002265732502564788,0.0018087043426930904
mlp_1x64_relu,5,30,123,0.0022587755229324102,0.0018023010343313217
mlp_1x64_relu,5,30,124,0.002253928454592824,0.0018259695498272777
mlp_1x64_relu,5,30,125,0.0022708934266120195,0.0018091739621013403
mlp_1x64_relu,5,30,126,0.002259747590869665,0.0018128218362107873
mlp_1x64_relu,5,30,127,0.0022577166091650724,0.001811600406654179
mlp_1x64_relu,5,30,128,0.0022538246121257544,0.0018117678118869662
mlp_1x64_relu,5,30,129,0.0022513605654239655,0.0018088619690388441
mlp_1x64_relu,5,30,130,0.002278717700392008,0.0017945399740710855
mlp_1x64_relu,5,30,131,0.0022647129371762276,0.001805388368666172
mlp_1x64_relu,5,30,132,0.0022594952024519444,0.0018136848229914904
mlp_1x64_relu,5,30,133,0.0022644377313554287,0.0018088428769260645
mlp_1x64_relu,5,30,134,0.0022556311450898647,0.0018026913749054074
mlp_1x64_relu,5,30,135,0.0022556702606379986,0.0017977278912439942
mlp_1x64_relu,5,30,136,0.0022543040104210377,0.0018114966806024313
mlp_1x64_relu,5,30,137,0.002248404547572136,0.0018188218818977475
mlp_1x64_relu,5,30,138,0.002251947298645973,0.001808529137633741
mlp_1x64_relu,5,30,139,0.0022624426055699587,0.001808586297556758
mlp_1x64_relu,5,30,140,0.0022468382958322763,0.001797873992472887
mlp_1x64_relu,5,30,141,0.0022399204317480326,0.0018099340377375484
mlp_1x64_relu,5,30,142,0.002245060633867979,0.001807672786526382
mlp_1x64_relu,5,30,143,0.002241919981315732,0.0018138603772968054
mlp_1x64_relu,5,30,144,0.002260425593703985,0.0018083567265421152
mlp_1x64_relu,5,30,145,0.0022635285276919603,0.0018099213484674692
mlp_1x64_relu,5,30,146,0.0022540725767612457,0.0018199683399870992
mlp_1x64_relu,5,30,147,0.0022434473503381014,0.0018056690460070968
mlp_1x64_relu,5,30,148,0.0022523317020386457,0.0018014152301475406
mlp_1x64_relu,5,30,149,0.002242830814793706,0.0018222560174763203
mlp_1x64_relu,5,30,150,0.0022418221924453974,0.0018109772354364395
mlp_1x64_relu,5,30,151,0.0022619706578552723,0.0018148083472624421
mlp_1x64_relu,5,30,152,0.0022588076535612345,0.0018003586446866393
mlp_1x64_relu,5,30,153,0.002244186121970415,0.0018025236204266548
mlp_1x64_relu,5,30,154,0.0022407083306461573,0.0018012815853580832
mlp_1x64_relu,5,30,155,0.0022392955143004656,0.0018224784871563315
mlp_1x64_relu,5,30,156,0.002242798451334238,0.001802117214538157
mlp_1x64_relu,5,30,157,0.0022362731397151947,0.0018034502863883972
mlp_1x64_relu,5,30,158,0.0022366191260516644,0.0018060641596093774
mlp_1x64_relu,5,30,159,0.0022376710548996925,0.0018003814620897174
mlp_1x64_relu,5,30,160,0.002238302491605282,0.0018187164096161723
mlp_1x64_relu,5,30,161,0.0022428028751164675,0.0018097826978191733
mlp_1x64_relu,5,30,162,0.0022456091828644276,0.001816085772588849
mlp_1x64_relu,5,30,163,0.002241333946585655,0.0018107198411598802
mlp_1x64_relu,5,30,164,0.0022361266892403364,0.0018085017800331116
mlp_1x64_relu,5,30,165,0.002233902458101511,0.0018055920954793692
mlp_1x64_relu,5,30,166,0.0022527112159878016,0.0017990004271268845
mlp_1x64_relu,5,30,167,0.0022444312926381826,0.0018097669817507267
mlp_1x64_relu,5,30,168,0.002240486443042755,0.0018155805300921202
mlp_1x64_relu,5,30,169,0.002236713655292988,0.0018157000886276364
mlp_1x64_relu,5,30,170,0.002241922542452812,0.0018014245433732867
mlp_1x64_relu,5,30,171,0.002238326705992222,0.0018111452227458358
mlp_1x64_relu,5,30,172,0.002230745507404208,0.001814945600926876
mlp_1x64_relu,5,30,173,0.0022389739751815796,0.0018069270299747586
mlp_1x64_relu,5,30,174,0.002241280861198902,0.0018059081630781293
mlp_1x64_relu,5,30,175,0.002237243577837944,0.0018086287891492248
mlp_1x64_relu,5,30,176,0.002236314117908478,0.0018060003640130162
mlp_1x64_relu,5,30,177,0.002234218642115593,0.001819174038246274
mlp_1x64_relu,5,30,178,0.002234454033896327,0.0018030833452939987
mlp_1x64_relu,5,30,179,0.0022441016044467688,0.0018152977572754025
mlp_1x64_relu,5,30,180,0.0022406498901546,0.001811178750358522
mlp_1x64_relu,5,30,181,0.002231457969173789,0.001808621920645237
mlp_1x64_relu,5,30,182,0.0022334668319672346,0.0018138980958610773
mlp_1x64_relu,5,30,183,0.0022345774341374636,0.0018028155900537968
mlp_1x64_relu,5,30,184,0.0022292963694781065,0.001804275088943541
mlp_1x64_relu,5,30,185,0.00223854323849082,0.0017992513021454215
mlp_1x64_relu,5,30,186,0.002232649363577366,0.0018125207861885428
mlp_1x64_relu,5,30,187,0.0022366668563336134,0.0018211399437859654
mlp_1x64_relu,5,30,188,0.0022347085177898407,0.0018075782572850585
mlp_1x64_relu,5,30,189,0.002241297625005245,0.0018125335918739438
mlp_1x64_relu,5,30,190,0.0022449654061347246,0.0017997061368077993
mlp_1x64_relu,5,30,191,0.002236361615359783,0.0018056049011647701
mlp_1x64_relu,5,30,192,0.0022319371346384287,0.001824542647227645
mlp_1x64_relu,5,30,193,0.002228247933089733,0.001813459093682468
mlp_1x64_relu,5,30,194,0.0022313566878437996,0.0018107050564140081
mlp_1x64_relu,5,30,195,0.002230002311989665,0.0018093595281243324
mlp_1x64_relu,5,30,196,0.002224417869001627,0.0018030417850241065
mlp_1x64_relu,5,30,197,0.0022223826963454485,0.0018151201074942946
mlp_1x64_relu,5,30,198,0.0022329583298414946,0.0018104116898030043
mlp_1x64_relu,5,30,199,0.002230496611446142,0.001810105168260634
mlp_1x64_relu,5,30,200,0.0022191342432051897,0.001813105889596045
mlp_1x64_relu,5,30,201,0.002220253925770521,0.001810493296943605
mlp_1x64_relu,5,30,202,0.002222138224169612,0.0018061762675642967
mlp_1x64_relu,5,30,203,0.002226178999990225,0.0018173308344557881
mlp_1x64_relu,5,30,204,0.002234205137938261,0.0018066962948068976
mlp_1x64_relu,5,30,205,0.0022312381770461798,0.0018116808496415615
mlp_1x64_relu,5,30,206,0.0022240830585360527,0.0018117543077096343
mlp_1x64_relu,5,30,207,0.0022292810026556253,0.0018108752556145191
mlp_1x64_relu,5,30,208,0.0022262681741267443,0.0018134401179850101
mlp_1x64_relu,5,30,209,0.0022332975640892982,0.0018073582323268056
mlp_1x64_relu,5,30,210,0.002226783661171794,0.0018076602136716247
mlp_1x64_relu,5,30,211,0.002226891927421093,0.001809814595617354
mlp_1x64_relu,5,30,212,0.0022337427362799644,0.0018012408399954438
mlp_1x64_relu,5,30,213,0.002231982769444585,0.0018128963420167565
mlp_1x64_relu,5,30,214,0.0022316849790513515,0.0018072541570290923
mlp_1x64_relu,5,30,215,0.0022269515320658684,0.0018022664589807391
mlp_1x64_relu,5,30,216,0.0022312814835458994,0.0018076018895953894
mlp_1x64_relu,5,30,217,0.0022246036678552628,0.0018246592953801155
mlp_1x64_relu,5,30,218,0.0022285347804427147,0.0018076793057844043
mlp_1x64_relu,5,30,219,0.002230078214779496,0.0018150259274989367
mlp_1x64_relu,5,30,220,0.002223559422418475,0.0018090123776346445
mlp_1x64_relu,5,30,221,0.0022308393381536007,0.001809378620237112
mlp_1x64_relu,5,30,222,0.002221439965069294,0.0018158432794734836
mlp_1x64_relu,5,30,223,0.002221002010628581,0.0018071959493681788
mlp_1x64_relu,5,30,224,0.0022271936759352684,0.0018095852574333549
mlp_1x64_relu,5,30,225,0.002222491428256035,0.001808760454878211
mlp_1x64_relu,5,30,226,0.0022305708844214678,0.0018061824375763535
mlp_1x64_relu,5,30,227,0.002223080489784479,0.0018226404208689928
mlp_1x64_relu,5,30,228,0.0022219254169613123,0.0018085673218593001
mlp_1x64_relu,5,30,229,0.0022197559010237455,0.001807234832085669
mlp_1x64_relu,5,30,230,0.002213501138612628,0.0018120695604011416
mlp_1x64_relu,5,30,231,0.002220636233687401,0.0018204681109637022
mlp_1x64_relu,5,30,232,0.0022236998192965984,0.0018205228261649609
mlp_1x64_relu,5,30,233,0.002218604553490877,0.0018105977214872837
mlp_1x64_relu,5,30,234,0.0022276798263192177,0.001799113815650344
mlp_1x64_relu,5,30,235,0.0022210772149264812,0.001804409665055573
mlp_1x64_relu,5,30,236,0.0022251158952713013,0.001819137018173933
mlp_1x64_relu,5,30,237,0.0022254844661802053,0.0018082493916153908
mlp_1x64_relu,5,30,238,0.002214544452726841,0.0018175692530348897
mlp_1x64_relu,5,30,239,0.0022167484275996685,0.001824050210416317
mlp_1x64_relu,5,30,240,0.0022253869101405144,0.0018193242140114307
mlp_1x64_relu,5,30,241,0.002228178083896637,0.001811297843232751
mlp_1x64_relu,5,30,242,0.002221955917775631,0.0018176472513005137
mlp_1x64_relu,5,30,243,0.0022194827906787395,0.0018163492204621434
mlp_1x64_relu,5,30,244,0.0022175521589815617,0.0018120415043085814
mlp_1x64_relu,5,30,245,0.002221060683950782,0.0018095647683367133
mlp_1x64_relu,5,30,246,0.002215698594227433,0.0018146339571103454
mlp_1x64_relu,5,30,247,0.002219090238213539,0.0018157998565584421
mlp_1x64_relu,5,30,248,0.002214915817603469,0.0018103276379406452
mlp_1x64_relu,5,30,249,0.0022221358958631754,0.001821569399908185
mlp_1x64_relu,5,30,250,0.0022219130769371986,0.0018016850808635354
mlp_1x64_relu,5,30,251,0.0022231084294617176,0.0018143843626603484
mlp_1x64_relu,5,30,252,0.0022111430298537016,0.0018283214885741472
mlp_1x64_relu,5,30,253,0.002224911469966173,0.0018073711544275284
mlp_1x64_relu,5,30,254,0.002229686127975583,0.0018190124537795782
mlp_1x64_relu,5,30,255,0.002220629947260022,0.0018102783942595124
mlp_1x64_relu,5,30,256,0.002219549845904112,0.0018197231693193316
mlp_1x64_relu,5,30,257,0.0022179107181727886,0.001819333527237177
mlp_1x64_relu,5,30,258,0.0022205691784620285,0.001828360022045672
mlp_1x64_relu,5,30,259,0.002221953822299838,0.0018002867000177503
mlp_1x64_relu,5,30,260,0.0022195703350007534,0.0018152595730498433
mlp_1x64_relu,5,30,261,0.0022124764509499073,0.0018139734165742993
mlp_1x64_relu,5,30,262,0.0022190227173268795,0.0018132037948817015
mlp_1x64_relu,5,30,263,0.0022189386654645205,0.0018155052093788981
mlp_1x64_relu,5,30,264,0.0022107036784291267,0.0018127205548807979
mlp_1x64_relu,5,30,265,0.002215426182374358,0.0018106191419064999
mlp_1x64_relu,5,30,266,0.0022123539820313454,0.0018171238480135798
mlp_1x64_relu,5,30,267,0.002210350940003991,0.0018199763726443052
mlp_1x64_relu,5,30,268,0.002215416170656681,0.0018119864398613572
mlp_1x64_relu,5,30,269,0.002214923035353422,0.00182220374699682
mlp_1x64_relu,5,30,270,0.0022134934552013874,0.0018157222075387836
mlp_1x64_relu,5,30,271,0.002225110772997141,0.0018184648361057043
mlp_1x64_relu,5,30,272,0.0022176303900778294,0.001821748330257833
mlp_1x64_relu,5,30,273,0.002219225512817502,0.0018174780998378992
mlp_1x64_relu,5,30,274,0.00222044182009995,0.0018253106391057372
mlp_1x64_relu,5,30,275,0.002214720007032156,0.0018183367792516947
mlp_1x64_relu,5,30,276,0.0022197060752660036,0.0018124000634998083
mlp_1x64_relu,5,30,277,0.002211421262472868,0.001818861928768456
mlp_1x64_relu,5,30,278,0.0022192480973899364,0.0018119282322004437
mlp_1x64_relu,5,30,279,0.0022241680417209864,0.001817908720113337
mlp_1x64_relu,5,30,280,0.002227896125987172,0.0018146603833884
mlp_1x64_relu,5,30,281,0.002224943833425641,0.0018172801937907934
mlp_1x64_relu,5,30,282,0.0022230870090425014,0.0018107793293893337
mlp_1x64_relu,5,30,283,0.002217557979747653,0.0018157127778977156
mlp_1x64_relu,5,30,284,0.0022265841253101826,0.001807248336263001
mlp_1x64_relu,5,30,285,0.00223658443428576,0.0018051698571071029
mlp_1x64_relu,5,30,286,0.002227585297077894,0.0018217917531728745
mlp_1x64_relu,5,30,287,0.0022274418734014034,0.001816200907342136
mlp_1x64_relu,5,30,288,0.0022140631917864084,0.0018071006052196026
mlp_1x64_relu,5,30,289,0.0022190981544554234,0.0018031384097412229
mlp_1x64_relu,5,30,290,0.0022124408278614283,0.0018187384121119976
mlp_1x64_relu,5,30,291,0.0022079928312450647,0.001815227442421019
mlp_1x64_relu,5,30,292,0.0022143092937767506,0.0018084977054968476
mlp_1x64_relu,5,30,293,0.002209051977843046,0.0018131737597286701
mlp_1x64_relu,5,30,294,0.002209476660937071,0.0018226634711027145
mlp_1x64_relu,5,30,295,0.002216458786278963,0.0018173427088186145
mlp_1x64_relu,5,30,296,0.0022083332296460867,0.001814868301153183
mlp_1x64_relu,5,30,297,0.0022064305376261473,0.0018252163426950574
mlp_1x64_relu,5,30,298,0.00220532831735909,0.0018073387909680605
mlp_1x64_relu,5,30,299,0.002210097387433052,0.001815187162719667
mlp_1x64_relu,5,30,300,0.0022081814240664244,0.0018124065827578306
mlp_1x64_relu,5,30,301,0.002215383341535926,0.0018231449648737907
mlp_1x64_relu,5,30,302,0.00221296027302742,0.0018174878787249327
mlp_1x64_relu,5,30,303,0.0022236923687160015,0.001818163087591529
mlp_1x64_relu,5,30,304,0.00222121924161911,0.0018220784841105342
mlp_1x64_relu,5,30,305,0.0022136420011520386,0.0018168315291404724
mlp_1x64_relu,5,30,306,0.0022195149213075638,0.0018077861750498414
mlp_1x64_relu,5,30,307,0.0022129861172288656,0.0018144060159102082
mlp_1x64_relu,5,30,308,0.002215211745351553,0.001809361856430769
mlp_1x64_relu,5,30,309,0.0022161235101521015,0.001803893013857305
mlp_1x64_relu,5,30,310,0.0022170795127749443,0.001813565380871296
mlp_1x64_relu,5,30,311,0.002218968467786908,0.001804586499929428
mlp_1x64_relu,5,30,312,0.002216570544987917,0.0018088041106238961
mlp_1x64_relu,5,30,313,0.0022188054863363504,0.0018138078739866614
mlp_1x64_relu,5,30,314,0.0022148648276925087,0.0018194058211520314
mlp_1x64_relu,5,30,315,0.002218408975750208,0.0018124938942492008
mlp_1x64_relu,5,30,316,0.0022142480593174696,0.0018211210845038295
mlp_1x64_relu,5,30,317,0.0022130298893898726,0.001821929938159883
mlp_1x64_relu,5,30,318,0.002212030813097954,0.0018087630160152912
mlp_1x64_relu,5,30,319,0.0022113004233688116,0.0018312360625714064
mlp_1x64_relu,5,30,320,0.0022118976339697838,0.0018087562639266253
mlp_1x64_relu,5,30,321,0.0022181349340826273,0.0018231524154543877
mlp_1x64_relu,5,30,322,0.0022156157065182924,0.0018106738571077585
mlp_1x64_relu,5,30,323,0.002221569186076522,0.0018168435199186206
mlp_1x64_relu,5,30,324,0.0022187880240380764,0.001808555331081152
mlp_1x64_relu,5,30,325,0.0022199468221515417,0.0018182836938649416
mlp_1x64_relu,5,30,326,0.0022162680979818106,0.0018066606717184186
mlp_1x64_relu,5,30,327,0.0022162185050547123,0.001819733763113618
mlp_1x64_relu,5,30,328,0.002212958177551627,0.0018108951626345515
mlp_1x64_relu,5,30,329,0.0022141749504953623,0.0018177716992795467
mlp_1x64_relu,5,30,330,0.00221607880666852,0.001822367194108665
mlp_1x64_relu,5,30,331,0.0022115095052868128,0.0018174342112615705
mlp_1x64_relu,5,30,332,0.0022099867928773165,0.0018285851692780852
mlp_1x64_relu,5,30,333,0.002210152568295598,0.0018100892193615437
mlp_1x64_relu,5,30,334,0.002217975677922368,0.0018192700808867812
mlp_1x64_relu,5,30,335,0.002213106956332922,0.001815754920244217
mlp_1x64_relu,5,30,336,0.0022094021551311016,0.0018187836976721883
mlp_1x64_relu,5,30,337,0.002207857556641102,0.0018255480099469423
mlp_1x64_relu,5,30,338,0.0022196576464921236,0.001817486248910427
mlp_1x64_relu,5,30,339,0.0022195589262992144,0.0018109978409484029
mlp_1x64_relu,5,30,340,0.0022075653541833162,0.0018146155634894967
mlp_1x64_relu,5,30,341,0.0022092817816883326,0.001824545906856656
mlp_1x64_relu,5,30,342,0.002217033877968788,0.0018243946833536029
mlp_1x64_relu,5,30,343,0.002214872045442462,0.0018187965033575892
mlp_1x64_relu,5,30,344,0.002209628699347377,0.0018124447669833899
mlp_1x64_relu,5,30,345,0.002216954017058015,0.0018175235018134117
mlp_1x64_relu,5,30,346,0.002215036191046238,0.0018213543808087707
mlp_1x64_relu,5,30,347,0.0022262653801590204,0.0018196266610175371
mlp_1x64_relu,5,30,348,0.0022130219731479883,0.0018227549735456705
mlp_1x64_relu,5,30,349,0.0022071609273552895,0.0018193083815276623
mlp_1x64_relu,5,30,350,0.002210423583164811,0.0018246164545416832
mlp_1x64_relu,5,30,351,0.002213026164099574,0.0018218026962131262
mlp_1x64_relu,5,30,352,0.0022070230916142464,0.001820008154027164
mlp_1x64_relu,5,30,353,0.0022203843109309673,0.001821471261791885
mlp_1x64_relu,5,30,354,0.0022298586554825306,0.0018009499181061983
mlp_1x64_relu,5,30,355,0.002229950623586774,0.0018131029792129993
mlp_1x64_relu,5,30,356,0.00221420219168067,0.0018249382264912128
mlp_1x64_relu,5,30,357,0.0022073902655392885,0.001811936148442328
mlp_1x64_relu,5,30,358,0.0022040996700525284,0.0018354846397414804
mlp_1x64_relu,5,30,359,0.002212264109402895,0.0018226560205221176
mlp_1x64_relu,5,30,360,0.002211435930803418,0.001828330452553928
mlp_1x64_relu,5,30,361,0.0022199717350304127,0.0018260753713548183
mlp_1x64_relu,5,30,362,0.002211074810475111,0.0018332632025703788
mlp_1x64_relu,5,30,363,0.0022114375606179237,0.001822200370952487
mlp_1x64_relu,5,30,364,0.00221422896720469,0.001825571060180664
mlp_1x64_relu,5,30,365,0.0022155032493174076,0.0018236729083582759
mlp_1x64_relu,5,30,366,0.0022092170547693968,0.001825008075684309
mlp_1x64_relu,5,30,367,0.0022089011035859585,0.0018173212883993983
mlp_1x64_relu,5,30,368,0.0022096082102507353,0.0018205972155556083
mlp_1x64_relu,5,30,369,0.002219186397269368,0.0018244783859699965
mlp_1x64_relu,5,30,370,0.0022193652112036943,0.0018222046783193946
mlp_1x64_relu,5,30,371,0.0022124939132481813,0.0018338937079533935
mlp_1x64_relu,5,30,372,0.0022199249360710382,0.0018108976073563099
mlp_1x64_relu,5,30,373,0.002210729056969285,0.0018235767493024468
mlp_1x64_relu,5,30,374,0.0022074058651924133,0.0018219646299257874
mlp_1x64_relu,5,30,375,0.0022140201181173325,0.0018232096917927265
mlp_1x64_relu,5,30,376,0.0022143798414617777,0.0018126920331269503
mlp_1x64_relu,5,30,377,0.0022065669763833284,0.0018261957447975874
mlp_1x64_relu,5,30,378,0.0022045716177672148,0.0018174938159063458
mlp_1x64_relu,5,30,379,0.002206136006861925,0.0018312669126316905
mlp_1x64_relu,5,30,380,0.0022186648566275835,0.0018250382272526622
mlp_1x64_relu,5,30,381,0.0022092906292527914,0.0018189225811511278
mlp_1x64_relu,5,30,382,0.002214801963418722,0.0018201075727120042
mlp_1x64_relu,5,30,383,0.002218564972281456,0.0018243863014504313
mlp_1x64_relu,5,30,384,0.0022117814514786005,0.0018228606786578894
mlp_1x64_relu,5,30,385,0.0022079888731241226,0.0018203894142061472
mlp_1x64_relu,5,30,386,0.0022175160702317953,0.0018208118854090571
mlp_1x64_relu,5,30,387,0.0022075199522078037,0.001826292835175991
mlp_1x64_relu,5,30,388,0.0022111644502729177,0.0018126980867236853
mlp_1x64_relu,5,30,389,0.0022091774735599756,0.0018282736418768764
mlp_1x64_relu,5,30,390,0.002208736026659608,0.0018212883733212948
mlp_1x64_relu,5,30,391,0.0022087020333856344,0.0018267093691974878
mlp_1x64_relu,5,30,392,0.0022093812003731728,0.0018221933860331774
mlp_1x64_relu,5,30,393,0.002217052271589637,0.0018224067753180861
mlp_1x64_relu,5,30,394,0.002209457103163004,0.001827252097427845
mlp_1x64_relu,5,30,395,0.00220259721390903,0.0018309244187548757
mlp_1x64_relu,5,30,396,0.002203194657340646,0.0018268368439748883
mlp_1x64_relu,5,30,397,0.0022146522533148527,0.0018233272712677717
mlp_1x64_relu,5,30,398,0.0022093404550105333,0.0018210426205769181
mlp_1x64_relu,5,30,399,0.002219687681645155,0.0018202249193564057
mlp_1x64_relu,5,30,400,0.002220585010945797,0.001813416602090001
mlp_1x64_relu,5,30,401,0.002213764004409313,0.001813605078496039
mlp_1x64_relu,5,30,402,0.002215367741882801,0.001811841269955039
mlp_1x64_relu,5,30,403,0.002212469233199954,0.001817434560507536
mlp_1x64_relu,5,30,404,0.0022085257805883884,0.0018155237194150686
mlp_1x64_relu,5,30,405,0.0022152878809720278,0.0018183751963078976
mlp_1x64_relu,5,30,406,0.0022139146458357573,0.001826874096877873
mlp_1x64_relu,5,30,407,0.0022097176406532526,0.001825919607654214
mlp_1x64_relu,5,30,408,0.0022084550000727177,0.0018200179329141974
mlp_1x64_relu,5,30,409,0.0022038172464817762,0.0018342032562941313
mlp_1x64_relu,5,30,410,0.0022064060904085636,0.0018332450417801738
mlp_1x64_relu,5,30,411,0.0022080547641962767,0.0018278444185853004
mlp_1x64_relu,5,30,412,0.0022164511028677225,0.0018219597404822707
mlp_1x64_relu,5,30,413,0.0022118876222521067,0.0018192928982898593
mlp_1x64_relu,5,30,414,0.0022113576997071505,0.0018278990173712373
mlp_1x64_relu,5,30,415,0.002206385601311922,0.0018234566086903214
mlp_1x64_relu,5,30,416,0.002205481054261327,0.0018186041852459311
mlp_1x64_relu,5,30,417,0.002204574178904295,0.0018298955401405692
mlp_1x64_relu,5,30,418,0.002204539952799678,0.0018282687524333596
mlp_1x64_relu,5,30,419,0.00220481981523335,0.0018278646748512983
mlp_1x64_relu,5,30,420,0.002203569281846285,0.0018218632321804762
mlp_1x64_relu,5,30,421,0.0022072012070566416,0.0018226972315460443
mlp_1x64_relu,5,30,422,0.0022061525378376245,0.0018138490850105882
mlp_1x64_relu,5,30,423,0.0022158194333314896,0.0018136814469471574
mlp_1x64_relu,5,30,424,0.0022161321248859167,0.0018160243052989244
mlp_1x64_relu,5,30,425,0.0022168364375829697,0.0018193250289186835
mlp_1x64_relu,5,30,426,0.0022067565005272627,0.001810570014640689
mlp_1x64_relu,5,30,427,0.0022069637198001146,0.0018228953704237938
mlp_1x64_relu,5,30,428,0.00221087783575058,0.0018175082514062524
mlp_1x64_relu,5,30,429,0.0022149221040308475,0.0018052853411063552
mlp_1x64_relu,5,30,430,0.0022110692225396633,0.0018214978044852614
mlp_1x64_relu,5,30,431,0.002207443816587329,0.0018199840560555458
mlp_1x64_relu,5,30,432,0.0022083763033151627,0.0018229605630040169
mlp_1x64_relu,5,30,433,0.0022064433433115482,0.0018199019832536578
mlp_1x64_relu,5,30,434,0.0022106810938566923,0.0018173513235524297
mlp_1x64_relu,5,30,435,0.002212459221482277,0.0018159807659685612
mlp_1x64_relu,5,30,436,0.002209588186815381,0.0018130179960280657
mlp_1x64_relu,5,30,437,0.002205333672463894,0.001812080037780106
mlp_1x64_relu,5,30,438,0.002211011713370681,0.0018234115559607744
mlp_1x64_relu,5,30,439,0.00220968434587121,0.0018165560904890299
mlp_1x64_relu,5,30,440,0.0022276057861745358,0.0018126053037121892
mlp_1x64_relu,5,30,441,0.0022203531116247177,0.0018192993011325598
mlp_1x64_relu,5,30,442,0.0022162985987961292,0.0018251838628202677
mlp_1x64_relu,5,30,443,0.002211197977885604,0.0018221440259367228
mlp_1x64_relu,5,30,444,0.002218015259131789,0.001826923224143684
mlp_1x64_relu,5,30,445,0.0022056277375668287,0.001820727833546698
mlp_1x64_relu,5,30,446,0.002205613534897566,0.0018218298209831119
mlp_1x64_relu,5,30,447,0.0022075979504734278,0.001825209241360426
mlp_1x64_relu,5,30,448,0.0022114531602710485,0.0018159587634727359
mlp_1x64_relu,5,30,449,0.002203949959948659,0.001824299804866314
mlp_1x64_relu,5,30,450,0.0022087928373366594,0.001823990955017507
mlp_1x64_relu,5,30,451,0.0022115071769803762,0.0018104924820363522
mlp_1x64_relu,5,30,452,0.002212289022281766,0.0018213671864941716
mlp_1x64_relu,5,30,453,0.002208665246143937,0.001813086331821978
mlp_1x64_relu,5,30,454,0.0022172979079186916,0.0018243350787088275
mlp_1x64_relu,5,30,455,0.0022132229059934616,0.0018142081098631024
mlp_1x64_relu,5,30,456,0.0022165009286254644,0.001823516096919775
mlp_1x64_relu,5,30,457,0.0022128005512058735,0.00182341190520674
mlp_1x64_relu,5,30,458,0.002205849392339587,0.0018267559353262186
mlp_1x64_relu,5,30,459,0.0022023292258381844,0.001815027091652155
mlp_1x64_relu,5,30,460,0.0022088349796831608,0.001822402817197144
mlp_1x64_relu,5,30,461,0.0022152727469801903,0.001817307318560779
mlp_1x64_relu,5,30,462,0.0022049718536436558,0.0018179264152422547
mlp_1x64_relu,5,30,463,0.0022141316439956427,0.0018188190879300237
mlp_1x64_relu,5,30,464,0.002208864316344261,0.0018245611572638154
mlp_1x64_relu,5,30,465,0.0022118226625025272,0.0018195316661149263
mlp_1x64_relu,5,30,466,0.002210844773799181,0.001825931714847684
mlp_1x64_relu,5,30,467,0.002216166350990534,0.001815160969272256
mlp_1x64_relu,5,30,468,0.0022036237642169,0.0018327219877392054
mlp_1x64_relu,5,30,469,0.0022032044362276793,0.0018302776152268052
mlp_1x64_relu,5,30,470,0.00220403796993196,0.0018270791042596102
mlp_1x64_relu,5,30,471,0.002204641466960311,0.0018263207748532295
mlp_1x64_relu,5,30,472,0.0022095111198723316,0.001841335673816502
mlp_1x64_relu,5,30,473,0.0022087395191192627,0.0018249928252771497
mlp_1x64_relu,5,30,474,0.0022025280632078648,0.0018214909359812737
mlp_1x64_relu,5,30,475,0.0022197121288627386,0.00182623032014817
mlp_1x64_relu,5,30,476,0.002211142098531127,0.0018190303817391396
mlp_1x64_relu,5,30,477,0.0022090591955929995,0.0018258007476106286
mlp_1x64_relu,5,30,478,0.0022128592245280743,0.0018259097123518586
mlp_1x64_relu,5,30,479,0.00221371091902256,0.0018228741828352213
mlp_1x64_relu,5,30,480,0.0022103723604232073,0.0018180712359026074
mlp_1x64_relu,5,30,481,0.002207840560004115,0.0018234155140817165
mlp_1x64_relu,5,30,482,0.0022086838725954294,0.0018241279758512974
mlp_1x64_relu,5,30,483,0.0022051900159567595,0.0018329157028347254
mlp_1x64_relu,5,30,484,0.002208054531365633,0.0018184904474765062
mlp_1x64_relu,5,30,485,0.002201780676841736,0.001829381799325347
mlp_1x64_relu,5,30,486,0.0022107164841145277,0.001833260408602655
mlp_1x64_relu,5,30,487,0.0022027783561497927,0.001822441816329956
mlp_1x64_relu,5,30,488,0.0022059038747102022,0.0018230840796604753
mlp_1x64_relu,5,30,489,0.0022076957393437624,0.0018177555175498128
mlp_1x64_relu,5,30,490,0.0022108424454927444,0.0018324364209547639
mlp_1x64_relu,5,30,491,0.002203576033934951,0.001824227045290172
mlp_1x64_relu,5,30,492,0.002206729957833886,0.0018218535697087646
mlp_1x64_relu,5,30,493,0.002220307243987918,0.0018271434819325805
mlp_1x64_relu,5,30,494,0.002207778627052903,0.0018321354873478413
mlp_1x64_relu,5,30,495,0.002210102276876569,0.0018189239781349897
mlp_1x64_relu,5,30,496,0.002207250567153096,0.0018264929531142116
mlp_1x64_relu,5,30,497,0.002206706441938877,0.00182527385186404
mlp_1x64_relu,5,30,498,0.002206824952736497,0.001823349273763597
mlp_1x64_relu,5,30,499,0.0022034472785890102,0.0018246471881866455
mlp_1x64_relu,5,30,500,0.0022047962993383408,0.0018165898509323597
mlp_1x64_relu,5,90,1,0.3754660487174988,0.15970514714717865
mlp_1x64_relu,5,90,2,0.15559172630310059,0.07920528948307037
mlp_1x64_relu,5,90,3,0.08189903944730759,0.04313730075955391
mlp_1x64_relu,5,90,4,0.04432806372642517,0.024001991376280785
mlp_1x64_relu,5,90,5,0.024561425670981407,0.014053260907530785
mlp_1x64_relu,5,90,6,0.014850308187305927,0.00928455963730812
mlp_1x64_relu,5,90,7,0.01000129897147417,0.007238263729959726
mlp_1x64_relu,5,90,8,0.0071587818674743176,0.005054457113146782
mlp_1x64_relu,5,90,9,0.005629747174680233,0.00503566674888134
mlp_1x64_relu,5,90,10,0.0048781270161271095,0.004239369183778763
mlp_1x64_relu,5,90,11,0.004115481395274401,0.003408733755350113
mlp_1x64_relu,5,90,12,0.003595277201384306,0.0038263637106865644
mlp_1x64_relu,5,90,13,0.0034399486612528563,0.0033073362428694963
mlp_1x64_relu,5,90,14,0.0030869394540786743,0.0028134521562606096
mlp_1x64_relu,5,90,15,0.0029372628778219223,0.0026607646141201258
mlp_1x64_relu,5,90,16,0.002642737003043294,0.0023241101298481226
mlp_1x64_relu,5,90,17,0.002603488974273205,0.002211724640801549
mlp_1x64_relu,5,90,18,0.0023749377578496933,0.0019566931296139956
mlp_1x64_relu,5,90,19,0.002282138913869858,0.001896815956570208
mlp_1x64_relu,5,90,20,0.0021764931734651327,0.0016886299708858132
mlp_1x64_relu,5,90,21,0.002112217014655471,0.0016944485250860453
mlp_1x64_relu,5,90,22,0.0020417789928615093,0.0016211499460041523
mlp_1x64_relu,5,90,23,0.0019548095297068357,0.0015325733693316579
mlp_1x64_relu,5,90,24,0.0019115573959425092,0.0015140268951654434
mlp_1x64_relu,5,90,25,0.0018799803219735622,0.001506697852164507
mlp_1x64_relu,5,90,26,0.001858095289207995,0.0015592443523928523
mlp_1x64_relu,5,90,27,0.0018358917441219091,0.0014994320226833224
mlp_1x64_relu,5,90,28,0.0018268480198457837,0.0015389110194519162
mlp_1x64_relu,5,90,29,0.0017692538676783442,0.0014590949285775423
mlp_1x64_relu,5,90,30,0.001744249602779746,0.0014054883504286408
mlp_1x64_relu,5,90,31,0.001714643556624651,0.0013799574226140976
mlp_1x64_relu,5,90,32,0.0016819637967273593,0.0013030830305069685
mlp_1x64_relu,5,90,33,0.001657968619838357,0.001275502610951662
mlp_1x64_relu,5,90,34,0.001647677505388856,0.0012647745897993445
mlp_1x64_relu,5,90,35,0.0016129470895975828,0.0012108590453863144
mlp_1x64_relu,5,90,36,0.0015980723546817899,0.0011909166350960732
mlp_1x64_relu,5,90,37,0.0015894799726083875,0.0011764842784032226
mlp_1x64_relu,5,90,38,0.0015690255677327514,0.0011602831073105335
mlp_1x64_relu,5,90,39,0.0015696041518822312,0.0011809997959062457
mlp_1x64_relu,5,90,40,0.0015538992593064904,0.0011457897489890456
mlp_1x64_relu,5,90,41,0.0015325011918321252,0.0011165266623720527
mlp_1x64_relu,5,90,42,0.0015201626811176538,0.0011495030485093594
mlp_1x64_relu,5,90,43,0.0015181147027760744,0.0011396817862987518
mlp_1x64_relu,5,90,44,0.0014951941557228565,0.0011007831199094653
mlp_1x64_relu,5,90,45,0.0014827599516138434,0.0010986756533384323
mlp_1x64_relu,5,90,46,0.001474477699957788,0.0010795126436278224
mlp_1x64_relu,5,90,47,0.0014628235949203372,0.001093946397304535
mlp_1x64_relu,5,90,48,0.001451839809305966,0.001085782772861421
mlp_1x64_relu,5,90,49,0.0014353515580296516,0.00108471536077559
mlp_1x64_relu,5,90,50,0.0014335514279082417,0.0010880607878789306
mlp_1x64_relu,5,90,51,0.0014322504866868258,0.0010971605079248548
mlp_1x64_relu,5,90,52,0.001429334981366992,0.0011049527674913406
mlp_1x64_relu,5,90,53,0.0014205093029886484,0.0010795684065669775
mlp_1x64_relu,5,90,54,0.0014087987365201116,0.0010899940971285105
mlp_1x64_relu,5,90,55,0.0014065952273085713,0.0010800056625157595
mlp_1x64_relu,5,90,56,0.001408040290698409,0.001088036922737956
mlp_1x64_relu,5,90,57,0.0014036594657227397,0.0010895631276071072
mlp_1x64_relu,5,90,58,0.001397601212374866,0.0010950536234304309
mlp_1x64_relu,5,90,59,0.0014018568908795714,0.0010855236323550344
mlp_1x64_relu,5,90,60,0.0014002342941239476,0.0010966607369482517
mlp_1x64_relu,5,90,61,0.001398960710503161,0.0010896784951910377
mlp_1x64_relu,5,90,62,0.0013914662413299084,0.0010842549381777644
mlp_1x64_relu,5,90,63,0.0013957206392660737,0.001099125249311328
mlp_1x64_relu,5,90,64,0.001392451929859817,0.0010948922717943788
mlp_1x64_relu,5,90,65,0.0013970434665679932,0.0010893067810684443
mlp_1x64_relu,5,90,66,0.0013975296169519424,0.001081776455976069
mlp_1x64_relu,5,90,67,0.0013956883922219276,0.001086911652237177
mlp_1x64_relu,5,90,68,0.0013900669291615486,0.0010836062720045447
mlp_1x64_relu,5,90,69,0.0013967276317998767,0.0010840751929208636
mlp_1x64_relu,5,90,70,0.0014031596947461367,0.0010873661376535892
mlp_1x64_relu,5,90,71,0.0013934384332969785,0.0010950859868898988
mlp_1x64_relu,5,90,72,0.0013923521619290113,0.0010873597348108888
mlp_1x64_relu,5,90,73,0.0013969808351248503,0.0010968372225761414
mlp_1x64_relu,5,90,74,0.0013920164201408625,0.001075047068297863
mlp_1x64_relu,5,90,75,0.0013907982502132654,0.001098992070183158
mlp_1x64_relu,5,90,76,0.0013966454425826669,0.001095323241315782
mlp_1x64_relu,5,90,77,0.001405680668540299,0.0010880168993026018
mlp_1x64_relu,5,90,78,0.0013958541676402092,0.0010821397881954908
mlp_1x64_relu,5,90,79,0.0013954739551991224,0.0010987275745719671
mlp_1x64_relu,5,90,80,0.0014023891417309642,0.001065107062458992
mlp_1x64_relu,5,90,81,0.00140268518589437,0.0010897114407271147
mlp_1x64_relu,5,90,82,0.0013931319117546082,0.001094695646315813
mlp_1x64_relu,5,90,83,0.0014099511317908764,0.0010974644683301449
mlp_1x64_relu,5,90,84,0.0013938889605924487,0.0010906627867370844
mlp_1x64_relu,5,90,85,0.0014081929111853242,0.0010950828436762094
mlp_1x64_relu,5,90,86,0.001416816026903689,0.001081137335859239
mlp_1x64_relu,5,90,87,0.0014015322085469961,0.001071614446118474
mlp_1x64_relu,5,90,88,0.0014082840643823147,0.0011151976650580764
mlp_1x64_relu,5,90,89,0.0014059350360184908,0.0010740477591753006
mlp_1x64_relu,5,90,90,0.0013971658190712333,0.0010884044459089637
mlp_1x64_relu,5,90,91,0.0014045339776203036,0.0010830422397702932
mlp_1x64_relu,5,90,92,0.001411119825206697,0.0010846699588000774
mlp_1x64_relu,5,90,93,0.001407299772836268,0.0010893815197050571
mlp_1x64_relu,5,90,94,0.0014067606534808874,0.001075752661563456
mlp_1x64_relu,5,90,95,0.0014120019041001797,0.001085638185031712
mlp_1x64_relu,5,90,96,0.0014138073893263936,0.0010685689048841596
mlp_1x64_relu,5,90,97,0.0014001878444105387,0.0010894403094425797
mlp_1x64_relu,5,90,98,0.0014072046615183353,0.001100206165574491
mlp_1x64_relu,5,90,99,0.0014105455484241247,0.00108341034501791
mlp_1x64_relu,5,90,100,0.0014182825107127428,0.0010856125736609101
mlp_1x64_relu,5,90,101,0.001408304087817669,0.0010887953685596585
mlp_1x64_relu,5,90,102,0.0014086957089602947,0.0010868525132536888
mlp_1x64_relu,5,90,103,0.0014004150871187449,0.001065544318407774
mlp_1x64_relu,5,90,104,0.0014068548334762454,0.0010928467381745577
mlp_1x64_relu,5,90,105,0.0013996745692566037,0.0010993361938744783
mlp_1x64_relu,5,90,106,0.0014066628646105528,0.0010897954925894737
mlp_1x64_relu,5,90,107,0.0014127359027042985,0.0010899079497903585
mlp_1x64_relu,5,90,108,0.0014180128928273916,0.001083807903341949
mlp_1x64_relu,5,90,109,0.0014073412166908383,0.0010848994133993983
mlp_1x64_relu,5,90,110,0.0014131994685158134,0.0010879181791096926
mlp_1x64_relu,5,90,111,0.0014138196129351854,0.0010968836722895503
mlp_1x64_relu,5,90,112,0.0014076984953135252,0.0010787909850478172
mlp_1x64_relu,5,90,113,0.0014102999120950699,0.0010854683350771666
mlp_1x64_relu,5,90,114,0.0014187366468831897,0.0010749292559921741
mlp_1x64_relu,5,90,115,0.0014154951786622405,0.0010913331061601639
mlp_1x64_relu,5,90,116,0.0014155128737911582,0.0010805776109918952
mlp_1x64_relu,5,90,117,0.0014096341328695416,0.001077892491593957
mlp_1x64_relu,5,90,118,0.0014213540125638247,0.001091511338017881
mlp_1x64_relu,5,90,119,0.001415885635651648,0.001089385012164712
mlp_1x64_relu,5,90,120,0.0014238812727853656,0.0010713147930800915
mlp_1x64_relu,5,90,121,0.0014184190658852458,0.001084364834241569
mlp_1x64_relu,5,90,122,0.0014093690551817417,0.001093587838113308
mlp_1x64_relu,5,90,123,0.0014121293788775802,0.001082077738828957
mlp_1x64_relu,5,90,124,0.0014086529845371842,0.0010831264080479741
mlp_1x64_relu,5,90,125,0.0014103187713772058,0.001093539409339428
mlp_1x64_relu,5,90,126,0.0014197713462635875,0.0010790677042677999
mlp_1x64_relu,5,90,127,0.001410980592481792,0.0011002460960298777
mlp_1x64_relu,5,90,128,0.0014116892125457525,0.001091651269234717
mlp_1x64_relu,5,90,129,0.0014145924942567945,0.001081446884199977
mlp_1x64_relu,5,90,130,0.0014103056164458394,0.0010800184682011604
mlp_1x64_relu,5,90,131,0.0014131523203104734,0.0010809531668201089
mlp_1x64_relu,5,90,132,0.001416380750015378,0.0010824815835803747
mlp_1x64_relu,5,90,133,0.0014217294519767165,0.0010754530085250735
mlp_1x64_relu,5,90,134,0.0014151288196444511,0.0010770086664706469
mlp_1x64_relu,5,90,135,0.0014167684130370617,0.0010696487734094262
mlp_1x64_relu,5,90,136,0.001414726721122861,0.0010769612854346633
mlp_1x64_relu,5,90,137,0.0014171324437484145,0.0010885066585615277
mlp_1x64_relu,5,90,138,0.0014281925978139043,0.0010828792583197355
mlp_1x64_relu,5,90,139,0.0014194513205438852,0.0010699565755203366
mlp_1x64_relu,5,90,140,0.001413193647749722,0.0010725269094109535
mlp_1x64_relu,5,90,141,0.0014166840119287372,0.0010723915183916688
mlp_1x64_relu,5,90,142,0.0014111896743997931,0.0010897564934566617
mlp_1x64_relu,5,90,143,0.001409099786542356,0.0010803894838318229
mlp_1x64_relu,5,90,144,0.0014048331649973989,0.0010863404022529721
mlp_1x64_relu,5,90,145,0.0014142781728878617,0.0010787491919472814
mlp_1x64_relu,5,90,146,0.0014147687470540404,0.0010787727078422904
mlp_1x64_relu,5,90,147,0.0014056246727705002,0.0010841753100976348
mlp_1x64_relu,5,90,148,0.0014060103567317128,0.0010732701048254967
mlp_1x64_relu,5,90,149,0.001404506154358387,0.0010871971026062965
mlp_1x64_relu,5,90,150,0.0014067040756344795,0.001080636284314096
mlp_1x64_relu,5,90,151,0.0014085042057558894,0.0010727589251473546
mlp_1x64_relu,5,90,152,0.0014055384090170264,0.0010742592858150601
mlp_1x64_relu,5,90,153,0.00140932307112962,0.0010832082480192184
mlp_1x64_relu,5,90,154,0.0014090309850871563,0.0010798854054883122
mlp_1x64_relu,5,90,155,0.001408225391060114,0.0010774334659799933
mlp_1x64_relu,5,90,156,0.0014095661463215947,0.001086619682610035
mlp_1x64_relu,5,90,157,0.0014126759488135576,0.0010771615197882056
mlp_1x64_relu,5,90,158,0.0014082349371165037,0.0010752137750387192
mlp_1x64_relu,5,90,159,0.0014053763588890433,0.0010812056716531515
mlp_1x64_relu,5,90,160,0.0014058011583983898,0.0010720927966758609
mlp_1x64_relu,5,90,161,0.0014009095029905438,0.0010815770365297794
mlp_1x64_relu,5,90,162,0.001411968725733459,0.0010704346932470798
mlp_1x64_relu,5,90,163,0.0014080433174967766,0.0010807756334543228
mlp_1x64_relu,5,90,164,0.0014120616251602769,0.001070400234311819
mlp_1x64_relu,5,90,165,0.0014037785585969687,0.0010787039063870907
mlp_1x64_relu,5,90,166,0.0014052612241357565,0.0010823154589161277
mlp_1x64_relu,5,90,167,0.001403345726430416,0.0010905053932219744
mlp_1x64_relu,5,90,168,0.001402068417519331,0.0010862008202821016
mlp_1x64_relu,5,90,169,0.0014084384310990572,0.0010883162030950189
mlp_1x64_relu,5,90,170,0.0014072870835661888,0.001081711146980524
mlp_1x64_relu,5,90,171,0.001404673676006496,0.001084436778910458
mlp_1x64_relu,5,90,172,0.0014026612043380737,0.0010792380198836327
mlp_1x64_relu,5,90,173,0.0014085874427109957,0.0010825364151969552
mlp_1x64_relu,5,90,174,0.0014051409671083093,0.0010785729391500354
mlp_1x64_relu,5,90,175,0.0013996517518535256,0.0010864022187888622
mlp_1x64_relu,5,90,176,0.0014089413452893496,0.001082903821952641
mlp_1x64_relu,5,90,177,0.0014015347696840763,0.0010780349839478731
mlp_1x64_relu,5,90,178,0.0014040317619219422,0.0010897769825533032
mlp_1x64_relu,5,90,179,0.0014067119918763638,0.0010769328800961375
mlp_1x64_relu,5,90,180,0.001403890666551888,0.001079738955013454
mlp_1x64_relu,5,90,181,0.001410116208717227,0.0010668255854398012
mlp_1x64_relu,5,90,182,0.0014018712099641562,0.001070458791218698
mlp_1x64_relu,5,90,183,0.0014061162946745753,0.001083717797882855
mlp_1x64_relu,5,90,184,0.0014112630160525441,0.0010730503126978874
mlp_1x64_relu,5,90,185,0.0014144640881568193,0.0010639593238011003
mlp_1x64_relu,5,90,186,0.0014118689578026533,0.0010751251829788089
mlp_1x64_relu,5,90,187,0.0014107672031968832,0.0010695854434743524
mlp_1x64_relu,5,90,188,0.0014071257319301367,0.00108148786239326
mlp_1x64_relu,5,90,189,0.0014079788234084845,0.0010831872932612896
mlp_1x64_relu,5,90,190,0.0014113239012658596,0.001063019735738635
mlp_1x64_relu,5,90,191,0.0014059367822483182,0.0010786172933876514
mlp_1x64_relu,5,90,192,0.0014065027935430408,0.0010790821397677064
mlp_1x64_relu,5,90,193,0.0014004579279571772,0.001090732403099537
mlp_1x64_relu,5,90,194,0.001403112430125475,0.001079792738892138
mlp_1x64_relu,5,90,195,0.0014032687759026885,0.0010810239473357797
mlp_1x64_relu,5,90,196,0.0014091196935623884,0.0010820807656273246
mlp_1x64_relu,5,90,197,0.0014068216551095247,0.0010827307123690844
mlp_1x64_relu,5,90,198,0.0014043102273717523,0.0010806855279952288
mlp_1x64_relu,5,90,199,0.001403236761689186,0.0010814272100105882
mlp_1x64_relu,5,90,200,0.0014047615695744753,0.001080353045836091
mlp_1x64_relu,5,90,201,0.0014069644967094064,0.0010846139630302787
mlp_1x64_relu,5,90,202,0.0014026521239429712,0.001071090460754931
mlp_1x64_relu,5,90,203,0.0014002376701682806,0.0010766463819891214
mlp_1x64_relu,5,90,204,0.0013999161310493946,0.001075313426554203
mlp_1x64_relu,5,90,205,0.0014023131225258112,0.0010859838221222162
mlp_1x64_relu,5,90,206,0.0014037813525646925,0.001085496274754405
mlp_1x64_relu,5,90,207,0.0014066037256270647,0.0010813698172569275
mlp_1x64_relu,5,90,208,0.0014038378139957786,0.0010810968233272433
mlp_1x64_relu,5,90,209,0.00140701187774539,0.0010806714417412877
mlp_1x64_relu,5,90,210,0.0014034619089215994,0.0010740341385826468
mlp_1x64_relu,5,90,211,0.0014034061459824443,0.0010786800412461162
mlp_1x64_relu,5,90,212,0.0014059451641514897,0.0010807719081640244
mlp_1x64_relu,5,90,213,0.0014028241857886314,0.0010784841142594814
mlp_1x64_relu,5,90,214,0.001401366200298071,0.0010769105283543468
mlp_1x64_relu,5,90,215,0.00139767921064049,0.0010871099075302482
mlp_1x64_relu,5,90,216,0.0014014027547091246,0.0010754320537671447
mlp_1x64_relu,5,90,217,0.0014053015038371086,0.0010653422214090824
mlp_1x64_relu,5,90,218,0.0014013171894475818,0.0010866827797144651
mlp_1x64_relu,5,90,219,0.001401861198246479,0.001078823464922607
mlp_1x64_relu,5,90,220,0.0014023806434124708,0.0010822414187714458
mlp_1x64_relu,5,90,221,0.0014007440768182278,0.0010798663133755326
mlp_1x64_relu,5,90,222,0.0014025820419192314,0.0010812846012413502
mlp_1x64_relu,5,90,223,0.0014011213788762689,0.001077211112715304
mlp_1x64_relu,5,90,224,0.0014000730589032173,0.001083655166439712
mlp_1x64_relu,5,90,225,0.0014056946383789182,0.0010833974229171872
mlp_1x64_relu,5,90,226,0.0013988032005727291,0.0010850118706002831
mlp_1x64_relu,5,90,227,0.001402987982146442,0.0010742464801296592
mlp_1x64_relu,5,90,228,0.001399134867824614,0.0010821918258443475
mlp_1x64_relu,5,90,229,0.0014000108931213617,0.0010886358795687556
mlp_1x64_relu,5,90,230,0.0014016188215464354,0.0010783231118693948
mlp_1x64_relu,5,90,231,0.0014053401537239552,0.0010786246275529265
mlp_1x64_relu,5,90,232,0.0014040598180145025,0.0010805587517097592
mlp_1x64_relu,5,90,233,0.0014096158556640148,0.0010767246130853891
mlp_1x64_relu,5,90,234,0.0014008088037371635,0.001080458634532988
mlp_1x64_relu,5,90,235,0.0013983427779749036,0.0010801043827086687
mlp_1x64_relu,5,90,236,0.0014004843542352319,0.0010745308827608824
mlp_1x64_relu,5,90,237,0.0014035700587555766,0.0010821068426594138
mlp_1x64_relu,5,90,238,0.0014000274240970612,0.0010770888766273856
mlp_1x64_relu,5,90,239,0.0013987767742946744,0.0010824449127539992
mlp_1x64_relu,5,90,240,0.001402252004481852,0.0010858105961233377
mlp_1x64_relu,5,90,241,0.0014005041448399425,0.0010802997276186943
mlp_1x64_relu,5,90,242,0.001397469313815236,0.0010814700508490205
mlp_1x64_relu,5,90,243,0.0014034224441275,0.0010775001719594002
mlp_1x64_relu,5,90,244,0.0013952463632449508,0.0010917882900685072
mlp_1x64_relu,5,90,245,0.0014034953201189637,0.001082396018318832
mlp_1x64_relu,5,90,246,0.0014053540071472526,0.0010704834712669253
mlp_1x64_relu,5,90,247,0.001400731154717505,0.001084485906176269
mlp_1x64_relu,5,90,248,0.0014024628326296806,0.001081116497516632
mlp_1x64_relu,5,90,249,0.001398509251885116,0.0010784164769575
mlp_1x64_relu,5,90,250,0.0013999545481055975,0.001076267333701253
mlp_1x64_relu,5,90,251,0.0014010596787557006,0.001072475453838706
mlp_1x64_relu,5,90,252,0.0014002459356561303,0.0010898096952587366
mlp_1x64_relu,5,90,253,0.00140196003485471,0.0010757227428257465
mlp_1x64_relu,5,90,254,0.00139892369043082,0.0010852344566956162
mlp_1x64_relu,5,90,255,0.001398813328705728,0.0010885570663958788
mlp_1x64_relu,5,90,256,0.0014035302447155118,0.0010763449827209115
mlp_1x64_relu,5,90,257,0.0014062380651012063,0.0010840994073078036
mlp_1x64_relu,5,90,258,0.0014041020767763257,0.0010692087234929204
mlp_1x64_relu,5,90,259,0.0014038651715964079,0.00108282919973135
mlp_1x64_relu,5,90,260,0.0014010212616994977,0.0010716257384046912
mlp_1x64_relu,5,90,261,0.0014002706157043576,0.0010747319320216775
mlp_1x64_relu,5,90,262,0.001401452929712832,0.0010729818604886532
mlp_1x64_relu,5,90,263,0.0014086485607549548,0.0010757888667285442
mlp_1x64_relu,5,90,264,0.0013990416191518307,0.0010750015499070287
mlp_1x64_relu,5,90,265,0.0014038344379514456,0.0010664985748007894
mlp_1x64_relu,5,90,266,0.0013986099511384964,0.0010745372856035829
mlp_1x64_relu,5,90,267,0.001403376692906022,0.0010787134524434805
mlp_1x64_relu,5,90,268,0.0013982199598103762,0.0010829528328031301
mlp_1x64_relu,5,90,269,0.001400844193994999,0.0010830826358869672
mlp_1x64_relu,5,90,270,0.0014021586393937469,0.001076010405085981
mlp_1x64_relu,5,90,271,0.0014043073169887066,0.0010850040707737207
mlp_1x64_relu,5,90,272,0.0014021676033735275,0.0010750271612778306
mlp_1x64_relu,5,90,273,0.0013979860814288259,0.001077578286640346
mlp_1x64_relu,5,90,274,0.0013989100698381662,0.001087508862838149
mlp_1x64_relu,5,90,275,0.0014036493375897408,0.0010769256623461843
mlp_1x64_relu,5,90,276,0.0014029822777956724,0.0010859885951504111
mlp_1x64_relu,5,90,277,0.0014057374792173505,0.001085007330402732
mlp_1x64_relu,5,90,278,0.0014020022936165333,0.0010765549959614873
mlp_1x64_relu,5,90,279,0.0013986631529405713,0.0010790001833811402
mlp_1x64_relu,5,90,280,0.0014036869397386909,0.0010796334827318788
mlp_1x64_relu,5,90,281,0.0014060639077797532,0.0010699128033593297
mlp_1x64_relu,5,90,282,0.001398744760081172,0.001078927074559033
mlp_1x64_relu,5,90,283,0.0014004624681547284,0.0010821534087881446
mlp_1x64_relu,5,90,284,0.001398046500980854,0.0010907379910349846
mlp_1x64_relu,5,90,285,0.0014047909062355757,0.0010765298502519727
mlp_1x64_relu,5,90,286,0.0013982028467580676,0.0010863823117688298
mlp_1x64_relu,5,90,287,0.0014046302530914545,0.0010830123210325837
mlp_1x64_relu,5,90,288,0.0014028734294697642,0.0010806173086166382
mlp_1x64_relu,5,90,289,0.0014041863614693284,0.0010839421302080154
mlp_1x64_relu,5,90,290,0.0014053565682843328,0.0010735772084444761
mlp_1x64_relu,5,90,291,0.0014035276835784316,0.0010792865650728345
mlp_1x64_relu,5,90,292,0.001401875982992351,0.0010834768181666732
mlp_1x64_relu,5,90,293,0.0014020788948982954,0.0010679838014766574
mlp_1x64_relu,5,90,294,0.0014023898402228951,0.0010843564523383975
mlp_1x64_relu,5,90,295,0.0014041230315342546,0.0010778040159493685
mlp_1x64_relu,5,90,296,0.001401238259859383,0.0010813521221280098
mlp_1x64_relu,5,90,297,0.0014071239857003093,0.0010837663430720568
mlp_1x64_relu,5,90,298,0.0014056360814720392,0.0010778933065012097
mlp_1x64_relu,5,90,299,0.0014039089437574148,0.0010876908199861646
mlp_1x64_relu,5,90,300,0.001400552922859788,0.0010819763410836458
mlp_1x64_relu,5,90,301,0.0014035425847396255,0.0010822303593158722
mlp_1x64_relu,5,90,302,0.0013985149562358856,0.0010916278697550297
mlp_1x64_relu,5,90,303,0.0014003360411152244,0.0010796545539051294
mlp_1x64_relu,5,90,304,0.0013980627991259098,0.0010827837977558374
mlp_1x64_relu,5,90,305,0.00139765499625355,0.00109002401586622
mlp_1x64_relu,5,90,306,0.0014029602752998471,0.001084364135749638
mlp_1x64_relu,5,90,307,0.0013988226419314742,0.0010786360362544656
mlp_1x64_relu,5,90,308,0.0014010523445904255,0.0010876869782805443
mlp_1x64_relu,5,90,309,0.0014017048524692655,0.0010870336554944515
mlp_1x64_relu,5,90,310,0.001397757325321436,0.0010872199200093746
mlp_1x64_relu,5,90,311,0.0014005500124767423,0.0010873046703636646
mlp_1x64_relu,5,90,312,0.00140209193341434,0.001083981478586793
mlp_1x64_relu,5,90,313,0.0014006065903231502,0.0010838656453415751
mlp_1x64_relu,5,90,314,0.0013984385877847672,0.0010844379430636764
mlp_1x64_relu,5,90,315,0.001399049535393715,0.001085556112229824
mlp_1x64_relu,5,90,316,0.0014000121736899018,0.0010861398186534643
mlp_1x64_relu,5,90,317,0.0014003197429701686,0.0010836246656253934
mlp_1x64_relu,5,90,318,0.0014002462849020958,0.001085410127416253
mlp_1x64_relu,5,90,319,0.0014043955598026514,0.0010797650320455432
mlp_1x64_relu,5,90,320,0.0014054649509489536,0.001083378097973764
mlp_1x64_relu,5,90,321,0.0014010521117597818,0.0010812339605763555
mlp_1x64_relu,5,90,322,0.001396942068822682,0.001089691650122404
mlp_1x64_relu,5,90,323,0.0013988431310281157,0.0010777278803288937
mlp_1x64_relu,5,90,324,0.0013976984191685915,0.0011081673437729478
mlp_1x64_relu,5,90,325,0.0014029745943844318,0.0010838154703378677
mlp_1x64_relu,5,90,326,0.0014029943849891424,0.0010825286153703928
mlp_1x64_relu,5,90,327,0.0013991311425343156,0.0010956720216199756
mlp_1x64_relu,5,90,328,0.0013983879471197724,0.0010858307359740138
mlp_1x64_relu,5,90,329,0.001400661887601018,0.0010876854648813605
mlp_1x64_relu,5,90,330,0.0014024256961420178,0.0010857268935069442
mlp_1x64_relu,5,90,331,0.0013986245030537248,0.001083542127162218
mlp_1x64_relu,5,90,332,0.0014035188360139728,0.0010794922709465027
mlp_1x64_relu,5,90,333,0.0014001906383782625,0.0010781892342492938
mlp_1x64_relu,5,90,334,0.0014003865653648973,0.001084668911062181
mlp_1x64_relu,5,90,335,0.0014033205807209015,0.0010751622030511498
mlp_1x64_relu,5,90,336,0.0014003765536472201,0.0010800115996971726
mlp_1x64_relu,5,90,337,0.0014053077902644873,0.0010757497511804104
mlp_1x64_relu,5,90,338,0.0014021001989021897,0.0010818173177540302
mlp_1x64_relu,5,90,339,0.001402218360453844,0.0010808079969137907
mlp_1x64_relu,5,90,340,0.0014059211825951934,0.0010786219500005245
mlp_1x64_relu,5,90,341,0.001402117544785142,0.0010854854481294751
mlp_1x64_relu,5,90,342,0.0014027981087565422,0.001079766545444727
mlp_1x64_relu,5,90,343,0.0014042563270777464,0.001074529718607664
mlp_1x64_relu,5,90,344,0.0014018708607181907,0.0010861019836738706
mlp_1x64_relu,5,90,345,0.0014025424607098103,0.0010829607490450144
mlp_1x64_relu,5,90,346,0.0014033506158739328,0.0010821522446349263
mlp_1x64_relu,5,90,347,0.001403500558808446,0.001085352385416627
mlp_1x64_relu,5,90,348,0.0013995709596201777,0.0010706685716286302
mlp_1x64_relu,5,90,349,0.0014015046181157231,0.001075371983461082
mlp_1x64_relu,5,90,350,0.00140154710970819,0.0010756555711850524
mlp_1x64_relu,5,90,351,0.0014010403538122773,0.0010779889998957515
mlp_1x64_relu,5,90,352,0.001401068875566125,0.0010765797924250364
mlp_1x64_relu,5,90,353,0.0014016547938808799,0.001080678659491241
mlp_1x64_relu,5,90,354,0.0014022785471752286,0.001085373805835843
mlp_1x64_relu,5,90,355,0.001402548048645258,0.001092407968826592
mlp_1x64_relu,5,90,356,0.0014027509605512023,0.0010865426156669855
mlp_1x64_relu,5,90,357,0.0014015247579663992,0.0010745363542810082
mlp_1x64_relu,5,90,358,0.0014014043845236301,0.0010845374781638384
mlp_1x64_relu,5,90,359,0.0013984671095386147,0.0010860932525247335
mlp_1x64_relu,5,90,360,0.0013986829435452819,0.0010855552973225713
mlp_1x64_relu,5,90,361,0.0014005808625370264,0.0010797771392390132
mlp_1x64_relu,5,90,362,0.0013991639716550708,0.0010840495815500617
mlp_1x64_relu,5,90,363,0.0013999149668961763,0.0010889619588851929
mlp_1x64_relu,5,90,364,0.0014082679990679026,0.0010711309732869267
mlp_1x64_relu,5,90,365,0.0014018230140209198,0.0010861664777621627
mlp_1x64_relu,5,90,366,0.0014011611929163337,0.0010750327492132783
mlp_1x64_relu,5,90,367,0.001397287705913186,0.0010783320758491755
mlp_1x64_relu,5,90,368,0.0013989610597491264,0.001092507503926754
mlp_1x64_relu,5,90,369,0.0013986172853037715,0.0010864759096875787
mlp_1x64_relu,5,90,370,0.0014038273366168141,0.0010853847488760948
mlp_1x64_relu,5,90,371,0.001403951202519238,0.0010841443436220288
mlp_1x64_relu,5,90,372,0.0014020936796441674,0.0010818844893947244
mlp_1x64_relu,5,90,373,0.0014051898615434766,0.0010622350964695215
mlp_1x64_relu,5,90,374,0.0014008069410920143,0.0010831787949427962
mlp_1x64_relu,5,90,375,0.00140200846362859,0.001071937382221222
mlp_1x64_relu,5,90,376,0.001402991358190775,0.0010788736399263144
mlp_1x64_relu,5,90,377,0.0013975751353427768,0.0010841517942026258
mlp_1x64_relu,5,90,378,0.0014019187074154615,0.0010807751677930355
mlp_1x64_relu,5,90,379,0.001398949883878231,0.0010814068373292685
mlp_1x64_relu,5,90,380,0.0013987303245812654,0.0010844720527529716
mlp_1x64_relu,5,90,381,0.0013984477845951915,0.001089463708922267
mlp_1x64_relu,5,90,382,0.001397758605889976,0.0010920872446149588
mlp_1x64_relu,5,90,383,0.0014029565500095487,0.0010762090096250176
mlp_1x64_relu,5,90,384,0.0014059372479096055,0.0010769503423944116
mlp_1x64_relu,5,90,385,0.001400724402628839,0.0010889526456594467
mlp_1x64_relu,5,90,386,0.0014014618936926126,0.0010859275935217738
mlp_1x64_relu,5,90,387,0.0013985366094857454,0.0010816556168720126
mlp_1x64_relu,5,90,388,0.001403491827659309,0.0010857086163014174
mlp_1x64_relu,5,90,389,0.0013993190368637443,0.0010937282349914312
mlp_1x64_relu,5,90,390,0.0014023692347109318,0.0010725974570959806
mlp_1x64_relu,5,90,391,0.0014002888929098845,0.0010893051512539387
mlp_1x64_relu,5,90,392,0.0013981916708871722,0.001078547677025199
mlp_1x64_relu,5,90,393,0.0013975102920085192,0.0010861331829801202
mlp_1x64_relu,5,90,394,0.0013986405683681369,0.0010857249144464731
mlp_1x64_relu,5,90,395,0.0014001495437696576,0.0010752752423286438
mlp_1x64_relu,5,90,396,0.0014001051895320415,0.0010785976191982627
mlp_1x64_relu,5,90,397,0.0013962392695248127,0.001084749004803598
mlp_1x64_relu,5,90,398,0.0014010518789291382,0.0010819777380675077
mlp_1x64_relu,5,90,399,0.0014034913619980216,0.0010787997161969543
mlp_1x64_relu,5,90,400,0.001399260712787509,0.0010904569644480944
mlp_1x64_relu,5,90,401,0.0014069130411371589,0.001080690766684711
mlp_1x64_relu,5,90,402,0.00140409788582474,0.0010832471307367086
mlp_1x64_relu,5,90,403,0.0014029857702553272,0.0010753979440778494
mlp_1x64_relu,5,90,404,0.0014031198807060719,0.0010791922686621547
mlp_1x64_relu,5,90,405,0.001404288923367858,0.001087779295630753
mlp_1x64_relu,5,90,406,0.0014011065941303968,0.0010862943017855287
mlp_1x64_relu,5,90,407,0.0013989659491926432,0.0010874789441004395
mlp_1x64_relu,5,90,408,0.0014029232552275062,0.0010762305464595556
mlp_1x64_relu,5,90,409,0.0013989645522087812,0.0010888880351558328
mlp_1x64_relu,5,90,410,0.0014041904360055923,0.0010825804201886058
mlp_1x64_relu,5,90,411,0.0014047666918486357,0.0010746321640908718
mlp_1x64_relu,5,90,412,0.0014008558355271816,0.0010821633040904999
mlp_1x64_relu,5,90,413,0.0014022751711308956,0.0010762894526124
mlp_1x64_relu,5,90,414,0.0013983588432893157,0.001080104149878025
mlp_1x64_relu,5,90,415,0.00140135467518121,0.0010871693957597017
mlp_1x64_relu,5,90,416,0.00140091881621629,0.001077460590749979
mlp_1x64_relu,5,90,417,0.0013992104213684797,0.00108324084430933
mlp_1x64_relu,5,90,418,0.0014020517701283097,0.0010837772861123085
mlp_1x64_relu,5,90,419,0.0014048416633158922,0.001086734002456069
mlp_1x64_relu,5,90,420,0.0014043266419321299,0.0010720372665673494
mlp_1x64_relu,5,90,421,0.0014078224776312709,0.0010782096069306135
mlp_1x64_relu,5,90,422,0.0014043661067262292,0.001078123110346496
mlp_1x64_relu,5,90,423,0.0014040881069377065,0.0010851297993212938
mlp_1x64_relu,5,90,424,0.0014054810162633657,0.0010820910101756454
mlp_1x64_relu,5,90,425,0.001403155503794551,0.001087299664504826
mlp_1x64_relu,5,90,426,0.0014000434894114733,0.0010793401161208749
mlp_1x64_relu,5,90,427,0.0013991304440423846,0.0010851474944502115
mlp_1x64_relu,5,90,428,0.0014005147386342287,0.0010880426270887256
mlp_1x64_relu,5,90,429,0.0014019972877576947,0.0010914371814578772
mlp_1x64_relu,5,90,430,0.0014004564145579934,0.0010946855181828141
mlp_1x64_relu,5,90,431,0.001404853188432753,0.001079181325621903
mlp_1x64_relu,5,90,432,0.0014018790097907186,0.0010824005585163832
mlp_1x64_relu,5,90,433,0.0014042528346180916,0.0010744701139628887
mlp_1x64_relu,5,90,434,0.0014003722462803125,0.0010907147079706192
mlp_1x64_relu,5,90,435,0.00140164396725595,0.0010791715467348695
mlp_1x64_relu,5,90,436,0.0014004153199493885,0.001084219547919929
mlp_1x64_relu,5,90,437,0.0014026182470843196,0.001088166725821793
mlp_1x64_relu,5,90,438,0.001398635795339942,0.0010884575312957168
mlp_1x64_relu,5,90,439,0.0014008111320436,0.0010772584937512875
mlp_1x64_relu,5,90,440,0.0014030345482751727,0.0010828934609889984
mlp_1x64_relu,5,90,441,0.0013997913338243961,0.0010808388469740748
mlp_1x64_relu,5,90,442,0.0014010198647156358,0.0010738135315477848
mlp_1x64_relu,5,90,443,0.0014010267332196236,0.001087562763132155
mlp_1x64_relu,5,90,444,0.0014005816774442792,0.001078447443433106
mlp_1x64_relu,5,90,445,0.0014015627093613148,0.0010781639721244574
mlp_1x64_relu,5,90,446,0.0013999739894643426,0.0010823362972587347
mlp_1x64_relu,5,90,447,0.001403155503794551,0.00108268391340971
mlp_1x64_relu,5,90,448,0.0014014035696163774,0.001084658084437251
mlp_1x64_relu,5,90,449,0.0014012245228514075,0.0010768782813102007
mlp_1x64_relu,5,90,450,0.0014015353517606854,0.0010711015202105045
mlp_1x64_relu,5,90,451,0.0014017693465575576,0.001090108067728579
mlp_1x64_relu,5,90,452,0.001399686560034752,0.0010730803478509188
mlp_1x64_relu,5,90,453,0.0013947595143690705,0.0010875395964831114
mlp_1x64_relu,5,90,454,0.0013998128706589341,0.0010849282843992114
mlp_1x64_relu,5,90,455,0.0013997202040627599,0.001087465905584395
mlp_1x64_relu,5,90,456,0.001402775407768786,0.001078270492143929
mlp_1x64_relu,5,90,457,0.0014030503807589412,0.0010814173147082329
mlp_1x64_relu,5,90,458,0.001401400426402688,0.0010797849390655756
mlp_1x64_relu,5,90,459,0.0014013285981491208,0.001086510717868805
mlp_1x64_relu,5,90,460,0.0013992517488077283,0.0010924189118668437
mlp_1x64_relu,5,90,461,0.0013996971538290381,0.0010859929025173187
mlp_1x64_relu,5,90,462,0.0014008980942890048,0.001084937248378992
mlp_1x64_relu,5,90,463,0.001398267806507647,0.0010937247425317764
mlp_1x64_relu,5,90,464,0.001398637774400413,0.0010782902827486396
mlp_1x64_relu,5,90,465,0.0014006526907905936,0.001076412620022893
mlp_1x64_relu,5,90,466,0.001399327302351594,0.001083063194528222
mlp_1x64_relu,5,90,467,0.0014015361666679382,0.0010803877376019955
mlp_1x64_relu,5,90,468,0.001402260852046311,0.0010845165234059095
mlp_1x64_relu,5,90,469,0.0014029779704287648,0.0010852970881387591
mlp_1x64_relu,5,90,470,0.0014084238791838288,0.001076621818356216
mlp_1x64_relu,5,90,471,0.0013993565225973725,0.001085902564227581
mlp_1x64_relu,5,90,472,0.0014020741218701005,0.0010801946045830846
mlp_1x64_relu,5,90,473,0.0014012920437380672,0.0010812842519953847
mlp_1x64_relu,5,90,474,0.0014032932231202722,0.0010801092721521854
mlp_1x64_relu,5,90,475,0.00140522257424891,0.0010812707478180528
mlp_1x64_relu,5,90,476,0.00140129413921386,0.0010815474670380354
mlp_1x64_relu,5,90,477,0.001402157824486494,0.0010801535099744797
mlp_1x64_relu,5,90,478,0.0014060719404369593,0.0010714646195992827
mlp_1x64_relu,5,90,479,0.0014021284878253937,0.0010906492825597525
mlp_1x64_relu,5,90,480,0.0014036655193194747,0.0010790019296109676
mlp_1x64_relu,5,90,481,0.0013997075147926807,0.0010856966255232692
mlp_1x64_relu,5,90,482,0.0014064260758459568,0.0010809762170538306
mlp_1x64_relu,5,90,483,0.0014035676140338182,0.0010876276064664125
mlp_1x64_relu,5,90,484,0.0014031047467142344,0.0010787427891045809
mlp_1x64_relu,5,90,485,0.0014057948719710112,0.0010844809003174305
mlp_1x64_relu,5,90,486,0.0014021798269823194,0.0010801480384543538
mlp_1x64_relu,5,90,487,0.0014015414053574204,0.0010846663499251008
mlp_1x64_relu,5,90,488,0.0014027496799826622,0.0010744959581643343
mlp_1x64_relu,5,90,489,0.0014020667877048254,0.0010729304049164057
mlp_1x64_relu,5,90,490,0.001400049077346921,0.0010787035571411252
mlp_1x64_relu,5,90,491,0.0013989738654345274,0.0010798164876177907
mlp_1x64_relu,5,90,492,0.0014025996206328273,0.0010733287781476974
mlp_1x64_relu,5,90,493,0.0014012843603268266,0.0010837307199835777
mlp_1x64_relu,5,90,494,0.0014012979809194803,0.001087955548427999
mlp_1x64_relu,5,90,495,0.0014058193191885948,0.0010791658423841
mlp_1x64_relu,5,90,496,0.0014046397991478443,0.0010874432045966387
mlp_1x64_relu,5,90,497,0.00140309554990381,0.0010722540318965912
mlp_1x64_relu,5,90,498,0.001400000648573041,0.0010789778316393495
mlp_1x64_relu,5,90,499,0.0013990303268656135,0.001079105888493359
mlp_1x64_relu,5,90,500,0.0014063059352338314,0.001075106905773282
mlp_1x64_relu,10,1,1,0.4200214743614197,0.18745605647563934
mlp_1x64_relu,10,1,2,0.1737973541021347,0.09355916827917099
mlp_1x64_relu,10,1,3,0.09125342220067978,0.05234355852007866
mlp_1x64_relu,10,1,4,0.051173724234104156,0.031145380809903145
mlp_1x64_relu,10,1,5,0.030694255605340004,0.02056603692471981
mlp_1x64_relu,10,1,6,0.021090472117066383,0.014986163005232811
mlp_1x64_relu,10,1,7,0.016573026776313782,0.012439928017556667
mlp_1x64_relu,10,1,8,0.014436397701501846,0.011085073463618755
mlp_1x64_relu,10,1,9,0.013392580673098564,0.010382994078099728
mlp_1x64_relu,10,1,10,0.012848300859332085,0.010044530965387821
mlp_1x64_relu,10,1,11,0.012546411715447903,0.009882285259664059
mlp_1x64_relu,10,1,12,0.01242544874548912,0.009686344303190708
mlp_1x64_relu,10,1,13,0.012312334962189198,0.009787172079086304
mlp_1x64_relu,10,1,14,0.012206985615193844,0.009622760117053986
mlp_1x64_relu,10,1,15,0.012175196781754494,0.009682094678282738
mlp_1x64_relu,10,1,16,0.012110834009945393,0.00954211875796318
mlp_1x64_relu,10,1,17,0.012073079124093056,0.009508219547569752
mlp_1x64_relu,10,1,18,0.012015178799629211,0.009660053066909313
mlp_1x64_relu,10,1,19,0.012004897929728031,0.009694058448076248
mlp_1x64_relu,10,1,20,0.011964653618633747,0.009795418940484524
mlp_1x64_relu,10,1,21,0.011936139315366745,0.009863533079624176
mlp_1x64_relu,10,1,22,0.011908491142094135,0.009767971932888031
mlp_1x64_relu,10,1,23,0.011829294264316559,0.009814048185944557
mlp_1x64_relu,10,1,24,0.011792630888521671,0.009808973409235477
mlp_1x64_relu,10,1,25,0.011741634458303452,0.009817961603403091
mlp_1x64_relu,10,1,26,0.011722215451300144,0.009911197237670422
mlp_1x64_relu,10,1,27,0.011690136976540089,0.00997626781463623
mlp_1x64_relu,10,1,28,0.01164951454848051,0.010155384428799152
mlp_1x64_relu,10,1,29,0.011634842492640018,0.010220843367278576
mlp_1x64_relu,10,1,30,0.01158751081675291,0.010260381735861301
mlp_1x64_relu,10,1,31,0.011545413173735142,0.010078065097332
mlp_1x64_relu,10,1,32,0.011478476226329803,0.01000595185905695
mlp_1x64_relu,10,1,33,0.011419164016842842,0.009960286319255829
mlp_1x64_relu,10,1,34,0.011366601102054119,0.009934642352163792
mlp_1x64_relu,10,1,35,0.011303095147013664,0.010023675858974457
mlp_1x64_relu,10,1,36,0.011242208071053028,0.010076026432216167
mlp_1x64_relu,10,1,37,0.011179100722074509,0.010084915906190872
mlp_1x64_relu,10,1,38,0.011148619465529919,0.010178371332585812
mlp_1x64_relu,10,1,39,0.011157226748764515,0.010081459768116474
mlp_1x64_relu,10,1,40,0.01111298706382513,0.010069283656775951
mlp_1x64_relu,10,1,41,0.011099908500909805,0.010038168169558048
mlp_1x64_relu,10,1,42,0.01110797468572855,0.010375996120274067
mlp_1x64_relu,10,1,43,0.011130007915198803,0.01023096963763237
mlp_1x64_relu,10,1,44,0.011098313145339489,0.010341034270823002
mlp_1x64_relu,10,1,45,0.011041454039514065,0.010271131061017513
mlp_1x64_relu,10,1,46,0.011030049994587898,0.010339698754251003
mlp_1x64_relu,10,1,47,0.011070676147937775,0.010432863608002663
mlp_1x64_relu,10,1,48,0.011148803867399693,0.010465412400662899
mlp_1x64_relu,10,1,49,0.011061090044677258,0.01024987455457449
mlp_1x64_relu,10,1,50,0.01099255122244358,0.010269582271575928
mlp_1x64_relu,10,1,51,0.010951662436127663,0.010202234610915184
mlp_1x64_relu,10,1,52,0.010956697165966034,0.010265419259667397
mlp_1x64_relu,10,1,53,0.010927761904895306,0.009992294013500214
mlp_1x64_relu,10,1,54,0.010959607549011707,0.010139048099517822
mlp_1x64_relu,10,1,55,0.010983888059854507,0.010191411711275578
mlp_1x64_relu,10,1,56,0.011031041853129864,0.010006595402956009
mlp_1x64_relu,10,1,57,0.01089942641556263,0.010108569636940956
mlp_1x64_relu,10,1,58,0.01089500728994608,0.010292151011526585
mlp_1x64_relu,10,1,59,0.011010225862264633,0.010139953345060349
mlp_1x64_relu,10,1,60,0.010905658826231956,0.01007553655654192
mlp_1x64_relu,10,1,61,0.0109272301197052,0.010136215947568417
mlp_1x64_relu,10,1,62,0.010939592495560646,0.010285917669534683
mlp_1x64_relu,10,1,63,0.010940774343907833,0.010322620160877705
mlp_1x64_relu,10,1,64,0.010887808166444302,0.010185034945607185
mlp_1x64_relu,10,1,65,0.010865793563425541,0.009970399551093578
mlp_1x64_relu,10,1,66,0.010813124477863312,0.010112762451171875
mlp_1x64_relu,10,1,67,0.010839438997209072,0.010280562564730644
mlp_1x64_relu,10,1,68,0.01087684091180563,0.01043502427637577
mlp_1x64_relu,10,1,69,0.010886418633162975,0.010235769674181938
mlp_1x64_relu,10,1,70,0.010857688263058662,0.010083144530653954
mlp_1x64_relu,10,1,71,0.01083278376609087,0.010204970836639404
mlp_1x64_relu,10,1,72,0.010908255353569984,0.010301869362592697
mlp_1x64_relu,10,1,73,0.010874640196561813,0.010034697130322456
mlp_1x64_relu,10,1,74,0.010819180868566036,0.010137161239981651
mlp_1x64_relu,10,1,75,0.010792664252221584,0.009953636676073074
mlp_1x64_relu,10,1,76,0.010832521133124828,0.010252414271235466
mlp_1x64_relu,10,1,77,0.010851454921066761,0.010011321865022182
mlp_1x64_relu,10,1,78,0.010776011273264885,0.0101607171818614
mlp_1x64_relu,10,1,79,0.010768258944153786,0.010115335695445538
mlp_1x64_relu,10,1,80,0.010753205977380276,0.010021745227277279
mlp_1x64_relu,10,1,81,0.010833671316504478,0.010039065964519978
mlp_1x64_relu,10,1,82,0.01079278439283371,0.010165301151573658
mlp_1x64_relu,10,1,83,0.010843515396118164,0.0099618099629879
mlp_1x64_relu,10,1,84,0.010752535425126553,0.01013862993568182
mlp_1x64_relu,10,1,85,0.010753797367215157,0.010210339911282063
mlp_1x64_relu,10,1,86,0.010762961581349373,0.010016707703471184
mlp_1x64_relu,10,1,87,0.010812582448124886,0.009946975857019424
mlp_1x64_relu,10,1,88,0.010732566937804222,0.009974269196391106
mlp_1x64_relu,10,1,89,0.010762998834252357,0.010063635185360909
mlp_1x64_relu,10,1,90,0.010828549973666668,0.009950586594641209
mlp_1x64_relu,10,1,91,0.010795477777719498,0.010049576871097088
mlp_1x64_relu,10,1,92,0.010746978223323822,0.010017303749918938
mlp_1x64_relu,10,1,93,0.010732023045420647,0.00990939512848854
mlp_1x64_relu,10,1,94,0.010710399597883224,0.010056772269308567
mlp_1x64_relu,10,1,95,0.010758155025541782,0.01007013488560915
mlp_1x64_relu,10,1,96,0.010731345973908901,0.010146173648536205
mlp_1x64_relu,10,1,97,0.010803652927279472,0.010008513927459717
mlp_1x64_relu,10,1,98,0.010646390728652477,0.009955770336091518
mlp_1x64_relu,10,1,99,0.010707654058933258,0.010048964060842991
mlp_1x64_relu,10,1,100,0.010731229558587074,0.010045875795185566
mlp_1x64_relu,10,1,101,0.010751062072813511,0.010098537430167198
mlp_1x64_relu,10,1,102,0.010705423541367054,0.01000103261321783
mlp_1x64_relu,10,1,103,0.010689809918403625,0.01019648090004921
mlp_1x64_relu,10,1,104,0.01072757039219141,0.009976189583539963
mlp_1x64_relu,10,1,105,0.010818705894052982,0.010061769746243954
mlp_1x64_relu,10,1,106,0.010748487897217274,0.009894088841974735
mlp_1x64_relu,10,1,107,0.010703139007091522,0.009952187538146973
mlp_1x64_relu,10,1,108,0.010754846967756748,0.010108565911650658
mlp_1x64_relu,10,1,109,0.010807272978127003,0.009854468517005444
mlp_1x64_relu,10,1,110,0.01067030243575573,0.00986967608332634
mlp_1x64_relu,10,1,111,0.010657062754034996,0.010044594295322895
mlp_1x64_relu,10,1,112,0.010718592442572117,0.009958706796169281
mlp_1x64_relu,10,1,113,0.010736173018813133,0.009913097135722637
mlp_1x64_relu,10,1,114,0.01067284680902958,0.009915947914123535
mlp_1x64_relu,10,1,115,0.010729336179792881,0.009967162273824215
mlp_1x64_relu,10,1,116,0.010677909478545189,0.00999059621244669
mlp_1x64_relu,10,1,117,0.010682633146643639,0.010002346709370613
mlp_1x64_relu,10,1,118,0.010724414139986038,0.009930177591741085
mlp_1x64_relu,10,1,119,0.010644807480275631,0.010055202059447765
mlp_1x64_relu,10,1,120,0.010733848437666893,0.010044324211776257
mlp_1x64_relu,10,1,121,0.010812574066221714,0.009918846189975739
mlp_1x64_relu,10,1,122,0.010912132449448109,0.009919767268002033
mlp_1x64_relu,10,1,123,0.010680187493562698,0.01000993698835373
mlp_1x64_relu,10,1,124,0.010653137229382992,0.009858900681138039
mlp_1x64_relu,10,1,125,0.010668196715414524,0.00991857424378395
mlp_1x64_relu,10,1,126,0.010647476650774479,0.010009845718741417
mlp_1x64_relu,10,1,127,0.010690639726817608,0.009957180358469486
mlp_1x64_relu,10,1,128,0.0106703145429492,0.009887452237308025
mlp_1x64_relu,10,1,129,0.010588799603283405,0.010148170404136181
mlp_1x64_relu,10,1,130,0.010634597390890121,0.009853832423686981
mlp_1x64_relu,10,1,131,0.01060987263917923,0.010042884387075901
mlp_1x64_relu,10,1,132,0.010632412508130074,0.010081429965794086
mlp_1x64_relu,10,1,133,0.010703510604798794,0.010077942162752151
mlp_1x64_relu,10,1,134,0.010676940903067589,0.009956910274922848
mlp_1x64_relu,10,1,135,0.010654421523213387,0.010067746043205261
mlp_1x64_relu,10,1,136,0.010657226666808128,0.009943906217813492
mlp_1x64_relu,10,1,137,0.0106494827196002,0.010047256015241146
mlp_1x64_relu,10,1,138,0.010714484378695488,0.009993158280849457
mlp_1x64_relu,10,1,139,0.010644802823662758,0.010051007382571697
mlp_1x64_relu,10,1,140,0.010591581463813782,0.009885525330901146
mlp_1x64_relu,10,1,141,0.010604601353406906,0.010042015463113785
mlp_1x64_relu,10,1,142,0.010578176006674767,0.009926901198923588
mlp_1x64_relu,10,1,143,0.0105837257578969,0.010044744238257408
mlp_1x64_relu,10,1,144,0.010582618415355682,0.010036619380116463
mlp_1x64_relu,10,1,145,0.01069551520049572,0.009921865537762642
mlp_1x64_relu,10,1,146,0.010661086067557335,0.010093243792653084
mlp_1x64_relu,10,1,147,0.010677156038582325,0.010003797709941864
mlp_1x64_relu,10,1,148,0.010641333647072315,0.009891101159155369
mlp_1x64_relu,10,1,149,0.010701118037104607,0.010149611160159111
mlp_1x64_relu,10,1,150,0.010708635672926903,0.009878227487206459
mlp_1x64_relu,10,1,151,0.01069566048681736,0.010032566264271736
mlp_1x64_relu,10,1,152,0.010714012198150158,0.010018404573202133
mlp_1x64_relu,10,1,153,0.01068095676600933,0.009881517849862576
mlp_1x64_relu,10,1,154,0.010584253817796707,0.010021156631410122
mlp_1x64_relu,10,1,155,0.010636232793331146,0.009972338564693928
mlp_1x64_relu,10,1,156,0.010631418786942959,0.00999546516686678
mlp_1x64_relu,10,1,157,0.010729273781180382,0.009918582625687122
mlp_1x64_relu,10,1,158,0.010599886998534203,0.009921319782733917
mlp_1x64_relu,10,1,159,0.010576760396361351,0.009914170950651169
mlp_1x64_relu,10,1,160,0.010594985447824001,0.009953304193913937
mlp_1x64_relu,10,1,161,0.010582853108644485,0.009984169155359268
mlp_1x64_relu,10,1,162,0.010692772455513477,0.009938093833625317
mlp_1x64_relu,10,1,163,0.010637798346579075,0.010011455044150352
mlp_1x64_relu,10,1,164,0.010595027357339859,0.009971323423087597
mlp_1x64_relu,10,1,165,0.01069640927016735,0.009898637421429157
mlp_1x64_relu,10,1,166,0.010512512177228928,0.009978208690881729
mlp_1x64_relu,10,1,167,0.010665488429367542,0.010049649514257908
mlp_1x64_relu,10,1,168,0.010782481171190739,0.009974576532840729
mlp_1x64_relu,10,1,169,0.01062551699578762,0.009983145631849766
mlp_1x64_relu,10,1,170,0.010613804683089256,0.009971743449568748
mlp_1x64_relu,10,1,171,0.01067780889570713,0.010009429417550564
mlp_1x64_relu,10,1,172,0.010645369067788124,0.009931924752891064
mlp_1x64_relu,10,1,173,0.010623469948768616,0.009920679032802582
mlp_1x64_relu,10,1,174,0.010620326735079288,0.009886674582958221
mlp_1x64_relu,10,1,175,0.010648064315319061,0.009930554777383804
mlp_1x64_relu,10,1,176,0.010594110004603863,0.00991249643266201
mlp_1x64_relu,10,1,177,0.01057460531592369,0.010032630525529385
mlp_1x64_relu,10,1,178,0.010584692470729351,0.00986101571470499
mlp_1x64_relu,10,1,179,0.010560205206274986,0.009862449020147324
mlp_1x64_relu,10,1,180,0.010557158850133419,0.009950824081897736
mlp_1x64_relu,10,1,181,0.010574882850050926,0.009906100109219551
mlp_1x64_relu,10,1,182,0.010655046440660954,0.010019917972385883
mlp_1x64_relu,10,1,183,0.010612095706164837,0.009893997572362423
mlp_1x64_relu,10,1,184,0.010556557215750217,0.009954499080777168
mlp_1x64_relu,10,1,185,0.01058625616133213,0.009896443225443363
mlp_1x64_relu,10,1,186,0.010596323758363724,0.009968766942620277
mlp_1x64_relu,10,1,187,0.010621783323585987,0.00993600394576788
mlp_1x64_relu,10,1,188,0.010611861012876034,0.009955954737961292
mlp_1x64_relu,10,1,189,0.01053360104560852,0.009949954226613045
mlp_1x64_relu,10,1,190,0.010529603809118271,0.009851778857409954
mlp_1x64_relu,10,1,191,0.010578341782093048,0.009854845702648163
mlp_1x64_relu,10,1,192,0.010527176782488823,0.009861219674348831
mlp_1x64_relu,10,1,193,0.010605785064399242,0.009917317889630795
mlp_1x64_relu,10,1,194,0.010564555414021015,0.009939715266227722
mlp_1x64_relu,10,1,195,0.010547514073550701,0.009915943257510662
mlp_1x64_relu,10,1,196,0.01056912075728178,0.009923461824655533
mlp_1x64_relu,10,1,197,0.010574573650956154,0.009944584220647812
mlp_1x64_relu,10,1,198,0.010536424815654755,0.0100057078525424
mlp_1x64_relu,10,1,199,0.010609825141727924,0.010023158974945545
mlp_1x64_relu,10,1,200,0.010697080753743649,0.009935952723026276
mlp_1x64_relu,10,1,201,0.010676917620003223,0.009923037141561508
mlp_1x64_relu,10,1,202,0.010550526902079582,0.009832106530666351
mlp_1x64_relu,10,1,203,0.010539454407989979,0.009924366138875484
mlp_1x64_relu,10,1,204,0.01052227895706892,0.009956832975149155
mlp_1x64_relu,10,1,205,0.010604246519505978,0.009890188463032246
mlp_1x64_relu,10,1,206,0.010519007220864296,0.009970065206289291
mlp_1x64_relu,10,1,207,0.010568171739578247,0.009932362474501133
mlp_1x64_relu,10,1,208,0.010613616555929184,0.009942318312823772
mlp_1x64_relu,10,1,209,0.010529467836022377,0.00991996843367815
mlp_1x64_relu,10,1,210,0.010554679669439793,0.009978674352169037
mlp_1x64_relu,10,1,211,0.010608515702188015,0.009817642159759998
mlp_1x64_relu,10,1,212,0.010480965487658978,0.00995651911944151
mlp_1x64_relu,10,1,213,0.010524262674152851,0.009924766607582569
mlp_1x64_relu,10,1,214,0.010561663657426834,0.00997184682637453
mlp_1x64_relu,10,1,215,0.010581525973975658,0.009892781265079975
mlp_1x64_relu,10,1,216,0.01050556544214487,0.009974930435419083
mlp_1x64_relu,10,1,217,0.010538779199123383,0.009885990992188454
mlp_1x64_relu,10,1,218,0.010531742125749588,0.009972517378628254
mlp_1x64_relu,10,1,219,0.0105646513402462,0.009844492189586163
mlp_1x64_relu,10,1,220,0.010532906278967857,0.009877567179501057
mlp_1x64_relu,10,1,221,0.010415789671242237,0.009954445995390415
mlp_1x64_relu,10,1,222,0.010461151599884033,0.009911932051181793
mlp_1x64_relu,10,1,223,0.010474629700183868,0.00995804276317358
mlp_1x64_relu,10,1,224,0.010579110123217106,0.009964395314455032
mlp_1x64_relu,10,1,225,0.010578162036836147,0.009916702285408974
mlp_1x64_relu,10,1,226,0.010639631189405918,0.009877302683889866
mlp_1x64_relu,10,1,227,0.01067480631172657,0.009884826838970184
mlp_1x64_relu,10,1,228,0.01054435595870018,0.009900682605803013
mlp_1x64_relu,10,1,229,0.010573978535830975,0.009883721359074116
mlp_1x64_relu,10,1,230,0.010573935694992542,0.00988154299557209
mlp_1x64_relu,10,1,231,0.010575988329946995,0.009882878512144089
mlp_1x64_relu,10,1,232,0.010507517494261265,0.009861170314252377
mlp_1x64_relu,10,1,233,0.010509243234992027,0.009901748038828373
mlp_1x64_relu,10,1,234,0.010508661158382893,0.009887496009469032
mlp_1x64_relu,10,1,235,0.010534449480473995,0.009864135645329952
mlp_1x64_relu,10,1,236,0.010479051619768143,0.009920110926032066
mlp_1x64_relu,10,1,237,0.010466121137142181,0.009946979582309723
mlp_1x64_relu,10,1,238,0.010574684478342533,0.009943145327270031
mlp_1x64_relu,10,1,239,0.010568597353994846,0.009913078509271145
mlp_1x64_relu,10,1,240,0.010495748370885849,0.0099060432985425
mlp_1x64_relu,10,1,241,0.010471871122717857,0.009936927817761898
mlp_1x64_relu,10,1,242,0.010540497489273548,0.010006872937083244
mlp_1x64_relu,10,1,243,0.0105915991589427,0.010005919262766838
mlp_1x64_relu,10,1,244,0.010605155490338802,0.009976047091186047
mlp_1x64_relu,10,1,245,0.01050059124827385,0.009892246685922146
mlp_1x64_relu,10,1,246,0.010530139319598675,0.009961290284991264
mlp_1x64_relu,10,1,247,0.010464511811733246,0.009901241399347782
mlp_1x64_relu,10,1,248,0.010463793762028217,0.009841290302574635
mlp_1x64_relu,10,1,249,0.010472510941326618,0.009885095059871674
mlp_1x64_relu,10,1,250,0.010462035425007343,0.009909894317388535
mlp_1x64_relu,10,1,251,0.010531074367463589,0.009920202195644379
mlp_1x64_relu,10,1,252,0.01057886891067028,0.00991880614310503
mlp_1x64_relu,10,1,253,0.010532042011618614,0.009924553334712982
mlp_1x64_relu,10,1,254,0.010458337143063545,0.009998761117458344
mlp_1x64_relu,10,1,255,0.010496224276721478,0.009889530949294567
mlp_1x64_relu,10,1,256,0.010503985919058323,0.009896843694150448
mlp_1x64_relu,10,1,257,0.010541213676333427,0.009879879653453827
mlp_1x64_relu,10,1,258,0.010464238934218884,0.009981032460927963
mlp_1x64_relu,10,1,259,0.01049139816313982,0.009847734123468399
mlp_1x64_relu,10,1,260,0.010419352911412716,0.009938102215528488
mlp_1x64_relu,10,1,261,0.010472052730619907,0.0098939910531044
mlp_1x64_relu,10,1,262,0.010507341474294662,0.009931211359798908
mlp_1x64_relu,10,1,263,0.010454158298671246,0.009928145445883274
mlp_1x64_relu,10,1,264,0.01049556490033865,0.009907715953886509
mlp_1x64_relu,10,1,265,0.010456038638949394,0.009925413876771927
mlp_1x64_relu,10,1,266,0.010475099086761475,0.009909332729876041
mlp_1x64_relu,10,1,267,0.010522468946874142,0.009928001090884209
mlp_1x64_relu,10,1,268,0.010533991269767284,0.009963620454072952
mlp_1x64_relu,10,1,269,0.010427650064229965,0.009831764735281467
mlp_1x64_relu,10,1,270,0.010453304275870323,0.009947837330400944
mlp_1x64_relu,10,1,271,0.010445364750921726,0.00987884309142828
mlp_1x64_relu,10,1,272,0.010513823479413986,0.009928119368851185
mlp_1x64_relu,10,1,273,0.01051864679902792,0.009889751672744751
mlp_1x64_relu,10,1,274,0.010526844300329685,0.009894979186356068
mlp_1x64_relu,10,1,275,0.010552741587162018,0.009811697527766228
mlp_1x64_relu,10,1,276,0.010486766695976257,0.00990248192101717
mlp_1x64_relu,10,1,277,0.010471233166754246,0.009960350580513477
mlp_1x64_relu,10,1,278,0.010502236895263195,0.0099204545840621
mlp_1x64_relu,10,1,279,0.01048088725656271,0.009929774329066277
mlp_1x64_relu,10,1,280,0.010566106997430325,0.009855837561190128
mlp_1x64_relu,10,1,281,0.010520498268306255,0.009876197203993797
mlp_1x64_relu,10,1,282,0.01055342610925436,0.009802942164242268
mlp_1x64_relu,10,1,283,0.010435622185468674,0.009987542405724525
mlp_1x64_relu,10,1,284,0.01047854870557785,0.00985704641789198
mlp_1x64_relu,10,1,285,0.010450542904436588,0.009886716492474079
mlp_1x64_relu,10,1,286,0.010496900416910648,0.009864280000329018
mlp_1x64_relu,10,1,287,0.010512612760066986,0.009883400984108448
mlp_1x64_relu,10,1,288,0.010469425469636917,0.009867783635854721
mlp_1x64_relu,10,1,289,0.010477500967681408,0.009893808513879776
mlp_1x64_relu,10,1,290,0.010495507158339024,0.009906522929668427
mlp_1x64_relu,10,1,291,0.010462790727615356,0.009839700534939766
mlp_1x64_relu,10,1,292,0.010483129881322384,0.00984989944845438
mlp_1x64_relu,10,1,293,0.010457498952746391,0.00987003929913044
mlp_1x64_relu,10,1,294,0.010499084368348122,0.009848958812654018
mlp_1x64_relu,10,1,295,0.010465809144079685,0.00991800520569086
mlp_1x64_relu,10,1,296,0.01053265854716301,0.009954990819096565
mlp_1x64_relu,10,1,297,0.01042840164154768,0.009809467941522598
mlp_1x64_relu,10,1,298,0.010496014729142189,0.009916744194924831
mlp_1x64_relu,10,1,299,0.010472587309777737,0.009842419996857643
mlp_1x64_relu,10,1,300,0.010449073277413845,0.009799077175557613
mlp_1x64_relu,10,1,301,0.010438857600092888,0.009856674820184708
mlp_1x64_relu,10,1,302,0.010423708707094193,0.009918926283717155
mlp_1x64_relu,10,1,303,0.010465577244758606,0.009933465160429478
mlp_1x64_relu,10,1,304,0.010441552847623825,0.00986974686384201
mlp_1x64_relu,10,1,305,0.010476473718881607,0.009910722263157368
mlp_1x64_relu,10,1,306,0.010461961850523949,0.009911192581057549
mlp_1x64_relu,10,1,307,0.010471244342625141,0.009878268465399742
mlp_1x64_relu,10,1,308,0.01049429178237915,0.009932405315339565
mlp_1x64_relu,10,1,309,0.010566714219748974,0.009917158633470535
mlp_1x64_relu,10,1,310,0.01041542086750269,0.009910494089126587
mlp_1x64_relu,10,1,311,0.010435281321406364,0.009844232350587845
mlp_1x64_relu,10,1,312,0.010430842638015747,0.009947718121111393
mlp_1x64_relu,10,1,313,0.010477975010871887,0.009968572296202183
mlp_1x64_relu,10,1,314,0.010485121048986912,0.009847080335021019
mlp_1x64_relu,10,1,315,0.010454422794282436,0.009874562732875347
mlp_1x64_relu,10,1,316,0.010489972308278084,0.009872603230178356
mlp_1x64_relu,10,1,317,0.010453696362674236,0.009933101944625378
mlp_1x64_relu,10,1,318,0.010477975010871887,0.009884202852845192
mlp_1x64_relu,10,1,319,0.010427079163491726,0.009910933673381805
mlp_1x64_relu,10,1,320,0.01046554371714592,0.009862791746854782
mlp_1x64_relu,10,1,321,0.010443128645420074,0.00991878192871809
mlp_1x64_relu,10,1,322,0.010514583438634872,0.00989697314798832
mlp_1x64_relu,10,1,323,0.010495181195437908,0.009876749478280544
mlp_1x64_relu,10,1,324,0.010517717339098454,0.009848703630268574
mlp_1x64_relu,10,1,325,0.01040252111852169,0.009815836325287819
mlp_1x64_relu,10,1,326,0.010385926812887192,0.009904252365231514
mlp_1x64_relu,10,1,327,0.01044443529099226,0.00984647311270237
mlp_1x64_relu,10,1,328,0.010459348559379578,0.010042402893304825
mlp_1x64_relu,10,1,329,0.01043646689504385,0.009862917475402355
mlp_1x64_relu,10,1,330,0.010453375056385994,0.009922449477016926
mlp_1x64_relu,10,1,331,0.010386412963271141,0.009965558536350727
mlp_1x64_relu,10,1,332,0.01044163852930069,0.009992092847824097
mlp_1x64_relu,10,1,333,0.010404914617538452,0.009990178048610687
mlp_1x64_relu,10,1,334,0.010419163852930069,0.009914036840200424
mlp_1x64_relu,10,1,335,0.010390509851276875,0.009869660250842571
mlp_1x64_relu,10,1,336,0.010412285104393959,0.00996779091656208
mlp_1x64_relu,10,1,337,0.010510291904211044,0.009973199106752872
mlp_1x64_relu,10,1,338,0.010521273128688335,0.009904306381940842
mlp_1x64_relu,10,1,339,0.010544540360569954,0.009907899424433708
mlp_1x64_relu,10,1,340,0.010386520996689796,0.009918357245624065
mlp_1x64_relu,10,1,341,0.010432645678520203,0.009926516562700272
mlp_1x64_relu,10,1,342,0.010455140843987465,0.009932806715369225
mlp_1x64_relu,10,1,343,0.010453491471707821,0.009944639168679714
mlp_1x64_relu,10,1,344,0.010385952889919281,0.009944787248969078
mlp_1x64_relu,10,1,345,0.010416890494525433,0.009950048290193081
mlp_1x64_relu,10,1,346,0.010443020612001419,0.009927080944180489
mlp_1x64_relu,10,1,347,0.01043164823204279,0.009995848871767521
mlp_1x64_relu,10,1,348,0.01047434564679861,0.009837283752858639
mlp_1x64_relu,10,1,349,0.010490299202501774,0.009948991239070892
mlp_1x64_relu,10,1,350,0.010527025908231735,0.009833533316850662
mlp_1x64_relu,10,1,351,0.010491575114428997,0.009824325330555439
mlp_1x64_relu,10,1,352,0.010460554622113705,0.009864043444395065
mlp_1x64_relu,10,1,353,0.010401606559753418,0.00997766200453043
mlp_1x64_relu,10,1,354,0.01037866622209549,0.009886550717055798
mlp_1x64_relu,10,1,355,0.01037470530718565,0.009943927638232708
mlp_1x64_relu,10,1,356,0.01047915406525135,0.009852223098278046
mlp_1x64_relu,10,1,357,0.010466552339494228,0.009959869086742401
mlp_1x64_relu,10,1,358,0.010406126268208027,0.009887205436825752
mlp_1x64_relu,10,1,359,0.010365951806306839,0.009941022843122482
mlp_1x64_relu,10,1,360,0.010383937507867813,0.009932477958500385
mlp_1x64_relu,10,1,361,0.010399696417152882,0.00994725152850151
mlp_1x64_relu,10,1,362,0.010413349606096745,0.009918607771396637
mlp_1x64_relu,10,1,363,0.01043642871081829,0.009982853196561337
mlp_1x64_relu,10,1,364,0.010430061258375645,0.009878437034785748
mlp_1x64_relu,10,1,365,0.010504513047635555,0.009905860759317875
mlp_1x64_relu,10,1,366,0.010479709133505821,0.009849397465586662
mlp_1x64_relu,10,1,367,0.010408456437289715,0.009966360405087471
mlp_1x64_relu,10,1,368,0.010442588478326797,0.009865911677479744
mlp_1x64_relu,10,1,369,0.010367871262133121,0.009896586649119854
mlp_1x64_relu,10,1,370,0.010416650213301182,0.009908785112202168
mlp_1x64_relu,10,1,371,0.010402178391814232,0.00988175068050623
mlp_1x64_relu,10,1,372,0.010373815894126892,0.009975353255867958
mlp_1x64_relu,10,1,373,0.010366165079176426,0.009979398921132088
mlp_1x64_relu,10,1,374,0.010450076311826706,0.009973125532269478
mlp_1x64_relu,10,1,375,0.010500668548047543,0.009866992942988873
mlp_1x64_relu,10,1,376,0.010447392240166664,0.00999473873525858
mlp_1x64_relu,10,1,377,0.010389503091573715,0.009929218329489231
mlp_1x64_relu,10,1,378,0.010419344529509544,0.00991557352244854
mlp_1x64_relu,10,1,379,0.010404759086668491,0.009952272288501263
mlp_1x64_relu,10,1,380,0.010434860363602638,0.009911051951348782
mlp_1x64_relu,10,1,381,0.010398248210549355,0.009983481839299202
mlp_1x64_relu,10,1,382,0.010434756055474281,0.009873691946268082
mlp_1x64_relu,10,1,383,0.010467128828167915,0.009803262539207935
mlp_1x64_relu,10,1,384,0.010520975105464458,0.009926688857376575
mlp_1x64_relu,10,1,385,0.010456196963787079,0.00996635016053915
mlp_1x64_relu,10,1,386,0.010472140274941921,0.009835409931838512
mlp_1x64_relu,10,1,387,0.010465920902788639,0.009917682968080044
mlp_1x64_relu,10,1,388,0.010434653609991074,0.0099216029047966
mlp_1x64_relu,10,1,389,0.010427694767713547,0.009825174696743488
mlp_1x64_relu,10,1,390,0.010422895662486553,0.009944932535290718
mlp_1x64_relu,10,1,391,0.0103426743298769,0.009961046278476715
mlp_1x64_relu,10,1,392,0.010358570143580437,0.0099257817491889
mlp_1x64_relu,10,1,393,0.010417015291750431,0.009916001930832863
mlp_1x64_relu,10,1,394,0.01041516661643982,0.009989787824451923
mlp_1x64_relu,10,1,395,0.010422000661492348,0.009918339550495148
mlp_1x64_relu,10,1,396,0.01044087391346693,0.009869253262877464
mlp_1x64_relu,10,1,397,0.010404347442090511,0.009958310052752495
mlp_1x64_relu,10,1,398,0.010368422605097294,0.009911108762025833
mlp_1x64_relu,10,1,399,0.01037611160427332,0.009962032549083233
mlp_1x64_relu,10,1,400,0.010461068712174892,0.0099610211327672
mlp_1x64_relu,10,1,401,0.010358122177422047,0.009897565469145775
mlp_1x64_relu,10,1,402,0.010409679263830185,0.009913425892591476
mlp_1x64_relu,10,1,403,0.010415909811854362,0.009891555644571781
mlp_1x64_relu,10,1,404,0.0104306535795331,0.009912352077662945
mlp_1x64_relu,10,1,405,0.010376112535595894,0.00994227733463049
mlp_1x64_relu,10,1,406,0.01041023712605238,0.009978014044463634
mlp_1x64_relu,10,1,407,0.010362135246396065,0.009899918921291828
mlp_1x64_relu,10,1,408,0.010383457876741886,0.009922509081661701
mlp_1x64_relu,10,1,409,0.010433349758386612,0.010012933984398842
mlp_1x64_relu,10,1,410,0.010383505374193192,0.009975356981158257
mlp_1x64_relu,10,1,411,0.010364445857703686,0.00995456799864769
mlp_1x64_relu,10,1,412,0.010366971604526043,0.009932957589626312
mlp_1x64_relu,10,1,413,0.010420169681310654,0.010004980489611626
mlp_1x64_relu,10,1,414,0.010450967587530613,0.009909147396683693
mlp_1x64_relu,10,1,415,0.010407970286905766,0.00989367812871933
mlp_1x64_relu,10,1,416,0.010360147804021835,0.010020560584962368
mlp_1x64_relu,10,1,417,0.010481638833880424,0.010014780797064304
mlp_1x64_relu,10,1,418,0.010453198105096817,0.009924435056746006
mlp_1x64_relu,10,1,419,0.010389413684606552,0.009977960959076881
mlp_1x64_relu,10,1,420,0.01043002400547266,0.009968705475330353
mlp_1x64_relu,10,1,421,0.010450011119246483,0.00993284210562706
mlp_1x64_relu,10,1,422,0.010419794358313084,0.00998922623693943
mlp_1x64_relu,10,1,423,0.010380197316408157,0.01003706268966198
mlp_1x64_relu,10,1,424,0.01037243939936161,0.01003824733197689
mlp_1x64_relu,10,1,425,0.010340557433664799,0.009968024678528309
mlp_1x64_relu,10,1,426,0.010371626354753971,0.010029924102127552
mlp_1x64_relu,10,1,427,0.01032104343175888,0.010015624575316906
mlp_1x64_relu,10,1,428,0.010354429483413696,0.010074971243739128
mlp_1x64_relu,10,1,429,0.010434826835989952,0.00993715412914753
mlp_1x64_relu,10,1,430,0.010445131920278072,0.009989658370614052
mlp_1x64_relu,10,1,431,0.010389651171863079,0.009998796507716179
mlp_1x64_relu,10,1,432,0.01034413743764162,0.010020405985414982
mlp_1x64_relu,10,1,433,0.010380269028246403,0.009946154430508614
mlp_1x64_relu,10,1,434,0.010370399802923203,0.009939886629581451
mlp_1x64_relu,10,1,435,0.010376728139817715,0.010002178139984608
mlp_1x64_relu,10,1,436,0.010440248996019363,0.009942720644176006
mlp_1x64_relu,10,1,437,0.010430135764181614,0.009984436444938183
mlp_1x64_relu,10,1,438,0.010410304181277752,0.010064888745546341
mlp_1x64_relu,10,1,439,0.010422369465231895,0.009934665635228157
mlp_1x64_relu,10,1,440,0.010336456820368767,0.010007902048528194
mlp_1x64_relu,10,1,441,0.010342159308493137,0.01003097090870142
mlp_1x64_relu,10,1,442,0.010375183075666428,0.010042879730463028
mlp_1x64_relu,10,1,443,0.01044768001884222,0.009990649297833443
mlp_1x64_relu,10,1,444,0.010349278338253498,0.010008475743234158
mlp_1x64_relu,10,1,445,0.01033527310937643,0.010042264126241207
mlp_1x64_relu,10,1,446,0.01034498680382967,0.009998474270105362
mlp_1x64_relu,10,1,447,0.010438012890517712,0.010029073804616928
mlp_1x64_relu,10,1,448,0.010434702038764954,0.009994623251259327
mlp_1x64_relu,10,1,449,0.010429758578538895,0.010040858760476112
mlp_1x64_relu,10,1,450,0.010426820255815983,0.009944676421582699
mlp_1x64_relu,10,1,451,0.010388688184320927,0.010006269440054893
mlp_1x64_relu,10,1,452,0.010399354621767998,0.01000828854739666
mlp_1x64_relu,10,1,453,0.010350288823246956,0.010057837702333927
mlp_1x64_relu,10,1,454,0.010393146425485611,0.009981159120798111
mlp_1x64_relu,10,1,455,0.010357110761106014,0.010021956637501717
mlp_1x64_relu,10,1,456,0.010412153787910938,0.010019120760262012
mlp_1x64_relu,10,1,457,0.010431414470076561,0.009962254203855991
mlp_1x64_relu,10,1,458,0.010407896712422371,0.009994054213166237
mlp_1x64_relu,10,1,459,0.010332982055842876,0.010005909949541092
mlp_1x64_relu,10,1,460,0.010362876579165459,0.010012036189436913
mlp_1x64_relu,10,1,461,0.010398471727967262,0.01000092551112175
mlp_1x64_relu,10,1,462,0.010347826406359673,0.010033813305199146
mlp_1x64_relu,10,1,463,0.01034892164170742,0.01007939875125885
mlp_1x64_relu,10,1,464,0.010349920950829983,0.01000079046934843
mlp_1x64_relu,10,1,465,0.01034370344132185,0.010037723928689957
mlp_1x64_relu,10,1,466,0.010385625064373016,0.010052396915853024
mlp_1x64_relu,10,1,467,0.010354828089475632,0.01004775520414114
mlp_1x64_relu,10,1,468,0.01038865465670824,0.01000114157795906
mlp_1x64_relu,10,1,469,0.010360518470406532,0.010019023902714252
mlp_1x64_relu,10,1,470,0.010340549983084202,0.010037639178335667
mlp_1x64_relu,10,1,471,0.010347774252295494,0.00998501107096672
mlp_1x64_relu,10,1,472,0.010312910191714764,0.010037871077656746
mlp_1x64_relu,10,1,473,0.010366284288465977,0.010021268390119076
mlp_1x64_relu,10,1,474,0.010377608239650726,0.0100528784096241
mlp_1x64_relu,10,1,475,0.010396786034107208,0.010041620582342148
mlp_1x64_relu,10,1,476,0.010339580476284027,0.010042364709079266
mlp_1x64_relu,10,1,477,0.010390457697212696,0.009923212230205536
mlp_1x64_relu,10,1,478,0.010461262427270412,0.009999320842325687
mlp_1x64_relu,10,1,479,0.010400468483567238,0.009994305670261383
mlp_1x64_relu,10,1,480,0.01040799543261528,0.010029522702097893
mlp_1x64_relu,10,1,481,0.010356648825109005,0.010003429837524891
mlp_1x64_relu,10,1,482,0.010333256796002388,0.010081629268825054
mlp_1x64_relu,10,1,483,0.010378964245319366,0.00993081834167242
mlp_1x64_relu,10,1,484,0.010401733219623566,0.010033429600298405
mlp_1x64_relu,10,1,485,0.01040179468691349,0.01004123780876398
mlp_1x64_relu,10,1,486,0.01043777447193861,0.009893490001559258
mlp_1x64_relu,10,1,487,0.010373394936323166,0.010020275600254536
mlp_1x64_relu,10,1,488,0.010490860790014267,0.010005760006606579
mlp_1x64_relu,10,1,489,0.01039127353578806,0.009950044564902782
mlp_1x64_relu,10,1,490,0.010425712913274765,0.010037790983915329
mlp_1x64_relu,10,1,491,0.010394162498414516,0.01002204604446888
mlp_1x64_relu,10,1,492,0.010341568849980831,0.010016527958214283
mlp_1x64_relu,10,1,493,0.010312850587069988,0.010096472688019276
mlp_1x64_relu,10,1,494,0.010306673124432564,0.010075419209897518
mlp_1x64_relu,10,1,495,0.010333792306482792,0.010048460215330124
mlp_1x64_relu,10,1,496,0.010343209840357304,0.010036639869213104
mlp_1x64_relu,10,1,497,0.010422078892588615,0.010057269595563412
mlp_1x64_relu,10,1,498,0.010332613252103329,0.009979735128581524
mlp_1x64_relu,10,1,499,0.010356655344367027,0.00997812021523714
mlp_1x64_relu,10,1,500,0.01033356785774231,0.009956336580216885
mlp_1x64_relu,10,5,1,0.4199342131614685,0.18735764920711517
mlp_1x64_relu,10,5,2,0.17342586815357208,0.09303883463144302
mlp_1x64_relu,10,5,3,0.09035729616880417,0.0510522723197937
mlp_1x64_relu,10,5,4,0.049139607697725296,0.02842298150062561
mlp_1x64_relu,10,5,5,0.027160298079252243,0.01676309108734131
mlp_1x64_relu,10,5,6,0.016536444425582886,0.010901766829192638
mlp_1x64_relu,10,5,7,0.011195533908903599,0.007948263548314571
mlp_1x64_relu,10,5,8,0.008746537379920483,0.006708191707730293
mlp_1x64_relu,10,5,9,0.007618255913257599,0.0058073969557881355
mlp_1x64_relu,10,5,10,0.006953258998692036,0.005386900156736374
mlp_1x64_relu,10,5,11,0.006506212521344423,0.004950784612447023
mlp_1x64_relu,10,5,12,0.006284990813583136,0.004710929933935404
mlp_1x64_relu,10,5,13,0.006126048509031534,0.0046642678789794445
mlp_1x64_relu,10,5,14,0.006089103873819113,0.004672341980040073
mlp_1x64_relu,10,5,15,0.005999984685331583,0.004643266089260578
mlp_1x64_relu,10,5,16,0.0059282914735376835,0.004593100398778915
mlp_1x64_relu,10,5,17,0.005844789557158947,0.004596596118062735
mlp_1x64_relu,10,5,18,0.005834606476128101,0.004549721721559763
mlp_1x64_relu,10,5,19,0.0057951887138187885,0.004605237860232592
mlp_1x64_relu,10,5,20,0.005789272487163544,0.004652818664908409
mlp_1x64_relu,10,5,21,0.005754159297794104,0.004668229725211859
mlp_1x64_relu,10,5,22,0.00571335619315505,0.004674730356782675
mlp_1x64_relu,10,5,23,0.005670201499015093,0.00461854413151741
mlp_1x64_relu,10,5,24,0.0056439912877976894,0.004572918638586998
mlp_1x64_relu,10,5,25,0.005617729388177395,0.0045633092522621155
mlp_1x64_relu,10,5,26,0.005600770469754934,0.0045759896747767925
mlp_1x64_relu,10,5,27,0.0055930535309016705,0.004544178489595652
mlp_1x64_relu,10,5,28,0.005574681796133518,0.004553078208118677
mlp_1x64_relu,10,5,29,0.005545865744352341,0.004534839652478695
mlp_1x64_relu,10,5,30,0.005520284175872803,0.004559888504445553
mlp_1x64_relu,10,5,31,0.00549020990729332,0.004530012141913176
mlp_1x64_relu,10,5,32,0.005475419573485851,0.004526266362518072
mlp_1x64_relu,10,5,33,0.005438013933598995,0.004540011752396822
mlp_1x64_relu,10,5,34,0.00542272487655282,0.004540023393929005
mlp_1x64_relu,10,5,35,0.005386570934206247,0.0045399838127195835
mlp_1x64_relu,10,5,36,0.005361346527934074,0.004540880210697651
mlp_1x64_relu,10,5,37,0.005325212609022856,0.004603227134793997
mlp_1x64_relu,10,5,38,0.005301247350871563,0.0046091219410300255
mlp_1x64_relu,10,5,39,0.005276322364807129,0.004656482487916946
mlp_1x64_relu,10,5,40,0.00527962064370513,0.004637785721570253
mlp_1x64_relu,10,5,41,0.005264481529593468,0.004535505082458258
mlp_1x64_relu,10,5,42,0.005215367767959833,0.004617969039827585
mlp_1x64_relu,10,5,43,0.005185803864151239,0.0045355199836194515
mlp_1x64_relu,10,5,44,0.005155124701559544,0.004544891882687807
mlp_1x64_relu,10,5,45,0.005166095681488514,0.004660028964281082
mlp_1x64_relu,10,5,46,0.005159095395356417,0.004589098505675793
mlp_1x64_relu,10,5,47,0.005133759696036577,0.004535409156233072
mlp_1x64_relu,10,5,48,0.005113054066896439,0.004574932623654604
mlp_1x64_relu,10,5,49,0.005134941544383764,0.004593678750097752
mlp_1x64_relu,10,5,50,0.0051463693380355835,0.004664055537432432
mlp_1x64_relu,10,5,51,0.005144238006323576,0.004614857491105795
mlp_1x64_relu,10,5,52,0.005144329275935888,0.0046171206049621105
mlp_1x64_relu,10,5,53,0.005142640322446823,0.004612981341779232
mlp_1x64_relu,10,5,54,0.00514668133109808,0.004703863523900509
mlp_1x64_relu,10,5,55,0.005162250716239214,0.004525257274508476
mlp_1x64_relu,10,5,56,0.005130107514560223,0.004527227953076363
mlp_1x64_relu,10,5,57,0.005141517147421837,0.004715974908322096
mlp_1x64_relu,10,5,58,0.005211389157921076,0.004634763114154339
mlp_1x64_relu,10,5,59,0.0051674265414476395,0.004499637521803379
mlp_1x64_relu,10,5,60,0.00514002051204443,0.004602964501827955
mlp_1x64_relu,10,5,61,0.005190107971429825,0.004560770466923714
mlp_1x64_relu,10,5,62,0.005185780115425587,0.004506509285420179
mlp_1x64_relu,10,5,63,0.005165395326912403,0.004591263830661774
mlp_1x64_relu,10,5,64,0.005189144518226385,0.004475394729524851
mlp_1x64_relu,10,5,65,0.005134246777743101,0.0045429109595716
mlp_1x64_relu,10,5,66,0.005177075508981943,0.004465172998607159
mlp_1x64_relu,10,5,67,0.005115913227200508,0.004496858920902014
mlp_1x64_relu,10,5,68,0.005143607035279274,0.004431401379406452
mlp_1x64_relu,10,5,69,0.005128038115799427,0.004509213846176863
mlp_1x64_relu,10,5,70,0.005164633970707655,0.004457481671124697
mlp_1x64_relu,10,5,71,0.005149299744516611,0.004534957464784384
mlp_1x64_relu,10,5,72,0.0051462301053106785,0.004431755281984806
mlp_1x64_relu,10,5,73,0.005147175397723913,0.004417589865624905
mlp_1x64_relu,10,5,74,0.00513494573533535,0.004466526675969362
mlp_1x64_relu,10,5,75,0.0051000467501580715,0.004464378114789724
mlp_1x64_relu,10,5,76,0.005122834350913763,0.004456999711692333
mlp_1x64_relu,10,5,77,0.005167562514543533,0.004422314930707216
mlp_1x64_relu,10,5,78,0.005142888519912958,0.00446875998750329
mlp_1x64_relu,10,5,79,0.005154077894985676,0.004427104722708464
mlp_1x64_relu,10,5,80,0.005160549655556679,0.004498670808970928
mlp_1x64_relu,10,5,81,0.005148742347955704,0.004415384028106928
mlp_1x64_relu,10,5,82,0.005118515808135271,0.004437936469912529
mlp_1x64_relu,10,5,83,0.005141113884747028,0.004439125768840313
mlp_1x64_relu,10,5,84,0.005185833666473627,0.004393057432025671
mlp_1x64_relu,10,5,85,0.00516143161803484,0.004446176812052727
mlp_1x64_relu,10,5,86,0.005188276059925556,0.004441499710083008
mlp_1x64_relu,10,5,87,0.005166866350919008,0.004431847482919693
mlp_1x64_relu,10,5,88,0.0051705362275242805,0.004437475930899382
mlp_1x64_relu,10,5,89,0.005205377470701933,0.004400637932121754
mlp_1x64_relu,10,5,90,0.00514794560149312,0.004431235603988171
mlp_1x64_relu,10,5,91,0.005162511020898819,0.004363456275314093
mlp_1x64_relu,10,5,92,0.005115889478474855,0.00446980819106102
mlp_1x64_relu,10,5,93,0.005172320641577244,0.0043968092650175095
mlp_1x64_relu,10,5,94,0.005152619443833828,0.004404785577207804
mlp_1x64_relu,10,5,95,0.005118342116475105,0.004387309774756432
mlp_1x64_relu,10,5,96,0.005143019370734692,0.004398964811116457
mlp_1x64_relu,10,5,97,0.005130943842232227,0.004368264693766832
mlp_1x64_relu,10,5,98,0.005184489767998457,0.004364334046840668
mlp_1x64_relu,10,5,99,0.005111894570291042,0.004343118984252214
mlp_1x64_relu,10,5,100,0.005128000862896442,0.0044368719682097435
mlp_1x64_relu,10,5,101,0.0051964386366307735,0.004376967437565327
mlp_1x64_relu,10,5,102,0.0051185982301831245,0.004399414174258709
mlp_1x64_relu,10,5,103,0.005142190493643284,0.004324532579630613
mlp_1x64_relu,10,5,104,0.005112206097692251,0.004427756182849407
mlp_1x64_relu,10,5,105,0.005137247033417225,0.004388711415231228
mlp_1x64_relu,10,5,106,0.005118891131132841,0.004374059848487377
mlp_1x64_relu,10,5,107,0.005154090002179146,0.004425095394253731
mlp_1x64_relu,10,5,108,0.0051726242527365685,0.0043145339004695415
mlp_1x64_relu,10,5,109,0.005118685774505138,0.004384434781968594
mlp_1x64_relu,10,5,110,0.005145481787621975,0.00437511270865798
mlp_1x64_relu,10,5,111,0.00517731299623847,0.004369230475276709
mlp_1x64_relu,10,5,112,0.005102841183543205,0.004341357387602329
mlp_1x64_relu,10,5,113,0.00514004984870553,0.004391028545796871
mlp_1x64_relu,10,5,114,0.005150287877768278,0.0043457853607833385
mlp_1x64_relu,10,5,115,0.005104769952595234,0.004348331596702337
mlp_1x64_relu,10,5,116,0.005147021263837814,0.004392317496240139
mlp_1x64_relu,10,5,117,0.005108277779072523,0.004360522143542767
mlp_1x64_relu,10,5,118,0.00511126546189189,0.0043627736158668995
mlp_1x64_relu,10,5,119,0.005142705515027046,0.004327384755015373
mlp_1x64_relu,10,5,120,0.005103228148072958,0.00438828207552433
mlp_1x64_relu,10,5,121,0.005108493380248547,0.004335944075137377
mlp_1x64_relu,10,5,122,0.005076367408037186,0.004375448450446129
mlp_1x64_relu,10,5,123,0.00510596577078104,0.004376107361167669
mlp_1x64_relu,10,5,124,0.00513785844668746,0.004350986331701279
mlp_1x64_relu,10,5,125,0.005162647459656,0.004346249159425497
mlp_1x64_relu,10,5,126,0.0051182908937335014,0.004411159548908472
mlp_1x64_relu,10,5,127,0.005135460291057825,0.004330294672399759
mlp_1x64_relu,10,5,128,0.005060718394815922,0.004369290079921484
mlp_1x64_relu,10,5,129,0.00513421231880784,0.0043151769787073135
mlp_1x64_relu,10,5,130,0.005098699126392603,0.004376649856567383
mlp_1x64_relu,10,5,131,0.005119367968291044,0.004349468741565943
mlp_1x64_relu,10,5,132,0.005088175646960735,0.004393905866891146
mlp_1x64_relu,10,5,133,0.005078058689832687,0.0043546888045966625
mlp_1x64_relu,10,5,134,0.005089768674224615,0.004344300366938114
mlp_1x64_relu,10,5,135,0.005074128974229097,0.004369732458144426
mlp_1x64_relu,10,5,136,0.005078321322798729,0.004367473069578409
mlp_1x64_relu,10,5,137,0.005034602712839842,0.0043721627444028854
mlp_1x64_relu,10,5,138,0.005059594288468361,0.004383039195090532
mlp_1x64_relu,10,5,139,0.005139980930835009,0.004383535124361515
mlp_1x64_relu,10,5,140,0.005153377074748278,0.0043455190025269985
mlp_1x64_relu,10,5,141,0.005096841137856245,0.00436797458678484
mlp_1x64_relu,10,5,142,0.005129966884851456,0.004358377773314714
mlp_1x64_relu,10,5,143,0.005059764254838228,0.004344000481069088
mlp_1x64_relu,10,5,144,0.0050958446227014065,0.0043839323334395885
mlp_1x64_relu,10,5,145,0.005110707599669695,0.004381698090583086
mlp_1x64_relu,10,5,146,0.0050886161625385284,0.00438668392598629
mlp_1x64_relu,10,5,147,0.005102888215333223,0.004344406072050333
mlp_1x64_relu,10,5,148,0.005107250064611435,0.00436571566388011
mlp_1x64_relu,10,5,149,0.005087463650852442,0.004372860305011272
mlp_1x64_relu,10,5,150,0.005092610605061054,0.004347972571849823
mlp_1x64_relu,10,5,151,0.005121325142681599,0.004331422969698906
mlp_1x64_relu,10,5,152,0.005090190097689629,0.004346875939518213
mlp_1x64_relu,10,5,153,0.005059277173131704,0.004360844846814871
mlp_1x64_relu,10,5,154,0.00506711658090353,0.004362187348306179
mlp_1x64_relu,10,5,155,0.005103134550154209,0.00435678893700242
mlp_1x64_relu,10,5,156,0.0050821914337575436,0.004336662590503693
mlp_1x64_relu,10,5,157,0.005071849562227726,0.004391862545162439
mlp_1x64_relu,10,5,158,0.0050483508966863155,0.004351149313151836
mlp_1x64_relu,10,5,159,0.005046521313488483,0.004375895950943232
mlp_1x64_relu,10,5,160,0.005037629511207342,0.00437094084918499
mlp_1x64_relu,10,5,161,0.005095966160297394,0.004377318546175957
mlp_1x64_relu,10,5,162,0.0051010986790061,0.004356949124485254
mlp_1x64_relu,10,5,163,0.0050670066848397255,0.004329883027821779
mlp_1x64_relu,10,5,164,0.005125995259732008,0.004379088990390301
mlp_1x64_relu,10,5,165,0.005105438642203808,0.004324136767536402
mlp_1x64_relu,10,5,166,0.0050976332277059555,0.004429053980857134
mlp_1x64_relu,10,5,167,0.005083619616925716,0.0043748836033046246
mlp_1x64_relu,10,5,168,0.005096561275422573,0.004395045340061188
mlp_1x64_relu,10,5,169,0.005053256638348103,0.0043459609150886536
mlp_1x64_relu,10,5,170,0.005056033376604319,0.004363140556961298
mlp_1x64_relu,10,5,171,0.00503745349124074,0.004358440637588501
mlp_1x64_relu,10,5,172,0.005058865994215012,0.004375542048364878
mlp_1x64_relu,10,5,173,0.005098648369312286,0.00433385418727994
mlp_1x64_relu,10,5,174,0.005058405455201864,0.004404637962579727
mlp_1x64_relu,10,5,175,0.0051073553040623665,0.004301858134567738
mlp_1x64_relu,10,5,176,0.005079129710793495,0.004382861778140068
mlp_1x64_relu,10,5,177,0.005057983100414276,0.004353311378508806
mlp_1x64_relu,10,5,178,0.00503863301128149,0.004386104177683592
mlp_1x64_relu,10,5,179,0.005077546462416649,0.00436685886234045
mlp_1x64_relu,10,5,180,0.005046512931585312,0.004368933383375406
mlp_1x64_relu,10,5,181,0.005048362072557211,0.004373257979750633
mlp_1x64_relu,10,5,182,0.00507886940613389,0.004382746294140816
mlp_1x64_relu,10,5,183,0.005041453056037426,0.004384524654597044
mlp_1x64_relu,10,5,184,0.0050216070376336575,0.004379661288112402
mlp_1x64_relu,10,5,185,0.0050218794494867325,0.004402286373078823
mlp_1x64_relu,10,5,186,0.005042050965130329,0.004356632474809885
mlp_1x64_relu,10,5,187,0.005031098611652851,0.004368926864117384
mlp_1x64_relu,10,5,188,0.005012622103095055,0.004379602149128914
mlp_1x64_relu,10,5,189,0.005044370889663696,0.004399476572871208
mlp_1x64_relu,10,5,190,0.005053116008639336,0.004353858530521393
mlp_1x64_relu,10,5,191,0.005068473517894745,0.004393756855279207
mlp_1x64_relu,10,5,192,0.005018483381718397,0.004370990674942732
mlp_1x64_relu,10,5,193,0.005035879090428352,0.00439047534018755
mlp_1x64_relu,10,5,194,0.005035892128944397,0.004369847476482391
mlp_1x64_relu,10,5,195,0.00507044093683362,0.004352588672190905
mlp_1x64_relu,10,5,196,0.005079839378595352,0.004390469286590815
mlp_1x64_relu,10,5,197,0.005072988104075193,0.004361885134130716
mlp_1x64_relu,10,5,198,0.005025479476898909,0.004360349848866463
mlp_1x64_relu,10,5,199,0.005037270952016115,0.0043710400350391865
mlp_1x64_relu,10,5,200,0.005027494393289089,0.004395238123834133
mlp_1x64_relu,10,5,201,0.005054311826825142,0.004406781867146492
mlp_1x64_relu,10,5,202,0.005037408322095871,0.00436421250924468
mlp_1x64_relu,10,5,203,0.005031357053667307,0.004415170755237341
mlp_1x64_relu,10,5,204,0.005055269226431847,0.004404635634273291
mlp_1x64_relu,10,5,205,0.005017255898565054,0.004406739957630634
mlp_1x64_relu,10,5,206,0.005038499366492033,0.004405774176120758
mlp_1x64_relu,10,5,207,0.0050364271737635136,0.0043630097061395645
mlp_1x64_relu,10,5,208,0.005003166384994984,0.004414771683514118
mlp_1x64_relu,10,5,209,0.005025661550462246,0.004371777642518282
mlp_1x64_relu,10,5,210,0.00500737689435482,0.004391300957649946
mlp_1x64_relu,10,5,211,0.004979593213647604,0.004413196817040443
mlp_1x64_relu,10,5,212,0.005041946191340685,0.004446310922503471
mlp_1x64_relu,10,5,213,0.005018041469156742,0.004366668406873941
mlp_1x64_relu,10,5,214,0.005039319396018982,0.004382580053061247
mlp_1x64_relu,10,5,215,0.004994272720068693,0.004392359405755997
mlp_1x64_relu,10,5,216,0.005009283311665058,0.004378001671284437
mlp_1x64_relu,10,5,217,0.004997338633984327,0.0043967426754534245
mlp_1x64_relu,10,5,218,0.005017518997192383,0.004426146391779184
mlp_1x64_relu,10,5,219,0.00502161867916584,0.004366968292742968
mlp_1x64_relu,10,5,220,0.005022159777581692,0.0043634274043142796
mlp_1x64_relu,10,5,221,0.005023833364248276,0.0044159842655062675
mlp_1x64_relu,10,5,222,0.0050076888874173164,0.004366392735391855
mlp_1x64_relu,10,5,223,0.005026930943131447,0.0043851593509316444
mlp_1x64_relu,10,5,224,0.004987250082194805,0.004348933231085539
mlp_1x64_relu,10,5,225,0.005011702422052622,0.004416994284838438
mlp_1x64_relu,10,5,226,0.005010573193430901,0.004347718320786953
mlp_1x64_relu,10,5,227,0.0049910335801541805,0.004388457164168358
mlp_1x64_relu,10,5,228,0.004997048992663622,0.004394936375319958
mlp_1x64_relu,10,5,229,0.005004489328712225,0.004395766649395227
mlp_1x64_relu,10,5,230,0.0049893818795681,0.004365202039480209
mlp_1x64_relu,10,5,231,0.005025987979024649,0.004411332309246063
mlp_1x64_relu,10,5,232,0.005024938844144344,0.004362878855317831
mlp_1x64_relu,10,5,233,0.004988590255379677,0.004398418124765158
mlp_1x64_relu,10,5,234,0.005019156727939844,0.004344225395470858
mlp_1x64_relu,10,5,235,0.005007612053304911,0.004395006690174341
mlp_1x64_relu,10,5,236,0.004995319060981274,0.00436618085950613
mlp_1x64_relu,10,5,237,0.0050213523209095,0.004349139053374529
mlp_1x64_relu,10,5,238,0.0049979002214968204,0.004396179225295782
mlp_1x64_relu,10,5,239,0.005016115494072437,0.004347170703113079
mlp_1x64_relu,10,5,240,0.005037164315581322,0.004414322320371866
mlp_1x64_relu,10,5,241,0.004988817032426596,0.004400362726300955
mlp_1x64_relu,10,5,242,0.0049663991667330265,0.0044328924268484116
mlp_1x64_relu,10,5,243,0.004983860999345779,0.0044098952785134315
mlp_1x64_relu,10,5,244,0.005035686306655407,0.004382964223623276
mlp_1x64_relu,10,5,245,0.005036703776568174,0.004381810314953327
mlp_1x64_relu,10,5,246,0.005009838379919529,0.0043923621997237206
mlp_1x64_relu,10,5,247,0.005001559853553772,0.004396195989102125
mlp_1x64_relu,10,5,248,0.004983214195817709,0.0044020116329193115
mlp_1x64_relu,10,5,249,0.00498183211311698,0.004408156964927912
mlp_1x64_relu,10,5,250,0.0049822451546788216,0.004391276277601719
mlp_1x64_relu,10,5,251,0.0049754660576581955,0.0044066039845347404
mlp_1x64_relu,10,5,252,0.004980265162885189,0.00440280931070447
mlp_1x64_relu,10,5,253,0.004990486893802881,0.004395009949803352
mlp_1x64_relu,10,5,254,0.004998742137104273,0.004392222501337528
mlp_1x64_relu,10,5,255,0.004995233379304409,0.004406922031193972
mlp_1x64_relu,10,5,256,0.005002190358936787,0.004381872713565826
mlp_1x64_relu,10,5,257,0.004998874384909868,0.004412584938108921
mlp_1x64_relu,10,5,258,0.00500114168971777,0.004387041088193655
mlp_1x64_relu,10,5,259,0.004973448812961578,0.00442965142428875
mlp_1x64_relu,10,5,260,0.004986289422959089,0.00437623355537653
mlp_1x64_relu,10,5,261,0.004995041061192751,0.004380368627607822
mlp_1x64_relu,10,5,262,0.004990688059478998,0.004429117310792208
mlp_1x64_relu,10,5,263,0.004996467847377062,0.0044070095755159855
mlp_1x64_relu,10,5,264,0.005030899774283171,0.004390931688249111
mlp_1x64_relu,10,5,265,0.004986828193068504,0.00441185524687171
mlp_1x64_relu,10,5,266,0.004960604943335056,0.004377533681690693
mlp_1x64_relu,10,5,267,0.00493360823020339,0.004440208896994591
mlp_1x64_relu,10,5,268,0.004975962918251753,0.004414992872625589
mlp_1x64_relu,10,5,269,0.00494237570092082,0.0044273254461586475
mlp_1x64_relu,10,5,270,0.004957629833370447,0.004391691647469997
mlp_1x64_relu,10,5,271,0.004966901149600744,0.004421939607709646
mlp_1x64_relu,10,5,272,0.004983815830200911,0.004405552521348
mlp_1x64_relu,10,5,273,0.0049873883835971355,0.00436254171654582
mlp_1x64_relu,10,5,274,0.004991656169295311,0.004419215489178896
mlp_1x64_relu,10,5,275,0.004978930577635765,0.004375315736979246
mlp_1x64_relu,10,5,276,0.004986482206732035,0.004404311999678612
mlp_1x64_relu,10,5,277,0.00497801136225462,0.004392625764012337
mlp_1x64_relu,10,5,278,0.004970265086740255,0.00441930815577507
mlp_1x64_relu,10,5,279,0.004978497046977282,0.004387407563626766
mlp_1x64_relu,10,5,280,0.004973829723894596,0.004439358599483967
mlp_1x64_relu,10,5,281,0.004983424674719572,0.004397324286401272
mlp_1x64_relu,10,5,282,0.004974809475243092,0.004407171625643969
mlp_1x64_relu,10,5,283,0.004967333748936653,0.004461235832422972
mlp_1x64_relu,10,5,284,0.004948265850543976,0.004401141777634621
mlp_1x64_relu,10,5,285,0.005005982704460621,0.004391139838844538
mlp_1x64_relu,10,5,286,0.00501663563773036,0.004394632298499346
mlp_1x64_relu,10,5,287,0.0049718087539076805,0.004406148102134466
mlp_1x64_relu,10,5,288,0.00498666288331151,0.0044269016943871975
mlp_1x64_relu,10,5,289,0.004969442263245583,0.004401808138936758
mlp_1x64_relu,10,5,290,0.004951792769134045,0.004439034964889288
mlp_1x64_relu,10,5,291,0.004955888260155916,0.004433339927345514
mlp_1x64_relu,10,5,292,0.0049721249379217625,0.004375357646495104
mlp_1x64_relu,10,5,293,0.004988726694136858,0.0044704582542181015
mlp_1x64_relu,10,5,294,0.004955494776368141,0.004405494779348373
mlp_1x64_relu,10,5,295,0.004986412823200226,0.004391712602227926
mlp_1x64_relu,10,5,296,0.004987290594726801,0.00435562152415514
mlp_1x64_relu,10,5,297,0.004969811998307705,0.004417239688336849
mlp_1x64_relu,10,5,298,0.004973474889993668,0.004400919657200575
mlp_1x64_relu,10,5,299,0.004971692338585854,0.004440700635313988
mlp_1x64_relu,10,5,300,0.004991813097149134,0.004383767023682594
mlp_1x64_relu,10,5,301,0.004977818112820387,0.004420534707605839
mlp_1x64_relu,10,5,302,0.004951327573508024,0.004372905008494854
mlp_1x64_relu,10,5,303,0.004996625240892172,0.004450739361345768
mlp_1x64_relu,10,5,304,0.004966713022440672,0.004435522016137838
mlp_1x64_relu,10,5,305,0.004968673922121525,0.004456076771020889
mlp_1x64_relu,10,5,306,0.004980278201401234,0.004417757503688335
mlp_1x64_relu,10,5,307,0.005017356481403112,0.00440233526751399
mlp_1x64_relu,10,5,308,0.004971364513039589,0.004406413994729519
mlp_1x64_relu,10,5,309,0.00498663354665041,0.004447524435818195
mlp_1x64_relu,10,5,310,0.004966198466718197,0.004391859285533428
mlp_1x64_relu,10,5,311,0.00496338726952672,0.004454060457646847
mlp_1x64_relu,10,5,312,0.004954815376549959,0.004439217038452625
mlp_1x64_relu,10,5,313,0.004944222047924995,0.004462101962417364
mlp_1x64_relu,10,5,314,0.0049614314921200275,0.00444940198212862
mlp_1x64_relu,10,5,315,0.004946636501699686,0.0044389874674379826
mlp_1x64_relu,10,5,316,0.004953299183398485,0.004425336606800556
mlp_1x64_relu,10,5,317,0.004956069402396679,0.004461944568902254
mlp_1x64_relu,10,5,318,0.004956245422363281,0.004434727132320404
mlp_1x64_relu,10,5,319,0.004993469920009375,0.004438819829374552
mlp_1x64_relu,10,5,320,0.004948798567056656,0.004421992693096399
mlp_1x64_relu,10,5,321,0.004945625551044941,0.004438120871782303
mlp_1x64_relu,10,5,322,0.004976156633347273,0.004435490816831589
mlp_1x64_relu,10,5,323,0.004963180981576443,0.004457159899175167
mlp_1x64_relu,10,5,324,0.004934706725180149,0.004458912648260593
mlp_1x64_relu,10,5,325,0.0049728224985301495,0.004462065175175667
mlp_1x64_relu,10,5,326,0.004947439767420292,0.004447033163160086
mlp_1x64_relu,10,5,327,0.004945369902998209,0.00445929728448391
mlp_1x64_relu,10,5,328,0.0049635483883321285,0.0044543566182255745
mlp_1x64_relu,10,5,329,0.0049524735659360886,0.004422142170369625
mlp_1x64_relu,10,5,330,0.004985828418284655,0.004480560775846243
mlp_1x64_relu,10,5,331,0.004971512593328953,0.004398335702717304
mlp_1x64_relu,10,5,332,0.004979195538908243,0.004445900209248066
mlp_1x64_relu,10,5,333,0.004943824373185635,0.004460808355361223
mlp_1x64_relu,10,5,334,0.004948936402797699,0.004428683314472437
mlp_1x64_relu,10,5,335,0.004945651162415743,0.004447643645107746
mlp_1x64_relu,10,5,336,0.004919612314552069,0.0044631874188780785
mlp_1x64_relu,10,5,337,0.0049517289735376835,0.004448761232197285
mlp_1x64_relu,10,5,338,0.004920361563563347,0.004442498553544283
mlp_1x64_relu,10,5,339,0.004955356474965811,0.004467027727514505
mlp_1x64_relu,10,5,340,0.004983690567314625,0.004401309881359339
mlp_1x64_relu,10,5,341,0.004973773378878832,0.004454603884369135
mlp_1x64_relu,10,5,342,0.004953880328685045,0.0044158995151519775
mlp_1x64_relu,10,5,343,0.004930261056870222,0.004475512076169252
mlp_1x64_relu,10,5,344,0.004933228250592947,0.004419177770614624
mlp_1x64_relu,10,5,345,0.004944999236613512,0.004425148479640484
mlp_1x64_relu,10,5,346,0.00494762696325779,0.004458300303667784
mlp_1x64_relu,10,5,347,0.0049409945495426655,0.004409631714224815
mlp_1x64_relu,10,5,348,0.0049668047577142715,0.0044380309991538525
mlp_1x64_relu,10,5,349,0.004945081193000078,0.004450453910976648
mlp_1x64_relu,10,5,350,0.004952410701662302,0.0044590774923563
mlp_1x64_relu,10,5,351,0.004954976961016655,0.004446674603968859
mlp_1x64_relu,10,5,352,0.004959584213793278,0.00445828540250659
mlp_1x64_relu,10,5,353,0.004939316771924496,0.004449858330190182
mlp_1x64_relu,10,5,354,0.004959556274116039,0.004446999169886112
mlp_1x64_relu,10,5,355,0.00494289631024003,0.004462412092834711
mlp_1x64_relu,10,5,356,0.004926513414829969,0.0044274963438510895
mlp_1x64_relu,10,5,357,0.004955190699547529,0.004479237366467714
mlp_1x64_relu,10,5,358,0.004938123747706413,0.0044610509648919106
mlp_1x64_relu,10,5,359,0.004940081387758255,0.0044510019943118095
mlp_1x64_relu,10,5,360,0.004973194561898708,0.004448343068361282
mlp_1x64_relu,10,5,361,0.004941676277667284,0.0044320691376924515
mlp_1x64_relu,10,5,362,0.004929522518068552,0.004480290692299604
mlp_1x64_relu,10,5,363,0.00491585535928607,0.004448253661394119
mlp_1x64_relu,10,5,364,0.00493592256680131,0.004462548065930605
mlp_1x64_relu,10,5,365,0.004926601424813271,0.004459356423467398
mlp_1x64_relu,10,5,366,0.004931492265313864,0.0044375876896083355
mlp_1x64_relu,10,5,367,0.004951253067702055,0.004451970104128122
mlp_1x64_relu,10,5,368,0.004958534147590399,0.0044182296842336655
mlp_1x64_relu,10,5,369,0.004968920722603798,0.004478175193071365
mlp_1x64_relu,10,5,370,0.004949119873344898,0.0044273198582232
mlp_1x64_relu,10,5,371,0.0049473983235657215,0.004460099618881941
mlp_1x64_relu,10,5,372,0.004942272789776325,0.004467112012207508
mlp_1x64_relu,10,5,373,0.004944064654409885,0.004457464441657066
mlp_1x64_relu,10,5,374,0.004918270278722048,0.004454208072274923
mlp_1x64_relu,10,5,375,0.004938947502523661,0.004465226549655199
mlp_1x64_relu,10,5,376,0.004942525643855333,0.004455279558897018
mlp_1x64_relu,10,5,377,0.004927115980535746,0.004458110313862562
mlp_1x64_relu,10,5,378,0.004922366235405207,0.004469883628189564
mlp_1x64_relu,10,5,379,0.004936011042445898,0.004460389260202646
mlp_1x64_relu,10,5,380,0.004964110441505909,0.004482255782932043
mlp_1x64_relu,10,5,381,0.004941849038004875,0.004478844348341227
mlp_1x64_relu,10,5,382,0.0049123032949864864,0.004447673447430134
mlp_1x64_relu,10,5,383,0.004902159329503775,0.004470083862543106
mlp_1x64_relu,10,5,384,0.004932842683047056,0.004477378446608782
mlp_1x64_relu,10,5,385,0.004954220727086067,0.004448323510587215
mlp_1x64_relu,10,5,386,0.00494770985096693,0.0044703190214931965
mlp_1x64_relu,10,5,387,0.004934654571115971,0.004475424997508526
mlp_1x64_relu,10,5,388,0.004924648907035589,0.004472147207707167
mlp_1x64_relu,10,5,389,0.004931006580591202,0.004480545409023762
mlp_1x64_relu,10,5,390,0.004918470047414303,0.004468161147087812
mlp_1x64_relu,10,5,391,0.0049105454236269,0.004477031994611025
mlp_1x64_relu,10,5,392,0.004924986977130175,0.004449851345270872
mlp_1x64_relu,10,5,393,0.004945368506014347,0.004486036021262407
mlp_1x64_relu,10,5,394,0.004962803330272436,0.004455178510397673
mlp_1x64_relu,10,5,395,0.004938144702464342,0.004453002475202084
mlp_1x64_relu,10,5,396,0.004935126751661301,0.00447086850181222
mlp_1x64_relu,10,5,397,0.004958232399076223,0.004475908353924751
mlp_1x64_relu,10,5,398,0.00493637565523386,0.004450971260666847
mlp_1x64_relu,10,5,399,0.004950420930981636,0.004486105404794216
mlp_1x64_relu,10,5,400,0.0049292780458927155,0.004482773132622242
mlp_1x64_relu,10,5,401,0.004936095327138901,0.004459521733224392
mlp_1x64_relu,10,5,402,0.0049455976113677025,0.0044648172333836555
mlp_1x64_relu,10,5,403,0.004940771497786045,0.004468523897230625
mlp_1x64_relu,10,5,404,0.004939662758260965,0.0044995518401265144
mlp_1x64_relu,10,5,405,0.004911227151751518,0.004469120875000954
mlp_1x64_relu,10,5,406,0.004923725966364145,0.004442078061401844
mlp_1x64_relu,10,5,407,0.004938241094350815,0.004498806782066822
mlp_1x64_relu,10,5,408,0.0049170092679560184,0.004477704409509897
mlp_1x64_relu,10,5,409,0.00491344602778554,0.004497102461755276
mlp_1x64_relu,10,5,410,0.004921511746942997,0.004477252718061209
mlp_1x64_relu,10,5,411,0.004926007706671953,0.0044886041432619095
mlp_1x64_relu,10,5,412,0.004906392656266689,0.0045048245228827
mlp_1x64_relu,10,5,413,0.004906844813376665,0.004516321700066328
mlp_1x64_relu,10,5,414,0.004911596886813641,0.004523778799921274
mlp_1x64_relu,10,5,415,0.004904304631054401,0.0045334347523748875
mlp_1x64_relu,10,5,416,0.004911750089377165,0.004484459292143583
mlp_1x64_relu,10,5,417,0.0049205864779651165,0.00454641692340374
mlp_1x64_relu,10,5,418,0.004933018237352371,0.004509753547608852
mlp_1x64_relu,10,5,419,0.0049284677952528,0.004502883646637201
mlp_1x64_relu,10,5,420,0.004919875878840685,0.00449651014059782
mlp_1x64_relu,10,5,421,0.004890685901045799,0.0044945296831429005
mlp_1x64_relu,10,5,422,0.004913358483463526,0.004502181429415941
mlp_1x64_relu,10,5,423,0.004929292947053909,0.004528937861323357
mlp_1x64_relu,10,5,424,0.004919685889035463,0.004520272836089134
mlp_1x64_relu,10,5,425,0.004923899658024311,0.004491285886615515
mlp_1x64_relu,10,5,426,0.004941639490425587,0.004506414290517569
mlp_1x64_relu,10,5,427,0.004919781815260649,0.0045399959199130535
mlp_1x64_relu,10,5,428,0.004923544824123383,0.004483063239604235
mlp_1x64_relu,10,5,429,0.004912762902677059,0.004528251476585865
mlp_1x64_relu,10,5,430,0.004917301703244448,0.004514949396252632
mlp_1x64_relu,10,5,431,0.0049281795509159565,0.004510556813329458
mlp_1x64_relu,10,5,432,0.004916252568364143,0.004488667473196983
mlp_1x64_relu,10,5,433,0.004920073319226503,0.004513271152973175
mlp_1x64_relu,10,5,434,0.004917837213724852,0.004474487621337175
mlp_1x64_relu,10,5,435,0.004923162050545216,0.0045171561650931835
mlp_1x64_relu,10,5,436,0.004908876493573189,0.00451894523575902
mlp_1x64_relu,10,5,437,0.00489856256172061,0.004508921876549721
mlp_1x64_relu,10,5,438,0.004933212883770466,0.004503052681684494
mlp_1x64_relu,10,5,439,0.00495147192850709,0.00450551975518465
mlp_1x64_relu,10,5,440,0.0049134790897369385,0.0045197405852377415
mlp_1x64_relu,10,5,441,0.00490821897983551,0.004516322631388903
mlp_1x64_relu,10,5,442,0.004902945831418037,0.004499707370996475
mlp_1x64_relu,10,5,443,0.004904404282569885,0.004530040547251701
mlp_1x64_relu,10,5,444,0.004920323379337788,0.004498112481087446
mlp_1x64_relu,10,5,445,0.004934743046760559,0.004511028062552214
mlp_1x64_relu,10,5,446,0.004920505918562412,0.004471638239920139
mlp_1x64_relu,10,5,447,0.004940531682223082,0.004526655189692974
mlp_1x64_relu,10,5,448,0.004921877756714821,0.004478683229535818
mlp_1x64_relu,10,5,449,0.004915785044431686,0.0045496392995119095
mlp_1x64_relu,10,5,450,0.004900665953755379,0.0044799442403018475
mlp_1x64_relu,10,5,451,0.004914557095617056,0.004535063169896603
mlp_1x64_relu,10,5,452,0.004913360346108675,0.00450277840718627
mlp_1x64_relu,10,5,453,0.004909004084765911,0.004517816938459873
mlp_1x64_relu,10,5,454,0.004909595474600792,0.004564405418932438
mlp_1x64_relu,10,5,455,0.004922587890177965,0.004462884273380041
mlp_1x64_relu,10,5,456,0.004904980305582285,0.004552576690912247
mlp_1x64_relu,10,5,457,0.004934129770845175,0.004487080033868551
mlp_1x64_relu,10,5,458,0.0049256253987550735,0.004534226376563311
mlp_1x64_relu,10,5,459,0.0049158381298184395,0.004526202566921711
mlp_1x64_relu,10,5,460,0.004913618788123131,0.004503872711211443
mlp_1x64_relu,10,5,461,0.004925317130982876,0.0044981506653130054
mlp_1x64_relu,10,5,462,0.004936421290040016,0.004492303356528282
mlp_1x64_relu,10,5,463,0.0049246023409068584,0.004512268118560314
mlp_1x64_relu,10,5,464,0.004909698851406574,0.004523405339568853
mlp_1x64_relu,10,5,465,0.004898054525256157,0.004568879958242178
mlp_1x64_relu,10,5,466,0.004916012287139893,0.00449767243117094
mlp_1x64_relu,10,5,467,0.004902738146483898,0.00452751899138093
mlp_1x64_relu,10,5,468,0.004912457894533873,0.004525373689830303
mlp_1x64_relu,10,5,469,0.004914788994938135,0.004508893471211195
mlp_1x64_relu,10,5,470,0.00491683604195714,0.00450133578851819
mlp_1x64_relu,10,5,471,0.004920036531984806,0.004527700133621693
mlp_1x64_relu,10,5,472,0.004911377560347319,0.004493415355682373
mlp_1x64_relu,10,5,473,0.004914918448776007,0.004489530809223652
mlp_1x64_relu,10,5,474,0.004928695969283581,0.004473602864891291
mlp_1x64_relu,10,5,475,0.004921076353639364,0.0045020547695457935
mlp_1x64_relu,10,5,476,0.004918223712593317,0.004509083926677704
mlp_1x64_relu,10,5,477,0.0049042166210711,0.004509300924837589
mlp_1x64_relu,10,5,478,0.004892203025519848,0.004549554083496332
mlp_1x64_relu,10,5,479,0.004909625742584467,0.0045217061415314674
mlp_1x64_relu,10,5,480,0.0049215578474104404,0.004537129309028387
mlp_1x64_relu,10,5,481,0.004913192708045244,0.004558398388326168
mlp_1x64_relu,10,5,482,0.004903961904346943,0.004539424553513527
mlp_1x64_relu,10,5,483,0.004906530492007732,0.004553172271698713
mlp_1x64_relu,10,5,484,0.004920130595564842,0.004566741641610861
mlp_1x64_relu,10,5,485,0.004917206708341837,0.004512167535722256
mlp_1x64_relu,10,5,486,0.0049033560790121555,0.004525401163846254
mlp_1x64_relu,10,5,487,0.00490201311185956,0.004553209524601698
mlp_1x64_relu,10,5,488,0.0049117812886834145,0.004528949037194252
mlp_1x64_relu,10,5,489,0.004914428107440472,0.004544473253190517
mlp_1x64_relu,10,5,490,0.004926982801407576,0.004539184272289276
mlp_1x64_relu,10,5,491,0.004910688381642103,0.004505923483520746
mlp_1x64_relu,10,5,492,0.004916131030768156,0.004519190173596144
mlp_1x64_relu,10,5,493,0.004935002885758877,0.004532666876912117
mlp_1x64_relu,10,5,494,0.0049365209415555,0.004469777923077345
mlp_1x64_relu,10,5,495,0.00491316057741642,0.004547714721411467
mlp_1x64_relu,10,5,496,0.004919673316180706,0.004502016119658947
mlp_1x64_relu,10,5,497,0.00490789208561182,0.004555142018944025
mlp_1x64_relu,10,5,498,0.004908937960863113,0.004512958228588104
mlp_1x64_relu,10,5,499,0.00492108566686511,0.004508981481194496
mlp_1x64_relu,10,5,500,0.004925660323351622,0.004509765654802322
mlp_1x64_relu,10,30,1,0.4201114773750305,0.18539990484714508
mlp_1x64_relu,10,30,2,0.17333781719207764,0.09187676757574081
mlp_1x64_relu,10,30,3,0.09005824476480484,0.05033941566944122
mlp_1x64_relu,10,30,4,0.048627566546201706,0.027844710275530815
mlp_1x64_relu,10,30,5,0.026170779019594193,0.01571088843047619
mlp_1x64_relu,10,30,6,0.01496477797627449,0.009911678731441498
mlp_1x64_relu,10,30,7,0.009323724545538425,0.006596334278583527
mlp_1x64_relu,10,30,8,0.006576330401003361,0.0052135903388261795
mlp_1x64_relu,10,30,9,0.005160226020962,0.0042306771501898766
mlp_1x64_relu,10,30,10,0.004408298525959253,0.0035895167384296656
mlp_1x64_relu,10,30,11,0.003751469310373068,0.003616341622546315
mlp_1x64_relu,10,30,12,0.0035761669278144836,0.00300498865544796
mlp_1x64_relu,10,30,13,0.003261011093854904,0.002925516339018941
mlp_1x64_relu,10,30,14,0.0030986862257122993,0.0024900033604353666
mlp_1x64_relu,10,30,15,0.0030278032645583153,0.002271191217005253
mlp_1x64_relu,10,30,16,0.0029185654129832983,0.0021705953404307365
mlp_1x64_relu,10,30,17,0.002860849490389228,0.0021637864410877228
mlp_1x64_relu,10,30,18,0.002754472428932786,0.0020802775397896767
mlp_1x64_relu,10,30,19,0.0027193212881684303,0.0020717154256999493
mlp_1x64_relu,10,30,20,0.0026738413143903017,0.00217505544424057
mlp_1x64_relu,10,30,21,0.002643141197040677,0.002246558666229248
mlp_1x64_relu,10,30,22,0.0026279285084456205,0.002274050610139966
mlp_1x64_relu,10,30,23,0.0026049187872558832,0.002203915733844042
mlp_1x64_relu,10,30,24,0.002584754256531596,0.0021956302225589752
mlp_1x64_relu,10,30,25,0.002565735951066017,0.00216861255466938
mlp_1x64_relu,10,30,26,0.0025517696049064398,0.0021485041361302137
mlp_1x64_relu,10,30,27,0.002538141794502735,0.0021150228567421436
mlp_1x64_relu,10,30,28,0.0025172405876219273,0.0020743783097714186
mlp_1x64_relu,10,30,29,0.0025079899933189154,0.0020327651873230934
mlp_1x64_relu,10,30,30,0.002484282711520791,0.00200332491658628
mlp_1x64_relu,10,30,31,0.0024653577711433172,0.0019792516250163317
mlp_1x64_relu,10,30,32,0.0024349535815417767,0.001968430122360587
mlp_1x64_relu,10,30,33,0.002405561739578843,0.001961610047146678
mlp_1x64_relu,10,30,34,0.0023794390726834536,0.0019457258749753237
mlp_1x64_relu,10,30,35,0.002355429111048579,0.0019501512870192528
mlp_1x64_relu,10,30,36,0.002338995924219489,0.001937696011736989
mlp_1x64_relu,10,30,37,0.002325479406863451,0.0019082417711615562
mlp_1x64_relu,10,30,38,0.0023044124245643616,0.0019121771911159158
mlp_1x64_relu,10,30,39,0.002285130089148879,0.0018993123667314649
mlp_1x64_relu,10,30,40,0.0022685483563691378,0.0018887618789449334
mlp_1x64_relu,10,30,41,0.0022459165193140507,0.0018970066448673606
mlp_1x64_relu,10,30,42,0.0022320293355733156,0.0018895564135164022
mlp_1x64_relu,10,30,43,0.0022152794990688562,0.001905849203467369
mlp_1x64_relu,10,30,44,0.0022089267149567604,0.0019067017128691077
mlp_1x64_relu,10,30,45,0.0022033625282347202,0.001913128886371851
mlp_1x64_relu,10,30,46,0.002205421682447195,0.00191877456381917
mlp_1x64_relu,10,30,47,0.0021982055623084307,0.0019059284823015332
mlp_1x64_relu,10,30,48,0.0021971960086375475,0.0019333907403051853
mlp_1x64_relu,10,30,49,0.002200426533818245,0.0018806015141308308
mlp_1x64_relu,10,30,50,0.0021861745044589043,0.0019281018758192658
mlp_1x64_relu,10,30,51,0.0021976232528686523,0.0019055870361626148
mlp_1x64_relu,10,30,52,0.002196628600358963,0.0019216774962842464
mlp_1x64_relu,10,30,53,0.002208070131018758,0.0018987281946465373
mlp_1x64_relu,10,30,54,0.0021740528754889965,0.0019342978484928608
mlp_1x64_relu,10,30,55,0.0022020742762833834,0.001868311781436205
mlp_1x64_relu,10,30,56,0.002181052230298519,0.0019136776681989431
mlp_1x64_relu,10,30,57,0.002194900531321764,0.0018937474815174937
mlp_1x64_relu,10,30,58,0.0021991573739796877,0.0019033949356526136
mlp_1x64_relu,10,30,59,0.002183860167860985,0.0018934565596282482
mlp_1x64_relu,10,30,60,0.002202716888859868,0.0018910206854343414
mlp_1x64_relu,10,30,61,0.002194755943492055,0.0018901278963312507
mlp_1x64_relu,10,30,62,0.0022117896005511284,0.001882998738437891
mlp_1x64_relu,10,30,63,0.0022216876968741417,0.0018567866645753384
mlp_1x64_relu,10,30,64,0.002206634497269988,0.001887408085167408
mlp_1x64_relu,10,30,65,0.0022195198107510805,0.0018564802594482899
mlp_1x64_relu,10,30,66,0.0022311231587082148,0.0018891540821641684
mlp_1x64_relu,10,30,67,0.00223405915312469,0.0018381582340225577
mlp_1x64_relu,10,30,68,0.0022376631386578083,0.0018602375639602542
mlp_1x64_relu,10,30,69,0.002217513043433428,0.001854093512520194
mlp_1x64_relu,10,30,70,0.0022257331293076277,0.0018818652024492621
mlp_1x64_relu,10,30,71,0.0022412852849811316,0.0018395839724689722
mlp_1x64_relu,10,30,72,0.0022155940532684326,0.0018591334810480475
mlp_1x64_relu,10,30,73,0.002234932966530323,0.0018515291158109903
mlp_1x64_relu,10,30,74,0.0022488979157060385,0.0018565786303952336
mlp_1x64_relu,10,30,75,0.002251258585602045,0.001838482217863202
mlp_1x64_relu,10,30,76,0.0022531813010573387,0.0018233583541586995
mlp_1x64_relu,10,30,77,0.0022438259329646826,0.0018338245572522283
mlp_1x64_relu,10,30,78,0.0022511964198201895,0.0018288162536919117
mlp_1x64_relu,10,30,79,0.0022608430590480566,0.0018621787894517183
mlp_1x64_relu,10,30,80,0.0022538609337061644,0.0018146978691220284
mlp_1x64_relu,10,30,81,0.0022677734959870577,0.0018621241906657815
mlp_1x64_relu,10,30,82,0.002257323358207941,0.0018164217472076416
mlp_1x64_relu,10,30,83,0.0022595208138227463,0.0018362064147368073
mlp_1x64_relu,10,30,84,0.0022566355764865875,0.0018126696813851595
mlp_1x64_relu,10,30,85,0.002248721430078149,0.0018219436751678586
mlp_1x64_relu,10,30,86,0.0022428620140999556,0.0018264196114614606
mlp_1x64_relu,10,30,87,0.002245645970106125,0.0018329039448872209
mlp_1x64_relu,10,30,88,0.0022544909734278917,0.001875517307780683
mlp_1x64_relu,10,30,89,0.002267600269988179,0.0018163863569498062
mlp_1x64_relu,10,30,90,0.002271060599014163,0.001824663602747023
mlp_1x64_relu,10,30,91,0.0022697914391756058,0.0018156060250476003
mlp_1x64_relu,10,30,92,0.0022511824499815702,0.0018358004745095968
mlp_1x64_relu,10,30,93,0.002237832872197032,0.0018276117043569684
mlp_1x64_relu,10,30,94,0.0022521892096847296,0.001825721119530499
mlp_1x64_relu,10,30,95,0.0022493095602840185,0.0018493833485990763
mlp_1x64_relu,10,30,96,0.002260955050587654,0.0018086690688505769
mlp_1x64_relu,10,30,97,0.002255366649478674,0.0018159063765779138
mlp_1x64_relu,10,30,98,0.002252311212942004,0.0018171215197071433
mlp_1x64_relu,10,30,99,0.002255059778690338,0.0018303182441741228
mlp_1x64_relu,10,30,100,0.0022627839352935553,0.0018169478280469775
mlp_1x64_relu,10,30,101,0.0022538593038916588,0.0018088271608576179
mlp_1x64_relu,10,30,102,0.002256405772641301,0.0018161640036851168
mlp_1x64_relu,10,30,103,0.0022521493956446648,0.001826952095143497
mlp_1x64_relu,10,30,104,0.0022549936547875404,0.0018209881382063031
mlp_1x64_relu,10,30,105,0.0022605606354773045,0.0018149766838178039
mlp_1x64_relu,10,30,106,0.0022591378074139357,0.001831010915338993
mlp_1x64_relu,10,30,107,0.0022571024019271135,0.0018387010786682367
mlp_1x64_relu,10,30,108,0.0022592300083488226,0.0018091591773554683
mlp_1x64_relu,10,30,109,0.0022567661944776773,0.0018145168432965875
mlp_1x64_relu,10,30,110,0.002254210412502289,0.0018223492661491036
mlp_1x64_relu,10,30,111,0.0022448785603046417,0.001816319185309112
mlp_1x64_relu,10,30,112,0.0022488897666335106,0.0018108621006831527
mlp_1x64_relu,10,30,113,0.002278517233207822,0.001840458600781858
mlp_1x64_relu,10,30,114,0.0022545773535966873,0.0018167829839512706
mlp_1x64_relu,10,30,115,0.0022517740726470947,0.0018250722205266356
mlp_1x64_relu,10,30,116,0.002250619698315859,0.0018313881009817123
mlp_1x64_relu,10,30,117,0.002240376081317663,0.0018242537043988705
mlp_1x64_relu,10,30,118,0.002236706204712391,0.0018130724783986807
mlp_1x64_relu,10,30,119,0.00224762549623847,0.0018313797190785408
mlp_1x64_relu,10,30,120,0.0022446452639997005,0.0018153605051338673
mlp_1x64_relu,10,30,121,0.002266536932438612,0.001834817579947412
mlp_1x64_relu,10,30,122,0.0022499533370137215,0.0018285855185240507
mlp_1x64_relu,10,30,123,0.002255574334412813,0.0018109754892066121
mlp_1x64_relu,10,30,124,0.0022386147174984217,0.0018358029192313552
mlp_1x64_relu,10,30,125,0.002243439666926861,0.0018145135836675763
mlp_1x64_relu,10,30,126,0.00223901285789907,0.0018104478949680924
mlp_1x64_relu,10,30,127,0.0022441057953983545,0.0018182159401476383
mlp_1x64_relu,10,30,128,0.002246237825602293,0.0018169470131397247
mlp_1x64_relu,10,30,129,0.0022352717351168394,0.001843020087108016
mlp_1x64_relu,10,30,130,0.0022493465803563595,0.0018111997051164508
mlp_1x64_relu,10,30,131,0.0022383590694516897,0.001820760197006166
mlp_1x64_relu,10,30,132,0.0022434978745877743,0.0018243202939629555
mlp_1x64_relu,10,30,133,0.002231016755104065,0.0018312117317691445
mlp_1x64_relu,10,30,134,0.0022270490881055593,0.0018232193542644382
mlp_1x64_relu,10,30,135,0.0022293159272521734,0.0018320601666346192
mlp_1x64_relu,10,30,136,0.0022283783182501793,0.0018241797806695104
mlp_1x64_relu,10,30,137,0.002222815528512001,0.0018429805058985949
mlp_1x64_relu,10,30,138,0.0022259338293224573,0.0018293900648131967
mlp_1x64_relu,10,30,139,0.0022292376961559057,0.0018346685683354735
mlp_1x64_relu,10,30,140,0.0022244167048484087,0.0018454757519066334
mlp_1x64_relu,10,30,141,0.0022337529808282852,0.0018344311974942684
mlp_1x64_relu,10,30,142,0.0022296758834272623,0.001836559851653874
mlp_1x64_relu,10,30,143,0.002218585228547454,0.001824054284952581
mlp_1x64_relu,10,30,144,0.0022328058257699013,0.0018399765249341726
mlp_1x64_relu,10,30,145,0.0022248360328376293,0.001855423441156745
mlp_1x64_relu,10,30,146,0.0022323722951114178,0.0018372625345364213
mlp_1x64_relu,10,30,147,0.002226809272542596,0.0018422703724354506
mlp_1x64_relu,10,30,148,0.002223898423835635,0.001838329597376287
mlp_1x64_relu,10,30,149,0.0022099115885794163,0.0018460940336808562
mlp_1x64_relu,10,30,150,0.0022167847491800785,0.0018515924457460642
mlp_1x64_relu,10,30,151,0.0022210448514670134,0.001851279055699706
mlp_1x64_relu,10,30,152,0.002219508169218898,0.0018566219368949533
mlp_1x64_relu,10,30,153,0.002224559895694256,0.001849550288170576
mlp_1x64_relu,10,30,154,0.002223680028691888,0.0018439512932673097
mlp_1x64_relu,10,30,155,0.002211848273873329,0.001854567788541317
mlp_1x64_relu,10,30,156,0.0022242115810513496,0.001836210722103715
mlp_1x64_relu,10,30,157,0.002206903649494052,0.0018552407855167985
mlp_1x64_relu,10,30,158,0.002206806093454361,0.001848118845373392
mlp_1x64_relu,10,30,159,0.0022108915727585554,0.0018435480305925012
mlp_1x64_relu,10,30,160,0.0022094075102359056,0.0018623187206685543
mlp_1x64_relu,10,30,161,0.0022107993718236685,0.0018444600282236934
mlp_1x64_relu,10,30,162,0.0022231589537113905,0.001860806718468666
mlp_1x64_relu,10,30,163,0.0022124960087239742,0.0018369228346273303
mlp_1x64_relu,10,30,164,0.002218477427959442,0.0018532420508563519
mlp_1x64_relu,10,30,165,0.0022021406330168247,0.0018422845751047134
mlp_1x64_relu,10,30,166,0.0022016584407538176,0.001854202477261424
mlp_1x64_relu,10,30,167,0.002199074486270547,0.0018489850917831063
mlp_1x64_relu,10,30,168,0.002194843254983425,0.0018569011008366942
mlp_1x64_relu,10,30,169,0.00220084679313004,0.001853678491897881
mlp_1x64_relu,10,30,170,0.002198399044573307,0.0018560902681201696
mlp_1x64_relu,10,30,171,0.0021876206155866385,0.001865598140284419
mlp_1x64_relu,10,30,172,0.002192690270021558,0.001855945447459817
mlp_1x64_relu,10,30,173,0.0022018468007445335,0.0018648592522367835
mlp_1x64_relu,10,30,174,0.002198675414547324,0.0018550907261669636
mlp_1x64_relu,10,30,175,0.0022051213309168816,0.001854733214713633
mlp_1x64_relu,10,30,176,0.002205468947067857,0.001838992815464735
mlp_1x64_relu,10,30,177,0.0022066188976168633,0.0018478111596778035
mlp_1x64_relu,10,30,178,0.0021996742580085993,0.001851083361543715
mlp_1x64_relu,10,30,179,0.0022037008311599493,0.0018419850384816527
mlp_1x64_relu,10,30,180,0.0021914259996265173,0.0018386051524430513
mlp_1x64_relu,10,30,181,0.0021938225254416466,0.0018378435634076595
mlp_1x64_relu,10,30,182,0.0021772803738713264,0.001858494128100574
mlp_1x64_relu,10,30,183,0.0021900180727243423,0.0018553355475887656
mlp_1x64_relu,10,30,184,0.0021911286748945713,0.0018523073522374034
mlp_1x64_relu,10,30,185,0.0021918690763413906,0.0018484950996935368
mlp_1x64_relu,10,30,186,0.0022028894163668156,0.001849521417170763
mlp_1x64_relu,10,30,187,0.0022015671711415052,0.001859127078205347
mlp_1x64_relu,10,30,188,0.0022070910781621933,0.0018599816830828786
mlp_1x64_relu,10,30,189,0.0021969785448163748,0.0018649643752723932
mlp_1x64_relu,10,30,190,0.0021814710926264524,0.0018542198231443763
mlp_1x64_relu,10,30,191,0.0022010558750480413,0.0018509168876335025
mlp_1x64_relu,10,30,192,0.002189572900533676,0.0018632260616868734
mlp_1x64_relu,10,30,193,0.002200853079557419,0.0018427480245009065
mlp_1x64_relu,10,30,194,0.002185737481340766,0.0018658608896657825
mlp_1x64_relu,10,30,195,0.002190559869632125,0.0018500983715057373
mlp_1x64_relu,10,30,196,0.0021861616987735033,0.001849696272984147
mlp_1x64_relu,10,30,197,0.002190329134464264,0.0018495124531909823
mlp_1x64_relu,10,30,198,0.0021821900736540556,0.0018595610745251179
mlp_1x64_relu,10,30,199,0.002187030389904976,0.001855349401012063
mlp_1x64_relu,10,30,200,0.0021792722400277853,0.0018709941068664193
mlp_1x64_relu,10,30,201,0.0021796526852995157,0.0018609027611091733
mlp_1x64_relu,10,30,202,0.002177587477490306,0.001856691436842084
mlp_1x64_relu,10,30,203,0.002187690930441022,0.0018523659091442823
mlp_1x64_relu,10,30,204,0.002192014828324318,0.0018676595063880086
mlp_1x64_relu,10,30,205,0.0021868080366402864,0.0018574921414256096
mlp_1x64_relu,10,30,206,0.0021839006803929806,0.0018565073842182755
mlp_1x64_relu,10,30,207,0.0021766198333352804,0.001866939477622509
mlp_1x64_relu,10,30,208,0.0021835407242178917,0.001852726680226624
mlp_1x64_relu,10,30,209,0.0021818142849951982,0.0018704562680795789
mlp_1x64_relu,10,30,210,0.002185093006119132,0.0018542554462328553
mlp_1x64_relu,10,30,211,0.002190378960222006,0.0018445916939526796
mlp_1x64_relu,10,30,212,0.0021887770853936672,0.0018856233218684793
mlp_1x64_relu,10,30,213,0.0021902138832956553,0.0018726467387750745
mlp_1x64_relu,10,30,214,0.0021895794197916985,0.0018631124403327703
mlp_1x64_relu,10,30,215,0.002196282148361206,0.0018433162476867437
mlp_1x64_relu,10,30,216,0.002194880275055766,0.0018661594949662685
mlp_1x64_relu,10,30,217,0.0021830538753420115,0.0018484629690647125
mlp_1x64_relu,10,30,218,0.0021776813082396984,0.0018581204349175096
mlp_1x64_relu,10,30,219,0.0021776140201836824,0.0018566891085356474
mlp_1x64_relu,10,30,220,0.00217927317135036,0.0018664976814761758
mlp_1x64_relu,10,30,221,0.0021870960481464863,0.0018640783382579684
mlp_1x64_relu,10,30,222,0.0021881794091314077,0.0018679698696359992
mlp_1x64_relu,10,30,223,0.0021783430129289627,0.0018689119024202228
mlp_1x64_relu,10,30,224,0.002181024057790637,0.0018640318885445595
mlp_1x64_relu,10,30,225,0.002184156095609069,0.0018642618088051677
mlp_1x64_relu,10,30,226,0.0021767576690763235,0.0018693836173042655
mlp_1x64_relu,10,30,227,0.0021747699938714504,0.0018748599104583263
mlp_1x64_relu,10,30,228,0.002179305301979184,0.001855738228186965
mlp_1x64_relu,10,30,229,0.0021863409783691168,0.0018671134021133184
mlp_1x64_relu,10,30,230,0.0021755676716566086,0.0018692170269787312
mlp_1x64_relu,10,30,231,0.002174835652112961,0.0018594335997477174
mlp_1x64_relu,10,30,232,0.0021813709754496813,0.0018588604871183634
mlp_1x64_relu,10,30,233,0.002175169764086604,0.0018664697417989373
mlp_1x64_relu,10,30,234,0.002176495036110282,0.0018690438009798527
mlp_1x64_relu,10,30,235,0.002176865702494979,0.0018704287940636277
mlp_1x64_relu,10,30,236,0.0021794280037283897,0.0018537398427724838
mlp_1x64_relu,10,30,237,0.0021769306622445583,0.0018744250992313027
mlp_1x64_relu,10,30,238,0.0021783155389130116,0.001859883195720613
mlp_1x64_relu,10,30,239,0.0021792356856167316,0.0018655171152204275
mlp_1x64_relu,10,30,240,0.002177751623094082,0.0018745734123513103
mlp_1x64_relu,10,30,241,0.002179978182539344,0.0018461087020114064
mlp_1x64_relu,10,30,242,0.002177345333620906,0.00186903344001621
mlp_1x64_relu,10,30,243,0.002172705251723528,0.0018802090780809522
mlp_1x64_relu,10,30,244,0.0021770962048321962,0.0018723863177001476
mlp_1x64_relu,10,30,245,0.0021730931475758553,0.0018640118651092052
mlp_1x64_relu,10,30,246,0.0021826319862157106,0.0018691258737817407
mlp_1x64_relu,10,30,247,0.002182779600843787,0.0018638359615579247
mlp_1x64_relu,10,30,248,0.002181823132559657,0.001862061908468604
mlp_1x64_relu,10,30,249,0.002174441469833255,0.0018820681143552065
mlp_1x64_relu,10,30,250,0.0021817011293023825,0.0018555696588009596
mlp_1x64_relu,10,30,251,0.002173677319660783,0.0018795049982145429
mlp_1x64_relu,10,30,252,0.0021800349932163954,0.0018731073942035437
mlp_1x64_relu,10,30,253,0.0021784340497106314,0.0018690251745283604
mlp_1x64_relu,10,30,254,0.0021700100041925907,0.0018608954269438982
mlp_1x64_relu,10,30,255,0.0021671350114047527,0.0018708158750087023
mlp_1x64_relu,10,30,256,0.002167835831642151,0.0018786032451316714
mlp_1x64_relu,10,30,257,0.0021779797971248627,0.0018723440589383245
mlp_1x64_relu,10,30,258,0.002178696682676673,0.0018751597963273525
mlp_1x64_relu,10,30,259,0.0021872022189199924,0.0018416125094518065
mlp_1x64_relu,10,30,260,0.0021787441801279783,0.001854770234785974
mlp_1x64_relu,10,30,261,0.0021723152603954077,0.001866507576778531
mlp_1x64_relu,10,30,262,0.002164439996704459,0.0018768293084576726
mlp_1x64_relu,10,30,263,0.0021779206581413746,0.001863587647676468
mlp_1x64_relu,10,30,264,0.0021765651181340218,0.0018704888643696904
mlp_1x64_relu,10,30,265,0.002179787028580904,0.0018603324424475431
mlp_1x64_relu,10,30,266,0.00217984220944345,0.0018692582380026579
mlp_1x64_relu,10,30,267,0.0021831528283655643,0.0018750674789771438
mlp_1x64_relu,10,30,268,0.0021717192139476538,0.0018652415601536632
mlp_1x64_relu,10,30,269,0.002179278526455164,0.001862795208580792
mlp_1x64_relu,10,30,270,0.0021733026951551437,0.0018729317234829068
mlp_1x64_relu,10,30,271,0.0021805311553180218,0.0018706691917032003
mlp_1x64_relu,10,30,272,0.0021700370125472546,0.0018777863588184118
mlp_1x64_relu,10,30,273,0.0021723106037825346,0.001876914408057928
mlp_1x64_relu,10,30,274,0.002179415663704276,0.0018701785011216998
mlp_1x64_relu,10,30,275,0.002178375143557787,0.001854000729508698
mlp_1x64_relu,10,30,276,0.0021864711306989193,0.001852074870839715
mlp_1x64_relu,10,30,277,0.0021757828071713448,0.001858741044998169
mlp_1x64_relu,10,30,278,0.002167574828490615,0.0018717343918979168
mlp_1x64_relu,10,30,279,0.00218197307549417,0.0018587263766676188
mlp_1x64_relu,10,30,280,0.0021779804956167936,0.0018748611910268664
mlp_1x64_relu,10,30,281,0.002172704553231597,0.0018830577610060573
mlp_1x64_relu,10,30,282,0.002162572229281068,0.0018739154329523444
mlp_1x64_relu,10,30,283,0.0021717140916734934,0.0018785921856760979
mlp_1x64_relu,10,30,284,0.002172600943595171,0.001893065171316266
mlp_1x64_relu,10,30,285,0.002180636627599597,0.0018719085492193699
mlp_1x64_relu,10,30,286,0.0021822936832904816,0.0018660753266885877
mlp_1x64_relu,10,30,287,0.0021835456136614084,0.0018575179856270552
mlp_1x64_relu,10,30,288,0.00217592716217041,0.001848901272751391
mlp_1x64_relu,10,30,289,0.002175138099119067,0.0018608322134241462
mlp_1x64_relu,10,30,290,0.0021695750765502453,0.0018574281129986048
mlp_1x64_relu,10,30,291,0.0021746496204286814,0.0018870525527745485
mlp_1x64_relu,10,30,292,0.0021813090424984694,0.0018552192486822605
mlp_1x64_relu,10,30,293,0.0021760021336376667,0.001868238439783454
mlp_1x64_relu,10,30,294,0.0021649557165801525,0.0018875132082030177
mlp_1x64_relu,10,30,295,0.00216846726834774,0.001880832016468048
mlp_1x64_relu,10,30,296,0.002173474058508873,0.0018787244334816933
mlp_1x64_relu,10,30,297,0.0021642781794071198,0.001883665332570672
mlp_1x64_relu,10,30,298,0.0021656728349626064,0.0018747622380033135
mlp_1x64_relu,10,30,299,0.002167773200199008,0.0018757705111056566
mlp_1x64_relu,10,30,300,0.0021725257392972708,0.0018627744866535068
mlp_1x64_relu,10,30,301,0.002171851694583893,0.0018725029658526182
mlp_1x64_relu,10,30,302,0.0021772803738713264,0.0018639254849404097
mlp_1x64_relu,10,30,303,0.0021829488687217236,0.0018724323017522693
mlp_1x64_relu,10,30,304,0.0021780303213745356,0.001872142544016242
mlp_1x64_relu,10,30,305,0.0021762039978057146,0.0018719627987593412
mlp_1x64_relu,10,30,306,0.0021779322996735573,0.001879327348433435
mlp_1x64_relu,10,30,307,0.002174591878429055,0.001885899342596531
mlp_1x64_relu,10,30,308,0.0021754312328994274,0.0018766152206808329
mlp_1x64_relu,10,30,309,0.0021730137523263693,0.0018773202318698168
mlp_1x64_relu,10,30,310,0.0021659391932189465,0.0018846936291083694
mlp_1x64_relu,10,30,311,0.0021728400606662035,0.0018819943070411682
mlp_1x64_relu,10,30,312,0.002169958082959056,0.0018889314960688353
mlp_1x64_relu,10,30,313,0.0021850161720067263,0.0018761131213977933
mlp_1x64_relu,10,30,314,0.0021668679546564817,0.0018856931710615754
mlp_1x64_relu,10,30,315,0.002167355502024293,0.0018744710832834244
mlp_1x64_relu,10,30,316,0.002168829319998622,0.001879883580841124
mlp_1x64_relu,10,30,317,0.0021707138512283564,0.001882142503745854
mlp_1x64_relu,10,30,318,0.002173848683014512,0.0018691547447815537
mlp_1x64_relu,10,30,319,0.002173156011849642,0.0018692173762246966
mlp_1x64_relu,10,30,320,0.0021748121362179518,0.0018539285520091653
mlp_1x64_relu,10,30,321,0.002173511777073145,0.0018669168930500746
mlp_1x64_relu,10,30,322,0.0021700661163777113,0.0018611575942486525
mlp_1x64_relu,10,30,323,0.00217247661203146,0.0018684109672904015
mlp_1x64_relu,10,30,324,0.002167366910725832,0.0018676528707146645
mlp_1x64_relu,10,30,325,0.00217960262671113,0.0018733431352302432
mlp_1x64_relu,10,30,326,0.002171990228816867,0.0018623486394062638
mlp_1x64_relu,10,30,327,0.0021754447370767593,0.0018623608630150557
mlp_1x64_relu,10,30,328,0.0021747658029198647,0.0018653817242011428
mlp_1x64_relu,10,30,329,0.0021625864319503307,0.0018763107946142554
mlp_1x64_relu,10,30,330,0.0021674642339348793,0.0018603479256853461
mlp_1x64_relu,10,30,331,0.0021690737921744585,0.001861876924522221
mlp_1x64_relu,10,30,332,0.0021697503980249166,0.0018674866296350956
mlp_1x64_relu,10,30,333,0.0021681995131075382,0.0018815998919308186
mlp_1x64_relu,10,30,334,0.002167267957702279,0.0018782390980049968
mlp_1x64_relu,10,30,335,0.0021656397730112076,0.0018619773909449577
mlp_1x64_relu,10,30,336,0.0021662875078618526,0.00187278026714921
mlp_1x64_relu,10,30,337,0.0021730863954871893,0.0018700144719332457
mlp_1x64_relu,10,30,338,0.002185582648962736,0.0018628734396770597
mlp_1x64_relu,10,30,339,0.0021756021305918694,0.001864749938249588
mlp_1x64_relu,10,30,340,0.0021693971939384937,0.001864079269580543
mlp_1x64_relu,10,30,341,0.0021748978178948164,0.0018746538553386927
mlp_1x64_relu,10,30,342,0.002167005790397525,0.0018761081155389547
mlp_1x64_relu,10,30,343,0.002170158550143242,0.001878133392892778
mlp_1x64_relu,10,30,344,0.002174900146201253,0.0018760769162327051
mlp_1x64_relu,10,30,345,0.002178919268772006,0.0018620670307427645
mlp_1x64_relu,10,30,346,0.0021740493830293417,0.0018694059690460563
mlp_1x64_relu,10,30,347,0.00216902163811028,0.0018758978694677353
mlp_1x64_relu,10,30,348,0.002182634547352791,0.0018695102771744132
mlp_1x64_relu,10,30,349,0.002175690606236458,0.0018661846406757832
mlp_1x64_relu,10,30,350,0.0021731096785515547,0.0018726454582065344
mlp_1x64_relu,10,30,351,0.002175095723941922,0.0018681519431993365
mlp_1x64_relu,10,30,352,0.002178163267672062,0.0018666083924472332
mlp_1x64_relu,10,30,353,0.002171616768464446,0.0018671625293791294
mlp_1x64_relu,10,30,354,0.0021685268729925156,0.0018830676563084126
mlp_1x64_relu,10,30,355,0.0021703073289245367,0.00187181425280869
mlp_1x64_relu,10,30,356,0.002170207444578409,0.0018711771117523313
mlp_1x64_relu,10,30,357,0.0021679901983588934,0.0018899939022958279
mlp_1x64_relu,10,30,358,0.00216572149656713,0.0018833446083590388
mlp_1x64_relu,10,30,359,0.002168350387364626,0.001869085943326354
mlp_1x64_relu,10,30,360,0.002164382953196764,0.001892218366265297
mlp_1x64_relu,10,30,361,0.00216881581582129,0.0018819314427673817
mlp_1x64_relu,10,30,362,0.002169104991480708,0.0018758006626740098
mlp_1x64_relu,10,30,363,0.0021636513993144035,0.0018712888704612851
mlp_1x64_relu,10,30,364,0.0021604334469884634,0.0018834189977496862
mlp_1x64_relu,10,30,365,0.0021734382025897503,0.0018746416317299008
mlp_1x64_relu,10,30,366,0.0021676041651517153,0.0018891020445153117
mlp_1x64_relu,10,30,367,0.0021677289623767138,0.0018824515864253044
mlp_1x64_relu,10,30,368,0.002171364612877369,0.0018721723463386297
mlp_1x64_relu,10,30,369,0.0021692656446248293,0.0018621253548189998
mlp_1x64_relu,10,30,370,0.0021696838084608316,0.0018684391397982836
mlp_1x64_relu,10,30,371,0.0021677238401025534,0.001867774873971939
mlp_1x64_relu,10,30,372,0.0021768047008663416,0.0018763248808681965
mlp_1x64_relu,10,30,373,0.002170741790905595,0.0018876047106459737
mlp_1x64_relu,10,30,374,0.002172666136175394,0.0018790358444675803
mlp_1x64_relu,10,30,375,0.002173579530790448,0.0018911302322521806
mlp_1x64_relu,10,30,376,0.0021700982470065355,0.0018759284866973758
mlp_1x64_relu,10,30,377,0.0021714603062719107,0.0018786831060424447
mlp_1x64_relu,10,30,378,0.002175938105210662,0.0018869040068238974
mlp_1x64_relu,10,30,379,0.0021699508652091026,0.0019010195974260569
mlp_1x64_relu,10,30,380,0.002174616092815995,0.0018880137940868735
mlp_1x64_relu,10,30,381,0.0021737697534263134,0.0018936335109174252
mlp_1x64_relu,10,30,382,0.0021678516641259193,0.0018922383897006512
mlp_1x64_relu,10,30,383,0.00217399257235229,0.0018876190297305584
mlp_1x64_relu,10,30,384,0.0021766722202301025,0.0018967281794175506
mlp_1x64_relu,10,30,385,0.0021746803540736437,0.0018776917131617665
mlp_1x64_relu,10,30,386,0.0021708891727030277,0.0018761667888611555
mlp_1x64_relu,10,30,387,0.0021645871456712484,0.0018854995723813772
mlp_1x64_relu,10,30,388,0.0021674009039998055,0.001891035120934248
mlp_1x64_relu,10,30,389,0.0021619927138090134,0.0018934337422251701
mlp_1x64_relu,10,30,390,0.002169273095205426,0.0018697656923905015
mlp_1x64_relu,10,30,391,0.002172806765884161,0.0018858198309317231
mlp_1x64_relu,10,30,392,0.002165223238989711,0.0018767521250993013
mlp_1x64_relu,10,30,393,0.0021721539087593555,0.0018924305913969874
mlp_1x64_relu,10,30,394,0.0021770691964775324,0.0018904495518654585
mlp_1x64_relu,10,30,395,0.0021671277936547995,0.0018710442818701267
mlp_1x64_relu,10,30,396,0.0021751162130385637,0.00188027776312083
mlp_1x64_relu,10,30,397,0.002176114358007908,0.001865218742750585
mlp_1x64_relu,10,30,398,0.0021720807999372482,0.0018798206001520157
mlp_1x64_relu,10,30,399,0.0021751064341515303,0.0018760072998702526
mlp_1x64_relu,10,30,400,0.002171189058572054,0.0018842155113816261
mlp_1x64_relu,10,30,401,0.0021753718610852957,0.0018776506185531616
mlp_1x64_relu,10,30,402,0.0021675070747733116,0.0018875270616263151
mlp_1x64_relu,10,30,403,0.0021686479449272156,0.0018837264506146312
mlp_1x64_relu,10,30,404,0.0021768982987850904,0.001863927231170237
mlp_1x64_relu,10,30,405,0.0021801148541271687,0.0018738459330052137
mlp_1x64_relu,10,30,406,0.002179241506382823,0.001872668624855578
mlp_1x64_relu,10,30,407,0.0021645710803568363,0.001888588652946055
mlp_1x64_relu,10,30,408,0.0021673929877579212,0.0018744480330497026
mlp_1x64_relu,10,30,409,0.0021725466940551996,0.0018878416158258915
mlp_1x64_relu,10,30,410,0.002168197650462389,0.00187679601367563
mlp_1x64_relu,10,30,411,0.0021703685633838177,0.0018661622889339924
mlp_1x64_relu,10,30,412,0.0021731997840106487,0.0018868105253204703
mlp_1x64_relu,10,30,413,0.002165534533560276,0.0018770515453070402
mlp_1x64_relu,10,30,414,0.002164294710382819,0.0018984738271683455
mlp_1x64_relu,10,30,415,0.002165162470191717,0.001880815252661705
mlp_1x64_relu,10,30,416,0.002169970888644457,0.0018797130323946476
mlp_1x64_relu,10,30,417,0.0021721110679209232,0.0018841231940314174
mlp_1x64_relu,10,30,418,0.0021670593414455652,0.0018925314070656896
mlp_1x64_relu,10,30,419,0.00216187653131783,0.0018862991128116846
mlp_1x64_relu,10,30,420,0.0021647722460329533,0.0018919713329523802
mlp_1x64_relu,10,30,421,0.00217021768912673,0.0018931698286905885
mlp_1x64_relu,10,30,422,0.0021717827767133713,0.0018709700088948011
mlp_1x64_relu,10,30,423,0.002171141328290105,0.0018853343790397048
mlp_1x64_relu,10,30,424,0.0021798338275402784,0.0018862474244087934
mlp_1x64_relu,10,30,425,0.00216630264185369,0.0018930957885459065
mlp_1x64_relu,10,30,426,0.002168813720345497,0.0018870742060244083
mlp_1x64_relu,10,30,427,0.002166387625038624,0.0018716937629505992
mlp_1x64_relu,10,30,428,0.0021659363992512226,0.0018895840039476752
mlp_1x64_relu,10,30,429,0.002170375781133771,0.0018829174805432558
mlp_1x64_relu,10,30,430,0.0021764731500297785,0.0018792905611917377
mlp_1x64_relu,10,30,431,0.0021704556420445442,0.0018848493928089738
mlp_1x64_relu,10,30,432,0.002176892478018999,0.001866810955107212
mlp_1x64_relu,10,30,433,0.0021696072071790695,0.0018865199526771903
mlp_1x64_relu,10,30,434,0.0021753234323114157,0.0018713045865297318
mlp_1x64_relu,10,30,435,0.0021699760109186172,0.0018884947057813406
mlp_1x64_relu,10,30,436,0.0021762920077890158,0.0018843172583729029
mlp_1x64_relu,10,30,437,0.0021690474823117256,0.0018791565671563148
mlp_1x64_relu,10,30,438,0.0021721413359045982,0.0018857349641621113
mlp_1x64_relu,10,30,439,0.0021732731256633997,0.0018822521669790149
mlp_1x64_relu,10,30,440,0.00216460763476789,0.0018919742433354259
mlp_1x64_relu,10,30,441,0.0021655375603586435,0.0018807252636179328
mlp_1x64_relu,10,30,442,0.0021692027803510427,0.001878748764283955
mlp_1x64_relu,10,30,443,0.0021642984356731176,0.0018984044436365366
mlp_1x64_relu,10,30,444,0.0021712309680879116,0.0018880990101024508
mlp_1x64_relu,10,30,445,0.0021709909196943045,0.0018766580615192652
mlp_1x64_relu,10,30,446,0.002172972308471799,0.0018854547524824739
mlp_1x64_relu,10,30,447,0.0021721580997109413,0.0018791956827044487
mlp_1x64_relu,10,30,448,0.002174398396164179,0.0018858195981010795
mlp_1x64_relu,10,30,449,0.002174506662413478,0.0018756361678242683
mlp_1x64_relu,10,30,450,0.0021788785234093666,0.0019017144804820418
mlp_1x64_relu,10,30,451,0.0021681373473256826,0.0018797770608216524
mlp_1x64_relu,10,30,452,0.0021741099189966917,0.0018701754743233323
mlp_1x64_relu,10,30,453,0.002175655448809266,0.001888633705675602
mlp_1x64_relu,10,30,454,0.002173432381823659,0.0018864622106775641
mlp_1x64_relu,10,30,455,0.0021690125577151775,0.0018893989035859704
mlp_1x64_relu,10,30,456,0.0021727813873440027,0.0018794629722833633
mlp_1x64_relu,10,30,457,0.0021760277450084686,0.0018911281367763877
mlp_1x64_relu,10,30,458,0.0021702477242797613,0.001879346207715571
mlp_1x64_relu,10,30,459,0.0021764833945780993,0.0018910284852609038
mlp_1x64_relu,10,30,460,0.002190093509852886,0.001881360076367855
mlp_1x64_relu,10,30,461,0.0021776207722723484,0.001891487743705511
mlp_1x64_relu,10,30,462,0.00217186170630157,0.0018823969876393676
mlp_1x64_relu,10,30,463,0.0021734172478318214,0.0018722499953582883
mlp_1x64_relu,10,30,464,0.0021709436550736427,0.0019074393203482032
mlp_1x64_relu,10,30,465,0.002176906680688262,0.0018762184772640467
mlp_1x64_relu,10,30,466,0.0021786431316286325,0.0019020725740119815
mlp_1x64_relu,10,30,467,0.002176240785047412,0.0018812606576830149
mlp_1x64_relu,10,30,468,0.0021848466712981462,0.0018763637635856867
mlp_1x64_relu,10,30,469,0.0021846136078238487,0.0018909575883299112
mlp_1x64_relu,10,30,470,0.0021810270845890045,0.0018824118888005614
mlp_1x64_relu,10,30,471,0.002167586237192154,0.001897897687740624
mlp_1x64_relu,10,30,472,0.0021762747783213854,0.0018719908548519015
mlp_1x64_relu,10,30,473,0.0021740130614489317,0.00188631028868258
mlp_1x64_relu,10,30,474,0.002172924345359206,0.0018970718374475837
mlp_1x64_relu,10,30,475,0.002170480787754059,0.0018841509008780122
mlp_1x64_relu,10,30,476,0.002164768986403942,0.001891233609057963
mlp_1x64_relu,10,30,477,0.002168279606848955,0.0018868278712034225
mlp_1x64_relu,10,30,478,0.002172816311940551,0.0018820171244442463
mlp_1x64_relu,10,30,479,0.0021688733249902725,0.0018887254409492016
mlp_1x64_relu,10,30,480,0.0021724491380155087,0.0018853157525882125
mlp_1x64_relu,10,30,481,0.0021689441055059433,0.001877533970400691
mlp_1x64_relu,10,30,482,0.00216418644413352,0.001890782150439918
mlp_1x64_relu,10,30,483,0.0021760577801615,0.0018789875321090221
mlp_1x64_relu,10,30,484,0.0021709781140089035,0.0019044246291741729
mlp_1x64_relu,10,30,485,0.002166155492886901,0.0018930411897599697
mlp_1x64_relu,10,30,486,0.002170991152524948,0.001877035479992628
mlp_1x64_relu,10,30,487,0.002171603497117758,0.0018762719118967652
mlp_1x64_relu,10,30,488,0.002170440275222063,0.0018753039184957743
mlp_1x64_relu,10,30,489,0.0021692090667784214,0.001892069703899324
mlp_1x64_relu,10,30,490,0.0021671687718480825,0.001884859404526651
mlp_1x64_relu,10,30,491,0.002168661216273904,0.0018899589776992798
mlp_1x64_relu,10,30,492,0.0021723853424191475,0.0018883714219555259
mlp_1x64_relu,10,30,493,0.0021745895501226187,0.0018803547136485577
mlp_1x64_relu,10,30,494,0.0021705711260437965,0.0018985576462000608
mlp_1x64_relu,10,30,495,0.002168298000469804,0.0018964051268994808
mlp_1x64_relu,10,30,496,0.002178383991122246,0.001886736135929823
mlp_1x64_relu,10,30,497,0.0021702453959733248,0.0018708837451413274
mlp_1x64_relu,10,30,498,0.0021658146288245916,0.001900568837299943
mlp_1x64_relu,10,30,499,0.002172570675611496,0.0018698166823014617
mlp_1x64_relu,10,30,500,0.0021726482082158327,0.0018902651499956846
mlp_1x64_relu,10,90,1,0.4209575355052948,0.18373766541481018
mlp_1x64_relu,10,90,2,0.17418788373470306,0.09121332317590714
mlp_1x64_relu,10,90,3,0.09075655043125153,0.049914199858903885
mlp_1x64_relu,10,90,4,0.04909847304224968,0.027464058250188828
mlp_1x64_relu,10,90,5,0.02637249417603016,0.015716854482889175
mlp_1x64_relu,10,90,6,0.015012486837804317,0.009678874164819717
mlp_1x64_relu,10,90,7,0.009266936220228672,0.0069376458413898945
mlp_1x64_relu,10,90,8,0.0062493570148944855,0.005792641546577215
mlp_1x64_relu,10,90,9,0.004918516613543034,0.00471112597733736
mlp_1x64_relu,10,90,10,0.004165951162576675,0.003938703332096338
mlp_1x64_relu,10,90,11,0.0034296209923923016,0.0033282286021858454
mlp_1x64_relu,10,90,12,0.003154987934976816,0.002470813924446702
mlp_1x64_relu,10,90,13,0.0027628508396446705,0.002246076473966241
mlp_1x64_relu,10,90,14,0.002610227558761835,0.0016039306065067649
mlp_1x64_relu,10,90,15,0.002327642170712352,0.0014523890567943454
mlp_1x64_relu,10,90,16,0.0021456279791891575,0.0015275676269084215
mlp_1x64_relu,10,90,17,0.002060079714283347,0.0014421268133446574
mlp_1x64_relu,10,90,18,0.001988924341276288,0.0014937329106032848
mlp_1x64_relu,10,90,19,0.001931729493662715,0.0015915199182927608
mlp_1x64_relu,10,90,20,0.0019063502550125122,0.0015313327312469482
mlp_1x64_relu,10,90,21,0.0018718140199780464,0.0014925855211913586
mlp_1x64_relu,10,90,22,0.0018440487328916788,0.0014867449644953012
mlp_1x64_relu,10,90,23,0.0018223425140604377,0.0014281050534918904
mlp_1x64_relu,10,90,24,0.0017885019769892097,0.0013530714204534888
mlp_1x64_relu,10,90,25,0.0017535228980705142,0.0013073027366772294
mlp_1x64_relu,10,90,26,0.0017312114359810948,0.0013175675412639976
mlp_1x64_relu,10,90,27,0.001708437455818057,0.001285202451981604
mlp_1x64_relu,10,90,28,0.001685525756329298,0.0012371022021397948
mlp_1x64_relu,10,90,29,0.0016536288894712925,0.0012186038075014949
mlp_1x64_relu,10,90,30,0.001617357600480318,0.0011711232364177704
mlp_1x64_relu,10,90,31,0.0015832138014957309,0.0011586130131036043
mlp_1x64_relu,10,90,32,0.0015629824483767152,0.001138391438871622
mlp_1x64_relu,10,90,33,0.0015431243227794766,0.0011160633293911815
mlp_1x64_relu,10,90,34,0.0015196341555565596,0.0010985117405653
mlp_1x64_relu,10,90,35,0.0015102060278877616,0.0010738340206444263
mlp_1x64_relu,10,90,36,0.001497934339568019,0.0010603094706311822
mlp_1x64_relu,10,90,37,0.0014802728546783328,0.001059529255144298
mlp_1x64_relu,10,90,38,0.0014647352509200573,0.001055871951393783
mlp_1x64_relu,10,90,39,0.0014497290831059217,0.0010613928316161036
mlp_1x64_relu,10,90,40,0.0014370502904057503,0.001061931368894875
mlp_1x64_relu,10,90,41,0.0014251446118578315,0.0010806721402332187
mlp_1x64_relu,10,90,42,0.0014104897854849696,0.0010914391605183482
mlp_1x64_relu,10,90,43,0.0014024906558915973,0.0010734829120337963
mlp_1x64_relu,10,90,44,0.0013870677212253213,0.0010848413221538067
mlp_1x64_relu,10,90,45,0.0013818464940413833,0.0010774150723591447
mlp_1x64_relu,10,90,46,0.001371352351270616,0.0010961458319798112
mlp_1x64_relu,10,90,47,0.0013777678832411766,0.0010964119574055076
mlp_1x64_relu,10,90,48,0.0013755228137597442,0.0010970857692882419
mlp_1x64_relu,10,90,49,0.00137908267788589,0.0011101169511675835
mlp_1x64_relu,10,90,50,0.0013756988337263465,0.0011104113655164838
mlp_1x64_relu,10,90,51,0.0013730869395658374,0.0011153750820085406
mlp_1x64_relu,10,90,52,0.0013757380656898022,0.001109520555473864
mlp_1x64_relu,10,90,53,0.0013731196522712708,0.0011257375590503216
mlp_1x64_relu,10,90,54,0.0013766877818852663,0.0011205758200958371
mlp_1x64_relu,10,90,55,0.0013765798648819327,0.0011339365737512708
mlp_1x64_relu,10,90,56,0.0013820065651088953,0.0011021191021427512
mlp_1x64_relu,10,90,57,0.0013719632988795638,0.0011222494067624211
mlp_1x64_relu,10,90,58,0.0013748023193329573,0.0011074355570599437
mlp_1x64_relu,10,90,59,0.0013803013134747744,0.0011229872470721602
mlp_1x64_relu,10,90,60,0.0013831750256940722,0.0011178137501701713
mlp_1x64_relu,10,90,61,0.0013716494431719184,0.0011294580763205886
mlp_1x64_relu,10,90,62,0.0013821485918015242,0.0011230899253860116
mlp_1x64_relu,10,90,63,0.0013847668888047338,0.0011057371739298105
mlp_1x64_relu,10,90,64,0.0013804776826873422,0.001102423295378685
mlp_1x64_relu,10,90,65,0.0013903158251196146,0.0011206126073375344
mlp_1x64_relu,10,90,66,0.0013932044385001063,0.0011048396117985249
mlp_1x64_relu,10,90,67,0.0013918197946622968,0.0011181330773979425
mlp_1x64_relu,10,90,68,0.0013825284549966455,0.0010813770350068808
mlp_1x64_relu,10,90,69,0.001389204990118742,0.0011076609371230006
mlp_1x64_relu,10,90,70,0.001393379527144134,0.0010806466452777386
mlp_1x64_relu,10,90,71,0.0013997071655467153,0.0010971003212034702
mlp_1x64_relu,10,90,72,0.0013960521901026368,0.0010902142385020852
mlp_1x64_relu,10,90,73,0.0013884949730709195,0.001101628877222538
mlp_1x64_relu,10,90,74,0.001393451588228345,0.0010867061791941524
mlp_1x64_relu,10,90,75,0.0013934887247160077,0.0011161541333422065
mlp_1x64_relu,10,90,76,0.0014106293674558401,0.0010890342528000474
mlp_1x64_relu,10,90,77,0.0014047323493286967,0.0010792079847306013
mlp_1x64_relu,10,90,78,0.0013994461623951793,0.0011085172882303596
mlp_1x64_relu,10,90,79,0.001395321567542851,0.0010965545661747456
mlp_1x64_relu,10,90,80,0.0014008069410920143,0.0010984840337187052
mlp_1x64_relu,10,90,81,0.0014163743471726775,0.0010643125278875232
mlp_1x64_relu,10,90,82,0.0014015765627846122,0.0010712401708588004
mlp_1x64_relu,10,90,83,0.0014050975441932678,0.0010965380351990461
mlp_1x64_relu,10,90,84,0.0014183293096721172,0.0010794581612572074
mlp_1x64_relu,10,90,85,0.001410159980878234,0.0011003291001543403
mlp_1x64_relu,10,90,86,0.0014159034471958876,0.0010717700934037566
mlp_1x64_relu,10,90,87,0.0014109500916674733,0.0010880720801651478
mlp_1x64_relu,10,90,88,0.0014219606528058648,0.0010713053634390235
mlp_1x64_relu,10,90,89,0.0014341233763843775,0.001077032764442265
mlp_1x64_relu,10,90,90,0.0014184070751070976,0.0011037749936804175
mlp_1x64_relu,10,90,91,0.0014163899468258023,0.0010731947841122746
mlp_1x64_relu,10,90,92,0.0014180905418470502,0.0010886378586292267
mlp_1x64_relu,10,90,93,0.0014108327450230718,0.0010778091382235289
mlp_1x64_relu,10,90,94,0.0014015370979905128,0.0010650847107172012
mlp_1x64_relu,10,90,95,0.001407644827850163,0.001089536352083087
mlp_1x64_relu,10,90,96,0.0014090777840465307,0.0010853407438844442
mlp_1x64_relu,10,90,97,0.001407861476764083,0.0010936646722257137
mlp_1x64_relu,10,90,98,0.001419643871486187,0.001077743829227984
mlp_1x64_relu,10,90,99,0.0014215204864740372,0.0010850211838260293
mlp_1x64_relu,10,90,100,0.0014215204864740372,0.001070578582584858
mlp_1x64_relu,10,90,101,0.0014240703312680125,0.0010708945337682962
mlp_1x64_relu,10,90,102,0.001409703167155385,0.0011116607347503304
mlp_1x64_relu,10,90,103,0.0014161010039970279,0.0010749496286734939
mlp_1x64_relu,10,90,104,0.0014135823585093021,0.0010914625599980354
mlp_1x64_relu,10,90,105,0.001417165040038526,0.0010846058139577508
mlp_1x64_relu,10,90,106,0.0014073674101382494,0.001086828182451427
mlp_1x64_relu,10,90,107,0.001411653938703239,0.0010853830026462674
mlp_1x64_relu,10,90,108,0.0014208710053935647,0.001069258782081306
mlp_1x64_relu,10,90,109,0.0014111160999163985,0.001072966493666172
mlp_1x64_relu,10,90,110,0.0014102681307122111,0.0010930547723546624
mlp_1x64_relu,10,90,111,0.0014113786164671183,0.0010865629883483052
mlp_1x64_relu,10,90,112,0.0014191778609529138,0.0010921860812231898
mlp_1x64_relu,10,90,113,0.0014260386815294623,0.0010929909767583013
mlp_1x64_relu,10,90,114,0.0014138179831206799,0.001090728910639882
mlp_1x64_relu,10,90,115,0.0014250329695641994,0.0010821372270584106
mlp_1x64_relu,10,90,116,0.0014373681042343378,0.0010967777343466878
mlp_1x64_relu,10,90,117,0.0014229335356503725,0.0010822678450495005
mlp_1x64_relu,10,90,118,0.001415607868693769,0.001098440494388342
mlp_1x64_relu,10,90,119,0.0014224924379959702,0.0010895904852077365
mlp_1x64_relu,10,90,120,0.00141245499253273,0.0010964164976030588
mlp_1x64_relu,10,90,121,0.00140981690492481,0.0010914176236838102
mlp_1x64_relu,10,90,122,0.0014147442998364568,0.0010828286176547408
mlp_1x64_relu,10,90,123,0.0014262056211009622,0.0010871919803321362
mlp_1x64_relu,10,90,124,0.0014195553958415985,0.0010857959277927876
mlp_1x64_relu,10,90,125,0.0014117746613919735,0.0010824698256328702
mlp_1x64_relu,10,90,126,0.0014150274218991399,0.0010870277183130383
mlp_1x64_relu,10,90,127,0.0014152989024296403,0.0010948755079880357
mlp_1x64_relu,10,90,128,0.0014191082445904613,0.0010900147026404738
mlp_1x64_relu,10,90,129,0.0014164082240313292,0.0011032487964257598
mlp_1x64_relu,10,90,130,0.001412710058502853,0.0010875383159145713
mlp_1x64_relu,10,90,131,0.0014127847971394658,0.0010883944341912866
mlp_1x64_relu,10,90,132,0.0014128454495221376,0.0011007038410753012
mlp_1x64_relu,10,90,133,0.001411914941854775,0.001082966336980462
mlp_1x64_relu,10,90,134,0.0014075031504034996,0.001083235489204526
mlp_1x64_relu,10,90,135,0.0014195464318618178,0.001086187781766057
mlp_1x64_relu,10,90,136,0.0014111187774688005,0.0010821542236953974
mlp_1x64_relu,10,90,137,0.0014103616122156382,0.0010744079481810331
mlp_1x64_relu,10,90,138,0.001406612922437489,0.001092510879971087
mlp_1x64_relu,10,90,139,0.00141209177672863,0.0010885425144806504
mlp_1x64_relu,10,90,140,0.0014002470998093486,0.001091411686502397
mlp_1x64_relu,10,90,141,0.0014033691259101033,0.0010844797361642122
mlp_1x64_relu,10,90,142,0.0014108138857409358,0.0010799524607136846
mlp_1x64_relu,10,90,143,0.001411216682754457,0.0010952431475743651
mlp_1x64_relu,10,90,144,0.0014092974597588181,0.001094845705665648
mlp_1x64_relu,10,90,145,0.0014123813016340137,0.0010866842931136489
mlp_1x64_relu,10,90,146,0.001413914025761187,0.0010846595978364348
mlp_1x64_relu,10,90,147,0.0014048006851226091,0.001095743733458221
mlp_1x64_relu,10,90,148,0.0014168391935527325,0.001080294605344534
mlp_1x64_relu,10,90,149,0.0014139238046482205,0.0010880809277296066
mlp_1x64_relu,10,90,150,0.0013996872585266829,0.0011009762529283762
mlp_1x64_relu,10,90,151,0.0014072199119254947,0.0010944283567368984
mlp_1x64_relu,10,90,152,0.0014066784642636776,0.0010946389520540833
mlp_1x64_relu,10,90,153,0.0014095732476562262,0.001092917867936194
mlp_1x64_relu,10,90,154,0.0014125665184110403,0.0010883586946874857
mlp_1x64_relu,10,90,155,0.0013994629262015224,0.001100548543035984
mlp_1x64_relu,10,90,156,0.0014030028833076358,0.0010832445695996284
mlp_1x64_relu,10,90,157,0.0013992433669045568,0.0010968773858621716
mlp_1x64_relu,10,90,158,0.0014028694713488221,0.001088466844521463
mlp_1x64_relu,10,90,159,0.0014031254686415195,0.0010770867811515927
mlp_1x64_relu,10,90,160,0.001396068255417049,0.0010934234596788883
mlp_1x64_relu,10,90,161,0.0013979377690702677,0.0010908404365181923
mlp_1x64_relu,10,90,162,0.001402991940267384,0.0010842577321454883
mlp_1x64_relu,10,90,163,0.001401780522428453,0.001081697060726583
mlp_1x64_relu,10,90,164,0.0013997179921716452,0.0010875181760638952
mlp_1x64_relu,10,90,165,0.0014000063529238105,0.0010789516381919384
mlp_1x64_relu,10,90,166,0.0014004852855578065,0.0010848038364201784
mlp_1x64_relu,10,90,167,0.001396077568642795,0.001092353486455977
mlp_1x64_relu,10,90,168,0.0013969973661005497,0.0010996549390256405
mlp_1x64_relu,10,90,169,0.0013993560569360852,0.001083193114027381
mlp_1x64_relu,10,90,170,0.0013978921342641115,0.001086569856852293
mlp_1x64_relu,10,90,171,0.0014038047520443797,0.001082184142433107
mlp_1x64_relu,10,90,172,0.001402262132614851,0.0010849233949556947
mlp_1x64_relu,10,90,173,0.0013975724577903748,0.0010913750156760216
mlp_1x64_relu,10,90,174,0.0013938125921413302,0.0010830824030563235
mlp_1x64_relu,10,90,175,0.0013993079774081707,0.0010828564409166574
mlp_1x64_relu,10,90,176,0.0014008013531565666,0.0010840060422196984
mlp_1x64_relu,10,90,177,0.0013979856157675385,0.001084783929400146
mlp_1x64_relu,10,90,178,0.0014014494372531772,0.0010876755695790052
mlp_1x64_relu,10,90,179,0.0013950503198429942,0.0010931016877293587
mlp_1x64_relu,10,90,180,0.0013947339029982686,0.0010849819518625736
mlp_1x64_relu,10,90,181,0.0013981835218146443,0.001093662460334599
mlp_1x64_relu,10,90,182,0.0013954051537439227,0.0010969290742650628
mlp_1x64_relu,10,90,183,0.001396675012074411,0.0010970726143568754
mlp_1x64_relu,10,90,184,0.00140001205727458,0.0010894291335716844
mlp_1x64_relu,10,90,185,0.001398937194608152,0.0010942792287096381
mlp_1x64_relu,10,90,186,0.0014001368544995785,0.0010847185039892793
mlp_1x64_relu,10,90,187,0.0014016696950420737,0.001082560745999217
mlp_1x64_relu,10,90,188,0.0014023268595337868,0.0010799616575241089
mlp_1x64_relu,10,90,189,0.0014016630593687296,0.0010806465288624167
mlp_1x64_relu,10,90,190,0.0013999117072671652,0.0010799681767821312
mlp_1x64_relu,10,90,191,0.0014018573565408587,0.001090356963686645
mlp_1x64_relu,10,90,192,0.0013991727028042078,0.0011003491235896945
mlp_1x64_relu,10,90,193,0.0014040253590792418,0.0010725241154432297
mlp_1x64_relu,10,90,194,0.0014024547999724746,0.0010956592159345746
mlp_1x64_relu,10,90,195,0.001402416848577559,0.0010857204906642437
mlp_1x64_relu,10,90,196,0.0014026542194187641,0.001098274253308773
mlp_1x64_relu,10,90,197,0.0014009858714416623,0.001085433759726584
mlp_1x64_relu,10,90,198,0.0013990342849865556,0.0010814014822244644
mlp_1x64_relu,10,90,199,0.0013954497408121824,0.0010797282448038459
mlp_1x64_relu,10,90,200,0.0013998054200783372,0.0010915204184129834
mlp_1x64_relu,10,90,201,0.0013987726997584105,0.0010945574613288045
mlp_1x64_relu,10,90,202,0.0013992233434692025,0.0010868172394111753
mlp_1x64_relu,10,90,203,0.0013939292402938008,0.0010928583797067404
mlp_1x64_relu,10,90,204,0.0014011855237185955,0.0010905712842941284
mlp_1x64_relu,10,90,205,0.0013986120466142893,0.001083645154722035
mlp_1x64_relu,10,90,206,0.0014011868042871356,0.0010789008811116219
mlp_1x64_relu,10,90,207,0.0013951429864391685,0.0010884841904044151
mlp_1x64_relu,10,90,208,0.0014015604974702,0.0010940197389572859
mlp_1x64_relu,10,90,209,0.0013983354438096285,0.0011002295650541782
mlp_1x64_relu,10,90,210,0.00139867071993649,0.0010889865225180984
mlp_1x64_relu,10,90,211,0.0014037491055205464,0.001088950433768332
mlp_1x64_relu,10,90,212,0.0014002120587974787,0.0010832726256921887
mlp_1x64_relu,10,90,213,0.0013988320715725422,0.0010887697571888566
mlp_1x64_relu,10,90,214,0.0013980208896100521,0.0011037844233214855
mlp_1x64_relu,10,90,215,0.0013996103079989552,0.0010920616332441568
mlp_1x64_relu,10,90,216,0.001400255598127842,0.0010939930798485875
mlp_1x64_relu,10,90,217,0.0014028046280145645,0.0010938214836642146
mlp_1x64_relu,10,90,218,0.0013935919851064682,0.0010920376516878605
mlp_1x64_relu,10,90,219,0.0014015070628374815,0.0010900390334427357
mlp_1x64_relu,10,90,220,0.0014011164894327521,0.001094031147658825
mlp_1x64_relu,10,90,221,0.001401832909323275,0.0010930928401648998
mlp_1x64_relu,10,90,222,0.0013952662702649832,0.0010994408512488008
mlp_1x64_relu,10,90,223,0.0014029799494892359,0.0010833012638613582
mlp_1x64_relu,10,90,224,0.0014023117255419493,0.0010923437075689435
mlp_1x64_relu,10,90,225,0.001405880437232554,0.0010897695319727063
mlp_1x64_relu,10,90,226,0.0014029357116669416,0.001074877567589283
mlp_1x64_relu,10,90,227,0.0014010248705744743,0.001092409365810454
mlp_1x64_relu,10,90,228,0.0014018702786415815,0.00109625025652349
mlp_1x64_relu,10,90,229,0.001395873841829598,0.0010946022812277079
mlp_1x64_relu,10,90,230,0.0013995693298056722,0.0010859748581424356
mlp_1x64_relu,10,90,231,0.0014004736440256238,0.001101653091609478
mlp_1x64_relu,10,90,232,0.0013976641930639744,0.0010931537253782153
mlp_1x64_relu,10,90,233,0.0013988569844514132,0.00109494396019727
mlp_1x64_relu,10,90,234,0.0013961452059447765,0.0010869265533983707
mlp_1x64_relu,10,90,235,0.0014009425649419427,0.0010877432068809867
mlp_1x64_relu,10,90,236,0.001398697611875832,0.0010891564888879657
mlp_1x64_relu,10,90,237,0.0013970634900033474,0.0010932071600109339
mlp_1x64_relu,10,90,238,0.0014081954723224044,0.0010874420404434204
mlp_1x64_relu,10,90,239,0.001402435707859695,0.001081588794477284
mlp_1x64_relu,10,90,240,0.0014094182988628745,0.0010730851208791137
mlp_1x64_relu,10,90,241,0.0014031287282705307,0.0010928197298198938
mlp_1x64_relu,10,90,242,0.00140108703635633,0.0010979342041537166
mlp_1x64_relu,10,90,243,0.0014039523666724563,0.0010743008460849524
mlp_1x64_relu,10,90,244,0.001402696711011231,0.001077778753824532
mlp_1x64_relu,10,90,245,0.001405299175530672,0.001085099414922297
mlp_1x64_relu,10,90,246,0.0014032393228262663,0.0010757767595350742
mlp_1x64_relu,10,90,247,0.0013982860837131739,0.0010870625264942646
mlp_1x64_relu,10,90,248,0.0013963659293949604,0.0010974571341648698
mlp_1x64_relu,10,90,249,0.0013951698783785105,0.0010857369052246213
mlp_1x64_relu,10,90,250,0.0014022160321474075,0.0010895634768530726
mlp_1x64_relu,10,90,251,0.0014005489647388458,0.001084084389731288
mlp_1x64_relu,10,90,252,0.0014039489906281233,0.0010880224872380495
mlp_1x64_relu,10,90,253,0.0013970831641927361,0.0010882284259423614
mlp_1x64_relu,10,90,254,0.001403152011334896,0.0010825225617736578
mlp_1x64_relu,10,90,255,0.0014006097335368395,0.0010797224240377545
mlp_1x64_relu,10,90,256,0.001404546550475061,0.0010892219142988324
mlp_1x64_relu,10,90,257,0.0014022209215909243,0.0010849509853869677
mlp_1x64_relu,10,90,258,0.0014010344166308641,0.0010893712751567364
mlp_1x64_relu,10,90,259,0.0014023932162672281,0.0010820365278050303
mlp_1x64_relu,10,90,260,0.0014036183711141348,0.0010929539566859603
mlp_1x64_relu,10,90,261,0.0014031508471816778,0.0010792231187224388
mlp_1x64_relu,10,90,262,0.0014031537575647235,0.0010855718282982707
mlp_1x64_relu,10,90,263,0.0014080365654081106,0.0010886499658226967
mlp_1x64_relu,10,90,264,0.0014016974018886685,0.0010791977401822805
mlp_1x64_relu,10,90,265,0.0014020140515640378,0.0010914183221757412
mlp_1x64_relu,10,90,266,0.001404278795234859,0.0010866093216463923
mlp_1x64_relu,10,90,267,0.0013996399939060211,0.0010879341280087829
mlp_1x64_relu,10,90,268,0.0014009878505021334,0.0010772309033200145
mlp_1x64_relu,10,90,269,0.0014092883793637156,0.001083576469682157
mlp_1x64_relu,10,90,270,0.0014058873057365417,0.0010762530146166682
mlp_1x64_relu,10,90,271,0.0014036510838195682,0.001079769222997129
mlp_1x64_relu,10,90,272,0.0014020579401403666,0.001068202080205083
mlp_1x64_relu,10,90,273,0.0013962143566459417,0.0010879314504563808
mlp_1x64_relu,10,90,274,0.0014059117529541254,0.0010771682718768716
mlp_1x64_relu,10,90,275,0.0013979201903566718,0.0010934659512713552
mlp_1x64_relu,10,90,276,0.0014040445676073432,0.001085400814190507
mlp_1x64_relu,10,90,277,0.0014006738783791661,0.0010815997375175357
mlp_1x64_relu,10,90,278,0.0014008870348334312,0.0010829250095412135
mlp_1x64_relu,10,90,279,0.0014042566763237119,0.0010820614406839013
mlp_1x64_relu,10,90,280,0.0014024317497387528,0.001079915906302631
mlp_1x64_relu,10,90,281,0.0014059910317882895,0.001083776936866343
mlp_1x64_relu,10,90,282,0.001403570524416864,0.0010823666816577315
mlp_1x64_relu,10,90,283,0.0014062243280932307,0.0010836801957339048
mlp_1x64_relu,10,90,284,0.0014047727454453707,0.0010745617328211665
mlp_1x64_relu,10,90,285,0.0014009805163368583,0.0010774711845442653
mlp_1x64_relu,10,90,286,0.0013999268412590027,0.0010767194908112288
mlp_1x64_relu,10,90,287,0.0014009878505021334,0.0010860699694603682
mlp_1x64_relu,10,90,288,0.001405569608323276,0.0010855668224394321
mlp_1x64_relu,10,90,289,0.0013993161264806986,0.001082946197129786
mlp_1x64_relu,10,90,290,0.001401384943164885,0.0010944504756480455
mlp_1x64_relu,10,90,291,0.0014019078807905316,0.0010906353127211332
mlp_1x64_relu,10,90,292,0.0014037673827260733,0.0010893113212659955
mlp_1x64_relu,10,90,293,0.0014044851996004581,0.0010909606935456395
mlp_1x64_relu,10,90,294,0.0014071469195187092,0.0010764297330752015
mlp_1x64_relu,10,90,295,0.0014043539995327592,0.0010872120037674904
mlp_1x64_relu,10,90,296,0.0014038890367373824,0.001083542127162218
mlp_1x64_relu,10,90,297,0.0014063762500882149,0.0010821885662153363
mlp_1x64_relu,10,90,298,0.0014017577050253749,0.0010754776885733008
mlp_1x64_relu,10,90,299,0.0013994607143104076,0.0010837020818144083
mlp_1x64_relu,10,90,300,0.001402156543917954,0.0010817080037668347
mlp_1x64_relu,10,90,301,0.0014031768077984452,0.0010810114908963442
mlp_1x64_relu,10,90,302,0.0014076369116082788,0.001072049606591463
mlp_1x64_relu,10,90,303,0.0014015139313414693,0.0010768482461571693
mlp_1x64_relu,10,90,304,0.0014038874069228768,0.0010835621505975723
mlp_1x64_relu,10,90,305,0.0014034315245226026,0.0010874480940401554
mlp_1x64_relu,10,90,306,0.001402826514095068,0.0010817724978551269
mlp_1x64_relu,10,90,307,0.0014058215310797095,0.001083737937733531
mlp_1x64_relu,10,90,308,0.0014028195291757584,0.0010847371304407716
mlp_1x64_relu,10,90,309,0.0014022940304130316,0.0010650483891367912
mlp_1x64_relu,10,90,310,0.0014072632184252143,0.0010603651171550155
mlp_1x64_relu,10,90,311,0.0014017855282872915,0.001078129280358553
mlp_1x64_relu,10,90,312,0.001407247269526124,0.001081557828001678
mlp_1x64_relu,10,90,313,0.0014035042840987444,0.0010825366480275989
mlp_1x64_relu,10,90,314,0.0014036319917067885,0.001083260285668075
mlp_1x64_relu,10,90,315,0.0014029867015779018,0.001079508918337524
mlp_1x64_relu,10,90,316,0.0014014896005392075,0.0010679666884243488
mlp_1x64_relu,10,90,317,0.0014033064944669604,0.0010805514175444841
mlp_1x64_relu,10,90,318,0.001403797883540392,0.001080492278560996
mlp_1x64_relu,10,90,319,0.001401199260726571,0.0010806581703945994
mlp_1x64_relu,10,90,320,0.001400427077896893,0.0010744063183665276
mlp_1x64_relu,10,90,321,0.0014041122049093246,0.001073545659892261
mlp_1x64_relu,10,90,322,0.0014013255713507533,0.0010768827050924301
mlp_1x64_relu,10,90,323,0.0014115013182163239,0.0010707085020840168
mlp_1x64_relu,10,90,324,0.0014101524138823152,0.001077184802852571
mlp_1x64_relu,10,90,325,0.0014035111526027322,0.0010771999368444085
mlp_1x64_relu,10,90,326,0.001406169729307294,0.0010666240705177188
mlp_1x64_relu,10,90,327,0.001406530849635601,0.0010707115288823843
mlp_1x64_relu,10,90,328,0.001404029899276793,0.0010855157161131501
mlp_1x64_relu,10,90,329,0.001406317576766014,0.0010737803531810641
mlp_1x64_relu,10,90,330,0.001403839560225606,0.001072895829565823
mlp_1x64_relu,10,90,331,0.0014095224905759096,0.0010619901586323977
mlp_1x64_relu,10,90,332,0.0014109369367361069,0.00106180424336344
mlp_1x64_relu,10,90,333,0.0014043392147868872,0.0010722678853198886
mlp_1x64_relu,10,90,334,0.0014089737087488174,0.0010704902233555913
mlp_1x64_relu,10,90,335,0.0014074693899601698,0.0010695820674300194
mlp_1x64_relu,10,90,336,0.0014095096848905087,0.0010721146827563643
mlp_1x64_relu,10,90,337,0.0014057260705158114,0.0010765785118564963
mlp_1x64_relu,10,90,338,0.001408227952197194,0.0010868253884837031
mlp_1x64_relu,10,90,339,0.0014116773381829262,0.0010738323908299208
mlp_1x64_relu,10,90,340,0.0014056424843147397,0.001088481629267335
mlp_1x64_relu,10,90,341,0.0014079321408644319,0.0010811674874275923
mlp_1x64_relu,10,90,342,0.0014072146732360125,0.001069366349838674
mlp_1x64_relu,10,90,343,0.0014082900015637279,0.0010812340769916773
mlp_1x64_relu,10,90,344,0.0014081425033509731,0.0010725825559347868
mlp_1x64_relu,10,90,345,0.0014049875317141414,0.0010895710438489914
mlp_1x64_relu,10,90,346,0.0014080810360610485,0.0010657887905836105
mlp_1x64_relu,10,90,347,0.0014084153808653355,0.0010688339825719595
mlp_1x64_relu,10,90,348,0.0014049351448193192,0.0010756354313343763
mlp_1x64_relu,10,90,349,0.0014096213271841407,0.001067429780960083
mlp_1x64_relu,10,90,350,0.0014089198084548116,0.001072173472493887
mlp_1x64_relu,10,90,351,0.0014058413216844201,0.0010750871151685715
mlp_1x64_relu,10,90,352,0.0014045984717085958,0.0010725995525717735
mlp_1x64_relu,10,90,353,0.001409138785675168,0.0010751632507890463
mlp_1x64_relu,10,90,354,0.0014091613702476025,0.0010593272745609283
mlp_1x64_relu,10,90,355,0.0014112853677943349,0.0010664063738659024
mlp_1x64_relu,10,90,356,0.0014103255234658718,0.0010700140846893191
mlp_1x64_relu,10,90,357,0.0014085350558161736,0.0010648429160937667
mlp_1x64_relu,10,90,358,0.001410017255693674,0.0010682757711037993
mlp_1x64_relu,10,90,359,0.0014061087276786566,0.001073827501386404
mlp_1x64_relu,10,90,360,0.0014078980311751366,0.0010671066120266914
mlp_1x64_relu,10,90,361,0.0014091826742514968,0.0010637901723384857
mlp_1x64_relu,10,90,362,0.0014087168965488672,0.0010672846110537648
mlp_1x64_relu,10,90,363,0.0014078810345381498,0.0010740229627117515
mlp_1x64_relu,10,90,364,0.0014095259830355644,0.0010635191574692726
mlp_1x64_relu,10,90,365,0.00140720559284091,0.0010750292567536235
mlp_1x64_relu,10,90,366,0.0014068213058635592,0.0010750197106972337
mlp_1x64_relu,10,90,367,0.0014078126987442374,0.0010833496926352382
mlp_1x64_relu,10,90,368,0.0014077669475227594,0.0010638736421242356
mlp_1x64_relu,10,90,369,0.001409734832122922,0.0010686971945688128
mlp_1x64_relu,10,90,370,0.0014048595912754536,0.0010719315614551306
mlp_1x64_relu,10,90,371,0.0014108909526839852,0.0010699833510443568
mlp_1x64_relu,10,90,372,0.0014080940745770931,0.0010667622555047274
mlp_1x64_relu,10,90,373,0.0014087060699239373,0.001081255730241537
mlp_1x64_relu,10,90,374,0.0014068848686292768,0.00107378582470119
mlp_1x64_relu,10,90,375,0.0014091483317315578,0.0010672577191144228
mlp_1x64_relu,10,90,376,0.0014064660063013434,0.0010693460935726762
mlp_1x64_relu,10,90,377,0.001406310242600739,0.0010725244646891952
mlp_1x64_relu,10,90,378,0.0014099945547059178,0.0010714790550991893
mlp_1x64_relu,10,90,379,0.0014083768473938107,0.0010665719164535403
mlp_1x64_relu,10,90,380,0.0014066967414692044,0.0010698165278881788
mlp_1x64_relu,10,90,381,0.0014086898881942034,0.001065848395228386
mlp_1x64_relu,10,90,382,0.0014093094505369663,0.0010740412399172783
mlp_1x64_relu,10,90,383,0.0014115911908447742,0.0010685039451345801
mlp_1x64_relu,10,90,384,0.0014056804357096553,0.0010654303478077054
mlp_1x64_relu,10,90,385,0.0014041477115824819,0.0010661882115527987
mlp_1x64_relu,10,90,386,0.0014076405204832554,0.0010662293061614037
mlp_1x64_relu,10,90,387,0.001405807095579803,0.0010674578370526433
mlp_1x64_relu,10,90,388,0.0014086676528677344,0.001066284836269915
mlp_1x64_relu,10,90,389,0.0014077401719987392,0.001081165042705834
mlp_1x64_relu,10,90,390,0.001406038529239595,0.001069836551323533
mlp_1x64_relu,10,90,391,0.0014061061665415764,0.00107298803050071
mlp_1x64_relu,10,90,392,0.0014070399338379502,0.0010652324417605996
mlp_1x64_relu,10,90,393,0.0014137759571895003,0.0010582607937976718
mlp_1x64_relu,10,90,394,0.0014063019771128893,0.0010636888910084963
mlp_1x64_relu,10,90,395,0.0014064438873901963,0.001078731962479651
mlp_1x64_relu,10,90,396,0.0014061457477509975,0.001069944933988154
mlp_1x64_relu,10,90,397,0.001409689662978053,0.0010753332171589136
mlp_1x64_relu,10,90,398,0.0014051308389753103,0.0010634853970259428
mlp_1x64_relu,10,90,399,0.0014057421358302236,0.0010682014981284738
mlp_1x64_relu,10,90,400,0.0014049086021259427,0.001054933643899858
mlp_1x64_relu,10,90,401,0.001409142161719501,0.001071024569682777
mlp_1x64_relu,10,90,402,0.001408403622917831,0.0010592102771624923
mlp_1x64_relu,10,90,403,0.0014078160747885704,0.0010744007304310799
mlp_1x64_relu,10,90,404,0.001408571028150618,0.0010555981425568461
mlp_1x64_relu,10,90,405,0.0014119889819994569,0.001058383728377521
mlp_1x64_relu,10,90,406,0.00141008454374969,0.0010597689542919397
mlp_1x64_relu,10,90,407,0.0014114492805674672,0.0010611796751618385
mlp_1x64_relu,10,90,408,0.0014040799578651786,0.001078111818060279
mlp_1x64_relu,10,90,409,0.0014093045610934496,0.0010586209828034043
mlp_1x64_relu,10,90,410,0.0014045481802895665,0.0010744831524789333
mlp_1x64_relu,10,90,411,0.0014053162885829806,0.0010651274351403117
mlp_1x64_relu,10,90,412,0.0014073566999286413,0.0010671749478206038
mlp_1x64_relu,10,90,413,0.0014106089947745204,0.0010559142101556063
mlp_1x64_relu,10,90,414,0.001407635398209095,0.0010736379772424698
mlp_1x64_relu,10,90,415,0.0014054947532713413,0.0010604563867673278
mlp_1x64_relu,10,90,416,0.0014077619416639209,0.0010624732822179794
mlp_1x64_relu,10,90,417,0.0014096468221396208,0.001071140170097351
mlp_1x64_relu,10,90,418,0.0014095586957409978,0.0010650140466168523
mlp_1x64_relu,10,90,419,0.0014102031709626317,0.0010675190715119243
mlp_1x64_relu,10,90,420,0.0014060824178159237,0.001070190453901887
mlp_1x64_relu,10,90,421,0.0014065821887925267,0.001081289490684867
mlp_1x64_relu,10,90,422,0.0014067143201828003,0.0010563947726041079
mlp_1x64_relu,10,90,423,0.0014104896690696478,0.0010715037351474166
mlp_1x64_relu,10,90,424,0.0014067846350371838,0.0010597693035379052
mlp_1x64_relu,10,90,425,0.0014063301496207714,0.0010734250536188483
mlp_1x64_relu,10,90,426,0.0014052786864340305,0.0010654981015250087
mlp_1x64_relu,10,90,427,0.0014094976941123605,0.001058716094121337
mlp_1x64_relu,10,90,428,0.0014073862694203854,0.001062639057636261
mlp_1x64_relu,10,90,429,0.0014111201744526625,0.001054823282174766
mlp_1x64_relu,10,90,430,0.0014109343755990267,0.0010588702280074358
mlp_1x64_relu,10,90,431,0.001408355194143951,0.0010679656406864524
mlp_1x64_relu,10,90,432,0.001408483600243926,0.0010625263676047325
mlp_1x64_relu,10,90,433,0.0014125923626124859,0.0010712697403505445
mlp_1x64_relu,10,90,434,0.0014068955788388848,0.0010658794781193137
mlp_1x64_relu,10,90,435,0.0014104434521868825,0.0010647432645782828
mlp_1x64_relu,10,90,436,0.001410043565556407,0.0010614045895636082
mlp_1x64_relu,10,90,437,0.0014080727705731988,0.00106714922003448
mlp_1x64_relu,10,90,438,0.0014067913871258497,0.0010731706861406565
mlp_1x64_relu,10,90,439,0.0014083064161241055,0.0010587262222543359
mlp_1x64_relu,10,90,440,0.001407430856488645,0.00106274732388556
mlp_1x64_relu,10,90,441,0.0014118762919679284,0.0010574831394478679
mlp_1x64_relu,10,90,442,0.001405896618962288,0.0010603215778246522
mlp_1x64_relu,10,90,443,0.0014096407685428858,0.0010664798319339752
mlp_1x64_relu,10,90,444,0.0014079943066462874,0.001063843723386526
mlp_1x64_relu,10,90,445,0.00141019222792238,0.001057047164067626
mlp_1x64_relu,10,90,446,0.0014087054878473282,0.001069012563675642
mlp_1x64_relu,10,90,447,0.0014104715082794428,0.001055598841048777
mlp_1x64_relu,10,90,448,0.0014099307591095567,0.001067713717930019
mlp_1x64_relu,10,90,449,0.001408167532645166,0.001058923196978867
mlp_1x64_relu,10,90,450,0.0014107006136327982,0.0010551965096965432
mlp_1x64_relu,10,90,451,0.001409676973707974,0.0010663021821528673
mlp_1x64_relu,10,90,452,0.0014047976583242416,0.0010701488936319947
mlp_1x64_relu,10,90,453,0.0014071130426600575,0.0010603981791064143
mlp_1x64_relu,10,90,454,0.001409759628586471,0.0010520523646846414
mlp_1x64_relu,10,90,455,0.0014120015548542142,0.0010685554007068276
mlp_1x64_relu,10,90,456,0.001407675095833838,0.0010651482734829187
mlp_1x64_relu,10,90,457,0.0014084329595789313,0.0010628454620018601
mlp_1x64_relu,10,90,458,0.0014085116563364863,0.0010623902780935168
mlp_1x64_relu,10,90,459,0.0014055093051865697,0.0010651297634467483
mlp_1x64_relu,10,90,460,0.001409473828971386,0.001062428462319076
mlp_1x64_relu,10,90,461,0.0014089837204664946,0.001059587812051177
mlp_1x64_relu,10,90,462,0.0014071919722482562,0.0010582000249996781
mlp_1x64_relu,10,90,463,0.001406955998390913,0.0010664360597729683
mlp_1x64_relu,10,90,464,0.0014102872228249907,0.0010663645807653666
mlp_1x64_relu,10,90,465,0.0014108098112046719,0.0010647973977029324
mlp_1x64_relu,10,90,466,0.0014107860624790192,0.0010704583255574107
mlp_1x64_relu,10,90,467,0.001408199779689312,0.001067097531631589
mlp_1x64_relu,10,90,468,0.0014072655467316508,0.001067615463398397
mlp_1x64_relu,10,90,469,0.0014109105104580522,0.0010698384139686823
mlp_1x64_relu,10,90,470,0.0014079778920859098,0.0010741789592429996
mlp_1x64_relu,10,90,471,0.001409607008099556,0.0010658511891961098
mlp_1x64_relu,10,90,472,0.001411289325915277,0.0010594435734674335
mlp_1x64_relu,10,90,473,0.001408616080880165,0.001059140544384718
mlp_1x64_relu,10,90,474,0.0014056075597181916,0.0010684238513931632
mlp_1x64_relu,10,90,475,0.0014095893129706383,0.0010704187443479896
mlp_1x64_relu,10,90,476,0.0014096812810748816,0.0010667169699445367
mlp_1x64_relu,10,90,477,0.0014080870896577835,0.0010709116468206048
mlp_1x64_relu,10,90,478,0.0014086503069847822,0.0010608610464259982
mlp_1x64_relu,10,90,479,0.0014077165396884084,0.001074605854228139
mlp_1x64_relu,10,90,480,0.0014107979368418455,0.0010635550133883953
mlp_1x64_relu,10,90,481,0.0014071718323975801,0.001070077414624393
mlp_1x64_relu,10,90,482,0.0014072989579290152,0.001082323957234621
mlp_1x64_relu,10,90,483,0.0014066159492358565,0.0010803908808156848
mlp_1x64_relu,10,90,484,0.0014053519116714597,0.0010711981449276209
mlp_1x64_relu,10,90,485,0.0014092946657910943,0.001065701711922884
mlp_1x64_relu,10,90,486,0.0014077062951400876,0.0010706771863624454
mlp_1x64_relu,10,90,487,0.0014087334275245667,0.0010708000045269728
mlp_1x64_relu,10,90,488,0.0014102765126153827,0.001068360754288733
mlp_1x64_relu,10,90,489,0.0014074521604925394,0.0010649360483512282
mlp_1x64_relu,10,90,490,0.0014115917729213834,0.001049267710186541
mlp_1x64_relu,10,90,491,0.0014102035202085972,0.001059149857610464
mlp_1x64_relu,10,90,492,0.0014057934749871492,0.0010700093116611242
mlp_1x64_relu,10,90,493,0.0014061052352190018,0.0010776638519018888
mlp_1x64_relu,10,90,494,0.0014093914069235325,0.001052646548487246
mlp_1x64_relu,10,90,495,0.0014149573398754,0.001060463022440672
mlp_1x64_relu,10,90,496,0.0014101843116804957,0.0010678085964173079
mlp_1x64_relu,10,90,497,0.0014058167580515146,0.0010673075448721647
mlp_1x64_relu,10,90,498,0.001406861818395555,0.0010685278102755547
mlp_1x64_relu,10,90,499,0.0014091691700741649,0.0010712224757298827
mlp_1x64_relu,10,90,500,0.001406791154295206,0.0010799047304317355
mlp_1x64_relu,30,1,1,0.4621877670288086,0.2114434838294983
mlp_1x64_relu,30,1,2,0.1894126832485199,0.10931232571601868
mlp_1x64_relu,30,1,3,0.09842499345541,0.06187233328819275
mlp_1x64_relu,30,1,4,0.053746819496154785,0.03555480018258095
mlp_1x64_relu,30,1,5,0.030523596331477165,0.021478086709976196
mlp_1x64_relu,30,1,6,0.01938638463616371,0.014644958078861237
mlp_1x64_relu,30,1,7,0.014858854934573174,0.011724903248250484
mlp_1x64_relu,30,1,8,0.013139765709638596,0.01058143563568592
mlp_1x64_relu,30,1,9,0.01251046359539032,0.010013805702328682
mlp_1x64_relu,30,1,10,0.012221924029290676,0.009795042686164379
mlp_1x64_relu,30,1,11,0.01204616203904152,0.00973219983279705
mlp_1x64_relu,30,1,12,0.011914633214473724,0.009840978309512138
mlp_1x64_relu,30,1,13,0.011819697916507721,0.009866679087281227
mlp_1x64_relu,30,1,14,0.011724238283932209,0.010015308856964111
mlp_1x64_relu,30,1,15,0.011672968044877052,0.010293737053871155
mlp_1x64_relu,30,1,16,0.011635950766503811,0.010696064680814743
mlp_1x64_relu,30,1,17,0.011719788424670696,0.010506832040846348
mlp_1x64_relu,30,1,18,0.011901376768946648,0.010276381857693195
mlp_1x64_relu,30,1,19,0.011610139161348343,0.010581442154943943
mlp_1x64_relu,30,1,20,0.011535010300576687,0.011097805574536324
mlp_1x64_relu,30,1,21,0.01140946801751852,0.010873541235923767
mlp_1x64_relu,30,1,22,0.011299565434455872,0.010597662068903446
mlp_1x64_relu,30,1,23,0.011449771001935005,0.010673251934349537
mlp_1x64_relu,30,1,24,0.011567163281142712,0.010719805024564266
mlp_1x64_relu,30,1,25,0.011503811925649643,0.010902905836701393
mlp_1x64_relu,30,1,26,0.011402197182178497,0.01101804431527853
mlp_1x64_relu,30,1,27,0.011165710166096687,0.011191105470061302
mlp_1x64_relu,30,1,28,0.0109029496088624,0.010351673699915409
mlp_1x64_relu,30,1,29,0.010809372179210186,0.010766961611807346
mlp_1x64_relu,30,1,30,0.010808253660798073,0.010544748976826668
mlp_1x64_relu,30,1,31,0.01080385409295559,0.010672090575098991
mlp_1x64_relu,30,1,32,0.01095318142324686,0.010874052532017231
mlp_1x64_relu,30,1,33,0.011150375939905643,0.011584509164094925
mlp_1x64_relu,30,1,34,0.011785246431827545,0.010859533213078976
mlp_1x64_relu,30,1,35,0.011205645278096199,0.010471505112946033
mlp_1x64_relu,30,1,36,0.010627270676195621,0.01037165429443121
mlp_1x64_relu,30,1,37,0.010490494780242443,0.010275742039084435
mlp_1x64_relu,30,1,38,0.010530056431889534,0.010411822237074375
mlp_1x64_relu,30,1,39,0.010845511220395565,0.010997859761118889
mlp_1x64_relu,30,1,40,0.0109186302870512,0.011201390996575356
mlp_1x64_relu,30,1,41,0.010810957290232182,0.010783061385154724
mlp_1x64_relu,30,1,42,0.011137241497635841,0.010505433194339275
mlp_1x64_relu,30,1,43,0.011633748188614845,0.011546622030436993
mlp_1x64_relu,30,1,44,0.011309774592518806,0.010030517354607582
mlp_1x64_relu,30,1,45,0.010646207258105278,0.010052929632365704
mlp_1x64_relu,30,1,46,0.01048541720956564,0.009962866082787514
mlp_1x64_relu,30,1,47,0.01043182983994484,0.010080373845994473
mlp_1x64_relu,30,1,48,0.01051684282720089,0.010266436263918877
mlp_1x64_relu,30,1,49,0.010497569106519222,0.010218502022325993
mlp_1x64_relu,30,1,50,0.010433489456772804,0.010252157226204872
mlp_1x64_relu,30,1,51,0.010563727468252182,0.01025315746665001
mlp_1x64_relu,30,1,52,0.010827632620930672,0.01071980781853199
mlp_1x64_relu,30,1,53,0.010923821479082108,0.010592199862003326
mlp_1x64_relu,30,1,54,0.010699166916310787,0.010060008615255356
mlp_1x64_relu,30,1,55,0.010581489652395248,0.010168945416808128
mlp_1x64_relu,30,1,56,0.010515669360756874,0.01002631988376379
mlp_1x64_relu,30,1,57,0.01061495766043663,0.0100271450355649
mlp_1x64_relu,30,1,58,0.010558107867836952,0.010197182185947895
mlp_1x64_relu,30,1,59,0.010454515926539898,0.010191787034273148
mlp_1x64_relu,30,1,60,0.010555209591984749,0.010173964314162731
mlp_1x64_relu,30,1,61,0.010762677527964115,0.010363410227000713
mlp_1x64_relu,30,1,62,0.010705837048590183,0.010361620225012302
mlp_1x64_relu,30,1,63,0.010789076797664165,0.010441789403557777
mlp_1x64_relu,30,1,64,0.010664810426533222,0.010192965157330036
mlp_1x64_relu,30,1,65,0.010820131748914719,0.009971045888960361
mlp_1x64_relu,30,1,66,0.010608144104480743,0.010112599469721317
mlp_1x64_relu,30,1,67,0.010401980020105839,0.010072528384625912
mlp_1x64_relu,30,1,68,0.010364217683672905,0.010002543218433857
mlp_1x64_relu,30,1,69,0.010369447059929371,0.010037552565336227
mlp_1x64_relu,30,1,70,0.010412325151264668,0.010064372792840004
mlp_1x64_relu,30,1,71,0.010387169197201729,0.010133116506040096
mlp_1x64_relu,30,1,72,0.010412689298391342,0.01016551535576582
mlp_1x64_relu,30,1,73,0.010407532565295696,0.010059853084385395
mlp_1x64_relu,30,1,74,0.010377665981650352,0.010244078934192657
mlp_1x64_relu,30,1,75,0.010538010857999325,0.010308856144547462
mlp_1x64_relu,30,1,76,0.010496889241039753,0.010285766795277596
mlp_1x64_relu,30,1,77,0.010353649966418743,0.010209177620708942
mlp_1x64_relu,30,1,78,0.010293923318386078,0.010145229287445545
mlp_1x64_relu,30,1,79,0.010420585051178932,0.009945976547896862
mlp_1x64_relu,30,1,80,0.010334947146475315,0.010263055562973022
mlp_1x64_relu,30,1,81,0.010213632136583328,0.010109652765095234
mlp_1x64_relu,30,1,82,0.010233145207166672,0.010085814632475376
mlp_1x64_relu,30,1,83,0.010248713195323944,0.01011680532246828
mlp_1x64_relu,30,1,84,0.010340613313019276,0.010238459333777428
mlp_1x64_relu,30,1,85,0.010349735617637634,0.010116757825016975
mlp_1x64_relu,30,1,86,0.010328354313969612,0.010164436884224415
mlp_1x64_relu,30,1,87,0.010343678295612335,0.010197555646300316
mlp_1x64_relu,30,1,88,0.010544096119701862,0.010121731087565422
mlp_1x64_relu,30,1,89,0.010423052124679089,0.010151134803891182
mlp_1x64_relu,30,1,90,0.010327223688364029,0.010024485178291798
mlp_1x64_relu,30,1,91,0.010339492931962013,0.010164204984903336
mlp_1x64_relu,30,1,92,0.010384115390479565,0.009978975169360638
mlp_1x64_relu,30,1,93,0.010481474921107292,0.009948212653398514
mlp_1x64_relu,30,1,94,0.010278799571096897,0.010064912028610706
mlp_1x64_relu,30,1,95,0.010314129292964935,0.010043814778327942
mlp_1x64_relu,30,1,96,0.010233299806714058,0.010070090182125568
mlp_1x64_relu,30,1,97,0.010153339244425297,0.010057295672595501
mlp_1x64_relu,30,1,98,0.01022164523601532,0.010077687911689281
mlp_1x64_relu,30,1,99,0.010257680900394917,0.009965630248188972
mlp_1x64_relu,30,1,100,0.010248013772070408,0.01004148181527853
mlp_1x64_relu,30,1,101,0.010206563398241997,0.010022850707173347
mlp_1x64_relu,30,1,102,0.01015936117619276,0.010076342150568962
mlp_1x64_relu,30,1,103,0.010128053836524487,0.009978622198104858
mlp_1x64_relu,30,1,104,0.010142922401428223,0.010121111758053303
mlp_1x64_relu,30,1,105,0.010090244933962822,0.010008785873651505
mlp_1x64_relu,30,1,106,0.010091075673699379,0.010089748539030552
mlp_1x64_relu,30,1,107,0.010101123712956905,0.010022071190178394
mlp_1x64_relu,30,1,108,0.010184919461607933,0.010078633204102516
mlp_1x64_relu,30,1,109,0.0102084307000041,0.010053027421236038
mlp_1x64_relu,30,1,110,0.010187417268753052,0.010030134581029415
mlp_1x64_relu,30,1,111,0.010081466287374496,0.010080537758767605
mlp_1x64_relu,30,1,112,0.01010839268565178,0.01005614921450615
mlp_1x64_relu,30,1,113,0.010131575167179108,0.010059085674583912
mlp_1x64_relu,30,1,114,0.010184132494032383,0.01000882312655449
mlp_1x64_relu,30,1,115,0.010184956714510918,0.010116972029209137
mlp_1x64_relu,30,1,116,0.010152265429496765,0.009984195232391357
mlp_1x64_relu,30,1,117,0.010129017755389214,0.010029464028775692
mlp_1x64_relu,30,1,118,0.010139069519937038,0.010013937950134277
mlp_1x64_relu,30,1,119,0.010136876255273819,0.01011569518595934
mlp_1x64_relu,30,1,120,0.010167011991143227,0.01004968211054802
mlp_1x64_relu,30,1,121,0.010123513638973236,0.009931560605764389
mlp_1x64_relu,30,1,122,0.01008109375834465,0.010014351457357407
mlp_1x64_relu,30,1,123,0.010201385244727135,0.009987329132854939
mlp_1x64_relu,30,1,124,0.010109973140060902,0.010077493265271187
mlp_1x64_relu,30,1,125,0.01007163431495428,0.010006801225244999
mlp_1x64_relu,30,1,126,0.009984389878809452,0.010033958591520786
mlp_1x64_relu,30,1,127,0.010047947987914085,0.00996592827141285
mlp_1x64_relu,30,1,128,0.009991887956857681,0.010034892708063126
mlp_1x64_relu,30,1,129,0.009989573620259762,0.010000062175095081
mlp_1x64_relu,30,1,130,0.010064192116260529,0.010204721242189407
mlp_1x64_relu,30,1,131,0.010119213722646236,0.009983894415199757
mlp_1x64_relu,30,1,132,0.010045628063380718,0.010043798945844173
mlp_1x64_relu,30,1,133,0.01006321981549263,0.01012574601918459
mlp_1x64_relu,30,1,134,0.009959768503904343,0.010035268031060696
mlp_1x64_relu,30,1,135,0.009999955072999,0.010041603818535805
mlp_1x64_relu,30,1,136,0.009953245520591736,0.009990771301090717
mlp_1x64_relu,30,1,137,0.009924077428877354,0.010049927048385143
mlp_1x64_relu,30,1,138,0.009932104498147964,0.009953128173947334
mlp_1x64_relu,30,1,139,0.009880278259515762,0.009963412769138813
mlp_1x64_relu,30,1,140,0.009901518002152443,0.010091066360473633
mlp_1x64_relu,30,1,141,0.009909198619425297,0.01008433848619461
mlp_1x64_relu,30,1,142,0.009903759695589542,0.009991062805056572
mlp_1x64_relu,30,1,143,0.009963689371943474,0.010081052780151367
mlp_1x64_relu,30,1,144,0.0099805798381567,0.010076615028083324
mlp_1x64_relu,30,1,145,0.009965571574866772,0.010042035020887852
mlp_1x64_relu,30,1,146,0.00989376287907362,0.010072183795273304
mlp_1x64_relu,30,1,147,0.009869708679616451,0.010091694071888924
mlp_1x64_relu,30,1,148,0.009871246293187141,0.010004686191678047
mlp_1x64_relu,30,1,149,0.00991793628782034,0.010084093548357487
mlp_1x64_relu,30,1,150,0.009895425289869308,0.01015241164714098
mlp_1x64_relu,30,1,151,0.009863770566880703,0.010033040307462215
mlp_1x64_relu,30,1,152,0.0098851528018713,0.01014054473489523
mlp_1x64_relu,30,1,153,0.009882288984954357,0.009997472167015076
mlp_1x64_relu,30,1,154,0.009895707480609417,0.010130984708666801
mlp_1x64_relu,30,1,155,0.009902541525661945,0.010054074227809906
mlp_1x64_relu,30,1,156,0.009905792772769928,0.010013445280492306
mlp_1x64_relu,30,1,157,0.00986428838223219,0.010062883608043194
mlp_1x64_relu,30,1,158,0.009859670884907246,0.010040397755801678
mlp_1x64_relu,30,1,159,0.009886975400149822,0.010153896175324917
mlp_1x64_relu,30,1,160,0.009863767772912979,0.010133660398423672
mlp_1x64_relu,30,1,161,0.009853134863078594,0.010086341761052608
mlp_1x64_relu,30,1,162,0.009841362945735455,0.010100370272994041
mlp_1x64_relu,30,1,163,0.009876584634184837,0.010062524117529392
mlp_1x64_relu,30,1,164,0.009839237667620182,0.010110996663570404
mlp_1x64_relu,30,1,165,0.009836089797317982,0.01017710380256176
mlp_1x64_relu,30,1,166,0.009881981648504734,0.010079344734549522
mlp_1x64_relu,30,1,167,0.009878866374492645,0.010172759182751179
mlp_1x64_relu,30,1,168,0.009813923388719559,0.010099860839545727
mlp_1x64_relu,30,1,169,0.009791543707251549,0.01015662681311369
mlp_1x64_relu,30,1,170,0.009789546020328999,0.010028299875557423
mlp_1x64_relu,30,1,171,0.009758835658431053,0.01022257935255766
mlp_1x64_relu,30,1,172,0.009795743972063065,0.010138303972780704
mlp_1x64_relu,30,1,173,0.009846032597124577,0.01019667275249958
mlp_1x64_relu,30,1,174,0.00980188138782978,0.010053107514977455
mlp_1x64_relu,30,1,175,0.009814293123781681,0.010052237659692764
mlp_1x64_relu,30,1,176,0.009774968959391117,0.01015327125787735
mlp_1x64_relu,30,1,177,0.00977154728025198,0.010140370577573776
mlp_1x64_relu,30,1,178,0.00981835275888443,0.010219874791800976
mlp_1x64_relu,30,1,179,0.009807692840695381,0.010145969688892365
mlp_1x64_relu,30,1,180,0.009806555695831776,0.010166783817112446
mlp_1x64_relu,30,1,181,0.00980714987963438,0.010124430991709232
mlp_1x64_relu,30,1,182,0.0097606610506773,0.010145987384021282
mlp_1x64_relu,30,1,183,0.00982040073722601,0.010251488536596298
mlp_1x64_relu,30,1,184,0.009774994105100632,0.010133763775229454
mlp_1x64_relu,30,1,185,0.009765843860805035,0.010242743417620659
mlp_1x64_relu,30,1,186,0.009746947325766087,0.010164562612771988
mlp_1x64_relu,30,1,187,0.009787281975150108,0.010165350511670113
mlp_1x64_relu,30,1,188,0.009785321541130543,0.010111674666404724
mlp_1x64_relu,30,1,189,0.009759061969816685,0.0101339565590024
mlp_1x64_relu,30,1,190,0.009730758145451546,0.010143089108169079
mlp_1x64_relu,30,1,191,0.00975717045366764,0.01015512365847826
mlp_1x64_relu,30,1,192,0.009791214019060135,0.010180655866861343
mlp_1x64_relu,30,1,193,0.00975986011326313,0.010107044130563736
mlp_1x64_relu,30,1,194,0.009756756015121937,0.01019973587244749
mlp_1x64_relu,30,1,195,0.0097444336861372,0.010119626298546791
mlp_1x64_relu,30,1,196,0.009743197821080685,0.010242132470011711
mlp_1x64_relu,30,1,197,0.00976646039634943,0.010128863155841827
mlp_1x64_relu,30,1,198,0.009792779572308064,0.010233692824840546
mlp_1x64_relu,30,1,199,0.009758357889950275,0.010272696614265442
mlp_1x64_relu,30,1,200,0.009790681302547455,0.010194189846515656
mlp_1x64_relu,30,1,201,0.00978842657059431,0.010158701799809933
mlp_1x64_relu,30,1,202,0.009761061519384384,0.010136773809790611
mlp_1x64_relu,30,1,203,0.009779459796845913,0.010245852172374725
mlp_1x64_relu,30,1,204,0.009758432395756245,0.010211859829723835
mlp_1x64_relu,30,1,205,0.009688992984592915,0.010239793919026852
mlp_1x64_relu,30,1,206,0.009723026305437088,0.010187970474362373
mlp_1x64_relu,30,1,207,0.009716499596834183,0.010224650613963604
mlp_1x64_relu,30,1,208,0.00970508810132742,0.01026225183159113
mlp_1x64_relu,30,1,209,0.00971518736332655,0.010187814012169838
mlp_1x64_relu,30,1,210,0.00970556028187275,0.010242976248264313
mlp_1x64_relu,30,1,211,0.009677856229245663,0.010235953144729137
mlp_1x64_relu,30,1,212,0.00968674011528492,0.010188117623329163
mlp_1x64_relu,30,1,213,0.009682957082986832,0.010170524008572102
mlp_1x64_relu,30,1,214,0.009702600538730621,0.010371585376560688
mlp_1x64_relu,30,1,215,0.009718874469399452,0.010133504867553711
mlp_1x64_relu,30,1,216,0.009717891924083233,0.010206020437180996
mlp_1x64_relu,30,1,217,0.009690586477518082,0.010332044214010239
mlp_1x64_relu,30,1,218,0.009652954526245594,0.01025701779872179
mlp_1x64_relu,30,1,219,0.009741843678057194,0.01021166704595089
mlp_1x64_relu,30,1,220,0.009758051484823227,0.010243621654808521
mlp_1x64_relu,30,1,221,0.009709310717880726,0.010129796341061592
mlp_1x64_relu,30,1,222,0.009715640917420387,0.01018997561186552
mlp_1x64_relu,30,1,223,0.009655360132455826,0.010242171585559845
mlp_1x64_relu,30,1,224,0.00967875961214304,0.01028526108711958
mlp_1x64_relu,30,1,225,0.009649617597460747,0.010265765711665154
mlp_1x64_relu,30,1,226,0.009644810110330582,0.010294266045093536
mlp_1x64_relu,30,1,227,0.009663729928433895,0.010304526425898075
mlp_1x64_relu,30,1,228,0.009690766222774982,0.01028415933251381
mlp_1x64_relu,30,1,229,0.009727885946631432,0.010186244733631611
mlp_1x64_relu,30,1,230,0.009681589901447296,0.010275905951857567
mlp_1x64_relu,30,1,231,0.009656619280576706,0.010248484089970589
mlp_1x64_relu,30,1,232,0.009632576256990433,0.010217525996267796
mlp_1x64_relu,30,1,233,0.009669335559010506,0.010242226533591747
mlp_1x64_relu,30,1,234,0.009638085961341858,0.010357082821428776
mlp_1x64_relu,30,1,235,0.009697801433503628,0.010305614210665226
mlp_1x64_relu,30,1,236,0.009693640284240246,0.01021356787532568
mlp_1x64_relu,30,1,237,0.009663974866271019,0.010267301462590694
mlp_1x64_relu,30,1,238,0.009687747806310654,0.010266704484820366
mlp_1x64_relu,30,1,239,0.009670781902968884,0.010272471234202385
mlp_1x64_relu,30,1,240,0.00967735331505537,0.010275272652506828
mlp_1x64_relu,30,1,241,0.009688935242593288,0.010260495357215405
mlp_1x64_relu,30,1,242,0.009646357968449593,0.010283858515322208
mlp_1x64_relu,30,1,243,0.009662910364568233,0.010234923101961613
mlp_1x64_relu,30,1,244,0.009632397443056107,0.01027586217969656
mlp_1x64_relu,30,1,245,0.0096271438524127,0.010263972915709019
mlp_1x64_relu,30,1,246,0.00962764397263527,0.01022255327552557
mlp_1x64_relu,30,1,247,0.009645229205489159,0.010320142842829227
mlp_1x64_relu,30,1,248,0.009627179242670536,0.010219912976026535
mlp_1x64_relu,30,1,249,0.009634291753172874,0.010324395261704922
mlp_1x64_relu,30,1,250,0.009639283642172813,0.01019009668380022
mlp_1x64_relu,30,1,251,0.009669182822108269,0.010265727527439594
mlp_1x64_relu,30,1,252,0.009604454040527344,0.010313172824680805
mlp_1x64_relu,30,1,253,0.009622895158827305,0.010175112634897232
mlp_1x64_relu,30,1,254,0.009619095362722874,0.01033863890916109
mlp_1x64_relu,30,1,255,0.00961978267878294,0.010335039347410202
mlp_1x64_relu,30,1,256,0.00962414313107729,0.010238937102258205
mlp_1x64_relu,30,1,257,0.009653674438595772,0.010305427946150303
mlp_1x64_relu,30,1,258,0.00958096794784069,0.010319959372282028
mlp_1x64_relu,30,1,259,0.009615631774067879,0.010196530260145664
mlp_1x64_relu,30,1,260,0.009669219143688679,0.010295319370925426
mlp_1x64_relu,30,1,261,0.009650351479649544,0.010335471481084824
mlp_1x64_relu,30,1,262,0.00962196197360754,0.010198556818068027
mlp_1x64_relu,30,1,263,0.009638034738600254,0.010207110084593296
mlp_1x64_relu,30,1,264,0.009660638868808746,0.010354943573474884
mlp_1x64_relu,30,1,265,0.009629887528717518,0.010238907299935818
mlp_1x64_relu,30,1,266,0.009584019891917706,0.010330770164728165
mlp_1x64_relu,30,1,267,0.00960901565849781,0.01025431975722313
mlp_1x64_relu,30,1,268,0.009598305448889732,0.01033110823482275
mlp_1x64_relu,30,1,269,0.009603334590792656,0.010202107951045036
mlp_1x64_relu,30,1,270,0.009613476693630219,0.010374261066317558
mlp_1x64_relu,30,1,271,0.009621847420930862,0.010323568247258663
mlp_1x64_relu,30,1,272,0.009650143794715405,0.010427739471197128
mlp_1x64_relu,30,1,273,0.009609818458557129,0.010242871940135956
mlp_1x64_relu,30,1,274,0.009632487781345844,0.010329431854188442
mlp_1x64_relu,30,1,275,0.009629015810787678,0.010282756760716438
mlp_1x64_relu,30,1,276,0.009589909575879574,0.010327066294848919
mlp_1x64_relu,30,1,277,0.009576340205967426,0.01029631495475769
mlp_1x64_relu,30,1,278,0.009571453556418419,0.010378079488873482
mlp_1x64_relu,30,1,279,0.009548244066536427,0.010246360674500465
mlp_1x64_relu,30,1,280,0.009570901282131672,0.010277838446199894
mlp_1x64_relu,30,1,281,0.009584987536072731,0.01025508251041174
mlp_1x64_relu,30,1,282,0.00959361344575882,0.010337195359170437
mlp_1x64_relu,30,1,283,0.009596645832061768,0.010293695144355297
mlp_1x64_relu,30,1,284,0.009560847654938698,0.010304651223123074
mlp_1x64_relu,30,1,285,0.009543162770569324,0.010381427593529224
mlp_1x64_relu,30,1,286,0.00958919245749712,0.01033067237585783
mlp_1x64_relu,30,1,287,0.009562363848090172,0.010296080261468887
mlp_1x64_relu,30,1,288,0.009560824371874332,0.010245081968605518
mlp_1x64_relu,30,1,289,0.009618161246180534,0.010219477117061615
mlp_1x64_relu,30,1,290,0.009587910957634449,0.010406038723886013
mlp_1x64_relu,30,1,291,0.009565189480781555,0.010267592035233974
mlp_1x64_relu,30,1,292,0.009556693024933338,0.010251957923173904
mlp_1x64_relu,30,1,293,0.009569444693624973,0.010313778184354305
mlp_1x64_relu,30,1,294,0.009578253142535686,0.010254012420773506
mlp_1x64_relu,30,1,295,0.009582200087606907,0.010219319723546505
mlp_1x64_relu,30,1,296,0.009563556872308254,0.010225173085927963
mlp_1x64_relu,30,1,297,0.009595739655196667,0.01025895494967699
mlp_1x64_relu,30,1,298,0.009589320048689842,0.010400580242276192
mlp_1x64_relu,30,1,299,0.009540223516523838,0.010299927555024624
mlp_1x64_relu,30,1,300,0.0095408596098423,0.010346561670303345
mlp_1x64_relu,30,1,301,0.009529097937047482,0.010194176807999611
mlp_1x64_relu,30,1,302,0.00955286342650652,0.010341344401240349
mlp_1x64_relu,30,1,303,0.009505121037364006,0.010287332348525524
mlp_1x64_relu,30,1,304,0.009534359909594059,0.010236583650112152
mlp_1x64_relu,30,1,305,0.009495667181909084,0.010311737656593323
mlp_1x64_relu,30,1,306,0.00952472910284996,0.010302543640136719
mlp_1x64_relu,30,1,307,0.009539584629237652,0.010461418889462948
mlp_1x64_relu,30,1,308,0.009551284834742546,0.010222654789686203
mlp_1x64_relu,30,1,309,0.00954062957316637,0.010385910980403423
mlp_1x64_relu,30,1,310,0.009487668983638287,0.01037681382149458
mlp_1x64_relu,30,1,311,0.00952297355979681,0.010322529822587967
mlp_1x64_relu,30,1,312,0.009524000808596611,0.010328168049454689
mlp_1x64_relu,30,1,313,0.009502517990767956,0.010353983379900455
mlp_1x64_relu,30,1,314,0.00954629760235548,0.010361839085817337
mlp_1x64_relu,30,1,315,0.009547923691570759,0.010325537994503975
mlp_1x64_relu,30,1,316,0.009536686353385448,0.010343663394451141
mlp_1x64_relu,30,1,317,0.009547670371830463,0.010380439460277557
mlp_1x64_relu,30,1,318,0.009516511112451553,0.010224506258964539
mlp_1x64_relu,30,1,319,0.009525810368359089,0.010428034700453281
mlp_1x64_relu,30,1,320,0.009505929425358772,0.010252462700009346
mlp_1x64_relu,30,1,321,0.009520573541522026,0.01034546922892332
mlp_1x64_relu,30,1,322,0.00950474664568901,0.010425609536468983
mlp_1x64_relu,30,1,323,0.009560875594615936,0.010320398956537247
mlp_1x64_relu,30,1,324,0.009560102596879005,0.01039880607277155
mlp_1x64_relu,30,1,325,0.00956437923014164,0.010393161326646805
mlp_1x64_relu,30,1,326,0.009547880850732327,0.010249661281704903
mlp_1x64_relu,30,1,327,0.009534861892461777,0.01033417321741581
mlp_1x64_relu,30,1,328,0.009516708552837372,0.010345048271119595
mlp_1x64_relu,30,1,329,0.009498330764472485,0.010316168889403343
mlp_1x64_relu,30,1,330,0.009519202634692192,0.010363554581999779
mlp_1x64_relu,30,1,331,0.009492636658251286,0.010315924882888794
mlp_1x64_relu,30,1,332,0.009499019011855125,0.01039310172200203
mlp_1x64_relu,30,1,333,0.009511825628578663,0.01019507646560669
mlp_1x64_relu,30,1,334,0.009520751424133778,0.010399713180959225
mlp_1x64_relu,30,1,335,0.009514541365206242,0.010319859720766544
mlp_1x64_relu,30,1,336,0.009498806670308113,0.010331300087273121
mlp_1x64_relu,30,1,337,0.009494012221693993,0.010347668081521988
mlp_1x64_relu,30,1,338,0.00949639268219471,0.010384565219283104
mlp_1x64_relu,30,1,339,0.00949813798069954,0.010298390872776508
mlp_1x64_relu,30,1,340,0.00951594952493906,0.010414370335638523
mlp_1x64_relu,30,1,341,0.00950486771762371,0.010361447930335999
mlp_1x64_relu,30,1,342,0.009482580237090588,0.010326790623366833
mlp_1x64_relu,30,1,343,0.009460353292524815,0.010301634669303894
mlp_1x64_relu,30,1,344,0.009464251808822155,0.01041922252625227
mlp_1x64_relu,30,1,345,0.009497488848865032,0.010332695208489895
mlp_1x64_relu,30,1,346,0.009521281346678734,0.010414342395961285
mlp_1x64_relu,30,1,347,0.00953095406293869,0.01030151266604662
mlp_1x64_relu,30,1,348,0.009511677548289299,0.010363948531448841
mlp_1x64_relu,30,1,349,0.009528985247015953,0.010352104902267456
mlp_1x64_relu,30,1,350,0.009527109563350677,0.010375872254371643
mlp_1x64_relu,30,1,351,0.009523694403469563,0.01037934422492981
mlp_1x64_relu,30,1,352,0.00950313825160265,0.010389169678092003
mlp_1x64_relu,30,1,353,0.009480709210038185,0.01037310715764761
mlp_1x64_relu,30,1,354,0.009470323100686073,0.010411323048174381
mlp_1x64_relu,30,1,355,0.009470786899328232,0.010308626107871532
mlp_1x64_relu,30,1,356,0.0094703808426857,0.010404322296380997
mlp_1x64_relu,30,1,357,0.009497161954641342,0.010371987707912922
mlp_1x64_relu,30,1,358,0.009502261877059937,0.010381748899817467
mlp_1x64_relu,30,1,359,0.009485919028520584,0.010430346243083477
mlp_1x64_relu,30,1,360,0.009500975720584393,0.010416604578495026
mlp_1x64_relu,30,1,361,0.009538214653730392,0.010375400073826313
mlp_1x64_relu,30,1,362,0.00952332466840744,0.010338499210774899
mlp_1x64_relu,30,1,363,0.009496033191680908,0.010397343896329403
mlp_1x64_relu,30,1,364,0.009465508162975311,0.010442078113555908
mlp_1x64_relu,30,1,365,0.009473179467022419,0.010313323698937893
mlp_1x64_relu,30,1,366,0.009469945915043354,0.010428586974740028
mlp_1x64_relu,30,1,367,0.00947665236890316,0.010381843894720078
mlp_1x64_relu,30,1,368,0.009468290023505688,0.010359866544604301
mlp_1x64_relu,30,1,369,0.009506303817033768,0.010443439707159996
mlp_1x64_relu,30,1,370,0.009460979141294956,0.010451105423271656
mlp_1x64_relu,30,1,371,0.009467676281929016,0.010461095720529556
mlp_1x64_relu,30,1,372,0.009465022943913937,0.010416029952466488
mlp_1x64_relu,30,1,373,0.00950811617076397,0.010365930385887623
mlp_1x64_relu,30,1,374,0.009434277191758156,0.010350575670599937
mlp_1x64_relu,30,1,375,0.009469399228692055,0.010422945022583008
mlp_1x64_relu,30,1,376,0.009461672976613045,0.010404820553958416
mlp_1x64_relu,30,1,377,0.009492564015090466,0.010439670644700527
mlp_1x64_relu,30,1,378,0.00950436107814312,0.01042662188410759
mlp_1x64_relu,30,1,379,0.00948913861066103,0.010423543862998486
mlp_1x64_relu,30,1,380,0.009479186497628689,0.010419421829283237
mlp_1x64_relu,30,1,381,0.00946930330246687,0.010447289794683456
mlp_1x64_relu,30,1,382,0.00945002119988203,0.010353372432291508
mlp_1x64_relu,30,1,383,0.009477955289185047,0.010478648357093334
mlp_1x64_relu,30,1,384,0.009488509967923164,0.010392210446298122
mlp_1x64_relu,30,1,385,0.009471124969422817,0.010353143326938152
mlp_1x64_relu,30,1,386,0.00948018953204155,0.01054697297513485
mlp_1x64_relu,30,1,387,0.009432784281671047,0.010370231233537197
mlp_1x64_relu,30,1,388,0.009442230686545372,0.010491704568266869
mlp_1x64_relu,30,1,389,0.00945801381021738,0.010459248907864094
mlp_1x64_relu,30,1,390,0.009479868225753307,0.010468765161931515
mlp_1x64_relu,30,1,391,0.009476622566580772,0.010459263809025288
mlp_1x64_relu,30,1,392,0.009460259228944778,0.010358216241002083
mlp_1x64_relu,30,1,393,0.009470691904425621,0.010497749783098698
mlp_1x64_relu,30,1,394,0.00946582667529583,0.010388542897999287
mlp_1x64_relu,30,1,395,0.009474159218370914,0.010507483035326004
mlp_1x64_relu,30,1,396,0.009487670846283436,0.010470542125403881
mlp_1x64_relu,30,1,397,0.009493255987763405,0.010445513762533665
mlp_1x64_relu,30,1,398,0.009481008164584637,0.010398587211966515
mlp_1x64_relu,30,1,399,0.009451979771256447,0.01043046172708273
mlp_1x64_relu,30,1,400,0.009476309642195702,0.010423975996673107
mlp_1x64_relu,30,1,401,0.009466954506933689,0.010505899786949158
mlp_1x64_relu,30,1,402,0.009437734261155128,0.010354236699640751
mlp_1x64_relu,30,1,403,0.009453251957893372,0.010472074151039124
mlp_1x64_relu,30,1,404,0.009456449188292027,0.010350443422794342
mlp_1x64_relu,30,1,405,0.009435240179300308,0.010429520159959793
mlp_1x64_relu,30,1,406,0.009440251626074314,0.010381149128079414
mlp_1x64_relu,30,1,407,0.009436482563614845,0.010452207177877426
mlp_1x64_relu,30,1,408,0.009479650296270847,0.010545720346271992
mlp_1x64_relu,30,1,409,0.009435826912522316,0.01039979699999094
mlp_1x64_relu,30,1,410,0.0094655342400074,0.010430930182337761
mlp_1x64_relu,30,1,411,0.009424356743693352,0.010503770783543587
mlp_1x64_relu,30,1,412,0.009406426921486855,0.010512897744774818
mlp_1x64_relu,30,1,413,0.009425852447748184,0.010406426154077053
mlp_1x64_relu,30,1,414,0.00945910345762968,0.010552915744483471
mlp_1x64_relu,30,1,415,0.009461252950131893,0.010452249087393284
mlp_1x64_relu,30,1,416,0.009453672915697098,0.010446171276271343
mlp_1x64_relu,30,1,417,0.009450678713619709,0.010422294028103352
mlp_1x64_relu,30,1,418,0.009447562508285046,0.010534687899053097
mlp_1x64_relu,30,1,419,0.009447192773222923,0.010424774140119553
mlp_1x64_relu,30,1,420,0.009455181658267975,0.010556241497397423
mlp_1x64_relu,30,1,421,0.009420792572200298,0.010416919365525246
mlp_1x64_relu,30,1,422,0.009460682980716228,0.010596495121717453
mlp_1x64_relu,30,1,423,0.009418568573892117,0.010410702787339687
mlp_1x64_relu,30,1,424,0.009437796659767628,0.010509496554732323
mlp_1x64_relu,30,1,425,0.009439956396818161,0.010440072976052761
mlp_1x64_relu,30,1,426,0.00943257287144661,0.010626906529068947
mlp_1x64_relu,30,1,427,0.009451460093259811,0.01033891923725605
mlp_1x64_relu,30,1,428,0.009465196169912815,0.01063548494130373
mlp_1x64_relu,30,1,429,0.009424231015145779,0.010439815931022167
mlp_1x64_relu,30,1,430,0.009443805553019047,0.010480476543307304
mlp_1x64_relu,30,1,431,0.009423415176570415,0.010494313202798367
mlp_1x64_relu,30,1,432,0.009454680606722832,0.0104601439088583
mlp_1x64_relu,30,1,433,0.009449995122849941,0.010481664910912514
mlp_1x64_relu,30,1,434,0.009412938728928566,0.010533811524510384
mlp_1x64_relu,30,1,435,0.009411896578967571,0.01053693052381277
mlp_1x64_relu,30,1,436,0.009428594261407852,0.010510305874049664
mlp_1x64_relu,30,1,437,0.009412200190126896,0.010555840097367764
mlp_1x64_relu,30,1,438,0.009447588585317135,0.010565467178821564
mlp_1x64_relu,30,1,439,0.009440794587135315,0.010517895221710205
mlp_1x64_relu,30,1,440,0.009443812072277069,0.010457991622388363
mlp_1x64_relu,30,1,441,0.009447610005736351,0.010543370619416237
mlp_1x64_relu,30,1,442,0.009438431821763515,0.01063524466007948
mlp_1x64_relu,30,1,443,0.009461048059165478,0.010512404143810272
mlp_1x64_relu,30,1,444,0.009447013959288597,0.010419736616313457
mlp_1x64_relu,30,1,445,0.009418660774827003,0.010514037683606148
mlp_1x64_relu,30,1,446,0.009409110061824322,0.010452712886035442
mlp_1x64_relu,30,1,447,0.009406662546098232,0.010436362586915493
mlp_1x64_relu,30,1,448,0.009396130219101906,0.010458731092512608
mlp_1x64_relu,30,1,449,0.00941266119480133,0.01054255198687315
mlp_1x64_relu,30,1,450,0.00943157821893692,0.010547279380261898
mlp_1x64_relu,30,1,451,0.009468854404985905,0.01045313011854887
mlp_1x64_relu,30,1,452,0.009460782632231712,0.010532313026487827
mlp_1x64_relu,30,1,453,0.009403632953763008,0.010564723052084446
mlp_1x64_relu,30,1,454,0.009373592212796211,0.010580024681985378
mlp_1x64_relu,30,1,455,0.009413211606442928,0.010572114959359169
mlp_1x64_relu,30,1,456,0.009403460659086704,0.010532969608902931
mlp_1x64_relu,30,1,457,0.009429321624338627,0.010608901269733906
mlp_1x64_relu,30,1,458,0.009415512904524803,0.01043250598013401
mlp_1x64_relu,30,1,459,0.0094346534460783,0.010512875393033028
mlp_1x64_relu,30,1,460,0.009451041929423809,0.010566245764493942
mlp_1x64_relu,30,1,461,0.00943054724484682,0.010481626726686954
mlp_1x64_relu,30,1,462,0.009425673633813858,0.010442258790135384
mlp_1x64_relu,30,1,463,0.009410551749169827,0.010553600266575813
mlp_1x64_relu,30,1,464,0.009408720768988132,0.010472575202584267
mlp_1x64_relu,30,1,465,0.009423228912055492,0.010577120818197727
mlp_1x64_relu,30,1,466,0.009433440864086151,0.010567973367869854
mlp_1x64_relu,30,1,467,0.009418897330760956,0.01063378807157278
mlp_1x64_relu,30,1,468,0.009395225904881954,0.010525759309530258
mlp_1x64_relu,30,1,469,0.009410818107426167,0.010506144724786282
mlp_1x64_relu,30,1,470,0.009416119195520878,0.010645562782883644
mlp_1x64_relu,30,1,471,0.009413633495569229,0.010570007376372814
mlp_1x64_relu,30,1,472,0.009402466006577015,0.010568990372121334
mlp_1x64_relu,30,1,473,0.009427421726286411,0.010587147437036037
mlp_1x64_relu,30,1,474,0.009416094049811363,0.010619533248245716
mlp_1x64_relu,30,1,475,0.009432373568415642,0.010526326484978199
mlp_1x64_relu,30,1,476,0.00937831960618496,0.010590978898108006
mlp_1x64_relu,30,1,477,0.009418484754860401,0.010578536428511143
mlp_1x64_relu,30,1,478,0.009414659813046455,0.010585471987724304
mlp_1x64_relu,30,1,479,0.00941032450646162,0.010596958920359612
mlp_1x64_relu,30,1,480,0.0094114625826478,0.01059758011251688
mlp_1x64_relu,30,1,481,0.009402245283126831,0.010571775957942009
mlp_1x64_relu,30,1,482,0.009397094137966633,0.010678838938474655
mlp_1x64_relu,30,1,483,0.009364365600049496,0.010548710823059082
mlp_1x64_relu,30,1,484,0.009438925422728062,0.010642901062965393
mlp_1x64_relu,30,1,485,0.00942776259034872,0.010578825138509274
mlp_1x64_relu,30,1,486,0.009414857253432274,0.010665250942111015
mlp_1x64_relu,30,1,487,0.00942766573280096,0.010565659031271935
mlp_1x64_relu,30,1,488,0.009404382668435574,0.010547188110649586
mlp_1x64_relu,30,1,489,0.009428733959794044,0.010568780824542046
mlp_1x64_relu,30,1,490,0.00939808040857315,0.010616508312523365
mlp_1x64_relu,30,1,491,0.00939954537898302,0.010616298764944077
mlp_1x64_relu,30,1,492,0.009431378915905952,0.010600516572594643
mlp_1x64_relu,30,1,493,0.009407131001353264,0.010563201270997524
mlp_1x64_relu,30,1,494,0.009424041956663132,0.010591314174234867
mlp_1x64_relu,30,1,495,0.009414950385689735,0.010582556948065758
mlp_1x64_relu,30,1,496,0.009420676156878471,0.01062503457069397
mlp_1x64_relu,30,1,497,0.009406200610101223,0.010545732453465462
mlp_1x64_relu,30,1,498,0.009400494396686554,0.010612164624035358
mlp_1x64_relu,30,1,499,0.009394976310431957,0.01057090237736702
mlp_1x64_relu,30,1,500,0.00940299965441227,0.010687915608286858
mlp_1x64_relu,30,5,1,0.46195465326309204,0.21079298853874207
mlp_1x64_relu,30,5,2,0.18899734318256378,0.10846597701311111
mlp_1x64_relu,30,5,3,0.09726010262966156,0.06045067682862282
mlp_1x64_relu,30,5,4,0.05167717486619949,0.033319711685180664
mlp_1x64_relu,30,5,5,0.026915395632386208,0.01790856570005417
mlp_1x64_relu,30,5,6,0.014348185621201992,0.01019926369190216
mlp_1x64_relu,30,5,7,0.009108766913414001,0.006893727462738752
mlp_1x64_relu,30,5,8,0.007128669880330563,0.005659547168761492
mlp_1x64_relu,30,5,9,0.006436014082282782,0.005104362033307552
mlp_1x64_relu,30,5,10,0.006120277103036642,0.004945040680468082
mlp_1x64_relu,30,5,11,0.006007450632750988,0.004779073875397444
mlp_1x64_relu,30,5,12,0.005908629857003689,0.004735096357762814
mlp_1x64_relu,30,5,13,0.0058739823289215565,0.004719534423202276
mlp_1x64_relu,30,5,14,0.005824808496981859,0.004753062501549721
mlp_1x64_relu,30,5,15,0.005783979780972004,0.004835847765207291
mlp_1x64_relu,30,5,16,0.005757296457886696,0.0049444823525846004
mlp_1x64_relu,30,5,17,0.005754530895501375,0.004937717225402594
mlp_1x64_relu,30,5,18,0.005781805608421564,0.005062746815383434
mlp_1x64_relu,30,5,19,0.005694110877811909,0.00519296620041132
mlp_1x64_relu,30,5,20,0.005695609841495752,0.005307780113071203
mlp_1x64_relu,30,5,21,0.005741511005908251,0.005144840106368065
mlp_1x64_relu,30,5,22,0.005743678659200668,0.005511763505637646
mlp_1x64_relu,30,5,23,0.0056627909652888775,0.005668436177074909
mlp_1x64_relu,30,5,24,0.005544499959796667,0.005442241206765175
mlp_1x64_relu,30,5,25,0.005443423520773649,0.005226155277341604
mlp_1x64_relu,30,5,26,0.00545275304466486,0.005541931837797165
mlp_1x64_relu,30,5,27,0.005495602265000343,0.005495652090758085
mlp_1x64_relu,30,5,28,0.0053921835497021675,0.005042326636612415
mlp_1x64_relu,30,5,29,0.005273180082440376,0.005441373214125633
mlp_1x64_relu,30,5,30,0.0051754009909927845,0.005161790642887354
mlp_1x64_relu,30,5,31,0.005099983420222998,0.005084343254566193
mlp_1x64_relu,30,5,32,0.005170097574591637,0.004914338234812021
mlp_1x64_relu,30,5,33,0.0051896413788199425,0.004983906168490648
mlp_1x64_relu,30,5,34,0.005516271572560072,0.005192941054701805
mlp_1x64_relu,30,5,35,0.005493229255080223,0.005309612024575472
mlp_1x64_relu,30,5,36,0.005227392073720694,0.00532032735645771
mlp_1x64_relu,30,5,37,0.0052170418202877045,0.005020439624786377
mlp_1x64_relu,30,5,38,0.005428277421742678,0.004907792899757624
mlp_1x64_relu,30,5,39,0.005248344503343105,0.004577449522912502
mlp_1x64_relu,30,5,40,0.004988197702914476,0.004591269884258509
mlp_1x64_relu,30,5,41,0.005025108344852924,0.004703931976109743
mlp_1x64_relu,30,5,42,0.004998911637812853,0.004553741309791803
mlp_1x64_relu,30,5,43,0.005005645100027323,0.00452693086117506
mlp_1x64_relu,30,5,44,0.004902310203760862,0.004693818278610706
mlp_1x64_relu,30,5,45,0.005001516547054052,0.004607899580150843
mlp_1x64_relu,30,5,46,0.005008112173527479,0.00473406258970499
mlp_1x64_relu,30,5,47,0.005010071210563183,0.004747229628264904
mlp_1x64_relu,30,5,48,0.0049995849840343,0.0045906598679721355
mlp_1x64_relu,30,5,49,0.005122197326272726,0.004665344022214413
mlp_1x64_relu,30,5,50,0.005115934647619724,0.004529413767158985
mlp_1x64_relu,30,5,51,0.004973328206688166,0.0044996477663517
mlp_1x64_relu,30,5,52,0.005006005987524986,0.004443898797035217
mlp_1x64_relu,30,5,53,0.005125496536493301,0.004513730760663748
mlp_1x64_relu,30,5,54,0.005098272114992142,0.004489272832870483
mlp_1x64_relu,30,5,55,0.004958559293299913,0.004509668331593275
mlp_1x64_relu,30,5,56,0.004930736031383276,0.0045049237087368965
mlp_1x64_relu,30,5,57,0.004897250793874264,0.0045797377824783325
mlp_1x64_relu,30,5,58,0.0049572293646633625,0.004531379323452711
mlp_1x64_relu,30,5,59,0.004968127701431513,0.0045279329642653465
mlp_1x64_relu,30,5,60,0.004937648773193359,0.004482153803110123
mlp_1x64_relu,30,5,61,0.005034452769905329,0.0044488306157290936
mlp_1x64_relu,30,5,62,0.005021315533667803,0.004490903113037348
mlp_1x64_relu,30,5,63,0.005058353766798973,0.004533558618277311
mlp_1x64_relu,30,5,64,0.005111409816890955,0.004487465601414442
mlp_1x64_relu,30,5,65,0.005101814866065979,0.004482124000787735
mlp_1x64_relu,30,5,66,0.005079235881567001,0.0045554861426353455
mlp_1x64_relu,30,5,67,0.004950878210365772,0.004536313004791737
mlp_1x64_relu,30,5,68,0.004986056592315435,0.0045133656822144985
mlp_1x64_relu,30,5,69,0.004963849205523729,0.004499570932239294
mlp_1x64_relu,30,5,70,0.00502320472151041,0.004510017111897469
mlp_1x64_relu,30,5,71,0.004988653585314751,0.0044836062006652355
mlp_1x64_relu,30,5,72,0.004974684678018093,0.004462515003979206
mlp_1x64_relu,30,5,73,0.004976092372089624,0.0045074112713336945
mlp_1x64_relu,30,5,74,0.0049272519536316395,0.004474369343370199
mlp_1x64_relu,30,5,75,0.004952666815370321,0.004492676816880703
mlp_1x64_relu,30,5,76,0.004947279114276171,0.004457659088075161
mlp_1x64_relu,30,5,77,0.004942454397678375,0.004482542164623737
mlp_1x64_relu,30,5,78,0.004962940234690905,0.004498766735196114
mlp_1x64_relu,30,5,79,0.004971927497535944,0.004483788274228573
mlp_1x64_relu,30,5,80,0.004953593946993351,0.004451201297342777
mlp_1x64_relu,30,5,81,0.004976921249181032,0.004447107203304768
mlp_1x64_relu,30,5,82,0.0049583385698497295,0.004450275097042322
mlp_1x64_relu,30,5,83,0.004973286297172308,0.004449905827641487
mlp_1x64_relu,30,5,84,0.004961014725267887,0.004473574459552765
mlp_1x64_relu,30,5,85,0.005027169827371836,0.004453871864825487
mlp_1x64_relu,30,5,86,0.00500847864896059,0.004457414615899324
mlp_1x64_relu,30,5,87,0.0050030844286084175,0.0044840918853878975
mlp_1x64_relu,30,5,88,0.004973461851477623,0.00443546986207366
mlp_1x64_relu,30,5,89,0.004972233437001705,0.004504319280385971
mlp_1x64_relu,30,5,90,0.004958381876349449,0.004472172353416681
mlp_1x64_relu,30,5,91,0.004984137136489153,0.004453989211469889
mlp_1x64_relu,30,5,92,0.004997755400836468,0.004404716659337282
mlp_1x64_relu,30,5,93,0.00499984435737133,0.004408399108797312
mlp_1x64_relu,30,5,94,0.00500648096203804,0.004450420383363962
mlp_1x64_relu,30,5,95,0.005029588006436825,0.0043998947367072105
mlp_1x64_relu,30,5,96,0.004980237688869238,0.004398968070745468
mlp_1x64_relu,30,5,97,0.004992183297872543,0.004429586697369814
mlp_1x64_relu,30,5,98,0.0049910107627511024,0.0043927207589149475
mlp_1x64_relu,30,5,99,0.005001281853765249,0.004397916607558727
mlp_1x64_relu,30,5,100,0.005000392906367779,0.0043803327716887
mlp_1x64_relu,30,5,101,0.004980260040611029,0.0043927449733018875
mlp_1x64_relu,30,5,102,0.004996425937861204,0.004392638336867094
mlp_1x64_relu,30,5,103,0.0049687596037983894,0.004391101188957691
mlp_1x64_relu,30,5,104,0.005002656020224094,0.00440227473154664
mlp_1x64_relu,30,5,105,0.004968046676367521,0.004374988842755556
mlp_1x64_relu,30,5,106,0.0049877772107720375,0.00436029490083456
mlp_1x64_relu,30,5,107,0.004981215111911297,0.004382156301289797
mlp_1x64_relu,30,5,108,0.00498020788654685,0.004383573308587074
mlp_1x64_relu,30,5,109,0.005007696803659201,0.004361370112746954
mlp_1x64_relu,30,5,110,0.004970510024577379,0.004371359944343567
mlp_1x64_relu,30,5,111,0.004953828640282154,0.004395219963043928
mlp_1x64_relu,30,5,112,0.0049774604849517345,0.0043802931904792786
mlp_1x64_relu,30,5,113,0.004955415613949299,0.004392412956804037
mlp_1x64_relu,30,5,114,0.004945933818817139,0.004414485767483711
mlp_1x64_relu,30,5,115,0.004944901913404465,0.004420707002282143
mlp_1x64_relu,30,5,116,0.004927120637148619,0.004384071100503206
mlp_1x64_relu,30,5,117,0.0049796621315181255,0.004402635153383017
mlp_1x64_relu,30,5,118,0.004958111327141523,0.004414028953760862
mlp_1x64_relu,30,5,119,0.004961151629686356,0.004397149197757244
mlp_1x64_relu,30,5,120,0.004952758084982634,0.004404065199196339
mlp_1x64_relu,30,5,121,0.004968735855072737,0.004327811300754547
mlp_1x64_relu,30,5,122,0.004956649150699377,0.0043761092238128185
mlp_1x64_relu,30,5,123,0.0049444944597780704,0.004407514818012714
mlp_1x64_relu,30,5,124,0.004930094350129366,0.004372990224510431
mlp_1x64_relu,30,5,125,0.00492863217368722,0.004365448374301195
mlp_1x64_relu,30,5,126,0.004940249025821686,0.0043799541890621185
mlp_1x64_relu,30,5,127,0.004904123954474926,0.004350309260189533
mlp_1x64_relu,30,5,128,0.004907593131065369,0.004402771592140198
mlp_1x64_relu,30,5,129,0.004965167958289385,0.004423261620104313
mlp_1x64_relu,30,5,130,0.004906701855361462,0.004341678228229284
mlp_1x64_relu,30,5,131,0.004918196704238653,0.004357439931482077
mlp_1x64_relu,30,5,132,0.0049181547947227955,0.004378934390842915
mlp_1x64_relu,30,5,133,0.004905387759208679,0.004395884927362204
mlp_1x64_relu,30,5,134,0.004900285042822361,0.00436286348849535
mlp_1x64_relu,30,5,135,0.0049373391084373,0.004384227562695742
mlp_1x64_relu,30,5,136,0.00489052152261138,0.0043933759443461895
mlp_1x64_relu,30,5,137,0.004912456497550011,0.004342988133430481
mlp_1x64_relu,30,5,138,0.004908568691462278,0.004340985789895058
mlp_1x64_relu,30,5,139,0.004901153035461903,0.004379945807158947
mlp_1x64_relu,30,5,140,0.004897003062069416,0.004385323729366064
mlp_1x64_relu,30,5,141,0.004881671164184809,0.004386033862829208
mlp_1x64_relu,30,5,142,0.0048889098688960075,0.00437777629122138
mlp_1x64_relu,30,5,143,0.004869256168603897,0.004394992720335722
mlp_1x64_relu,30,5,144,0.004885051865130663,0.004397109616547823
mlp_1x64_relu,30,5,145,0.0048991041257977486,0.004393478389829397
mlp_1x64_relu,30,5,146,0.004884766414761543,0.004357116296887398
mlp_1x64_relu,30,5,147,0.004868524149060249,0.00438053859397769
mlp_1x64_relu,30,5,148,0.004872247111052275,0.004398861899971962
mlp_1x64_relu,30,5,149,0.0048511135391891,0.004367209505289793
mlp_1x64_relu,30,5,150,0.004852421581745148,0.0044207195751369
mlp_1x64_relu,30,5,151,0.004872739315032959,0.00440122140571475
mlp_1x64_relu,30,5,152,0.004867962561547756,0.004399593453854322
mlp_1x64_relu,30,5,153,0.004844137467443943,0.00438676355406642
mlp_1x64_relu,30,5,154,0.004830667749047279,0.004399685189127922
mlp_1x64_relu,30,5,155,0.004834707360714674,0.004405874293297529
mlp_1x64_relu,30,5,156,0.004842137452214956,0.004392965696752071
mlp_1x64_relu,30,5,157,0.004845167975872755,0.004411420319229364
mlp_1x64_relu,30,5,158,0.004844845738261938,0.004383294377475977
mlp_1x64_relu,30,5,159,0.004832768347114325,0.0044243610464036465
mlp_1x64_relu,30,5,160,0.0048375059850513935,0.004393641371279955
mlp_1x64_relu,30,5,161,0.004833545070141554,0.004411756061017513
mlp_1x64_relu,30,5,162,0.004831775091588497,0.004401257261633873
mlp_1x64_relu,30,5,163,0.0048678102903068066,0.004401977639645338
mlp_1x64_relu,30,5,164,0.004837548825889826,0.004392444156110287
mlp_1x64_relu,30,5,165,0.004846327472478151,0.004442047327756882
mlp_1x64_relu,30,5,166,0.00482176523655653,0.004425437189638615
mlp_1x64_relu,30,5,167,0.004840771201997995,0.004415859002619982
mlp_1x64_relu,30,5,168,0.004826695192605257,0.004388858564198017
mlp_1x64_relu,30,5,169,0.004810034763067961,0.0043964749202132225
mlp_1x64_relu,30,5,170,0.004828189499676228,0.004425251390784979
mlp_1x64_relu,30,5,171,0.0048278700560331345,0.004414611030369997
mlp_1x64_relu,30,5,172,0.004831661935895681,0.004426632542163134
mlp_1x64_relu,30,5,173,0.00483350595459342,0.0044162985868752
mlp_1x64_relu,30,5,174,0.0048272148706018925,0.004413613583892584
mlp_1x64_relu,30,5,175,0.004799866117537022,0.004386427346616983
mlp_1x64_relu,30,5,176,0.004835142288357019,0.004447863437235355
mlp_1x64_relu,30,5,177,0.004842023830860853,0.004412107635289431
mlp_1x64_relu,30,5,178,0.004816637374460697,0.0044155181385576725
mlp_1x64_relu,30,5,179,0.004800704773515463,0.004418646916747093
mlp_1x64_relu,30,5,180,0.0048025064170360565,0.004418933764100075
mlp_1x64_relu,30,5,181,0.004813968203961849,0.004374306183308363
mlp_1x64_relu,30,5,182,0.004827956203371286,0.004470037762075663
mlp_1x64_relu,30,5,183,0.004830892197787762,0.004408724140375853
mlp_1x64_relu,30,5,184,0.004810593090951443,0.00443693483248353
mlp_1x64_relu,30,5,185,0.004819939378648996,0.004418113734573126
mlp_1x64_relu,30,5,186,0.004822212271392345,0.004412968177348375
mlp_1x64_relu,30,5,187,0.004816357512027025,0.004435026552528143
mlp_1x64_relu,30,5,188,0.0048032901249825954,0.004407600499689579
mlp_1x64_relu,30,5,189,0.004816729109734297,0.004474493209272623
mlp_1x64_relu,30,5,190,0.004818941466510296,0.004416400101035833
mlp_1x64_relu,30,5,191,0.004813999868929386,0.004438774660229683
mlp_1x64_relu,30,5,192,0.004797863774001598,0.004452323075383902
mlp_1x64_relu,30,5,193,0.004806200508028269,0.0044344644993543625
mlp_1x64_relu,30,5,194,0.004805128090083599,0.004420252982527018
mlp_1x64_relu,30,5,195,0.004820844624191523,0.00443796394392848
mlp_1x64_relu,30,5,196,0.0048028165474534035,0.004425142891705036
mlp_1x64_relu,30,5,197,0.004793578293174505,0.0044585405848920345
mlp_1x64_relu,30,5,198,0.004804093390703201,0.004465086385607719
mlp_1x64_relu,30,5,199,0.004815937485545874,0.004414436873048544
mlp_1x64_relu,30,5,200,0.004805727396160364,0.0044211167842149734
mlp_1x64_relu,30,5,201,0.004818102344870567,0.004458792973309755
mlp_1x64_relu,30,5,202,0.004802361596375704,0.004427411127835512
mlp_1x64_relu,30,5,203,0.004787774756550789,0.004450509790331125
mlp_1x64_relu,30,5,204,0.004778053145855665,0.004447031766176224
mlp_1x64_relu,30,5,205,0.004786901641637087,0.004432651214301586
mlp_1x64_relu,30,5,206,0.004794973414391279,0.004426715895533562
mlp_1x64_relu,30,5,207,0.004790306556969881,0.004457489121705294
mlp_1x64_relu,30,5,208,0.004786827135831118,0.004445779602974653
mlp_1x64_relu,30,5,209,0.004780600778758526,0.004437250085175037
mlp_1x64_relu,30,5,210,0.004793298896402121,0.004417784046381712
mlp_1x64_relu,30,5,211,0.0048021115362644196,0.004465008620172739
mlp_1x64_relu,30,5,212,0.004787593614310026,0.004452171735465527
mlp_1x64_relu,30,5,213,0.004784830380231142,0.004425492137670517
mlp_1x64_relu,30,5,214,0.004793213214725256,0.00442899577319622
mlp_1x64_relu,30,5,215,0.004786570090800524,0.004419014323502779
mlp_1x64_relu,30,5,216,0.004786849021911621,0.004449415020644665
mlp_1x64_relu,30,5,217,0.004788555204868317,0.00444082822650671
mlp_1x64_relu,30,5,218,0.0047896853648126125,0.0044263009913265705
mlp_1x64_relu,30,5,219,0.004776752088218927,0.004418249242007732
mlp_1x64_relu,30,5,220,0.004796354565769434,0.004482908174395561
mlp_1x64_relu,30,5,221,0.004788871854543686,0.004433619324117899
mlp_1x64_relu,30,5,222,0.004789481870830059,0.004472927190363407
mlp_1x64_relu,30,5,223,0.004763565491884947,0.004465690813958645
mlp_1x64_relu,30,5,224,0.004770226776599884,0.0044699860736727715
mlp_1x64_relu,30,5,225,0.00478476844727993,0.004468690138310194
mlp_1x64_relu,30,5,226,0.004796664696186781,0.004499868955463171
mlp_1x64_relu,30,5,227,0.004792944528162479,0.004443057347089052
mlp_1x64_relu,30,5,228,0.004804650787264109,0.004409858025610447
mlp_1x64_relu,30,5,229,0.004791541490703821,0.004448074847459793
mlp_1x64_relu,30,5,230,0.004793135449290276,0.004436068702489138
mlp_1x64_relu,30,5,231,0.004776978399604559,0.0044039213098585606
mlp_1x64_relu,30,5,232,0.004776917863637209,0.004416007082909346
mlp_1x64_relu,30,5,233,0.0047716619446873665,0.004438979085534811
mlp_1x64_relu,30,5,234,0.0047796000726521015,0.004461920354515314
mlp_1x64_relu,30,5,235,0.004777784459292889,0.004401401150971651
mlp_1x64_relu,30,5,236,0.0047669075429439545,0.004449337255209684
mlp_1x64_relu,30,5,237,0.0047671003267169,0.004438692703843117
mlp_1x64_relu,30,5,238,0.00475462106987834,0.004402391146868467
mlp_1x64_relu,30,5,239,0.004770560655742884,0.004431961569935083
mlp_1x64_relu,30,5,240,0.0047776843421161175,0.0044508217833936214
mlp_1x64_relu,30,5,241,0.004800105933099985,0.0044702752493321896
mlp_1x64_relu,30,5,242,0.004790938924998045,0.004440940450876951
mlp_1x64_relu,30,5,243,0.004774934146553278,0.0044670854695141315
mlp_1x64_relu,30,5,244,0.0047736442647874355,0.004427233245223761
mlp_1x64_relu,30,5,245,0.004781423602253199,0.0044504813849925995
mlp_1x64_relu,30,5,246,0.004758918192237616,0.004464647267013788
mlp_1x64_relu,30,5,247,0.004768339917063713,0.0044150096364319324
mlp_1x64_relu,30,5,248,0.0047795153222978115,0.0044862860813736916
mlp_1x64_relu,30,5,249,0.0047524007968604565,0.004455258138477802
mlp_1x64_relu,30,5,250,0.004763665143400431,0.004483017139136791
mlp_1x64_relu,30,5,251,0.0047716484405100346,0.0044551873579621315
mlp_1x64_relu,30,5,252,0.004775507375597954,0.004467025399208069
mlp_1x64_relu,30,5,253,0.004765709862112999,0.004460692871361971
mlp_1x64_relu,30,5,254,0.0047631342895329,0.004457551054656506
mlp_1x64_relu,30,5,255,0.0047649964690208435,0.0044942195527255535
mlp_1x64_relu,30,5,256,0.004766182973980904,0.004494790453463793
mlp_1x64_relu,30,5,257,0.004777943249791861,0.004445115104317665
mlp_1x64_relu,30,5,258,0.004777712747454643,0.0044704764150083065
mlp_1x64_relu,30,5,259,0.004771457985043526,0.004482431337237358
mlp_1x64_relu,30,5,260,0.004783165641129017,0.0044939955696463585
mlp_1x64_relu,30,5,261,0.004754530265927315,0.004503500647842884
mlp_1x64_relu,30,5,262,0.004772336222231388,0.004502270370721817
mlp_1x64_relu,30,5,263,0.0047787572257220745,0.004425413906574249
mlp_1x64_relu,30,5,264,0.004788191989064217,0.004508549813181162
mlp_1x64_relu,30,5,265,0.004786328878253698,0.004465410951524973
mlp_1x64_relu,30,5,266,0.004791509825736284,0.004465312231332064
mlp_1x64_relu,30,5,267,0.004759254865348339,0.004466221202164888
mlp_1x64_relu,30,5,268,0.004765183664858341,0.004479680210351944
mlp_1x64_relu,30,5,269,0.004753818269819021,0.004468339961022139
mlp_1x64_relu,30,5,270,0.004754049703478813,0.004483569413423538
mlp_1x64_relu,30,5,271,0.004775125999003649,0.0044754440896213055
mlp_1x64_relu,30,5,272,0.004765219055116177,0.004445125348865986
mlp_1x64_relu,30,5,273,0.004774544853717089,0.004496704321354628
mlp_1x64_relu,30,5,274,0.00475316634401679,0.00443928362801671
mlp_1x64_relu,30,5,275,0.004755648784339428,0.004514557775110006
mlp_1x64_relu,30,5,276,0.0047524478286504745,0.004483610391616821
mlp_1x64_relu,30,5,277,0.004764362704008818,0.004481651354581118
mlp_1x64_relu,30,5,278,0.004753518849611282,0.00444599986076355
mlp_1x64_relu,30,5,279,0.0047642262652516365,0.0044697788543999195
mlp_1x64_relu,30,5,280,0.004768863786011934,0.004483676049858332
mlp_1x64_relu,30,5,281,0.004754519090056419,0.004473702050745487
mlp_1x64_relu,30,5,282,0.004753390327095985,0.0044650305062532425
mlp_1x64_relu,30,5,283,0.004747982602566481,0.004484197124838829
mlp_1x64_relu,30,5,284,0.004756533075124025,0.004440292716026306
mlp_1x64_relu,30,5,285,0.004761216230690479,0.004500410985201597
mlp_1x64_relu,30,5,286,0.004757038317620754,0.004511159844696522
mlp_1x64_relu,30,5,287,0.004761092364788055,0.004432832822203636
mlp_1x64_relu,30,5,288,0.0047668348997831345,0.004481306299567223
mlp_1x64_relu,30,5,289,0.004767443984746933,0.0044784508645534515
mlp_1x64_relu,30,5,290,0.004728963132947683,0.004459045827388763
mlp_1x64_relu,30,5,291,0.0047445958480238914,0.0045021288096904755
mlp_1x64_relu,30,5,292,0.004754697438329458,0.004476622212678194
mlp_1x64_relu,30,5,293,0.00475281709805131,0.004467785358428955
mlp_1x64_relu,30,5,294,0.004755939356982708,0.004478490445762873
mlp_1x64_relu,30,5,295,0.004747419618070126,0.004505571909248829
mlp_1x64_relu,30,5,296,0.004754670429974794,0.004488672595471144
mlp_1x64_relu,30,5,297,0.0047490885481238365,0.0044863587245345116
mlp_1x64_relu,30,5,298,0.004743006080389023,0.004488080274313688
mlp_1x64_relu,30,5,299,0.004746033810079098,0.004495343659073114
mlp_1x64_relu,30,5,300,0.00476017314940691,0.004506547935307026
mlp_1x64_relu,30,5,301,0.004767347127199173,0.004512060433626175
mlp_1x64_relu,30,5,302,0.00475700106471777,0.004517096560448408
mlp_1x64_relu,30,5,303,0.0047744326293468475,0.004491776693612337
mlp_1x64_relu,30,5,304,0.004754967056214809,0.004501597955822945
mlp_1x64_relu,30,5,305,0.004767511505633593,0.004495331086218357
mlp_1x64_relu,30,5,306,0.004748683422803879,0.004509373102337122
mlp_1x64_relu,30,5,307,0.004746781196445227,0.004467325750738382
mlp_1x64_relu,30,5,308,0.004752752371132374,0.004462929908186197
mlp_1x64_relu,30,5,309,0.004744935780763626,0.004495464265346527
mlp_1x64_relu,30,5,310,0.004739012103527784,0.004508253652602434
mlp_1x64_relu,30,5,311,0.004753138404339552,0.0045101577416062355
mlp_1x64_relu,30,5,312,0.004751426633447409,0.004535971209406853
mlp_1x64_relu,30,5,313,0.004739945754408836,0.004473034292459488
mlp_1x64_relu,30,5,314,0.004744937643408775,0.004501383751630783
mlp_1x64_relu,30,5,315,0.004734195303171873,0.004520348273217678
mlp_1x64_relu,30,5,316,0.004757753107696772,0.004533255007117987
mlp_1x64_relu,30,5,317,0.004752078093588352,0.0045309835113584995
mlp_1x64_relu,30,5,318,0.004751667380332947,0.004505719058215618
mlp_1x64_relu,30,5,319,0.004740386735647917,0.004523614887148142
mlp_1x64_relu,30,5,320,0.0047476086765527725,0.004524977412074804
mlp_1x64_relu,30,5,321,0.004744835663586855,0.004479416646063328
mlp_1x64_relu,30,5,322,0.004745416808873415,0.004515103995800018
mlp_1x64_relu,30,5,323,0.004744940437376499,0.004519481677561998
mlp_1x64_relu,30,5,324,0.0047510103322565556,0.004539766814559698
mlp_1x64_relu,30,5,325,0.004743831232190132,0.004515476059168577
mlp_1x64_relu,30,5,326,0.0047513400204479694,0.004488187376409769
mlp_1x64_relu,30,5,327,0.004754669964313507,0.004527214914560318
mlp_1x64_relu,30,5,328,0.004736007656902075,0.0045300316996872425
mlp_1x64_relu,30,5,329,0.00474869878962636,0.004542987793684006
mlp_1x64_relu,30,5,330,0.004746096208691597,0.004501786548644304
mlp_1x64_relu,30,5,331,0.0047463164664804935,0.004527047276496887
mlp_1x64_relu,30,5,332,0.004748015198856592,0.004517000634223223
mlp_1x64_relu,30,5,333,0.0047335014678537846,0.004542500711977482
mlp_1x64_relu,30,5,334,0.0047503188252449036,0.0044747027568519115
mlp_1x64_relu,30,5,335,0.00474209850654006,0.004517948720604181
mlp_1x64_relu,30,5,336,0.004731536842882633,0.004510433878749609
mlp_1x64_relu,30,5,337,0.004729346372187138,0.0044881668873131275
mlp_1x64_relu,30,5,338,0.004741752054542303,0.004507904872298241
mlp_1x64_relu,30,5,339,0.004759864881634712,0.004509652499109507
mlp_1x64_relu,30,5,340,0.004740889184176922,0.004519050940871239
mlp_1x64_relu,30,5,341,0.004732647445052862,0.00449930876493454
mlp_1x64_relu,30,5,342,0.004738811403512955,0.004561868496239185
mlp_1x64_relu,30,5,343,0.004746173974126577,0.004555003251880407
mlp_1x64_relu,30,5,344,0.004754921421408653,0.004533607978373766
mlp_1x64_relu,30,5,345,0.004756011534482241,0.004550515208393335
mlp_1x64_relu,30,5,346,0.004747169557958841,0.004501494579017162
mlp_1x64_relu,30,5,347,0.004744142293930054,0.004472833592444658
mlp_1x64_relu,30,5,348,0.004739999771118164,0.004542173817753792
mlp_1x64_relu,30,5,349,0.004733022302389145,0.004568867385387421
mlp_1x64_relu,30,5,350,0.004743251949548721,0.0044949292205274105
mlp_1x64_relu,30,5,351,0.004748156294226646,0.004538785200566053
mlp_1x64_relu,30,5,352,0.004746120888739824,0.004544295370578766
mlp_1x64_relu,30,5,353,0.004742182791233063,0.0045018442906439304
mlp_1x64_relu,30,5,354,0.00475995521992445,0.0045675006695091724
mlp_1x64_relu,30,5,355,0.004752171691507101,0.00457034120336175
mlp_1x64_relu,30,5,356,0.004731595516204834,0.004499984905123711
mlp_1x64_relu,30,5,357,0.004736524540930986,0.004519972484558821
mlp_1x64_relu,30,5,358,0.004743469413369894,0.004498664755374193
mlp_1x64_relu,30,5,359,0.004770549014210701,0.004521396942436695
mlp_1x64_relu,30,5,360,0.004756959155201912,0.004504181444644928
mlp_1x64_relu,30,5,361,0.004750406835228205,0.00453925970941782
mlp_1x64_relu,30,5,362,0.004742617718875408,0.004527815151959658
mlp_1x64_relu,30,5,363,0.004749617073684931,0.004530152305960655
mlp_1x64_relu,30,5,364,0.004740195348858833,0.0045117647387087345
mlp_1x64_relu,30,5,365,0.004734821151942015,0.0045371768064796925
mlp_1x64_relu,30,5,366,0.0047200629487633705,0.004548284225165844
mlp_1x64_relu,30,5,367,0.00473701162263751,0.004485349170863628
mlp_1x64_relu,30,5,368,0.004750136751681566,0.0045541119761765
mlp_1x64_relu,30,5,369,0.0047388034872710705,0.004543313756585121
mlp_1x64_relu,30,5,370,0.004736488685011864,0.004507971927523613
mlp_1x64_relu,30,5,371,0.004727013874799013,0.004546014126390219
mlp_1x64_relu,30,5,372,0.004729867912828922,0.0045685674995183945
mlp_1x64_relu,30,5,373,0.004740805830806494,0.00451090419664979
mlp_1x64_relu,30,5,374,0.004738593474030495,0.0045539988204836845
mlp_1x64_relu,30,5,375,0.004752909764647484,0.00450108340010047
mlp_1x64_relu,30,5,376,0.004758118651807308,0.0045168641954660416
mlp_1x64_relu,30,5,377,0.0047668819315731525,0.0045698764733970165
mlp_1x64_relu,30,5,378,0.004759103525429964,0.004522926174104214
mlp_1x64_relu,30,5,379,0.004747582599520683,0.004514440428465605
mlp_1x64_relu,30,5,380,0.0047539458610117435,0.004522217903286219
mlp_1x64_relu,30,5,381,0.004759170580655336,0.0044848001562058926
mlp_1x64_relu,30,5,382,0.0047630080953240395,0.0045211114920675755
mlp_1x64_relu,30,5,383,0.00473012262955308,0.00452770758420229
mlp_1x64_relu,30,5,384,0.004748010542243719,0.00452432269230485
mlp_1x64_relu,30,5,385,0.004740496166050434,0.00455618416890502
mlp_1x64_relu,30,5,386,0.004746050573885441,0.004521782044321299
mlp_1x64_relu,30,5,387,0.0047455281019210815,0.004522920586168766
mlp_1x64_relu,30,5,388,0.004758249036967754,0.004533243831247091
mlp_1x64_relu,30,5,389,0.004744450096040964,0.004544502589851618
mlp_1x64_relu,30,5,390,0.0047270688228309155,0.004549013450741768
mlp_1x64_relu,30,5,391,0.004743014927953482,0.004504107870161533
mlp_1x64_relu,30,5,392,0.004741672892123461,0.004538779146969318
mlp_1x64_relu,30,5,393,0.00473925331607461,0.004515563137829304
mlp_1x64_relu,30,5,394,0.004738704301416874,0.0045486330054700375
mlp_1x64_relu,30,5,395,0.004738667514175177,0.004546738229691982
mlp_1x64_relu,30,5,396,0.004731394350528717,0.004589915741235018
mlp_1x64_relu,30,5,397,0.004747933708131313,0.004537774249911308
mlp_1x64_relu,30,5,398,0.004742499440908432,0.004520325921475887
mlp_1x64_relu,30,5,399,0.004735346883535385,0.004590922966599464
mlp_1x64_relu,30,5,400,0.004724479280412197,0.0045881145633757114
mlp_1x64_relu,30,5,401,0.004738138057291508,0.00455252081155777
mlp_1x64_relu,30,5,402,0.00474510109052062,0.0045320941135287285
mlp_1x64_relu,30,5,403,0.0047515761107206345,0.004545178264379501
mlp_1x64_relu,30,5,404,0.0047553409822285175,0.004541249480098486
mlp_1x64_relu,30,5,405,0.004743637517094612,0.0045535629615187645
mlp_1x64_relu,30,5,406,0.004739148076623678,0.00452525494620204
mlp_1x64_relu,30,5,407,0.00474153645336628,0.004529203753918409
mlp_1x64_relu,30,5,408,0.004743989557027817,0.004559991881251335
mlp_1x64_relu,30,5,409,0.004747879225760698,0.004546507727354765
mlp_1x64_relu,30,5,410,0.004732929170131683,0.004543463699519634
mlp_1x64_relu,30,5,411,0.004740587901324034,0.004562124609947205
mlp_1x64_relu,30,5,412,0.0047433930449187756,0.004569569602608681
mlp_1x64_relu,30,5,413,0.004744414240121841,0.004572699312120676
mlp_1x64_relu,30,5,414,0.00475710816681385,0.004556489177048206
mlp_1x64_relu,30,5,415,0.004743925761431456,0.004510376136749983
mlp_1x64_relu,30,5,416,0.004748269449919462,0.0045506954193115234
mlp_1x64_relu,30,5,417,0.004742511548101902,0.00461247842758894
mlp_1x64_relu,30,5,418,0.004737725481390953,0.004546782933175564
mlp_1x64_relu,30,5,419,0.00472740875557065,0.0045697325840592384
mlp_1x64_relu,30,5,420,0.004735567141324282,0.004569045267999172
mlp_1x64_relu,30,5,421,0.004739496856927872,0.0045470972545444965
mlp_1x64_relu,30,5,422,0.00475354166701436,0.004563524387776852
mlp_1x64_relu,30,5,423,0.0047539216466248035,0.004558957647532225
mlp_1x64_relu,30,5,424,0.004745283629745245,0.004528341814875603
mlp_1x64_relu,30,5,425,0.004729204345494509,0.004544718191027641
mlp_1x64_relu,30,5,426,0.0047353217378258705,0.004595974460244179
mlp_1x64_relu,30,5,427,0.004728703759610653,0.004547143820673227
mlp_1x64_relu,30,5,428,0.004748030565679073,0.004556654952466488
mlp_1x64_relu,30,5,429,0.004746166057884693,0.0045920927077531815
mlp_1x64_relu,30,5,430,0.004740899428725243,0.004552292637526989
mlp_1x64_relu,30,5,431,0.004746697377413511,0.004553571343421936
mlp_1x64_relu,30,5,432,0.004741064738482237,0.004583432339131832
mlp_1x64_relu,30,5,433,0.004737935494631529,0.004575762897729874
mlp_1x64_relu,30,5,434,0.004724135622382164,0.004559213295578957
mlp_1x64_relu,30,5,435,0.004726034589111805,0.004574107937514782
mlp_1x64_relu,30,5,436,0.0047368635423481464,0.004565668758004904
mlp_1x64_relu,30,5,437,0.004740849602967501,0.004554436542093754
mlp_1x64_relu,30,5,438,0.004735798574984074,0.0045725810341537
mlp_1x64_relu,30,5,439,0.004756501410156488,0.004541894420981407
mlp_1x64_relu,30,5,440,0.004740835167467594,0.004560830537229776
mlp_1x64_relu,30,5,441,0.004731140565127134,0.004558645188808441
mlp_1x64_relu,30,5,442,0.004733037203550339,0.004562582820653915
mlp_1x64_relu,30,5,443,0.004737233743071556,0.004572007339447737
mlp_1x64_relu,30,5,444,0.0047448910772800446,0.004566564690321684
mlp_1x64_relu,30,5,445,0.004742431920021772,0.004546432290226221
mlp_1x64_relu,30,5,446,0.004737416747957468,0.004545456264168024
mlp_1x64_relu,30,5,447,0.004743533208966255,0.004569090902805328
mlp_1x64_relu,30,5,448,0.004731369204819202,0.004571401514112949
mlp_1x64_relu,30,5,449,0.004728663247078657,0.004564427770674229
mlp_1x64_relu,30,5,450,0.004729533102363348,0.004553886130452156
mlp_1x64_relu,30,5,451,0.004737214185297489,0.004502713680267334
mlp_1x64_relu,30,5,452,0.0047421082854270935,0.004553257022053003
mlp_1x64_relu,30,5,453,0.004745909012854099,0.004540315363556147
mlp_1x64_relu,30,5,454,0.00474466010928154,0.00457669235765934
mlp_1x64_relu,30,5,455,0.004732221364974976,0.004555999767035246
mlp_1x64_relu,30,5,456,0.004733203910291195,0.004571154247969389
mlp_1x64_relu,30,5,457,0.004736636765301228,0.004528481047600508
mlp_1x64_relu,30,5,458,0.004741753917187452,0.004531681537628174
mlp_1x64_relu,30,5,459,0.004748413804918528,0.004567600786685944
mlp_1x64_relu,30,5,460,0.0047512361779809,0.0045819468796253204
mlp_1x64_relu,30,5,461,0.004747430328279734,0.004524742253124714
mlp_1x64_relu,30,5,462,0.00473543256521225,0.0045399912633001804
mlp_1x64_relu,30,5,463,0.0047476631589233875,0.0045572263188660145
mlp_1x64_relu,30,5,464,0.004735996481031179,0.00458574527874589
mlp_1x64_relu,30,5,465,0.004732653498649597,0.004565716255456209
mlp_1x64_relu,30,5,466,0.0047414256259799,0.004560872446745634
mlp_1x64_relu,30,5,467,0.004745476879179478,0.004621683154255152
mlp_1x64_relu,30,5,468,0.004744379781186581,0.004601942840963602
mlp_1x64_relu,30,5,469,0.0047434610314667225,0.0045503657311201096
mlp_1x64_relu,30,5,470,0.004731839057058096,0.004559335298836231
mlp_1x64_relu,30,5,471,0.0047281645238399506,0.004587494768202305
mlp_1x64_relu,30,5,472,0.004720502067357302,0.004538704641163349
mlp_1x64_relu,30,5,473,0.004729943815618753,0.004563641734421253
mlp_1x64_relu,30,5,474,0.004726644139736891,0.004560536704957485
mlp_1x64_relu,30,5,475,0.004729505628347397,0.00455603888258338
mlp_1x64_relu,30,5,476,0.004736477043479681,0.004593180026859045
mlp_1x64_relu,30,5,477,0.004744192585349083,0.0045599243603646755
mlp_1x64_relu,30,5,478,0.004742091987282038,0.0046064346097409725
mlp_1x64_relu,30,5,479,0.004748829174786806,0.0045618764124810696
mlp_1x64_relu,30,5,480,0.00474677374586463,0.004562121815979481
mlp_1x64_relu,30,5,481,0.004741160199046135,0.004570931661874056
mlp_1x64_relu,30,5,482,0.004729858133941889,0.004609588533639908
mlp_1x64_relu,30,5,483,0.004728309344500303,0.004579060710966587
mlp_1x64_relu,30,5,484,0.004748567007482052,0.004569359123706818
mlp_1x64_relu,30,5,485,0.004751772619783878,0.0045853666961193085
mlp_1x64_relu,30,5,486,0.004742620512843132,0.004586103837937117
mlp_1x64_relu,30,5,487,0.00472739152610302,0.004615492187440395
mlp_1x64_relu,30,5,488,0.004727145656943321,0.004598322790116072
mlp_1x64_relu,30,5,489,0.004725141450762749,0.004585131537169218
mlp_1x64_relu,30,5,490,0.00473544979467988,0.004574737511575222
mlp_1x64_relu,30,5,491,0.004733643028885126,0.004589126445353031
mlp_1x64_relu,30,5,492,0.004724618513137102,0.004577392712235451
mlp_1x64_relu,30,5,493,0.00472946185618639,0.004590248689055443
mlp_1x64_relu,30,5,494,0.004721187055110931,0.004579287953674793
mlp_1x64_relu,30,5,495,0.004738459829241037,0.004595485515892506
mlp_1x64_relu,30,5,496,0.004743524827063084,0.0045634969137609005
mlp_1x64_relu,30,5,497,0.004743726458400488,0.004542795475572348
mlp_1x64_relu,30,5,498,0.004729081876575947,0.004571665544062853
mlp_1x64_relu,30,5,499,0.0047376579605042934,0.004552582744508982
mlp_1x64_relu,30,5,500,0.004730542190372944,0.004580396693199873
mlp_1x64_relu,30,30,1,0.4621933698654175,0.20988188683986664
mlp_1x64_relu,30,30,2,0.1893782764673233,0.10796577483415604
mlp_1x64_relu,30,30,3,0.09757964313030243,0.06052584573626518
mlp_1x64_relu,30,30,4,0.051528993993997574,0.03274473547935486
mlp_1x64_relu,30,30,5,0.025707868859171867,0.016387341544032097
mlp_1x64_relu,30,30,6,0.012223036028444767,0.00805931631475687
mlp_1x64_relu,30,30,7,0.006469947751611471,0.004972676746547222
mlp_1x64_relu,30,30,8,0.004534933716058731,0.0036302206572145224
mlp_1x64_relu,30,30,9,0.0037888595834374428,0.002907699905335903
mlp_1x64_relu,30,30,10,0.0035269255749881268,0.0027289416175335646
mlp_1x64_relu,30,30,11,0.0031685265712440014,0.0023353975266218185
mlp_1x64_relu,30,30,12,0.0030864602886140347,0.0023172865621745586
mlp_1x64_relu,30,30,13,0.0030981977470219135,0.0023850046563893557
mlp_1x64_relu,30,30,14,0.003102127695456147,0.0025037392042577267
mlp_1x64_relu,30,30,15,0.0030586780048906803,0.00241511850617826
mlp_1x64_relu,30,30,16,0.0029645124450325966,0.0022635592613369226
mlp_1x64_relu,30,30,17,0.002909730188548565,0.0023169158957898617
mlp_1x64_relu,30,30,18,0.0028863537590950727,0.002230709884315729
mlp_1x64_relu,30,30,19,0.002792840823531151,0.0022446790244430304
mlp_1x64_relu,30,30,20,0.002756804460659623,0.002290155738592148
mlp_1x64_relu,30,30,21,0.0027083519380539656,0.002295439364388585
mlp_1x64_relu,30,30,22,0.0026802499778568745,0.002356423530727625
mlp_1x64_relu,30,30,23,0.0026735588908195496,0.002504088683053851
mlp_1x64_relu,30,30,24,0.002613459015265107,0.002578981686383486
mlp_1x64_relu,30,30,25,0.002593385521322489,0.0026911685708910227
mlp_1x64_relu,30,30,26,0.0026018505450338125,0.0028265633154660463
mlp_1x64_relu,30,30,27,0.002621921245008707,0.00266542611643672
mlp_1x64_relu,30,30,28,0.002576247788965702,0.0024525329936295748
mlp_1x64_relu,30,30,29,0.0025018651504069567,0.0023824162781238556
mlp_1x64_relu,30,30,30,0.0024498181883245707,0.0023506025318056345
mlp_1x64_relu,30,30,31,0.0024077179841697216,0.002375015988945961
mlp_1x64_relu,30,30,32,0.002403017831966281,0.002419385826215148
mlp_1x64_relu,30,30,33,0.0023808914702385664,0.0023628578055649996
mlp_1x64_relu,30,30,34,0.0023455594200640917,0.002320624189451337
mlp_1x64_relu,30,30,35,0.0024023738224059343,0.0021644067019224167
mlp_1x64_relu,30,30,36,0.0023532623890787363,0.0021108752116560936
mlp_1x64_relu,30,30,37,0.0022633785847574472,0.0021364418789744377
mlp_1x64_relu,30,30,38,0.002172432839870453,0.0021690665744245052
mlp_1x64_relu,30,30,39,0.0021637859754264355,0.0021525099873542786
mlp_1x64_relu,30,30,40,0.002163291908800602,0.0021130330860614777
mlp_1x64_relu,30,30,41,0.0021672912407666445,0.002056914148852229
mlp_1x64_relu,30,30,42,0.0021823060233145952,0.0020649724174290895
mlp_1x64_relu,30,30,43,0.0021796301007270813,0.0020678460132330656
mlp_1x64_relu,30,30,44,0.0021788892336189747,0.002051765564829111
mlp_1x64_relu,30,30,45,0.0021707608830183744,0.0019920645281672478
mlp_1x64_relu,30,30,46,0.0021690602879971266,0.0019491319544613361
mlp_1x64_relu,30,30,47,0.002167658181861043,0.0019278269028291106
mlp_1x64_relu,30,30,48,0.0021347953006625175,0.002015699166804552
mlp_1x64_relu,30,30,49,0.0021309650037437677,0.0020642338786274195
mlp_1x64_relu,30,30,50,0.0021699697244912386,0.0020510710310190916
mlp_1x64_relu,30,30,51,0.0021598238963633776,0.0019684983417391777
mlp_1x64_relu,30,30,52,0.0021452237851917744,0.001994253834709525
mlp_1x64_relu,30,30,53,0.0021288637071847916,0.0019565264228731394
mlp_1x64_relu,30,30,54,0.002144033554941416,0.0020086977165192366
mlp_1x64_relu,30,30,55,0.0021400966215878725,0.0019134687026962638
mlp_1x64_relu,30,30,56,0.0021359226666390896,0.0019684063736349344
mlp_1x64_relu,30,30,57,0.0021334639750421047,0.0019077714532613754
mlp_1x64_relu,30,30,58,0.002127635758370161,0.0019149347208440304
mlp_1x64_relu,30,30,59,0.00211872230283916,0.001913294312544167
mlp_1x64_relu,30,30,60,0.002130132168531418,0.0019048013491556048
mlp_1x64_relu,30,30,61,0.0021196401212364435,0.00189517205581069
mlp_1x64_relu,30,30,62,0.00213853782042861,0.0019011324038729072
mlp_1x64_relu,30,30,63,0.002141916425898671,0.0018803039565682411
mlp_1x64_relu,30,30,64,0.0021468154154717922,0.0018851389177143574
mlp_1x64_relu,30,30,65,0.002146875485777855,0.001883308868855238
mlp_1x64_relu,30,30,66,0.0021546604111790657,0.0018819528631865978
mlp_1x64_relu,30,30,67,0.002147694118320942,0.0018844720907509327
mlp_1x64_relu,30,30,68,0.002156610367819667,0.0018756145145744085
mlp_1x64_relu,30,30,69,0.0021785737480968237,0.0018640049966052175
mlp_1x64_relu,30,30,70,0.002186261350288987,0.0018759636441245675
mlp_1x64_relu,30,30,71,0.0021768605802208185,0.0018591716652736068
mlp_1x64_relu,30,30,72,0.002188067650422454,0.0018735460471361876
mlp_1x64_relu,30,30,73,0.0022106990218162537,0.0018773305928334594
mlp_1x64_relu,30,30,74,0.0022034980356693268,0.0018745622364804149
mlp_1x64_relu,30,30,75,0.0022073835134506226,0.0018595600267872214
mlp_1x64_relu,30,30,76,0.0022278365213423967,0.0018724312540143728
mlp_1x64_relu,30,30,77,0.0022227212321013212,0.0018324018456041813
mlp_1x64_relu,30,30,78,0.0022152168676257133,0.0018678882624953985
mlp_1x64_relu,30,30,79,0.002239382825791836,0.0018426418537274003
mlp_1x64_relu,30,30,80,0.002246340038254857,0.0018344466807320714
mlp_1x64_relu,30,30,81,0.0022370624355971813,0.0018462857697159052
mlp_1x64_relu,30,30,82,0.002267280127853155,0.0018413562793284655
mlp_1x64_relu,30,30,83,0.0022645811550319195,0.0018522146856412292
mlp_1x64_relu,30,30,84,0.0022912519052624702,0.001834948780015111
mlp_1x64_relu,30,30,85,0.0022766466718167067,0.0018283932004123926
mlp_1x64_relu,30,30,86,0.002307969145476818,0.0018315543420612812
mlp_1x64_relu,30,30,87,0.002299248008057475,0.0018261431250721216
mlp_1x64_relu,30,30,88,0.002310602692887187,0.0018352376064285636
mlp_1x64_relu,30,30,89,0.0022900057956576347,0.0018196727614849806
mlp_1x64_relu,30,30,90,0.002300956752151251,0.0018170273397117853
mlp_1x64_relu,30,30,91,0.002300157444551587,0.0018140743486583233
mlp_1x64_relu,30,30,92,0.0022926421370357275,0.001814521150663495
mlp_1x64_relu,30,30,93,0.0022705220617353916,0.0018219668418169022
mlp_1x64_relu,30,30,94,0.002271970734000206,0.0018136941362172365
mlp_1x64_relu,30,30,95,0.0023036652710288763,0.0018224153900519013
mlp_1x64_relu,30,30,96,0.002321199281141162,0.0018244902603328228
mlp_1x64_relu,30,30,97,0.002333560027182102,0.0018301287200301886
mlp_1x64_relu,30,30,98,0.0022981499787420034,0.0018077141139656305
mlp_1x64_relu,30,30,99,0.0022932649590075016,0.0018233645241707563
mlp_1x64_relu,30,30,100,0.0022762708831578493,0.0017979297554120421
mlp_1x64_relu,30,30,101,0.0022869971580803394,0.0018234712770208716
mlp_1x64_relu,30,30,102,0.0023010934237390757,0.0018126964569091797
mlp_1x64_relu,30,30,103,0.002284265123307705,0.0018137419829145074
mlp_1x64_relu,30,30,104,0.002279712352901697,0.001814214396290481
mlp_1x64_relu,30,30,105,0.0022911718115210533,0.001825893996283412
mlp_1x64_relu,30,30,106,0.002364717423915863,0.0018560850294306874
mlp_1x64_relu,30,30,107,0.0023149223998188972,0.0017956801457330585
mlp_1x64_relu,30,30,108,0.002290904289111495,0.0018078204011544585
mlp_1x64_relu,30,30,109,0.002261735964566469,0.0017925124848261476
mlp_1x64_relu,30,30,110,0.002265496412292123,0.001807770342566073
mlp_1x64_relu,30,30,111,0.0022780150175094604,0.0018142512999475002
mlp_1x64_relu,30,30,112,0.0022753130178898573,0.001807268476113677
mlp_1x64_relu,30,30,113,0.0022882854100316763,0.0018177649471908808
mlp_1x64_relu,30,30,114,0.002268098294734955,0.001795593649148941
mlp_1x64_relu,30,30,115,0.002254057675600052,0.0018120446475222707
mlp_1x64_relu,30,30,116,0.00225644139572978,0.0018061394803225994
mlp_1x64_relu,30,30,117,0.0022638929076492786,0.0018116802675649524
mlp_1x64_relu,30,30,118,0.0022547603584825993,0.0018002974102273583
mlp_1x64_relu,30,30,119,0.0022514897864311934,0.0018054898828268051
mlp_1x64_relu,30,30,120,0.002236821921542287,0.0018078065477311611
mlp_1x64_relu,30,30,121,0.0022381425369530916,0.0017944294959306717
mlp_1x64_relu,30,30,122,0.0022426017094403505,0.0018129941308870912
mlp_1x64_relu,30,30,123,0.002247709548100829,0.0018067884957417846
mlp_1x64_relu,30,30,124,0.0022532264702022076,0.0018119009910151362
mlp_1x64_relu,30,30,125,0.0022745749447494745,0.0018105710623785853
mlp_1x64_relu,30,30,126,0.00226213620044291,0.0017944335704669356
mlp_1x64_relu,30,30,127,0.002278883010149002,0.0018156932201236486
mlp_1x64_relu,30,30,128,0.0022878525778651237,0.0018051652004942298
mlp_1x64_relu,30,30,129,0.0022788706701248884,0.0018220837228000164
mlp_1x64_relu,30,30,130,0.0022555466275662184,0.0017865141853690147
mlp_1x64_relu,30,30,131,0.002283550798892975,0.001821632031351328
mlp_1x64_relu,30,30,132,0.0023009576834738255,0.0018150366377085447
mlp_1x64_relu,30,30,133,0.0023074529599398375,0.0018242670921608806
mlp_1x64_relu,30,30,134,0.0022726801689714193,0.001810124609619379
mlp_1x64_relu,30,30,135,0.0022532911971211433,0.001806154614314437
mlp_1x64_relu,30,30,136,0.002268042881041765,0.0018050381913781166
mlp_1x64_relu,30,30,137,0.002280568704009056,0.0018117555882781744
mlp_1x64_relu,30,30,138,0.0023008701391518116,0.0018119968008249998
mlp_1x64_relu,30,30,139,0.0022785861510783434,0.0017925446154549718
mlp_1x64_relu,30,30,140,0.0023026298731565475,0.0017967944731935859
mlp_1x64_relu,30,30,141,0.0022860162425786257,0.0018646587850525975
mlp_1x64_relu,30,30,142,0.0022835219278931618,0.0017931768670678139
mlp_1x64_relu,30,30,143,0.0022642945405095816,0.0018153847195208073
mlp_1x64_relu,30,30,144,0.002271053846925497,0.0018085748888552189
mlp_1x64_relu,30,30,145,0.0022747113835066557,0.0017945637227967381
mlp_1x64_relu,30,30,146,0.002254785969853401,0.001808103290386498
mlp_1x64_relu,30,30,147,0.002255796454846859,0.001800013706088066
mlp_1x64_relu,30,30,148,0.0022951429709792137,0.0018001244170591235
mlp_1x64_relu,30,30,149,0.00228354730643332,0.0017854699399322271
mlp_1x64_relu,30,30,150,0.002286350354552269,0.0018011141801252961
mlp_1x64_relu,30,30,151,0.002251967089250684,0.0017965191509574652
mlp_1x64_relu,30,30,152,0.0022488972172141075,0.001804189058020711
mlp_1x64_relu,30,30,153,0.0022361765149980783,0.0017984863370656967
mlp_1x64_relu,30,30,154,0.002254866063594818,0.0018073805840685964
mlp_1x64_relu,30,30,155,0.002251533092930913,0.0017940968973562121
mlp_1x64_relu,30,30,156,0.0022567163687199354,0.0017910528695210814
mlp_1x64_relu,30,30,157,0.002267280127853155,0.001798170036636293
mlp_1x64_relu,30,30,158,0.0022621192038059235,0.0017887460999190807
mlp_1x64_relu,30,30,159,0.0022327296901494265,0.0017919294768944383
mlp_1x64_relu,30,30,160,0.002246021293103695,0.0017925427528098226
mlp_1x64_relu,30,30,161,0.0022417327854782343,0.0017998579423874617
mlp_1x64_relu,30,30,162,0.0022498636972159147,0.0017974494257941842
mlp_1x64_relu,30,30,163,0.0022555612958967686,0.0017916668439283967
mlp_1x64_relu,30,30,164,0.0022665071301162243,0.0018025499302893877
mlp_1x64_relu,30,30,165,0.0022546921391040087,0.0018070205114781857
mlp_1x64_relu,30,30,166,0.0022800310980528593,0.001777444500476122
mlp_1x64_relu,30,30,167,0.0022614127956330776,0.001791040413081646
mlp_1x64_relu,30,30,168,0.002266946481540799,0.0017852442106232047
mlp_1x64_relu,30,30,169,0.0022491614799946547,0.001801522565074265
mlp_1x64_relu,30,30,170,0.0022732007782906294,0.0018053542589768767
mlp_1x64_relu,30,30,171,0.0022548967972397804,0.0017988909967243671
mlp_1x64_relu,30,30,172,0.0022590586449950933,0.0018036942929029465
mlp_1x64_relu,30,30,173,0.002278494881466031,0.0017896355129778385
mlp_1x64_relu,30,30,174,0.0022741397842764854,0.001790289650671184
mlp_1x64_relu,30,30,175,0.002280794782564044,0.0017881785752251744
mlp_1x64_relu,30,30,176,0.002247405471280217,0.0017797292675822973
mlp_1x64_relu,30,30,177,0.0022406172938644886,0.0018001918215304613
mlp_1x64_relu,30,30,178,0.0022447670344263315,0.0017941213445737958
mlp_1x64_relu,30,30,179,0.0022460492327809334,0.0017983636353164911
mlp_1x64_relu,30,30,180,0.002270432887598872,0.0018053227104246616
mlp_1x64_relu,30,30,181,0.0022605163976550102,0.0017954003997147083
mlp_1x64_relu,30,30,182,0.0022658563684672117,0.0018080049194395542
mlp_1x64_relu,30,30,183,0.002249379875138402,0.0017923166742548347
mlp_1x64_relu,30,30,184,0.002233469858765602,0.0017871741438284516
mlp_1x64_relu,30,30,185,0.0022418098524212837,0.0017972391797229648
mlp_1x64_relu,30,30,186,0.0022506345994770527,0.001808510278351605
mlp_1x64_relu,30,30,187,0.0022475363221019506,0.0017956168157979846
mlp_1x64_relu,30,30,188,0.0022451477125287056,0.0017917291261255741
mlp_1x64_relu,30,30,189,0.0022376158740371466,0.001790135633200407
mlp_1x64_relu,30,30,190,0.002246373100206256,0.0017995546804741025
mlp_1x64_relu,30,30,191,0.0022414138074964285,0.0017999568954110146
mlp_1x64_relu,30,30,192,0.0022370421793311834,0.0017926220316439867
mlp_1x64_relu,30,30,193,0.002245931886136532,0.0017914364580065012
mlp_1x64_relu,30,30,194,0.0022340049035847187,0.0017894553020596504
mlp_1x64_relu,30,30,195,0.0022414035629481077,0.001792470458894968
mlp_1x64_relu,30,30,196,0.002233107341453433,0.001785722211934626
mlp_1x64_relu,30,30,197,0.002245191717520356,0.001797941280528903
mlp_1x64_relu,30,30,198,0.0022488136310130358,0.001786251668818295
mlp_1x64_relu,30,30,199,0.002250255784019828,0.0017813602462410927
mlp_1x64_relu,30,30,200,0.0022439088206738234,0.001794125186279416
mlp_1x64_relu,30,30,201,0.0022347718477249146,0.001789842383004725
mlp_1x64_relu,30,30,202,0.0022445237264037132,0.0017873961478471756
mlp_1x64_relu,30,30,203,0.00223969086073339,0.001798828481696546
mlp_1x64_relu,30,30,204,0.0022397672291845083,0.0017991851782426238
mlp_1x64_relu,30,30,205,0.0022517982870340347,0.0017911806935444474
mlp_1x64_relu,30,30,206,0.0022739607375115156,0.0017877970822155476
mlp_1x64_relu,30,30,207,0.002248615026473999,0.0017828360432758927
mlp_1x64_relu,30,30,208,0.002246117452159524,0.0017951609333977103
mlp_1x64_relu,30,30,209,0.002247593365609646,0.0017954782815650105
mlp_1x64_relu,30,30,210,0.002252544043585658,0.0017890961607918143
mlp_1x64_relu,30,30,211,0.002248536329716444,0.0017921640537679195
mlp_1x64_relu,30,30,212,0.002270363736897707,0.0017892232863232493
mlp_1x64_relu,30,30,213,0.002271458739414811,0.0017926632426679134
mlp_1x64_relu,30,30,214,0.0022486813832074404,0.0017799870111048222
mlp_1x64_relu,30,30,215,0.002252953825518489,0.001787719433195889
mlp_1x64_relu,30,30,216,0.0022582709789276123,0.001794288051314652
mlp_1x64_relu,30,30,217,0.0022621643729507923,0.0017902021063491702
mlp_1x64_relu,30,30,218,0.0022557827178388834,0.0017886990681290627
mlp_1x64_relu,30,30,219,0.002249773358926177,0.0017769825644791126
mlp_1x64_relu,30,30,220,0.0022420743480324745,0.001786817447282374
mlp_1x64_relu,30,30,221,0.0022458075545728207,0.0017833488527685404
mlp_1x64_relu,30,30,222,0.0022492874413728714,0.0017894873162731528
mlp_1x64_relu,30,30,223,0.0022464545909315348,0.0017839431529864669
mlp_1x64_relu,30,30,224,0.0022442839108407497,0.0017899706726893783
mlp_1x64_relu,30,30,225,0.0022497246973216534,0.0017843389650806785
mlp_1x64_relu,30,30,226,0.0022534967865794897,0.001776401186361909
mlp_1x64_relu,30,30,227,0.002244778908789158,0.001784526277333498
mlp_1x64_relu,30,30,228,0.002250429941341281,0.0017801228677853942
mlp_1x64_relu,30,30,229,0.0022568018175661564,0.0017950630281120539
mlp_1x64_relu,30,30,230,0.0022499661426991224,0.001790202222764492
mlp_1x64_relu,30,30,231,0.002261870075017214,0.0017921063117682934
mlp_1x64_relu,30,30,232,0.002257591811940074,0.001784388325177133
mlp_1x64_relu,30,30,233,0.0022507428657263517,0.0017907739384099841
mlp_1x64_relu,30,30,234,0.0022458466701209545,0.0017941101687029004
mlp_1x64_relu,30,30,235,0.0022498215548694134,0.0017872558673843741
mlp_1x64_relu,30,30,236,0.0022558479104191065,0.0017901884857565165
mlp_1x64_relu,30,30,237,0.002250576624646783,0.0017849549185484648
mlp_1x64_relu,30,30,238,0.0022576344199478626,0.00180142093449831
mlp_1x64_relu,30,30,239,0.002255737781524658,0.0017840745858848095
mlp_1x64_relu,30,30,240,0.002250249497592449,0.001790925394743681
mlp_1x64_relu,30,30,241,0.002260752720758319,0.0017917408840730786
mlp_1x64_relu,30,30,242,0.0022553715389221907,0.001791324932128191
mlp_1x64_relu,30,30,243,0.00225946307182312,0.0017893952317535877
mlp_1x64_relu,30,30,244,0.002255240688100457,0.001782952924259007
mlp_1x64_relu,30,30,245,0.002251997124403715,0.0017855123151093721
mlp_1x64_relu,30,30,246,0.002253004815429449,0.0017811674624681473
mlp_1x64_relu,30,30,247,0.0022517794277518988,0.0017949385801330209
mlp_1x64_relu,30,30,248,0.0022518769837915897,0.0017920653335750103
mlp_1x64_relu,30,30,249,0.0022590134758502245,0.001790418173186481
mlp_1x64_relu,30,30,250,0.0022588123101741076,0.0017904230626299977
mlp_1x64_relu,30,30,251,0.0022445295471698046,0.0017988140461966395
mlp_1x64_relu,30,30,252,0.0022455831058323383,0.001798841287381947
mlp_1x64_relu,30,30,253,0.0022533952724188566,0.0017865373520180583
mlp_1x64_relu,30,30,254,0.002254439052194357,0.0017958917887881398
mlp_1x64_relu,30,30,255,0.002259210217744112,0.0017912054900079966
mlp_1x64_relu,30,30,256,0.002255478408187628,0.0017960527911782265
mlp_1x64_relu,30,30,257,0.002248008968308568,0.0017854152247309685
mlp_1x64_relu,30,30,258,0.0022471342235803604,0.0017916755750775337
mlp_1x64_relu,30,30,259,0.002246792893856764,0.0017910123569890857
mlp_1x64_relu,30,30,260,0.002247691387310624,0.00178953364957124
mlp_1x64_relu,30,30,261,0.0022513545118272305,0.0017962923739105463
mlp_1x64_relu,30,30,262,0.002251838566735387,0.001794228097423911
mlp_1x64_relu,30,30,263,0.002253457438200712,0.0017994899535551667
mlp_1x64_relu,30,30,264,0.002261277288198471,0.001788872992619872
mlp_1x64_relu,30,30,265,0.002260040258988738,0.0017905039712786674
mlp_1x64_relu,30,30,266,0.002253173617646098,0.0017860091757029295
mlp_1x64_relu,30,30,267,0.002252305159345269,0.0017948847962543368
mlp_1x64_relu,30,30,268,0.002251584082841873,0.0017998561961576343
mlp_1x64_relu,30,30,269,0.0022515668533742428,0.0017880083760246634
mlp_1x64_relu,30,30,270,0.0022548206616193056,0.0017980880802497268
mlp_1x64_relu,30,30,271,0.0022499302867799997,0.00179352518171072
mlp_1x64_relu,30,30,272,0.00225297873839736,0.0017963929567486048
mlp_1x64_relu,30,30,273,0.0022541468497365713,0.0017949966713786125
mlp_1x64_relu,30,30,274,0.0022498497273772955,0.0017948081949725747
mlp_1x64_relu,30,30,275,0.002252524485811591,0.0017881224630400538
mlp_1x64_relu,30,30,276,0.002254626015201211,0.0017918149242177606
mlp_1x64_relu,30,30,277,0.0022492799907922745,0.001786534790880978
mlp_1x64_relu,30,30,278,0.0022520553320646286,0.0017976679373532534
mlp_1x64_relu,30,30,279,0.0022564749233424664,0.0017904184060171247
mlp_1x64_relu,30,30,280,0.0022601597011089325,0.0017888386500999331
mlp_1x64_relu,30,30,281,0.002258982975035906,0.001794070121832192
mlp_1x64_relu,30,30,282,0.0022569724824279547,0.0017865711124613881
mlp_1x64_relu,30,30,283,0.002261837013065815,0.0017947300802916288
mlp_1x64_relu,30,30,284,0.0022597520146518946,0.0017842360539361835
mlp_1x64_relu,30,30,285,0.002251500729471445,0.0018009162740781903
mlp_1x64_relu,30,30,286,0.0022540718782693148,0.001800009049475193
mlp_1x64_relu,30,30,287,0.002251536352559924,0.0017982544377446175
mlp_1x64_relu,30,30,288,0.002263989532366395,0.0017922705737873912
mlp_1x64_relu,30,30,289,0.002258088206872344,0.0017896142089739442
mlp_1x64_relu,30,30,290,0.0022613941691815853,0.0017883956898003817
mlp_1x64_relu,30,30,291,0.002256141509860754,0.0018006395548582077
mlp_1x64_relu,30,30,292,0.0022612689062952995,0.0017942808335646987
mlp_1x64_relu,30,30,293,0.0022534318268299103,0.001796550815925002
mlp_1x64_relu,30,30,294,0.0022559387143701315,0.0017945313593372703
mlp_1x64_relu,30,30,295,0.0022580944932997227,0.001800547237507999
mlp_1x64_relu,30,30,296,0.002254367107525468,0.0017970404587686062
mlp_1x64_relu,30,30,297,0.0022548281121999025,0.0017881717067211866
mlp_1x64_relu,30,30,298,0.0022608228027820587,0.0018024042947217822
mlp_1x64_relu,30,30,299,0.0022548192646354437,0.0018115800339728594
mlp_1x64_relu,30,30,300,0.0022560851648449898,0.0018060108413919806
mlp_1x64_relu,30,30,301,0.002260765992105007,0.001793550094589591
mlp_1x64_relu,30,30,302,0.0022613839246332645,0.0018055748660117388
mlp_1x64_relu,30,30,303,0.0022608907893300056,0.00180191604886204
mlp_1x64_relu,30,30,304,0.0022570856381207705,0.0017979841213673353
mlp_1x64_relu,30,30,305,0.0022563794627785683,0.0018008275656029582
mlp_1x64_relu,30,30,306,0.0022607697173953056,0.0017982377903535962
mlp_1x64_relu,30,30,307,0.0022579035721719265,0.0017949123866856098
mlp_1x64_relu,30,30,308,0.002264810260385275,0.0018017941620200872
mlp_1x64_relu,30,30,309,0.002257366431877017,0.0017939923563972116
mlp_1x64_relu,30,30,310,0.002261682413518429,0.0017948427703231573
mlp_1x64_relu,30,30,311,0.002264827024191618,0.001786544220522046
mlp_1x64_relu,30,30,312,0.002262900583446026,0.001797528937458992
mlp_1x64_relu,30,30,313,0.002258044434711337,0.0017956590745598078
mlp_1x64_relu,30,30,314,0.0022549196146428585,0.0017947221640497446
mlp_1x64_relu,30,30,315,0.0022596579510718584,0.0017935627838596702
mlp_1x64_relu,30,30,316,0.0022559959907084703,0.0017951561603695154
mlp_1x64_relu,30,30,317,0.0022565629333257675,0.001794469659216702
mlp_1x64_relu,30,30,318,0.0022626612335443497,0.0017964285798370838
mlp_1x64_relu,30,30,319,0.0022584334947168827,0.0017909638117998838
mlp_1x64_relu,30,30,320,0.0022689285688102245,0.001796996220946312
mlp_1x64_relu,30,30,321,0.0022615555208176374,0.001795863383449614
mlp_1x64_relu,30,30,322,0.0022656929213553667,0.001789931789971888
mlp_1x64_relu,30,30,323,0.002265108050778508,0.0017915171338245273
mlp_1x64_relu,30,30,324,0.0022642547264695168,0.0017932808259502053
mlp_1x64_relu,30,30,325,0.0022689630277454853,0.0017914182972162962
mlp_1x64_relu,30,30,326,0.0022675252985209227,0.0017986438469961286
mlp_1x64_relu,30,30,327,0.0022643404081463814,0.001786965993233025
mlp_1x64_relu,30,30,328,0.002263851696625352,0.0017943831626325846
mlp_1x64_relu,30,30,329,0.002258303575217724,0.00179131212644279
mlp_1x64_relu,30,30,330,0.0022660011891275644,0.001796242780983448
mlp_1x64_relu,30,30,331,0.002260958543047309,0.001787136890925467
mlp_1x64_relu,30,30,332,0.002270194236189127,0.0018041093135252595
mlp_1x64_relu,30,30,333,0.0022603741381317377,0.0017961208941414952
mlp_1x64_relu,30,30,334,0.0022681814152747393,0.0017910092137753963
mlp_1x64_relu,30,30,335,0.0022636535577476025,0.0017988798208534718
mlp_1x64_relu,30,30,336,0.002263768343254924,0.0017986090388149023
mlp_1x64_relu,30,30,337,0.0022683129645884037,0.0017915958305820823
mlp_1x64_relu,30,30,338,0.002271617529913783,0.0017941254191100597
mlp_1x64_relu,30,30,339,0.0022648072335869074,0.0017936467193067074
mlp_1x64_relu,30,30,340,0.002266864525154233,0.0017962857382372022
mlp_1x64_relu,30,30,341,0.002266071969643235,0.0017981993732973933
mlp_1x64_relu,30,30,342,0.0022624069824814796,0.0017929412424564362
mlp_1x64_relu,30,30,343,0.0022627233993262053,0.001802282058633864
mlp_1x64_relu,30,30,344,0.0022635776549577713,0.0017909378511831164
mlp_1x64_relu,30,30,345,0.0022612859029322863,0.0017888196744024754
mlp_1x64_relu,30,30,346,0.0022639811504632235,0.0018023003358393908
mlp_1x64_relu,30,30,347,0.002265540650114417,0.0017955659423023462
mlp_1x64_relu,30,30,348,0.002265753922984004,0.0017928523011505604
mlp_1x64_relu,30,30,349,0.002270922064781189,0.0018005394376814365
mlp_1x64_relu,30,30,350,0.0022672514896839857,0.0017991483910009265
mlp_1x64_relu,30,30,351,0.002259880304336548,0.0017947126179933548
mlp_1x64_relu,30,30,352,0.002269695047289133,0.0018005347810685635
mlp_1x64_relu,30,30,353,0.0022624495904892683,0.0017988847102969885
mlp_1x64_relu,30,30,354,0.002270330907776952,0.001797773060388863
mlp_1x64_relu,30,30,355,0.0022653520572930574,0.0018038698472082615
mlp_1x64_relu,30,30,356,0.0022631397005170584,0.0017938402015715837
mlp_1x64_relu,30,30,357,0.002267547883093357,0.0017804264789447188
mlp_1x64_relu,30,30,358,0.002263895934447646,0.001793586416170001
mlp_1x64_relu,30,30,359,0.0022686156444251537,0.0017922052647918463
mlp_1x64_relu,30,30,360,0.0022677548695355654,0.0018010432831943035
mlp_1x64_relu,30,30,361,0.002267607022076845,0.0017965714214369655
mlp_1x64_relu,30,30,362,0.0022611592430621386,0.0017914584605023265
mlp_1x64_relu,30,30,363,0.0022655099164694548,0.0018022097647190094
mlp_1x64_relu,30,30,364,0.002260820474475622,0.0017915528733283281
mlp_1x64_relu,30,30,365,0.002267814241349697,0.0018026339821517467
mlp_1x64_relu,30,30,366,0.002264965558424592,0.0017993012443184853
mlp_1x64_relu,30,30,367,0.0022663793060928583,0.0017970618791878223
mlp_1x64_relu,30,30,368,0.0022729062475264072,0.0018040930153802037
mlp_1x64_relu,30,30,369,0.0022627669386565685,0.0017934625502675772
mlp_1x64_relu,30,30,370,0.0022655033972114325,0.0017949586035683751
mlp_1x64_relu,30,30,371,0.0022683353163301945,0.0018121694447472692
mlp_1x64_relu,30,30,372,0.0022677623201161623,0.0018049346981570125
mlp_1x64_relu,30,30,373,0.0022729188203811646,0.001803568098694086
mlp_1x64_relu,30,30,374,0.002269122051075101,0.0017964399885386229
mlp_1x64_relu,30,30,375,0.002263854956254363,0.0018021359574049711
mlp_1x64_relu,30,30,376,0.0022658598609268665,0.0018045247998088598
mlp_1x64_relu,30,30,377,0.002261814661324024,0.001800831756554544
mlp_1x64_relu,30,30,378,0.002267605857923627,0.00179558084346354
mlp_1x64_relu,30,30,379,0.002267229137942195,0.0017900611273944378
mlp_1x64_relu,30,30,380,0.002271670149639249,0.0018029722850769758
mlp_1x64_relu,30,30,381,0.0022663779091089964,0.0017921279650181532
mlp_1x64_relu,30,30,382,0.0022709437180310488,0.0018086587078869343
mlp_1x64_relu,30,30,383,0.00226826430298388,0.0018103335751220584
mlp_1x64_relu,30,30,384,0.0022650067694485188,0.001806091982871294
mlp_1x64_relu,30,30,385,0.0022715041413903236,0.0017879859078675508
mlp_1x64_relu,30,30,386,0.002273728372529149,0.0017994134686887264
mlp_1x64_relu,30,30,387,0.0022693055216223,0.0017986590974032879
mlp_1x64_relu,30,30,388,0.00226806104183197,0.0018055514665320516
mlp_1x64_relu,30,30,389,0.002266273368149996,0.0017969965701922774
mlp_1x64_relu,30,30,390,0.0022734329104423523,0.001796613447368145
mlp_1x64_relu,30,30,391,0.002275325357913971,0.0017943595303222537
mlp_1x64_relu,30,30,392,0.002274642698466778,0.0018051525112241507
mlp_1x64_relu,30,30,393,0.0022707642056047916,0.0017965384759008884
mlp_1x64_relu,30,30,394,0.002270219847559929,0.001790737616829574
mlp_1x64_relu,30,30,395,0.0022714356891810894,0.0018163167405873537
mlp_1x64_relu,30,30,396,0.0022730028722435236,0.0017949307803064585
mlp_1x64_relu,30,30,397,0.00227313837967813,0.001800348050892353
mlp_1x64_relu,30,30,398,0.002271210076287389,0.0018025735625997186
mlp_1x64_relu,30,30,399,0.002272456418722868,0.001804339000955224
mlp_1x64_relu,30,30,400,0.0022731299977749586,0.0018071463564410806
mlp_1x64_relu,30,30,401,0.00228172168135643,0.0017918338999152184
mlp_1x64_relu,30,30,402,0.00227231509052217,0.0017868942813947797
mlp_1x64_relu,30,30,403,0.0022758496925234795,0.0017843915848061442
mlp_1x64_relu,30,30,404,0.0022708107717335224,0.0017934489296749234
mlp_1x64_relu,30,30,405,0.0022783842869102955,0.0017887383000925183
mlp_1x64_relu,30,30,406,0.002271881327033043,0.001797063509002328
mlp_1x64_relu,30,30,407,0.002275776118040085,0.0018074596300721169
mlp_1x64_relu,30,30,408,0.002275089267641306,0.0017840093933045864
mlp_1x64_relu,30,30,409,0.002276807092130184,0.0017842460656538606
mlp_1x64_relu,30,30,410,0.0022752992808818817,0.0017964643193408847
mlp_1x64_relu,30,30,411,0.002276863669976592,0.0017946319421753287
mlp_1x64_relu,30,30,412,0.0022759658750146627,0.001788125024177134
mlp_1x64_relu,30,30,413,0.002280137501657009,0.0017934045754373074
mlp_1x64_relu,30,30,414,0.002275160513818264,0.0017909237649291754
mlp_1x64_relu,30,30,415,0.002279719803482294,0.0017753333086147904
mlp_1x64_relu,30,30,416,0.0022854453418403864,0.001782003790140152
mlp_1x64_relu,30,30,417,0.0022786313202232122,0.0017848649295046926
mlp_1x64_relu,30,30,418,0.0022721753921359777,0.0018078931607306004
mlp_1x64_relu,30,30,419,0.002277214778587222,0.0018060095608234406
mlp_1x64_relu,30,30,420,0.0022774916142225266,0.0017965136794373393
mlp_1x64_relu,30,30,421,0.00227961759082973,0.0017873881151899695
mlp_1x64_relu,30,30,422,0.002272374229505658,0.0017831253353506327
mlp_1x64_relu,30,30,423,0.002278655767440796,0.001779012382030487
mlp_1x64_relu,30,30,424,0.0022825237829238176,0.0018056361004710197
mlp_1x64_relu,30,30,425,0.0022805610205978155,0.001789399073459208
mlp_1x64_relu,30,30,426,0.0022782098967581987,0.001787630026228726
mlp_1x64_relu,30,30,427,0.002277798717841506,0.001794308889657259
mlp_1x64_relu,30,30,428,0.002276396844536066,0.001797570032067597
mlp_1x64_relu,30,30,429,0.00227606319822371,0.0017999870469793677
mlp_1x64_relu,30,30,430,0.0022756101097911596,0.0017947028391063213
mlp_1x64_relu,30,30,431,0.0022838942240923643,0.0017821817891672254
mlp_1x64_relu,30,30,432,0.0022842881735414267,0.0017805652460083365
mlp_1x64_relu,30,30,433,0.0022842807229608297,0.0017715366557240486
mlp_1x64_relu,30,30,434,0.0023013162426650524,0.0018127461662515998
mlp_1x64_relu,30,30,435,0.0022854662965983152,0.0017870605224743485
mlp_1x64_relu,30,30,436,0.0022807305213063955,0.001799122546799481
mlp_1x64_relu,30,30,437,0.0022789821960031986,0.0017805224051699042
mlp_1x64_relu,30,30,438,0.0022759540006518364,0.0017940993420779705
mlp_1x64_relu,30,30,439,0.0022777500562369823,0.0017851829761639237
mlp_1x64_relu,30,30,440,0.0022772292140871286,0.0017858101055026054
mlp_1x64_relu,30,30,441,0.0022785605397075415,0.0017835489707067609
mlp_1x64_relu,30,30,442,0.002278220374137163,0.001776471734046936
mlp_1x64_relu,30,30,443,0.002279984997585416,0.0017932651098817587
mlp_1x64_relu,30,30,444,0.002281930996105075,0.0017777193570509553
mlp_1x64_relu,30,30,445,0.0022830856032669544,0.0017800374189391732
mlp_1x64_relu,30,30,446,0.0022881790064275265,0.0017843892564997077
mlp_1x64_relu,30,30,447,0.0022838024888187647,0.0017814182210713625
mlp_1x64_relu,30,30,448,0.0022867650259286165,0.0017827642150223255
mlp_1x64_relu,30,30,449,0.0022889755200594664,0.0017751011764630675
mlp_1x64_relu,30,30,450,0.0022860432509332895,0.0017891478491947055
mlp_1x64_relu,30,30,451,0.0022851035464555025,0.001780057093128562
mlp_1x64_relu,30,30,452,0.002281668595969677,0.0017929142341017723
mlp_1x64_relu,30,30,453,0.0022821773309260607,0.0017893646145239472
mlp_1x64_relu,30,30,454,0.0022840288002043962,0.0017872797325253487
mlp_1x64_relu,30,30,455,0.0022805442567914724,0.0017954385839402676
mlp_1x64_relu,30,30,456,0.0022915133740752935,0.0017733711283653975
mlp_1x64_relu,30,30,457,0.0022827330976724625,0.0017773155122995377
mlp_1x64_relu,30,30,458,0.002288145013153553,0.0017764548538252711
mlp_1x64_relu,30,30,459,0.0022857552394270897,0.0017791029531508684
mlp_1x64_relu,30,30,460,0.0022824443876743317,0.0017784656956791878
mlp_1x64_relu,30,30,461,0.0022816515993326902,0.0017848436255007982
mlp_1x64_relu,30,30,462,0.0022825030609965324,0.0017812444129958749
mlp_1x64_relu,30,30,463,0.0022831254173070192,0.0017810157733038068
mlp_1x64_relu,30,30,464,0.002282933332026005,0.0017799180932343006
mlp_1x64_relu,30,30,465,0.002289430471137166,0.0017754751024767756
mlp_1x64_relu,30,30,466,0.002282161032781005,0.0017772088758647442
mlp_1x64_relu,30,30,467,0.0022869519889354706,0.0017753646243363619
mlp_1x64_relu,30,30,468,0.002291987184435129,0.0017756394809111953
mlp_1x64_relu,30,30,469,0.0022879871539771557,0.001774800242856145
mlp_1x64_relu,30,30,470,0.002284353831782937,0.0017787015531212091
mlp_1x64_relu,30,30,471,0.0022851594258099794,0.001773804659023881
mlp_1x64_relu,30,30,472,0.0022854777052998543,0.0017766723176464438
mlp_1x64_relu,30,30,473,0.0022859559394419193,0.0017744738142937422
mlp_1x64_relu,30,30,474,0.0022838343866169453,0.0017753952415660024
mlp_1x64_relu,30,30,475,0.0022852912079542875,0.0017698259325698018
mlp_1x64_relu,30,30,476,0.0022881862241774797,0.0017742931377142668
mlp_1x64_relu,30,30,477,0.002289257710799575,0.001772611285559833
mlp_1x64_relu,30,30,478,0.0022854239214211702,0.0017726357327774167
mlp_1x64_relu,30,30,479,0.0022839053999632597,0.0017696649301797152
mlp_1x64_relu,30,30,480,0.0022799107246100903,0.0017799008637666702
mlp_1x64_relu,30,30,481,0.002286983886733651,0.0017731654224917293
mlp_1x64_relu,30,30,482,0.0022838504519313574,0.0017771741840988398
mlp_1x64_relu,30,30,483,0.002285371534526348,0.001777341472916305
mlp_1x64_relu,30,30,484,0.002289895201101899,0.0017770001431927085
mlp_1x64_relu,30,30,485,0.0022896078880876303,0.0017734342254698277
mlp_1x64_relu,30,30,486,0.002288003219291568,0.0017747879028320312
mlp_1x64_relu,30,30,487,0.0022827363573014736,0.0017769909463822842
mlp_1x64_relu,30,30,488,0.0022886889055371284,0.0017806233372539282
mlp_1x64_relu,30,30,489,0.0022865342907607555,0.001768660731613636
mlp_1x64_relu,30,30,490,0.0022844562772661448,0.001774211646988988
mlp_1x64_relu,30,30,491,0.002285224152728915,0.0017774197040125728
mlp_1x64_relu,30,30,492,0.002283216454088688,0.0017755287699401379
mlp_1x64_relu,30,30,493,0.002283441834151745,0.0017770385602489114
mlp_1x64_relu,30,30,494,0.0022843971382826567,0.0017794710583984852
mlp_1x64_relu,30,30,495,0.002286876318976283,0.0017762241186574101
mlp_1x64_relu,30,30,496,0.0022895897272974253,0.0017826692201197147
mlp_1x64_relu,30,30,497,0.0022846548818051815,0.0017676986753940582
mlp_1x64_relu,30,30,498,0.0022848474327474833,0.0017766642849892378
mlp_1x64_relu,30,30,499,0.002285749651491642,0.001776034478098154
mlp_1x64_relu,30,30,500,0.002283712150529027,0.0017764969961717725
mlp_1x64_relu,30,90,1,0.4630371034145355,0.2078271508216858
mlp_1x64_relu,30,90,2,0.18995773792266846,0.10721160471439362
mlp_1x64_relu,30,90,3,0.09790036827325821,0.0598195344209671
mlp_1x64_relu,30,90,4,0.05192836374044418,0.032862186431884766
mlp_1x64_relu,30,90,5,0.02608838491141796,0.01647353731095791
mlp_1x64_relu,30,90,6,0.012371229007840157,0.008257455192506313
mlp_1x64_relu,30,90,7,0.006275424733757973,0.004185068421065807
mlp_1x64_relu,30,90,8,0.004126925487071276,0.0033163931220769882
mlp_1x64_relu,30,90,9,0.0033617885783314705,0.0023447200655937195
mlp_1x64_relu,30,90,10,0.0030112809035927057,0.002106968080624938
mlp_1x64_relu,30,90,11,0.0027183545753359795,0.0018022848526015878
mlp_1x64_relu,30,90,12,0.002645883709192276,0.0019189943559467793
mlp_1x64_relu,30,90,13,0.0026122864801436663,0.001753317192196846
mlp_1x64_relu,30,90,14,0.002462723758071661,0.0017061821417883039
mlp_1x64_relu,30,90,15,0.0023552582133561373,0.0017567600589245558
mlp_1x64_relu,30,90,16,0.002290212083607912,0.00167287967633456
mlp_1x64_relu,30,90,17,0.0021615498699247837,0.0017177051631733775
mlp_1x64_relu,30,90,18,0.0021531530655920506,0.0017242194153368473
mlp_1x64_relu,30,90,19,0.0020753901917487383,0.0016873489366844296
mlp_1x64_relu,30,90,20,0.002017002319917083,0.0016188700683414936
mlp_1x64_relu,30,90,21,0.001970472978428006,0.0017130572814494371
mlp_1x64_relu,30,90,22,0.001969274366274476,0.001840946963056922
mlp_1x64_relu,30,90,23,0.0019374267430976033,0.0017763032810762525
mlp_1x64_relu,30,90,24,0.001921215676702559,0.0018033053493127227
mlp_1x64_relu,30,90,25,0.0018541767494753003,0.0018220760393887758
mlp_1x64_relu,30,90,26,0.0018494054675102234,0.0018212717259302735
mlp_1x64_relu,30,90,27,0.0017909992020577192,0.0016992640448734164
mlp_1x64_relu,30,90,28,0.0017562262946739793,0.0016077616019174457
mlp_1x64_relu,30,90,29,0.0017085577128455043,0.001582267344929278
mlp_1x64_relu,30,90,30,0.0017100207041949034,0.0015447800979018211
mlp_1x64_relu,30,90,31,0.0017157982802018523,0.0015185901429504156
mlp_1x64_relu,30,90,32,0.0016653459751978517,0.001475759781897068
mlp_1x64_relu,30,90,33,0.0016213383059948683,0.001433513592928648
mlp_1x64_relu,30,90,34,0.0015786414733156562,0.0013482552021741867
mlp_1x64_relu,30,90,35,0.0015292228199541569,0.001252808840945363
mlp_1x64_relu,30,90,36,0.001491932780481875,0.0011812580050900578
mlp_1x64_relu,30,90,37,0.0014530639164149761,0.001200303086079657
mlp_1x64_relu,30,90,38,0.0014086547307670116,0.001194190583191812
mlp_1x64_relu,30,90,39,0.0013798244763165712,0.0012110780226066709
mlp_1x64_relu,30,90,40,0.0013938038609921932,0.0012394952354952693
mlp_1x64_relu,30,90,41,0.001382165472023189,0.0012287900317460299
mlp_1x64_relu,30,90,42,0.0013724686577916145,0.0012427869951352477
mlp_1x64_relu,30,90,43,0.0013713180087506771,0.0012457212433218956
mlp_1x64_relu,30,90,44,0.0013861673651263118,0.0012689908035099506
mlp_1x64_relu,30,90,45,0.0014012068277224898,0.0013548472197726369
mlp_1x64_relu,30,90,46,0.0014096612576395273,0.0013347521889954805
mlp_1x64_relu,30,90,47,0.0014208370121195912,0.0013488838449120522
mlp_1x64_relu,30,90,48,0.0014214959228411317,0.001297679147683084
mlp_1x64_relu,30,90,49,0.0014100787229835987,0.0013135402696207166
mlp_1x64_relu,30,90,50,0.0014033883344382048,0.001253346330486238
mlp_1x64_relu,30,90,51,0.0014034013729542494,0.0012573770945891738
mlp_1x64_relu,30,90,52,0.0013923181686550379,0.001214768853969872
mlp_1x64_relu,30,90,53,0.0013931450666859746,0.0012243578676134348
mlp_1x64_relu,30,90,54,0.0013793029356747866,0.0011854906333610415
mlp_1x64_relu,30,90,55,0.0013571464223787189,0.0011981399729847908
mlp_1x64_relu,30,90,56,0.001364983501844108,0.0011873763287439942
mlp_1x64_relu,30,90,57,0.0013478007167577744,0.0011587671469897032
mlp_1x64_relu,30,90,58,0.001340080751106143,0.001161935506388545
mlp_1x64_relu,30,90,59,0.0013437372399494052,0.0011435601627454162
mlp_1x64_relu,30,90,60,0.0013490687124431133,0.0011401049559935927
mlp_1x64_relu,30,90,61,0.0013429747195914388,0.0011505758156999946
mlp_1x64_relu,30,90,62,0.0013505065580829978,0.0011331377318128943
mlp_1x64_relu,30,90,63,0.0013472156133502722,0.0011562746949493885
mlp_1x64_relu,30,90,64,0.0013595481868833303,0.0011238523293286562
mlp_1x64_relu,30,90,65,0.0013565722620114684,0.0011530504561960697
mlp_1x64_relu,30,90,66,0.0013671302003785968,0.0011336401803418994
mlp_1x64_relu,30,90,67,0.001363520510494709,0.0011243164772167802
mlp_1x64_relu,30,90,68,0.0013698487309738994,0.0011244731722399592
mlp_1x64_relu,30,90,69,0.0013800543965771794,0.0011216707061976194
mlp_1x64_relu,30,90,70,0.0013823910849168897,0.0011532474309206009
mlp_1x64_relu,30,90,71,0.0013967326376587152,0.0011119629489257932
mlp_1x64_relu,30,90,72,0.001395069994032383,0.0011041323887184262
mlp_1x64_relu,30,90,73,0.0014134530210867524,0.0011188280768692493
mlp_1x64_relu,30,90,74,0.0014151243958622217,0.001115612336434424
mlp_1x64_relu,30,90,75,0.0014353818260133266,0.0010892560239881277
mlp_1x64_relu,30,90,76,0.001415190869010985,0.0011191709199920297
mlp_1x64_relu,30,90,77,0.0014323763316497207,0.0011108941398561
mlp_1x64_relu,30,90,78,0.0014281097101047635,0.0011205237824469805
mlp_1x64_relu,30,90,79,0.001425419352017343,0.001113580889068544
mlp_1x64_relu,30,90,80,0.0014320140471681952,0.00111046910751611
mlp_1x64_relu,30,90,81,0.0014394631143659353,0.0011146280448883772
mlp_1x64_relu,30,90,82,0.0014355233870446682,0.0010970012517645955
mlp_1x64_relu,30,90,83,0.0014383303932845592,0.00111477286554873
mlp_1x64_relu,30,90,84,0.0014347522519528866,0.00111745938193053
mlp_1x64_relu,30,90,85,0.0014355252496898174,0.0011153517989441752
mlp_1x64_relu,30,90,86,0.0014463429106399417,0.0010783737525343895
mlp_1x64_relu,30,90,87,0.0014573177322745323,0.0011032437905669212
mlp_1x64_relu,30,90,88,0.001470279530622065,0.0010848634410649538
mlp_1x64_relu,30,90,89,0.001489174203015864,0.0010976463090628386
mlp_1x64_relu,30,90,90,0.0014495307113975286,0.001088854973204434
mlp_1x64_relu,30,90,91,0.0014803014928475022,0.0011084231082350016
mlp_1x64_relu,30,90,92,0.0014781246427446604,0.0010722179431468248
mlp_1x64_relu,30,90,93,0.001447515795007348,0.0010527942795306444
mlp_1x64_relu,30,90,94,0.0014563904842361808,0.0010794881964102387
mlp_1x64_relu,30,90,95,0.0014693867415189743,0.0010919638443738222
mlp_1x64_relu,30,90,96,0.00146399752702564,0.001073129940778017
mlp_1x64_relu,30,90,97,0.0014665626222267747,0.0010961636435240507
mlp_1x64_relu,30,90,98,0.001469633774831891,0.0010798139264807105
mlp_1x64_relu,30,90,99,0.0014602638548240066,0.0010683467844501138
mlp_1x64_relu,30,90,100,0.0014930604957044125,0.0011783167719841003
mlp_1x64_relu,30,90,101,0.0014817125629633665,0.0010642135748639703
mlp_1x64_relu,30,90,102,0.0014480784302577376,0.0010682824067771435
mlp_1x64_relu,30,90,103,0.00146393571048975,0.0010567143326625228
mlp_1x64_relu,30,90,104,0.0014738492900505662,0.0010693649528548121
mlp_1x64_relu,30,90,105,0.0014608672354370356,0.0010653428034856915
mlp_1x64_relu,30,90,106,0.0014536776579916477,0.0010731235379353166
mlp_1x64_relu,30,90,107,0.0014867926947772503,0.0010783947072923183
mlp_1x64_relu,30,90,108,0.0015113148838281631,0.0010688776383176446
mlp_1x64_relu,30,90,109,0.001514315023086965,0.001084340619854629
mlp_1x64_relu,30,90,110,0.0014779421035200357,0.0010476721217855811
mlp_1x64_relu,30,90,111,0.0014806006802245975,0.001073020277544856
mlp_1x64_relu,30,90,112,0.0014931537443771958,0.0010712497169151902
mlp_1x64_relu,30,90,113,0.0014559503179043531,0.001081715920008719
mlp_1x64_relu,30,90,114,0.0014887027209624648,0.001078495872206986
mlp_1x64_relu,30,90,115,0.0015186567325145006,0.001050336635671556
mlp_1x64_relu,30,90,116,0.0014898736262694001,0.0010658081155270338
mlp_1x64_relu,30,90,117,0.0014694886049255729,0.0010727632325142622
mlp_1x64_relu,30,90,118,0.0015032527735456824,0.001050808234140277
mlp_1x64_relu,30,90,119,0.0014760566409677267,0.0010607487056404352
mlp_1x64_relu,30,90,120,0.001493001007474959,0.0010649737669155002
mlp_1x64_relu,30,90,121,0.0014967401511967182,0.001060747541487217
mlp_1x64_relu,30,90,122,0.0014804962556809187,0.0010620808461681008
mlp_1x64_relu,30,90,123,0.0014732410199940205,0.0010552661260589957
mlp_1x64_relu,30,90,124,0.0014720929320901632,0.0010538840433582664
mlp_1x64_relu,30,90,125,0.0015104403719305992,0.0010752399684861302
mlp_1x64_relu,30,90,126,0.0015035993419587612,0.001053654938004911
mlp_1x64_relu,30,90,127,0.0014880835078656673,0.0010574465850368142
mlp_1x64_relu,30,90,128,0.0014776785392314196,0.0010601315880194306
mlp_1x64_relu,30,90,129,0.0014608672354370356,0.0010489049600437284
mlp_1x64_relu,30,90,130,0.0014516703085973859,0.0010428435634821653
mlp_1x64_relu,30,90,131,0.0014737877063453197,0.0010680496925488114
mlp_1x64_relu,30,90,132,0.001454180688597262,0.0010505304671823978
mlp_1x64_relu,30,90,133,0.0014582311268895864,0.001060325070284307
mlp_1x64_relu,30,90,134,0.0014548891922459006,0.0010491053108125925
mlp_1x64_relu,30,90,135,0.0014918524539098144,0.0010640281252563
mlp_1x64_relu,30,90,136,0.0014796367613598704,0.0010458565084263682
mlp_1x64_relu,30,90,137,0.0014720107428729534,0.0010457071475684643
mlp_1x64_relu,30,90,138,0.0014712527627125382,0.0010419052559882402
mlp_1x64_relu,30,90,139,0.0015096059069037437,0.0010502858785912395
mlp_1x64_relu,30,90,140,0.0014897765358909965,0.0010420304024592042
mlp_1x64_relu,30,90,141,0.0014732524286955595,0.001046785619109869
mlp_1x64_relu,30,90,142,0.0014895290369167924,0.0010901386849582195
mlp_1x64_relu,30,90,143,0.0014960899716243148,0.0010401380714029074
mlp_1x64_relu,30,90,144,0.0014750455738976598,0.0010464040096849203
mlp_1x64_relu,30,90,145,0.0015170136466622353,0.0010493132285773754
mlp_1x64_relu,30,90,146,0.0014503131387755275,0.0010341336019337177
mlp_1x64_relu,30,90,147,0.001442635664716363,0.001038000569678843
mlp_1x64_relu,30,90,148,0.001460468745790422,0.0010409147944301367
mlp_1x64_relu,30,90,149,0.0014536271337419748,0.0010399303864687681
mlp_1x64_relu,30,90,150,0.001457193517126143,0.0010559598449617624
mlp_1x64_relu,30,90,151,0.0014640841400250793,0.0010506699327379465
mlp_1x64_relu,30,90,152,0.0014396784827113152,0.0010403812630102038
mlp_1x64_relu,30,90,153,0.0014530253829434514,0.001044557080604136
mlp_1x64_relu,30,90,154,0.0014335338491946459,0.0010476576862856746
mlp_1x64_relu,30,90,155,0.001428554649464786,0.0010483430232852697
mlp_1x64_relu,30,90,156,0.0014231407549232244,0.0010450327536091208
mlp_1x64_relu,30,90,157,0.0014260985190048814,0.0010417422745376825
mlp_1x64_relu,30,90,158,0.001425748923793435,0.0010453120339661837
mlp_1x64_relu,30,90,159,0.0014311278937384486,0.001041110954247415
mlp_1x64_relu,30,90,160,0.00144246278796345,0.0010406499495729804
mlp_1x64_relu,30,90,161,0.0014275111025199294,0.0010505164973437786
mlp_1x64_relu,30,90,162,0.0014360150089487433,0.0010371020762249827
mlp_1x64_relu,30,90,163,0.0014315531589090824,0.0010405249195173383
mlp_1x64_relu,30,90,164,0.0014431121526286006,0.0010427148081362247
mlp_1x64_relu,30,90,165,0.0014306595548987389,0.0010336474515497684
mlp_1x64_relu,30,90,166,0.0014287664089351892,0.0010396863799542189
mlp_1x64_relu,30,90,167,0.0014469325542449951,0.001034597516991198
mlp_1x64_relu,30,90,168,0.0014387251576408744,0.001043172786012292
mlp_1x64_relu,30,90,169,0.0014345099916681647,0.0010382028995081782
mlp_1x64_relu,30,90,170,0.0014367973199114203,0.0010475468588992953
mlp_1x64_relu,30,90,171,0.001432370045222342,0.0010374168632552028
mlp_1x64_relu,30,90,172,0.0014379293425008655,0.0010408894158899784
mlp_1x64_relu,30,90,173,0.00144698447547853,0.0010369756491854787
mlp_1x64_relu,30,90,174,0.0014432768803089857,0.0010421245824545622
mlp_1x64_relu,30,90,175,0.0014466458233073354,0.0010401899926364422
mlp_1x64_relu,30,90,176,0.0014386973343789577,0.0010414400603622198
mlp_1x64_relu,30,90,177,0.0014264415949583054,0.0010427520610392094
mlp_1x64_relu,30,90,178,0.001425623893737793,0.0010317220585420728
mlp_1x64_relu,30,90,179,0.0014223104808479548,0.001041355892084539
mlp_1x64_relu,30,90,180,0.0014235972194001079,0.0010381336323916912
mlp_1x64_relu,30,90,181,0.0014231213135644794,0.0010452658170834184
mlp_1x64_relu,30,90,182,0.0014245122438296676,0.001040225150063634
mlp_1x64_relu,30,90,183,0.0014233896508812904,0.0010462498757988214
mlp_1x64_relu,30,90,184,0.001422345987521112,0.0010389848612248898
mlp_1x64_relu,30,90,185,0.0014236373826861382,0.0010437684832140803
mlp_1x64_relu,30,90,186,0.0014223138568922877,0.0010430958354845643
mlp_1x64_relu,30,90,187,0.0014212249079719186,0.0010433641728013754
mlp_1x64_relu,30,90,188,0.0014253586996346712,0.001043452532030642
mlp_1x64_relu,30,90,189,0.0014229301596060395,0.0010415175929665565
mlp_1x64_relu,30,90,190,0.0014245978090912104,0.0010441214544698596
mlp_1x64_relu,30,90,191,0.0014205049956217408,0.0010426449589431286
mlp_1x64_relu,30,90,192,0.0014207797357812524,0.0010457522002980113
mlp_1x64_relu,30,90,193,0.0014201580779626966,0.0010419349418953061
mlp_1x64_relu,30,90,194,0.001420385087840259,0.0010434952564537525
mlp_1x64_relu,30,90,195,0.0014203108148649335,0.001043864293023944
mlp_1x64_relu,30,90,196,0.0014201331650838256,0.001041871844790876
mlp_1x64_relu,30,90,197,0.001421361113898456,0.00104369199834764
mlp_1x64_relu,30,90,198,0.0014236589195206761,0.0010409601964056492
mlp_1x64_relu,30,90,199,0.0014229699736461043,0.0010439499747008085
mlp_1x64_relu,30,90,200,0.0014207633212208748,0.0010415710275992751
mlp_1x64_relu,30,90,201,0.0014212321257218719,0.0010447567328810692
mlp_1x64_relu,30,90,202,0.0014206728665158153,0.0010445051593706012
mlp_1x64_relu,30,90,203,0.0014210173394531012,0.001042475225403905
mlp_1x64_relu,30,90,204,0.001420416054315865,0.001042691059410572
mlp_1x64_relu,30,90,205,0.0014206047635525465,0.00104382517747581
mlp_1x64_relu,30,90,206,0.0014204122126102448,0.0010421785991638899
mlp_1x64_relu,30,90,207,0.0014205026673153043,0.0010433130664750934
mlp_1x64_relu,30,90,208,0.0014206325868144631,0.0010427060769870877
mlp_1x64_relu,30,90,209,0.0014219318982213736,0.001044299453496933
mlp_1x64_relu,30,90,210,0.0014205306069925427,0.0010426291264593601
mlp_1x64_relu,30,90,211,0.0014216299168765545,0.001043392694555223
mlp_1x64_relu,30,90,212,0.001420169253833592,0.001040154485963285
mlp_1x64_relu,30,90,213,0.0014206839259713888,0.0010429593967273831
mlp_1x64_relu,30,90,214,0.0014204842736944556,0.0010455839801579714
mlp_1x64_relu,30,90,215,0.0014207427157089114,0.0010440032929182053
mlp_1x64_relu,30,90,216,0.0014203391037881374,0.0010444829240441322
mlp_1x64_relu,30,90,217,0.0014205494662746787,0.0010428499663248658
mlp_1x64_relu,30,90,218,0.0014201918384060264,0.001044292701408267
mlp_1x64_relu,30,90,219,0.0014205126790329814,0.0010442419443279505
mlp_1x64_relu,30,90,220,0.0014207293279469013,0.0010449877008795738
mlp_1x64_relu,30,90,221,0.0014205960324034095,0.0010434170253574848
mlp_1x64_relu,30,90,222,0.0014206949854269624,0.0010431918781250715
mlp_1x64_relu,30,90,223,0.0014207866042852402,0.0010438436875119805
mlp_1x64_relu,30,90,224,0.0014206219930201769,0.0010440649930387735
mlp_1x64_relu,30,90,225,0.0014204297913238406,0.001044700969941914
mlp_1x64_relu,30,90,226,0.0014205817133188248,0.0010446509113535285
mlp_1x64_relu,30,90,227,0.0014203654136508703,0.0010411926778033376
mlp_1x64_relu,30,90,228,0.0014204168692231178,0.0010441907215863466
mlp_1x64_relu,30,90,229,0.0014204714680090547,0.001042054733261466
mlp_1x64_relu,30,90,230,0.0014203963801264763,0.0010436588199809194
mlp_1x64_relu,30,90,231,0.0014202796155586839,0.0010422159684821963
mlp_1x64_relu,30,90,232,0.0014201987069100142,0.00104451272636652
mlp_1x64_relu,30,90,233,0.0014201070880517364,0.0010419227182865143
mlp_1x64_relu,30,90,234,0.001419966691173613,0.0010425010696053505
mlp_1x64_relu,30,90,235,0.0014205093029886484,0.0010446531232446432
mlp_1x64_relu,30,90,236,0.001420330605469644,0.0010426680091768503
mlp_1x64_relu,30,90,237,0.0014203357277438045,0.001043139724060893
mlp_1x64_relu,30,90,238,0.0014201722806319594,0.001042000949382782
mlp_1x64_relu,30,90,239,0.0014205747283995152,0.00104498618748039
mlp_1x64_relu,30,90,240,0.0014201771700754762,0.0010425496147945523
mlp_1x64_relu,30,90,241,0.0014206657651811838,0.0010438354220241308
mlp_1x64_relu,30,90,242,0.0014199672732502222,0.0010406969813629985
mlp_1x64_relu,30,90,243,0.0014205698389559984,0.001043593743816018
mlp_1x64_relu,30,90,244,0.001419826876372099,0.0010394933633506298
mlp_1x64_relu,30,90,245,0.0014206446940079331,0.001044770353473723
mlp_1x64_relu,30,90,246,0.0014203616883605719,0.0010436982847750187
mlp_1x64_relu,30,90,247,0.0014204127946868539,0.0010437737219035625
mlp_1x64_relu,30,90,248,0.0014203359605744481,0.0010435900185257196
mlp_1x64_relu,30,90,249,0.0014200336299836636,0.0010435490403324366
mlp_1x64_relu,30,90,250,0.0014201875310391188,0.0010431522969156504
mlp_1x64_relu,30,90,251,0.0014202360762283206,0.0010427337838336825
mlp_1x64_relu,30,90,252,0.0014209728688001633,0.001044496544636786
mlp_1x64_relu,30,90,253,0.001420184737071395,0.0010416475124657154
mlp_1x64_relu,30,90,254,0.0014204196631908417,0.001043174066580832
mlp_1x64_relu,30,90,255,0.0014203168684616685,0.0010427572997286916
mlp_1x64_relu,30,90,256,0.0014200321165844798,0.001043416908942163
mlp_1x64_relu,30,90,257,0.0014202023157849908,0.0010440296027809381
mlp_1x64_relu,30,90,258,0.0014200612204149365,0.0010411101393401623
mlp_1x64_relu,30,90,259,0.0014204548206180334,0.0010440221522003412
mlp_1x64_relu,30,90,260,0.0014200109289959073,0.0010394366690889
mlp_1x64_relu,30,90,261,0.0014201808953657746,0.0010444943327456713
mlp_1x64_relu,30,90,262,0.0014203054597601295,0.001042939256876707
mlp_1x64_relu,30,90,263,0.0014204514445737004,0.001043918658979237
mlp_1x64_relu,30,90,264,0.0014201831072568893,0.001042593503370881
mlp_1x64_relu,30,90,265,0.0014203379396349192,0.0010436692973598838
mlp_1x64_relu,30,90,266,0.0014202769380062819,0.001039009657688439
mlp_1x64_relu,30,90,267,0.0014199165161699057,0.0010438748868182302
mlp_1x64_relu,30,90,268,0.0014204123290255666,0.0010429921094328165
mlp_1x64_relu,30,90,269,0.0014203041791915894,0.0010431057307869196
mlp_1x64_relu,30,90,270,0.0014205083716660738,0.0010419980389997363
mlp_1x64_relu,30,90,271,0.0014207568019628525,0.001044210628606379
mlp_1x64_relu,30,90,272,0.001420126878656447,0.0010406766086816788
mlp_1x64_relu,30,90,273,0.0014200839214026928,0.0010441250633448362
mlp_1x64_relu,30,90,274,0.0014200671575963497,0.001044080825522542
mlp_1x64_relu,30,90,275,0.0014201902085915208,0.0010413420386612415
mlp_1x64_relu,30,90,276,0.0014201926533132792,0.0010427316883578897
mlp_1x64_relu,30,90,277,0.0014203296741470695,0.0010437971213832498
mlp_1x64_relu,30,90,278,0.0014201834565028548,0.0010421719634905457
mlp_1x64_relu,30,90,279,0.0014206753112375736,0.0010440840851515532
mlp_1x64_relu,30,90,280,0.001420079031959176,0.001041411072947085
mlp_1x64_relu,30,90,281,0.0014202413149178028,0.0010435289004817605
mlp_1x64_relu,30,90,282,0.0014202191960066557,0.0010426496155560017
mlp_1x64_relu,30,90,283,0.001420306507498026,0.0010430323891341686
mlp_1x64_relu,30,90,284,0.0014204221079126,0.0010435511358082294
mlp_1x64_relu,30,90,285,0.0014208477223291993,0.0010445504449307919
mlp_1x64_relu,30,90,286,0.0014202550519257784,0.0010437375167384744
mlp_1x64_relu,30,90,287,0.0014204741455614567,0.0010440390324220061
mlp_1x64_relu,30,90,288,0.001420267391949892,0.0010435028234496713
mlp_1x64_relu,30,90,289,0.0014203379396349192,0.0010433538118377328
mlp_1x64_relu,30,90,290,0.0014204132603481412,0.001043408876284957
mlp_1x64_relu,30,90,291,0.0014202464371919632,0.001041768933646381
mlp_1x64_relu,30,90,292,0.001420205575414002,0.001043230528011918
mlp_1x64_relu,30,90,293,0.0014202323509380221,0.001043688040226698
mlp_1x64_relu,30,90,294,0.0014208914944902062,0.0010451081907376647
mlp_1x64_relu,30,90,295,0.0014202316524460912,0.0010425465879961848
mlp_1x64_relu,30,90,296,0.0014206055784597993,0.0010428528767079115
mlp_1x64_relu,30,90,297,0.0014205444604158401,0.0010433550924062729
mlp_1x64_relu,30,90,298,0.001420398592017591,0.0010446168016642332
mlp_1x64_relu,30,90,299,0.0014201536541804671,0.001040962408296764
mlp_1x64_relu,30,90,300,0.0014203129103407264,0.0010437978198751807
mlp_1x64_relu,30,90,301,0.0014200920704752207,0.001041425159201026
mlp_1x64_relu,30,90,302,0.0014201286248862743,0.001044710399582982
mlp_1x64_relu,30,90,303,0.0014204811304807663,0.0010416252771392465
mlp_1x64_relu,30,90,304,0.0014206068590283394,0.0010434368159621954
mlp_1x64_relu,30,90,305,0.001420138287357986,0.001042293501086533
mlp_1x64_relu,30,90,306,0.0014204230392351747,0.0010424170177429914
mlp_1x64_relu,30,90,307,0.001420506276190281,0.0010425407672300935
mlp_1x64_relu,30,90,308,0.001420427463017404,0.0010448797838762403
mlp_1x64_relu,30,90,309,0.0014201586600393057,0.0010389647213742137
mlp_1x64_relu,30,90,310,0.0014200450386852026,0.0010449037654325366
mlp_1x64_relu,30,90,311,0.0014204491162672639,0.0010417758021503687
mlp_1x64_relu,30,90,312,0.001420357613824308,0.0010442101629450917
mlp_1x64_relu,30,90,313,0.001420535147190094,0.0010431514820083976
mlp_1x64_relu,30,90,314,0.0014204862527549267,0.0010433897841721773
mlp_1x64_relu,30,90,315,0.0014203473692759871,0.0010412518167868257
mlp_1x64_relu,30,90,316,0.0014202699530869722,0.0010420418111607432
mlp_1x64_relu,30,90,317,0.0014203983591869473,0.0010433185379952192
mlp_1x64_relu,30,90,318,0.0014207168715074658,0.001043736352585256
mlp_1x64_relu,30,90,319,0.0014199686702340841,0.0010400988394394517
mlp_1x64_relu,30,90,320,0.001420299638994038,0.0010431589325889945
mlp_1x64_relu,30,90,321,0.0014199180295690894,0.0010413830168545246
mlp_1x64_relu,30,90,322,0.0014206395717337728,0.0010444538202136755
mlp_1x64_relu,30,90,323,0.0014203902101144195,0.0010435797739773989
mlp_1x64_relu,30,90,324,0.0014205347979441285,0.0010426080552861094
mlp_1x64_relu,30,90,325,0.0014205272309482098,0.0010448277462273836
mlp_1x64_relu,30,90,326,0.001420342130586505,0.0010422345949336886
mlp_1x64_relu,30,90,327,0.001420126180164516,0.0010440958430990577
mlp_1x64_relu,30,90,328,0.001420299638994038,0.001042608288116753
mlp_1x64_relu,30,90,329,0.0014203590108081698,0.00104262656532228
mlp_1x64_relu,30,90,330,0.0014203435275703669,0.001043499680235982
mlp_1x64_relu,30,90,331,0.0014202406164258718,0.001043359050527215
mlp_1x64_relu,30,90,332,0.0014203049940988421,0.0010436673182994127
mlp_1x64_relu,30,90,333,0.0014205006882548332,0.0010436757002025843
mlp_1x64_relu,30,90,334,0.0014202918391674757,0.0010426969965919852
mlp_1x64_relu,30,90,335,0.00142032525036484,0.0010417704470455647
mlp_1x64_relu,30,90,336,0.0014205044135451317,0.001043933560140431
mlp_1x64_relu,30,90,337,0.0014199595898389816,0.0010399396996945143
mlp_1x64_relu,30,90,338,0.001420029904693365,0.0010422365739941597
mlp_1x64_relu,30,90,339,0.0014203691389411688,0.0010420058388262987
mlp_1x64_relu,30,90,340,0.0014206399209797382,0.0010429626563563943
mlp_1x64_relu,30,90,341,0.0014204643666744232,0.0010418407618999481
mlp_1x64_relu,30,90,342,0.0014210576191544533,0.0010442603379487991
mlp_1x64_relu,30,90,343,0.001420255983248353,0.0010392676340416074
mlp_1x64_relu,30,90,344,0.0014205449260771275,0.001043983967974782
mlp_1x64_relu,30,90,345,0.0014200221048668027,0.0010431950213387609
mlp_1x64_relu,30,90,346,0.0014203160535544157,0.001043933443725109
mlp_1x64_relu,30,90,347,0.0014201137237250805,0.0010426762746647
mlp_1x64_relu,30,90,348,0.0014202010352164507,0.0010429560206830502
mlp_1x64_relu,30,90,349,0.0014206278137862682,0.0010433942079544067
mlp_1x64_relu,30,90,350,0.0014202132588252425,0.0010423825588077307
mlp_1x64_relu,30,90,351,0.0014203678583726287,0.0010428677778691053
mlp_1x64_relu,30,90,352,0.0014201353769749403,0.0010406136279925704
mlp_1x64_relu,30,90,353,0.0014199222205206752,0.0010432829149067402
mlp_1x64_relu,30,90,354,0.0014203529572114348,0.0010435442673042417
mlp_1x64_relu,30,90,355,0.001420333399437368,0.0010428723180666566
mlp_1x64_relu,30,90,356,0.0014201735612004995,0.0010433531133458018
mlp_1x64_relu,30,90,357,0.001420358195900917,0.0010438578901812434
mlp_1x64_relu,30,90,358,0.0014203161699697375,0.001042491290718317
mlp_1x64_relu,30,90,359,0.0014204109320417047,0.0010418712627142668
mlp_1x64_relu,30,90,360,0.001420323853380978,0.0010441052727401257
mlp_1x64_relu,30,90,361,0.0014201864833012223,0.0010413062991574407
mlp_1x64_relu,30,90,362,0.0014202139573171735,0.0010442404309287667
mlp_1x64_relu,30,90,363,0.0014206802006810904,0.0010436526499688625
mlp_1x64_relu,30,90,364,0.0014204714680090547,0.0010432315757498145
mlp_1x64_relu,30,90,365,0.001420466462150216,0.0010433302959427238
mlp_1x64_relu,30,90,366,0.0014204737963154912,0.001042037270963192
mlp_1x64_relu,30,90,367,0.0014200859004631639,0.0010439692996442318
mlp_1x64_relu,30,90,368,0.0014204495819285512,0.0010428979294374585
mlp_1x64_relu,30,90,369,0.0014206155901774764,0.0010434414725750685
mlp_1x64_relu,30,90,370,0.001420397311449051,0.0010433412389829755
mlp_1x64_relu,30,90,371,0.0014201317680999637,0.0010434378637000918
mlp_1x64_relu,30,90,372,0.001420485321432352,0.0010434824507683516
mlp_1x64_relu,30,90,373,0.0014208444627001882,0.0010436929296702147
mlp_1x64_relu,30,90,374,0.0014201869489625096,0.0010407048976048827
mlp_1x64_relu,30,90,375,0.0014197863638401031,0.0010414333082735538
mlp_1x64_relu,30,90,376,0.001420272747054696,0.001042616437189281
mlp_1x64_relu,30,90,377,0.001420366344973445,0.0010431567206978798
mlp_1x64_relu,30,90,378,0.001420512329787016,0.0010435852454975247
mlp_1x64_relu,30,90,379,0.0014203645987436175,0.0010430364636704326
mlp_1x64_relu,30,90,380,0.0014205432962626219,0.0010431628907099366
mlp_1x64_relu,30,90,381,0.0014200942823663354,0.0010420051403343678
mlp_1x64_relu,30,90,382,0.001420300337485969,0.0010427068918943405
mlp_1x64_relu,30,90,383,0.0014204104663804173,0.0010426214430481195
mlp_1x64_relu,30,90,384,0.0014202063903212547,0.0010421851184219122
mlp_1x64_relu,30,90,385,0.0014201176818460226,0.0010418202728033066
mlp_1x64_relu,30,90,386,0.00142014236189425,0.0010423833737149835
mlp_1x64_relu,30,90,387,0.0014205323532223701,0.001042925869114697
mlp_1x64_relu,30,90,388,0.001420086482539773,0.001042462419718504
mlp_1x64_relu,30,90,389,0.0014200799632817507,0.0010417517041787505
mlp_1x64_relu,30,90,390,0.001420054119080305,0.0010427288943901658
mlp_1x64_relu,30,90,391,0.0014203089522197843,0.001043221796862781
mlp_1x64_relu,30,90,392,0.0014208289794623852,0.001045121462084353
mlp_1x64_relu,30,90,393,0.0014198963763192296,0.0010425588116049767
mlp_1x64_relu,30,90,394,0.0014206096529960632,0.001043458003550768
mlp_1x64_relu,30,90,395,0.0014199563302099705,0.0010411920957267284
mlp_1x64_relu,30,90,396,0.0014203423634171486,0.0010438966564834118
mlp_1x64_relu,30,90,397,0.0014206848572939634,0.0010435041040182114
mlp_1x64_relu,30,90,398,0.001420348766259849,0.001045161858201027
mlp_1x64_relu,30,90,399,0.0014202318852767348,0.0010417135199531913
mlp_1x64_relu,30,90,400,0.0014198319986462593,0.0010442982893437147
mlp_1x64_relu,30,90,401,0.001419802545569837,0.001041228068061173
mlp_1x64_relu,30,90,402,0.0014201949816197157,0.0010431070113554597
mlp_1x64_relu,30,90,403,0.0014203296741470695,0.0010435013100504875
mlp_1x64_relu,30,90,404,0.00142094015609473,0.0010448741959407926
mlp_1x64_relu,30,90,405,0.0014206802006810904,0.0010435201693326235
mlp_1x64_relu,30,90,406,0.0014205924235284328,0.0010434880387037992
mlp_1x64_relu,30,90,407,0.0014204959152266383,0.0010431893169879913
mlp_1x64_relu,30,90,408,0.0014202678576111794,0.0010435710428282619
mlp_1x64_relu,30,90,409,0.0014203924220055342,0.0010422338964417577
mlp_1x64_relu,30,90,410,0.0014202878810465336,0.00104587955866009
mlp_1x64_relu,30,90,411,0.0014206451596692204,0.0010408947709947824
mlp_1x64_relu,30,90,412,0.0014196760021150112,0.0010422483319416642
mlp_1x64_relu,30,90,413,0.001420223037712276,0.0010435791919007897
mlp_1x64_relu,30,90,414,0.0014205767074599862,0.0010434947907924652
mlp_1x64_relu,30,90,415,0.0014204109320417047,0.0010413575218990445
mlp_1x64_relu,30,90,416,0.0014205732150003314,0.0010453988797962666
mlp_1x64_relu,30,90,417,0.001420191372744739,0.0010387561051174998
mlp_1x64_relu,30,90,418,0.0014203087193891406,0.0010450879344716668
mlp_1x64_relu,30,90,419,0.0014201075537130237,0.001041299314238131
mlp_1x64_relu,30,90,420,0.0014201547019183636,0.0010428375098854303
mlp_1x64_relu,30,90,421,0.0014205415500327945,0.001042337971739471
mlp_1x64_relu,30,90,422,0.0014202247839421034,0.0010429949034005404
mlp_1x64_relu,30,90,423,0.0014207098865881562,0.0010437768651172519
mlp_1x64_relu,30,90,424,0.0014203712344169617,0.0010416418081149459
mlp_1x64_relu,30,90,425,0.0014202200109139085,0.0010427305242046714
mlp_1x64_relu,30,90,426,0.0014203429454937577,0.0010437950259074569
mlp_1x64_relu,30,90,427,0.0014202329330146313,0.0010425136424601078
mlp_1x64_relu,30,90,428,0.001420003129169345,0.00104313506744802
mlp_1x64_relu,30,90,429,0.001420412096194923,0.0010435277363285422
mlp_1x64_relu,30,90,430,0.0014202652964740992,0.0010418130550533533
mlp_1x64_relu,30,90,431,0.001420210232026875,0.001043651020154357
mlp_1x64_relu,30,90,432,0.0014204729814082384,0.0010430131806060672
mlp_1x64_relu,30,90,433,0.0014204602921381593,0.0010446124942973256
mlp_1x64_relu,30,90,434,0.001420004409737885,0.00104261573869735
mlp_1x64_relu,30,90,435,0.001420798129402101,0.0010452901478856802
mlp_1x64_relu,30,90,436,0.0014202562160789967,0.0010382186155766249
mlp_1x64_relu,30,90,437,0.001420485437847674,0.0010446410160511732
mlp_1x64_relu,30,90,438,0.0014202725142240524,0.001041956595145166
mlp_1x64_relu,30,90,439,0.0014200527220964432,0.0010431904811412096
mlp_1x64_relu,30,90,440,0.0014205812476575375,0.0010439070174470544
mlp_1x64_relu,30,90,441,0.001420342130586505,0.001042687683366239
mlp_1x64_relu,30,90,442,0.0014206600608304143,0.0010431045666337013
mlp_1x64_relu,30,90,443,0.0014198952121660113,0.0010433824500069022
mlp_1x64_relu,30,90,444,0.0014203491155058146,0.0010438713943585753
mlp_1x64_relu,30,90,445,0.0014201513258740306,0.0010414521675556898
mlp_1x64_relu,30,90,446,0.0014202608726918697,0.0010434536961838603
mlp_1x64_relu,30,90,447,0.001420368324033916,0.0010425507789477706
mlp_1x64_relu,30,90,448,0.0014205171028152108,0.0010439702309668064
mlp_1x64_relu,30,90,449,0.0014200019650161266,0.0010423752246424556
mlp_1x64_relu,30,90,450,0.0014206495834514499,0.0010445984080433846
mlp_1x64_relu,30,90,451,0.0014199441066011786,0.0010423738276585937
mlp_1x64_relu,30,90,452,0.0014202612219378352,0.0010426463559269905
mlp_1x64_relu,30,90,453,0.0014202652964740992,0.0010422145714983344
mlp_1x64_relu,30,90,454,0.0014202517922967672,0.0010410967515781522
mlp_1x64_relu,30,90,455,0.0014201593585312366,0.0010445108637213707
mlp_1x64_relu,30,90,456,0.0014204994076862931,0.0010406735818833113
mlp_1x64_relu,30,90,457,0.0014204444596543908,0.0010444533545523882
mlp_1x64_relu,30,90,458,0.0014200120931491256,0.0010427940869703889
mlp_1x64_relu,30,90,459,0.001420518383383751,0.0010434465948492289
mlp_1x64_relu,30,90,460,0.0014204354956746101,0.0010437146993353963
mlp_1x64_relu,30,90,461,0.0014204098843038082,0.0010442158672958612
mlp_1x64_relu,30,90,462,0.0014206860214471817,0.0010430834954604506
mlp_1x64_relu,30,90,463,0.0014202474849298596,0.0010426553199067712
mlp_1x64_relu,30,90,464,0.0014206680934876204,0.0010425504297018051
mlp_1x64_relu,30,90,465,0.0014201394515112042,0.0010426416993141174
mlp_1x64_relu,30,90,466,0.0014203087193891406,0.0010431500850245357
mlp_1x64_relu,30,90,467,0.0014201845042407513,0.001042514224536717
mlp_1x64_relu,30,90,468,0.0014203714672476053,0.0010423287749290466
mlp_1x64_relu,30,90,469,0.0014207151252776384,0.0010435106232762337
mlp_1x64_relu,30,90,470,0.0014202180318534374,0.0010423004860058427
mlp_1x64_relu,30,90,471,0.0014202616875991225,0.0010443436913192272
mlp_1x64_relu,30,90,472,0.0014199962606653571,0.001040076487697661
mlp_1x64_relu,30,90,473,0.00141978042665869,0.0010420336620882154
mlp_1x64_relu,30,90,474,0.0014210246736183763,0.0010438908357173204
mlp_1x64_relu,30,90,475,0.0014203073224052787,0.001042198739014566
mlp_1x64_relu,30,90,476,0.0014206451596692204,0.001043675234541297
mlp_1x64_relu,30,90,477,0.0014201704179868102,0.0010418070014566183
mlp_1x64_relu,30,90,478,0.001420422806404531,0.0010440136538818479
mlp_1x64_relu,30,90,479,0.0014204428298398852,0.0010438015451654792
mlp_1x64_relu,30,90,480,0.0014206374762579799,0.0010423786006867886
mlp_1x64_relu,30,90,481,0.0014203322352841496,0.001044974778778851
mlp_1x64_relu,30,90,482,0.0014202408492565155,0.0010411617113277316
mlp_1x64_relu,30,90,483,0.0014200792647898197,0.001043419586494565
mlp_1x64_relu,30,90,484,0.0014201385201886296,0.001043780823238194
mlp_1x64_relu,30,90,485,0.0014202893944457173,0.0010420578764751554
mlp_1x64_relu,30,90,486,0.0014199920697137713,0.0010430020047351718
mlp_1x64_relu,30,90,487,0.0014206354971975088,0.0010426724329590797
mlp_1x64_relu,30,90,488,0.0014207587810233235,0.001044914242811501
mlp_1x64_relu,30,90,489,0.0014201999874785542,0.0010415759170427918
mlp_1x64_relu,30,90,490,0.0014203987084329128,0.001043981872498989
mlp_1x64_relu,30,90,491,0.0014203473692759871,0.0010404654312878847
mlp_1x64_relu,30,90,492,0.0014198131393641233,0.0010439874604344368
mlp_1x64_relu,30,90,493,0.0014204921899363399,0.0010435119038447738
mlp_1x64_relu,30,90,494,0.00142048136331141,0.001044188509695232
mlp_1x64_relu,30,90,495,0.0014200033619999886,0.0010416097939014435
mlp_1x64_relu,30,90,496,0.001420181943103671,0.0010429861722514033
mlp_1x64_relu,30,90,497,0.0014202856691554189,0.001042755669914186
mlp_1x64_relu,30,90,498,0.0014206141931936145,0.0010428832611069083
mlp_1x64_relu,30,90,499,0.0014203725149855018,0.0010435503209009767
mlp_1x64_relu,30,90,500,0.001420097192749381,0.001039686962030828
mlp_1x64_relu,90,1,1,0.5115135312080383,0.24934490025043488
mlp_1x64_relu,90,1,2,0.21344061195850372,0.13781362771987915
mlp_1x64_relu,90,1,3,0.11061665415763855,0.08034814149141312
mlp_1x64_relu,90,1,4,0.05744605138897896,0.0430682934820652
mlp_1x64_relu,90,1,5,0.028728310018777847,0.02229870855808258
mlp_1x64_relu,90,1,6,0.016699280589818954,0.014183152467012405
mlp_1x64_relu,90,1,7,0.013182669878005981,0.011905203573405743
mlp_1x64_relu,90,1,8,0.01213851012289524,0.011507620103657246
mlp_1x64_relu,90,1,9,0.011646992526948452,0.011518042534589767
mlp_1x64_relu,90,1,10,0.01148226298391819,0.012186765670776367
mlp_1x64_relu,90,1,11,0.011854241602122784,0.012242943048477173
mlp_1x64_relu,90,1,12,0.013187667354941368,0.010926976799964905
mlp_1x64_relu,90,1,13,0.012026992626488209,0.01157019380480051
mlp_1x64_relu,90,1,14,0.01187849696725607,0.012476167641580105
mlp_1x64_relu,90,1,15,0.012043958529829979,0.01088349986821413
mlp_1x64_relu,90,1,16,0.01189325749874115,0.01098962128162384
mlp_1x64_relu,90,1,17,0.011932198889553547,0.012470941059291363
mlp_1x64_relu,90,1,18,0.01205881591886282,0.012522818520665169
mlp_1x64_relu,90,1,19,0.011279514990746975,0.011427605524659157
mlp_1x64_relu,90,1,20,0.01090020127594471,0.010789310559630394
mlp_1x64_relu,90,1,21,0.011764504946768284,0.011895760893821716
mlp_1x64_relu,90,1,22,0.011709950864315033,0.013839964754879475
mlp_1x64_relu,90,1,23,0.011567248031497002,0.012019338086247444
mlp_1x64_relu,90,1,24,0.0117862643674016,0.01426724437624216
mlp_1x64_relu,90,1,25,0.011707323603332043,0.01547789853066206
mlp_1x64_relu,90,1,26,0.011615445837378502,0.013092651031911373
mlp_1x64_relu,90,1,27,0.011307073757052422,0.011243185959756374
mlp_1x64_relu,90,1,28,0.011640566401183605,0.01239919476211071
mlp_1x64_relu,90,1,29,0.010893359780311584,0.010890019126236439
mlp_1x64_relu,90,1,30,0.010656907223165035,0.01113792136311531
mlp_1x64_relu,90,1,31,0.010773737914860249,0.010926680639386177
mlp_1x64_relu,90,1,32,0.01103341393172741,0.011669306084513664
mlp_1x64_relu,90,1,33,0.011006168089807034,0.011340003460645676
mlp_1x64_relu,90,1,34,0.01077196653932333,0.010675759986042976
mlp_1x64_relu,90,1,35,0.010736946947872639,0.010889062657952309
mlp_1x64_relu,90,1,36,0.01045026071369648,0.011068519204854965
mlp_1x64_relu,90,1,37,0.010382125154137611,0.010891037993133068
mlp_1x64_relu,90,1,38,0.010357470251619816,0.01045730896294117
mlp_1x64_relu,90,1,39,0.010196387767791748,0.010240092873573303
mlp_1x64_relu,90,1,40,0.010127815417945385,0.010455709882080555
mlp_1x64_relu,90,1,41,0.010318330489099026,0.010677366517484188
mlp_1x64_relu,90,1,42,0.010277035646140575,0.011361274868249893
mlp_1x64_relu,90,1,43,0.010271084494888783,0.011425202712416649
mlp_1x64_relu,90,1,44,0.010222196578979492,0.010929267853498459
mlp_1x64_relu,90,1,45,0.010150915011763573,0.010536258108913898
mlp_1x64_relu,90,1,46,0.010038748383522034,0.010312868282198906
mlp_1x64_relu,90,1,47,0.010044414550065994,0.010700800456106663
mlp_1x64_relu,90,1,48,0.010272212326526642,0.010660682804882526
mlp_1x64_relu,90,1,49,0.010585419833660126,0.010372240096330643
mlp_1x64_relu,90,1,50,0.010742166079580784,0.010302115231752396
mlp_1x64_relu,90,1,51,0.010450184345245361,0.010362492874264717
mlp_1x64_relu,90,1,52,0.010194194503128529,0.010442264378070831
mlp_1x64_relu,90,1,53,0.010068881325423717,0.010638357140123844
mlp_1x64_relu,90,1,54,0.010128556750714779,0.011181243695318699
mlp_1x64_relu,90,1,55,0.01013836357742548,0.011252667754888535
mlp_1x64_relu,90,1,56,0.010378814302384853,0.011181414127349854
mlp_1x64_relu,90,1,57,0.01035994105041027,0.011004220694303513
mlp_1x64_relu,90,1,58,0.010118421167135239,0.010441870428621769
mlp_1x64_relu,90,1,59,0.010042896494269371,0.010440761223435402
mlp_1x64_relu,90,1,60,0.009896572679281235,0.010490160435438156
mlp_1x64_relu,90,1,61,0.009953731670975685,0.010432088747620583
mlp_1x64_relu,90,1,62,0.010215036571025848,0.010496102273464203
mlp_1x64_relu,90,1,63,0.010376177728176117,0.010446956381201744
mlp_1x64_relu,90,1,64,0.010465920902788639,0.010467758402228355
mlp_1x64_relu,90,1,65,0.010485964827239513,0.010486021637916565
mlp_1x64_relu,90,1,66,0.010338724590837955,0.010614308528602123
mlp_1x64_relu,90,1,67,0.01020203996449709,0.01050000824034214
mlp_1x64_relu,90,1,68,0.010314008221030235,0.010571496561169624
mlp_1x64_relu,90,1,69,0.010410218499600887,0.010721619240939617
mlp_1x64_relu,90,1,70,0.01056869700551033,0.011010386981070042
mlp_1x64_relu,90,1,71,0.010427020490169525,0.010812787339091301
mlp_1x64_relu,90,1,72,0.010467617772519588,0.010648897849023342
mlp_1x64_relu,90,1,73,0.010262571275234222,0.010612217709422112
mlp_1x64_relu,90,1,74,0.0102204205468297,0.010395682416856289
mlp_1x64_relu,90,1,75,0.010168259032070637,0.010511175729334354
mlp_1x64_relu,90,1,76,0.010150501504540443,0.010564266704022884
mlp_1x64_relu,90,1,77,0.010142787359654903,0.01041982602328062
mlp_1x64_relu,90,1,78,0.010239392518997192,0.010366066358983517
mlp_1x64_relu,90,1,79,0.010145334526896477,0.01030011661350727
mlp_1x64_relu,90,1,80,0.01013158354908228,0.010418098419904709
mlp_1x64_relu,90,1,81,0.010183077305555344,0.010492238216102123
mlp_1x64_relu,90,1,82,0.010283533483743668,0.010431662201881409
mlp_1x64_relu,90,1,83,0.010239379480481148,0.010302182286977768
mlp_1x64_relu,90,1,84,0.01016151625663042,0.010324615053832531
mlp_1x64_relu,90,1,85,0.010119203478097916,0.010306736454367638
mlp_1x64_relu,90,1,86,0.010102835483849049,0.010239523835480213
mlp_1x64_relu,90,1,87,0.010022135451436043,0.01032688096165657
mlp_1x64_relu,90,1,88,0.010049366392195225,0.010547582060098648
mlp_1x64_relu,90,1,89,0.010096457786858082,0.010583272203803062
mlp_1x64_relu,90,1,90,0.01001762505620718,0.010515952482819557
mlp_1x64_relu,90,1,91,0.009883328340947628,0.010438604280352592
mlp_1x64_relu,90,1,92,0.009870165959000587,0.010294608771800995
mlp_1x64_relu,90,1,93,0.009953418746590614,0.010260612703859806
mlp_1x64_relu,90,1,94,0.00985127966850996,0.010224404744803905
mlp_1x64_relu,90,1,95,0.00981319509446621,0.010243022814393044
mlp_1x64_relu,90,1,96,0.009769259952008724,0.010183150880038738
mlp_1x64_relu,90,1,97,0.00989130325615406,0.01026243343949318
mlp_1x64_relu,90,1,98,0.009973141364753246,0.010214216075837612
mlp_1x64_relu,90,1,99,0.00998709723353386,0.01034524105489254
mlp_1x64_relu,90,1,100,0.009993957355618477,0.010374462231993675
mlp_1x64_relu,90,1,101,0.00988322775810957,0.010274977423250675
mlp_1x64_relu,90,1,102,0.009857602417469025,0.010276624001562595
mlp_1x64_relu,90,1,103,0.009923136793076992,0.010378611274063587
mlp_1x64_relu,90,1,104,0.009892414323985577,0.010420753620564938
mlp_1x64_relu,90,1,105,0.009850588627159595,0.010404775850474834
mlp_1x64_relu,90,1,106,0.00984460674226284,0.010312464088201523
mlp_1x64_relu,90,1,107,0.009800104424357414,0.010322545655071735
mlp_1x64_relu,90,1,108,0.009853467345237732,0.01042183581739664
mlp_1x64_relu,90,1,109,0.009855808690190315,0.01036240253597498
mlp_1x64_relu,90,1,110,0.009793122299015522,0.010212120600044727
mlp_1x64_relu,90,1,111,0.009684600867331028,0.010367918759584427
mlp_1x64_relu,90,1,112,0.009647397324442863,0.010466041974723339
mlp_1x64_relu,90,1,113,0.0096739511936903,0.010154691524803638
mlp_1x64_relu,90,1,114,0.009693020954728127,0.010222163051366806
mlp_1x64_relu,90,1,115,0.009722389280796051,0.01026187464594841
mlp_1x64_relu,90,1,116,0.009752021171152592,0.010332867503166199
mlp_1x64_relu,90,1,117,0.009841488674283028,0.010364795103669167
mlp_1x64_relu,90,1,118,0.009833201766014099,0.010249422863125801
mlp_1x64_relu,90,1,119,0.009873616509139538,0.010340964421629906
mlp_1x64_relu,90,1,120,0.009797346778213978,0.010324978269636631
mlp_1x64_relu,90,1,121,0.009764689020812511,0.010366232134401798
mlp_1x64_relu,90,1,122,0.009710301645100117,0.010180092416703701
mlp_1x64_relu,90,1,123,0.009666509926319122,0.010219973511993885
mlp_1x64_relu,90,1,124,0.009638478979468346,0.010239258408546448
mlp_1x64_relu,90,1,125,0.00970696471631527,0.010224280878901482
mlp_1x64_relu,90,1,126,0.009726783260703087,0.010277079418301582
mlp_1x64_relu,90,1,127,0.009794965386390686,0.010341184213757515
mlp_1x64_relu,90,1,128,0.00983098242431879,0.01048702746629715
mlp_1x64_relu,90,1,129,0.009793517179787159,0.010409269481897354
mlp_1x64_relu,90,1,130,0.009761137887835503,0.010276577435433865
mlp_1x64_relu,90,1,131,0.009722772985696793,0.010341016575694084
mlp_1x64_relu,90,1,132,0.009691444225609303,0.010280477814376354
mlp_1x64_relu,90,1,133,0.009675943292677402,0.010251062922179699
mlp_1x64_relu,90,1,134,0.009628254920244217,0.01023753173649311
mlp_1x64_relu,90,1,135,0.009631150402128696,0.01012656930834055
mlp_1x64_relu,90,1,136,0.009552661329507828,0.010211986489593983
mlp_1x64_relu,90,1,137,0.009602095931768417,0.010141745209693909
mlp_1x64_relu,90,1,138,0.00957558024674654,0.01007498987019062
mlp_1x64_relu,90,1,139,0.009599912911653519,0.010329465381801128
mlp_1x64_relu,90,1,140,0.009588107466697693,0.010229931212961674
mlp_1x64_relu,90,1,141,0.009631739929318428,0.010347680188715458
mlp_1x64_relu,90,1,142,0.00969513226300478,0.010414263233542442
mlp_1x64_relu,90,1,143,0.00970351230353117,0.010326428338885307
mlp_1x64_relu,90,1,144,0.009695912711322308,0.0104135200381279
mlp_1x64_relu,90,1,145,0.009629783220589161,0.010181760415434837
mlp_1x64_relu,90,1,146,0.009632013738155365,0.010204166173934937
mlp_1x64_relu,90,1,147,0.009627960622310638,0.010226897895336151
mlp_1x64_relu,90,1,148,0.009550129063427448,0.010223581455647945
mlp_1x64_relu,90,1,149,0.009546998888254166,0.010217251256108284
mlp_1x64_relu,90,1,150,0.009574562311172485,0.010157575830817223
mlp_1x64_relu,90,1,151,0.009605134837329388,0.010150814428925514
mlp_1x64_relu,90,1,152,0.009587266482412815,0.010167512111365795
mlp_1x64_relu,90,1,153,0.009596714749932289,0.010269911959767342
mlp_1x64_relu,90,1,154,0.009623417630791664,0.010239833034574986
mlp_1x64_relu,90,1,155,0.009559198282659054,0.010293605737388134
mlp_1x64_relu,90,1,156,0.009573712013661861,0.010398187674582005
mlp_1x64_relu,90,1,157,0.009565764106810093,0.010160322301089764
mlp_1x64_relu,90,1,158,0.009542669169604778,0.010364511050283909
mlp_1x64_relu,90,1,159,0.009569715708494186,0.010045556351542473
mlp_1x64_relu,90,1,160,0.009550858289003372,0.01023142971098423
mlp_1x64_relu,90,1,161,0.009548394940793514,0.01016763225197792
mlp_1x64_relu,90,1,162,0.00951440166682005,0.010209953412413597
mlp_1x64_relu,90,1,163,0.009529237635433674,0.010199564509093761
mlp_1x64_relu,90,1,164,0.009587685577571392,0.010202324017882347
mlp_1x64_relu,90,1,165,0.009616179391741753,0.010159356519579887
mlp_1x64_relu,90,1,166,0.00961452815681696,0.010274229571223259
mlp_1x64_relu,90,1,167,0.009649700485169888,0.010270594619214535
mlp_1x64_relu,90,1,168,0.009623061865568161,0.010263561271131039
mlp_1x64_relu,90,1,169,0.009561638347804546,0.010277950204908848
mlp_1x64_relu,90,1,170,0.009535279124975204,0.01029688585549593
mlp_1x64_relu,90,1,171,0.009533691219985485,0.010276112705469131
mlp_1x64_relu,90,1,172,0.00952798593789339,0.010206109844148159
mlp_1x64_relu,90,1,173,0.009552298113703728,0.01010935939848423
mlp_1x64_relu,90,1,174,0.009573559276759624,0.010221373289823532
mlp_1x64_relu,90,1,175,0.009576374664902687,0.010279164649546146
mlp_1x64_relu,90,1,176,0.009605429135262966,0.010186603292822838
mlp_1x64_relu,90,1,177,0.009611894376575947,0.010231372900307178
mlp_1x64_relu,90,1,178,0.009593300521373749,0.010168553330004215
mlp_1x64_relu,90,1,179,0.009577490389347076,0.01011816505342722
mlp_1x64_relu,90,1,180,0.009561133570969105,0.010128028690814972
mlp_1x64_relu,90,1,181,0.00955074280500412,0.010216736234724522
mlp_1x64_relu,90,1,182,0.009560532867908478,0.01019257865846157
mlp_1x64_relu,90,1,183,0.009539511054754257,0.01015489548444748
mlp_1x64_relu,90,1,184,0.009529318660497665,0.010224905796349049
mlp_1x64_relu,90,1,185,0.009585097432136536,0.010211189277470112
mlp_1x64_relu,90,1,186,0.00957159511744976,0.010204935446381569
mlp_1x64_relu,90,1,187,0.009575288742780685,0.010282926261425018
mlp_1x64_relu,90,1,188,0.009588939137756824,0.010298135690391064
mlp_1x64_relu,90,1,189,0.009583724662661552,0.010302622802555561
mlp_1x64_relu,90,1,190,0.009573536925017834,0.010222174227237701
mlp_1x64_relu,90,1,191,0.009571961127221584,0.010194727219641209
mlp_1x64_relu,90,1,192,0.009561414830386639,0.010253489017486572
mlp_1x64_relu,90,1,193,0.009567228145897388,0.010117351077497005
mlp_1x64_relu,90,1,194,0.009553182870149612,0.010197188705205917
mlp_1x64_relu,90,1,195,0.009554360993206501,0.010266054421663284
mlp_1x64_relu,90,1,196,0.009569039568305016,0.010144367814064026
mlp_1x64_relu,90,1,197,0.009525064378976822,0.010196643881499767
mlp_1x64_relu,90,1,198,0.009508436545729637,0.010140928439795971
mlp_1x64_relu,90,1,199,0.009533285163342953,0.01015844102948904
mlp_1x64_relu,90,1,200,0.009579201228916645,0.010143613442778587
mlp_1x64_relu,90,1,201,0.009565102867782116,0.010237437672913074
mlp_1x64_relu,90,1,202,0.009573331102728844,0.010213864035904408
mlp_1x64_relu,90,1,203,0.009570516645908356,0.0102470051497221
mlp_1x64_relu,90,1,204,0.00956747867166996,0.010285794734954834
mlp_1x64_relu,90,1,205,0.009543530642986298,0.010264419950544834
mlp_1x64_relu,90,1,206,0.009560704231262207,0.010213125497102737
mlp_1x64_relu,90,1,207,0.00954276043921709,0.010178796947002411
mlp_1x64_relu,90,1,208,0.009532042779028416,0.010158665478229523
mlp_1x64_relu,90,1,209,0.009521284140646458,0.01015671156346798
mlp_1x64_relu,90,1,210,0.00953019317239523,0.010182695463299751
mlp_1x64_relu,90,1,211,0.009527291171252728,0.010220215655863285
mlp_1x64_relu,90,1,212,0.009548436850309372,0.010153332725167274
mlp_1x64_relu,90,1,213,0.00954054482281208,0.010131669230759144
mlp_1x64_relu,90,1,214,0.009530710056424141,0.01013215072453022
mlp_1x64_relu,90,1,215,0.009540891274809837,0.010131260380148888
mlp_1x64_relu,90,1,216,0.009522935375571251,0.010169626213610172
mlp_1x64_relu,90,1,217,0.009547485038638115,0.010197300463914871
mlp_1x64_relu,90,1,218,0.009573391638696194,0.010110755451023579
mlp_1x64_relu,90,1,219,0.009561130777001381,0.010067444294691086
mlp_1x64_relu,90,1,220,0.009588557295501232,0.010238143615424633
mlp_1x64_relu,90,1,221,0.009577342309057713,0.010174325667321682
mlp_1x64_relu,90,1,222,0.009559444151818752,0.010231932625174522
mlp_1x64_relu,90,1,223,0.009549652226269245,0.01016215980052948
mlp_1x64_relu,90,1,224,0.009573157876729965,0.010239893570542336
mlp_1x64_relu,90,1,225,0.009592952206730843,0.01012795977294445
mlp_1x64_relu,90,1,226,0.009580456651747227,0.010187367908656597
mlp_1x64_relu,90,1,227,0.009585288353264332,0.010234822519123554
mlp_1x64_relu,90,1,228,0.009555550292134285,0.010175338946282864
mlp_1x64_relu,90,1,229,0.0095612658187747,0.010214196518063545
mlp_1x64_relu,90,1,230,0.009576134383678436,0.010151253081858158
mlp_1x64_relu,90,1,231,0.0095984423533082,0.010134166106581688
mlp_1x64_relu,90,1,232,0.009591895155608654,0.01021286565810442
mlp_1x64_relu,90,1,233,0.009580294601619244,0.010179542936384678
mlp_1x64_relu,90,1,234,0.009553005918860435,0.010143797844648361
mlp_1x64_relu,90,1,235,0.009599766694009304,0.010170022957026958
mlp_1x64_relu,90,1,236,0.009619263000786304,0.01015700213611126
mlp_1x64_relu,90,1,237,0.00958713237196207,0.010066903196275234
mlp_1x64_relu,90,1,238,0.00957043282687664,0.010194635950028896
mlp_1x64_relu,90,1,239,0.009577772580087185,0.010260002687573433
mlp_1x64_relu,90,1,240,0.00958797987550497,0.010217961855232716
mlp_1x64_relu,90,1,241,0.009578561410307884,0.010126950219273567
mlp_1x64_relu,90,1,242,0.009594930335879326,0.010160723701119423
mlp_1x64_relu,90,1,243,0.009591245092451572,0.010116842575371265
mlp_1x64_relu,90,1,244,0.009583959355950356,0.010191613808274269
mlp_1x64_relu,90,1,245,0.009596164338290691,0.010125215165317059
mlp_1x64_relu,90,1,246,0.009575523436069489,0.010143830440938473
mlp_1x64_relu,90,1,247,0.009573141112923622,0.010039438493549824
mlp_1x64_relu,90,1,248,0.009580785408616066,0.010115501470863819
mlp_1x64_relu,90,1,249,0.009553560055792332,0.01007912214845419
mlp_1x64_relu,90,1,250,0.009571990929543972,0.010125333443284035
mlp_1x64_relu,90,1,251,0.009548493660986423,0.010179810225963593
mlp_1x64_relu,90,1,252,0.009561529383063316,0.010094314813613892
mlp_1x64_relu,90,1,253,0.00955504085868597,0.010161333717405796
mlp_1x64_relu,90,1,254,0.009577431716024876,0.010187927633523941
mlp_1x64_relu,90,1,255,0.009577328339219093,0.01019334327429533
mlp_1x64_relu,90,1,256,0.009581906720995903,0.010197938419878483
mlp_1x64_relu,90,1,257,0.009601150639355183,0.010137866251170635
mlp_1x64_relu,90,1,258,0.009584416635334492,0.010197203606367111
mlp_1x64_relu,90,1,259,0.009592142887413502,0.010176491923630238
mlp_1x64_relu,90,1,260,0.00956637505441904,0.01024405937641859
mlp_1x64_relu,90,1,261,0.009569471701979637,0.010119261220097542
mlp_1x64_relu,90,1,262,0.00958603248000145,0.010188829153776169
mlp_1x64_relu,90,1,263,0.00955028086900711,0.010164298117160797
mlp_1x64_relu,90,1,264,0.009597557596862316,0.010201890952885151
mlp_1x64_relu,90,1,265,0.009610836394131184,0.010206375271081924
mlp_1x64_relu,90,1,266,0.009570508264005184,0.010227174498140812
mlp_1x64_relu,90,1,267,0.009571259841322899,0.010138497687876225
mlp_1x64_relu,90,1,268,0.009586220607161522,0.010080629959702492
mlp_1x64_relu,90,1,269,0.0095726503059268,0.010196909308433533
mlp_1x64_relu,90,1,270,0.009567747823894024,0.010210436768829823
mlp_1x64_relu,90,1,271,0.009607265703380108,0.0102300476282835
mlp_1x64_relu,90,1,272,0.009572697803378105,0.010176269337534904
mlp_1x64_relu,90,1,273,0.009577970020473003,0.010206091217696667
mlp_1x64_relu,90,1,274,0.0095989303663373,0.010147318243980408
mlp_1x64_relu,90,1,275,0.009566972963511944,0.010240528732538223
mlp_1x64_relu,90,1,276,0.009572465904057026,0.01019837986677885
mlp_1x64_relu,90,1,277,0.009594099596142769,0.010198453441262245
mlp_1x64_relu,90,1,278,0.009594752453267574,0.010194377973675728
mlp_1x64_relu,90,1,279,0.00960078276693821,0.010270915925502777
mlp_1x64_relu,90,1,280,0.00960729643702507,0.01013407576829195
mlp_1x64_relu,90,1,281,0.009617514908313751,0.010224095545709133
mlp_1x64_relu,90,1,282,0.009623630903661251,0.010150599293410778
mlp_1x64_relu,90,1,283,0.009627538733184338,0.010202445089817047
mlp_1x64_relu,90,1,284,0.009620090015232563,0.010164778679609299
mlp_1x64_relu,90,1,285,0.009619168937206268,0.010136191733181477
mlp_1x64_relu,90,1,286,0.009604201652109623,0.01021033339202404
mlp_1x64_relu,90,1,287,0.009616050869226456,0.01012907549738884
mlp_1x64_relu,90,1,288,0.009614056907594204,0.010159225203096867
mlp_1x64_relu,90,1,289,0.009653562679886818,0.010071547701954842
mlp_1x64_relu,90,1,290,0.009615731425583363,0.010141121223568916
mlp_1x64_relu,90,1,291,0.009628123603761196,0.010127521120011806
mlp_1x64_relu,90,1,292,0.009622733108699322,0.010265819728374481
mlp_1x64_relu,90,1,293,0.009596987627446651,0.010201796889305115
mlp_1x64_relu,90,1,294,0.009600331075489521,0.010126101784408092
mlp_1x64_relu,90,1,295,0.009623975493013859,0.010138384997844696
mlp_1x64_relu,90,1,296,0.009616590104997158,0.01008572243154049
mlp_1x64_relu,90,1,297,0.009589173831045628,0.010146540589630604
mlp_1x64_relu,90,1,298,0.00957354623824358,0.010152093134820461
mlp_1x64_relu,90,1,299,0.00958341546356678,0.010178853757679462
mlp_1x64_relu,90,1,300,0.009593311697244644,0.010184107348322868
mlp_1x64_relu,90,1,301,0.009592529386281967,0.010130411945283413
mlp_1x64_relu,90,1,302,0.00959360133856535,0.01013040542602539
mlp_1x64_relu,90,1,303,0.009629875421524048,0.0102280518040061
mlp_1x64_relu,90,1,304,0.009609539061784744,0.01021624356508255
mlp_1x64_relu,90,1,305,0.009594974108040333,0.01014053262770176
mlp_1x64_relu,90,1,306,0.009612055495381355,0.010323998518288136
mlp_1x64_relu,90,1,307,0.009599948301911354,0.010159380733966827
mlp_1x64_relu,90,1,308,0.009623129852116108,0.010233902372419834
mlp_1x64_relu,90,1,309,0.009613593108952045,0.010165197774767876
mlp_1x64_relu,90,1,310,0.00962295476347208,0.010111718438565731
mlp_1x64_relu,90,1,311,0.009633869864046574,0.010254762135446072
mlp_1x64_relu,90,1,312,0.00963415764272213,0.010206456296145916
mlp_1x64_relu,90,1,313,0.009653497487306595,0.010212630033493042
mlp_1x64_relu,90,1,314,0.009644019417464733,0.010209590196609497
mlp_1x64_relu,90,1,315,0.009616619907319546,0.01021401397883892
mlp_1x64_relu,90,1,316,0.009631115943193436,0.010208447463810444
mlp_1x64_relu,90,1,317,0.009642527438700199,0.010154948569834232
mlp_1x64_relu,90,1,318,0.009628606960177422,0.010095303878188133
mlp_1x64_relu,90,1,319,0.009612848050892353,0.010148325003683567
mlp_1x64_relu,90,1,320,0.00960537139326334,0.010225142352283001
mlp_1x64_relu,90,1,321,0.009637532755732536,0.010129347443580627
mlp_1x64_relu,90,1,322,0.009631636552512646,0.010170543566346169
mlp_1x64_relu,90,1,323,0.009625740349292755,0.010159616358578205
mlp_1x64_relu,90,1,324,0.009615537710487843,0.010203232988715172
mlp_1x64_relu,90,1,325,0.00962924212217331,0.010194815695285797
mlp_1x64_relu,90,1,326,0.00959266908466816,0.010058627463877201
mlp_1x64_relu,90,1,327,0.009593370370566845,0.010136233642697334
mlp_1x64_relu,90,1,328,0.009631597436964512,0.010113556869328022
mlp_1x64_relu,90,1,329,0.009628236293792725,0.010118824429810047
mlp_1x64_relu,90,1,330,0.009656409732997417,0.010182386264204979
mlp_1x64_relu,90,1,331,0.009658491238951683,0.01014661230146885
mlp_1x64_relu,90,1,332,0.009641772136092186,0.01018214039504528
mlp_1x64_relu,90,1,333,0.009632735513150692,0.010238573886454105
mlp_1x64_relu,90,1,334,0.009626351296901703,0.0101561788469553
mlp_1x64_relu,90,1,335,0.00962579995393753,0.010193973779678345
mlp_1x64_relu,90,1,336,0.009650498628616333,0.010209411382675171
mlp_1x64_relu,90,1,337,0.009648571722209454,0.010093793272972107
mlp_1x64_relu,90,1,338,0.009645085781812668,0.010143179446458817
mlp_1x64_relu,90,1,339,0.00967069249600172,0.010156594216823578
mlp_1x64_relu,90,1,340,0.009678652510046959,0.010176622308790684
mlp_1x64_relu,90,1,341,0.009657856076955795,0.010156388394534588
mlp_1x64_relu,90,1,342,0.009631210006773472,0.010063543915748596
mlp_1x64_relu,90,1,343,0.00964935589581728,0.010080274194478989
mlp_1x64_relu,90,1,344,0.009683157317340374,0.0100719528272748
mlp_1x64_relu,90,1,345,0.009667305275797844,0.010124423541128635
mlp_1x64_relu,90,1,346,0.009646788239479065,0.010203460231423378
mlp_1x64_relu,90,1,347,0.009647531434893608,0.010144067928195
mlp_1x64_relu,90,1,348,0.009668623097240925,0.010184773243963718
mlp_1x64_relu,90,1,349,0.00965710449963808,0.010037658736109734
mlp_1x64_relu,90,1,350,0.009675858542323112,0.01007258053869009
mlp_1x64_relu,90,1,351,0.009647485800087452,0.010038201697170734
mlp_1x64_relu,90,1,352,0.009643948636949062,0.010113204829394817
mlp_1x64_relu,90,1,353,0.009665955789387226,0.01012526173144579
mlp_1x64_relu,90,1,354,0.009693489409983158,0.010184129700064659
mlp_1x64_relu,90,1,355,0.009727787226438522,0.01007478591054678
mlp_1x64_relu,90,1,356,0.009693448431789875,0.010030175559222698
mlp_1x64_relu,90,1,357,0.009714391082525253,0.010017244145274162
mlp_1x64_relu,90,1,358,0.00973750650882721,0.010112743824720383
mlp_1x64_relu,90,1,359,0.009685100056231022,0.010140097700059414
mlp_1x64_relu,90,1,360,0.009695428423583508,0.010140487924218178
mlp_1x64_relu,90,1,361,0.009691079147160053,0.010166890919208527
mlp_1x64_relu,90,1,362,0.009704756550490856,0.010127644054591656
mlp_1x64_relu,90,1,363,0.009683852083981037,0.010077789425849915
mlp_1x64_relu,90,1,364,0.009689955040812492,0.010124577209353447
mlp_1x64_relu,90,1,365,0.009710902348160744,0.01012834906578064
mlp_1x64_relu,90,1,366,0.009714532643556595,0.010149842128157616
mlp_1x64_relu,90,1,367,0.009707905352115631,0.010099888779222965
mlp_1x64_relu,90,1,368,0.009713315404951572,0.010094488970935345
mlp_1x64_relu,90,1,369,0.009701080620288849,0.01002408191561699
mlp_1x64_relu,90,1,370,0.009733505547046661,0.010098544880747795
mlp_1x64_relu,90,1,371,0.009716399945318699,0.01010823529213667
mlp_1x64_relu,90,1,372,0.009727009572088718,0.01015479676425457
mlp_1x64_relu,90,1,373,0.009701354429125786,0.010175962001085281
mlp_1x64_relu,90,1,374,0.009704102762043476,0.010212353430688381
mlp_1x64_relu,90,1,375,0.00972604937851429,0.010192697867751122
mlp_1x64_relu,90,1,376,0.009717720560729504,0.010030900128185749
mlp_1x64_relu,90,1,377,0.00968603603541851,0.010096557438373566
mlp_1x64_relu,90,1,378,0.009695236571133137,0.010132472962141037
mlp_1x64_relu,90,1,379,0.009722108021378517,0.010184458456933498
mlp_1x64_relu,90,1,380,0.009729882702231407,0.010185603983700275
mlp_1x64_relu,90,1,381,0.00971202738583088,0.010174558497965336
mlp_1x64_relu,90,1,382,0.009714069776237011,0.0101539958268404
mlp_1x64_relu,90,1,383,0.009677601046860218,0.010117270052433014
mlp_1x64_relu,90,1,384,0.009717256762087345,0.0101039232686162
mlp_1x64_relu,90,1,385,0.009693755768239498,0.010149125941097736
mlp_1x64_relu,90,1,386,0.009715616703033447,0.010115056298673153
mlp_1x64_relu,90,1,387,0.00972551479935646,0.010133886709809303
mlp_1x64_relu,90,1,388,0.009724646806716919,0.010171931236982346
mlp_1x64_relu,90,1,389,0.00972254853695631,0.010102999396622181
mlp_1x64_relu,90,1,390,0.009723790921270847,0.01011732593178749
mlp_1x64_relu,90,1,391,0.009718221612274647,0.0100930230692029
mlp_1x64_relu,90,1,392,0.00974286813288927,0.010112603195011616
mlp_1x64_relu,90,1,393,0.009716411121189594,0.010082392953336239
mlp_1x64_relu,90,1,394,0.009714465588331223,0.010120891965925694
mlp_1x64_relu,90,1,395,0.009689525701105595,0.010059582069516182
mlp_1x64_relu,90,1,396,0.009717718698084354,0.010113848373293877
mlp_1x64_relu,90,1,397,0.009707190096378326,0.01018477138131857
mlp_1x64_relu,90,1,398,0.00972114596515894,0.010024754330515862
mlp_1x64_relu,90,1,399,0.009753523394465446,0.010074744932353497
mlp_1x64_relu,90,1,400,0.009767541661858559,0.010270851664245129
mlp_1x64_relu,90,1,401,0.009768914431333542,0.010209083557128906
mlp_1x64_relu,90,1,402,0.00974429864436388,0.010027089156210423
mlp_1x64_relu,90,1,403,0.009721781127154827,0.010056845843791962
mlp_1x64_relu,90,1,404,0.009744294919073582,0.010085965506732464
mlp_1x64_relu,90,1,405,0.009748926386237144,0.010096977464854717
mlp_1x64_relu,90,1,406,0.009712551720440388,0.010167259722948074
mlp_1x64_relu,90,1,407,0.00972204003483057,0.010135476477444172
mlp_1x64_relu,90,1,408,0.009724054485559464,0.010057703591883183
mlp_1x64_relu,90,1,409,0.009746636264026165,0.010078713297843933
mlp_1x64_relu,90,1,410,0.009739701636135578,0.010091152973473072
mlp_1x64_relu,90,1,411,0.009746549651026726,0.010051998309791088
mlp_1x64_relu,90,1,412,0.009749455377459526,0.010069604031741619
mlp_1x64_relu,90,1,413,0.009715369902551174,0.010162388905882835
mlp_1x64_relu,90,1,414,0.00975106656551361,0.010135862044990063
mlp_1x64_relu,90,1,415,0.009732022881507874,0.010074540041387081
mlp_1x64_relu,90,1,416,0.009736505337059498,0.010079039260745049
mlp_1x64_relu,90,1,417,0.00972294807434082,0.010110265575349331
mlp_1x64_relu,90,1,418,0.009755069389939308,0.010147028602659702
mlp_1x64_relu,90,1,419,0.009760340675711632,0.010028544813394547
mlp_1x64_relu,90,1,420,0.009757126681506634,0.010142357088625431
mlp_1x64_relu,90,1,421,0.009729987941682339,0.010136482305824757
mlp_1x64_relu,90,1,422,0.009732446633279324,0.010124207474291325
mlp_1x64_relu,90,1,423,0.009754618629813194,0.010050823912024498
mlp_1x64_relu,90,1,424,0.009759209118783474,0.010061178356409073
mlp_1x64_relu,90,1,425,0.009768056683242321,0.01008713711053133
mlp_1x64_relu,90,1,426,0.00977490283548832,0.010054858401417732
mlp_1x64_relu,90,1,427,0.009758411906659603,0.01008839625865221
mlp_1x64_relu,90,1,428,0.009755068458616734,0.010166811756789684
mlp_1x64_relu,90,1,429,0.009759170934557915,0.010162058286368847
mlp_1x64_relu,90,1,430,0.009761717170476913,0.010226787999272346
mlp_1x64_relu,90,1,431,0.009754440747201443,0.010148221626877785
mlp_1x64_relu,90,1,432,0.009764965623617172,0.010083764791488647
mlp_1x64_relu,90,1,433,0.009799394756555557,0.010105115361511707
mlp_1x64_relu,90,1,434,0.009748363867402077,0.010105570778250694
mlp_1x64_relu,90,1,435,0.009759240783751011,0.010185807012021542
mlp_1x64_relu,90,1,436,0.009792146272957325,0.01010962389409542
mlp_1x64_relu,90,1,437,0.009767449460923672,0.010120200924575329
mlp_1x64_relu,90,1,438,0.009754343889653683,0.010009802877902985
mlp_1x64_relu,90,1,439,0.009785407222807407,0.010040627792477608
mlp_1x64_relu,90,1,440,0.009791778400540352,0.010086297988891602
mlp_1x64_relu,90,1,441,0.009749725461006165,0.010118221864104271
mlp_1x64_relu,90,1,442,0.009754534810781479,0.01008289773017168
mlp_1x64_relu,90,1,443,0.009756219573318958,0.010076833888888359
mlp_1x64_relu,90,1,444,0.0097759198397398,0.010073068551719189
mlp_1x64_relu,90,1,445,0.009767924435436726,0.010046648792922497
mlp_1x64_relu,90,1,446,0.009777840226888657,0.010037343949079514
mlp_1x64_relu,90,1,447,0.009762486442923546,0.010134370066225529
mlp_1x64_relu,90,1,448,0.009779371321201324,0.010133610107004642
mlp_1x64_relu,90,1,449,0.009804660454392433,0.010118547827005386
mlp_1x64_relu,90,1,450,0.009817874990403652,0.010015520267188549
mlp_1x64_relu,90,1,451,0.00978979840874672,0.01011607050895691
mlp_1x64_relu,90,1,452,0.00978026818484068,0.010086067952215672
mlp_1x64_relu,90,1,453,0.009789195843040943,0.010173995979130268
mlp_1x64_relu,90,1,454,0.009805653244256973,0.010119689628481865
mlp_1x64_relu,90,1,455,0.009795109741389751,0.010062655434012413
mlp_1x64_relu,90,1,456,0.009766895323991776,0.010082346387207508
mlp_1x64_relu,90,1,457,0.009754781611263752,0.010019367560744286
mlp_1x64_relu,90,1,458,0.009775531478226185,0.010071690194308758
mlp_1x64_relu,90,1,459,0.009756175801157951,0.01006909366697073
mlp_1x64_relu,90,1,460,0.009751268662512302,0.010007739998400211
mlp_1x64_relu,90,1,461,0.009770979173481464,0.009976456873118877
mlp_1x64_relu,90,1,462,0.009766717441380024,0.010094518773257732
mlp_1x64_relu,90,1,463,0.009760444052517414,0.010023045353591442
mlp_1x64_relu,90,1,464,0.009785053320229053,0.010082175023853779
mlp_1x64_relu,90,1,465,0.00977904163300991,0.010074538178741932
mlp_1x64_relu,90,1,466,0.009811708703637123,0.010050768032670021
mlp_1x64_relu,90,1,467,0.00981016457080841,0.00997134204953909
mlp_1x64_relu,90,1,468,0.009793424047529697,0.010174405761063099
mlp_1x64_relu,90,1,469,0.009784199297428131,0.010102923028171062
mlp_1x64_relu,90,1,470,0.009794012643396854,0.010038953274488449
mlp_1x64_relu,90,1,471,0.009768204763531685,0.010024252347648144
mlp_1x64_relu,90,1,472,0.009801444597542286,0.010036921128630638
mlp_1x64_relu,90,1,473,0.009821406565606594,0.010053503327071667
mlp_1x64_relu,90,1,474,0.009777406230568886,0.010059523396193981
mlp_1x64_relu,90,1,475,0.009767621755599976,0.010085172019898891
mlp_1x64_relu,90,1,476,0.00977774802595377,0.010104609653353691
mlp_1x64_relu,90,1,477,0.009794401004910469,0.010089107789099216
mlp_1x64_relu,90,1,478,0.009789448231458664,0.0100021343678236
mlp_1x64_relu,90,1,479,0.009796730242669582,0.010095382109284401
mlp_1x64_relu,90,1,480,0.009775247424840927,0.010015803389251232
mlp_1x64_relu,90,1,481,0.009793604724109173,0.01010249275714159
mlp_1x64_relu,90,1,482,0.009810789488255978,0.010080825537443161
mlp_1x64_relu,90,1,483,0.00978916697204113,0.010097961872816086
mlp_1x64_relu,90,1,484,0.009790567681193352,0.010020660236477852
mlp_1x64_relu,90,1,485,0.009816384874284267,0.010095836594700813
mlp_1x64_relu,90,1,486,0.009804017841815948,0.010129128582775593
mlp_1x64_relu,90,1,487,0.00979557167738676,0.010128937661647797
mlp_1x64_relu,90,1,488,0.009821206331253052,0.010123740881681442
mlp_1x64_relu,90,1,489,0.009830988012254238,0.010060595348477364
mlp_1x64_relu,90,1,490,0.009819965809583664,0.010100414976477623
mlp_1x64_relu,90,1,491,0.00979236327111721,0.010105295106768608
mlp_1x64_relu,90,1,492,0.009794685989618301,0.010042982175946236
mlp_1x64_relu,90,1,493,0.009796970523893833,0.010118188336491585
mlp_1x64_relu,90,1,494,0.009776324965059757,0.009970737621188164
mlp_1x64_relu,90,1,495,0.009809513576328754,0.010099069215357304
mlp_1x64_relu,90,1,496,0.00980435311794281,0.010013747029006481
mlp_1x64_relu,90,1,497,0.009807462804019451,0.010096362791955471
mlp_1x64_relu,90,1,498,0.009825572371482849,0.010055774822831154
mlp_1x64_relu,90,1,499,0.009827063418924809,0.010156968608498573
mlp_1x64_relu,90,1,500,0.009814438410103321,0.010141246020793915
mlp_1x64_relu,90,5,1,0.511186957359314,0.24687542021274567
mlp_1x64_relu,90,5,2,0.21359816193580627,0.1370132565498352
mlp_1x64_relu,90,5,3,0.10977129638195038,0.07814646512269974
mlp_1x64_relu,90,5,4,0.055781129747629166,0.04061237350106239
mlp_1x64_relu,90,5,5,0.024859879165887833,0.01801622100174427
mlp_1x64_relu,90,5,6,0.011373833753168583,0.0090626310557127
mlp_1x64_relu,90,5,7,0.007507439702749252,0.006647274363785982
mlp_1x64_relu,90,5,8,0.006479279603809118,0.0056523485109210014
mlp_1x64_relu,90,5,9,0.006063360255211592,0.0054612355306744576
mlp_1x64_relu,90,5,10,0.005976877175271511,0.005630795378237963
mlp_1x64_relu,90,5,11,0.005945933982729912,0.0057221935130655766
mlp_1x64_relu,90,5,12,0.005964378826320171,0.006079690996557474
mlp_1x64_relu,90,5,13,0.006289048586040735,0.006328304298222065
mlp_1x64_relu,90,5,14,0.006464503239840269,0.005636675748974085
mlp_1x64_relu,90,5,15,0.005796559154987335,0.006296664476394653
mlp_1x64_relu,90,5,16,0.0058759599924087524,0.006022502202540636
mlp_1x64_relu,90,5,17,0.006150048226118088,0.005936166737228632
mlp_1x64_relu,90,5,18,0.006334180478006601,0.006397553253918886
mlp_1x64_relu,90,5,19,0.006556219886988401,0.006227502599358559
mlp_1x64_relu,90,5,20,0.005854299291968346,0.005670962855219841
mlp_1x64_relu,90,5,21,0.0063759805634617805,0.0058572739362716675
mlp_1x64_relu,90,5,22,0.006444782018661499,0.006713822949677706
mlp_1x64_relu,90,5,23,0.006043894682079554,0.00562418345361948
mlp_1x64_relu,90,5,24,0.0053260838612914085,0.005579294171184301
mlp_1x64_relu,90,5,25,0.005274141672998667,0.005457231309264898
mlp_1x64_relu,90,5,26,0.00550064304843545,0.005355031695216894
mlp_1x64_relu,90,5,27,0.005597519688308239,0.006328382529318333
mlp_1x64_relu,90,5,28,0.005849315784871578,0.006652188953012228
mlp_1x64_relu,90,5,29,0.006189689505845308,0.007392195984721184
mlp_1x64_relu,90,5,30,0.006133674643933773,0.005686347372829914
mlp_1x64_relu,90,5,31,0.005966666620224714,0.00698810862377286
mlp_1x64_relu,90,5,32,0.0056952605955302715,0.005814217496663332
mlp_1x64_relu,90,5,33,0.005199956241995096,0.005056784022599459
mlp_1x64_relu,90,5,34,0.005113191902637482,0.004812454339116812
mlp_1x64_relu,90,5,35,0.005067264661192894,0.004952603485435247
mlp_1x64_relu,90,5,36,0.0051359813660383224,0.005202443338930607
mlp_1x64_relu,90,5,37,0.005270575638860464,0.0050225392915308475
mlp_1x64_relu,90,5,38,0.005138598382472992,0.004789079073816538
mlp_1x64_relu,90,5,39,0.005173247307538986,0.005056300200521946
mlp_1x64_relu,90,5,40,0.005030988249927759,0.005042556673288345
mlp_1x64_relu,90,5,41,0.004960848018527031,0.005050601903349161
mlp_1x64_relu,90,5,42,0.004946602974087,0.004867257550358772
mlp_1x64_relu,90,5,43,0.004871681798249483,0.004909047856926918
mlp_1x64_relu,90,5,44,0.004798591136932373,0.005058370530605316
mlp_1x64_relu,90,5,45,0.004780918825417757,0.004799244925379753
mlp_1x64_relu,90,5,46,0.004722390323877335,0.004847687669098377
mlp_1x64_relu,90,5,47,0.004665701650083065,0.004703423008322716
mlp_1x64_relu,90,5,48,0.004633851815015078,0.004739274270832539
mlp_1x64_relu,90,5,49,0.004671493079513311,0.0047330851666629314
mlp_1x64_relu,90,5,50,0.004740569740533829,0.004786440636962652
mlp_1x64_relu,90,5,51,0.004812153987586498,0.00476412195712328
mlp_1x64_relu,90,5,52,0.004868608899414539,0.004840077366679907
mlp_1x64_relu,90,5,53,0.004836541134864092,0.0047639780677855015
mlp_1x64_relu,90,5,54,0.004795909393578768,0.004923519678413868
mlp_1x64_relu,90,5,55,0.004845026880502701,0.004859298467636108
mlp_1x64_relu,90,5,56,0.00483056902885437,0.004961682949215174
mlp_1x64_relu,90,5,57,0.004881653934717178,0.0049284277483820915
mlp_1x64_relu,90,5,58,0.004840152338147163,0.004914685618132353
mlp_1x64_relu,90,5,59,0.004843235947191715,0.004892305005341768
mlp_1x64_relu,90,5,60,0.004805820528417826,0.004821857437491417
mlp_1x64_relu,90,5,61,0.0048317257314920425,0.004791394807398319
mlp_1x64_relu,90,5,62,0.004806692246347666,0.004790225997567177
mlp_1x64_relu,90,5,63,0.004848423879593611,0.004872455261647701
mlp_1x64_relu,90,5,64,0.004882951267063618,0.0048577808775007725
mlp_1x64_relu,90,5,65,0.005005731713026762,0.004798145964741707
mlp_1x64_relu,90,5,66,0.005053252447396517,0.004901069216430187
mlp_1x64_relu,90,5,67,0.0051180096343159676,0.004884351510554552
mlp_1x64_relu,90,5,68,0.0049813552759587765,0.004823723342269659
mlp_1x64_relu,90,5,69,0.004924462642520666,0.004833986982703209
mlp_1x64_relu,90,5,70,0.004847054369747639,0.004841438960283995
mlp_1x64_relu,90,5,71,0.00487105967476964,0.0048336307518184185
mlp_1x64_relu,90,5,72,0.004869883880019188,0.004762005992233753
mlp_1x64_relu,90,5,73,0.004894369747489691,0.004891378805041313
mlp_1x64_relu,90,5,74,0.004934824537485838,0.004852744285017252
mlp_1x64_relu,90,5,75,0.0049066622741520405,0.004789917264133692
mlp_1x64_relu,90,5,76,0.004887470044195652,0.004686847794800997
mlp_1x64_relu,90,5,77,0.004859093111008406,0.004702847916632891
mlp_1x64_relu,90,5,78,0.00484624644741416,0.004727480001747608
mlp_1x64_relu,90,5,79,0.004870172124356031,0.004780897870659828
mlp_1x64_relu,90,5,80,0.004885867703706026,0.004724909085780382
mlp_1x64_relu,90,5,81,0.004930282011628151,0.0046623097732663155
mlp_1x64_relu,90,5,82,0.004923200700432062,0.004680405370891094
mlp_1x64_relu,90,5,83,0.0049102832563221455,0.00473006209358573
mlp_1x64_relu,90,5,84,0.0049459319561719894,0.004781221970915794
mlp_1x64_relu,90,5,85,0.004980997648090124,0.004717930685728788
mlp_1x64_relu,90,5,86,0.005030973348766565,0.004724327474832535
mlp_1x64_relu,90,5,87,0.0050193388015031815,0.004756131675094366
mlp_1x64_relu,90,5,88,0.004982631653547287,0.004717434756457806
mlp_1x64_relu,90,5,89,0.004990683868527412,0.0048460932448506355
mlp_1x64_relu,90,5,90,0.005000100005418062,0.004833272658288479
mlp_1x64_relu,90,5,91,0.00500992638990283,0.004666317254304886
mlp_1x64_relu,90,5,92,0.004993369337171316,0.004679614212363958
mlp_1x64_relu,90,5,93,0.004991978872567415,0.004686044063419104
mlp_1x64_relu,90,5,94,0.004964212421327829,0.004661418963223696
mlp_1x64_relu,90,5,95,0.004991251975297928,0.004659170750528574
mlp_1x64_relu,90,5,96,0.0049657211638987064,0.004607296083122492
mlp_1x64_relu,90,5,97,0.004966954234987497,0.004637981299310923
mlp_1x64_relu,90,5,98,0.004947101231664419,0.004635223653167486
mlp_1x64_relu,90,5,99,0.004950941074639559,0.0046170237474143505
mlp_1x64_relu,90,5,100,0.004923380445688963,0.004659684840589762
mlp_1x64_relu,90,5,101,0.004946673288941383,0.004687577020376921
mlp_1x64_relu,90,5,102,0.004940500017255545,0.004662934225052595
mlp_1x64_relu,90,5,103,0.004966596607118845,0.004687931854277849
mlp_1x64_relu,90,5,104,0.004962691105902195,0.004662924911826849
mlp_1x64_relu,90,5,105,0.004935367498546839,0.00456359563395381
mlp_1x64_relu,90,5,106,0.004945778753608465,0.004579858388751745
mlp_1x64_relu,90,5,107,0.004988286644220352,0.00462800357490778
mlp_1x64_relu,90,5,108,0.004972911439836025,0.004580272827297449
mlp_1x64_relu,90,5,109,0.0049594673328101635,0.00460390280932188
mlp_1x64_relu,90,5,110,0.004962266888469458,0.004635031335055828
mlp_1x64_relu,90,5,111,0.00495508685708046,0.004619135521352291
mlp_1x64_relu,90,5,112,0.004943079315125942,0.004594807978719473
mlp_1x64_relu,90,5,113,0.004946266300976276,0.004592317156493664
mlp_1x64_relu,90,5,114,0.0049891360104084015,0.0045683481730520725
mlp_1x64_relu,90,5,115,0.004978582728654146,0.004607539623975754
mlp_1x64_relu,90,5,116,0.0049722883850336075,0.004604640416800976
mlp_1x64_relu,90,5,117,0.004979160148650408,0.004574383608996868
mlp_1x64_relu,90,5,118,0.004954181145876646,0.00461360439658165
mlp_1x64_relu,90,5,119,0.004963844083249569,0.0045601436868309975
mlp_1x64_relu,90,5,120,0.00499747646972537,0.004483933560550213
mlp_1x64_relu,90,5,121,0.004996185190975666,0.004554832354187965
mlp_1x64_relu,90,5,122,0.004970245063304901,0.004607595968991518
mlp_1x64_relu,90,5,123,0.004948717541992664,0.00456182099878788
mlp_1x64_relu,90,5,124,0.0049112518317997456,0.004513974767178297
mlp_1x64_relu,90,5,125,0.004936990328133106,0.004620809573680162
mlp_1x64_relu,90,5,126,0.004906672518700361,0.004536322318017483
mlp_1x64_relu,90,5,127,0.00496215745806694,0.004537269007414579
mlp_1x64_relu,90,5,128,0.004955072421580553,0.004546785261482
mlp_1x64_relu,90,5,129,0.004920047242194414,0.004555398132652044
mlp_1x64_relu,90,5,130,0.0049287667497992516,0.004538278561085463
mlp_1x64_relu,90,5,131,0.004936446435749531,0.004564897157251835
mlp_1x64_relu,90,5,132,0.004954138770699501,0.004562098532915115
mlp_1x64_relu,90,5,133,0.004967330023646355,0.004556212108582258
mlp_1x64_relu,90,5,134,0.004979399498552084,0.004570100922137499
mlp_1x64_relu,90,5,135,0.004947715904563665,0.004555029328912497
mlp_1x64_relu,90,5,136,0.0049550458788871765,0.004583378322422504
mlp_1x64_relu,90,5,137,0.004952722694724798,0.004567408934235573
mlp_1x64_relu,90,5,138,0.004961194004863501,0.004555136896669865
mlp_1x64_relu,90,5,139,0.004961863625794649,0.0046316334046423435
mlp_1x64_relu,90,5,140,0.004946036264300346,0.004605328198522329
mlp_1x64_relu,90,5,141,0.004948045127093792,0.004530903417617083
mlp_1x64_relu,90,5,142,0.004939621780067682,0.004545253701508045
mlp_1x64_relu,90,5,143,0.004948230925947428,0.004577374551445246
mlp_1x64_relu,90,5,144,0.004929543472826481,0.0044852495193481445
mlp_1x64_relu,90,5,145,0.004927509464323521,0.004595762584358454
mlp_1x64_relu,90,5,146,0.004940189886838198,0.004516937304288149
mlp_1x64_relu,90,5,147,0.004931366536766291,0.004544694442301989
mlp_1x64_relu,90,5,148,0.0049222856760025024,0.004523915238678455
mlp_1x64_relu,90,5,149,0.004913208540529013,0.004548697266727686
mlp_1x64_relu,90,5,150,0.004893628414720297,0.004590476397424936
mlp_1x64_relu,90,5,151,0.0049252561293542385,0.004516937769949436
mlp_1x64_relu,90,5,152,0.004948345012962818,0.004622073844075203
mlp_1x64_relu,90,5,153,0.004990286193788052,0.004537409637123346
mlp_1x64_relu,90,5,154,0.004977662581950426,0.004580136854201555
mlp_1x64_relu,90,5,155,0.004983928520232439,0.0045752329751849174
mlp_1x64_relu,90,5,156,0.004939242731779814,0.0044898297637701035
mlp_1x64_relu,90,5,157,0.004983787890523672,0.00461708614602685
mlp_1x64_relu,90,5,158,0.004973037168383598,0.0045599862933158875
mlp_1x64_relu,90,5,159,0.004938999656587839,0.0046005938202142715
mlp_1x64_relu,90,5,160,0.004898217506706715,0.004554130136966705
mlp_1x64_relu,90,5,161,0.00488301133736968,0.004609229974448681
mlp_1x64_relu,90,5,162,0.004917331505566835,0.004587557632476091
mlp_1x64_relu,90,5,163,0.004948974121361971,0.0046347943134605885
mlp_1x64_relu,90,5,164,0.004932849667966366,0.0045535932295024395
mlp_1x64_relu,90,5,165,0.0049350750632584095,0.0046046725474298
mlp_1x64_relu,90,5,166,0.004920891486108303,0.004534966312348843
mlp_1x64_relu,90,5,167,0.004909781273454428,0.004531871527433395
mlp_1x64_relu,90,5,168,0.004893603269010782,0.004513826221227646
mlp_1x64_relu,90,5,169,0.004883407615125179,0.004586662631481886
mlp_1x64_relu,90,5,170,0.004906015936285257,0.004562728572636843
mlp_1x64_relu,90,5,171,0.004926423076540232,0.004493496380746365
mlp_1x64_relu,90,5,172,0.004935040604323149,0.004559522029012442
mlp_1x64_relu,90,5,173,0.004912143107503653,0.004546372685581446
mlp_1x64_relu,90,5,174,0.004896164871752262,0.004549698438495398
mlp_1x64_relu,90,5,175,0.004867864307016134,0.004516858607530594
mlp_1x64_relu,90,5,176,0.004881872329860926,0.0044968705624341965
mlp_1x64_relu,90,5,177,0.004892793018370867,0.004557381384074688
mlp_1x64_relu,90,5,178,0.004881848115473986,0.004544631112366915
mlp_1x64_relu,90,5,179,0.004908376839011908,0.004608354065567255
mlp_1x64_relu,90,5,180,0.0049289315938949585,0.004553999751806259
mlp_1x64_relu,90,5,181,0.004908564034849405,0.0045681907795369625
mlp_1x64_relu,90,5,182,0.004922236781567335,0.004629502538591623
mlp_1x64_relu,90,5,183,0.004886099603027105,0.004553481470793486
mlp_1x64_relu,90,5,184,0.004890105687081814,0.0045699854381382465
mlp_1x64_relu,90,5,185,0.0048786308616399765,0.004606066737323999
mlp_1x64_relu,90,5,186,0.0049269115552306175,0.004591246601194143
mlp_1x64_relu,90,5,187,0.00489818537607789,0.004535607062280178
mlp_1x64_relu,90,5,188,0.004875254351645708,0.0045197089202702045
mlp_1x64_relu,90,5,189,0.004892804194241762,0.004576946143060923
mlp_1x64_relu,90,5,190,0.0048719062469899654,0.004539062734693289
mlp_1x64_relu,90,5,191,0.004874134436249733,0.0045667048543691635
mlp_1x64_relu,90,5,192,0.004887761548161507,0.004557081963866949
mlp_1x64_relu,90,5,193,0.004886331502348185,0.004554837476462126
mlp_1x64_relu,90,5,194,0.004858073778450489,0.004557018633931875
mlp_1x64_relu,90,5,195,0.004857856780290604,0.004565491806715727
mlp_1x64_relu,90,5,196,0.004872147459536791,0.004581302870064974
mlp_1x64_relu,90,5,197,0.004850138910114765,0.004547763150185347
mlp_1x64_relu,90,5,198,0.004853843245655298,0.004534595180302858
mlp_1x64_relu,90,5,199,0.0048387786373496056,0.004523900803178549
mlp_1x64_relu,90,5,200,0.004879952408373356,0.004584232345223427
mlp_1x64_relu,90,5,201,0.004860534332692623,0.004551128949970007
mlp_1x64_relu,90,5,202,0.004860974382609129,0.004563588183373213
mlp_1x64_relu,90,5,203,0.004879045765846968,0.004537230357527733
mlp_1x64_relu,90,5,204,0.004929415415972471,0.004565579351037741
mlp_1x64_relu,90,5,205,0.0049044848419725895,0.004553929436951876
mlp_1x64_relu,90,5,206,0.004882380366325378,0.00449359742924571
mlp_1x64_relu,90,5,207,0.004865871276706457,0.004551665857434273
mlp_1x64_relu,90,5,208,0.004893531557172537,0.0045377654023468494
mlp_1x64_relu,90,5,209,0.004876809194684029,0.0045205941423773766
mlp_1x64_relu,90,5,210,0.0048707108944654465,0.004559600725769997
mlp_1x64_relu,90,5,211,0.004889761563390493,0.004525330848991871
mlp_1x64_relu,90,5,212,0.0049011544324457645,0.00453744363039732
mlp_1x64_relu,90,5,213,0.004878117702901363,0.004515976179391146
mlp_1x64_relu,90,5,214,0.004846266005188227,0.0045435260981321335
mlp_1x64_relu,90,5,215,0.00485260458663106,0.004567431285977364
mlp_1x64_relu,90,5,216,0.004857324529439211,0.004551716614514589
mlp_1x64_relu,90,5,217,0.004839944187551737,0.004572245292365551
mlp_1x64_relu,90,5,218,0.004842303693294525,0.0045136939734220505
mlp_1x64_relu,90,5,219,0.004858788568526506,0.004546024836599827
mlp_1x64_relu,90,5,220,0.00485523184761405,0.004566489718854427
mlp_1x64_relu,90,5,221,0.004865341819822788,0.004541237372905016
mlp_1x64_relu,90,5,222,0.0048706806264817715,0.004513593390583992
mlp_1x64_relu,90,5,223,0.004873383324593306,0.004506730008870363
mlp_1x64_relu,90,5,224,0.004855654668062925,0.004539766348898411
mlp_1x64_relu,90,5,225,0.004839768633246422,0.004516275599598885
mlp_1x64_relu,90,5,226,0.0048607042990624905,0.004606381058692932
mlp_1x64_relu,90,5,227,0.0048740277998149395,0.004592892713844776
mlp_1x64_relu,90,5,228,0.004874126054346561,0.004567998461425304
mlp_1x64_relu,90,5,229,0.004876863677054644,0.004614978097379208
mlp_1x64_relu,90,5,230,0.004880670458078384,0.004569777753204107
mlp_1x64_relu,90,5,231,0.004899006336927414,0.00460998946800828
mlp_1x64_relu,90,5,232,0.004882041364908218,0.004550390876829624
mlp_1x64_relu,90,5,233,0.004851176403462887,0.004504441283643246
mlp_1x64_relu,90,5,234,0.004870994482189417,0.004556798841804266
mlp_1x64_relu,90,5,235,0.004851199220865965,0.004594257101416588
mlp_1x64_relu,90,5,236,0.0048601976595819,0.004634362179785967
mlp_1x64_relu,90,5,237,0.00485699437558651,0.004566127900034189
mlp_1x64_relu,90,5,238,0.0048581273294985294,0.004534259904175997
mlp_1x64_relu,90,5,239,0.004867495037615299,0.004587220493704081
mlp_1x64_relu,90,5,240,0.0048506068997085094,0.00457462714985013
mlp_1x64_relu,90,5,241,0.004841924645006657,0.0045359195210039616
mlp_1x64_relu,90,5,242,0.004855828359723091,0.004585078917443752
mlp_1x64_relu,90,5,243,0.00483737513422966,0.0046016136184334755
mlp_1x64_relu,90,5,244,0.004844569135457277,0.004612406250089407
mlp_1x64_relu,90,5,245,0.004862969275563955,0.004604014568030834
mlp_1x64_relu,90,5,246,0.0048524136655032635,0.004612630698829889
mlp_1x64_relu,90,5,247,0.004869432654231787,0.004577816929668188
mlp_1x64_relu,90,5,248,0.004891727119684219,0.004557610023766756
mlp_1x64_relu,90,5,249,0.004883389454334974,0.004570209886878729
mlp_1x64_relu,90,5,250,0.004876714199781418,0.004526250995695591
mlp_1x64_relu,90,5,251,0.004887414164841175,0.004564765375107527
mlp_1x64_relu,90,5,252,0.004870166536420584,0.004545310977846384
mlp_1x64_relu,90,5,253,0.004873749800026417,0.004553630482405424
mlp_1x64_relu,90,5,254,0.004865100607275963,0.004552393686026335
mlp_1x64_relu,90,5,255,0.004887401591986418,0.0045903525315225124
mlp_1x64_relu,90,5,256,0.004869048949331045,0.004590662661939859
mlp_1x64_relu,90,5,257,0.004878285340964794,0.004544723313301802
mlp_1x64_relu,90,5,258,0.004863329231739044,0.004583707079291344
mlp_1x64_relu,90,5,259,0.004872034303843975,0.004580786917358637
mlp_1x64_relu,90,5,260,0.004855428822338581,0.004584913607686758
mlp_1x64_relu,90,5,261,0.004868885036557913,0.0045785666443407536
mlp_1x64_relu,90,5,262,0.004863569047302008,0.004625096917152405
mlp_1x64_relu,90,5,263,0.004870526026934385,0.004603199660778046
mlp_1x64_relu,90,5,264,0.00487680034711957,0.004605812951922417
mlp_1x64_relu,90,5,265,0.004879607353359461,0.004613399971276522
mlp_1x64_relu,90,5,266,0.004886191803961992,0.004503351636230946
mlp_1x64_relu,90,5,267,0.004878908861428499,0.004588875453919172
mlp_1x64_relu,90,5,268,0.004871571436524391,0.004640321247279644
mlp_1x64_relu,90,5,269,0.004878189414739609,0.004581509158015251
mlp_1x64_relu,90,5,270,0.0048764231614768505,0.004567078314721584
mlp_1x64_relu,90,5,271,0.004861570429056883,0.004623049404472113
mlp_1x64_relu,90,5,272,0.004897506907582283,0.0046249558217823505
mlp_1x64_relu,90,5,273,0.004869457334280014,0.0045951674692332745
mlp_1x64_relu,90,5,274,0.004885276313871145,0.0046255867928266525
mlp_1x64_relu,90,5,275,0.00486654881387949,0.004610853269696236
mlp_1x64_relu,90,5,276,0.0048642028123140335,0.004616284742951393
mlp_1x64_relu,90,5,277,0.0048604863695800304,0.004583659116178751
mlp_1x64_relu,90,5,278,0.004876918625086546,0.004639170598238707
mlp_1x64_relu,90,5,279,0.004865502472966909,0.0046586827374994755
mlp_1x64_relu,90,5,280,0.004884074442088604,0.004595295526087284
mlp_1x64_relu,90,5,281,0.004883288871496916,0.0045437584631145
mlp_1x64_relu,90,5,282,0.004889799747616053,0.004628902301192284
mlp_1x64_relu,90,5,283,0.004873315803706646,0.004603049252182245
mlp_1x64_relu,90,5,284,0.004878551699221134,0.004596967715770006
mlp_1x64_relu,90,5,285,0.004879246931523085,0.004615394864231348
mlp_1x64_relu,90,5,286,0.004893389996141195,0.004668177105486393
mlp_1x64_relu,90,5,287,0.004882266279309988,0.004594551865011454
mlp_1x64_relu,90,5,288,0.0048905364237725735,0.004600857384502888
mlp_1x64_relu,90,5,289,0.0048822080716490746,0.0045819999650120735
mlp_1x64_relu,90,5,290,0.004885287024080753,0.004572825040668249
mlp_1x64_relu,90,5,291,0.0048917680978775024,0.00460039870813489
mlp_1x64_relu,90,5,292,0.004888466093689203,0.004581829998642206
mlp_1x64_relu,90,5,293,0.0048872921615839005,0.004558475222438574
mlp_1x64_relu,90,5,294,0.0048832339234650135,0.004573403391987085
mlp_1x64_relu,90,5,295,0.004894269164651632,0.0046324897557497025
mlp_1x64_relu,90,5,296,0.004871470388025045,0.0045999628491699696
mlp_1x64_relu,90,5,297,0.004854027181863785,0.00459293881431222
mlp_1x64_relu,90,5,298,0.004873715806752443,0.004681446589529514
mlp_1x64_relu,90,5,299,0.00489382166415453,0.004581633023917675
mlp_1x64_relu,90,5,300,0.004868874792009592,0.004581761546432972
mlp_1x64_relu,90,5,301,0.0048882486298680305,0.004587172996252775
mlp_1x64_relu,90,5,302,0.004873996134847403,0.004588245879858732
mlp_1x64_relu,90,5,303,0.004871937911957502,0.0045813038013875484
mlp_1x64_relu,90,5,304,0.004885250236839056,0.0046240841038525105
mlp_1x64_relu,90,5,305,0.00488852895796299,0.0046234941110014915
mlp_1x64_relu,90,5,306,0.004889448173344135,0.004587837960571051
mlp_1x64_relu,90,5,307,0.004881131928414106,0.004629937931895256
mlp_1x64_relu,90,5,308,0.004889466799795628,0.004594726953655481
mlp_1x64_relu,90,5,309,0.004872704390436411,0.0046280138194561005
mlp_1x64_relu,90,5,310,0.0048739174380898476,0.004539659712463617
mlp_1x64_relu,90,5,311,0.004878110717982054,0.004634779877960682
mlp_1x64_relu,90,5,312,0.004877373576164246,0.004586242605000734
mlp_1x64_relu,90,5,313,0.0048817601054906845,0.004652013536542654
mlp_1x64_relu,90,5,314,0.004875225014984608,0.004590278957039118
mlp_1x64_relu,90,5,315,0.004890940152108669,0.004574184771627188
mlp_1x64_relu,90,5,316,0.004884487483650446,0.004651356488466263
mlp_1x64_relu,90,5,317,0.004870303440839052,0.004665204789489508
mlp_1x64_relu,90,5,318,0.004880979191511869,0.00462234066799283
mlp_1x64_relu,90,5,319,0.004882530774921179,0.004570645745843649
mlp_1x64_relu,90,5,320,0.004890143405646086,0.004565598908811808
mlp_1x64_relu,90,5,321,0.004875977989286184,0.004596419166773558
mlp_1x64_relu,90,5,322,0.004877337254583836,0.004632329102605581
mlp_1x64_relu,90,5,323,0.004881332162767649,0.004621242173016071
mlp_1x64_relu,90,5,324,0.004887206479907036,0.00465281680226326
mlp_1x64_relu,90,5,325,0.004881600849330425,0.004563011694699526
mlp_1x64_relu,90,5,326,0.004880920983850956,0.004626918584108353
mlp_1x64_relu,90,5,327,0.0048907543532550335,0.004629407078027725
mlp_1x64_relu,90,5,328,0.004890753421932459,0.004608165472745895
mlp_1x64_relu,90,5,329,0.004884093068540096,0.0045389742590487
mlp_1x64_relu,90,5,330,0.004888385068625212,0.004602643661201
mlp_1x64_relu,90,5,331,0.004872958641499281,0.004559139255434275
mlp_1x64_relu,90,5,332,0.004853345453739166,0.0046423436142504215
mlp_1x64_relu,90,5,333,0.004890057723969221,0.004612827207893133
mlp_1x64_relu,90,5,334,0.00490612955763936,0.00467596435919404
mlp_1x64_relu,90,5,335,0.004899850580841303,0.004669284448027611
mlp_1x64_relu,90,5,336,0.004883475136011839,0.004622218199074268
mlp_1x64_relu,90,5,337,0.0048941345885396,0.004695770796388388
mlp_1x64_relu,90,5,338,0.004889484029263258,0.004623367916792631
mlp_1x64_relu,90,5,339,0.0048882560804486275,0.004639627877622843
mlp_1x64_relu,90,5,340,0.004896990023553371,0.004607282113283873
mlp_1x64_relu,90,5,341,0.0048795402981340885,0.004600070416927338
mlp_1x64_relu,90,5,342,0.004879582207649946,0.004673523362725973
mlp_1x64_relu,90,5,343,0.004894958809018135,0.004599802661687136
mlp_1x64_relu,90,5,344,0.004893247038125992,0.0045956759713590145
mlp_1x64_relu,90,5,345,0.004911214578896761,0.004574797116219997
mlp_1x64_relu,90,5,346,0.004884937312453985,0.004610784817487001
mlp_1x64_relu,90,5,347,0.004882686771452427,0.004626651760190725
mlp_1x64_relu,90,5,348,0.004888894502073526,0.0045694042928516865
mlp_1x64_relu,90,5,349,0.004898753948509693,0.004655135795474052
mlp_1x64_relu,90,5,350,0.00487806461751461,0.004675886128097773
mlp_1x64_relu,90,5,351,0.004898494109511375,0.0046576522290706635
mlp_1x64_relu,90,5,352,0.004892767872661352,0.004706119187176228
mlp_1x64_relu,90,5,353,0.004900239408016205,0.004649380221962929
mlp_1x64_relu,90,5,354,0.004899614956229925,0.004606408532708883
mlp_1x64_relu,90,5,355,0.00490912701934576,0.004571143072098494
mlp_1x64_relu,90,5,356,0.004899071529507637,0.004635328892618418
mlp_1x64_relu,90,5,357,0.004898919258266687,0.004644528031349182
mlp_1x64_relu,90,5,358,0.00491587957367301,0.004608621820807457
mlp_1x64_relu,90,5,359,0.004899007733911276,0.004591819830238819
mlp_1x64_relu,90,5,360,0.004894447512924671,0.004640267696231604
mlp_1x64_relu,90,5,361,0.004892406053841114,0.004584654700011015
mlp_1x64_relu,90,5,362,0.004887360148131847,0.004589478485286236
mlp_1x64_relu,90,5,363,0.004897560458630323,0.00460365554317832
mlp_1x64_relu,90,5,364,0.004900022875517607,0.004630726296454668
mlp_1x64_relu,90,5,365,0.004874754697084427,0.004663600120693445
mlp_1x64_relu,90,5,366,0.004873435478657484,0.004695923067629337
mlp_1x64_relu,90,5,367,0.004905039444565773,0.004641328006982803
mlp_1x64_relu,90,5,368,0.004905090667307377,0.004666417371481657
mlp_1x64_relu,90,5,369,0.004884178284555674,0.004645050968974829
mlp_1x64_relu,90,5,370,0.004892624448984861,0.0047001587226986885
mlp_1x64_relu,90,5,371,0.004893066361546516,0.0046559651382267475
mlp_1x64_relu,90,5,372,0.00488519249483943,0.004657272715121508
mlp_1x64_relu,90,5,373,0.0049017951823771,0.004611034877598286
mlp_1x64_relu,90,5,374,0.004899962805211544,0.0046374904923141
mlp_1x64_relu,90,5,375,0.0048959930427372456,0.004600476007908583
mlp_1x64_relu,90,5,376,0.004882453940808773,0.0046236696653068066
mlp_1x64_relu,90,5,377,0.0048972731456160545,0.004587112460285425
mlp_1x64_relu,90,5,378,0.00489236181601882,0.004627976566553116
mlp_1x64_relu,90,5,379,0.004884626716375351,0.004666701424866915
mlp_1x64_relu,90,5,380,0.004871675278991461,0.0046355947852134705
mlp_1x64_relu,90,5,381,0.004889206495136023,0.004625218454748392
mlp_1x64_relu,90,5,382,0.004893728531897068,0.004647892899811268
mlp_1x64_relu,90,5,383,0.004891189746558666,0.004631957970559597
mlp_1x64_relu,90,5,384,0.004895329475402832,0.004649687558412552
mlp_1x64_relu,90,5,385,0.004893054254353046,0.004627516493201256
mlp_1x64_relu,90,5,386,0.0048912144266068935,0.004661384504288435
mlp_1x64_relu,90,5,387,0.004873111844062805,0.004656497854739428
mlp_1x64_relu,90,5,388,0.004895254038274288,0.004633570555597544
mlp_1x64_relu,90,5,389,0.004892098717391491,0.004626475740224123
mlp_1x64_relu,90,5,390,0.004878068342804909,0.004607801325619221
mlp_1x64_relu,90,5,391,0.004887210670858622,0.004685071762651205
mlp_1x64_relu,90,5,392,0.004886908456683159,0.004658150486648083
mlp_1x64_relu,90,5,393,0.004884185269474983,0.004623835906386375
mlp_1x64_relu,90,5,394,0.004889016039669514,0.004624671768397093
mlp_1x64_relu,90,5,395,0.004879252519458532,0.004589603282511234
mlp_1x64_relu,90,5,396,0.004884233698248863,0.00464380020275712
mlp_1x64_relu,90,5,397,0.004885700065642595,0.0046163322404026985
mlp_1x64_relu,90,5,398,0.004874656442552805,0.004639078862965107
mlp_1x64_relu,90,5,399,0.004871925804764032,0.0046289111487567425
mlp_1x64_relu,90,5,400,0.00487461406737566,0.004637847188860178
mlp_1x64_relu,90,5,401,0.004872126504778862,0.004645001608878374
mlp_1x64_relu,90,5,402,0.00487600639462471,0.004705747123807669
mlp_1x64_relu,90,5,403,0.004884407389909029,0.004717329051345587
mlp_1x64_relu,90,5,404,0.004873928613960743,0.004694290459156036
mlp_1x64_relu,90,5,405,0.004881841596215963,0.004700000397861004
mlp_1x64_relu,90,5,406,0.004885872360318899,0.004625457804650068
mlp_1x64_relu,90,5,407,0.004884373862296343,0.00455889105796814
mlp_1x64_relu,90,5,408,0.004882284440100193,0.004583471454679966
mlp_1x64_relu,90,5,409,0.004880422260612249,0.004653260111808777
mlp_1x64_relu,90,5,410,0.004880518652498722,0.0046388800255954266
mlp_1x64_relu,90,5,411,0.004896264057606459,0.004650976974517107
mlp_1x64_relu,90,5,412,0.004907096736133099,0.004584191367030144
mlp_1x64_relu,90,5,413,0.004890528041869402,0.004616353195160627
mlp_1x64_relu,90,5,414,0.004884819034487009,0.004716109484434128
mlp_1x64_relu,90,5,415,0.004884841851890087,0.00464303232729435
mlp_1x64_relu,90,5,416,0.0048752278089523315,0.004656888544559479
mlp_1x64_relu,90,5,417,0.004875072743743658,0.004660968203097582
mlp_1x64_relu,90,5,418,0.004886283539235592,0.004691493697464466
mlp_1x64_relu,90,5,419,0.004878005012869835,0.004686279688030481
mlp_1x64_relu,90,5,420,0.004881051369011402,0.0046752081252634525
mlp_1x64_relu,90,5,421,0.004888305440545082,0.0046554021537303925
mlp_1x64_relu,90,5,422,0.004890933632850647,0.004594761412590742
mlp_1x64_relu,90,5,423,0.004887837916612625,0.004640854895114899
mlp_1x64_relu,90,5,424,0.004885589703917503,0.004660468082875013
mlp_1x64_relu,90,5,425,0.0048806266859173775,0.004707679618149996
mlp_1x64_relu,90,5,426,0.004879062529653311,0.004642967134714127
mlp_1x64_relu,90,5,427,0.004892256576567888,0.004672402050346136
mlp_1x64_relu,90,5,428,0.004870051518082619,0.004695470444858074
mlp_1x64_relu,90,5,429,0.0048741805367171764,0.004661483224481344
mlp_1x64_relu,90,5,430,0.004872069228440523,0.004686493892222643
mlp_1x64_relu,90,5,431,0.004870233591645956,0.004676698707044125
mlp_1x64_relu,90,5,432,0.004878463223576546,0.004735313355922699
mlp_1x64_relu,90,5,433,0.00487561896443367,0.004700118210166693
mlp_1x64_relu,90,5,434,0.004875222686678171,0.004721121396869421
mlp_1x64_relu,90,5,435,0.004882296081632376,0.004700853955000639
mlp_1x64_relu,90,5,436,0.00487770140171051,0.004635026678442955
mlp_1x64_relu,90,5,437,0.004885213449597359,0.004672900307923555
mlp_1x64_relu,90,5,438,0.004879725631326437,0.004678173456341028
mlp_1x64_relu,90,5,439,0.0048767742700874805,0.00469369487836957
mlp_1x64_relu,90,5,440,0.0048812939785420895,0.004669262561947107
mlp_1x64_relu,90,5,441,0.004888271912932396,0.0046496144495904446
mlp_1x64_relu,90,5,442,0.004869318101555109,0.00465033296495676
mlp_1x64_relu,90,5,443,0.004871545825153589,0.004680259618908167
mlp_1x64_relu,90,5,444,0.004869852680712938,0.004675833508372307
mlp_1x64_relu,90,5,445,0.0048814378678798676,0.004673588089644909
mlp_1x64_relu,90,5,446,0.004867149982601404,0.004638573154807091
mlp_1x64_relu,90,5,447,0.004871516488492489,0.004643380641937256
mlp_1x64_relu,90,5,448,0.004885819274932146,0.004705776926130056
mlp_1x64_relu,90,5,449,0.004888066556304693,0.004639575723558664
mlp_1x64_relu,90,5,450,0.00487058749422431,0.00460057845339179
mlp_1x64_relu,90,5,451,0.004877074621617794,0.004682804923504591
mlp_1x64_relu,90,5,452,0.004864607471972704,0.0046227602288126945
mlp_1x64_relu,90,5,453,0.004869604483246803,0.004760421812534332
mlp_1x64_relu,90,5,454,0.004874981474131346,0.004655479919165373
mlp_1x64_relu,90,5,455,0.004880740772932768,0.004667351488023996
mlp_1x64_relu,90,5,456,0.004859154112637043,0.004646245390176773
mlp_1x64_relu,90,5,457,0.0048681339249014854,0.00466012442484498
mlp_1x64_relu,90,5,458,0.004870903678238392,0.004619963467121124
mlp_1x64_relu,90,5,459,0.004875493701547384,0.004635948222130537
mlp_1x64_relu,90,5,460,0.004891608841717243,0.004639877006411552
mlp_1x64_relu,90,5,461,0.004880713298916817,0.004684378858655691
mlp_1x64_relu,90,5,462,0.004878743086010218,0.004709554836153984
mlp_1x64_relu,90,5,463,0.004882213659584522,0.004759261384606361
mlp_1x64_relu,90,5,464,0.004879606422036886,0.0046125235967338085
mlp_1x64_relu,90,5,465,0.004888604395091534,0.004708059597760439
mlp_1x64_relu,90,5,466,0.004873024299740791,0.004648806061595678
mlp_1x64_relu,90,5,467,0.004883060697466135,0.004673419054597616
mlp_1x64_relu,90,5,468,0.004875434562563896,0.004676991607993841
mlp_1x64_relu,90,5,469,0.004876161925494671,0.004655699711292982
mlp_1x64_relu,90,5,470,0.004894256591796875,0.004658062942326069
mlp_1x64_relu,90,5,471,0.004879669286310673,0.00464158458635211
mlp_1x64_relu,90,5,472,0.004877040628343821,0.004636471625417471
mlp_1x64_relu,90,5,473,0.004868060350418091,0.004651272669434547
mlp_1x64_relu,90,5,474,0.0048610190860927105,0.004642130341380835
mlp_1x64_relu,90,5,475,0.004862326662987471,0.004636971279978752
mlp_1x64_relu,90,5,476,0.004873791243880987,0.004631662275642157
mlp_1x64_relu,90,5,477,0.004873774945735931,0.004684074781835079
mlp_1x64_relu,90,5,478,0.004875547718256712,0.004661125596612692
mlp_1x64_relu,90,5,479,0.004883888643234968,0.004664361011236906
mlp_1x64_relu,90,5,480,0.004878172650933266,0.004694188479334116
mlp_1x64_relu,90,5,481,0.004877036903053522,0.004713611211627722
mlp_1x64_relu,90,5,482,0.0048904214054346085,0.004630835261195898
mlp_1x64_relu,90,5,483,0.004887096583843231,0.004667886067181826
mlp_1x64_relu,90,5,484,0.004880070220679045,0.004646233282983303
mlp_1x64_relu,90,5,485,0.0048767877742648125,0.004624478984624147
mlp_1x64_relu,90,5,486,0.004879378713667393,0.004687060602009296
mlp_1x64_relu,90,5,487,0.0048760040663182735,0.004644423723220825
mlp_1x64_relu,90,5,488,0.004871647339314222,0.004683252424001694
mlp_1x64_relu,90,5,489,0.004873932339251041,0.004620697349309921
mlp_1x64_relu,90,5,490,0.004863461013883352,0.004651243332773447
mlp_1x64_relu,90,5,491,0.004871690645813942,0.004683919250965118
mlp_1x64_relu,90,5,492,0.004890709184110165,0.0046540116891264915
mlp_1x64_relu,90,5,493,0.0048745484091341496,0.00471331924200058
mlp_1x64_relu,90,5,494,0.004873833619058132,0.004736925475299358
mlp_1x64_relu,90,5,495,0.004869719035923481,0.004657414276152849
mlp_1x64_relu,90,5,496,0.00488292146474123,0.004676446318626404
mlp_1x64_relu,90,5,497,0.004884021356701851,0.0046325442381203175
mlp_1x64_relu,90,5,498,0.004884006921201944,0.004655854310840368
mlp_1x64_relu,90,5,499,0.004868372343480587,0.004784983117133379
mlp_1x64_relu,90,5,500,0.004881789907813072,0.004661232698708773
mlp_1x64_relu,90,30,1,0.5111753940582275,0.24601688981056213
mlp_1x64_relu,90,30,2,0.21341493725776672,0.1364557296037674
mlp_1x64_relu,90,30,3,0.10971143841743469,0.0773777961730957
mlp_1x64_relu,90,30,4,0.055126238614320755,0.03964950889348984
mlp_1x64_relu,90,30,5,0.023775780573487282,0.01660727709531784
mlp_1x64_relu,90,30,6,0.009248084388673306,0.006793824955821037
mlp_1x64_relu,90,30,7,0.005167033523321152,0.004532807040959597
mlp_1x64_relu,90,30,8,0.0038930352311581373,0.0035892308223992586
mlp_1x64_relu,90,30,9,0.00367086473852396,0.0027116581331938505
mlp_1x64_relu,90,30,10,0.0033676086459308863,0.0026640307623893023
mlp_1x64_relu,90,30,11,0.003414443228393793,0.0028031105175614357
mlp_1x64_relu,90,30,12,0.00325584108941257,0.0027215101290494204
mlp_1x64_relu,90,30,13,0.003263440215960145,0.0028651009779423475
mlp_1x64_relu,90,30,14,0.0031835741829127073,0.003071477171033621
mlp_1x64_relu,90,30,15,0.0031990392599254847,0.0031399980653077364
mlp_1x64_relu,90,30,16,0.0030945097096264362,0.0033958936110138893
mlp_1x64_relu,90,30,17,0.0033954514656215906,0.003771379590034485
mlp_1x64_relu,90,30,18,0.0035735168494284153,0.0035871691070497036
mlp_1x64_relu,90,30,19,0.0033042768482118845,0.0038439847994595766
mlp_1x64_relu,90,30,20,0.003077159635722637,0.003718696068972349
mlp_1x64_relu,90,30,21,0.002928841160610318,0.003414462087675929
mlp_1x64_relu,90,30,22,0.0028365100733935833,0.003245278261601925
mlp_1x64_relu,90,30,23,0.003039374714717269,0.003315561218187213
mlp_1x64_relu,90,30,24,0.003493252210319042,0.003925064578652382
mlp_1x64_relu,90,30,25,0.003395125502720475,0.0034829883370548487
mlp_1x64_relu,90,30,26,0.003057786962017417,0.003422295209020376
mlp_1x64_relu,90,30,27,0.0032476200722157955,0.004463913384824991
mlp_1x64_relu,90,30,28,0.0031631500460207462,0.003782538929954171
mlp_1x64_relu,90,30,29,0.0028402030002325773,0.0029284984339028597
mlp_1x64_relu,90,30,30,0.0025385841727256775,0.0026805803645402193
mlp_1x64_relu,90,30,31,0.0025412216782569885,0.002713138936087489
mlp_1x64_relu,90,30,32,0.0025348770432174206,0.0023057435173541307
mlp_1x64_relu,90,30,33,0.0024256021715700626,0.002297931117936969
mlp_1x64_relu,90,30,34,0.0023663723841309547,0.002492553321644664
mlp_1x64_relu,90,30,35,0.0023199215065687895,0.0028009789530187845
mlp_1x64_relu,90,30,36,0.0022879447788000107,0.002916614292189479
mlp_1x64_relu,90,30,37,0.0022657783702015877,0.002760416129603982
mlp_1x64_relu,90,30,38,0.0023048066068440676,0.0025950996205210686
mlp_1x64_relu,90,30,39,0.002516494831070304,0.002442743396386504
mlp_1x64_relu,90,30,40,0.0024972495157271624,0.002177771180868149
mlp_1x64_relu,90,30,41,0.002346572233363986,0.002027549548074603
mlp_1x64_relu,90,30,42,0.0022365429904311895,0.0019901215564459562
mlp_1x64_relu,90,30,43,0.0021722179371863604,0.002059683669358492
mlp_1x64_relu,90,30,44,0.002166557591408491,0.0020429547876119614
mlp_1x64_relu,90,30,45,0.0020904468838125467,0.002035814803093672
mlp_1x64_relu,90,30,46,0.0020376495085656643,0.002045165281742811
mlp_1x64_relu,90,30,47,0.0020181089639663696,0.0021676698233932257
mlp_1x64_relu,90,30,48,0.0020203744061291218,0.002152638975530863
mlp_1x64_relu,90,30,49,0.002007031114771962,0.0021518270950764418
mlp_1x64_relu,90,30,50,0.0019830302335321903,0.0021576823201030493
mlp_1x64_relu,90,30,51,0.0020020720548927784,0.0020890601444989443
mlp_1x64_relu,90,30,52,0.00201759347692132,0.002136979717761278
mlp_1x64_relu,90,30,53,0.0020372667349874973,0.0020572037901729345
mlp_1x64_relu,90,30,54,0.0020431987941265106,0.00208195298910141
mlp_1x64_relu,90,30,55,0.002042706124484539,0.0020402255468070507
mlp_1x64_relu,90,30,56,0.002047224435955286,0.0020085610449314117
mlp_1x64_relu,90,30,57,0.0020479783415794373,0.001994506921619177
mlp_1x64_relu,90,30,58,0.0020562445279210806,0.0020103068090975285
mlp_1x64_relu,90,30,59,0.002071352442726493,0.002001719316467643
mlp_1x64_relu,90,30,60,0.0020998315885663033,0.0020367454271763563
mlp_1x64_relu,90,30,61,0.0021053366363048553,0.0020184789318591356
mlp_1x64_relu,90,30,62,0.0021256792824715376,0.0020254808478057384
mlp_1x64_relu,90,30,63,0.0021220813505351543,0.0020238859578967094
mlp_1x64_relu,90,30,64,0.0021202918142080307,0.0020151797216385603
mlp_1x64_relu,90,30,65,0.0021380812395364046,0.0020413491874933243
mlp_1x64_relu,90,30,66,0.0021175409201532602,0.0020078253000974655
mlp_1x64_relu,90,30,67,0.0021276569459587336,0.0020020308438688517
mlp_1x64_relu,90,30,68,0.00214297603815794,0.002004241570830345
mlp_1x64_relu,90,30,69,0.0021516152191907167,0.0020102313719689846
mlp_1x64_relu,90,30,70,0.0021619645413011312,0.0019584172405302525
mlp_1x64_relu,90,30,71,0.0021520135924220085,0.001925257733091712
mlp_1x64_relu,90,30,72,0.0021610138937830925,0.001939508831128478
mlp_1x64_relu,90,30,73,0.0021702060475945473,0.0019421445904299617
mlp_1x64_relu,90,30,74,0.002195940585806966,0.0019341815495863557
mlp_1x64_relu,90,30,75,0.002210876438766718,0.0018935826374217868
mlp_1x64_relu,90,30,76,0.0022029788233339787,0.0019234976498410106
mlp_1x64_relu,90,30,77,0.002231055870652199,0.0019312289077788591
mlp_1x64_relu,90,30,78,0.0022449996322393417,0.0019150072475895286
mlp_1x64_relu,90,30,79,0.002267891773954034,0.0019203268457204103
mlp_1x64_relu,90,30,80,0.0022583736572414637,0.0019224192947149277
mlp_1x64_relu,90,30,81,0.0022929967381060123,0.0019182396354153752
mlp_1x64_relu,90,30,82,0.002306688344106078,0.0019298512488603592
mlp_1x64_relu,90,30,83,0.0022813226096332073,0.0019316562684252858
mlp_1x64_relu,90,30,84,0.002326938323676586,0.0018962743924930692
mlp_1x64_relu,90,30,85,0.0022753532975912094,0.0019080425845459104
mlp_1x64_relu,90,30,86,0.0022920751944184303,0.001891736057586968
mlp_1x64_relu,90,30,87,0.00230590021237731,0.0019104882376268506
mlp_1x64_relu,90,30,88,0.0023497920483350754,0.0019102194346487522
mlp_1x64_relu,90,30,89,0.0023417072370648384,0.0018625556258484721
mlp_1x64_relu,90,30,90,0.002304729539901018,0.0018746333662420511
mlp_1x64_relu,90,30,91,0.0023273597471415997,0.001863340032286942
mlp_1x64_relu,90,30,92,0.0023213413078337908,0.0019087925320491195
mlp_1x64_relu,90,30,93,0.0023429461289197206,0.001883982913568616
mlp_1x64_relu,90,30,94,0.0023408762644976377,0.001936925109475851
mlp_1x64_relu,90,30,95,0.0023760946933180094,0.0018916379194706678
mlp_1x64_relu,90,30,96,0.0023453165777027607,0.0018705951515585184
mlp_1x64_relu,90,30,97,0.002364605665206909,0.0018660478526726365
mlp_1x64_relu,90,30,98,0.002350951312109828,0.0018636026652529836
mlp_1x64_relu,90,30,99,0.0023675537668168545,0.0018810167675837874
mlp_1x64_relu,90,30,100,0.0023582486901432276,0.001890566200017929
mlp_1x64_relu,90,30,101,0.0024110963568091393,0.0019592600874602795
mlp_1x64_relu,90,30,102,0.002402527490630746,0.0018654755549505353
mlp_1x64_relu,90,30,103,0.0023979132529348135,0.001873358036391437
mlp_1x64_relu,90,30,104,0.0024153778795152903,0.0018740147352218628
mlp_1x64_relu,90,30,105,0.0024100039154291153,0.001894489862024784
mlp_1x64_relu,90,30,106,0.002411230467259884,0.0018685730174183846
mlp_1x64_relu,90,30,107,0.002367772627621889,0.001879993942566216
mlp_1x64_relu,90,30,108,0.002357147866860032,0.0018722658278420568
mlp_1x64_relu,90,30,109,0.002408401807770133,0.0018552439287304878
mlp_1x64_relu,90,30,110,0.0024235083255916834,0.0018974228296428919
mlp_1x64_relu,90,30,111,0.0023953039199113846,0.0019071886781603098
mlp_1x64_relu,90,30,112,0.002463008975610137,0.0019458765164017677
mlp_1x64_relu,90,30,113,0.00239469762891531,0.0018370443722233176
mlp_1x64_relu,90,30,114,0.0023724976927042007,0.0018471936928108335
mlp_1x64_relu,90,30,115,0.0024006031453609467,0.0019223411800339818
mlp_1x64_relu,90,30,116,0.0024102497845888138,0.0018539074808359146
mlp_1x64_relu,90,30,117,0.0023804756347090006,0.0018596072914078832
mlp_1x64_relu,90,30,118,0.002459086012095213,0.0018276192713528872
mlp_1x64_relu,90,30,119,0.0024252538569271564,0.0018761914689093828
mlp_1x64_relu,90,30,120,0.002414633287116885,0.0018372517079114914
mlp_1x64_relu,90,30,121,0.0023573951330035925,0.001856149290688336
mlp_1x64_relu,90,30,122,0.0024435531813651323,0.0018501911545172334
mlp_1x64_relu,90,30,123,0.0023897793143987656,0.0018449483904987574
mlp_1x64_relu,90,30,124,0.0023543715942651033,0.001834296272136271
mlp_1x64_relu,90,30,125,0.0023571134079247713,0.0018516626441851258
mlp_1x64_relu,90,30,126,0.0023705086205154657,0.0018547533545643091
mlp_1x64_relu,90,30,127,0.0023795266170054674,0.0018279863288626075
mlp_1x64_relu,90,30,128,0.002453152323141694,0.0019271322526037693
mlp_1x64_relu,90,30,129,0.002452470362186432,0.0018567369552329183
mlp_1x64_relu,90,30,130,0.002380544086918235,0.0018245518440380692
mlp_1x64_relu,90,30,131,0.002395288087427616,0.0018626489909365773
mlp_1x64_relu,90,30,132,0.002411073772236705,0.0018613128922879696
mlp_1x64_relu,90,30,133,0.0024047200568020344,0.0018365522846579552
mlp_1x64_relu,90,30,134,0.0023651851806789637,0.0018387445015832782
mlp_1x64_relu,90,30,135,0.0024084304459393024,0.0019139881478622556
mlp_1x64_relu,90,30,136,0.0024766132701188326,0.0018664136296138167
mlp_1x64_relu,90,30,137,0.002468941267579794,0.0018346543656662107
mlp_1x64_relu,90,30,138,0.002399809891358018,0.0018100092420354486
mlp_1x64_relu,90,30,139,0.0024115638807415962,0.0018592034466564655
mlp_1x64_relu,90,30,140,0.002475922228768468,0.0018675518222153187
mlp_1x64_relu,90,30,141,0.002441973192617297,0.001884568715468049
mlp_1x64_relu,90,30,142,0.0024300117511302233,0.001834395225159824
mlp_1x64_relu,90,30,143,0.002400423865765333,0.0018291367450729012
mlp_1x64_relu,90,30,144,0.0024733825121074915,0.0018746225396171212
mlp_1x64_relu,90,30,145,0.0023813035804778337,0.0018046965124085546
mlp_1x64_relu,90,30,146,0.002367048291489482,0.0018030429491773248
mlp_1x64_relu,90,30,147,0.002407574327662587,0.0018185259541496634
mlp_1x64_relu,90,30,148,0.0023822577204555273,0.0019500722410157323
mlp_1x64_relu,90,30,149,0.0024400558322668076,0.0018145724898204207
mlp_1x64_relu,90,30,150,0.0023880975786596537,0.001805451582185924
mlp_1x64_relu,90,30,151,0.002346636261790991,0.0018469947390258312
mlp_1x64_relu,90,30,152,0.0023929195012897253,0.0018444290617480874
mlp_1x64_relu,90,30,153,0.0023939695674926043,0.0018000135896727443
mlp_1x64_relu,90,30,154,0.0023575671948492527,0.0018070314545184374
mlp_1x64_relu,90,30,155,0.002379091689363122,0.0018073335522785783
mlp_1x64_relu,90,30,156,0.0024184235371649265,0.001849091611802578
mlp_1x64_relu,90,30,157,0.0024224447552114725,0.001807088148780167
mlp_1x64_relu,90,30,158,0.002375829266384244,0.0018120039021596313
mlp_1x64_relu,90,30,159,0.002337612211704254,0.0017972151981666684
mlp_1x64_relu,90,30,160,0.002362965838983655,0.0018037527333945036
mlp_1x64_relu,90,30,161,0.0023836432956159115,0.0018308606231585145
mlp_1x64_relu,90,30,162,0.002384645165875554,0.001814770745113492
mlp_1x64_relu,90,30,163,0.0024717170745134354,0.001875931629911065
mlp_1x64_relu,90,30,164,0.0024310031440109015,0.0018200433114543557
mlp_1x64_relu,90,30,165,0.0023567532189190388,0.0018189704278483987
mlp_1x64_relu,90,30,166,0.002344392705708742,0.0017960760742425919
mlp_1x64_relu,90,30,167,0.002338886260986328,0.0018130301032215357
mlp_1x64_relu,90,30,168,0.002367520472034812,0.001818341203033924
mlp_1x64_relu,90,30,169,0.0024101806338876486,0.001807492459192872
mlp_1x64_relu,90,30,170,0.0023396790493279696,0.0017960249679163098
mlp_1x64_relu,90,30,171,0.002310193609446287,0.0017980955308303237
mlp_1x64_relu,90,30,172,0.002295964863151312,0.0017954661743715405
mlp_1x64_relu,90,30,173,0.0023189401254057884,0.0018032187363132834
mlp_1x64_relu,90,30,174,0.002300641033798456,0.0017968635074794292
mlp_1x64_relu,90,30,175,0.002341233193874359,0.0018458099802955985
mlp_1x64_relu,90,30,176,0.002364604501053691,0.00179937609937042
mlp_1x64_relu,90,30,177,0.002313814125955105,0.001798837911337614
mlp_1x64_relu,90,30,178,0.002361562103033066,0.0018049107166007161
mlp_1x64_relu,90,30,179,0.002357332967221737,0.0018059862777590752
mlp_1x64_relu,90,30,180,0.002366292290389538,0.001795175950974226
mlp_1x64_relu,90,30,181,0.0023390226997435093,0.0017977709649130702
mlp_1x64_relu,90,30,182,0.002323270309716463,0.0018021045252680779
mlp_1x64_relu,90,30,183,0.002339965896680951,0.0018263476667925715
mlp_1x64_relu,90,30,184,0.002406865358352661,0.0017939031822606921
mlp_1x64_relu,90,30,185,0.0023286633659154177,0.0018013680819422007
mlp_1x64_relu,90,30,186,0.002359276870265603,0.0018154080025851727
mlp_1x64_relu,90,30,187,0.002337321173399687,0.001798395300284028
mlp_1x64_relu,90,30,188,0.0023052638862282038,0.00179807108361274
mlp_1x64_relu,90,30,189,0.002297009341418743,0.0017929811729118228
mlp_1x64_relu,90,30,190,0.0023027854040265083,0.0017927358858287334
mlp_1x64_relu,90,30,191,0.0023012361489236355,0.0017911657923832536
mlp_1x64_relu,90,30,192,0.0022925492376089096,0.0017917708028107882
mlp_1x64_relu,90,30,193,0.002292982768267393,0.001789337256923318
mlp_1x64_relu,90,30,194,0.00229081092402339,0.0017977836541831493
mlp_1x64_relu,90,30,195,0.0023649726063013077,0.001801423029974103
mlp_1x64_relu,90,30,196,0.0023047481663525105,0.0017898130463436246
mlp_1x64_relu,90,30,197,0.0022926561068743467,0.001787742367014289
mlp_1x64_relu,90,30,198,0.00229474320076406,0.0018066649790853262
mlp_1x64_relu,90,30,199,0.002322240499779582,0.0018017713446170092
mlp_1x64_relu,90,30,200,0.002304201014339924,0.0017927022418007255
mlp_1x64_relu,90,30,201,0.0022886123042553663,0.0017888189759105444
mlp_1x64_relu,90,30,202,0.0022883680649101734,0.001790357637219131
mlp_1x64_relu,90,30,203,0.0022945322562009096,0.0017899986123666167
mlp_1x64_relu,90,30,204,0.002306157723069191,0.0017949066823348403
mlp_1x64_relu,90,30,205,0.0022976126056164503,0.0017925023566931486
mlp_1x64_relu,90,30,206,0.002293631434440613,0.0017930390313267708
mlp_1x64_relu,90,30,207,0.002302685286849737,0.0017963045975193381
mlp_1x64_relu,90,30,208,0.0023019243963062763,0.0017910911701619625
mlp_1x64_relu,90,30,209,0.0022988852579146624,0.0017890867311507463
mlp_1x64_relu,90,30,210,0.002293794648721814,0.001788818510249257
mlp_1x64_relu,90,30,211,0.002289206488057971,0.0017891088500618935
mlp_1x64_relu,90,30,212,0.0022895447909832,0.0017867069691419601
mlp_1x64_relu,90,30,213,0.0022872467525303364,0.0017886724090203643
mlp_1x64_relu,90,30,214,0.0022917131427675486,0.0017872554017230868
mlp_1x64_relu,90,30,215,0.002323254244402051,0.0017974796937778592
mlp_1x64_relu,90,30,216,0.002322745742276311,0.0017948090098798275
mlp_1x64_relu,90,30,217,0.0022958004847168922,0.0017920909449458122
mlp_1x64_relu,90,30,218,0.002301968866959214,0.001788947731256485
mlp_1x64_relu,90,30,219,0.0022989113349467516,0.0017929893219843507
mlp_1x64_relu,90,30,220,0.0022925164084881544,0.0017897619400173426
mlp_1x64_relu,90,30,221,0.0023020117077976465,0.0017964026192203164
mlp_1x64_relu,90,30,222,0.0023193613160401583,0.0017921176040545106
mlp_1x64_relu,90,30,223,0.0022958137560635805,0.0017876256024464965
mlp_1x64_relu,90,30,224,0.0022869687527418137,0.0017876798519864678
mlp_1x64_relu,90,30,225,0.0022892262786626816,0.0017894298071041703
mlp_1x64_relu,90,30,226,0.0022917059250175953,0.0017902061808854342
mlp_1x64_relu,90,30,227,0.002285559428855777,0.001792426803149283
mlp_1x64_relu,90,30,228,0.0022873373236507177,0.0017905904678627849
mlp_1x64_relu,90,30,229,0.0022907082457095385,0.0017881556414067745
mlp_1x64_relu,90,30,230,0.0022868625819683075,0.0017899279482662678
mlp_1x64_relu,90,30,231,0.0022860493045300245,0.0017886135028675199
mlp_1x64_relu,90,30,232,0.002289328258484602,0.001788931549526751
mlp_1x64_relu,90,30,233,0.0022860351018607616,0.0017881053499877453
mlp_1x64_relu,90,30,234,0.002287481678649783,0.0017875221092253923
mlp_1x64_relu,90,30,235,0.0022870823740959167,0.0017884207190945745
mlp_1x64_relu,90,30,236,0.002289132447913289,0.0017880002269521356
mlp_1x64_relu,90,30,237,0.0022900498006492853,0.0017891438910737634
mlp_1x64_relu,90,30,238,0.002307755406945944,0.0017877491191029549
mlp_1x64_relu,90,30,239,0.002288310555741191,0.0017879758961498737
mlp_1x64_relu,90,30,240,0.0022866791114211082,0.0017879167571663857
mlp_1x64_relu,90,30,241,0.0022855575662106276,0.0017888228176161647
mlp_1x64_relu,90,30,242,0.0022862832993268967,0.0017873182659968734
mlp_1x64_relu,90,30,243,0.0022860197350382805,0.0017885087290778756
mlp_1x64_relu,90,30,244,0.0022858704905956984,0.0017870834562927485
mlp_1x64_relu,90,30,245,0.0022865033242851496,0.0017891688039526343
mlp_1x64_relu,90,30,246,0.0022863817866891623,0.0017885990673676133
mlp_1x64_relu,90,30,247,0.0022859140299260616,0.0017880013911053538
mlp_1x64_relu,90,30,248,0.0022865456994622946,0.0017891735769808292
mlp_1x64_relu,90,30,249,0.0022853482514619827,0.001789580681361258
mlp_1x64_relu,90,30,250,0.0022856935393065214,0.0017877755453810096
mlp_1x64_relu,90,30,251,0.0022861461620777845,0.001788466121070087
mlp_1x64_relu,90,30,252,0.0022856141440570354,0.0017873202450573444
mlp_1x64_relu,90,30,253,0.0022856101859360933,0.0017886202549561858
mlp_1x64_relu,90,30,254,0.0022859673481434584,0.0017893820768222213
mlp_1x64_relu,90,30,255,0.00228650844655931,0.0017878643702715635
mlp_1x64_relu,90,30,256,0.0022857431322336197,0.0017880132654681802
mlp_1x64_relu,90,30,257,0.0022849030792713165,0.0017890018643811345
mlp_1x64_relu,90,30,258,0.0022862404584884644,0.001789066824130714
mlp_1x64_relu,90,30,259,0.002292810007929802,0.0017923947889357805
mlp_1x64_relu,90,30,260,0.002289612079039216,0.0017892700852826238
mlp_1x64_relu,90,30,261,0.002288305200636387,0.0017889661248773336
mlp_1x64_relu,90,30,262,0.002287552459165454,0.0017897506477311254
mlp_1x64_relu,90,30,263,0.002287160139530897,0.001787894987501204
mlp_1x64_relu,90,30,264,0.002285194816067815,0.001787136890925467
mlp_1x64_relu,90,30,265,0.002289706841111183,0.0017900146776810288
mlp_1x64_relu,90,30,266,0.0022869454696774483,0.0017882904503494501
mlp_1x64_relu,90,30,267,0.002285591559484601,0.001789477071724832
mlp_1x64_relu,90,30,268,0.0022902307100594044,0.00178833759855479
mlp_1x64_relu,90,30,269,0.002294588601216674,0.0017890139715746045
mlp_1x64_relu,90,30,270,0.0022887291852384806,0.0017904374981299043
mlp_1x64_relu,90,30,271,0.0022876912262290716,0.0017899962840601802
mlp_1x64_relu,90,30,272,0.0022861650213599205,0.0017882146639749408
mlp_1x64_relu,90,30,273,0.0022861778270453215,0.0017881904495880008
mlp_1x64_relu,90,30,274,0.0022857519797980785,0.0017872396856546402
mlp_1x64_relu,90,30,275,0.0022860162425786257,0.0017874563345685601
mlp_1x64_relu,90,30,276,0.0022861668840050697,0.0017887590220198035
mlp_1x64_relu,90,30,277,0.0022859107702970505,0.001786635722965002
mlp_1x64_relu,90,30,278,0.0022860118187963963,0.0017877581994980574
mlp_1x64_relu,90,30,279,0.0022861044853925705,0.0017881838139146566
mlp_1x64_relu,90,30,280,0.0022861005272716284,0.0017882749671116471
mlp_1x64_relu,90,30,281,0.0022861468605697155,0.0017879921942949295
mlp_1x64_relu,90,30,282,0.0022861009929329157,0.0017885027918964624
mlp_1x64_relu,90,30,283,0.0022860653698444366,0.0017885013949126005
mlp_1x64_relu,90,30,284,0.0022857380099594593,0.0017879302613437176
mlp_1x64_relu,90,30,285,0.0022856020368635654,0.001786947948858142
mlp_1x64_relu,90,30,286,0.0022856739815324545,0.0017871514428406954
mlp_1x64_relu,90,30,287,0.0022862409241497517,0.0017881187377497554
mlp_1x64_relu,90,30,288,0.002286053728312254,0.0017888677539303899
mlp_1x64_relu,90,30,289,0.002285994356498122,0.0017885841662064195
mlp_1x64_relu,90,30,290,0.002285779919475317,0.0017875180346891284
mlp_1x64_relu,90,30,291,0.002285593654960394,0.0017879969673231244
mlp_1x64_relu,90,30,292,0.0022859936580061913,0.0017887406283989549
mlp_1x64_relu,90,30,293,0.0022855813149362803,0.0017872537719085813
mlp_1x64_relu,90,30,294,0.0022859550081193447,0.0017879008082672954
mlp_1x64_relu,90,30,295,0.0022855692077428102,0.0017876120982691646
mlp_1x64_relu,90,30,296,0.00228583044372499,0.0017880176892504096
mlp_1x64_relu,90,30,297,0.0022863242775201797,0.001788830035366118
mlp_1x64_relu,90,30,298,0.0022860041353851557,0.0017881973180919886
mlp_1x64_relu,90,30,299,0.0022857277654111385,0.0017876183846965432
mlp_1x64_relu,90,30,300,0.002285528928041458,0.0017875985940918326
mlp_1x64_relu,90,30,301,0.0022856113500893116,0.0017881703097373247
mlp_1x64_relu,90,30,302,0.002286056289449334,0.0017894897609949112
mlp_1x64_relu,90,30,303,0.0022859335877001286,0.0017873410833999515
mlp_1x64_relu,90,30,304,0.002285492140799761,0.0017875684425234795
mlp_1x64_relu,90,30,305,0.002285788068547845,0.001787298358976841
mlp_1x64_relu,90,30,306,0.002285685623064637,0.001787952147424221
mlp_1x64_relu,90,30,307,0.0022858052980154753,0.0017885647248476744
mlp_1x64_relu,90,30,308,0.002285850467160344,0.0017883563414216042
mlp_1x64_relu,90,30,309,0.0022859913296997547,0.0017883131513372064
mlp_1x64_relu,90,30,310,0.0022855927236378193,0.0017875414341688156
mlp_1x64_relu,90,30,311,0.0022858972661197186,0.001788823981769383
mlp_1x64_relu,90,30,312,0.002285688417032361,0.0017880507512018085
mlp_1x64_relu,90,30,313,0.002285528462380171,0.001788783585652709
mlp_1x64_relu,90,30,314,0.0022858043666929007,0.0017884194385260344
mlp_1x64_relu,90,30,315,0.0022859859745949507,0.0017878367798402905
mlp_1x64_relu,90,30,316,0.002285808091983199,0.001788566936738789
mlp_1x64_relu,90,30,317,0.002286097500473261,0.0017888311995193362
mlp_1x64_relu,90,30,318,0.0022859431337565184,0.001788923516869545
mlp_1x64_relu,90,30,319,0.002285868162289262,0.0017870088340714574
mlp_1x64_relu,90,30,320,0.0022853680420666933,0.0017882126849144697
mlp_1x64_relu,90,30,321,0.0022858320735394955,0.0017886117566376925
mlp_1x64_relu,90,30,322,0.0022859168238937855,0.0017879862571135163
mlp_1x64_relu,90,30,323,0.002286013448610902,0.001788858207874
mlp_1x64_relu,90,30,324,0.0022862390615046024,0.0017882304964587092
mlp_1x64_relu,90,30,325,0.0022857505828142166,0.0017886090790852904
mlp_1x64_relu,90,30,326,0.0022859894670546055,0.0017887240974232554
mlp_1x64_relu,90,30,327,0.0022857687436044216,0.00178820313885808
mlp_1x64_relu,90,30,328,0.0022858232259750366,0.0017884069820865989
mlp_1x64_relu,90,30,329,0.0022855824790894985,0.001787348184734583
mlp_1x64_relu,90,30,330,0.002285821596160531,0.0017881739186123013
mlp_1x64_relu,90,30,331,0.0022857696749269962,0.0017879426013678312
mlp_1x64_relu,90,30,332,0.002285971539095044,0.001787909190170467
mlp_1x64_relu,90,30,333,0.002285861410200596,0.0017875491175800562
mlp_1x64_relu,90,30,334,0.0022860050667077303,0.0017886610003188252
mlp_1x64_relu,90,30,335,0.0022861449979245663,0.0017875275807455182
mlp_1x64_relu,90,30,336,0.002285716123878956,0.0017887614667415619
mlp_1x64_relu,90,30,337,0.0022860243916511536,0.001788188237696886
mlp_1x64_relu,90,30,338,0.0022857252042740583,0.0017874380573630333
mlp_1x64_relu,90,30,339,0.002285697730258107,0.0017871948657557368
mlp_1x64_relu,90,30,340,0.0022856418509036303,0.0017866638954728842
mlp_1x64_relu,90,30,341,0.002285475842654705,0.001787309069186449
mlp_1x64_relu,90,30,342,0.00228552776388824,0.0017875527264550328
mlp_1x64_relu,90,30,343,0.002285947557538748,0.0017891223542392254
mlp_1x64_relu,90,30,344,0.0022856772411614656,0.0017880258383229375
mlp_1x64_relu,90,30,345,0.002285981085151434,0.0017876524943858385
mlp_1x64_relu,90,30,346,0.002285656752064824,0.0017884585540741682
mlp_1x64_relu,90,30,347,0.002286051632836461,0.0017893437761813402
mlp_1x64_relu,90,30,348,0.002285891445353627,0.0017885901033878326
mlp_1x64_relu,90,30,349,0.002285880269482732,0.0017876866040751338
mlp_1x64_relu,90,30,350,0.002285706577822566,0.0017873086035251617
mlp_1x64_relu,90,30,351,0.0022854143753647804,0.0017874982440844178
mlp_1x64_relu,90,30,352,0.0022856274154037237,0.0017883756663650274
mlp_1x64_relu,90,30,353,0.0022859058808535337,0.0017871252493932843
mlp_1x64_relu,90,30,354,0.002286111004650593,0.0017875562189146876
mlp_1x64_relu,90,30,355,0.0022854474373161793,0.0017870060401037335
mlp_1x64_relu,90,30,356,0.0022853242699056864,0.0017889294540509582
mlp_1x64_relu,90,30,357,0.002285921713337302,0.00178848288487643
mlp_1x64_relu,90,30,358,0.0022859591990709305,0.001789058092981577
mlp_1x64_relu,90,30,359,0.0022857363801449537,0.0017883260734379292
mlp_1x64_relu,90,30,360,0.002285743597894907,0.001788912806659937
mlp_1x64_relu,90,30,361,0.002286130329594016,0.001786911627277732
mlp_1x64_relu,90,30,362,0.0022860909812152386,0.0017881217645481229
mlp_1x64_relu,90,30,363,0.002285913098603487,0.0017880164086818695
mlp_1x64_relu,90,30,364,0.0022860197350382805,0.0017890339950099587
mlp_1x64_relu,90,30,365,0.0022858392912894487,0.0017888415604829788
mlp_1x64_relu,90,30,366,0.002285761060193181,0.0017878984799608588
mlp_1x64_relu,90,30,367,0.002285870723426342,0.0017876398051157594
mlp_1x64_relu,90,30,368,0.002285689115524292,0.001788780908100307
mlp_1x64_relu,90,30,369,0.0022854707203805447,0.0017879802035167813
mlp_1x64_relu,90,30,370,0.002285785973072052,0.001787096494808793
mlp_1x64_relu,90,30,371,0.0022855557035654783,0.0017879307270050049
mlp_1x64_relu,90,30,372,0.002285616472363472,0.0017876267665997148
mlp_1x64_relu,90,30,373,0.0022861252073198557,0.001788668567314744
mlp_1x64_relu,90,30,374,0.0022860707249492407,0.0017889533191919327
mlp_1x64_relu,90,30,375,0.002285755006596446,0.001788203720934689
mlp_1x64_relu,90,30,376,0.0022859079763293266,0.0017875023186206818
mlp_1x64_relu,90,30,377,0.002285656752064824,0.0017882484244182706
mlp_1x64_relu,90,30,378,0.0022856933064758778,0.0017877803184092045
mlp_1x64_relu,90,30,379,0.0022861133329570293,0.0017884064000099897
mlp_1x64_relu,90,30,380,0.002285956870764494,0.0017878413200378418
mlp_1x64_relu,90,30,381,0.0022856909781694412,0.0017875705379992723
mlp_1x64_relu,90,30,382,0.002286149887368083,0.001787744928151369
mlp_1x64_relu,90,30,383,0.0022856516297906637,0.0017882214160636067
mlp_1x64_relu,90,30,384,0.0022857978474348783,0.0017889407463371754
mlp_1x64_relu,90,30,385,0.0022858865559101105,0.0017893377225846052
mlp_1x64_relu,90,30,386,0.002285753143951297,0.0017876987112686038
mlp_1x64_relu,90,30,387,0.0022855631541460752,0.0017883960390463471
mlp_1x64_relu,90,30,388,0.002285858616232872,0.0017882722895592451
mlp_1x64_relu,90,30,389,0.0022859619930386543,0.0017885613488033414
mlp_1x64_relu,90,30,390,0.0022857871372252703,0.00178686308208853
mlp_1x64_relu,90,30,391,0.002285692375153303,0.001788065186701715
mlp_1x64_relu,90,30,392,0.0022858071606606245,0.001788663794286549
mlp_1x64_relu,90,30,393,0.0022856357973068953,0.001788416993804276
mlp_1x64_relu,90,30,394,0.0022860125172883272,0.0017887753201648593
mlp_1x64_relu,90,30,395,0.0022859578020870686,0.001787969027645886
mlp_1x64_relu,90,30,396,0.0022862153127789497,0.0017890750896185637
mlp_1x64_relu,90,30,397,0.002285683061927557,0.0017881880048662424
mlp_1x64_relu,90,30,398,0.0022860695607960224,0.0017871869495138526
mlp_1x64_relu,90,30,399,0.00228556664660573,0.0017864883411675692
mlp_1x64_relu,90,30,400,0.0022858320735394955,0.001787234446965158
mlp_1x64_relu,90,30,401,0.0022859391756355762,0.0017891956958919764
mlp_1x64_relu,90,30,402,0.002285659546032548,0.0017887934809550643
mlp_1x64_relu,90,30,403,0.0022860330063849688,0.0017892159521579742
mlp_1x64_relu,90,30,404,0.0022858809679746628,0.001787861343473196
mlp_1x64_relu,90,30,405,0.002285571536049247,0.0017890073359012604
mlp_1x64_relu,90,30,406,0.002286134986206889,0.0017894291086122394
mlp_1x64_relu,90,30,407,0.0022859435994178057,0.0017882619285956025
mlp_1x64_relu,90,30,408,0.0022861240431666374,0.0017879226943477988
mlp_1x64_relu,90,30,409,0.0022856639698147774,0.0017871423624455929
mlp_1x64_relu,90,30,410,0.0022859862074255943,0.001787614542990923
mlp_1x64_relu,90,30,411,0.0022857554722577333,0.0017875652993097901
mlp_1x64_relu,90,30,412,0.002285444177687168,0.0017880896339192986
mlp_1x64_relu,90,30,413,0.0022855307906866074,0.00178756401874125
mlp_1x64_relu,90,30,414,0.0022857666481286287,0.0017880492378026247
mlp_1x64_relu,90,30,415,0.002286002039909363,0.0017875174526125193
mlp_1x64_relu,90,30,416,0.002285798080265522,0.0017886903369799256
mlp_1x64_relu,90,30,417,0.00228608725592494,0.0017882189713418484
mlp_1x64_relu,90,30,418,0.002285822294652462,0.001787932007573545
mlp_1x64_relu,90,30,419,0.0022859033197164536,0.0017886371351778507
mlp_1x64_relu,90,30,420,0.002285831840708852,0.0017895299242809415
mlp_1x64_relu,90,30,421,0.0022857210133224726,0.0017877653008326888
mlp_1x64_relu,90,30,422,0.002285787370055914,0.0017886864952743053
mlp_1x64_relu,90,30,423,0.0022858292795717716,0.0017886926652863622
mlp_1x64_relu,90,30,424,0.0022859005257487297,0.001788501045666635
mlp_1x64_relu,90,30,425,0.0022861093748360872,0.001787979039363563
mlp_1x64_relu,90,30,426,0.0022858858574181795,0.00178857974242419
mlp_1x64_relu,90,30,427,0.002285638125613332,0.001789681613445282
mlp_1x64_relu,90,30,428,0.0022861650213599205,0.0017889478476718068
mlp_1x64_relu,90,30,429,0.002285600174218416,0.001787707326002419
mlp_1x64_relu,90,30,430,0.0022860162425786257,0.0017877061618492007
mlp_1x64_relu,90,30,431,0.002286002039909363,0.0017879437655210495
mlp_1x64_relu,90,30,432,0.002285473980009556,0.0017887888243421912
mlp_1x64_relu,90,30,433,0.0022858199663460255,0.001789238303899765
mlp_1x64_relu,90,30,434,0.0022859948221594095,0.001787739573046565
mlp_1x64_relu,90,30,435,0.00228599994443357,0.001788489636965096
mlp_1x64_relu,90,30,436,0.002285560593008995,0.001788392779417336
mlp_1x64_relu,90,30,437,0.002285698428750038,0.00178857846185565
mlp_1x64_relu,90,30,438,0.0022855279967188835,0.0017885098932310939
mlp_1x64_relu,90,30,439,0.002285586902871728,0.0017876659985631704
mlp_1x64_relu,90,30,440,0.0022859452292323112,0.0017873173346742988
mlp_1x64_relu,90,30,441,0.0022858818992972374,0.0017885566921904683
mlp_1x64_relu,90,30,442,0.0022861165925860405,0.0017892004689201713
mlp_1x64_relu,90,30,443,0.002285668160766363,0.0017877116333693266
mlp_1x64_relu,90,30,444,0.002285645343363285,0.001787587651051581
mlp_1x64_relu,90,30,445,0.0022855866700410843,0.0017875382909551263
mlp_1x64_relu,90,30,446,0.002285583643242717,0.001788655761629343
mlp_1x64_relu,90,30,447,0.002285353373736143,0.001788791618309915
mlp_1x64_relu,90,30,448,0.002285783411934972,0.0017887594876810908
mlp_1x64_relu,90,30,449,0.0022859578020870686,0.001787358894944191
mlp_1x64_relu,90,30,450,0.0022861354518681765,0.0017886455170810223
mlp_1x64_relu,90,30,451,0.002285680966451764,0.0017880029045045376
mlp_1x64_relu,90,30,452,0.0022859072778373957,0.0017881820676848292
mlp_1x64_relu,90,30,453,0.0022858891170471907,0.0017892980249598622
mlp_1x64_relu,90,30,454,0.0022861601319164038,0.0017874892801046371
mlp_1x64_relu,90,30,455,0.0022860742174088955,0.0017882045358419418
mlp_1x64_relu,90,30,456,0.002286071190610528,0.0017885593697428703
mlp_1x64_relu,90,30,457,0.0022859815508127213,0.0017876888159662485
mlp_1x64_relu,90,30,458,0.0022860514000058174,0.001787579501979053
mlp_1x64_relu,90,30,459,0.0022857137955725193,0.0017884201370179653
mlp_1x64_relu,90,30,460,0.002286230679601431,0.0017876651836559176
mlp_1x64_relu,90,30,461,0.0022856518626213074,0.00178762327414006
mlp_1x64_relu,90,30,462,0.0022858218289911747,0.0017870123265311122
mlp_1x64_relu,90,30,463,0.0022853559348732233,0.0017871006857603788
mlp_1x64_relu,90,30,464,0.0022858786396682262,0.001788055757060647
mlp_1x64_relu,90,30,465,0.0022857459262013435,0.0017888079164549708
mlp_1x64_relu,90,30,466,0.002285607624799013,0.0017876786878332496
mlp_1x64_relu,90,30,467,0.0022860427852720022,0.0017886743880808353
mlp_1x64_relu,90,30,468,0.002286213682964444,0.0017878985963761806
mlp_1x64_relu,90,30,469,0.002286061178892851,0.0017888015136122704
mlp_1x64_relu,90,30,470,0.0022858462762087584,0.0017869988223537803
mlp_1x64_relu,90,30,471,0.002285501454025507,0.0017872255994006991
mlp_1x64_relu,90,30,472,0.0022858360316604376,0.0017871004529297352
mlp_1x64_relu,90,30,473,0.0022853247355669737,0.0017882433021441102
mlp_1x64_relu,90,30,474,0.00228567561134696,0.0017878531944006681
mlp_1x64_relu,90,30,475,0.0022855873685330153,0.0017898582154884934
mlp_1x64_relu,90,30,476,0.0022862483747303486,0.0017892688047140837
mlp_1x64_relu,90,30,477,0.0022860763128846884,0.0017889582086354494
mlp_1x64_relu,90,30,478,0.0022856586147099733,0.0017879870720207691
mlp_1x64_relu,90,30,479,0.002285977592691779,0.0017886041896417737
mlp_1x64_relu,90,30,480,0.0022860991302877665,0.0017880955711007118
mlp_1x64_relu,90,30,481,0.0022859524469822645,0.00178907357621938
mlp_1x64_relu,90,30,482,0.002285897731781006,0.0017886388814076781
mlp_1x64_relu,90,30,483,0.002285666996613145,0.0017894614720717072
mlp_1x64_relu,90,30,484,0.002286020666360855,0.0017890906892716885
mlp_1x64_relu,90,30,485,0.002285783877596259,0.0017878981307148933
mlp_1x64_relu,90,30,486,0.0022858502343297005,0.0017888322472572327
mlp_1x64_relu,90,30,487,0.00228567305020988,0.0017885685665532947
mlp_1x64_relu,90,30,488,0.0022860525641590357,0.0017883008113130927
mlp_1x64_relu,90,30,489,0.002285844413563609,0.0017879297956824303
mlp_1x64_relu,90,30,490,0.0022859873715788126,0.0017883559921756387
mlp_1x64_relu,90,30,491,0.0022856725845485926,0.0017884672852233052
mlp_1x64_relu,90,30,492,0.0022861361503601074,0.0017896544886752963
mlp_1x64_relu,90,30,493,0.002286086790263653,0.001788478228263557
mlp_1x64_relu,90,30,494,0.0022861831821501255,0.0017887069843709469
mlp_1x64_relu,90,30,495,0.002285754308104515,0.0017885529669001698
mlp_1x64_relu,90,30,496,0.0022855368442833424,0.00178755063097924
mlp_1x64_relu,90,30,497,0.002285837661474943,0.00178820313885808
mlp_1x64_relu,90,30,498,0.0022857950534671545,0.001787172514013946
mlp_1x64_relu,90,30,499,0.002285619266331196,0.001787592307664454
mlp_1x64_relu,90,30,500,0.0022858253214508295,0.001788030145689845
mlp_1x64_relu,90,90,1,0.5123571753501892,0.24237070977687836
mlp_1x64_relu,90,90,2,0.2136913686990738,0.13454288244247437
mlp_1x64_relu,90,90,3,0.10968302935361862,0.07667248696088791
mlp_1x64_relu,90,90,4,0.0552605502307415,0.0384787917137146
mlp_1x64_relu,90,90,5,0.02338889054954052,0.015711357817053795
mlp_1x64_relu,90,90,6,0.008897610940039158,0.006443407852202654
mlp_1x64_relu,90,90,7,0.004754488822072744,0.004137315787374973
mlp_1x64_relu,90,90,8,0.003618068527430296,0.0026906116399914026
mlp_1x64_relu,90,90,9,0.0030132695101201534,0.0022010516840964556
mlp_1x64_relu,90,90,10,0.0029571314807981253,0.002150497166439891
mlp_1x64_relu,90,90,11,0.002791838487610221,0.001936791348271072
mlp_1x64_relu,90,90,12,0.0027591560501605272,0.001915946719236672
mlp_1x64_relu,90,90,13,0.002685530111193657,0.0023051882162690163
mlp_1x64_relu,90,90,14,0.0026354393921792507,0.002295741345733404
mlp_1x64_relu,90,90,15,0.002576202154159546,0.002148446161299944
mlp_1x64_relu,90,90,16,0.002388901775702834,0.0021823442075401545
mlp_1x64_relu,90,90,17,0.0023676231503486633,0.0021616166923195124
mlp_1x64_relu,90,90,18,0.0022987686097621918,0.002211430110037327
mlp_1x64_relu,90,90,19,0.0023862142115831375,0.0025632381439208984
mlp_1x64_relu,90,90,20,0.002536951331421733,0.0029124112334102392
mlp_1x64_relu,90,90,21,0.0023931018076837063,0.0026207715272903442
mlp_1x64_relu,90,90,22,0.002368829445913434,0.0028560247737914324
mlp_1x64_relu,90,90,23,0.0022856262512505054,0.0025998111814260483
mlp_1x64_relu,90,90,24,0.002271864330396056,0.0026053329929709435
mlp_1x64_relu,90,90,25,0.0022191060706973076,0.0023241944145411253
mlp_1x64_relu,90,90,26,0.0021234452724456787,0.0024173310957849026
mlp_1x64_relu,90,90,27,0.0019035462755709887,0.002139977877959609
mlp_1x64_relu,90,90,28,0.0018787590088322759,0.0025081909261643887
mlp_1x64_relu,90,90,29,0.002048279857262969,0.0022430510725826025
mlp_1x64_relu,90,90,30,0.0019997446797788143,0.002463732846081257
mlp_1x64_relu,90,90,31,0.0021580574102699757,0.002420829376205802
mlp_1x64_relu,90,90,32,0.0020368690602481365,0.002265053568407893
mlp_1x64_relu,90,90,33,0.0020703747868537903,0.0017784441588446498
mlp_1x64_relu,90,90,34,0.0019383603939786553,0.002073482843115926
mlp_1x64_relu,90,90,35,0.001655201194807887,0.0016184721607714891
mlp_1x64_relu,90,90,36,0.0015596527373418212,0.0015309058362618089
mlp_1x64_relu,90,90,37,0.001543237711302936,0.0015190537087619305
mlp_1x64_relu,90,90,38,0.001496542477980256,0.0015348447486758232
mlp_1x64_relu,90,90,39,0.001476525911130011,0.0015602587955072522
mlp_1x64_relu,90,90,40,0.0014931706245988607,0.0016237644013017416
mlp_1x64_relu,90,90,41,0.0014860224910080433,0.0015176455490291119
mlp_1x64_relu,90,90,42,0.0014760448830202222,0.0014604246243834496
mlp_1x64_relu,90,90,43,0.0014808118576183915,0.0013663877034559846
mlp_1x64_relu,90,90,44,0.0014511875342577696,0.0013039293698966503
mlp_1x64_relu,90,90,45,0.0014265045756474137,0.0013117124326527119
mlp_1x64_relu,90,90,46,0.0013731782091781497,0.0012833485379815102
mlp_1x64_relu,90,90,47,0.0013566786656156182,0.001335315639153123
mlp_1x64_relu,90,90,48,0.001368267578072846,0.0013102168450132012
mlp_1x64_relu,90,90,49,0.001364853698760271,0.0013218652456998825
mlp_1x64_relu,90,90,50,0.0013476134045049548,0.0012958910083398223
mlp_1x64_relu,90,90,51,0.0013364230981096625,0.0012981696054339409
mlp_1x64_relu,90,90,52,0.0013187681324779987,0.0012521919561550021
mlp_1x64_relu,90,90,53,0.0013071791036054492,0.001274775480851531
mlp_1x64_relu,90,90,54,0.001304078265093267,0.001262569334357977
mlp_1x64_relu,90,90,55,0.0013076711911708117,0.0012817424722015858
mlp_1x64_relu,90,90,56,0.00130473671015352,0.0012552046682685614
mlp_1x64_relu,90,90,57,0.0013121336232870817,0.0012674278113991022
mlp_1x64_relu,90,90,58,0.0013142670504748821,0.001266232691705227
mlp_1x64_relu,90,90,59,0.0013304221211001277,0.0012476587435230613
mlp_1x64_relu,90,90,60,0.0013303125742822886,0.0012200074270367622
mlp_1x64_relu,90,90,61,0.0013283566804602742,0.0012104458874091506
mlp_1x64_relu,90,90,62,0.001338654081337154,0.0012460777070373297
mlp_1x64_relu,90,90,63,0.0013613763730973005,0.0011869926238432527
mlp_1x64_relu,90,90,64,0.0013714962406083941,0.001197618548758328
mlp_1x64_relu,90,90,65,0.0013863552594557405,0.0012057202402502298
mlp_1x64_relu,90,90,66,0.0013999040238559246,0.0011918579693883657
mlp_1x64_relu,90,90,67,0.0014145628083497286,0.001184547203592956
mlp_1x64_relu,90,90,68,0.00140991376247257,0.0011733596911653876
mlp_1x64_relu,90,90,69,0.0014125097077339888,0.0011682485928758979
mlp_1x64_relu,90,90,70,0.0014193161623552442,0.0011908775195479393
mlp_1x64_relu,90,90,71,0.0014253121335059404,0.0011837105266749859
mlp_1x64_relu,90,90,72,0.001422917703166604,0.0011816368205472827
mlp_1x64_relu,90,90,73,0.0014399669598788023,0.001178144826553762
mlp_1x64_relu,90,90,74,0.001441510976292193,0.0011491734767332673
mlp_1x64_relu,90,90,75,0.001446543843485415,0.0011480192188173532
mlp_1x64_relu,90,90,76,0.001459186663851142,0.0011333402944728732
mlp_1x64_relu,90,90,77,0.0014923946000635624,0.0011794220190495253
mlp_1x64_relu,90,90,78,0.0015067120548337698,0.0011768154799938202
mlp_1x64_relu,90,90,79,0.0015242249937728047,0.0011746831005439162
mlp_1x64_relu,90,90,80,0.0014833000022917986,0.0011172504164278507
mlp_1x64_relu,90,90,81,0.0014831199077889323,0.0011387511622160673
mlp_1x64_relu,90,90,82,0.0015090085798874497,0.0011275409488007426
mlp_1x64_relu,90,90,83,0.00150104274507612,0.0011257610749453306
mlp_1x64_relu,90,90,84,0.001509287510998547,0.0011314675211906433
mlp_1x64_relu,90,90,85,0.0015528739895671606,0.001128452131524682
mlp_1x64_relu,90,90,86,0.0015529997181147337,0.0011164062889292836
mlp_1x64_relu,90,90,87,0.0015455137472599745,0.0011211272794753313
mlp_1x64_relu,90,90,88,0.0015199705958366394,0.0011075454531237483
mlp_1x64_relu,90,90,89,0.0015960924793034792,0.0011244001798331738
mlp_1x64_relu,90,90,90,0.0015666810795664787,0.0011275005526840687
mlp_1x64_relu,90,90,91,0.0015491512604057789,0.0010952501324936748
mlp_1x64_relu,90,90,92,0.0015779356472194195,0.0011480195680633187
mlp_1x64_relu,90,90,93,0.0015892916126176715,0.0010836973087862134
mlp_1x64_relu,90,90,94,0.001562503632158041,0.001175452838651836
mlp_1x64_relu,90,90,95,0.001536334864795208,0.0010925172828137875
mlp_1x64_relu,90,90,96,0.0015465589240193367,0.0011433198815211654
mlp_1x64_relu,90,90,97,0.0016197114018723369,0.0010898385662585497
mlp_1x64_relu,90,90,98,0.0015519948210567236,0.0010726555483415723
mlp_1x64_relu,90,90,99,0.0015456272521987557,0.0011326753301545978
mlp_1x64_relu,90,90,100,0.0015845505986362696,0.0011492480989545584
mlp_1x64_relu,90,90,101,0.0016113988822326064,0.0012226479593664408
mlp_1x64_relu,90,90,102,0.0015831629280000925,0.0011416522320359945
mlp_1x64_relu,90,90,103,0.0015677419723942876,0.0011941187549382448
mlp_1x64_relu,90,90,104,0.0015943330945447087,0.001121522393077612
mlp_1x64_relu,90,90,105,0.0016634822823107243,0.0011488563613966107
mlp_1x64_relu,90,90,106,0.0017021001549437642,0.0012492414098232985
mlp_1x64_relu,90,90,107,0.0016525069950148463,0.0011006557615473866
mlp_1x64_relu,90,90,108,0.001608756254427135,0.0011237539583817124
mlp_1x64_relu,90,90,109,0.0016396216815337539,0.001152364886365831
mlp_1x64_relu,90,90,110,0.0015914589166641235,0.001170467585325241
mlp_1x64_relu,90,90,111,0.0015962746692821383,0.0010886841919273138
mlp_1x64_relu,90,90,112,0.0015788984019309282,0.0010902347275987267
mlp_1x64_relu,90,90,113,0.0015449563506990671,0.0011191038647666574
mlp_1x64_relu,90,90,114,0.0016017946181818843,0.0011538725811988115
mlp_1x64_relu,90,90,115,0.001659406814724207,0.0010992896277457476
mlp_1x64_relu,90,90,116,0.0015616187592968345,0.0011113446671515703
mlp_1x64_relu,90,90,117,0.0015629124827682972,0.0010816989233717322
mlp_1x64_relu,90,90,118,0.0015528051881119609,0.0010732222581282258
mlp_1x64_relu,90,90,119,0.0015394756337627769,0.0011389580322429538
mlp_1x64_relu,90,90,120,0.001513271126896143,0.001071145641617477
mlp_1x64_relu,90,90,121,0.0016168683068826795,0.0012044559698551893
mlp_1x64_relu,90,90,122,0.0015982213662937284,0.0011456934735178947
mlp_1x64_relu,90,90,123,0.001628422411158681,0.00116599106695503
mlp_1x64_relu,90,90,124,0.0015879225684329867,0.001119243330322206
mlp_1x64_relu,90,90,125,0.001636819913983345,0.0011188663775101304
mlp_1x64_relu,90,90,126,0.001569084357470274,0.0011625291081145406
mlp_1x64_relu,90,90,127,0.0016059427289292216,0.0011199279688298702
mlp_1x64_relu,90,90,128,0.0015639661578461528,0.0010952987940981984
mlp_1x64_relu,90,90,129,0.0015672079753130674,0.001114530023187399
mlp_1x64_relu,90,90,130,0.0016106227412819862,0.0011166917392984033
mlp_1x64_relu,90,90,131,0.0015513767721131444,0.0011006894055753946
mlp_1x64_relu,90,90,132,0.001500126556493342,0.0010665439767763019
mlp_1x64_relu,90,90,133,0.0015403523575514555,0.0010678378166630864
mlp_1x64_relu,90,90,134,0.0015140061732381582,0.001075100270099938
mlp_1x64_relu,90,90,135,0.0015622249338775873,0.0011084758443757892
mlp_1x64_relu,90,90,136,0.001510606030933559,0.0010603165719658136
mlp_1x64_relu,90,90,137,0.0015039377612993121,0.0011083621066063643
mlp_1x64_relu,90,90,138,0.0015905360924080014,0.0011486359871923923
mlp_1x64_relu,90,90,139,0.0015360763063654304,0.001088051707483828
mlp_1x64_relu,90,90,140,0.00156963593326509,0.001168956165201962
mlp_1x64_relu,90,90,141,0.001567044178955257,0.0010728024644777179
mlp_1x64_relu,90,90,142,0.001550886663608253,0.0010909109842032194
mlp_1x64_relu,90,90,143,0.0015400236006826162,0.0011653690598905087
mlp_1x64_relu,90,90,144,0.0015503561589866877,0.0010799601441249251
mlp_1x64_relu,90,90,145,0.0015571644762530923,0.0010899114422500134
mlp_1x64_relu,90,90,146,0.0015648935222998261,0.0011500251712277532
mlp_1x64_relu,90,90,147,0.0016178246587514877,0.0010803182376548648
mlp_1x64_relu,90,90,148,0.0015189778059720993,0.001094091567210853
mlp_1x64_relu,90,90,149,0.0015008935006335378,0.0011057484662160277
mlp_1x64_relu,90,90,150,0.0015072664245963097,0.001068278681486845
mlp_1x64_relu,90,90,151,0.0015424595912918448,0.0010542786912992597
mlp_1x64_relu,90,90,152,0.0015113480621948838,0.001268627354875207
mlp_1x64_relu,90,90,153,0.001559940166771412,0.001139224274083972
mlp_1x64_relu,90,90,154,0.0015090693486854434,0.0010755561525002122
mlp_1x64_relu,90,90,155,0.00164856540504843,0.001202513580210507
mlp_1x64_relu,90,90,156,0.0015989277744665742,0.0011082848068326712
mlp_1x64_relu,90,90,157,0.0015179181937128305,0.0010643062414601445
mlp_1x64_relu,90,90,158,0.0014620245201513171,0.0010795380221679807
mlp_1x64_relu,90,90,159,0.0015351162292063236,0.0011205506743863225
mlp_1x64_relu,90,90,160,0.0016612454783171415,0.0011642451863735914
mlp_1x64_relu,90,90,161,0.0016162584070116282,0.0010941432556137443
mlp_1x64_relu,90,90,162,0.0015393767971545458,0.0011909158201888204
mlp_1x64_relu,90,90,163,0.00155685527715832,0.00108193454798311
mlp_1x64_relu,90,90,164,0.0014614987885579467,0.0010653776116669178
mlp_1x64_relu,90,90,165,0.001460423693060875,0.0010721664875745773
mlp_1x64_relu,90,90,166,0.0014880105154588819,0.0010839506285265088
mlp_1x64_relu,90,90,167,0.0014553526416420937,0.0010662812273949385
mlp_1x64_relu,90,90,168,0.0014432742027565837,0.0010606712894514203
mlp_1x64_relu,90,90,169,0.0014574048109352589,0.001074809581041336
mlp_1x64_relu,90,90,170,0.0014723794301971793,0.001078478991985321
mlp_1x64_relu,90,90,171,0.0015279930084943771,0.0010534038301557302
mlp_1x64_relu,90,90,172,0.001441410044208169,0.0010518789058551192
mlp_1x64_relu,90,90,173,0.0014872205210849643,0.0010981850791722536
mlp_1x64_relu,90,90,174,0.0015038615092635155,0.0010742130689322948
mlp_1x64_relu,90,90,175,0.0014322942588478327,0.0010460306657478213
mlp_1x64_relu,90,90,176,0.001417109277099371,0.0010495006572455168
mlp_1x64_relu,90,90,177,0.0014213155955076218,0.0010502474615350366
mlp_1x64_relu,90,90,178,0.0014193104580044746,0.0010541033698245883
mlp_1x64_relu,90,90,179,0.0014396790647879243,0.0010812137043103576
mlp_1x64_relu,90,90,180,0.0014561747666448355,0.0010561569361016154
mlp_1x64_relu,90,90,181,0.0014274977147579193,0.0010520312935113907
mlp_1x64_relu,90,90,182,0.0014222704339772463,0.0010531862499192357
mlp_1x64_relu,90,90,183,0.0014508707681670785,0.0010548543650656939
mlp_1x64_relu,90,90,184,0.0014755584998056293,0.0011542955180630088
mlp_1x64_relu,90,90,185,0.001537756179459393,0.0010794331319630146
mlp_1x64_relu,90,90,186,0.0014841546071693301,0.0010638500098139048
mlp_1x64_relu,90,90,187,0.0014382766094058752,0.0010917099425569177
mlp_1x64_relu,90,90,188,0.0015273720491677523,0.00105292908847332
mlp_1x64_relu,90,90,189,0.0014405783731490374,0.001075207139365375
mlp_1x64_relu,90,90,190,0.0014627540949732065,0.001048941514454782
mlp_1x64_relu,90,90,191,0.0014948452590033412,0.0011296094162389636
mlp_1x64_relu,90,90,192,0.00150463473983109,0.0010506032267585397
mlp_1x64_relu,90,90,193,0.0014243802288547158,0.0010517850751057267
mlp_1x64_relu,90,90,194,0.0014247328508645296,0.0010537555208429694
mlp_1x64_relu,90,90,195,0.0014483355917036533,0.0010637487284839153
mlp_1x64_relu,90,90,196,0.0014458559453487396,0.001050866092555225
mlp_1x64_relu,90,90,197,0.0014171680668368936,0.0010487039107829332
mlp_1x64_relu,90,90,198,0.0014174082316458225,0.0010497317416593432
mlp_1x64_relu,90,90,199,0.0014159095007926226,0.0010475628077983856
mlp_1x64_relu,90,90,200,0.0014160528080537915,0.001049664686433971
mlp_1x64_relu,90,90,201,0.001415031380020082,0.0010476073948666453
mlp_1x64_relu,90,90,202,0.0014155963435769081,0.0010490694548934698
mlp_1x64_relu,90,90,203,0.0014150610659271479,0.0010477532632648945
mlp_1x64_relu,90,90,204,0.0014148366171866655,0.0010543736862018704
mlp_1x64_relu,90,90,205,0.0014177090488374233,0.001049273763783276
mlp_1x64_relu,90,90,206,0.0014265060890465975,0.0010631037876009941
mlp_1x64_relu,90,90,207,0.0014817833434790373,0.0010658290702849627
mlp_1x64_relu,90,90,208,0.0014561042189598083,0.001050923252478242
mlp_1x64_relu,90,90,209,0.001419136649928987,0.0010490610729902983
mlp_1x64_relu,90,90,210,0.0014192670350894332,0.0010487231193110347
mlp_1x64_relu,90,90,211,0.0014149898197501898,0.0010496992617845535
mlp_1x64_relu,90,90,212,0.001414117868989706,0.001051201019436121
mlp_1x64_relu,90,90,213,0.0014145014574751258,0.001050431514158845
mlp_1x64_relu,90,90,214,0.0014145179884508252,0.0010509745916351676
mlp_1x64_relu,90,90,215,0.0014157523401081562,0.0010501208016648889
mlp_1x64_relu,90,90,216,0.0014182444429025054,0.001051089959219098
mlp_1x64_relu,90,90,217,0.0014153890078887343,0.0010506472317501903
mlp_1x64_relu,90,90,218,0.0014160586288198829,0.0010455127339810133
mlp_1x64_relu,90,90,219,0.0014152900548651814,0.0010490244021639228
mlp_1x64_relu,90,90,220,0.001415716134943068,0.0010473530273884535
mlp_1x64_relu,90,90,221,0.0014159259153530002,0.0010470994748175144
mlp_1x64_relu,90,90,222,0.0014147238107398152,0.001047774450853467
mlp_1x64_relu,90,90,223,0.0014146215980872512,0.0010476389434188604
mlp_1x64_relu,90,90,224,0.0014144901651889086,0.0010482274228706956
mlp_1x64_relu,90,90,225,0.0014151906361803412,0.001048729638569057
mlp_1x64_relu,90,90,226,0.001414645230397582,0.0010478174081072211
mlp_1x64_relu,90,90,227,0.0014147041365504265,0.0010479254415258765
mlp_1x64_relu,90,90,228,0.0014147618785500526,0.001045989221893251
mlp_1x64_relu,90,90,229,0.0014150006463751197,0.0010485530365258455
mlp_1x64_relu,90,90,230,0.001415714854374528,0.0010491864522919059
mlp_1x64_relu,90,90,231,0.0014342132490128279,0.0010547428391873837
mlp_1x64_relu,90,90,232,0.0014350871788337827,0.0010579762747511268
mlp_1x64_relu,90,90,233,0.0014181372243911028,0.0010461725760251284
mlp_1x64_relu,90,90,234,0.0014145886525511742,0.0010473337024450302
mlp_1x64_relu,90,90,235,0.001414810074493289,0.001047380967065692
mlp_1x64_relu,90,90,236,0.0014147250913083553,0.0010486117098480463
mlp_1x64_relu,90,90,237,0.0014140692073851824,0.0010493017034605145
mlp_1x64_relu,90,90,238,0.0014149106573313475,0.0010473745642229915
mlp_1x64_relu,90,90,239,0.001415080507285893,0.0010482075158506632
mlp_1x64_relu,90,90,240,0.0014151516370475292,0.0010485445382073522
mlp_1x64_relu,90,90,241,0.0014143784064799547,0.0010484420927241445
mlp_1x64_relu,90,90,242,0.001414627069607377,0.0010460511548444629
mlp_1x64_relu,90,90,243,0.0014148076297715306,0.0010481124045327306
mlp_1x64_relu,90,90,244,0.0014146235771477222,0.0010475802700966597
mlp_1x64_relu,90,90,245,0.001414477126672864,0.0010463532526046038
mlp_1x64_relu,90,90,246,0.00141450937371701,0.0010482125217095017
mlp_1x64_relu,90,90,247,0.0014147894689813256,0.0010479962220415473
mlp_1x64_relu,90,90,248,0.0014146036701276898,0.001048048958182335
mlp_1x64_relu,90,90,249,0.0014145735185593367,0.0010486122919246554
mlp_1x64_relu,90,90,250,0.00141453358810395,0.0010475496528670192
mlp_1x64_relu,90,90,251,0.0014147745678201318,0.0010474903974682093
mlp_1x64_relu,90,90,252,0.0014146054163575172,0.0010473044821992517
mlp_1x64_relu,90,90,253,0.001414641854353249,0.0010474990122020245
mlp_1x64_relu,90,90,254,0.0014143827138468623,0.0010469852713868022
mlp_1x64_relu,90,90,255,0.0014139468548819423,0.0010469371918588877
mlp_1x64_relu,90,90,256,0.0014144501183182001,0.00104619306512177
mlp_1x64_relu,90,90,257,0.0014146683970466256,0.0010473482543602586
mlp_1x64_relu,90,90,258,0.0014146914472803473,0.0010470774723216891
mlp_1x64_relu,90,90,259,0.0014142877189442515,0.0010469043627381325
mlp_1x64_relu,90,90,260,0.0014143482549116015,0.001047623110935092
mlp_1x64_relu,90,90,261,0.0014143140288069844,0.001047026482410729
mlp_1x64_relu,90,90,262,0.0014144966844469309,0.0010474540758877993
mlp_1x64_relu,90,90,263,0.0014146241592243314,0.0010474117007106543
mlp_1x64_relu,90,90,264,0.0014145263703539968,0.0010481445351615548
mlp_1x64_relu,90,90,265,0.0014144375454634428,0.0010464383522048593
mlp_1x64_relu,90,90,266,0.0014141537249088287,0.0010457043536007404
mlp_1x64_relu,90,90,267,0.0014145576860755682,0.0010469049448147416
mlp_1x64_relu,90,90,268,0.0014146784087643027,0.0010473302099853754
mlp_1x64_relu,90,90,269,0.0014148070476949215,0.001047478523105383
mlp_1x64_relu,90,90,270,0.0014144164742901921,0.0010471262503415346
mlp_1x64_relu,90,90,271,0.001414331840351224,0.0010471736313775182
mlp_1x64_relu,90,90,272,0.0014142973814159632,0.0010471225250512362
mlp_1x64_relu,90,90,273,0.001414711121469736,0.0010469428962096572
mlp_1x64_relu,90,90,274,0.001414480502717197,0.0010469220578670502
mlp_1x64_relu,90,90,275,0.001414626371115446,0.0010478688636794686
mlp_1x64_relu,90,90,276,0.0014144208980724216,0.001047598198056221
mlp_1x64_relu,90,90,277,0.0014146310277283192,0.0010465704835951328
mlp_1x64_relu,90,90,278,0.001414217404089868,0.0010470942361280322
mlp_1x64_relu,90,90,279,0.0014143830630928278,0.0010475135641172528
mlp_1x64_relu,90,90,280,0.0014140054117888212,0.0010470330016687512
mlp_1x64_relu,90,90,281,0.0014144416199997067,0.0010467595420777798
mlp_1x64_relu,90,90,282,0.0014143424341455102,0.0010463972575962543
mlp_1x64_relu,90,90,283,0.001414259895682335,0.0010477768955752254
mlp_1x64_relu,90,90,284,0.0014142750296741724,0.0010471520945429802
mlp_1x64_relu,90,90,285,0.001414742786437273,0.0010465222876518965
mlp_1x64_relu,90,90,286,0.0014143928419798613,0.001047607627697289
mlp_1x64_relu,90,90,287,0.0014142899308353662,0.001047060708515346
mlp_1x64_relu,90,90,288,0.001414405065588653,0.001046722405590117
mlp_1x64_relu,90,90,289,0.001414302154444158,0.001047130674123764
mlp_1x64_relu,90,90,290,0.0014143597800284624,0.001047977595590055
mlp_1x64_relu,90,90,291,0.0014144262531772256,0.001047786558046937
mlp_1x64_relu,90,90,292,0.0014146388275548816,0.001047649304382503
mlp_1x64_relu,90,90,293,0.0014142242725938559,0.0010472347494214773
mlp_1x64_relu,90,90,294,0.0014142326544970274,0.0010470733977854252
mlp_1x64_relu,90,90,295,0.0014144700253382325,0.0010466942330822349
mlp_1x64_relu,90,90,296,0.001414350583218038,0.0010475285816937685
mlp_1x64_relu,90,90,297,0.0014145344030112028,0.0010483271908015013
mlp_1x64_relu,90,90,298,0.0014144950546324253,0.0010478160111233592
mlp_1x64_relu,90,90,299,0.0014142909785732627,0.001046924153342843
mlp_1x64_relu,90,90,300,0.0014142862055450678,0.0010474977316334844
mlp_1x64_relu,90,90,301,0.0014146410394459963,0.0010480799246579409
mlp_1x64_relu,90,90,302,0.0014142817817628384,0.001046721008606255
mlp_1x64_relu,90,90,303,0.00141424301546067,0.0010466796811670065
mlp_1x64_relu,90,90,304,0.0014143070438876748,0.0010484665399417281
mlp_1x64_relu,90,90,305,0.0014143442967906594,0.0010479409247636795
mlp_1x64_relu,90,90,306,0.0014148032059893012,0.0010473310248926282
mlp_1x64_relu,90,90,307,0.0014144184533506632,0.0010465160012245178
mlp_1x64_relu,90,90,308,0.0014143818989396095,0.0010475749149918556
mlp_1x64_relu,90,90,309,0.001414205995388329,0.0010481640929356217
mlp_1x64_relu,90,90,310,0.0014144310262054205,0.0010461675701662898
mlp_1x64_relu,90,90,311,0.0014145650202408433,0.001047442783601582
mlp_1x64_relu,90,90,312,0.0014142935397103429,0.0010466859675943851
mlp_1x64_relu,90,90,313,0.0014145540772005916,0.001048036152496934
mlp_1x64_relu,90,90,314,0.001414335216395557,0.0010471505811437964
mlp_1x64_relu,90,90,315,0.0014145179884508252,0.0010471428977325559
mlp_1x64_relu,90,90,316,0.0014146222965791821,0.0010473039001226425
mlp_1x64_relu,90,90,317,0.0014145842287689447,0.00104653334710747
mlp_1x64_relu,90,90,318,0.0014145998284220695,0.0010474126320332289
mlp_1x64_relu,90,90,319,0.0014146107714623213,0.001046999474056065
mlp_1x64_relu,90,90,320,0.0014141215942800045,0.0010471809655427933
mlp_1x64_relu,90,90,321,0.0014144453452900052,0.001047537662088871
mlp_1x64_relu,90,90,322,0.0014141658321022987,0.0010467516258358955
mlp_1x64_relu,90,90,323,0.0014147389447316527,0.0010465601226314902
mlp_1x64_relu,90,90,324,0.00141454569529742,0.0010480527998879552
mlp_1x64_relu,90,90,325,0.001414816128090024,0.0010470618726685643
mlp_1x64_relu,90,90,326,0.0014147182228043675,0.0010468068066984415
mlp_1x64_relu,90,90,327,0.0014143276493996382,0.0010483029764145613
mlp_1x64_relu,90,90,328,0.001414703787304461,0.0010476538445800543
mlp_1x64_relu,90,90,329,0.0014144746819511056,0.0010474157752469182
mlp_1x64_relu,90,90,330,0.0014146186877042055,0.0010482012294232845
mlp_1x64_relu,90,90,331,0.0014143334701657295,0.0010476376628503203
mlp_1x64_relu,90,90,332,0.001414425321854651,0.0010477525647729635
mlp_1x64_relu,90,90,333,0.001414287369698286,0.001046532648615539
mlp_1x64_relu,90,90,334,0.00141431693919003,0.0010471399873495102
mlp_1x64_relu,90,90,335,0.001414332422427833,0.0010468768887221813
mlp_1x64_relu,90,90,336,0.001414549071341753,0.0010470045963302255
mlp_1x64_relu,90,90,337,0.00141411111690104,0.0010474653681740165
mlp_1x64_relu,90,90,338,0.0014146472094580531,0.0010471692075952888
mlp_1x64_relu,90,90,339,0.0014141997089609504,0.0010468490654602647
mlp_1x64_relu,90,90,340,0.001414213445968926,0.0010473441798239946
mlp_1x64_relu,90,90,341,0.0014146951725706458,0.0010476656025275588
mlp_1x64_relu,90,90,342,0.0014144249726086855,0.0010475344024598598
mlp_1x64_relu,90,90,343,0.0014142871368676424,0.0010479746852070093
mlp_1x64_relu,90,90,344,0.001414580037817359,0.0010482099605724216
mlp_1x64_relu,90,90,345,0.001414189231581986,0.0010466956300660968
mlp_1x64_relu,90,90,346,0.0014146429020911455,0.0010467609390616417
mlp_1x64_relu,90,90,347,0.0014142384752631187,0.0010476168245077133
mlp_1x64_relu,90,90,348,0.0014147913316264749,0.0010474752634763718
mlp_1x64_relu,90,90,349,0.0014144459273666143,0.0010466072708368301
mlp_1x64_relu,90,90,350,0.0014141135616227984,0.001047467696480453
mlp_1x64_relu,90,90,351,0.0014144863234832883,0.0010474054142832756
mlp_1x64_relu,90,90,352,0.0014144052984192967,0.0010468725813552737
mlp_1x64_relu,90,90,353,0.0014143575681373477,0.0010474678128957748
mlp_1x64_relu,90,90,354,0.0014143886510282755,0.001047877361997962
mlp_1x64_relu,90,90,355,0.0014144319575279951,0.0010470347478985786
mlp_1x64_relu,90,90,356,0.001414697035215795,0.0010483982041478157
mlp_1x64_relu,90,90,357,0.0014143832959234715,0.0010473678121343255
mlp_1x64_relu,90,90,358,0.00141450937371701,0.0010470675770193338
mlp_1x64_relu,90,90,359,0.0014141845749691129,0.0010473241563886404
mlp_1x64_relu,90,90,360,0.001414597500115633,0.001047960831783712
mlp_1x64_relu,90,90,361,0.0014145628083497286,0.0010474498849362135
mlp_1x64_relu,90,90,362,0.001414438826031983,0.0010472111171111465
mlp_1x64_relu,90,90,363,0.0014146675821393728,0.0010468498803675175
mlp_1x64_relu,90,90,364,0.0014142602449283004,0.0010475236922502518
mlp_1x64_relu,90,90,365,0.001414643949829042,0.001046914141625166
mlp_1x64_relu,90,90,366,0.0014145110035315156,0.0010475516319274902
mlp_1x64_relu,90,90,367,0.0014145231107249856,0.0010479857446625829
mlp_1x64_relu,90,90,368,0.0014145395252853632,0.0010471328860148787
mlp_1x64_relu,90,90,369,0.001414462341926992,0.0010471631539985538
mlp_1x64_relu,90,90,370,0.0014145629247650504,0.0010475023882463574
mlp_1x64_relu,90,90,371,0.0014140625717118382,0.0010468036634847522
mlp_1x64_relu,90,90,372,0.0014140140265226364,0.0010472774738445878
mlp_1x64_relu,90,90,373,0.0014144722372293472,0.0010480222990736365
mlp_1x64_relu,90,90,374,0.00141484837513417,0.0010465236846357584
mlp_1x64_relu,90,90,375,0.001414186437614262,0.00104725721757859
mlp_1x64_relu,90,90,376,0.001414294121786952,0.0010474370792508125
mlp_1x64_relu,90,90,377,0.001414379570633173,0.0010467355605214834
mlp_1x64_relu,90,90,378,0.001414322410710156,0.0010470994748175144
mlp_1x64_relu,90,90,379,0.0014143444132059813,0.0010479048360139132
mlp_1x64_relu,90,90,380,0.0014145919121801853,0.0010477597825229168
mlp_1x64_relu,90,90,381,0.00141450809314847,0.0010468288091942668
mlp_1x64_relu,90,90,382,0.0014140696730464697,0.001047558500431478
mlp_1x64_relu,90,90,383,0.0014142582658678293,0.0010469842236489058
mlp_1x64_relu,90,90,384,0.0014146511675789952,0.00104782753624022
mlp_1x64_relu,90,90,385,0.0014144302112981677,0.0010476609459146857
mlp_1x64_relu,90,90,386,0.0014143091393634677,0.001047196565195918
mlp_1x64_relu,90,90,387,0.0014146973844617605,0.001047473750077188
mlp_1x64_relu,90,90,388,0.001414832309819758,0.0010478888871148229
mlp_1x64_relu,90,90,389,0.0014145920285955071,0.0010474453447386622
mlp_1x64_relu,90,90,390,0.0014143045991659164,0.0010474736336618662
mlp_1x64_relu,90,90,391,0.0014144780579954386,0.0010469447588548064
mlp_1x64_relu,90,90,392,0.0014143894659355283,0.0010483590885996819
mlp_1x64_relu,90,90,393,0.0014145947061479092,0.0010470658307895064
mlp_1x64_relu,90,90,394,0.0014142637373879552,0.001047583413310349
mlp_1x64_relu,90,90,395,0.001414297497831285,0.0010475829476490617
mlp_1x64_relu,90,90,396,0.0014144449960440397,0.001047223573550582
mlp_1x64_relu,90,90,397,0.0014145071618258953,0.0010474672308191657
mlp_1x64_relu,90,90,398,0.0014143972657620907,0.0010474642040207982
mlp_1x64_relu,90,90,399,0.0014145898167043924,0.0010477977339178324
mlp_1x64_relu,90,90,400,0.0014142245054244995,0.0010450880508869886
mlp_1x64_relu,90,90,401,0.001414450933225453,0.0010480218334123492
mlp_1x64_relu,90,90,402,0.0014145298628136516,0.001047289464622736
mlp_1x64_relu,90,90,403,0.0014145313762128353,0.0010474494192749262
mlp_1x64_relu,90,90,404,0.0014145651366561651,0.001046954421326518
mlp_1x64_relu,90,90,405,0.0014146353350952268,0.0010476106544956565
mlp_1x64_relu,90,90,406,0.0014143051812425256,0.0010472509311512113
mlp_1x64_relu,90,90,407,0.001414620433934033,0.0010469760745763779
mlp_1x64_relu,90,90,408,0.001413997495546937,0.0010485565289855003
mlp_1x64_relu,90,90,409,0.0014148429036140442,0.0010476558236405253
mlp_1x64_relu,90,90,410,0.0014146472094580531,0.0010464184451848269
mlp_1x64_relu,90,90,411,0.0014144476735964417,0.0010461927158758044
mlp_1x64_relu,90,90,412,0.001414599595591426,0.0010469297412782907
mlp_1x64_relu,90,90,413,0.0014146370813250542,0.0010480106575414538
mlp_1x64_relu,90,90,414,0.0014147334732115269,0.0010478754993528128
mlp_1x64_relu,90,90,415,0.0014145761961117387,0.001047429977916181
mlp_1x64_relu,90,90,416,0.0014144519809633493,0.001048008562065661
mlp_1x64_relu,90,90,417,0.0014147351030260324,0.0010475069284439087
mlp_1x64_relu,90,90,418,0.0014142784057185054,0.0010472561698406935
mlp_1x64_relu,90,90,419,0.0014142169384285808,0.001046553603373468
mlp_1x64_relu,90,90,420,0.0014145912136882544,0.0010466402163729072
mlp_1x64_relu,90,90,421,0.0014140557032078505,0.0010459203040227294
mlp_1x64_relu,90,90,422,0.0014142547734081745,0.0010479583870619535
mlp_1x64_relu,90,90,423,0.001414746162481606,0.0010479550110176206
mlp_1x64_relu,90,90,424,0.0014143659500405192,0.0010479610646143556
mlp_1x64_relu,90,90,425,0.0014147120527923107,0.0010473892325535417
mlp_1x64_relu,90,90,426,0.0014143075095489621,0.0010472562862560153
mlp_1x64_relu,90,90,427,0.001414478407241404,0.0010474780574440956
mlp_1x64_relu,90,90,428,0.0014145151944831014,0.0010476682800799608
mlp_1x64_relu,90,90,429,0.00141489552333951,0.0010470072738826275
mlp_1x64_relu,90,90,430,0.0014146672328934073,0.0010468821274116635
mlp_1x64_relu,90,90,431,0.0014143679291009903,0.0010468303225934505
mlp_1x64_relu,90,90,432,0.0014142568688839674,0.0010475906310603023
mlp_1x64_relu,90,90,433,0.0014147482579573989,0.0010474184527993202
mlp_1x64_relu,90,90,434,0.0014147887704893947,0.0010481961071491241
mlp_1x64_relu,90,90,435,0.001414899481460452,0.0010468235705047846
mlp_1x64_relu,90,90,436,0.0014143353328108788,0.001048120204359293
mlp_1x64_relu,90,90,437,0.001414670143276453,0.001046951045282185
mlp_1x64_relu,90,90,438,0.001414273981936276,0.001046814606525004
mlp_1x64_relu,90,90,439,0.0014145803870633245,0.0010479037882760167
mlp_1x64_relu,90,90,440,0.0014141722349449992,0.001048037433065474
mlp_1x64_relu,90,90,441,0.001414664788171649,0.0010473557049408555
mlp_1x64_relu,90,90,442,0.0014144029701128602,0.001047026482410729
mlp_1x64_relu,90,90,443,0.001414498663507402,0.001047737430781126
mlp_1x64_relu,90,90,444,0.0014146574540063739,0.0010473119327798486
mlp_1x64_relu,90,90,445,0.0014143182197585702,0.0010471916757524014
mlp_1x64_relu,90,90,446,0.0014141392894089222,0.0010483922669664025
mlp_1x64_relu,90,90,447,0.0014147693291306496,0.001048022648319602
mlp_1x64_relu,90,90,448,0.0014146652538329363,0.0010475174058228731
mlp_1x64_relu,90,90,449,0.0014143901644274592,0.0010483023943379521
mlp_1x64_relu,90,90,450,0.0014146290486678481,0.0010474930750206113
mlp_1x64_relu,90,90,451,0.0014141766587272286,0.0010474061127752066
mlp_1x64_relu,90,90,452,0.001414395635947585,0.0010466281091794372
mlp_1x64_relu,90,90,453,0.0014140877174213529,0.0010466794483363628
mlp_1x64_relu,90,90,454,0.0014142628060653806,0.0010472192661836743
mlp_1x64_relu,90,90,455,0.0014146126341074705,0.0010471231071278453
mlp_1x64_relu,90,90,456,0.001414634520187974,0.0010469552362337708
mlp_1x64_relu,90,90,457,0.0014146825997158885,0.0010480864439159632
mlp_1x64_relu,90,90,458,0.001414826838299632,0.0010478371987119317
mlp_1x64_relu,90,90,459,0.0014143186854198575,0.0010472965659573674
mlp_1x64_relu,90,90,460,0.0014143025036901236,0.0010480853961780667
mlp_1x64_relu,90,90,461,0.001414950704202056,0.0010471490677446127
mlp_1x64_relu,90,90,462,0.0014146339381113648,0.0010472717694938183
mlp_1x64_relu,90,90,463,0.0014143150765448809,0.0010468423133715987
mlp_1x64_relu,90,90,464,0.001414292142726481,0.0010458341566845775
mlp_1x64_relu,90,90,465,0.0014141788706183434,0.0010479858610779047
mlp_1x64_relu,90,90,466,0.0014145605964586139,0.0010473261354491115
mlp_1x64_relu,90,90,467,0.0014147203182801604,0.001046784920617938
mlp_1x64_relu,90,90,468,0.001414547092281282,0.0010469264816492796
mlp_1x64_relu,90,90,469,0.001414771773852408,0.0010474445298314095
mlp_1x64_relu,90,90,470,0.0014142468571662903,0.001046441844664514
mlp_1x64_relu,90,90,471,0.0014145758468657732,0.0010471459245309234
mlp_1x64_relu,90,90,472,0.0014145980821922421,0.0010468607069924474
mlp_1x64_relu,90,90,473,0.0014146718895062804,0.0010467368410900235
mlp_1x64_relu,90,90,474,0.0014140944695100188,0.001046714372932911
mlp_1x64_relu,90,90,475,0.0014142580330371857,0.0010465469677001238
mlp_1x64_relu,90,90,476,0.001414576661773026,0.0010473086731508374
mlp_1x64_relu,90,90,477,0.0014146969188004732,0.001046523917466402
mlp_1x64_relu,90,90,478,0.0014145153108984232,0.001047834986820817
mlp_1x64_relu,90,90,479,0.001414709142409265,0.0010477094911038876
mlp_1x64_relu,90,90,480,0.0014146323082968593,0.0010471451096236706
mlp_1x64_relu,90,90,481,0.0014144864398986101,0.0010476702591404319
mlp_1x64_relu,90,90,482,0.0014146611792966723,0.0010472402209416032
mlp_1x64_relu,90,90,483,0.0014143332373350859,0.001046968623995781
mlp_1x64_relu,90,90,484,0.0014145724708214402,0.0010471086716279387
mlp_1x64_relu,90,90,485,0.001414326368831098,0.0010469198459759355
mlp_1x64_relu,90,90,486,0.0014142406871542335,0.0010476098395884037
mlp_1x64_relu,90,90,487,0.0014144758461043239,0.0010472465073689818
mlp_1x64_relu,90,90,488,0.0014142693253234029,0.0010471738642081618
mlp_1x64_relu,90,90,489,0.0014146135654300451,0.0010482283541932702
mlp_1x64_relu,90,90,490,0.0014144660672172904,0.001047412515617907
mlp_1x64_relu,90,90,491,0.0014144559390842915,0.0010485895909368992
mlp_1x64_relu,90,90,492,0.0014143922599032521,0.001047467696480453
mlp_1x64_relu,90,90,493,0.0014147183392196894,0.0010476189199835062
mlp_1x64_relu,90,90,494,0.001414787140674889,0.0010474702576175332
mlp_1x64_relu,90,90,495,0.0014146501198410988,0.0010476427851244807
mlp_1x64_relu,90,90,496,0.0014145204331725836,0.001046986784785986
mlp_1x64_relu,90,90,497,0.001414444763213396,0.0010465492960065603
mlp_1x64_relu,90,90,498,0.0014147686306387186,0.001048013917170465
mlp_1x64_relu,90,90,499,0.0014147402253001928,0.0010477439500391483
mlp_1x64_relu,90,90,500,0.0014144672313705087,0.001047166995704174
