model_name,input_window,output_window,epoch,loss,val_loss
mlp_3x128_gelu_dropout_l2,5,1,1,0.10127119719982147,0.04775012657046318
mlp_3x128_gelu_dropout_l2,5,1,2,0.050219956785440445,0.03770081326365471
mlp_3x128_gelu_dropout_l2,5,1,3,0.04061323031783104,0.03296959400177002
mlp_3x128_gelu_dropout_l2,5,1,4,0.03531048074364662,0.029298897832632065
mlp_3x128_gelu_dropout_l2,5,1,5,0.031453024595975876,0.026192644611001015
mlp_3x128_gelu_dropout_l2,5,1,6,0.02821352146565914,0.02351219207048416
mlp_3x128_gelu_dropout_l2,5,1,7,0.025429613888263702,0.0210813470184803
mlp_3x128_gelu_dropout_l2,5,1,8,0.023084087297320366,0.019021231681108475
mlp_3x128_gelu_dropout_l2,5,1,9,0.02110290713608265,0.017273416742682457
mlp_3x128_gelu_dropout_l2,5,1,10,0.019423596560955048,0.015800852328538895
mlp_3x128_gelu_dropout_l2,5,1,11,0.0180229339748621,0.014544544741511345
mlp_3x128_gelu_dropout_l2,5,1,12,0.016862479969859123,0.013525278307497501
mlp_3x128_gelu_dropout_l2,5,1,13,0.015911713242530823,0.01266644150018692
mlp_3x128_gelu_dropout_l2,5,1,14,0.015129824168980122,0.011968855746090412
mlp_3x128_gelu_dropout_l2,5,1,15,0.014493509195744991,0.011398917064070702
mlp_3x128_gelu_dropout_l2,5,1,16,0.013975021429359913,0.01093797106295824
mlp_3x128_gelu_dropout_l2,5,1,17,0.013555310666561127,0.010558207519352436
mlp_3x128_gelu_dropout_l2,5,1,18,0.013218894600868225,0.010253787972033024
mlp_3x128_gelu_dropout_l2,5,1,19,0.012947813607752323,0.010011600330471992
mlp_3x128_gelu_dropout_l2,5,1,20,0.01273066271096468,0.009818785823881626
mlp_3x128_gelu_dropout_l2,5,1,21,0.012559039518237114,0.009658744558691978
mlp_3x128_gelu_dropout_l2,5,1,22,0.012420996092259884,0.009531336836516857
mlp_3x128_gelu_dropout_l2,5,1,23,0.0123068206012249,0.009433078579604626
mlp_3x128_gelu_dropout_l2,5,1,24,0.012222958728671074,0.00935964472591877
mlp_3x128_gelu_dropout_l2,5,1,25,0.012152331881225109,0.009293271228671074
mlp_3x128_gelu_dropout_l2,5,1,26,0.012096772901713848,0.00924129132181406
mlp_3x128_gelu_dropout_l2,5,1,27,0.012048132717609406,0.009200064465403557
mlp_3x128_gelu_dropout_l2,5,1,28,0.012020019814372063,0.0091728325933218
mlp_3x128_gelu_dropout_l2,5,1,29,0.011987591162323952,0.009145358577370644
mlp_3x128_gelu_dropout_l2,5,1,30,0.01196311879903078,0.00912407971918583
mlp_3x128_gelu_dropout_l2,5,1,31,0.011942424811422825,0.009106735698878765
mlp_3x128_gelu_dropout_l2,5,1,32,0.01193844061344862,0.009093353524804115
mlp_3x128_gelu_dropout_l2,5,1,33,0.011915342882275581,0.009081616066396236
mlp_3x128_gelu_dropout_l2,5,1,34,0.011916259303689003,0.009075488895177841
mlp_3x128_gelu_dropout_l2,5,1,35,0.011906499974429607,0.009070044383406639
mlp_3x128_gelu_dropout_l2,5,1,36,0.01190144568681717,0.009065026417374611
mlp_3x128_gelu_dropout_l2,5,1,37,0.011896234005689621,0.00905862171202898
mlp_3x128_gelu_dropout_l2,5,1,38,0.011889120563864708,0.00905552227050066
mlp_3x128_gelu_dropout_l2,5,1,39,0.011888109147548676,0.009054026566445827
mlp_3x128_gelu_dropout_l2,5,1,40,0.01188198197633028,0.009047682397067547
mlp_3x128_gelu_dropout_l2,5,1,41,0.011882723309099674,0.009049820713698864
mlp_3x128_gelu_dropout_l2,5,1,42,0.011874182149767876,0.009045641869306564
mlp_3x128_gelu_dropout_l2,5,1,43,0.011876643635332584,0.009046369232237339
mlp_3x128_gelu_dropout_l2,5,1,44,0.01187759730964899,0.009042920544743538
mlp_3x128_gelu_dropout_l2,5,1,45,0.01187454629689455,0.009046686813235283
mlp_3x128_gelu_dropout_l2,5,1,46,0.011876052245497704,0.009043904021382332
mlp_3x128_gelu_dropout_l2,5,1,47,0.011872951872646809,0.009038381278514862
mlp_3x128_gelu_dropout_l2,5,1,48,0.011869985610246658,0.009040343575179577
mlp_3x128_gelu_dropout_l2,5,1,49,0.011866893619298935,0.009038344956934452
mlp_3x128_gelu_dropout_l2,5,1,50,0.011872850358486176,0.00904110074043274
mlp_3x128_gelu_dropout_l2,5,1,51,0.011874178424477577,0.00903481524437666
mlp_3x128_gelu_dropout_l2,5,1,52,0.011866893619298935,0.009037008509039879
mlp_3x128_gelu_dropout_l2,5,1,53,0.011867895722389221,0.009033690206706524
mlp_3x128_gelu_dropout_l2,5,1,54,0.01186947152018547,0.009042126126587391
mlp_3x128_gelu_dropout_l2,5,1,55,0.011866659857332706,0.009035731665790081
mlp_3x128_gelu_dropout_l2,5,1,56,0.01186803076416254,0.009036737494170666
mlp_3x128_gelu_dropout_l2,5,1,57,0.0118684908375144,0.009035390801727772
mlp_3x128_gelu_dropout_l2,5,1,58,0.011868389323353767,0.00903171394020319
mlp_3x128_gelu_dropout_l2,5,1,59,0.01186422724276781,0.00903366319835186
mlp_3x128_gelu_dropout_l2,5,1,60,0.011865957640111446,0.00903482548892498
mlp_3x128_gelu_dropout_l2,5,1,61,0.011867730878293514,0.009036894887685776
mlp_3x128_gelu_dropout_l2,5,1,62,0.01186913251876831,0.009036222472786903
mlp_3x128_gelu_dropout_l2,5,1,63,0.011864814907312393,0.00903566088527441
mlp_3x128_gelu_dropout_l2,5,1,64,0.01186937466263771,0.009035051800310612
mlp_3x128_gelu_dropout_l2,5,1,65,0.011866920627653599,0.009035591967403889
mlp_3x128_gelu_dropout_l2,5,1,66,0.011863868683576584,0.009037858806550503
mlp_3x128_gelu_dropout_l2,5,1,67,0.011865922249853611,0.00903763622045517
mlp_3x128_gelu_dropout_l2,5,1,68,0.011867419816553593,0.009038521908223629
mlp_3x128_gelu_dropout_l2,5,1,69,0.011868590489029884,0.009038420394062996
mlp_3x128_gelu_dropout_l2,5,1,70,0.011868098750710487,0.00903771910816431
mlp_3x128_gelu_dropout_l2,5,1,71,0.011866485700011253,0.009037480689585209
mlp_3x128_gelu_dropout_l2,5,1,72,0.011868809349834919,0.009035526774823666
mlp_3x128_gelu_dropout_l2,5,1,73,0.011865546926856041,0.009034855291247368
mlp_3x128_gelu_dropout_l2,5,1,74,0.011869892477989197,0.009036612696945667
mlp_3x128_gelu_dropout_l2,5,1,75,0.011868355795741081,0.0090405885130167
mlp_3x128_gelu_dropout_l2,5,1,76,0.011867459863424301,0.009039788506925106
mlp_3x128_gelu_dropout_l2,5,1,77,0.01187470555305481,0.009037051349878311
mlp_3x128_gelu_dropout_l2,5,1,78,0.011867350898683071,0.009039572440087795
mlp_3x128_gelu_dropout_l2,5,1,79,0.011871544644236565,0.009039651602506638
mlp_3x128_gelu_dropout_l2,5,1,80,0.011868701316416264,0.009039231576025486
mlp_3x128_gelu_dropout_l2,5,1,81,0.01186534482985735,0.009037907235324383
mlp_3x128_gelu_dropout_l2,5,1,82,0.011867430061101913,0.009038791060447693
mlp_3x128_gelu_dropout_l2,5,1,83,0.011863470077514648,0.009035148657858372
mlp_3x128_gelu_dropout_l2,5,1,84,0.01186474971473217,0.009036155417561531
mlp_3x128_gelu_dropout_l2,5,1,85,0.011868062429130077,0.009036936797201633
mlp_3x128_gelu_dropout_l2,5,1,86,0.011862601153552532,0.009036443196237087
mlp_3x128_gelu_dropout_l2,5,1,87,0.011867870576679707,0.009033219888806343
mlp_3x128_gelu_dropout_l2,5,1,88,0.01187027245759964,0.009039546363055706
mlp_3x128_gelu_dropout_l2,5,1,89,0.011862886138260365,0.00903852004557848
mlp_3x128_gelu_dropout_l2,5,1,90,0.011863406747579575,0.009036147966980934
mlp_3x128_gelu_dropout_l2,5,1,91,0.011864721775054932,0.009035127237439156
mlp_3x128_gelu_dropout_l2,5,1,92,0.011867138557136059,0.009032061323523521
mlp_3x128_gelu_dropout_l2,5,1,93,0.011863295920193195,0.009035295806825161
mlp_3x128_gelu_dropout_l2,5,1,94,0.011865157634019852,0.009034644812345505
mlp_3x128_gelu_dropout_l2,5,1,95,0.011865239590406418,0.009031335823237896
mlp_3x128_gelu_dropout_l2,5,1,96,0.011863562278449535,0.009037447161972523
mlp_3x128_gelu_dropout_l2,5,1,97,0.011863256804645061,0.009032182395458221
mlp_3x128_gelu_dropout_l2,5,1,98,0.011864464730024338,0.009033918380737305
mlp_3x128_gelu_dropout_l2,5,1,99,0.011863788589835167,0.009033472277224064
mlp_3x128_gelu_dropout_l2,5,1,100,0.011864149942994118,0.009036870673298836
mlp_3x128_gelu_dropout_l2,5,1,101,0.011865521781146526,0.009037340059876442
mlp_3x128_gelu_dropout_l2,5,1,102,0.01186293549835682,0.009033148176968098
mlp_3x128_gelu_dropout_l2,5,1,103,0.011865295469760895,0.009032167494297028
mlp_3x128_gelu_dropout_l2,5,1,104,0.011862782761454582,0.009032242000102997
mlp_3x128_gelu_dropout_l2,5,1,105,0.011863487772643566,0.009034883230924606
mlp_3x128_gelu_dropout_l2,5,1,106,0.011862226761877537,0.009031259454786777
mlp_3x128_gelu_dropout_l2,5,1,107,0.011868496425449848,0.00903366506099701
mlp_3x128_gelu_dropout_l2,5,1,108,0.011863892897963524,0.009036187082529068
mlp_3x128_gelu_dropout_l2,5,1,109,0.01186384167522192,0.00903689581900835
mlp_3x128_gelu_dropout_l2,5,1,110,0.011867077089846134,0.009036091156303883
mlp_3x128_gelu_dropout_l2,5,1,111,0.011866744607686996,0.009038112126290798
mlp_3x128_gelu_dropout_l2,5,1,112,0.011865369975566864,0.009035330265760422
mlp_3x128_gelu_dropout_l2,5,1,113,0.011867334134876728,0.009035001508891582
mlp_3x128_gelu_dropout_l2,5,1,114,0.011865219101309776,0.009036019444465637
mlp_3x128_gelu_dropout_l2,5,1,115,0.0118603790178895,0.009029153734445572
mlp_3x128_gelu_dropout_l2,5,1,116,0.011865184642374516,0.00903057586401701
mlp_3x128_gelu_dropout_l2,5,1,117,0.01186199951916933,0.00903280545026064
mlp_3x128_gelu_dropout_l2,5,1,118,0.011864600703120232,0.009032294154167175
mlp_3x128_gelu_dropout_l2,5,1,119,0.011861038394272327,0.009033010341227055
mlp_3x128_gelu_dropout_l2,5,1,120,0.01186610758304596,0.009033079259097576
mlp_3x128_gelu_dropout_l2,5,1,121,0.01186316553503275,0.009033693931996822
mlp_3x128_gelu_dropout_l2,5,1,122,0.01186211034655571,0.009035195223987103
mlp_3x128_gelu_dropout_l2,5,1,123,0.011863576248288155,0.009033914655447006
mlp_3x128_gelu_dropout_l2,5,1,124,0.011863991618156433,0.009033828042447567
mlp_3x128_gelu_dropout_l2,5,1,125,0.011860563419759274,0.009034578688442707
mlp_3x128_gelu_dropout_l2,5,1,126,0.011864450760185719,0.009034094400703907
mlp_3x128_gelu_dropout_l2,5,1,127,0.011864526197314262,0.009036906063556671
mlp_3x128_gelu_dropout_l2,5,1,128,0.011863281019032001,0.009031785652041435
mlp_3x128_gelu_dropout_l2,5,1,129,0.011861961334943771,0.009030131623148918
mlp_3x128_gelu_dropout_l2,5,1,130,0.01186155155301094,0.009031844325363636
mlp_3x128_gelu_dropout_l2,5,1,131,0.011864122934639454,0.009033274836838245
mlp_3x128_gelu_dropout_l2,5,1,132,0.011860945262014866,0.009032163769006729
mlp_3x128_gelu_dropout_l2,5,1,133,0.011862174607813358,0.009034459479153156
mlp_3x128_gelu_dropout_l2,5,1,134,0.011864937841892242,0.009038625285029411
mlp_3x128_gelu_dropout_l2,5,1,135,0.011864122934639454,0.009033975191414356
mlp_3x128_gelu_dropout_l2,5,1,136,0.011862617917358875,0.009032725356519222
mlp_3x128_gelu_dropout_l2,5,1,137,0.01186049822717905,0.009032095782458782
mlp_3x128_gelu_dropout_l2,5,1,138,0.011860034428536892,0.009031618013978004
mlp_3x128_gelu_dropout_l2,5,1,139,0.011861761100590229,0.009030885994434357
mlp_3x128_gelu_dropout_l2,5,1,140,0.011864816769957542,0.009032097645103931
mlp_3x128_gelu_dropout_l2,5,1,141,0.011863511055707932,0.00903249904513359
mlp_3x128_gelu_dropout_l2,5,1,142,0.011859755963087082,0.009030344896018505
mlp_3x128_gelu_dropout_l2,5,1,143,0.011859757825732231,0.009034808725118637
mlp_3x128_gelu_dropout_l2,5,1,144,0.011860971339046955,0.009032928384840488
mlp_3x128_gelu_dropout_l2,5,1,145,0.011858627200126648,0.009034931659698486
mlp_3x128_gelu_dropout_l2,5,1,146,0.011860261671245098,0.009032852947711945
mlp_3x128_gelu_dropout_l2,5,1,147,0.011860273778438568,0.009034108370542526
mlp_3x128_gelu_dropout_l2,5,1,148,0.011862963438034058,0.009033489972352982
mlp_3x128_gelu_dropout_l2,5,1,149,0.011860804632306099,0.009032788686454296
mlp_3x128_gelu_dropout_l2,5,1,150,0.011860476806759834,0.009034967049956322
mlp_3x128_gelu_dropout_l2,5,1,151,0.01186129916459322,0.009030668064951897
mlp_3x128_gelu_dropout_l2,5,1,152,0.011861600913107395,0.009030143730342388
mlp_3x128_gelu_dropout_l2,5,1,153,0.0118611641228199,0.009029017761349678
mlp_3x128_gelu_dropout_l2,5,1,154,0.011859861202538013,0.009030629880726337
mlp_3x128_gelu_dropout_l2,5,1,155,0.011862591840326786,0.009032861329615116
mlp_3x128_gelu_dropout_l2,5,1,156,0.011864821426570415,0.00903030764311552
mlp_3x128_gelu_dropout_l2,5,1,157,0.011862906627357006,0.009034870192408562
mlp_3x128_gelu_dropout_l2,5,1,158,0.011860614642500877,0.009033755399286747
mlp_3x128_gelu_dropout_l2,5,1,159,0.011860529892146587,0.00902986153960228
mlp_3x128_gelu_dropout_l2,5,1,160,0.011865193955600262,0.009033131413161755
mlp_3x128_gelu_dropout_l2,5,1,161,0.011858849786221981,0.009032415226101875
mlp_3x128_gelu_dropout_l2,5,1,162,0.011863225139677525,0.009032482281327248
mlp_3x128_gelu_dropout_l2,5,1,163,0.011858968064188957,0.009029967710375786
mlp_3x128_gelu_dropout_l2,5,1,164,0.01186430361121893,0.009027407504618168
mlp_3x128_gelu_dropout_l2,5,1,165,0.0118617694824934,0.00902435090392828
mlp_3x128_gelu_dropout_l2,5,1,166,0.011861375533044338,0.009026159532368183
mlp_3x128_gelu_dropout_l2,5,1,167,0.011860761791467667,0.009028613567352295
mlp_3x128_gelu_dropout_l2,5,1,168,0.011859877035021782,0.009030296467244625
mlp_3x128_gelu_dropout_l2,5,1,169,0.011856684461236,0.009028974920511246
mlp_3x128_gelu_dropout_l2,5,1,170,0.011858757585287094,0.009031830355525017
mlp_3x128_gelu_dropout_l2,5,1,171,0.011860588565468788,0.009031190536916256
mlp_3x128_gelu_dropout_l2,5,1,172,0.011861029081046581,0.009029530920088291
mlp_3x128_gelu_dropout_l2,5,1,173,0.011860672384500504,0.009032676927745342
mlp_3x128_gelu_dropout_l2,5,1,174,0.011858359910547733,0.00902760773897171
mlp_3x128_gelu_dropout_l2,5,1,175,0.011859758757054806,0.009027963504195213
mlp_3x128_gelu_dropout_l2,5,1,176,0.011860511265695095,0.009030393324792385
mlp_3x128_gelu_dropout_l2,5,1,177,0.011858291923999786,0.009029769338667393
mlp_3x128_gelu_dropout_l2,5,1,178,0.011859697289764881,0.009030207060277462
mlp_3x128_gelu_dropout_l2,5,1,179,0.011858083307743073,0.009028312750160694
mlp_3x128_gelu_dropout_l2,5,1,180,0.01185652706772089,0.009027685038745403
mlp_3x128_gelu_dropout_l2,5,1,181,0.011859106831252575,0.00902999471873045
mlp_3x128_gelu_dropout_l2,5,1,182,0.011861621402204037,0.009029691107571125
mlp_3x128_gelu_dropout_l2,5,1,183,0.011863324791193008,0.00903000682592392
mlp_3x128_gelu_dropout_l2,5,1,184,0.01185973547399044,0.009028407745063305
mlp_3x128_gelu_dropout_l2,5,1,185,0.011859369464218616,0.00902868527919054
mlp_3x128_gelu_dropout_l2,5,1,186,0.011855505406856537,0.009029604494571686
mlp_3x128_gelu_dropout_l2,5,1,187,0.011859266087412834,0.009025602601468563
mlp_3x128_gelu_dropout_l2,5,1,188,0.011858492158353329,0.009028471074998379
mlp_3x128_gelu_dropout_l2,5,1,189,0.011855562217533588,0.00902723241597414
mlp_3x128_gelu_dropout_l2,5,1,190,0.011859987862408161,0.009028301574289799
mlp_3x128_gelu_dropout_l2,5,1,191,0.011858812533318996,0.009023747406899929
mlp_3x128_gelu_dropout_l2,5,1,192,0.011858229525387287,0.009027289226651192
mlp_3x128_gelu_dropout_l2,5,1,193,0.01185553427785635,0.009024194441735744
mlp_3x128_gelu_dropout_l2,5,1,194,0.011855914257466793,0.009030426852405071
mlp_3x128_gelu_dropout_l2,5,1,195,0.01186009868979454,0.009026076644659042
mlp_3x128_gelu_dropout_l2,5,1,196,0.011854104697704315,0.00902857817709446
mlp_3x128_gelu_dropout_l2,5,1,197,0.01185516081750393,0.009030462242662907
mlp_3x128_gelu_dropout_l2,5,1,198,0.011858314275741577,0.009026150219142437
mlp_3x128_gelu_dropout_l2,5,1,199,0.011858654208481312,0.009027005173265934
mlp_3x128_gelu_dropout_l2,5,1,200,0.011856507509946823,0.00902874767780304
mlp_3x128_gelu_dropout_l2,5,1,201,0.011860210448503494,0.009025408886373043
mlp_3x128_gelu_dropout_l2,5,1,202,0.011857599020004272,0.009025259874761105
mlp_3x128_gelu_dropout_l2,5,1,203,0.011861308477818966,0.009024863131344318
mlp_3x128_gelu_dropout_l2,5,1,204,0.01185896061360836,0.009026089683175087
mlp_3x128_gelu_dropout_l2,5,1,205,0.011860169470310211,0.009023728780448437
mlp_3x128_gelu_dropout_l2,5,1,206,0.011856581084430218,0.009026574902236462
mlp_3x128_gelu_dropout_l2,5,1,207,0.011860380880534649,0.00902589876204729
mlp_3x128_gelu_dropout_l2,5,1,208,0.011857169680297375,0.0090259974822402
mlp_3x128_gelu_dropout_l2,5,1,209,0.011856143362820148,0.009025435894727707
mlp_3x128_gelu_dropout_l2,5,1,210,0.011853677220642567,0.00902820285409689
mlp_3x128_gelu_dropout_l2,5,1,211,0.011859597638249397,0.009025436826050282
mlp_3x128_gelu_dropout_l2,5,1,212,0.01185822207480669,0.009028207510709763
mlp_3x128_gelu_dropout_l2,5,1,213,0.011858760379254818,0.009025461040437222
mlp_3x128_gelu_dropout_l2,5,1,214,0.011856856755912304,0.009026799350976944
mlp_3x128_gelu_dropout_l2,5,1,215,0.011855430901050568,0.009027829393744469
mlp_3x128_gelu_dropout_l2,5,1,216,0.011859385296702385,0.009021726436913013
mlp_3x128_gelu_dropout_l2,5,1,217,0.01185684371739626,0.009028751403093338
mlp_3x128_gelu_dropout_l2,5,1,218,0.011855365708470345,0.00902676209807396
mlp_3x128_gelu_dropout_l2,5,1,219,0.011860711500048637,0.009026811458170414
mlp_3x128_gelu_dropout_l2,5,1,220,0.011857612989842892,0.009025952778756618
mlp_3x128_gelu_dropout_l2,5,1,221,0.011854581534862518,0.009024892933666706
mlp_3x128_gelu_dropout_l2,5,1,222,0.011857099831104279,0.009025785140693188
mlp_3x128_gelu_dropout_l2,5,1,223,0.011857949197292328,0.009025242179632187
mlp_3x128_gelu_dropout_l2,5,1,224,0.011858317069709301,0.009023712016642094
mlp_3x128_gelu_dropout_l2,5,1,225,0.011859359219670296,0.009028398431837559
mlp_3x128_gelu_dropout_l2,5,1,226,0.01185824815183878,0.009026612155139446
mlp_3x128_gelu_dropout_l2,5,1,227,0.011859358288347721,0.009028561413288116
mlp_3x128_gelu_dropout_l2,5,1,228,0.011857908219099045,0.00902631040662527
mlp_3x128_gelu_dropout_l2,5,1,229,0.011856929399073124,0.009024678729474545
mlp_3x128_gelu_dropout_l2,5,1,230,0.011857414618134499,0.009026908315718174
mlp_3x128_gelu_dropout_l2,5,1,231,0.011860043741762638,0.009028006345033646
mlp_3x128_gelu_dropout_l2,5,1,232,0.011857124045491219,0.009027770720422268
mlp_3x128_gelu_dropout_l2,5,1,233,0.011855977587401867,0.009027679450809956
mlp_3x128_gelu_dropout_l2,5,1,234,0.011858253739774227,0.009027686901390553
mlp_3x128_gelu_dropout_l2,5,1,235,0.011859702877700329,0.00902591459453106
mlp_3x128_gelu_dropout_l2,5,1,236,0.01185858529061079,0.009028205648064613
mlp_3x128_gelu_dropout_l2,5,1,237,0.011857029981911182,0.00902598723769188
mlp_3x128_gelu_dropout_l2,5,1,238,0.011857293546199799,0.009028183296322823
mlp_3x128_gelu_dropout_l2,5,1,239,0.011857738718390465,0.009027297608554363
mlp_3x128_gelu_dropout_l2,5,1,240,0.011860045604407787,0.009025673381984234
mlp_3x128_gelu_dropout_l2,5,1,241,0.011858598329126835,0.009028150700032711
mlp_3x128_gelu_dropout_l2,5,1,242,0.011857078410685062,0.009027000516653061
mlp_3x128_gelu_dropout_l2,5,1,243,0.011858641169965267,0.009026093408465385
mlp_3x128_gelu_dropout_l2,5,1,244,0.011859689839184284,0.009029434993863106
mlp_3x128_gelu_dropout_l2,5,1,245,0.0118595315143466,0.009026668034493923
mlp_3x128_gelu_dropout_l2,5,1,246,0.011858434416353703,0.009027373977005482
mlp_3x128_gelu_dropout_l2,5,1,247,0.01185880322009325,0.009029008448123932
mlp_3x128_gelu_dropout_l2,5,1,248,0.01185646653175354,0.009027687832713127
mlp_3x128_gelu_dropout_l2,5,1,249,0.011857270263135433,0.009027247317135334
mlp_3x128_gelu_dropout_l2,5,1,250,0.011859764344990253,0.00903064850717783
mlp_3x128_gelu_dropout_l2,5,1,251,0.01185542717576027,0.009027923457324505
mlp_3x128_gelu_dropout_l2,5,1,252,0.01186064537614584,0.009028427302837372
mlp_3x128_gelu_dropout_l2,5,1,253,0.011862147599458694,0.009030395187437534
mlp_3x128_gelu_dropout_l2,5,1,254,0.011855215765535831,0.009028046391904354
mlp_3x128_gelu_dropout_l2,5,1,255,0.011860978789627552,0.009029638953506947
mlp_3x128_gelu_dropout_l2,5,1,256,0.011858120560646057,0.009028255008161068
mlp_3x128_gelu_dropout_l2,5,1,257,0.011859068647027016,0.009026825428009033
mlp_3x128_gelu_dropout_l2,5,1,258,0.011859964579343796,0.009028616361320019
mlp_3x128_gelu_dropout_l2,5,1,259,0.011857783421874046,0.009027855470776558
mlp_3x128_gelu_dropout_l2,5,1,260,0.011857349425554276,0.009028270840644836
mlp_3x128_gelu_dropout_l2,5,1,261,0.011856820434331894,0.009027538821101189
mlp_3x128_gelu_dropout_l2,5,1,262,0.011856059543788433,0.009027860127389431
mlp_3x128_gelu_dropout_l2,5,1,263,0.011857865378260612,0.009028359316289425
mlp_3x128_gelu_dropout_l2,5,1,264,0.011858975514769554,0.009030514396727085
mlp_3x128_gelu_dropout_l2,5,1,265,0.011860470287501812,0.009029865264892578
mlp_3x128_gelu_dropout_l2,5,1,266,0.011855943128466606,0.009029964916408062
mlp_3x128_gelu_dropout_l2,5,1,267,0.011860682629048824,0.009028704836964607
mlp_3x128_gelu_dropout_l2,5,1,268,0.011858165264129639,0.009031231515109539
mlp_3x128_gelu_dropout_l2,5,1,269,0.011859484948217869,0.009026185609400272
mlp_3x128_gelu_dropout_l2,5,1,270,0.011859409511089325,0.00903129018843174
mlp_3x128_gelu_dropout_l2,5,1,271,0.011860080994665623,0.009030142799019814
mlp_3x128_gelu_dropout_l2,5,1,272,0.011861409991979599,0.009030690416693687
mlp_3x128_gelu_dropout_l2,5,1,273,0.011856778524816036,0.00902733113616705
mlp_3x128_gelu_dropout_l2,5,1,274,0.011858001351356506,0.009028409607708454
mlp_3x128_gelu_dropout_l2,5,1,275,0.011857600882649422,0.009027003310620785
mlp_3x128_gelu_dropout_l2,5,1,276,0.011859551072120667,0.00902927853167057
mlp_3x128_gelu_dropout_l2,5,1,277,0.0118595315143466,0.009031149558722973
mlp_3x128_gelu_dropout_l2,5,1,278,0.011858220212161541,0.009027755819261074
mlp_3x128_gelu_dropout_l2,5,1,279,0.011858098208904266,0.009027555584907532
mlp_3x128_gelu_dropout_l2,5,1,280,0.01185683999210596,0.009027644991874695
mlp_3x128_gelu_dropout_l2,5,1,281,0.011861336417496204,0.009030632674694061
mlp_3x128_gelu_dropout_l2,5,1,282,0.011859167367219925,0.009029591456055641
mlp_3x128_gelu_dropout_l2,5,1,283,0.011858848854899406,0.009029879234731197
mlp_3x128_gelu_dropout_l2,5,1,284,0.01185611542314291,0.009028276428580284
mlp_3x128_gelu_dropout_l2,5,1,285,0.011859044432640076,0.009029519744217396
mlp_3x128_gelu_dropout_l2,5,1,286,0.011857924982905388,0.009027736261487007
mlp_3x128_gelu_dropout_l2,5,1,287,0.011857685633003712,0.009030288085341454
mlp_3x128_gelu_dropout_l2,5,1,288,0.011857735924422741,0.009029142558574677
mlp_3x128_gelu_dropout_l2,5,1,289,0.011860514990985394,0.009030000306665897
mlp_3x128_gelu_dropout_l2,5,1,290,0.011859762482345104,0.00902805756777525
mlp_3x128_gelu_dropout_l2,5,1,291,0.011857707984745502,0.009031776338815689
mlp_3x128_gelu_dropout_l2,5,1,292,0.011855942197144032,0.009027191437780857
mlp_3x128_gelu_dropout_l2,5,1,293,0.011859457939863205,0.00902862660586834
mlp_3x128_gelu_dropout_l2,5,1,294,0.011859226040542126,0.009029537439346313
mlp_3x128_gelu_dropout_l2,5,1,295,0.011860005557537079,0.009027864784002304
mlp_3x128_gelu_dropout_l2,5,1,296,0.011857912875711918,0.009027370251715183
mlp_3x128_gelu_dropout_l2,5,1,297,0.011859030462801456,0.009029004722833633
mlp_3x128_gelu_dropout_l2,5,1,298,0.011859397403895855,0.009028345346450806
mlp_3x128_gelu_dropout_l2,5,1,299,0.011858341284096241,0.009030189365148544
mlp_3x128_gelu_dropout_l2,5,1,300,0.011859163641929626,0.009029596112668514
mlp_3x128_gelu_dropout_l2,5,1,301,0.01185894850641489,0.009031173773109913
mlp_3x128_gelu_dropout_l2,5,1,302,0.011859476566314697,0.009028359316289425
mlp_3x128_gelu_dropout_l2,5,1,303,0.011861943639814854,0.009033908136188984
mlp_3x128_gelu_dropout_l2,5,1,304,0.011860272847115993,0.0090286610648036
mlp_3x128_gelu_dropout_l2,5,1,305,0.011859106831252575,0.009030630812048912
mlp_3x128_gelu_dropout_l2,5,1,306,0.011860884726047516,0.00902694370597601
mlp_3x128_gelu_dropout_l2,5,1,307,0.01185490284115076,0.009029406122863293
mlp_3x128_gelu_dropout_l2,5,1,308,0.011858468875288963,0.009029479697346687
mlp_3x128_gelu_dropout_l2,5,1,309,0.011858713813126087,0.009029887616634369
mlp_3x128_gelu_dropout_l2,5,1,310,0.011860594153404236,0.009027787484228611
mlp_3x128_gelu_dropout_l2,5,1,311,0.01185515895485878,0.009028489701449871
mlp_3x128_gelu_dropout_l2,5,1,312,0.011860220693051815,0.009031563065946102
mlp_3x128_gelu_dropout_l2,5,1,313,0.011859012767672539,0.009030763059854507
mlp_3x128_gelu_dropout_l2,5,1,314,0.011857384815812111,0.009032604284584522
mlp_3x128_gelu_dropout_l2,5,1,315,0.011858301237225533,0.009028952568769455
mlp_3x128_gelu_dropout_l2,5,1,316,0.011857458390295506,0.009029206819832325
mlp_3x128_gelu_dropout_l2,5,1,317,0.011858141981065273,0.009029780514538288
mlp_3x128_gelu_dropout_l2,5,1,318,0.011856881901621819,0.009033998474478722
mlp_3x128_gelu_dropout_l2,5,1,319,0.011858776211738586,0.009029041975736618
mlp_3x128_gelu_dropout_l2,5,1,320,0.011858398094773293,0.009034263901412487
mlp_3x128_gelu_dropout_l2,5,1,321,0.01186004001647234,0.009029251523315907
mlp_3x128_gelu_dropout_l2,5,1,322,0.01185579877346754,0.00903136283159256
mlp_3x128_gelu_dropout_l2,5,1,323,0.011857123114168644,0.009031721390783787
mlp_3x128_gelu_dropout_l2,5,1,324,0.011857865378260612,0.009031309746205807
mlp_3x128_gelu_dropout_l2,5,1,325,0.011858463287353516,0.009031303226947784
mlp_3x128_gelu_dropout_l2,5,1,326,0.0118569852784276,0.009031088091433048
mlp_3x128_gelu_dropout_l2,5,1,327,0.011860535480082035,0.009030565619468689
mlp_3x128_gelu_dropout_l2,5,1,328,0.011859728023409843,0.009031964465975761
mlp_3x128_gelu_dropout_l2,5,1,329,0.011857682839035988,0.009031562134623528
mlp_3x128_gelu_dropout_l2,5,1,330,0.01186217088252306,0.009032918140292168
mlp_3x128_gelu_dropout_l2,5,1,331,0.011857397854328156,0.00903130043298006
mlp_3x128_gelu_dropout_l2,5,1,332,0.011858802288770676,0.009032461792230606
mlp_3x128_gelu_dropout_l2,5,1,333,0.011856937780976295,0.00903002917766571
mlp_3x128_gelu_dropout_l2,5,1,334,0.011859762482345104,0.009033937007188797
mlp_3x128_gelu_dropout_l2,5,1,335,0.011859618127346039,0.009031081572175026
mlp_3x128_gelu_dropout_l2,5,1,336,0.011859334073960781,0.009029830805957317
mlp_3x128_gelu_dropout_l2,5,1,337,0.011855846270918846,0.009029422886669636
mlp_3x128_gelu_dropout_l2,5,1,338,0.011859267018735409,0.009029659442603588
mlp_3x128_gelu_dropout_l2,5,1,339,0.011858467943966389,0.009029730223119259
mlp_3x128_gelu_dropout_l2,5,1,340,0.011857563629746437,0.009029973298311234
mlp_3x128_gelu_dropout_l2,5,1,341,0.011857534758746624,0.009030294604599476
mlp_3x128_gelu_dropout_l2,5,1,342,0.01185770332813263,0.009029130451381207
mlp_3x128_gelu_dropout_l2,5,1,343,0.011857029050588608,0.009029003791511059
mlp_3x128_gelu_dropout_l2,5,1,344,0.011859479360282421,0.009028640575706959
mlp_3x128_gelu_dropout_l2,5,1,345,0.011858713813126087,0.009029791690409184
mlp_3x128_gelu_dropout_l2,5,1,346,0.011857167817652225,0.009030569344758987
mlp_3x128_gelu_dropout_l2,5,1,347,0.011862182058393955,0.009027954190969467
mlp_3x128_gelu_dropout_l2,5,1,348,0.011856677941977978,0.009034939110279083
mlp_3x128_gelu_dropout_l2,5,1,349,0.011855840682983398,0.0090298717841506
mlp_3x128_gelu_dropout_l2,5,1,350,0.011862018145620823,0.009032107889652252
mlp_3x128_gelu_dropout_l2,5,1,351,0.01186014711856842,0.009030701592564583
mlp_3x128_gelu_dropout_l2,5,1,352,0.011862162500619888,0.009031473658978939
mlp_3x128_gelu_dropout_l2,5,1,353,0.011858507990837097,0.009032662026584148
mlp_3x128_gelu_dropout_l2,5,1,354,0.011857845820486546,0.00903220847249031
mlp_3x128_gelu_dropout_l2,5,1,355,0.01185654941946268,0.009030060842633247
mlp_3x128_gelu_dropout_l2,5,1,356,0.011856562457978725,0.00903060007840395
mlp_3x128_gelu_dropout_l2,5,1,357,0.011857894249260426,0.009032082743942738
mlp_3x128_gelu_dropout_l2,5,1,358,0.011859016492962837,0.009030615910887718
mlp_3x128_gelu_dropout_l2,5,1,359,0.011855483055114746,0.009031010791659355
mlp_3x128_gelu_dropout_l2,5,1,360,0.011857526376843452,0.009028716944158077
mlp_3x128_gelu_dropout_l2,5,1,361,0.011859227903187275,0.009032371453940868
mlp_3x128_gelu_dropout_l2,5,1,362,0.011859792284667492,0.009030085988342762
mlp_3x128_gelu_dropout_l2,5,1,363,0.011862274259328842,0.009029079228639603
mlp_3x128_gelu_dropout_l2,5,1,364,0.011857585050165653,0.00903231929987669
mlp_3x128_gelu_dropout_l2,5,1,365,0.011860297061502934,0.009032205678522587
mlp_3x128_gelu_dropout_l2,5,1,366,0.011858995072543621,0.009035065770149231
mlp_3x128_gelu_dropout_l2,5,1,367,0.01185808889567852,0.009028822183609009
mlp_3x128_gelu_dropout_l2,5,1,368,0.011854498647153378,0.009031039662659168
mlp_3x128_gelu_dropout_l2,5,1,369,0.011860033497214317,0.009032190777361393
mlp_3x128_gelu_dropout_l2,5,1,370,0.011860604397952557,0.009034545160830021
mlp_3x128_gelu_dropout_l2,5,1,371,0.011858765035867691,0.00903282780200243
mlp_3x128_gelu_dropout_l2,5,1,372,0.011856084689497948,0.009031683206558228
mlp_3x128_gelu_dropout_l2,5,1,373,0.011857430450618267,0.009031716734170914
mlp_3x128_gelu_dropout_l2,5,1,374,0.011856983415782452,0.009030401706695557
mlp_3x128_gelu_dropout_l2,5,1,375,0.01186015922576189,0.009030760265886784
mlp_3x128_gelu_dropout_l2,5,1,376,0.01186186820268631,0.009032339788973331
mlp_3x128_gelu_dropout_l2,5,1,377,0.011857138946652412,0.009031588211655617
mlp_3x128_gelu_dropout_l2,5,1,378,0.011857090517878532,0.009030121378600597
mlp_3x128_gelu_dropout_l2,5,1,379,0.01185828261077404,0.009032200090587139
mlp_3x128_gelu_dropout_l2,5,1,380,0.011859642341732979,0.009032960049808025
mlp_3x128_gelu_dropout_l2,5,1,381,0.011862610466778278,0.009031419642269611
mlp_3x128_gelu_dropout_l2,5,1,382,0.011864456348121166,0.009030532091856003
mlp_3x128_gelu_dropout_l2,5,1,383,0.01185681577771902,0.009031123481690884
mlp_3x128_gelu_dropout_l2,5,1,384,0.011858886107802391,0.009028468281030655
mlp_3x128_gelu_dropout_l2,5,1,385,0.011855831369757652,0.009030533023178577
mlp_3x128_gelu_dropout_l2,5,1,386,0.011859264224767685,0.009031093679368496
mlp_3x128_gelu_dropout_l2,5,1,387,0.011858949437737465,0.009033245965838432
mlp_3x128_gelu_dropout_l2,5,1,388,0.011860719881951809,0.009030615910887718
mlp_3x128_gelu_dropout_l2,5,1,389,0.0118590472266078,0.009034155867993832
mlp_3x128_gelu_dropout_l2,5,1,390,0.011860896833240986,0.009031499736011028
mlp_3x128_gelu_dropout_l2,5,1,391,0.011856276541948318,0.00903214793652296
mlp_3x128_gelu_dropout_l2,5,1,392,0.011859327554702759,0.009030690416693687
mlp_3x128_gelu_dropout_l2,5,1,393,0.011858494952321053,0.009031400084495544
mlp_3x128_gelu_dropout_l2,5,1,394,0.01186019740998745,0.009034606628119946
mlp_3x128_gelu_dropout_l2,5,1,395,0.011858890764415264,0.009030725806951523
mlp_3x128_gelu_dropout_l2,5,1,396,0.011860898695886135,0.009031364694237709
mlp_3x128_gelu_dropout_l2,5,1,397,0.011859964579343796,0.009033769369125366
mlp_3x128_gelu_dropout_l2,5,1,398,0.01185986865311861,0.0090345973148942
mlp_3x128_gelu_dropout_l2,5,1,399,0.011861308477818966,0.009029191918671131
mlp_3x128_gelu_dropout_l2,5,1,400,0.011856146156787872,0.009032287634909153
mlp_3x128_gelu_dropout_l2,5,1,401,0.011860544793307781,0.00903245247900486
mlp_3x128_gelu_dropout_l2,5,1,402,0.011862928047776222,0.009032782167196274
mlp_3x128_gelu_dropout_l2,5,1,403,0.011860719881951809,0.009033150970935822
mlp_3x128_gelu_dropout_l2,5,1,404,0.011860596016049385,0.009032423608005047
mlp_3x128_gelu_dropout_l2,5,1,405,0.01185997948050499,0.009034069254994392
mlp_3x128_gelu_dropout_l2,5,1,406,0.011860323138535023,0.009032844565808773
mlp_3x128_gelu_dropout_l2,5,1,407,0.011857002973556519,0.009032946079969406
mlp_3x128_gelu_dropout_l2,5,1,408,0.011861582286655903,0.009035734459757805
mlp_3x128_gelu_dropout_l2,5,1,409,0.011861988343298435,0.009032892063260078
mlp_3x128_gelu_dropout_l2,5,1,410,0.011856884695589542,0.009033829905092716
mlp_3x128_gelu_dropout_l2,5,1,411,0.011859573423862457,0.009033571928739548
mlp_3x128_gelu_dropout_l2,5,1,412,0.01185982022434473,0.009032376110553741
mlp_3x128_gelu_dropout_l2,5,1,413,0.011860978789627552,0.009034713730216026
mlp_3x128_gelu_dropout_l2,5,1,414,0.011863299645483494,0.009031328372657299
mlp_3x128_gelu_dropout_l2,5,1,415,0.011860205791890621,0.009035076014697552
mlp_3x128_gelu_dropout_l2,5,1,416,0.011864160187542439,0.009035049006342888
mlp_3x128_gelu_dropout_l2,5,1,417,0.011859487742185593,0.009029855951666832
mlp_3x128_gelu_dropout_l2,5,1,418,0.011861822567880154,0.009031938388943672
mlp_3x128_gelu_dropout_l2,5,1,419,0.011859451420605183,0.009031428955495358
mlp_3x128_gelu_dropout_l2,5,1,420,0.011862664483487606,0.009030220098793507
mlp_3x128_gelu_dropout_l2,5,1,421,0.011862450279295444,0.00903517659753561
mlp_3x128_gelu_dropout_l2,5,1,422,0.011860072612762451,0.009030858054757118
mlp_3x128_gelu_dropout_l2,5,1,423,0.011856201104819775,0.009033231064677238
mlp_3x128_gelu_dropout_l2,5,1,424,0.01185799203813076,0.009029846638441086
mlp_3x128_gelu_dropout_l2,5,1,425,0.0118580162525177,0.009030171670019627
mlp_3x128_gelu_dropout_l2,5,1,426,0.011858966201543808,0.00903109461069107
mlp_3x128_gelu_dropout_l2,5,1,427,0.011859619058668613,0.009030907414853573
mlp_3x128_gelu_dropout_l2,5,1,428,0.011860544793307781,0.009030311368405819
mlp_3x128_gelu_dropout_l2,5,1,429,0.011858652345836163,0.00903120543807745
mlp_3x128_gelu_dropout_l2,5,1,430,0.011860682629048824,0.009029374457895756
mlp_3x128_gelu_dropout_l2,5,1,431,0.011856794357299805,0.009031550027430058
mlp_3x128_gelu_dropout_l2,5,1,432,0.011860334314405918,0.009032675996422768
mlp_3x128_gelu_dropout_l2,5,1,433,0.01185954362154007,0.009034007787704468
mlp_3x128_gelu_dropout_l2,5,1,434,0.011858757585287094,0.009031002409756184
mlp_3x128_gelu_dropout_l2,5,1,435,0.011862297542393208,0.009034307673573494
mlp_3x128_gelu_dropout_l2,5,1,436,0.011862539686262608,0.00903167761862278
mlp_3x128_gelu_dropout_l2,5,1,437,0.011860962025821209,0.009029373526573181
mlp_3x128_gelu_dropout_l2,5,1,438,0.011861566454172134,0.00903310813009739
mlp_3x128_gelu_dropout_l2,5,1,439,0.011859139427542686,0.009031468071043491
mlp_3x128_gelu_dropout_l2,5,1,440,0.011859445832669735,0.009031458757817745
mlp_3x128_gelu_dropout_l2,5,1,441,0.011860975995659828,0.009032618254423141
mlp_3x128_gelu_dropout_l2,5,1,442,0.01185966283082962,0.009032453410327435
mlp_3x128_gelu_dropout_l2,5,1,443,0.011859671212732792,0.009034372866153717
mlp_3x128_gelu_dropout_l2,5,1,444,0.011864607222378254,0.009033267386257648
mlp_3x128_gelu_dropout_l2,5,1,445,0.011857155710458755,0.009033296257257462
mlp_3x128_gelu_dropout_l2,5,1,446,0.01186114177107811,0.00903303362429142
mlp_3x128_gelu_dropout_l2,5,1,447,0.011860843747854233,0.009033814072608948
mlp_3x128_gelu_dropout_l2,5,1,448,0.011861388571560383,0.009034889750182629
mlp_3x128_gelu_dropout_l2,5,1,449,0.011860516853630543,0.00903314258903265
mlp_3x128_gelu_dropout_l2,5,1,450,0.011858411133289337,0.009033648297190666
mlp_3x128_gelu_dropout_l2,5,1,451,0.011859854683279991,0.009033656679093838
mlp_3x128_gelu_dropout_l2,5,1,452,0.011864515021443367,0.009028862230479717
mlp_3x128_gelu_dropout_l2,5,1,453,0.011859348975121975,0.009029009379446507
mlp_3x128_gelu_dropout_l2,5,1,454,0.011856737546622753,0.009030748158693314
mlp_3x128_gelu_dropout_l2,5,1,455,0.011860561557114124,0.009032241068780422
mlp_3x128_gelu_dropout_l2,5,1,456,0.011857183650135994,0.009032185189425945
mlp_3x128_gelu_dropout_l2,5,1,457,0.011858902871608734,0.009033037349581718
mlp_3x128_gelu_dropout_l2,5,1,458,0.011860997416079044,0.009031420573592186
mlp_3x128_gelu_dropout_l2,5,1,459,0.011860404163599014,0.009033093228936195
mlp_3x128_gelu_dropout_l2,5,1,460,0.011861763894557953,0.009034508839249611
mlp_3x128_gelu_dropout_l2,5,1,461,0.011858953163027763,0.009033002890646458
mlp_3x128_gelu_dropout_l2,5,1,462,0.011858290992677212,0.009031103923916817
mlp_3x128_gelu_dropout_l2,5,1,463,0.011860394850373268,0.009031581692397594
mlp_3x128_gelu_dropout_l2,5,1,464,0.011860898695886135,0.009031469002366066
mlp_3x128_gelu_dropout_l2,5,1,465,0.01186063326895237,0.009029415436089039
mlp_3x128_gelu_dropout_l2,5,1,466,0.011856155470013618,0.009034356102347374
mlp_3x128_gelu_dropout_l2,5,1,467,0.01185623463243246,0.009029150940477848
mlp_3x128_gelu_dropout_l2,5,1,468,0.011860011145472527,0.009033329784870148
mlp_3x128_gelu_dropout_l2,5,1,469,0.011857591569423676,0.00903383269906044
mlp_3x128_gelu_dropout_l2,5,1,470,0.011859755963087082,0.009034553542733192
mlp_3x128_gelu_dropout_l2,5,1,471,0.011861960403621197,0.009031419642269611
mlp_3x128_gelu_dropout_l2,5,1,472,0.011861005797982216,0.009031988680362701
mlp_3x128_gelu_dropout_l2,5,1,473,0.011862571351230145,0.0090337498113513
mlp_3x128_gelu_dropout_l2,5,1,474,0.011861429549753666,0.009031613357365131
mlp_3x128_gelu_dropout_l2,5,1,475,0.011859189718961716,0.009029427543282509
mlp_3x128_gelu_dropout_l2,5,1,476,0.011860119178891182,0.009031734429299831
mlp_3x128_gelu_dropout_l2,5,1,477,0.011860862374305725,0.009029744192957878
mlp_3x128_gelu_dropout_l2,5,1,478,0.011863983236253262,0.009034160524606705
mlp_3x128_gelu_dropout_l2,5,1,479,0.011858923360705376,0.009030615910887718
mlp_3x128_gelu_dropout_l2,5,1,480,0.011857842095196247,0.009033134207129478
mlp_3x128_gelu_dropout_l2,5,1,481,0.011856989935040474,0.009030910208821297
mlp_3x128_gelu_dropout_l2,5,1,482,0.011859112419188023,0.009031782858073711
mlp_3x128_gelu_dropout_l2,5,1,483,0.011860650964081287,0.009034181945025921
mlp_3x128_gelu_dropout_l2,5,1,484,0.011859036982059479,0.009035996161401272
mlp_3x128_gelu_dropout_l2,5,1,485,0.011863107793033123,0.009034862741827965
mlp_3x128_gelu_dropout_l2,5,1,486,0.011859689839184284,0.009035030379891396
mlp_3x128_gelu_dropout_l2,5,1,487,0.011866557411849499,0.009030969813466072
mlp_3x128_gelu_dropout_l2,5,1,488,0.011860151775181293,0.00903374794870615
mlp_3x128_gelu_dropout_l2,5,1,489,0.011858305893838406,0.009031903930008411
mlp_3x128_gelu_dropout_l2,5,1,490,0.011859235353767872,0.009032417088747025
mlp_3x128_gelu_dropout_l2,5,1,491,0.01185640599578619,0.009031697176396847
mlp_3x128_gelu_dropout_l2,5,1,492,0.0118603790178895,0.009034266695380211
mlp_3x128_gelu_dropout_l2,5,1,493,0.011860436759889126,0.009032417088747025
mlp_3x128_gelu_dropout_l2,5,1,494,0.011863794177770615,0.00903292279690504
mlp_3x128_gelu_dropout_l2,5,1,495,0.011859922669827938,0.009031939320266247
mlp_3x128_gelu_dropout_l2,5,1,496,0.011858495883643627,0.009033526293933392
mlp_3x128_gelu_dropout_l2,5,1,497,0.011859838850796223,0.00903111882507801
mlp_3x128_gelu_dropout_l2,5,1,498,0.011862140148878098,0.00903093907982111
mlp_3x128_gelu_dropout_l2,5,1,499,0.011862153187394142,0.009034395217895508
mlp_3x128_gelu_dropout_l2,5,1,500,0.011858335696160793,0.009032146073877811
mlp_3x128_gelu_dropout_l2,5,5,1,0.09974247962236404,0.04505829140543938
mlp_3x128_gelu_dropout_l2,5,5,2,0.046397097408771515,0.033885449171066284
mlp_3x128_gelu_dropout_l2,5,5,3,0.03541697934269905,0.028200173750519753
mlp_3x128_gelu_dropout_l2,5,5,4,0.029713889583945274,0.024720845744013786
mlp_3x128_gelu_dropout_l2,5,5,5,0.025634832680225372,0.021631740033626556
mlp_3x128_gelu_dropout_l2,5,5,6,0.02240016497671604,0.01893838308751583
mlp_3x128_gelu_dropout_l2,5,5,7,0.01960410363972187,0.016569435596466064
mlp_3x128_gelu_dropout_l2,5,5,8,0.017236534506082535,0.01460107322782278
mlp_3x128_gelu_dropout_l2,5,5,9,0.015261431224644184,0.012857998721301556
mlp_3x128_gelu_dropout_l2,5,5,10,0.013591837137937546,0.01139159593731165
mlp_3x128_gelu_dropout_l2,5,5,11,0.012212513945996761,0.010188031010329723
mlp_3x128_gelu_dropout_l2,5,5,12,0.011062893085181713,0.009164804592728615
mlp_3x128_gelu_dropout_l2,5,5,13,0.010105038993060589,0.008306165225803852
mlp_3x128_gelu_dropout_l2,5,5,14,0.009306642226874828,0.007584213744848967
mlp_3x128_gelu_dropout_l2,5,5,15,0.008643235079944134,0.00699033634737134
mlp_3x128_gelu_dropout_l2,5,5,16,0.008090880699455738,0.006481582298874855
mlp_3x128_gelu_dropout_l2,5,5,17,0.007628611288964748,0.006065447349101305
mlp_3x128_gelu_dropout_l2,5,5,18,0.007247976027429104,0.005720152519643307
mlp_3x128_gelu_dropout_l2,5,5,19,0.006931941956281662,0.005431967321783304
mlp_3x128_gelu_dropout_l2,5,5,20,0.006670803762972355,0.005197820719331503
mlp_3x128_gelu_dropout_l2,5,5,21,0.006455988623201847,0.005004635080695152
mlp_3x128_gelu_dropout_l2,5,5,22,0.006281079258769751,0.004846428986638784
mlp_3x128_gelu_dropout_l2,5,5,23,0.006137554533779621,0.004711683373898268
mlp_3x128_gelu_dropout_l2,5,5,24,0.006018708925694227,0.0046080294996500015
mlp_3x128_gelu_dropout_l2,5,5,25,0.005922572687268257,0.004521000664681196
mlp_3x128_gelu_dropout_l2,5,5,26,0.0058457376435399055,0.004450441338121891
mlp_3x128_gelu_dropout_l2,5,5,27,0.005782226100564003,0.004394507501274347
mlp_3x128_gelu_dropout_l2,5,5,28,0.0057317111641168594,0.004345988854765892
mlp_3x128_gelu_dropout_l2,5,5,29,0.005687687546014786,0.004308926407247782
mlp_3x128_gelu_dropout_l2,5,5,30,0.005654684267938137,0.0042805722914636135
mlp_3x128_gelu_dropout_l2,5,5,31,0.005625917110592127,0.004259548150002956
mlp_3x128_gelu_dropout_l2,5,5,32,0.005604627542197704,0.004238488618284464
mlp_3x128_gelu_dropout_l2,5,5,33,0.005587996449321508,0.004223623778671026
mlp_3x128_gelu_dropout_l2,5,5,34,0.005573336035013199,0.004215514287352562
mlp_3x128_gelu_dropout_l2,5,5,35,0.005561300087720156,0.004203548189252615
mlp_3x128_gelu_dropout_l2,5,5,36,0.005551747512072325,0.004194564186036587
mlp_3x128_gelu_dropout_l2,5,5,37,0.005544351413846016,0.0041881464421749115
mlp_3x128_gelu_dropout_l2,5,5,38,0.005538522731512785,0.004182816483080387
mlp_3x128_gelu_dropout_l2,5,5,39,0.005535013973712921,0.0041800737380981445
mlp_3x128_gelu_dropout_l2,5,5,40,0.005529672373086214,0.004173580557107925
mlp_3x128_gelu_dropout_l2,5,5,41,0.005526432301849127,0.004169715568423271
mlp_3x128_gelu_dropout_l2,5,5,42,0.005524793639779091,0.004169400781393051
mlp_3x128_gelu_dropout_l2,5,5,43,0.005522842984646559,0.004166039638221264
mlp_3x128_gelu_dropout_l2,5,5,44,0.005521933548152447,0.004164793062955141
mlp_3x128_gelu_dropout_l2,5,5,45,0.0055190143175423145,0.0041621048003435135
mlp_3x128_gelu_dropout_l2,5,5,46,0.005517883226275444,0.004160991404205561
mlp_3x128_gelu_dropout_l2,5,5,47,0.0055178748443722725,0.004160666838288307
mlp_3x128_gelu_dropout_l2,5,5,48,0.00551740825176239,0.004156941547989845
mlp_3x128_gelu_dropout_l2,5,5,49,0.005514593329280615,0.004158003721386194
mlp_3x128_gelu_dropout_l2,5,5,50,0.005515201482921839,0.004156774375587702
mlp_3x128_gelu_dropout_l2,5,5,51,0.005514104850590229,0.004157308489084244
mlp_3x128_gelu_dropout_l2,5,5,52,0.005513099953532219,0.004156619776040316
mlp_3x128_gelu_dropout_l2,5,5,53,0.005512121133506298,0.0041562896221876144
mlp_3x128_gelu_dropout_l2,5,5,54,0.005512200761586428,0.004154990892857313
mlp_3x128_gelu_dropout_l2,5,5,55,0.0055113667622208595,0.0041557434014976025
mlp_3x128_gelu_dropout_l2,5,5,56,0.005512639880180359,0.004155573435127735
mlp_3x128_gelu_dropout_l2,5,5,57,0.0055114030838012695,0.004154715687036514
mlp_3x128_gelu_dropout_l2,5,5,58,0.005512753035873175,0.004153975751250982
mlp_3x128_gelu_dropout_l2,5,5,59,0.005511624738574028,0.004152754787355661
mlp_3x128_gelu_dropout_l2,5,5,60,0.005511920899152756,0.004153828136622906
mlp_3x128_gelu_dropout_l2,5,5,61,0.005511717405170202,0.004152555018663406
mlp_3x128_gelu_dropout_l2,5,5,62,0.005510482471436262,0.004152307752519846
mlp_3x128_gelu_dropout_l2,5,5,63,0.005511792376637459,0.004151202272623777
mlp_3x128_gelu_dropout_l2,5,5,64,0.005510794930160046,0.004150929395109415
mlp_3x128_gelu_dropout_l2,5,5,65,0.005510744638741016,0.004149830900132656
mlp_3x128_gelu_dropout_l2,5,5,66,0.0055124773643910885,0.0041505456902086735
mlp_3x128_gelu_dropout_l2,5,5,67,0.005511365830898285,0.004150647670030594
mlp_3x128_gelu_dropout_l2,5,5,68,0.005509972106665373,0.0041505019180476665
mlp_3x128_gelu_dropout_l2,5,5,69,0.005510514602065086,0.004149971064180136
mlp_3x128_gelu_dropout_l2,5,5,70,0.005509836599230766,0.004148565232753754
mlp_3x128_gelu_dropout_l2,5,5,71,0.005509126000106335,0.004150229040533304
mlp_3x128_gelu_dropout_l2,5,5,72,0.00550867011770606,0.004150207154452801
mlp_3x128_gelu_dropout_l2,5,5,73,0.005508015397936106,0.004151307977735996
mlp_3x128_gelu_dropout_l2,5,5,74,0.0055083297193050385,0.004150103777647018
mlp_3x128_gelu_dropout_l2,5,5,75,0.0055088018998503685,0.004149405285716057
mlp_3x128_gelu_dropout_l2,5,5,76,0.005507462192326784,0.004148651380091906
mlp_3x128_gelu_dropout_l2,5,5,77,0.005507600959390402,0.004149749409407377
mlp_3x128_gelu_dropout_l2,5,5,78,0.005507167428731918,0.00415019690990448
mlp_3x128_gelu_dropout_l2,5,5,79,0.005506460089236498,0.004151192959398031
mlp_3x128_gelu_dropout_l2,5,5,80,0.005505939479917288,0.004150158725678921
mlp_3x128_gelu_dropout_l2,5,5,81,0.005504146683961153,0.004148236941546202
mlp_3x128_gelu_dropout_l2,5,5,82,0.00550423376262188,0.004150054417550564
mlp_3x128_gelu_dropout_l2,5,5,83,0.005505423992872238,0.00415397621691227
mlp_3x128_gelu_dropout_l2,5,5,84,0.00550477672368288,0.004150611348450184
mlp_3x128_gelu_dropout_l2,5,5,85,0.005505778826773167,0.004150722175836563
mlp_3x128_gelu_dropout_l2,5,5,86,0.005505635868757963,0.004150164779275656
mlp_3x128_gelu_dropout_l2,5,5,87,0.0055041261948645115,0.0041524129919707775
mlp_3x128_gelu_dropout_l2,5,5,88,0.005504970904439688,0.00415111193433404
mlp_3x128_gelu_dropout_l2,5,5,89,0.0055037690326571465,0.004152196925133467
mlp_3x128_gelu_dropout_l2,5,5,90,0.005503871012479067,0.004150156397372484
mlp_3x128_gelu_dropout_l2,5,5,91,0.005504274740815163,0.0041488162241876125
mlp_3x128_gelu_dropout_l2,5,5,92,0.005503633990883827,0.004147910047322512
mlp_3x128_gelu_dropout_l2,5,5,93,0.005504806991666555,0.0041516972705721855
mlp_3x128_gelu_dropout_l2,5,5,94,0.00550444982945919,0.004148709587752819
mlp_3x128_gelu_dropout_l2,5,5,95,0.00550528010353446,0.004147657658904791
mlp_3x128_gelu_dropout_l2,5,5,96,0.0055054486729204655,0.004148292355239391
mlp_3x128_gelu_dropout_l2,5,5,97,0.005506175570189953,0.0041497983038425446
mlp_3x128_gelu_dropout_l2,5,5,98,0.005506153684109449,0.004148524254560471
mlp_3x128_gelu_dropout_l2,5,5,99,0.005505181383341551,0.004147384315729141
mlp_3x128_gelu_dropout_l2,5,5,100,0.005504983942955732,0.004148369655013084
mlp_3x128_gelu_dropout_l2,5,5,101,0.0055050114169716835,0.004144937265664339
mlp_3x128_gelu_dropout_l2,5,5,102,0.005504249595105648,0.0041463784873485565
mlp_3x128_gelu_dropout_l2,5,5,103,0.005504977889358997,0.0041479431092739105
mlp_3x128_gelu_dropout_l2,5,5,104,0.005504986271262169,0.00414601806551218
mlp_3x128_gelu_dropout_l2,5,5,105,0.005504672881215811,0.004146954044699669
mlp_3x128_gelu_dropout_l2,5,5,106,0.005504881497472525,0.004146630875766277
mlp_3x128_gelu_dropout_l2,5,5,107,0.0055051823146641254,0.0041464027017354965
mlp_3x128_gelu_dropout_l2,5,5,108,0.005505668465048075,0.004147053230553865
mlp_3x128_gelu_dropout_l2,5,5,109,0.005506865680217743,0.004145871847867966
mlp_3x128_gelu_dropout_l2,5,5,110,0.005505871959030628,0.004145442508161068
mlp_3x128_gelu_dropout_l2,5,5,111,0.005506120156496763,0.0041465419344604015
mlp_3x128_gelu_dropout_l2,5,5,112,0.005508537869900465,0.004146306309849024
mlp_3x128_gelu_dropout_l2,5,5,113,0.005509608890861273,0.0041484711691737175
mlp_3x128_gelu_dropout_l2,5,5,114,0.005510659888386726,0.004147975239902735
mlp_3x128_gelu_dropout_l2,5,5,115,0.005508662201464176,0.004145688842982054
mlp_3x128_gelu_dropout_l2,5,5,116,0.00550715671852231,0.004147373139858246
mlp_3x128_gelu_dropout_l2,5,5,117,0.0055056363344192505,0.0041488283313810825
mlp_3x128_gelu_dropout_l2,5,5,118,0.005505269393324852,0.004150569438934326
mlp_3x128_gelu_dropout_l2,5,5,119,0.0055040763691067696,0.0041509391739964485
mlp_3x128_gelu_dropout_l2,5,5,120,0.005506293382495642,0.004149409011006355
mlp_3x128_gelu_dropout_l2,5,5,121,0.005503455176949501,0.004149690270423889
mlp_3x128_gelu_dropout_l2,5,5,122,0.0055034104734659195,0.0041478294879198074
mlp_3x128_gelu_dropout_l2,5,5,123,0.005504563916474581,0.0041503384709358215
mlp_3x128_gelu_dropout_l2,5,5,124,0.005503887310624123,0.0041542681865394115
mlp_3x128_gelu_dropout_l2,5,5,125,0.005503780674189329,0.004152961540967226
mlp_3x128_gelu_dropout_l2,5,5,126,0.005505137145519257,0.004153622314333916
mlp_3x128_gelu_dropout_l2,5,5,127,0.005503466818481684,0.004151593893766403
mlp_3x128_gelu_dropout_l2,5,5,128,0.005502480082213879,0.004150626715272665
mlp_3x128_gelu_dropout_l2,5,5,129,0.005501220002770424,0.004150815308094025
mlp_3x128_gelu_dropout_l2,5,5,130,0.005501341074705124,0.00414935452863574
mlp_3x128_gelu_dropout_l2,5,5,131,0.005502228159457445,0.004148565232753754
mlp_3x128_gelu_dropout_l2,5,5,132,0.005501514300704002,0.004148249514400959
mlp_3x128_gelu_dropout_l2,5,5,133,0.005502167623490095,0.004148860462009907
mlp_3x128_gelu_dropout_l2,5,5,134,0.005502391140908003,0.004148361273109913
mlp_3x128_gelu_dropout_l2,5,5,135,0.005502196028828621,0.00414848979562521
mlp_3x128_gelu_dropout_l2,5,5,136,0.005504260770976543,0.004149756859987974
mlp_3x128_gelu_dropout_l2,5,5,137,0.005502704065293074,0.004148952197283506
mlp_3x128_gelu_dropout_l2,5,5,138,0.005503486376255751,0.004148789681494236
mlp_3x128_gelu_dropout_l2,5,5,139,0.005502548534423113,0.00414876127615571
mlp_3x128_gelu_dropout_l2,5,5,140,0.005505075678229332,0.004153043031692505
mlp_3x128_gelu_dropout_l2,5,5,141,0.005503681488335133,0.004149524495005608
mlp_3x128_gelu_dropout_l2,5,5,142,0.005503127817064524,0.004149296320974827
mlp_3x128_gelu_dropout_l2,5,5,143,0.005503576714545488,0.004150919150561094
mlp_3x128_gelu_dropout_l2,5,5,144,0.005502535030245781,0.004154137335717678
mlp_3x128_gelu_dropout_l2,5,5,145,0.005502056796103716,0.0041565680876374245
mlp_3x128_gelu_dropout_l2,5,5,146,0.005501038394868374,0.004157383926212788
mlp_3x128_gelu_dropout_l2,5,5,147,0.005501437466591597,0.004152161069214344
mlp_3x128_gelu_dropout_l2,5,5,148,0.005501433741301298,0.004156447481364012
mlp_3x128_gelu_dropout_l2,5,5,149,0.005503224674612284,0.004156076814979315
mlp_3x128_gelu_dropout_l2,5,5,150,0.005501424893736839,0.004151341505348682
mlp_3x128_gelu_dropout_l2,5,5,151,0.005501768086105585,0.004151016008108854
mlp_3x128_gelu_dropout_l2,5,5,152,0.00550105981528759,0.00415093544870615
mlp_3x128_gelu_dropout_l2,5,5,153,0.005499776918441057,0.004151920787990093
mlp_3x128_gelu_dropout_l2,5,5,154,0.005501394160091877,0.004153532907366753
mlp_3x128_gelu_dropout_l2,5,5,155,0.005500764586031437,0.004152781795710325
mlp_3x128_gelu_dropout_l2,5,5,156,0.005500847939401865,0.004152360372245312
mlp_3x128_gelu_dropout_l2,5,5,157,0.005500040482729673,0.0041520241647958755
mlp_3x128_gelu_dropout_l2,5,5,158,0.005500318016856909,0.004151260480284691
mlp_3x128_gelu_dropout_l2,5,5,159,0.005500385537743568,0.00414997898042202
mlp_3x128_gelu_dropout_l2,5,5,160,0.005499559920281172,0.004149798769503832
mlp_3x128_gelu_dropout_l2,5,5,161,0.005500402767211199,0.004150800872594118
mlp_3x128_gelu_dropout_l2,5,5,162,0.005500802304595709,0.004150773398578167
mlp_3x128_gelu_dropout_l2,5,5,163,0.005500951781868935,0.004150787368416786
mlp_3x128_gelu_dropout_l2,5,5,164,0.005499472375959158,0.004152920562773943
mlp_3x128_gelu_dropout_l2,5,5,165,0.005499183665961027,0.004149443469941616
mlp_3x128_gelu_dropout_l2,5,5,166,0.005499591585248709,0.004149866756051779
mlp_3x128_gelu_dropout_l2,5,5,167,0.0054996442049741745,0.004150688648223877
mlp_3x128_gelu_dropout_l2,5,5,168,0.005499574821442366,0.004149940796196461
mlp_3x128_gelu_dropout_l2,5,5,169,0.005500260274857283,0.0041494122706353664
mlp_3x128_gelu_dropout_l2,5,5,170,0.005499663762748241,0.004150557331740856
mlp_3x128_gelu_dropout_l2,5,5,171,0.005499192513525486,0.004148096311837435
mlp_3x128_gelu_dropout_l2,5,5,172,0.005499036982655525,0.004147251136600971
mlp_3x128_gelu_dropout_l2,5,5,173,0.005499848164618015,0.004149255808442831
mlp_3x128_gelu_dropout_l2,5,5,174,0.005499931983649731,0.004150626249611378
mlp_3x128_gelu_dropout_l2,5,5,175,0.005500560626387596,0.004149813670665026
mlp_3x128_gelu_dropout_l2,5,5,176,0.0055008684284985065,0.004146679770201445
mlp_3x128_gelu_dropout_l2,5,5,177,0.005499315448105335,0.004148176405578852
mlp_3x128_gelu_dropout_l2,5,5,178,0.005498665850609541,0.004147918429225683
mlp_3x128_gelu_dropout_l2,5,5,179,0.005499765742570162,0.0041482835076749325
mlp_3x128_gelu_dropout_l2,5,5,180,0.005499463528394699,0.004146869760006666
mlp_3x128_gelu_dropout_l2,5,5,181,0.005499016959220171,0.004148771986365318
mlp_3x128_gelu_dropout_l2,5,5,182,0.005500212777405977,0.004146868828684092
mlp_3x128_gelu_dropout_l2,5,5,183,0.00549940625205636,0.0041464827954769135
mlp_3x128_gelu_dropout_l2,5,5,184,0.005499748047441244,0.004145145881921053
mlp_3x128_gelu_dropout_l2,5,5,185,0.005498750600963831,0.004145296290516853
mlp_3x128_gelu_dropout_l2,5,5,186,0.005499933380633593,0.004145636223256588
mlp_3x128_gelu_dropout_l2,5,5,187,0.005499291233718395,0.004146204330027103
mlp_3x128_gelu_dropout_l2,5,5,188,0.00549952732399106,0.004147075582295656
mlp_3x128_gelu_dropout_l2,5,5,189,0.0054985941387712955,0.004146708641201258
mlp_3x128_gelu_dropout_l2,5,5,190,0.0054987957701087,0.004144923761487007
mlp_3x128_gelu_dropout_l2,5,5,191,0.005499009042978287,0.0041455235332250595
mlp_3x128_gelu_dropout_l2,5,5,192,0.0055000134743750095,0.004146877210587263
mlp_3x128_gelu_dropout_l2,5,5,193,0.005499863065779209,0.004145410377532244
mlp_3x128_gelu_dropout_l2,5,5,194,0.005499814171344042,0.004145288839936256
mlp_3x128_gelu_dropout_l2,5,5,195,0.005498101469129324,0.004146289080381393
mlp_3x128_gelu_dropout_l2,5,5,196,0.005498772952705622,0.0041447835974395275
mlp_3x128_gelu_dropout_l2,5,5,197,0.005497756414115429,0.004145339597016573
mlp_3x128_gelu_dropout_l2,5,5,198,0.005498277489095926,0.004143107682466507
mlp_3x128_gelu_dropout_l2,5,5,199,0.00549897737801075,0.00414461363106966
mlp_3x128_gelu_dropout_l2,5,5,200,0.005499786231666803,0.004144782666116953
mlp_3x128_gelu_dropout_l2,5,5,201,0.005499484483152628,0.004144433420151472
mlp_3x128_gelu_dropout_l2,5,5,202,0.005498467478901148,0.00414517056196928
mlp_3x128_gelu_dropout_l2,5,5,203,0.00549940625205636,0.004144861828535795
mlp_3x128_gelu_dropout_l2,5,5,204,0.005499393213540316,0.004143949132412672
mlp_3x128_gelu_dropout_l2,5,5,205,0.0054982854053378105,0.004143901634961367
mlp_3x128_gelu_dropout_l2,5,5,206,0.0054992809891700745,0.004144966136664152
mlp_3x128_gelu_dropout_l2,5,5,207,0.005499741993844509,0.004145530052483082
mlp_3x128_gelu_dropout_l2,5,5,208,0.005498724058270454,0.00414258474484086
mlp_3x128_gelu_dropout_l2,5,5,209,0.0054976376704871655,0.004144138190895319
mlp_3x128_gelu_dropout_l2,5,5,210,0.005498907528817654,0.004144362639635801
mlp_3x128_gelu_dropout_l2,5,5,211,0.005498682148754597,0.004145449958741665
mlp_3x128_gelu_dropout_l2,5,5,212,0.00549809355288744,0.004143154714256525
mlp_3x128_gelu_dropout_l2,5,5,213,0.005498258862644434,0.004143469966948032
mlp_3x128_gelu_dropout_l2,5,5,214,0.005498798564076424,0.004144333302974701
mlp_3x128_gelu_dropout_l2,5,5,215,0.005499791353940964,0.004144979640841484
mlp_3x128_gelu_dropout_l2,5,5,216,0.005498651415109634,0.004143164958804846
mlp_3x128_gelu_dropout_l2,5,5,217,0.005499838851392269,0.0041432795114815235
mlp_3x128_gelu_dropout_l2,5,5,218,0.005498768296092749,0.004144894890487194
mlp_3x128_gelu_dropout_l2,5,5,219,0.005499185062944889,0.004144714213907719
mlp_3x128_gelu_dropout_l2,5,5,220,0.005498450715094805,0.00414334936067462
mlp_3x128_gelu_dropout_l2,5,5,221,0.0055000935681164265,0.004144413396716118
mlp_3x128_gelu_dropout_l2,5,5,222,0.0054977452382445335,0.0041438015177845955
mlp_3x128_gelu_dropout_l2,5,5,223,0.005499463528394699,0.004144481383264065
mlp_3x128_gelu_dropout_l2,5,5,224,0.005498643033206463,0.004143829457461834
mlp_3x128_gelu_dropout_l2,5,5,225,0.005499690771102905,0.004143846221268177
mlp_3x128_gelu_dropout_l2,5,5,226,0.005499875172972679,0.004143018741160631
mlp_3x128_gelu_dropout_l2,5,5,227,0.005499776918441057,0.004143926780670881
mlp_3x128_gelu_dropout_l2,5,5,228,0.005498417187482119,0.004144761245697737
mlp_3x128_gelu_dropout_l2,5,5,229,0.005498232785612345,0.00414425740018487
mlp_3x128_gelu_dropout_l2,5,5,230,0.005498362239450216,0.004144082777202129
mlp_3x128_gelu_dropout_l2,5,5,231,0.005499436520040035,0.004143440630286932
mlp_3x128_gelu_dropout_l2,5,5,232,0.005498739890754223,0.004144887439906597
mlp_3x128_gelu_dropout_l2,5,5,233,0.005499959457665682,0.004143435508012772
mlp_3x128_gelu_dropout_l2,5,5,234,0.005497978068888187,0.004143449477851391
mlp_3x128_gelu_dropout_l2,5,5,235,0.005499017890542746,0.004142307210713625
mlp_3x128_gelu_dropout_l2,5,5,236,0.005498258862644434,0.004143587779253721
mlp_3x128_gelu_dropout_l2,5,5,237,0.005499829538166523,0.0041436185128986835
mlp_3x128_gelu_dropout_l2,5,5,238,0.0054982807487249374,0.004142576362937689
mlp_3x128_gelu_dropout_l2,5,5,239,0.005499640479683876,0.004143941216170788
mlp_3x128_gelu_dropout_l2,5,5,240,0.005498068872839212,0.004143495112657547
mlp_3x128_gelu_dropout_l2,5,5,241,0.005499846767634153,0.004144490230828524
mlp_3x128_gelu_dropout_l2,5,5,242,0.005498509854078293,0.004142828285694122
mlp_3x128_gelu_dropout_l2,5,5,243,0.0054993643425405025,0.004143471363931894
mlp_3x128_gelu_dropout_l2,5,5,244,0.00549926096573472,0.004143829923123121
mlp_3x128_gelu_dropout_l2,5,5,245,0.005499022081494331,0.00414341501891613
mlp_3x128_gelu_dropout_l2,5,5,246,0.005498835351318121,0.004141790326684713
mlp_3x128_gelu_dropout_l2,5,5,247,0.005500710103660822,0.004143440164625645
mlp_3x128_gelu_dropout_l2,5,5,248,0.005498705431818962,0.004144055303186178
mlp_3x128_gelu_dropout_l2,5,5,249,0.005500050261616707,0.004143387079238892
mlp_3x128_gelu_dropout_l2,5,5,250,0.005498066544532776,0.004143523517996073
mlp_3x128_gelu_dropout_l2,5,5,251,0.005500081926584244,0.004142628517001867
mlp_3x128_gelu_dropout_l2,5,5,252,0.005499063991010189,0.004144648555666208
mlp_3x128_gelu_dropout_l2,5,5,253,0.005500472150743008,0.004144282545894384
mlp_3x128_gelu_dropout_l2,5,5,254,0.0054995110258460045,0.004143641795963049
mlp_3x128_gelu_dropout_l2,5,5,255,0.005498663056641817,0.004144021775573492
mlp_3x128_gelu_dropout_l2,5,5,256,0.0054987273178994656,0.0041420659981667995
mlp_3x128_gelu_dropout_l2,5,5,257,0.0054989950731396675,0.004144133999943733
mlp_3x128_gelu_dropout_l2,5,5,258,0.005498385988175869,0.004143090452998877
mlp_3x128_gelu_dropout_l2,5,5,259,0.005499453749507666,0.0041447295807302
mlp_3x128_gelu_dropout_l2,5,5,260,0.0054981582798063755,0.0041430639103055
mlp_3x128_gelu_dropout_l2,5,5,261,0.005498381331562996,0.004142307676374912
mlp_3x128_gelu_dropout_l2,5,5,262,0.005497596692293882,0.0041449288837611675
mlp_3x128_gelu_dropout_l2,5,5,263,0.005498993676155806,0.004142893943935633
mlp_3x128_gelu_dropout_l2,5,5,264,0.005499313585460186,0.004142579156905413
mlp_3x128_gelu_dropout_l2,5,5,265,0.0054986546747386456,0.0041437032632529736
mlp_3x128_gelu_dropout_l2,5,5,266,0.005498862359672785,0.004143624100834131
mlp_3x128_gelu_dropout_l2,5,5,267,0.00549910357221961,0.004143684636801481
mlp_3x128_gelu_dropout_l2,5,5,268,0.005498109385371208,0.004143437370657921
mlp_3x128_gelu_dropout_l2,5,5,269,0.005498342681676149,0.00414155051112175
mlp_3x128_gelu_dropout_l2,5,5,270,0.005498281214386225,0.004142500925809145
mlp_3x128_gelu_dropout_l2,5,5,271,0.005499174352735281,0.004142977762967348
mlp_3x128_gelu_dropout_l2,5,5,272,0.00549842044711113,0.004142356105148792
mlp_3x128_gelu_dropout_l2,5,5,273,0.00549881998449564,0.004144704435020685
mlp_3x128_gelu_dropout_l2,5,5,274,0.00549720786511898,0.004143198020756245
mlp_3x128_gelu_dropout_l2,5,5,275,0.005498537328094244,0.004143094178289175
mlp_3x128_gelu_dropout_l2,5,5,276,0.005499204155057669,0.004142604302614927
mlp_3x128_gelu_dropout_l2,5,5,277,0.00549808144569397,0.004142209887504578
mlp_3x128_gelu_dropout_l2,5,5,278,0.0054991720244288445,0.00414291862398386
mlp_3x128_gelu_dropout_l2,5,5,279,0.005498135462403297,0.00414276635274291
mlp_3x128_gelu_dropout_l2,5,5,280,0.005499018356204033,0.004142645746469498
mlp_3x128_gelu_dropout_l2,5,5,281,0.0055002011358737946,0.004142689518630505
mlp_3x128_gelu_dropout_l2,5,5,282,0.005498949903994799,0.004142577759921551
mlp_3x128_gelu_dropout_l2,5,5,283,0.005498835351318121,0.004143343307077885
mlp_3x128_gelu_dropout_l2,5,5,284,0.00549947377294302,0.004145340994000435
mlp_3x128_gelu_dropout_l2,5,5,285,0.005498295184224844,0.004141564015299082
mlp_3x128_gelu_dropout_l2,5,5,286,0.0054993340745568275,0.004142501391470432
mlp_3x128_gelu_dropout_l2,5,5,287,0.005498950369656086,0.004143120255321264
mlp_3x128_gelu_dropout_l2,5,5,288,0.005498281680047512,0.0041427453979849815
mlp_3x128_gelu_dropout_l2,5,5,289,0.005500230938196182,0.004142110701650381
mlp_3x128_gelu_dropout_l2,5,5,290,0.0054978663101792336,0.004143628291785717
mlp_3x128_gelu_dropout_l2,5,5,291,0.005498410202562809,0.004142074845731258
mlp_3x128_gelu_dropout_l2,5,5,292,0.005498427897691727,0.004144349135458469
mlp_3x128_gelu_dropout_l2,5,5,293,0.0054991524666547775,0.004143115598708391
mlp_3x128_gelu_dropout_l2,5,5,294,0.005497898440808058,0.0041436185128986835
mlp_3x128_gelu_dropout_l2,5,5,295,0.005498356185853481,0.004143163561820984
mlp_3x128_gelu_dropout_l2,5,5,296,0.005498974118381739,0.004141169134527445
mlp_3x128_gelu_dropout_l2,5,5,297,0.005499257240444422,0.00414371769875288
mlp_3x128_gelu_dropout_l2,5,5,298,0.005498427897691727,0.00414172513410449
mlp_3x128_gelu_dropout_l2,5,5,299,0.005500054452568293,0.004142834804952145
mlp_3x128_gelu_dropout_l2,5,5,300,0.005498731974512339,0.00414399104192853
mlp_3x128_gelu_dropout_l2,5,5,301,0.005499087739735842,0.00414259685203433
mlp_3x128_gelu_dropout_l2,5,5,302,0.005499633029103279,0.004143425729125738
mlp_3x128_gelu_dropout_l2,5,5,303,0.00549844978377223,0.004142407327890396
mlp_3x128_gelu_dropout_l2,5,5,304,0.005498663056641817,0.004143737256526947
mlp_3x128_gelu_dropout_l2,5,5,305,0.00549824396148324,0.004142906051129103
mlp_3x128_gelu_dropout_l2,5,5,306,0.005499288439750671,0.0041451724246144295
mlp_3x128_gelu_dropout_l2,5,5,307,0.005498230457305908,0.004142803605645895
mlp_3x128_gelu_dropout_l2,5,5,308,0.005498786922544241,0.00414269557222724
mlp_3x128_gelu_dropout_l2,5,5,309,0.005498484242707491,0.0041421446949243546
mlp_3x128_gelu_dropout_l2,5,5,310,0.005497006233781576,0.004143758676946163
mlp_3x128_gelu_dropout_l2,5,5,311,0.005498212296515703,0.004141736775636673
mlp_3x128_gelu_dropout_l2,5,5,312,0.005498688668012619,0.004144647158682346
mlp_3x128_gelu_dropout_l2,5,5,313,0.005498500075191259,0.004143975675106049
mlp_3x128_gelu_dropout_l2,5,5,314,0.00550020532682538,0.004146245773881674
mlp_3x128_gelu_dropout_l2,5,5,315,0.005498671438544989,0.0041430238634347916
mlp_3x128_gelu_dropout_l2,5,5,316,0.005498865619301796,0.004141993820667267
mlp_3x128_gelu_dropout_l2,5,5,317,0.005499362014234066,0.0041415756568312645
mlp_3x128_gelu_dropout_l2,5,5,318,0.005500845145434141,0.004143980797380209
mlp_3x128_gelu_dropout_l2,5,5,319,0.005501795094460249,0.00415395712479949
mlp_3x128_gelu_dropout_l2,5,5,320,0.005502159707248211,0.0041448334231972694
mlp_3x128_gelu_dropout_l2,5,5,321,0.005500909872353077,0.004143104422837496
mlp_3x128_gelu_dropout_l2,5,5,322,0.00549986632540822,0.004146589897572994
mlp_3x128_gelu_dropout_l2,5,5,323,0.005501455627381802,0.004142378456890583
mlp_3x128_gelu_dropout_l2,5,5,324,0.005498128477483988,0.004144101869314909
mlp_3x128_gelu_dropout_l2,5,5,325,0.005499830935150385,0.004147276747971773
mlp_3x128_gelu_dropout_l2,5,5,326,0.005503839813172817,0.0041447835974395275
mlp_3x128_gelu_dropout_l2,5,5,327,0.005501509178429842,0.004149429965764284
mlp_3x128_gelu_dropout_l2,5,5,328,0.005504713859409094,0.004148587118834257
mlp_3x128_gelu_dropout_l2,5,5,329,0.00550567451864481,0.004147786647081375
mlp_3x128_gelu_dropout_l2,5,5,330,0.005503247957676649,0.004152320791035891
mlp_3x128_gelu_dropout_l2,5,5,331,0.005503481719642878,0.004147837404161692
mlp_3x128_gelu_dropout_l2,5,5,332,0.005502314306795597,0.004150906577706337
mlp_3x128_gelu_dropout_l2,5,5,333,0.005505005829036236,0.0041459230706095695
mlp_3x128_gelu_dropout_l2,5,5,334,0.0055018202401697636,0.004156386945396662
mlp_3x128_gelu_dropout_l2,5,5,335,0.0055043334141373634,0.00414742948487401
mlp_3x128_gelu_dropout_l2,5,5,336,0.00550017599016428,0.004147613886743784
mlp_3x128_gelu_dropout_l2,5,5,337,0.0055012269876897335,0.004149334039539099
mlp_3x128_gelu_dropout_l2,5,5,338,0.005501226056367159,0.004147157073020935
mlp_3x128_gelu_dropout_l2,5,5,339,0.005500737577676773,0.00414762319996953
mlp_3x128_gelu_dropout_l2,5,5,340,0.005501429084688425,0.004146578721702099
mlp_3x128_gelu_dropout_l2,5,5,341,0.005499596241861582,0.004156129900366068
mlp_3x128_gelu_dropout_l2,5,5,342,0.005503377877175808,0.00414374191313982
mlp_3x128_gelu_dropout_l2,5,5,343,0.0055008940398693085,0.004155050963163376
mlp_3x128_gelu_dropout_l2,5,5,344,0.005503533873707056,0.0041441284120082855
mlp_3x128_gelu_dropout_l2,5,5,345,0.005504051689058542,0.004163953009992838
mlp_3x128_gelu_dropout_l2,5,5,346,0.005503845866769552,0.004146192222833633
mlp_3x128_gelu_dropout_l2,5,5,347,0.005502564366906881,0.004151095636188984
mlp_3x128_gelu_dropout_l2,5,5,348,0.005500668194144964,0.0041456399485468864
mlp_3x128_gelu_dropout_l2,5,5,349,0.005498894024640322,0.004149536602199078
mlp_3x128_gelu_dropout_l2,5,5,350,0.005504157859832048,0.004145780578255653
mlp_3x128_gelu_dropout_l2,5,5,351,0.005499949213117361,0.004143261816352606
mlp_3x128_gelu_dropout_l2,5,5,352,0.005500090308487415,0.004149614833295345
mlp_3x128_gelu_dropout_l2,5,5,353,0.005502960179001093,0.004146164748817682
mlp_3x128_gelu_dropout_l2,5,5,354,0.005502450279891491,0.004151198547333479
mlp_3x128_gelu_dropout_l2,5,5,355,0.0055025056935846806,0.004148164298385382
mlp_3x128_gelu_dropout_l2,5,5,356,0.005501192063093185,0.004151682369410992
mlp_3x128_gelu_dropout_l2,5,5,357,0.005503464490175247,0.00414849491789937
mlp_3x128_gelu_dropout_l2,5,5,358,0.005503607913851738,0.0041457274928689
mlp_3x128_gelu_dropout_l2,5,5,359,0.005500040017068386,0.004159292671829462
mlp_3x128_gelu_dropout_l2,5,5,360,0.00550339138135314,0.004145649261772633
mlp_3x128_gelu_dropout_l2,5,5,361,0.005502892658114433,0.004159995354712009
mlp_3x128_gelu_dropout_l2,5,5,362,0.0055037918500602245,0.004145875107496977
mlp_3x128_gelu_dropout_l2,5,5,363,0.005504603497684002,0.004146371968090534
mlp_3x128_gelu_dropout_l2,5,5,364,0.0055001177825033665,0.004147046711295843
mlp_3x128_gelu_dropout_l2,5,5,365,0.005504137370735407,0.004145768005400896
mlp_3x128_gelu_dropout_l2,5,5,366,0.005498676095157862,0.004144842736423016
mlp_3x128_gelu_dropout_l2,5,5,367,0.005499453283846378,0.004145066253840923
mlp_3x128_gelu_dropout_l2,5,5,368,0.005500121973454952,0.004142350051552057
mlp_3x128_gelu_dropout_l2,5,5,369,0.005499216727912426,0.004142423160374165
mlp_3x128_gelu_dropout_l2,5,5,370,0.00550098204985261,0.004143341910094023
mlp_3x128_gelu_dropout_l2,5,5,371,0.005501483101397753,0.004143058322370052
mlp_3x128_gelu_dropout_l2,5,5,372,0.005500379484146833,0.004144147504121065
mlp_3x128_gelu_dropout_l2,5,5,373,0.005499784369021654,0.004145308863371611
mlp_3x128_gelu_dropout_l2,5,5,374,0.005498688668012619,0.004142797086387873
mlp_3x128_gelu_dropout_l2,5,5,375,0.005500628612935543,0.004145492799580097
mlp_3x128_gelu_dropout_l2,5,5,376,0.005500087048858404,0.004145796410739422
mlp_3x128_gelu_dropout_l2,5,5,377,0.005499306134879589,0.0041453056037425995
mlp_3x128_gelu_dropout_l2,5,5,378,0.0055003599263727665,0.004145567771047354
mlp_3x128_gelu_dropout_l2,5,5,379,0.005499373655766249,0.004144229926168919
mlp_3x128_gelu_dropout_l2,5,5,380,0.00549804512411356,0.004145259503275156
mlp_3x128_gelu_dropout_l2,5,5,381,0.005498793907463551,0.004144194070249796
mlp_3x128_gelu_dropout_l2,5,5,382,0.005499348975718021,0.004146384075284004
mlp_3x128_gelu_dropout_l2,5,5,383,0.005499927327036858,0.004143945407122374
mlp_3x128_gelu_dropout_l2,5,5,384,0.005498803686350584,0.004142537247389555
mlp_3x128_gelu_dropout_l2,5,5,385,0.005499141290783882,0.004143338650465012
mlp_3x128_gelu_dropout_l2,5,5,386,0.005499241873621941,0.0041452813893556595
mlp_3x128_gelu_dropout_l2,5,5,387,0.0054997643455863,0.004143698140978813
mlp_3x128_gelu_dropout_l2,5,5,388,0.005500043276697397,0.004144191276282072
mlp_3x128_gelu_dropout_l2,5,5,389,0.005498046055436134,0.00414502015337348
mlp_3x128_gelu_dropout_l2,5,5,390,0.0055006020702421665,0.004146273713558912
mlp_3x128_gelu_dropout_l2,5,5,391,0.005500303581357002,0.004148432519286871
mlp_3x128_gelu_dropout_l2,5,5,392,0.005502303596585989,0.004143271595239639
mlp_3x128_gelu_dropout_l2,5,5,393,0.005501360632479191,0.004143326543271542
mlp_3x128_gelu_dropout_l2,5,5,394,0.005499508697539568,0.0041535659693181515
mlp_3x128_gelu_dropout_l2,5,5,395,0.005499205086380243,0.004154265392571688
mlp_3x128_gelu_dropout_l2,5,5,396,0.005502765532582998,0.00414518266916275
mlp_3x128_gelu_dropout_l2,5,5,397,0.0055009652860462666,0.004149851854890585
mlp_3x128_gelu_dropout_l2,5,5,398,0.005500199273228645,0.004153130110353231
mlp_3x128_gelu_dropout_l2,5,5,399,0.005505491979420185,0.0041513824835419655
mlp_3x128_gelu_dropout_l2,5,5,400,0.005504862871021032,0.004150784108787775
mlp_3x128_gelu_dropout_l2,5,5,401,0.0054995957762002945,0.004149300046265125
mlp_3x128_gelu_dropout_l2,5,5,402,0.005503759253770113,0.004147718194872141
mlp_3x128_gelu_dropout_l2,5,5,403,0.005507448222488165,0.004148423206061125
mlp_3x128_gelu_dropout_l2,5,5,404,0.005506961140781641,0.0041510481387376785
mlp_3x128_gelu_dropout_l2,5,5,405,0.0055007534101605415,0.004147466272115707
mlp_3x128_gelu_dropout_l2,5,5,406,0.0055066985078155994,0.004149150103330612
mlp_3x128_gelu_dropout_l2,5,5,407,0.005501292645931244,0.004153987858444452
mlp_3x128_gelu_dropout_l2,5,5,408,0.005504279863089323,0.004147380590438843
mlp_3x128_gelu_dropout_l2,5,5,409,0.0055007305927574635,0.004145845305174589
mlp_3x128_gelu_dropout_l2,5,5,410,0.005500192288309336,0.004153708461672068
mlp_3x128_gelu_dropout_l2,5,5,411,0.005503064952790737,0.004146235529333353
mlp_3x128_gelu_dropout_l2,5,5,412,0.005499283317476511,0.004146241582930088
mlp_3x128_gelu_dropout_l2,5,5,413,0.005500601604580879,0.004149053245782852
mlp_3x128_gelu_dropout_l2,5,5,414,0.005500074941664934,0.0041478341445326805
mlp_3x128_gelu_dropout_l2,5,5,415,0.005499648861587048,0.004141923505812883
mlp_3x128_gelu_dropout_l2,5,5,416,0.005499259568750858,0.004145437851548195
mlp_3x128_gelu_dropout_l2,5,5,417,0.00550354178994894,0.004152082838118076
mlp_3x128_gelu_dropout_l2,5,5,418,0.005504979286342859,0.004152995068579912
mlp_3x128_gelu_dropout_l2,5,5,419,0.005500428378582001,0.004147588741034269
mlp_3x128_gelu_dropout_l2,5,5,420,0.0055046589113771915,0.004146456252783537
mlp_3x128_gelu_dropout_l2,5,5,421,0.005503801628947258,0.004145551472902298
mlp_3x128_gelu_dropout_l2,5,5,422,0.0054986244067549706,0.004152972251176834
mlp_3x128_gelu_dropout_l2,5,5,423,0.0055020772852003574,0.004148605279624462
mlp_3x128_gelu_dropout_l2,5,5,424,0.005502395797520876,0.004147891420871019
mlp_3x128_gelu_dropout_l2,5,5,425,0.005499725695699453,0.0041450452990829945
mlp_3x128_gelu_dropout_l2,5,5,426,0.005501348525285721,0.004146965220570564
mlp_3x128_gelu_dropout_l2,5,5,427,0.005501411855220795,0.0041489191353321075
mlp_3x128_gelu_dropout_l2,5,5,428,0.005500071682035923,0.004146950785070658
mlp_3x128_gelu_dropout_l2,5,5,429,0.005501026287674904,0.004143514670431614
mlp_3x128_gelu_dropout_l2,5,5,430,0.005499919410794973,0.004142254590988159
mlp_3x128_gelu_dropout_l2,5,5,431,0.005498334299772978,0.004143347032368183
mlp_3x128_gelu_dropout_l2,5,5,432,0.005499896127730608,0.004143914673477411
mlp_3x128_gelu_dropout_l2,5,5,433,0.005499144084751606,0.004143392667174339
mlp_3x128_gelu_dropout_l2,5,5,434,0.005500217899680138,0.004143900237977505
mlp_3x128_gelu_dropout_l2,5,5,435,0.005500367842614651,0.004148099105805159
mlp_3x128_gelu_dropout_l2,5,5,436,0.0054989461787045,0.004142246674746275
mlp_3x128_gelu_dropout_l2,5,5,437,0.00550118088722229,0.004152659792453051
mlp_3x128_gelu_dropout_l2,5,5,438,0.005502673331648111,0.0041500274091959
mlp_3x128_gelu_dropout_l2,5,5,439,0.005499011371284723,0.004146741237491369
mlp_3x128_gelu_dropout_l2,5,5,440,0.005512414034456015,0.0041666519828140736
mlp_3x128_gelu_dropout_l2,5,5,441,0.0055106342770159245,0.00416131317615509
mlp_3x128_gelu_dropout_l2,5,5,442,0.005510043818503618,0.004152481444180012
mlp_3x128_gelu_dropout_l2,5,5,443,0.005507245194166899,0.00415836600586772
mlp_3x128_gelu_dropout_l2,5,5,444,0.005507441237568855,0.004148113541305065
mlp_3x128_gelu_dropout_l2,5,5,445,0.00550227053463459,0.004144179169088602
mlp_3x128_gelu_dropout_l2,5,5,446,0.005500584375113249,0.004147611558437347
mlp_3x128_gelu_dropout_l2,5,5,447,0.005499732680618763,0.0041459049098193645
mlp_3x128_gelu_dropout_l2,5,5,448,0.005500121973454952,0.004146011546254158
mlp_3x128_gelu_dropout_l2,5,5,449,0.005498773418366909,0.004145239479839802
mlp_3x128_gelu_dropout_l2,5,5,450,0.0054990672506392,0.004142188932746649
mlp_3x128_gelu_dropout_l2,5,5,451,0.005499791353940964,0.004144931212067604
mlp_3x128_gelu_dropout_l2,5,5,452,0.005499322433024645,0.004144713282585144
mlp_3x128_gelu_dropout_l2,5,5,453,0.005499113351106644,0.004144956357777119
mlp_3x128_gelu_dropout_l2,5,5,454,0.005499063991010189,0.004144794773310423
mlp_3x128_gelu_dropout_l2,5,5,455,0.005500157829374075,0.004146451596170664
mlp_3x128_gelu_dropout_l2,5,5,456,0.005499847233295441,0.004148766864091158
mlp_3x128_gelu_dropout_l2,5,5,457,0.005500196944922209,0.0041448865085840225
mlp_3x128_gelu_dropout_l2,5,5,458,0.0054993340745568275,0.0041449363343417645
mlp_3x128_gelu_dropout_l2,5,5,459,0.005499446298927069,0.004144687205553055
mlp_3x128_gelu_dropout_l2,5,5,460,0.005500322673469782,0.004144526086747646
mlp_3x128_gelu_dropout_l2,5,5,461,0.005499274004250765,0.004143771715462208
mlp_3x128_gelu_dropout_l2,5,5,462,0.005501075182110071,0.00414618756622076
mlp_3x128_gelu_dropout_l2,5,5,463,0.00549817830324173,0.004145138431340456
mlp_3x128_gelu_dropout_l2,5,5,464,0.0055014872923493385,0.004146534018218517
mlp_3x128_gelu_dropout_l2,5,5,465,0.005499800201505423,0.004145927727222443
mlp_3x128_gelu_dropout_l2,5,5,466,0.005500355735421181,0.004146966617554426
mlp_3x128_gelu_dropout_l2,5,5,467,0.005501230712980032,0.004150357563048601
mlp_3x128_gelu_dropout_l2,5,5,468,0.005501729901880026,0.004153383430093527
mlp_3x128_gelu_dropout_l2,5,5,469,0.00550276692956686,0.004146461840718985
mlp_3x128_gelu_dropout_l2,5,5,470,0.005507651250809431,0.004150784574449062
mlp_3x128_gelu_dropout_l2,5,5,471,0.005506577435880899,0.004160833079367876
mlp_3x128_gelu_dropout_l2,5,5,472,0.00550466263666749,0.004147971980273724
mlp_3x128_gelu_dropout_l2,5,5,473,0.005501076113432646,0.004150776658207178
mlp_3x128_gelu_dropout_l2,5,5,474,0.005504093132913113,0.004146532621234655
mlp_3x128_gelu_dropout_l2,5,5,475,0.005500308703631163,0.004147670231759548
mlp_3x128_gelu_dropout_l2,5,5,476,0.005506047513335943,0.004148655571043491
mlp_3x128_gelu_dropout_l2,5,5,477,0.005503463093191385,0.004148358479142189
mlp_3x128_gelu_dropout_l2,5,5,478,0.005503712687641382,0.004154757130891085
mlp_3x128_gelu_dropout_l2,5,5,479,0.005506735760718584,0.004146611783653498
mlp_3x128_gelu_dropout_l2,5,5,480,0.0054995715618133545,0.00415034731850028
mlp_3x128_gelu_dropout_l2,5,5,481,0.005501709412783384,0.004146081395447254
mlp_3x128_gelu_dropout_l2,5,5,482,0.005502611864358187,0.0041495878249406815
mlp_3x128_gelu_dropout_l2,5,5,483,0.005502990912646055,0.004144247155636549
mlp_3x128_gelu_dropout_l2,5,5,484,0.00550722423940897,0.004157220479100943
mlp_3x128_gelu_dropout_l2,5,5,485,0.0055050477385520935,0.004156904295086861
mlp_3x128_gelu_dropout_l2,5,5,486,0.005504620261490345,0.004144991282373667
mlp_3x128_gelu_dropout_l2,5,5,487,0.005502683110535145,0.004144776612520218
mlp_3x128_gelu_dropout_l2,5,5,488,0.005502098705619574,0.004146259743720293
mlp_3x128_gelu_dropout_l2,5,5,489,0.005500864237546921,0.004150160122662783
mlp_3x128_gelu_dropout_l2,5,5,490,0.005498195998370647,0.004147203639149666
mlp_3x128_gelu_dropout_l2,5,5,491,0.0055007715709507465,0.0041428678669035435
mlp_3x128_gelu_dropout_l2,5,5,492,0.005499541759490967,0.004143822006881237
mlp_3x128_gelu_dropout_l2,5,5,493,0.005499602295458317,0.004145238548517227
mlp_3x128_gelu_dropout_l2,5,5,494,0.005498417187482119,0.004145271610468626
mlp_3x128_gelu_dropout_l2,5,5,495,0.005499791819602251,0.004144381731748581
mlp_3x128_gelu_dropout_l2,5,5,496,0.005498715676367283,0.00414587976410985
mlp_3x128_gelu_dropout_l2,5,5,497,0.005498525220900774,0.004145083948969841
mlp_3x128_gelu_dropout_l2,5,5,498,0.005500131286680698,0.004147447645664215
mlp_3x128_gelu_dropout_l2,5,5,499,0.005500605329871178,0.004145007114857435
mlp_3x128_gelu_dropout_l2,5,5,500,0.005502806976437569,0.004147147294133902
mlp_3x128_gelu_dropout_l2,5,30,1,0.09939315915107727,0.04431230574846268
mlp_3x128_gelu_dropout_l2,5,30,2,0.045364342629909515,0.032698653638362885
mlp_3x128_gelu_dropout_l2,5,30,3,0.03368985652923584,0.026616636663675308
mlp_3x128_gelu_dropout_l2,5,30,4,0.027648428454995155,0.022947905585169792
mlp_3x128_gelu_dropout_l2,5,30,5,0.02342992089688778,0.019830476492643356
mlp_3x128_gelu_dropout_l2,5,30,6,0.019966112449765205,0.01706310734152794
mlp_3x128_gelu_dropout_l2,5,30,7,0.017055124044418335,0.01455114595592022
mlp_3x128_gelu_dropout_l2,5,30,8,0.014578859321773052,0.012677568010985851
mlp_3x128_gelu_dropout_l2,5,30,9,0.012580783106386662,0.010907766409218311
mlp_3x128_gelu_dropout_l2,5,30,10,0.01092793233692646,0.00947926752269268
mlp_3x128_gelu_dropout_l2,5,30,11,0.00958392582833767,0.00831765029579401
mlp_3x128_gelu_dropout_l2,5,30,12,0.008467262610793114,0.00733775831758976
mlp_3x128_gelu_dropout_l2,5,30,13,0.0075349826365709305,0.00650787865743041
mlp_3x128_gelu_dropout_l2,5,30,14,0.006739588920027018,0.005801021121442318
mlp_3x128_gelu_dropout_l2,5,30,15,0.006077737081795931,0.005204210057854652
mlp_3x128_gelu_dropout_l2,5,30,16,0.005512043833732605,0.004681798163801432
mlp_3x128_gelu_dropout_l2,5,30,17,0.005029341205954552,0.004246436059474945
mlp_3x128_gelu_dropout_l2,5,30,18,0.0046186670660972595,0.0038756222929805517
mlp_3x128_gelu_dropout_l2,5,30,19,0.00427051680162549,0.0035614967346191406
mlp_3x128_gelu_dropout_l2,5,30,20,0.003976988606154919,0.0032934562768787146
mlp_3x128_gelu_dropout_l2,5,30,21,0.0037229186855256557,0.0030807708390057087
mlp_3x128_gelu_dropout_l2,5,30,22,0.00350718735717237,0.0028809020295739174
mlp_3x128_gelu_dropout_l2,5,30,23,0.0033141514286398888,0.002721044234931469
mlp_3x128_gelu_dropout_l2,5,30,24,0.0031548957340419292,0.0025671529583632946
mlp_3x128_gelu_dropout_l2,5,30,25,0.003016846254467964,0.0024432973004877567
mlp_3x128_gelu_dropout_l2,5,30,26,0.0029007811099290848,0.002324731322005391
mlp_3x128_gelu_dropout_l2,5,30,27,0.002797388471662998,0.00224118260666728
mlp_3x128_gelu_dropout_l2,5,30,28,0.0027183808851987123,0.002162020420655608
mlp_3x128_gelu_dropout_l2,5,30,29,0.002646509325131774,0.0020815592724829912
mlp_3x128_gelu_dropout_l2,5,30,30,0.002586482558399439,0.0020309067331254482
mlp_3x128_gelu_dropout_l2,5,30,31,0.002537402557209134,0.0019831189420074224
mlp_3x128_gelu_dropout_l2,5,30,32,0.0024933936074376106,0.0019394248956814408
mlp_3x128_gelu_dropout_l2,5,30,33,0.0024576943833380938,0.001900490722618997
mlp_3x128_gelu_dropout_l2,5,30,34,0.0024286953266710043,0.0018786430591717362
mlp_3x128_gelu_dropout_l2,5,30,35,0.0024055493995547295,0.0018564589554443955
mlp_3x128_gelu_dropout_l2,5,30,36,0.002384886611253023,0.0018392590573057532
mlp_3x128_gelu_dropout_l2,5,30,37,0.0023702061735093594,0.0018297592177987099
mlp_3x128_gelu_dropout_l2,5,30,38,0.0023578854743391275,0.0018110270611941814
mlp_3x128_gelu_dropout_l2,5,30,39,0.0023487729486078024,0.00180173316039145
mlp_3x128_gelu_dropout_l2,5,30,40,0.0023421323858201504,0.00178878556471318
mlp_3x128_gelu_dropout_l2,5,30,41,0.002333293668925762,0.0017797481268644333
mlp_3x128_gelu_dropout_l2,5,30,42,0.0023235047701746225,0.0017709520179778337
mlp_3x128_gelu_dropout_l2,5,30,43,0.0023166502360254526,0.0017672673566266894
mlp_3x128_gelu_dropout_l2,5,30,44,0.002310563111677766,0.0017585839377716184
mlp_3x128_gelu_dropout_l2,5,30,45,0.002305879956111312,0.001755147473886609
mlp_3x128_gelu_dropout_l2,5,30,46,0.00230073812417686,0.0017512778285890818
mlp_3x128_gelu_dropout_l2,5,30,47,0.0022965441457927227,0.0017499288078397512
mlp_3x128_gelu_dropout_l2,5,30,48,0.002292374614626169,0.0017477684887126088
mlp_3x128_gelu_dropout_l2,5,30,49,0.0022890050895512104,0.0017487802542746067
mlp_3x128_gelu_dropout_l2,5,30,50,0.0022866472136229277,0.0017428204882889986
mlp_3x128_gelu_dropout_l2,5,30,51,0.002286334754899144,0.0017439078073948622
mlp_3x128_gelu_dropout_l2,5,30,52,0.0022834790870547295,0.0017447138670831919
mlp_3x128_gelu_dropout_l2,5,30,53,0.002282046480104327,0.0017469346057623625
mlp_3x128_gelu_dropout_l2,5,30,54,0.002282739384099841,0.001744162873364985
mlp_3x128_gelu_dropout_l2,5,30,55,0.002282022265717387,0.001741897314786911
mlp_3x128_gelu_dropout_l2,5,30,56,0.002281195716932416,0.0017423706594854593
mlp_3x128_gelu_dropout_l2,5,30,57,0.0022812967654317617,0.0017415081383660436
mlp_3x128_gelu_dropout_l2,5,30,58,0.002280798740684986,0.001742022461257875
mlp_3x128_gelu_dropout_l2,5,30,59,0.002281407592818141,0.0017433424945920706
mlp_3x128_gelu_dropout_l2,5,30,60,0.0022814481053501368,0.0017385004321113229
mlp_3x128_gelu_dropout_l2,5,30,61,0.0022800920996814966,0.0017393531743437052
mlp_3x128_gelu_dropout_l2,5,30,62,0.0022797854617238045,0.0017392535228282213
mlp_3x128_gelu_dropout_l2,5,30,63,0.00227932701818645,0.0017396373441442847
mlp_3x128_gelu_dropout_l2,5,30,64,0.002279214095324278,0.0017406889237463474
mlp_3x128_gelu_dropout_l2,5,30,65,0.0022798224817961454,0.0017399567877873778
mlp_3x128_gelu_dropout_l2,5,30,66,0.0022801316808909178,0.0017380830831825733
mlp_3x128_gelu_dropout_l2,5,30,67,0.0022795049007982016,0.001739853760227561
mlp_3x128_gelu_dropout_l2,5,30,68,0.0022803177125751972,0.0017371613066643476
mlp_3x128_gelu_dropout_l2,5,30,69,0.002280107932165265,0.0017366071697324514
mlp_3x128_gelu_dropout_l2,5,30,70,0.002279028994962573,0.0017347517423331738
mlp_3x128_gelu_dropout_l2,5,30,71,0.0022796369157731533,0.001735519152134657
mlp_3x128_gelu_dropout_l2,5,30,72,0.002277990337461233,0.0017303109634667635
mlp_3x128_gelu_dropout_l2,5,30,73,0.0022777693811804056,0.0017313131829723716
mlp_3x128_gelu_dropout_l2,5,30,74,0.0022767928894609213,0.0017352744471281767
mlp_3x128_gelu_dropout_l2,5,30,75,0.002275635488331318,0.0017352774739265442
mlp_3x128_gelu_dropout_l2,5,30,76,0.002275565406307578,0.0017376067116856575
mlp_3x128_gelu_dropout_l2,5,30,77,0.0022760764695703983,0.0017389337299391627
mlp_3x128_gelu_dropout_l2,5,30,78,0.002275737002491951,0.0017412131419405341
mlp_3x128_gelu_dropout_l2,5,30,79,0.0022749672643840313,0.0017418621573597193
mlp_3x128_gelu_dropout_l2,5,30,80,0.002275305800139904,0.0017466027056798339
mlp_3x128_gelu_dropout_l2,5,30,81,0.0022770061623305082,0.0017476422945037484
mlp_3x128_gelu_dropout_l2,5,30,82,0.002279354725033045,0.0017486156430095434
mlp_3x128_gelu_dropout_l2,5,30,83,0.002281696768477559,0.001748916576616466
mlp_3x128_gelu_dropout_l2,5,30,84,0.002281916793435812,0.0017437192145735025
mlp_3x128_gelu_dropout_l2,5,30,85,0.002281219931319356,0.0017373417504131794
mlp_3x128_gelu_dropout_l2,5,30,86,0.0022799468133598566,0.0017385578248649836
mlp_3x128_gelu_dropout_l2,5,30,87,0.0022800257429480553,0.0017372070578858256
mlp_3x128_gelu_dropout_l2,5,30,88,0.002279841573908925,0.0017346267122775316
mlp_3x128_gelu_dropout_l2,5,30,89,0.002278384752571583,0.0017355834133923054
mlp_3x128_gelu_dropout_l2,5,30,90,0.002277062274515629,0.001736824749968946
mlp_3x128_gelu_dropout_l2,5,30,91,0.0022756685502827168,0.0017412352608516812
mlp_3x128_gelu_dropout_l2,5,30,92,0.0022752948570996523,0.0017434755573049188
mlp_3x128_gelu_dropout_l2,5,30,93,0.002273922087624669,0.0017427345737814903
mlp_3x128_gelu_dropout_l2,5,30,94,0.0022728480398654938,0.0017405375838279724
mlp_3x128_gelu_dropout_l2,5,30,95,0.0022725877352058887,0.001739773666486144
mlp_3x128_gelu_dropout_l2,5,30,96,0.002271952573210001,0.0017368841217830777
mlp_3x128_gelu_dropout_l2,5,30,97,0.0022719146218150854,0.0017404516693204641
mlp_3x128_gelu_dropout_l2,5,30,98,0.0022722810972481966,0.0017435320187360048
mlp_3x128_gelu_dropout_l2,5,30,99,0.0022726720198988914,0.001748042763210833
mlp_3x128_gelu_dropout_l2,5,30,100,0.0022733185905963182,0.001750523573718965
mlp_3x128_gelu_dropout_l2,5,30,101,0.002274076920002699,0.0017492305487394333
mlp_3x128_gelu_dropout_l2,5,30,102,0.0022721157874912024,0.0017485221615061164
mlp_3x128_gelu_dropout_l2,5,30,103,0.002270236611366272,0.0017462376272305846
mlp_3x128_gelu_dropout_l2,5,30,104,0.002269389806315303,0.0017440306255593896
mlp_3x128_gelu_dropout_l2,5,30,105,0.002269618446007371,0.001742905005812645
mlp_3x128_gelu_dropout_l2,5,30,106,0.002270427066832781,0.0017404233803972602
mlp_3x128_gelu_dropout_l2,5,30,107,0.002269952790811658,0.0017425274709239602
mlp_3x128_gelu_dropout_l2,5,30,108,0.002270472701638937,0.0017478016670793295
mlp_3x128_gelu_dropout_l2,5,30,109,0.002272722776979208,0.0017574898665770888
mlp_3x128_gelu_dropout_l2,5,30,110,0.0022737050894647837,0.0017609749920666218
mlp_3x128_gelu_dropout_l2,5,30,111,0.002272264799103141,0.001761054154485464
mlp_3x128_gelu_dropout_l2,5,30,112,0.002270825207233429,0.0017629237845540047
mlp_3x128_gelu_dropout_l2,5,30,113,0.00227019633166492,0.0017585793975740671
mlp_3x128_gelu_dropout_l2,5,30,114,0.002268900629132986,0.0017552536446601152
mlp_3x128_gelu_dropout_l2,5,30,115,0.0022689602337777615,0.001754513941705227
mlp_3x128_gelu_dropout_l2,5,30,116,0.002269131364300847,0.0017521621193736792
mlp_3x128_gelu_dropout_l2,5,30,117,0.002268795156851411,0.0017491886392235756
mlp_3x128_gelu_dropout_l2,5,30,118,0.002268032403662801,0.001747835660353303
mlp_3x128_gelu_dropout_l2,5,30,119,0.002267241943627596,0.0017445003613829613
mlp_3x128_gelu_dropout_l2,5,30,120,0.002266786526888609,0.0017415316542610526
mlp_3x128_gelu_dropout_l2,5,30,121,0.002267028670758009,0.001744509907439351
mlp_3x128_gelu_dropout_l2,5,30,122,0.002266176277771592,0.0017470435705035925
mlp_3x128_gelu_dropout_l2,5,30,123,0.002265690127387643,0.0017480861861258745
mlp_3x128_gelu_dropout_l2,5,30,124,0.0022651010658591986,0.0017499933019280434
mlp_3x128_gelu_dropout_l2,5,30,125,0.002264452399685979,0.0017502768896520138
mlp_3x128_gelu_dropout_l2,5,30,126,0.002263964619487524,0.001750377006828785
mlp_3x128_gelu_dropout_l2,5,30,127,0.002263895235955715,0.0017506349831819534
mlp_3x128_gelu_dropout_l2,5,30,128,0.0022641795221716166,0.0017496920190751553
mlp_3x128_gelu_dropout_l2,5,30,129,0.0022655976936221123,0.0017493945779278874
mlp_3x128_gelu_dropout_l2,5,30,130,0.002265468006953597,0.0017483326373621821
mlp_3x128_gelu_dropout_l2,5,30,131,0.002265291754156351,0.0017455504275858402
mlp_3x128_gelu_dropout_l2,5,30,132,0.0022645299322903156,0.0017436594935134053
mlp_3x128_gelu_dropout_l2,5,30,133,0.002264050766825676,0.0017438260838389397
mlp_3x128_gelu_dropout_l2,5,30,134,0.0022642933763563633,0.0017460903618484735
mlp_3x128_gelu_dropout_l2,5,30,135,0.002264689886942506,0.0017455214401707053
mlp_3x128_gelu_dropout_l2,5,30,136,0.0022638924419879913,0.0017422909149900079
mlp_3x128_gelu_dropout_l2,5,30,137,0.0022638561204075813,0.0017412940505892038
mlp_3x128_gelu_dropout_l2,5,30,138,0.0022632982581853867,0.0017391509609296918
mlp_3x128_gelu_dropout_l2,5,30,139,0.002263230737298727,0.001740709412842989
mlp_3x128_gelu_dropout_l2,5,30,140,0.0022636086214333773,0.0017422171076759696
mlp_3x128_gelu_dropout_l2,5,30,141,0.002263623056933284,0.0017438760260120034
mlp_3x128_gelu_dropout_l2,5,30,142,0.00226356228813529,0.0017433133907616138
mlp_3x128_gelu_dropout_l2,5,30,143,0.0022641057148575783,0.0017426033737137914
mlp_3x128_gelu_dropout_l2,5,30,144,0.002264205599203706,0.0017431610031053424
mlp_3x128_gelu_dropout_l2,5,30,145,0.0022629601880908012,0.0017416190821677446
mlp_3x128_gelu_dropout_l2,5,30,146,0.0022629708983004093,0.0017433129251003265
mlp_3x128_gelu_dropout_l2,5,30,147,0.0022628074511885643,0.0017419878859072924
mlp_3x128_gelu_dropout_l2,5,30,148,0.002263060538098216,0.0017404652899131179
mlp_3x128_gelu_dropout_l2,5,30,149,0.0022639993112534285,0.0017388350097462535
mlp_3x128_gelu_dropout_l2,5,30,150,0.0022635101340711117,0.0017401616787537932
mlp_3x128_gelu_dropout_l2,5,30,151,0.00226335390470922,0.0017396602779626846
mlp_3x128_gelu_dropout_l2,5,30,152,0.002263407688587904,0.001741744577884674
mlp_3x128_gelu_dropout_l2,5,30,153,0.002262919209897518,0.0017444757977500558
mlp_3x128_gelu_dropout_l2,5,30,154,0.00226368079893291,0.0017399168573319912
mlp_3x128_gelu_dropout_l2,5,30,155,0.0022642016410827637,0.0017369494307786226
mlp_3x128_gelu_dropout_l2,5,30,156,0.00226460094563663,0.0017373786540701985
mlp_3x128_gelu_dropout_l2,5,30,157,0.0022633415646851063,0.001737599028274417
mlp_3x128_gelu_dropout_l2,5,30,158,0.0022630386520177126,0.0017412464367225766
mlp_3x128_gelu_dropout_l2,5,30,159,0.0022621615789830685,0.0017400610959157348
mlp_3x128_gelu_dropout_l2,5,30,160,0.002263520611450076,0.0017373947193846107
mlp_3x128_gelu_dropout_l2,5,30,161,0.0022630621679127216,0.0017381664365530014
mlp_3x128_gelu_dropout_l2,5,30,162,0.002262488706037402,0.0017425030237063766
mlp_3x128_gelu_dropout_l2,5,30,163,0.002262297086417675,0.0017395284958183765
mlp_3x128_gelu_dropout_l2,5,30,164,0.0022627480793744326,0.0017358630429953337
mlp_3x128_gelu_dropout_l2,5,30,165,0.002263315487653017,0.001736088190227747
mlp_3x128_gelu_dropout_l2,5,30,166,0.002262585796415806,0.0017375308088958263
mlp_3x128_gelu_dropout_l2,5,30,167,0.002261926420032978,0.0017390664434060454
mlp_3x128_gelu_dropout_l2,5,30,168,0.0022625913843512535,0.0017370573477819562
mlp_3x128_gelu_dropout_l2,5,30,169,0.0022626249119639397,0.001736404956318438
mlp_3x128_gelu_dropout_l2,5,30,170,0.002262161346152425,0.0017385962419211864
mlp_3x128_gelu_dropout_l2,5,30,171,0.0022616444621235132,0.0017373876180499792
mlp_3x128_gelu_dropout_l2,5,30,172,0.002262029331177473,0.001735452562570572
mlp_3x128_gelu_dropout_l2,5,30,173,0.002262287773191929,0.0017380445497110486
mlp_3x128_gelu_dropout_l2,5,30,174,0.0022633562330156565,0.001734532997943461
mlp_3x128_gelu_dropout_l2,5,30,175,0.00226290849968791,0.0017350773559883237
mlp_3x128_gelu_dropout_l2,5,30,176,0.002261335728690028,0.0017368472181260586
mlp_3x128_gelu_dropout_l2,5,30,177,0.0022632963955402374,0.0017331463750451803
mlp_3x128_gelu_dropout_l2,5,30,178,0.002262843307107687,0.0017355831805616617
mlp_3x128_gelu_dropout_l2,5,30,179,0.0022614512126892805,0.001736014848574996
mlp_3x128_gelu_dropout_l2,5,30,180,0.0022623257245868444,0.001734671532176435
mlp_3x128_gelu_dropout_l2,5,30,181,0.002262179274111986,0.0017336010932922363
mlp_3x128_gelu_dropout_l2,5,30,182,0.0022625289857387543,0.0017359695630148053
mlp_3x128_gelu_dropout_l2,5,30,183,0.002262903144583106,0.0017304134089499712
mlp_3x128_gelu_dropout_l2,5,30,184,0.0022631115280091763,0.0017361118225380778
mlp_3x128_gelu_dropout_l2,5,30,185,0.002264634007588029,0.0017278295708820224
mlp_3x128_gelu_dropout_l2,5,30,186,0.0022644735872745514,0.0017322504427284002
mlp_3x128_gelu_dropout_l2,5,30,187,0.002262500114738941,0.001732092583552003
mlp_3x128_gelu_dropout_l2,5,30,188,0.002263055182993412,0.0017299208557233214
mlp_3x128_gelu_dropout_l2,5,30,189,0.002263003261759877,0.0017319006146863103
mlp_3x128_gelu_dropout_l2,5,30,190,0.002262590453028679,0.0017334531294181943
mlp_3x128_gelu_dropout_l2,5,30,191,0.002263068687170744,0.001730369753204286
mlp_3x128_gelu_dropout_l2,5,30,192,0.0022625818382948637,0.0017318278551101685
mlp_3x128_gelu_dropout_l2,5,30,193,0.0022634316701442003,0.001730292453430593
mlp_3x128_gelu_dropout_l2,5,30,194,0.0022626391146332026,0.0017300875624641776
mlp_3x128_gelu_dropout_l2,5,30,195,0.0022622165270149708,0.001731234835460782
mlp_3x128_gelu_dropout_l2,5,30,196,0.00226286961697042,0.0017329195979982615
mlp_3x128_gelu_dropout_l2,5,30,197,0.0022654461208730936,0.0017305004876106977
mlp_3x128_gelu_dropout_l2,5,30,198,0.0022658114321529865,0.0017277756705880165
mlp_3x128_gelu_dropout_l2,5,30,199,0.002262535272166133,0.0017347345128655434
mlp_3x128_gelu_dropout_l2,5,30,200,0.002263555070385337,0.0017329644178971648
mlp_3x128_gelu_dropout_l2,5,30,201,0.002263647736981511,0.0017290813848376274
mlp_3x128_gelu_dropout_l2,5,30,202,0.0022656756918877363,0.0017334710573777556
mlp_3x128_gelu_dropout_l2,5,30,203,0.0022655727807432413,0.0017350197304040194
mlp_3x128_gelu_dropout_l2,5,30,204,0.0022663911804556847,0.001731684897094965
mlp_3x128_gelu_dropout_l2,5,30,205,0.002267903881147504,0.0017293805722147226
mlp_3x128_gelu_dropout_l2,5,30,206,0.002261543180793524,0.0017365480307489634
mlp_3x128_gelu_dropout_l2,5,30,207,0.0022625376004725695,0.0017318099271506071
mlp_3x128_gelu_dropout_l2,5,30,208,0.002263012807816267,0.0017313652206212282
mlp_3x128_gelu_dropout_l2,5,30,209,0.002262590453028679,0.001731914235278964
mlp_3x128_gelu_dropout_l2,5,30,210,0.002261730609461665,0.0017302269116044044
mlp_3x128_gelu_dropout_l2,5,30,211,0.002262392081320286,0.0017301320331171155
mlp_3x128_gelu_dropout_l2,5,30,212,0.0022627345751971006,0.001732598408125341
mlp_3x128_gelu_dropout_l2,5,30,213,0.002264380222186446,0.0017349414993077517
mlp_3x128_gelu_dropout_l2,5,30,214,0.0022643813863396645,0.0017267890507355332
mlp_3x128_gelu_dropout_l2,5,30,215,0.002264187438413501,0.0017302240012213588
mlp_3x128_gelu_dropout_l2,5,30,216,0.0022663245908915997,0.0017271448159590364
mlp_3x128_gelu_dropout_l2,5,30,217,0.0022625792771577835,0.0017331924755126238
mlp_3x128_gelu_dropout_l2,5,30,218,0.0022646072320640087,0.0017280643805861473
mlp_3x128_gelu_dropout_l2,5,30,219,0.002264115260913968,0.0017362774815410376
mlp_3x128_gelu_dropout_l2,5,30,220,0.0022674098145216703,0.0017327527748420835
mlp_3x128_gelu_dropout_l2,5,30,221,0.0022672254126518965,0.001756269601173699
mlp_3x128_gelu_dropout_l2,5,30,222,0.0022683944553136826,0.0017309107352048159
mlp_3x128_gelu_dropout_l2,5,30,223,0.002264723414555192,0.0017580032581463456
mlp_3x128_gelu_dropout_l2,5,30,224,0.0022698817774653435,0.0017386407125741243
mlp_3x128_gelu_dropout_l2,5,30,225,0.0022635068744421005,0.0017599171260371804
mlp_3x128_gelu_dropout_l2,5,30,226,0.0022734093945473433,0.0017403258243575692
mlp_3x128_gelu_dropout_l2,5,30,227,0.0022658181842416525,0.0017449622973799706
mlp_3x128_gelu_dropout_l2,5,30,228,0.002265509683638811,0.0017384252278134227
mlp_3x128_gelu_dropout_l2,5,30,229,0.002267491305246949,0.0017379703931510448
mlp_3x128_gelu_dropout_l2,5,30,230,0.0022747530601918697,0.0017443971009925008
mlp_3x128_gelu_dropout_l2,5,30,231,0.0022633697371929884,0.0017419572686776519
mlp_3x128_gelu_dropout_l2,5,30,232,0.0022671374026685953,0.0017394083552062511
mlp_3x128_gelu_dropout_l2,5,30,233,0.002264317125082016,0.0017410091822966933
mlp_3x128_gelu_dropout_l2,5,30,234,0.0022638302762061357,0.0017366227693855762
mlp_3x128_gelu_dropout_l2,5,30,235,0.0022671986371278763,0.0017410335130989552
mlp_3x128_gelu_dropout_l2,5,30,236,0.002269165124744177,0.001740321284160018
mlp_3x128_gelu_dropout_l2,5,30,237,0.002270069904625416,0.0017511210171505809
mlp_3x128_gelu_dropout_l2,5,30,238,0.0022709593176841736,0.001742699183523655
mlp_3x128_gelu_dropout_l2,5,30,239,0.00226850644685328,0.0017458607908338308
mlp_3x128_gelu_dropout_l2,5,30,240,0.002264553913846612,0.0017353988951072097
mlp_3x128_gelu_dropout_l2,5,30,241,0.0022678400855511427,0.0017338632605969906
mlp_3x128_gelu_dropout_l2,5,30,242,0.002266421914100647,0.0017342756036669016
mlp_3x128_gelu_dropout_l2,5,30,243,0.002266900148242712,0.0017316412413492799
mlp_3x128_gelu_dropout_l2,5,30,244,0.0022667543962597847,0.001737249200232327
mlp_3x128_gelu_dropout_l2,5,30,245,0.00226612132973969,0.0017295731231570244
mlp_3x128_gelu_dropout_l2,5,30,246,0.0022696934174746275,0.0017414374742656946
mlp_3x128_gelu_dropout_l2,5,30,247,0.0022705690935254097,0.0017357717733830214
mlp_3x128_gelu_dropout_l2,5,30,248,0.002268908778205514,0.001728303381241858
mlp_3x128_gelu_dropout_l2,5,30,249,0.0022723940201103687,0.0017383990343660116
mlp_3x128_gelu_dropout_l2,5,30,250,0.0022665702272206545,0.0017421429511159658
mlp_3x128_gelu_dropout_l2,5,30,251,0.002266653347760439,0.0017504064599052072
mlp_3x128_gelu_dropout_l2,5,30,252,0.0022670915350317955,0.001748779322952032
mlp_3x128_gelu_dropout_l2,5,30,253,0.002269903663545847,0.001747426576912403
mlp_3x128_gelu_dropout_l2,5,30,254,0.0022719628177583218,0.001747528207488358
mlp_3x128_gelu_dropout_l2,5,30,255,0.0022702859714627266,0.001746250782161951
mlp_3x128_gelu_dropout_l2,5,30,256,0.002265017246827483,0.0017420341027900577
mlp_3x128_gelu_dropout_l2,5,30,257,0.002270732307806611,0.0017383737722411752
mlp_3x128_gelu_dropout_l2,5,30,258,0.002266177674755454,0.0017456600908190012
mlp_3x128_gelu_dropout_l2,5,30,259,0.002265973249450326,0.00173805165104568
mlp_3x128_gelu_dropout_l2,5,30,260,0.0022679793182760477,0.0017428003484383225
mlp_3x128_gelu_dropout_l2,5,30,261,0.002263965317979455,0.0017348635010421276
mlp_3x128_gelu_dropout_l2,5,30,262,0.0022614356130361557,0.0017360474448651075
mlp_3x128_gelu_dropout_l2,5,30,263,0.002264692448079586,0.001728217350319028
mlp_3x128_gelu_dropout_l2,5,30,264,0.0022616619244217873,0.0017331087728962302
mlp_3x128_gelu_dropout_l2,5,30,265,0.0022660468239337206,0.0017291369149461389
mlp_3x128_gelu_dropout_l2,5,30,266,0.0022656191140413284,0.0017320056213065982
mlp_3x128_gelu_dropout_l2,5,30,267,0.0022645152639597654,0.0017297883750870824
mlp_3x128_gelu_dropout_l2,5,30,268,0.0022666752338409424,0.0017330195987597108
mlp_3x128_gelu_dropout_l2,5,30,269,0.002264545299112797,0.001738166669383645
mlp_3x128_gelu_dropout_l2,5,30,270,0.002266263123601675,0.0017273981356993318
mlp_3x128_gelu_dropout_l2,5,30,271,0.002269154181703925,0.0017402453813701868
mlp_3x128_gelu_dropout_l2,5,30,272,0.002267206320539117,0.0017299619503319263
mlp_3x128_gelu_dropout_l2,5,30,273,0.002266569994390011,0.001739543047733605
mlp_3x128_gelu_dropout_l2,5,30,274,0.0022669874597340822,0.0017336384626105428
mlp_3x128_gelu_dropout_l2,5,30,275,0.0022665502037853003,0.0017395480535924435
mlp_3x128_gelu_dropout_l2,5,30,276,0.002268709009513259,0.0017389997374266386
mlp_3x128_gelu_dropout_l2,5,30,277,0.0022650854662060738,0.0017480556853115559
mlp_3x128_gelu_dropout_l2,5,30,278,0.002270822413265705,0.0017415947513654828
mlp_3x128_gelu_dropout_l2,5,30,279,0.0022645550779998302,0.0017505481373518705
mlp_3x128_gelu_dropout_l2,5,30,280,0.0022704910952597857,0.0017370493151247501
mlp_3x128_gelu_dropout_l2,5,30,281,0.0022681509144604206,0.001751526608131826
mlp_3x128_gelu_dropout_l2,5,30,282,0.0022741518914699554,0.0017303766217082739
mlp_3x128_gelu_dropout_l2,5,30,283,0.002272161655128002,0.0017587225884199142
mlp_3x128_gelu_dropout_l2,5,30,284,0.002268926240503788,0.001745831104926765
mlp_3x128_gelu_dropout_l2,5,30,285,0.002264196751639247,0.0017409384017810225
mlp_3x128_gelu_dropout_l2,5,30,286,0.0022659392561763525,0.001738030812703073
mlp_3x128_gelu_dropout_l2,5,30,287,0.0022729062475264072,0.0017349016852676868
mlp_3x128_gelu_dropout_l2,5,30,288,0.002275214996188879,0.0017390837892889977
mlp_3x128_gelu_dropout_l2,5,30,289,0.0022701267153024673,0.001741115702316165
mlp_3x128_gelu_dropout_l2,5,30,290,0.0022687988821417093,0.0017337759491056204
mlp_3x128_gelu_dropout_l2,5,30,291,0.0022662216797471046,0.0017414017347618937
mlp_3x128_gelu_dropout_l2,5,30,292,0.0022674105130136013,0.0017436844063922763
mlp_3x128_gelu_dropout_l2,5,30,293,0.0022660938557237387,0.0017544515430927277
mlp_3x128_gelu_dropout_l2,5,30,294,0.002264546463266015,0.0017383862286806107
mlp_3x128_gelu_dropout_l2,5,30,295,0.0022647930309176445,0.0017444425029680133
mlp_3x128_gelu_dropout_l2,5,30,296,0.002276955870911479,0.0017514985520392656
mlp_3x128_gelu_dropout_l2,5,30,297,0.002269068965688348,0.0017399957869201899
mlp_3x128_gelu_dropout_l2,5,30,298,0.0022694612853229046,0.0017409707652404904
mlp_3x128_gelu_dropout_l2,5,30,299,0.002272181911394,0.0017384490929543972
mlp_3x128_gelu_dropout_l2,5,30,300,0.0022684538271278143,0.0017316235462203622
mlp_3x128_gelu_dropout_l2,5,30,301,0.002272263867780566,0.0017380071803927422
mlp_3x128_gelu_dropout_l2,5,30,302,0.0022671923507004976,0.0017458568327128887
mlp_3x128_gelu_dropout_l2,5,30,303,0.002265298506245017,0.0017534045036882162
mlp_3x128_gelu_dropout_l2,5,30,304,0.002266433322802186,0.0017447685822844505
mlp_3x128_gelu_dropout_l2,5,30,305,0.0022781617008149624,0.0017422233941033483
mlp_3x128_gelu_dropout_l2,5,30,306,0.0022720445413142443,0.0017460585804656148
mlp_3x128_gelu_dropout_l2,5,30,307,0.0022753148805350065,0.001731239608488977
mlp_3x128_gelu_dropout_l2,5,30,308,0.002267085947096348,0.00174626091029495
mlp_3x128_gelu_dropout_l2,5,30,309,0.0022703148424625397,0.0017342347418889403
mlp_3x128_gelu_dropout_l2,5,30,310,0.0022715481463819742,0.0017412416636943817
mlp_3x128_gelu_dropout_l2,5,30,311,0.0022648070007562637,0.0017411841545253992
mlp_3x128_gelu_dropout_l2,5,30,312,0.002268152544274926,0.001740738283842802
mlp_3x128_gelu_dropout_l2,5,30,313,0.002266335766762495,0.0017447825521230698
mlp_3x128_gelu_dropout_l2,5,30,314,0.002273302525281906,0.001737402519211173
mlp_3x128_gelu_dropout_l2,5,30,315,0.0022714727092534304,0.001738529303111136
mlp_3x128_gelu_dropout_l2,5,30,316,0.002269262680783868,0.0017395585309714079
mlp_3x128_gelu_dropout_l2,5,30,317,0.0022647164296358824,0.001738663180731237
mlp_3x128_gelu_dropout_l2,5,30,318,0.0022663502022624016,0.001739842351526022
mlp_3x128_gelu_dropout_l2,5,30,319,0.00226798839867115,0.001745939371176064
mlp_3x128_gelu_dropout_l2,5,30,320,0.0022663846611976624,0.001743569504469633
mlp_3x128_gelu_dropout_l2,5,30,321,0.0022674265783280134,0.0017472166800871491
mlp_3x128_gelu_dropout_l2,5,30,322,0.0022734927479177713,0.0017279895255342126
mlp_3x128_gelu_dropout_l2,5,30,323,0.0022620130330324173,0.0017447486752644181
mlp_3x128_gelu_dropout_l2,5,30,324,0.002277090447023511,0.001733459415845573
mlp_3x128_gelu_dropout_l2,5,30,325,0.00226625450886786,0.0017389298882335424
mlp_3x128_gelu_dropout_l2,5,30,326,0.0022751102223992348,0.0017340538324788213
mlp_3x128_gelu_dropout_l2,5,30,327,0.002266531577333808,0.0017455883789807558
mlp_3x128_gelu_dropout_l2,5,30,328,0.0022810620721429586,0.0017373912269249558
mlp_3x128_gelu_dropout_l2,5,30,329,0.0022662398405373096,0.0017592604272067547
mlp_3x128_gelu_dropout_l2,5,30,330,0.0022718319669365883,0.0017325704684481025
mlp_3x128_gelu_dropout_l2,5,30,331,0.0022694054059684277,0.0017454130575060844
mlp_3x128_gelu_dropout_l2,5,30,332,0.0022681530099362135,0.0017367341788485646
mlp_3x128_gelu_dropout_l2,5,30,333,0.002265252871438861,0.0017482236726209521
mlp_3x128_gelu_dropout_l2,5,30,334,0.002266687573865056,0.001747540314681828
mlp_3x128_gelu_dropout_l2,5,30,335,0.0022620875388383865,0.0017464912962168455
mlp_3x128_gelu_dropout_l2,5,30,336,0.002269103890284896,0.0017422549426555634
mlp_3x128_gelu_dropout_l2,5,30,337,0.0022662014234811068,0.0017321472987532616
mlp_3x128_gelu_dropout_l2,5,30,338,0.002269814722239971,0.0017389081185683608
mlp_3x128_gelu_dropout_l2,5,30,339,0.002266538329422474,0.0017378160264343023
mlp_3x128_gelu_dropout_l2,5,30,340,0.002266668016090989,0.0017425729893147945
mlp_3x128_gelu_dropout_l2,5,30,341,0.002266331808641553,0.001743020606227219
mlp_3x128_gelu_dropout_l2,5,30,342,0.0022696710657328367,0.0017370461719110608
mlp_3x128_gelu_dropout_l2,5,30,343,0.002272603567689657,0.0017536482773721218
mlp_3x128_gelu_dropout_l2,5,30,344,0.0022663939744234085,0.0017278669402003288
mlp_3x128_gelu_dropout_l2,5,30,345,0.0022715553641319275,0.001731300842948258
mlp_3x128_gelu_dropout_l2,5,30,346,0.0022757474798709154,0.0017337448662146926
mlp_3x128_gelu_dropout_l2,5,30,347,0.002272895071655512,0.0017555495724081993
mlp_3x128_gelu_dropout_l2,5,30,348,0.0022715372033417225,0.0017297148006036878
mlp_3x128_gelu_dropout_l2,5,30,349,0.0022672933991998434,0.0017362273065373302
mlp_3x128_gelu_dropout_l2,5,30,350,0.002266082214191556,0.001734742894768715
mlp_3x128_gelu_dropout_l2,5,30,351,0.002266626339405775,0.0017396651674062014
mlp_3x128_gelu_dropout_l2,5,30,352,0.0022663644049316645,0.0017412713496014476
mlp_3x128_gelu_dropout_l2,5,30,353,0.0022659688256680965,0.0017443813849240541
mlp_3x128_gelu_dropout_l2,5,30,354,0.0022683690767735243,0.001741911401040852
mlp_3x128_gelu_dropout_l2,5,30,355,0.0022624304983764887,0.001736082136631012
mlp_3x128_gelu_dropout_l2,5,30,356,0.0022757090628147125,0.0017664754996076226
mlp_3x128_gelu_dropout_l2,5,30,357,0.002270500408485532,0.0017413693713024259
mlp_3x128_gelu_dropout_l2,5,30,358,0.0022695877123624086,0.0017386568943038583
mlp_3x128_gelu_dropout_l2,5,30,359,0.002273299964144826,0.001742493244819343
mlp_3x128_gelu_dropout_l2,5,30,360,0.0022655008360743523,0.001734249060973525
mlp_3x128_gelu_dropout_l2,5,30,361,0.0022716496605426073,0.0017455621855333447
mlp_3x128_gelu_dropout_l2,5,30,362,0.0022670363541692495,0.0017322890926152468
mlp_3x128_gelu_dropout_l2,5,30,363,0.0022711281199008226,0.0017439804505556822
mlp_3x128_gelu_dropout_l2,5,30,364,0.002271415898576379,0.0017349596600979567
mlp_3x128_gelu_dropout_l2,5,30,365,0.0022717739921063185,0.0017318733735010028
mlp_3x128_gelu_dropout_l2,5,30,366,0.002267518313601613,0.0017482780385762453
mlp_3x128_gelu_dropout_l2,5,30,367,0.0022645003627985716,0.0017328319372609258
mlp_3x128_gelu_dropout_l2,5,30,368,0.002266775583848357,0.0017350197304040194
mlp_3x128_gelu_dropout_l2,5,30,369,0.0022668344900012016,0.0017375294119119644
mlp_3x128_gelu_dropout_l2,5,30,370,0.002265768591314554,0.0017449099104851484
mlp_3x128_gelu_dropout_l2,5,30,371,0.0022723227739334106,0.001737401238642633
mlp_3x128_gelu_dropout_l2,5,30,372,0.002269274089485407,0.001737640704959631
mlp_3x128_gelu_dropout_l2,5,30,373,0.002269262680783868,0.0017424908000975847
mlp_3x128_gelu_dropout_l2,5,30,374,0.0022705853916704655,0.0017444497207179666
mlp_3x128_gelu_dropout_l2,5,30,375,0.0022712787613272667,0.0017379753990098834
mlp_3x128_gelu_dropout_l2,5,30,376,0.002273830585181713,0.0017529777251183987
mlp_3x128_gelu_dropout_l2,5,30,377,0.0022755498066544533,0.0017439353978261352
mlp_3x128_gelu_dropout_l2,5,30,378,0.0022718359250575304,0.0017319803591817617
mlp_3x128_gelu_dropout_l2,5,30,379,0.0022686778102070093,0.0017334044678136706
mlp_3x128_gelu_dropout_l2,5,30,380,0.002266143448650837,0.0017352901631966233
mlp_3x128_gelu_dropout_l2,5,30,381,0.0022682021372020245,0.0017447168938815594
mlp_3x128_gelu_dropout_l2,5,30,382,0.002269913675263524,0.0017383843660354614
mlp_3x128_gelu_dropout_l2,5,30,383,0.002268165349960327,0.0017501101829111576
mlp_3x128_gelu_dropout_l2,5,30,384,0.0022732445504516363,0.0017395864706486464
mlp_3x128_gelu_dropout_l2,5,30,385,0.00226329592987895,0.0017518989043310285
mlp_3x128_gelu_dropout_l2,5,30,386,0.0022709076292812824,0.0017481227405369282
mlp_3x128_gelu_dropout_l2,5,30,387,0.0022673620842397213,0.0017397687770426273
mlp_3x128_gelu_dropout_l2,5,30,388,0.002266321098431945,0.001749419025145471
mlp_3x128_gelu_dropout_l2,5,30,389,0.0022831822279840708,0.0017407049890607595
mlp_3x128_gelu_dropout_l2,5,30,390,0.002272013109177351,0.0017387187108397484
mlp_3x128_gelu_dropout_l2,5,30,391,0.0022710533812642097,0.001732461852952838
mlp_3x128_gelu_dropout_l2,5,30,392,0.0022729523479938507,0.0017471875762566924
mlp_3x128_gelu_dropout_l2,5,30,393,0.0022740247659385204,0.001737156417220831
mlp_3x128_gelu_dropout_l2,5,30,394,0.00227367109619081,0.0017342870123684406
mlp_3x128_gelu_dropout_l2,5,30,395,0.0022726249881088734,0.0017313852440565825
mlp_3x128_gelu_dropout_l2,5,30,396,0.0022634633351117373,0.0017392273293808103
mlp_3x128_gelu_dropout_l2,5,30,397,0.0022643948905169964,0.001728037721477449
mlp_3x128_gelu_dropout_l2,5,30,398,0.002262445632368326,0.0017324949149042368
mlp_3x128_gelu_dropout_l2,5,30,399,0.0022642682306468487,0.0017308092210441828
mlp_3x128_gelu_dropout_l2,5,30,400,0.002266291528940201,0.0017340292688459158
mlp_3x128_gelu_dropout_l2,5,30,401,0.0022655671928077936,0.001732034608721733
mlp_3x128_gelu_dropout_l2,5,30,402,0.002266197931021452,0.0017381410580128431
mlp_3x128_gelu_dropout_l2,5,30,403,0.002269718097522855,0.0017366880783811212
mlp_3x128_gelu_dropout_l2,5,30,404,0.0022667022421956062,0.0017463646363466978
mlp_3x128_gelu_dropout_l2,5,30,405,0.002272056881338358,0.0017309145769104362
mlp_3x128_gelu_dropout_l2,5,30,406,0.002263409551233053,0.0017415187321603298
mlp_3x128_gelu_dropout_l2,5,30,407,0.0022728003095835447,0.001738930237479508
mlp_3x128_gelu_dropout_l2,5,30,408,0.0022645057179033756,0.0017408875282853842
mlp_3x128_gelu_dropout_l2,5,30,409,0.00226761307567358,0.0017368394182994962
mlp_3x128_gelu_dropout_l2,5,30,410,0.0022715399973094463,0.0017448703292757273
mlp_3x128_gelu_dropout_l2,5,30,411,0.002270151861011982,0.0017495471984148026
mlp_3x128_gelu_dropout_l2,5,30,412,0.002267638221383095,0.00174079486168921
mlp_3x128_gelu_dropout_l2,5,30,413,0.002265655668452382,0.0017319789621978998
mlp_3x128_gelu_dropout_l2,5,30,414,0.0022660475224256516,0.0017402585363015532
mlp_3x128_gelu_dropout_l2,5,30,415,0.0022677441593259573,0.0017393175512552261
mlp_3x128_gelu_dropout_l2,5,30,416,0.0022677064407616854,0.0017390871653333306
mlp_3x128_gelu_dropout_l2,5,30,417,0.0022672084160149097,0.0017525684088468552
mlp_3x128_gelu_dropout_l2,5,30,418,0.0022663576528429985,0.0017409005668014288
mlp_3x128_gelu_dropout_l2,5,30,419,0.0022672777995467186,0.001743701403029263
mlp_3x128_gelu_dropout_l2,5,30,420,0.002266219351440668,0.001745408633723855
mlp_3x128_gelu_dropout_l2,5,30,421,0.002269377699121833,0.0017435284098610282
mlp_3x128_gelu_dropout_l2,5,30,422,0.002272179815918207,0.0017522011185064912
mlp_3x128_gelu_dropout_l2,5,30,423,0.0022750706411898136,0.001740888925269246
mlp_3x128_gelu_dropout_l2,5,30,424,0.002261565998196602,0.0017499104142189026
mlp_3x128_gelu_dropout_l2,5,30,425,0.002269991673529148,0.0017405773978680372
mlp_3x128_gelu_dropout_l2,5,30,426,0.0022650957107543945,0.0017342704813927412
mlp_3x128_gelu_dropout_l2,5,30,427,0.002267152536660433,0.0017565165180712938
mlp_3x128_gelu_dropout_l2,5,30,428,0.0022618556395173073,0.0017354327719658613
mlp_3x128_gelu_dropout_l2,5,30,429,0.002282894216477871,0.001733268378302455
mlp_3x128_gelu_dropout_l2,5,30,430,0.0022688235621899366,0.001761240535415709
mlp_3x128_gelu_dropout_l2,5,30,431,0.0022674384526908398,0.0017333825817331672
mlp_3x128_gelu_dropout_l2,5,30,432,0.0022674824576824903,0.0017339386977255344
mlp_3x128_gelu_dropout_l2,5,30,433,0.0022645711433142424,0.0017320450861006975
mlp_3x128_gelu_dropout_l2,5,30,434,0.0022640114184468985,0.0017328073736280203
mlp_3x128_gelu_dropout_l2,5,30,435,0.0022630125749856234,0.0017307206289842725
mlp_3x128_gelu_dropout_l2,5,30,436,0.0022645078133791685,0.0017313881544396281
mlp_3x128_gelu_dropout_l2,5,30,437,0.0022666773293167353,0.0017371579306200147
mlp_3x128_gelu_dropout_l2,5,30,438,0.0022650747559964657,0.001735864905640483
mlp_3x128_gelu_dropout_l2,5,30,439,0.0022677285596728325,0.0017371675930917263
mlp_3x128_gelu_dropout_l2,5,30,440,0.002262637484818697,0.0017452934989705682
mlp_3x128_gelu_dropout_l2,5,30,441,0.002270021243020892,0.0017540225526317954
mlp_3x128_gelu_dropout_l2,5,30,442,0.002260158769786358,0.0017319114413112402
mlp_3x128_gelu_dropout_l2,5,30,443,0.002271742792800069,0.0017421265365555882
mlp_3x128_gelu_dropout_l2,5,30,444,0.002263613510876894,0.0017307387897744775
mlp_3x128_gelu_dropout_l2,5,30,445,0.0022677858360111713,0.0017595463432371616
mlp_3x128_gelu_dropout_l2,5,30,446,0.0022765323519706726,0.0017327788518741727
mlp_3x128_gelu_dropout_l2,5,30,447,0.0022811233066022396,0.0017604128224775195
mlp_3x128_gelu_dropout_l2,5,30,448,0.0022643571719527245,0.001738301943987608
mlp_3x128_gelu_dropout_l2,5,30,449,0.00227382336743176,0.0017483877018094063
mlp_3x128_gelu_dropout_l2,5,30,450,0.002265508286654949,0.001731851720251143
mlp_3x128_gelu_dropout_l2,5,30,451,0.0022653727792203426,0.0017376909963786602
mlp_3x128_gelu_dropout_l2,5,30,452,0.0022652035113424063,0.0017358912155032158
mlp_3x128_gelu_dropout_l2,5,30,453,0.002264660317450762,0.001734285382553935
mlp_3x128_gelu_dropout_l2,5,30,454,0.002263392088934779,0.00173275638371706
mlp_3x128_gelu_dropout_l2,5,30,455,0.0022644426207989454,0.001733099576085806
mlp_3x128_gelu_dropout_l2,5,30,456,0.0022654463537037373,0.0017322819912806153
mlp_3x128_gelu_dropout_l2,5,30,457,0.002265957184135914,0.001730621326714754
mlp_3x128_gelu_dropout_l2,5,30,458,0.0022668717429041862,0.0017318372847512364
mlp_3x128_gelu_dropout_l2,5,30,459,0.00226570013910532,0.0017336370656266809
mlp_3x128_gelu_dropout_l2,5,30,460,0.002266614930704236,0.0017313513671979308
mlp_3x128_gelu_dropout_l2,5,30,461,0.002271556993946433,0.001737514277920127
mlp_3x128_gelu_dropout_l2,5,30,462,0.002270867582410574,0.0017372008878737688
mlp_3x128_gelu_dropout_l2,5,30,463,0.0022716920357197523,0.0017434506444260478
mlp_3x128_gelu_dropout_l2,5,30,464,0.0022700312547385693,0.0017355435993522406
mlp_3x128_gelu_dropout_l2,5,30,465,0.002281798282638192,0.0017563379369676113
mlp_3x128_gelu_dropout_l2,5,30,466,0.0022666198201477528,0.0017528024036437273
mlp_3x128_gelu_dropout_l2,5,30,467,0.002280500251799822,0.001742869266308844
mlp_3x128_gelu_dropout_l2,5,30,468,0.0022658659145236015,0.0017314625438302755
mlp_3x128_gelu_dropout_l2,5,30,469,0.002272423356771469,0.0017483283299952745
mlp_3x128_gelu_dropout_l2,5,30,470,0.0022658267989754677,0.0017348589608445764
mlp_3x128_gelu_dropout_l2,5,30,471,0.002270159777253866,0.0017461719689890742
mlp_3x128_gelu_dropout_l2,5,30,472,0.002268808661028743,0.001737974933348596
mlp_3x128_gelu_dropout_l2,5,30,473,0.002269503427669406,0.0017365006497129798
mlp_3x128_gelu_dropout_l2,5,30,474,0.0022702717687934637,0.0017360373167321086
mlp_3x128_gelu_dropout_l2,5,30,475,0.002266982104629278,0.0017360752681270242
mlp_3x128_gelu_dropout_l2,5,30,476,0.002268975367769599,0.0017338083125650883
mlp_3x128_gelu_dropout_l2,5,30,477,0.002264644717797637,0.0017350572161376476
mlp_3x128_gelu_dropout_l2,5,30,478,0.0022639574017375708,0.0017308146925643086
mlp_3x128_gelu_dropout_l2,5,30,479,0.0022640267852693796,0.0017286482034251094
mlp_3x128_gelu_dropout_l2,5,30,480,0.0022643583361059427,0.0017329435795545578
mlp_3x128_gelu_dropout_l2,5,30,481,0.0022657550871372223,0.0017295723082497716
mlp_3x128_gelu_dropout_l2,5,30,482,0.0022650433238595724,0.0017345696687698364
mlp_3x128_gelu_dropout_l2,5,30,483,0.0022638957016170025,0.0017300051404163241
mlp_3x128_gelu_dropout_l2,5,30,484,0.00226740725338459,0.0017408025451004505
mlp_3x128_gelu_dropout_l2,5,30,485,0.0022669516038149595,0.0017371522262692451
mlp_3x128_gelu_dropout_l2,5,30,486,0.002265587216243148,0.0017393736634403467
mlp_3x128_gelu_dropout_l2,5,30,487,0.0022684375289827585,0.001764354296028614
mlp_3x128_gelu_dropout_l2,5,30,488,0.00226020161062479,0.0017267265357077122
mlp_3x128_gelu_dropout_l2,5,30,489,0.0022789693903177977,0.0017472158651798964
mlp_3x128_gelu_dropout_l2,5,30,490,0.0022720785345882177,0.001730524585582316
mlp_3x128_gelu_dropout_l2,5,30,491,0.0022707979660481215,0.0017494866624474525
mlp_3x128_gelu_dropout_l2,5,30,492,0.0022697588428854942,0.0017552066128700972
mlp_3x128_gelu_dropout_l2,5,30,493,0.0022797994315624237,0.001737365499138832
mlp_3x128_gelu_dropout_l2,5,30,494,0.0022620856761932373,0.0017499275272712111
mlp_3x128_gelu_dropout_l2,5,30,495,0.002268235431984067,0.0017349068075418472
mlp_3x128_gelu_dropout_l2,5,30,496,0.002264999086037278,0.0017354467418044806
mlp_3x128_gelu_dropout_l2,5,30,497,0.00226504891179502,0.0017343431245535612
mlp_3x128_gelu_dropout_l2,5,30,498,0.0022645622957497835,0.0017320490442216396
mlp_3x128_gelu_dropout_l2,5,30,499,0.0022636193316429853,0.0017336953897029161
mlp_3x128_gelu_dropout_l2,5,30,500,0.002264119917526841,0.0017324326327070594
mlp_3x128_gelu_dropout_l2,5,90,1,0.0995057076215744,0.044378623366355896
mlp_3x128_gelu_dropout_l2,5,90,2,0.04540206119418144,0.03246138244867325
mlp_3x128_gelu_dropout_l2,5,90,3,0.0336315892636776,0.026329122483730316
mlp_3x128_gelu_dropout_l2,5,90,4,0.027436478063464165,0.022298147901892662
mlp_3x128_gelu_dropout_l2,5,90,5,0.02323775179684162,0.019438715651631355
mlp_3x128_gelu_dropout_l2,5,90,6,0.01978296972811222,0.016660558059811592
mlp_3x128_gelu_dropout_l2,5,90,7,0.01679830811917782,0.01436026580631733
mlp_3x128_gelu_dropout_l2,5,90,8,0.014331361278891563,0.01240019965916872
mlp_3x128_gelu_dropout_l2,5,90,9,0.012207107618451118,0.010585783049464226
mlp_3x128_gelu_dropout_l2,5,90,10,0.010517205111682415,0.009083288721740246
mlp_3x128_gelu_dropout_l2,5,90,11,0.009124958887696266,0.007974249310791492
mlp_3x128_gelu_dropout_l2,5,90,12,0.007977182045578957,0.0069783092476427555
mlp_3x128_gelu_dropout_l2,5,90,13,0.007049378473311663,0.006190488114953041
mlp_3x128_gelu_dropout_l2,5,90,14,0.006252995226532221,0.005491567309945822
mlp_3x128_gelu_dropout_l2,5,90,15,0.005584816448390484,0.004850716795772314
mlp_3x128_gelu_dropout_l2,5,90,16,0.005001874640583992,0.004301559180021286
mlp_3x128_gelu_dropout_l2,5,90,17,0.004503150004893541,0.003845442784950137
mlp_3x128_gelu_dropout_l2,5,90,18,0.004080385901033878,0.0034383973106741905
mlp_3x128_gelu_dropout_l2,5,90,19,0.00371368695050478,0.0030911790672689676
mlp_3x128_gelu_dropout_l2,5,90,20,0.0034020389430224895,0.002799822948873043
mlp_3x128_gelu_dropout_l2,5,90,21,0.0031359363347291946,0.002532324753701687
mlp_3x128_gelu_dropout_l2,5,90,22,0.0029034556355327368,0.002340871375054121
mlp_3x128_gelu_dropout_l2,5,90,23,0.0026996356900781393,0.0021511614322662354
mlp_3x128_gelu_dropout_l2,5,90,24,0.0025046116206794977,0.001985186478123069
mlp_3x128_gelu_dropout_l2,5,90,25,0.002345733344554901,0.0018462289590388536
mlp_3x128_gelu_dropout_l2,5,90,26,0.0022112654987722635,0.0017278018640354276
mlp_3x128_gelu_dropout_l2,5,90,27,0.002096116077154875,0.0016257523093372583
mlp_3x128_gelu_dropout_l2,5,90,28,0.0019889415707439184,0.0015334573108702898
mlp_3x128_gelu_dropout_l2,5,90,29,0.0018991208635270596,0.0014578216942027211
mlp_3x128_gelu_dropout_l2,5,90,30,0.0018199402838945389,0.0013734841486439109
mlp_3x128_gelu_dropout_l2,5,90,31,0.001750911120325327,0.001310450374148786
mlp_3x128_gelu_dropout_l2,5,90,32,0.001699212589301169,0.0012553322594612837
mlp_3x128_gelu_dropout_l2,5,90,33,0.001658155582845211,0.0012143595376983285
mlp_3x128_gelu_dropout_l2,5,90,34,0.0016190304886549711,0.0011861227685585618
mlp_3x128_gelu_dropout_l2,5,90,35,0.0015802858397364616,0.0011518875835463405
mlp_3x128_gelu_dropout_l2,5,90,36,0.0015521037857979536,0.0011223440524190664
mlp_3x128_gelu_dropout_l2,5,90,37,0.0015279835788533092,0.001101515837945044
mlp_3x128_gelu_dropout_l2,5,90,38,0.0015090003143996,0.001069823862053454
mlp_3x128_gelu_dropout_l2,5,90,39,0.0014940297696739435,0.001045704702846706
mlp_3x128_gelu_dropout_l2,5,90,40,0.0014835887122899294,0.0010374245466664433
mlp_3x128_gelu_dropout_l2,5,90,41,0.0014644984621554613,0.001031721942126751
mlp_3x128_gelu_dropout_l2,5,90,42,0.0014478990342468023,0.0010318333515897393
mlp_3x128_gelu_dropout_l2,5,90,43,0.0014372880104929209,0.0010376841528341174
mlp_3x128_gelu_dropout_l2,5,90,44,0.001428397954441607,0.0010285668540745974
mlp_3x128_gelu_dropout_l2,5,90,45,0.0014231252716854215,0.0010241714771836996
mlp_3x128_gelu_dropout_l2,5,90,46,0.0014194834511727095,0.0010130418231710792
mlp_3x128_gelu_dropout_l2,5,90,47,0.0014121317071840167,0.0010106845293194056
mlp_3x128_gelu_dropout_l2,5,90,48,0.0014087882591411471,0.0010031957644969225
mlp_3x128_gelu_dropout_l2,5,90,49,0.0014078572858124971,0.0010009048273786902
mlp_3x128_gelu_dropout_l2,5,90,50,0.001406817464157939,0.0009947671787813306
mlp_3x128_gelu_dropout_l2,5,90,51,0.0014042804250493646,0.0009900435106828809
mlp_3x128_gelu_dropout_l2,5,90,52,0.001405552146025002,0.0009859309066087008
mlp_3x128_gelu_dropout_l2,5,90,53,0.0014031798345968127,0.0009765115682967007
mlp_3x128_gelu_dropout_l2,5,90,54,0.001402463996782899,0.0009761612745933235
mlp_3x128_gelu_dropout_l2,5,90,55,0.0013994468608871102,0.0009805546142160892
mlp_3x128_gelu_dropout_l2,5,90,56,0.001394720864482224,0.000979829579591751
mlp_3x128_gelu_dropout_l2,5,90,57,0.0013926501851528883,0.0009784213034436107
mlp_3x128_gelu_dropout_l2,5,90,58,0.0013885695952922106,0.0009735313360579312
mlp_3x128_gelu_dropout_l2,5,90,59,0.001387869706377387,0.0009687221026979387
mlp_3x128_gelu_dropout_l2,5,90,60,0.0013870474649593234,0.0009660174837335944
mlp_3x128_gelu_dropout_l2,5,90,61,0.0013875525910407305,0.0009621861972846091
mlp_3x128_gelu_dropout_l2,5,90,62,0.0013873340794816613,0.000957686803303659
mlp_3x128_gelu_dropout_l2,5,90,63,0.0013852486154064536,0.0009579990874044597
mlp_3x128_gelu_dropout_l2,5,90,64,0.0013838314916938543,0.0009543154737912118
mlp_3x128_gelu_dropout_l2,5,90,65,0.0013815544079989195,0.0009592602145858109
mlp_3x128_gelu_dropout_l2,5,90,66,0.0013814925914630294,0.0009600406046956778
mlp_3x128_gelu_dropout_l2,5,90,67,0.001381552661769092,0.0009608252439647913
mlp_3x128_gelu_dropout_l2,5,90,68,0.0013805570779368281,0.0009658613707870245
mlp_3x128_gelu_dropout_l2,5,90,69,0.001381280948407948,0.0009688785066828132
mlp_3x128_gelu_dropout_l2,5,90,70,0.0013828515075147152,0.000971367466263473
mlp_3x128_gelu_dropout_l2,5,90,71,0.0013844785280525684,0.0009757025982253253
mlp_3x128_gelu_dropout_l2,5,90,72,0.0013856926234439015,0.0009834658121690154
mlp_3x128_gelu_dropout_l2,5,90,73,0.0013871182454749942,0.0009947540238499641
mlp_3x128_gelu_dropout_l2,5,90,74,0.001389180077239871,0.001003375044092536
mlp_3x128_gelu_dropout_l2,5,90,75,0.0013905311934649944,0.0010165799176320434
mlp_3x128_gelu_dropout_l2,5,90,76,0.0013894010335206985,0.0010259387781843543
mlp_3x128_gelu_dropout_l2,5,90,77,0.0013880529440939426,0.001030597253702581
mlp_3x128_gelu_dropout_l2,5,90,78,0.0013867059024050832,0.0010320959845557809
mlp_3x128_gelu_dropout_l2,5,90,79,0.001385491224937141,0.0010361711028963327
mlp_3x128_gelu_dropout_l2,5,90,80,0.0013853056589141488,0.0010368719231337309
mlp_3x128_gelu_dropout_l2,5,90,81,0.0013843695633113384,0.0010357305873185396
mlp_3x128_gelu_dropout_l2,5,90,82,0.0013849474489688873,0.0010393281700089574
mlp_3x128_gelu_dropout_l2,5,90,83,0.0013846163637936115,0.0010400289902463555
mlp_3x128_gelu_dropout_l2,5,90,84,0.0013846962247043848,0.0010366946225985885
mlp_3x128_gelu_dropout_l2,5,90,85,0.0013847058871760964,0.0010350854136049747
mlp_3x128_gelu_dropout_l2,5,90,86,0.001384014030918479,0.0010383090702816844
mlp_3x128_gelu_dropout_l2,5,90,87,0.001382615533657372,0.0010425414657220244
mlp_3x128_gelu_dropout_l2,5,90,88,0.0013812360120937228,0.0010474598966538906
mlp_3x128_gelu_dropout_l2,5,90,89,0.0013790482189506292,0.00105152593459934
mlp_3x128_gelu_dropout_l2,5,90,90,0.0013784896582365036,0.0010535682085901499
mlp_3x128_gelu_dropout_l2,5,90,91,0.0013784109614789486,0.001051371917128563
mlp_3x128_gelu_dropout_l2,5,90,92,0.001379287103191018,0.0010512220906093717
mlp_3x128_gelu_dropout_l2,5,90,93,0.00137812620960176,0.0010469822445884347
mlp_3x128_gelu_dropout_l2,5,90,94,0.0013762300368398428,0.0010472523281350732
mlp_3x128_gelu_dropout_l2,5,90,95,0.0013742843875661492,0.0010452847927808762
mlp_3x128_gelu_dropout_l2,5,90,96,0.001373981824144721,0.0010379939340054989
mlp_3x128_gelu_dropout_l2,5,90,97,0.0013715110253542662,0.0010294800158590078
mlp_3x128_gelu_dropout_l2,5,90,98,0.001372147467918694,0.0010186813306063414
mlp_3x128_gelu_dropout_l2,5,90,99,0.0013740869471803308,0.0010139970108866692
mlp_3x128_gelu_dropout_l2,5,90,100,0.001376959029585123,0.0010113292373716831
mlp_3x128_gelu_dropout_l2,5,90,101,0.0013786000199615955,0.001012027496472001
mlp_3x128_gelu_dropout_l2,5,90,102,0.0013778090942651033,0.001008607679978013
mlp_3x128_gelu_dropout_l2,5,90,103,0.0013780687004327774,0.001014644862152636
mlp_3x128_gelu_dropout_l2,5,90,104,0.0013785735936835408,0.0010270911734551191
mlp_3x128_gelu_dropout_l2,5,90,105,0.0013796970015391707,0.0010242799762636423
mlp_3x128_gelu_dropout_l2,5,90,106,0.0013817567378282547,0.0010194104397669435
mlp_3x128_gelu_dropout_l2,5,90,107,0.001380051951855421,0.0010128734866157174
mlp_3x128_gelu_dropout_l2,5,90,108,0.0013786394847556949,0.0010016165906563401
mlp_3x128_gelu_dropout_l2,5,90,109,0.0013770794030278921,0.0009980349568650126
mlp_3x128_gelu_dropout_l2,5,90,110,0.0013747286284342408,0.0009986407821998
mlp_3x128_gelu_dropout_l2,5,90,111,0.0013741840375587344,0.0009987290250137448
mlp_3x128_gelu_dropout_l2,5,90,112,0.001375039340928197,0.0010028010001406074
mlp_3x128_gelu_dropout_l2,5,90,113,0.0013739258283749223,0.001005319063551724
mlp_3x128_gelu_dropout_l2,5,90,114,0.0013737707631662488,0.0010073857847601175
mlp_3x128_gelu_dropout_l2,5,90,115,0.0013769642682746053,0.0010111151495948434
mlp_3x128_gelu_dropout_l2,5,90,116,0.0013778365682810545,0.0010129142319783568
mlp_3x128_gelu_dropout_l2,5,90,117,0.0013759833527728915,0.0010055933380499482
mlp_3x128_gelu_dropout_l2,5,90,118,0.001373325940221548,0.0010041588684543967
mlp_3x128_gelu_dropout_l2,5,90,119,0.0013740385184064507,0.0010017631575465202
mlp_3x128_gelu_dropout_l2,5,90,120,0.0013742868322879076,0.0010098805651068687
mlp_3x128_gelu_dropout_l2,5,90,121,0.0013760975562036037,0.0010103076929226518
mlp_3x128_gelu_dropout_l2,5,90,122,0.0013724990421906114,0.0010089986026287079
mlp_3x128_gelu_dropout_l2,5,90,123,0.0013711578212678432,0.0010065416572615504
mlp_3x128_gelu_dropout_l2,5,90,124,0.001372419181279838,0.0010017766617238522
mlp_3x128_gelu_dropout_l2,5,90,125,0.0013717933325096965,0.0009882126469165087
mlp_3x128_gelu_dropout_l2,5,90,126,0.0013729394413530827,0.0009932633256539702
mlp_3x128_gelu_dropout_l2,5,90,127,0.0013738855486735702,0.0009991544065997005
mlp_3x128_gelu_dropout_l2,5,90,128,0.0013742867158725858,0.001003805547952652
mlp_3x128_gelu_dropout_l2,5,90,129,0.0013735147658735514,0.0010067024268209934
mlp_3x128_gelu_dropout_l2,5,90,130,0.0013713944936171174,0.00100316246971488
mlp_3x128_gelu_dropout_l2,5,90,131,0.0013713289517909288,0.0009949755622074008
mlp_3x128_gelu_dropout_l2,5,90,132,0.0013720995048061013,0.000993554014712572
mlp_3x128_gelu_dropout_l2,5,90,133,0.0013710162602365017,0.0009921691380441189
mlp_3x128_gelu_dropout_l2,5,90,134,0.0013697806280106306,0.0009965033968910575
mlp_3x128_gelu_dropout_l2,5,90,135,0.0013702233554795384,0.0009940938325598836
mlp_3x128_gelu_dropout_l2,5,90,136,0.0013697799295186996,0.0009924082551151514
mlp_3x128_gelu_dropout_l2,5,90,137,0.0013704547891393304,0.000991799752227962
mlp_3x128_gelu_dropout_l2,5,90,138,0.0013710561906918883,0.000992524903267622
mlp_3x128_gelu_dropout_l2,5,90,139,0.0013709865743294358,0.000991343636997044
mlp_3x128_gelu_dropout_l2,5,90,140,0.0013704604934901,0.0009920906741172075
mlp_3x128_gelu_dropout_l2,5,90,141,0.0013695808593183756,0.0009878770215436816
mlp_3x128_gelu_dropout_l2,5,90,142,0.001370060141198337,0.0009868547786027193
mlp_3x128_gelu_dropout_l2,5,90,143,0.0013701105490326881,0.0009906451450660825
mlp_3x128_gelu_dropout_l2,5,90,144,0.0013700977433472872,0.0009868333581835032
mlp_3x128_gelu_dropout_l2,5,90,145,0.0013694704975932837,0.0009873553644865751
mlp_3x128_gelu_dropout_l2,5,90,146,0.0013685012236237526,0.000988066429272294
mlp_3x128_gelu_dropout_l2,5,90,147,0.0013693415094166994,0.0009871607180684805
mlp_3x128_gelu_dropout_l2,5,90,148,0.0013698766706511378,0.0009874342940747738
mlp_3x128_gelu_dropout_l2,5,90,149,0.0013689302140846848,0.0009867636254057288
mlp_3x128_gelu_dropout_l2,5,90,150,0.0013689532643184066,0.0009855631506070495
mlp_3x128_gelu_dropout_l2,5,90,151,0.0013688094913959503,0.0009821306448429823
mlp_3x128_gelu_dropout_l2,5,90,152,0.0013687163591384888,0.000981329707428813
mlp_3x128_gelu_dropout_l2,5,90,153,0.0013695438392460346,0.0009793229401111603
mlp_3x128_gelu_dropout_l2,5,90,154,0.0013714904198423028,0.000986282480880618
mlp_3x128_gelu_dropout_l2,5,90,155,0.001373968319967389,0.0009803596185520291
mlp_3x128_gelu_dropout_l2,5,90,156,0.0013815425336360931,0.0010097241029143333
mlp_3x128_gelu_dropout_l2,5,90,157,0.0013788046780973673,0.0009872420923784375
mlp_3x128_gelu_dropout_l2,5,90,158,0.0013662292622029781,0.0009792894124984741
mlp_3x128_gelu_dropout_l2,5,90,159,0.0013727935729548335,0.0009772462071850896
mlp_3x128_gelu_dropout_l2,5,90,160,0.0013710481580346823,0.0009778501698747277
mlp_3x128_gelu_dropout_l2,5,90,161,0.0013721112627536058,0.000983495614491403
mlp_3x128_gelu_dropout_l2,5,90,162,0.001377901528030634,0.0009903785539790988
mlp_3x128_gelu_dropout_l2,5,90,163,0.00137709837872535,0.0009674549801275134
mlp_3x128_gelu_dropout_l2,5,90,164,0.0013781765010207891,0.0010011499980464578
mlp_3x128_gelu_dropout_l2,5,90,165,0.0013868496753275394,0.000966738210991025
mlp_3x128_gelu_dropout_l2,5,90,166,0.0013847860973328352,0.0009628581465221941
mlp_3x128_gelu_dropout_l2,5,90,167,0.00137800769880414,0.0009677931666374207
mlp_3x128_gelu_dropout_l2,5,90,168,0.0013750846264883876,0.000979144242592156
mlp_3x128_gelu_dropout_l2,5,90,169,0.0013713706284761429,0.0009869853965938091
mlp_3x128_gelu_dropout_l2,5,90,170,0.0013730076607316732,0.0009740868117660284
mlp_3x128_gelu_dropout_l2,5,90,171,0.0013705813325941563,0.0009774515638127923
mlp_3x128_gelu_dropout_l2,5,90,172,0.0013669843319803476,0.0009899944998323917
mlp_3x128_gelu_dropout_l2,5,90,173,0.0013666474260389805,0.0009710668819025159
mlp_3x128_gelu_dropout_l2,5,90,174,0.0013719098642468452,0.000981905497610569
mlp_3x128_gelu_dropout_l2,5,90,175,0.0013726413017138839,0.0009924964979290962
mlp_3x128_gelu_dropout_l2,5,90,176,0.0013693124055862427,0.0009792099008336663
mlp_3x128_gelu_dropout_l2,5,90,177,0.0013675820082426071,0.0009890984511002898
mlp_3x128_gelu_dropout_l2,5,90,178,0.0013737359549850225,0.0009850065689533949
mlp_3x128_gelu_dropout_l2,5,90,179,0.0013773287646472454,0.0009760879911482334
mlp_3x128_gelu_dropout_l2,5,90,180,0.001379057765007019,0.0009734435006976128
mlp_3x128_gelu_dropout_l2,5,90,181,0.0013717717956751585,0.0009814633522182703
mlp_3x128_gelu_dropout_l2,5,90,182,0.001372337224893272,0.000983277685008943
mlp_3x128_gelu_dropout_l2,5,90,183,0.001370445592328906,0.0009691287996247411
mlp_3x128_gelu_dropout_l2,5,90,184,0.0013709627091884613,0.0009854729287326336
mlp_3x128_gelu_dropout_l2,5,90,185,0.0013711400097236037,0.0009633207810111344
mlp_3x128_gelu_dropout_l2,5,90,186,0.00137451128102839,0.0009761799592524767
mlp_3x128_gelu_dropout_l2,5,90,187,0.001368308556266129,0.001002090866677463
mlp_3x128_gelu_dropout_l2,5,90,188,0.0013733977684751153,0.0009983303025364876
mlp_3x128_gelu_dropout_l2,5,90,189,0.0013739407295361161,0.000982574187219143
mlp_3x128_gelu_dropout_l2,5,90,190,0.0013706350000575185,0.0009942777687683702
mlp_3x128_gelu_dropout_l2,5,90,191,0.001371240010485053,0.000992630491964519
mlp_3x128_gelu_dropout_l2,5,90,192,0.0013709039194509387,0.000983334262855351
mlp_3x128_gelu_dropout_l2,5,90,193,0.0013736283872276545,0.0009736967040225863
mlp_3x128_gelu_dropout_l2,5,90,194,0.001377812004648149,0.0009776868391782045
mlp_3x128_gelu_dropout_l2,5,90,195,0.0013725468888878822,0.0009903651662170887
mlp_3x128_gelu_dropout_l2,5,90,196,0.001383101800456643,0.0009698272915557027
mlp_3x128_gelu_dropout_l2,5,90,197,0.0013720670249313116,0.0009816030506044626
mlp_3x128_gelu_dropout_l2,5,90,198,0.0013758584391325712,0.0009634908055886626
mlp_3x128_gelu_dropout_l2,5,90,199,0.0013780384324491024,0.0009704370750114322
mlp_3x128_gelu_dropout_l2,5,90,200,0.00137163489125669,0.0009781292174011469
mlp_3x128_gelu_dropout_l2,5,90,201,0.0013858581660315394,0.0009989814134314656
mlp_3x128_gelu_dropout_l2,5,90,202,0.0013793687103316188,0.000981299439445138
mlp_3x128_gelu_dropout_l2,5,90,203,0.0013661340344697237,0.0009959121234714985
mlp_3x128_gelu_dropout_l2,5,90,204,0.0013727396726608276,0.0009693882311694324
mlp_3x128_gelu_dropout_l2,5,90,205,0.0013704942539334297,0.000974455731920898
mlp_3x128_gelu_dropout_l2,5,90,206,0.0013701739953830838,0.0009834544034674764
mlp_3x128_gelu_dropout_l2,5,90,207,0.0013672952773049474,0.001007230021059513
mlp_3x128_gelu_dropout_l2,5,90,208,0.0013724687742069364,0.0009859446436166763
mlp_3x128_gelu_dropout_l2,5,90,209,0.0013811629032716155,0.0010198274394497275
mlp_3x128_gelu_dropout_l2,5,90,210,0.0013765417970716953,0.000979903619736433
mlp_3x128_gelu_dropout_l2,5,90,211,0.0013704492012038827,0.0009900282602757215
mlp_3x128_gelu_dropout_l2,5,90,212,0.001366731827147305,0.000993311870843172
mlp_3x128_gelu_dropout_l2,5,90,213,0.0013738659908995032,0.0009791787015274167
mlp_3x128_gelu_dropout_l2,5,90,214,0.0013754494721069932,0.0010233510984107852
mlp_3x128_gelu_dropout_l2,5,90,215,0.0013801961904391646,0.0010027858661487699
mlp_3x128_gelu_dropout_l2,5,90,216,0.0013834739802405238,0.0009818485705181956
mlp_3x128_gelu_dropout_l2,5,90,217,0.0013836432481184602,0.0009858566336333752
mlp_3x128_gelu_dropout_l2,5,90,218,0.0013824676861986518,0.0009645613608881831
mlp_3x128_gelu_dropout_l2,5,90,219,0.0013751308433711529,0.0010026887757703662
mlp_3x128_gelu_dropout_l2,5,90,220,0.0013814454432576895,0.00103653478436172
mlp_3x128_gelu_dropout_l2,5,90,221,0.001385209383442998,0.0009920177981257439
mlp_3x128_gelu_dropout_l2,5,90,222,0.0013850923860445619,0.0009919680887833238
mlp_3x128_gelu_dropout_l2,5,90,223,0.0013808829244226217,0.0009831314673647285
mlp_3x128_gelu_dropout_l2,5,90,224,0.001364756259135902,0.0009768877644091845
mlp_3x128_gelu_dropout_l2,5,90,225,0.0013725332682952285,0.0009721682290546596
mlp_3x128_gelu_dropout_l2,5,90,226,0.0013694466324523091,0.000989436637610197
mlp_3x128_gelu_dropout_l2,5,90,227,0.0013681076234206557,0.0009959250455722213
mlp_3x128_gelu_dropout_l2,5,90,228,0.0013716063695028424,0.001010512001812458
mlp_3x128_gelu_dropout_l2,5,90,229,0.001382302725687623,0.000984477810561657
mlp_3x128_gelu_dropout_l2,5,90,230,0.001377846929244697,0.0009693584288470447
mlp_3x128_gelu_dropout_l2,5,90,231,0.0013780072331428528,0.0009767964947968721
mlp_3x128_gelu_dropout_l2,5,90,232,0.0013783969916403294,0.000974685768596828
mlp_3x128_gelu_dropout_l2,5,90,233,0.001368002500385046,0.0009761244873516262
mlp_3x128_gelu_dropout_l2,5,90,234,0.0013701228890568018,0.0009702080278657377
mlp_3x128_gelu_dropout_l2,5,90,235,0.0013721664436161518,0.0009866824839264154
mlp_3x128_gelu_dropout_l2,5,90,236,0.0013722514268010855,0.0009985808283090591
mlp_3x128_gelu_dropout_l2,5,90,237,0.0013758601853623986,0.001013823552057147
mlp_3x128_gelu_dropout_l2,5,90,238,0.0013883018400520086,0.0009570086258463562
mlp_3x128_gelu_dropout_l2,5,90,239,0.001387858297675848,0.000980795593932271
mlp_3x128_gelu_dropout_l2,5,90,240,0.0013665312435477972,0.0009698424255475402
mlp_3x128_gelu_dropout_l2,5,90,241,0.00137330312281847,0.0009737771470099688
mlp_3x128_gelu_dropout_l2,5,90,242,0.001372079597786069,0.0009810333140194416
mlp_3x128_gelu_dropout_l2,5,90,243,0.00136884197127074,0.0009948920924216509
mlp_3x128_gelu_dropout_l2,5,90,244,0.0013737999834120274,0.0010140493977814913
mlp_3x128_gelu_dropout_l2,5,90,245,0.0013856330187991261,0.000999411684460938
mlp_3x128_gelu_dropout_l2,5,90,246,0.001382887247018516,0.0009709545411169529
mlp_3x128_gelu_dropout_l2,5,90,247,0.0013762585585936904,0.0009913583053275943
mlp_3x128_gelu_dropout_l2,5,90,248,0.0013705735327675939,0.0009804923320189118
mlp_3x128_gelu_dropout_l2,5,90,249,0.001369160134345293,0.0009895554976537824
mlp_3x128_gelu_dropout_l2,5,90,250,0.0013716297689825296,0.0009891593363136053
mlp_3x128_gelu_dropout_l2,5,90,251,0.0013738370034843683,0.0010253979125991464
mlp_3x128_gelu_dropout_l2,5,90,252,0.0013979080831632018,0.0010299761779606342
mlp_3x128_gelu_dropout_l2,5,90,253,0.0013829926028847694,0.0009740290115587413
mlp_3x128_gelu_dropout_l2,5,90,254,0.0013739136047661304,0.0009787047747522593
mlp_3x128_gelu_dropout_l2,5,90,255,0.0013729971833527088,0.0009658343042246997
mlp_3x128_gelu_dropout_l2,5,90,256,0.0013718085829168558,0.0009713282343000174
mlp_3x128_gelu_dropout_l2,5,90,257,0.0013704890152439475,0.0009774388745427132
mlp_3x128_gelu_dropout_l2,5,90,258,0.0013729524798691273,0.0010001629125326872
mlp_3x128_gelu_dropout_l2,5,90,259,0.0013863332569599152,0.0009952407563105226
mlp_3x128_gelu_dropout_l2,5,90,260,0.0013851848198100924,0.0009851038921624422
mlp_3x128_gelu_dropout_l2,5,90,261,0.001382086076773703,0.0009887628257274628
mlp_3x128_gelu_dropout_l2,5,90,262,0.0013752994127571583,0.0010204286081716418
mlp_3x128_gelu_dropout_l2,5,90,263,0.0013915967429056764,0.0009915797272697091
mlp_3x128_gelu_dropout_l2,5,90,264,0.001374365296214819,0.0010080679785460234
mlp_3x128_gelu_dropout_l2,5,90,265,0.001381263486109674,0.000969825719948858
mlp_3x128_gelu_dropout_l2,5,90,266,0.001371351652778685,0.0009748436277732253
mlp_3x128_gelu_dropout_l2,5,90,267,0.0013844453496858478,0.000988878309726715
mlp_3x128_gelu_dropout_l2,5,90,268,0.0013787683565169573,0.0009900752920657396
mlp_3x128_gelu_dropout_l2,5,90,269,0.0013850950635969639,0.0009764819405972958
mlp_3x128_gelu_dropout_l2,5,90,270,0.001369049190543592,0.000958216143772006
mlp_3x128_gelu_dropout_l2,5,90,271,0.0013705537421628833,0.000968177686445415
mlp_3x128_gelu_dropout_l2,5,90,272,0.0013691014610230923,0.0009780734544619918
mlp_3x128_gelu_dropout_l2,5,90,273,0.0013675815425813198,0.0009859867859631777
mlp_3x128_gelu_dropout_l2,5,90,274,0.001371509162709117,0.0010058387415483594
mlp_3x128_gelu_dropout_l2,5,90,275,0.0013784824404865503,0.0010203404817730188
mlp_3x128_gelu_dropout_l2,5,90,276,0.0013859971659258008,0.0009717061766423285
mlp_3x128_gelu_dropout_l2,5,90,277,0.0013730229111388326,0.0009792710188776255
mlp_3x128_gelu_dropout_l2,5,90,278,0.001387412310577929,0.0009874934330582619
mlp_3x128_gelu_dropout_l2,5,90,279,0.0013731432845816016,0.00100091437343508
mlp_3x128_gelu_dropout_l2,5,90,280,0.0013780260924249887,0.0009819550905376673
mlp_3x128_gelu_dropout_l2,5,90,281,0.0013800476444885135,0.000988457933999598
mlp_3x128_gelu_dropout_l2,5,90,282,0.0013716513058170676,0.000991815235465765
mlp_3x128_gelu_dropout_l2,5,90,283,0.001370089827105403,0.0009753078920766711
mlp_3x128_gelu_dropout_l2,5,90,284,0.0013678021496161819,0.0009714778861962259
mlp_3x128_gelu_dropout_l2,5,90,285,0.0013709289487451315,0.0009758052765391767
mlp_3x128_gelu_dropout_l2,5,90,286,0.0013717027613893151,0.0010014966828748584
mlp_3x128_gelu_dropout_l2,5,90,287,0.0013794584665447474,0.0009817946702241898
mlp_3x128_gelu_dropout_l2,5,90,288,0.0013862104387953877,0.0009783883579075336
mlp_3x128_gelu_dropout_l2,5,90,289,0.0013871974078938365,0.000984400394372642
mlp_3x128_gelu_dropout_l2,5,90,290,0.001373155741021037,0.0009793544886633754
mlp_3x128_gelu_dropout_l2,5,90,291,0.0013794617261737585,0.0009757796069607139
mlp_3x128_gelu_dropout_l2,5,90,292,0.0013695708476006985,0.000960085482802242
mlp_3x128_gelu_dropout_l2,5,90,293,0.0013781058369204402,0.0009835517266765237
mlp_3x128_gelu_dropout_l2,5,90,294,0.0013713599182665348,0.0009861682774499059
mlp_3x128_gelu_dropout_l2,5,90,295,0.0013686737511307001,0.000995681737549603
mlp_3x128_gelu_dropout_l2,5,90,296,0.0013733343221247196,0.0010077038314193487
mlp_3x128_gelu_dropout_l2,5,90,297,0.0013786980416625738,0.0009984798962250352
mlp_3x128_gelu_dropout_l2,5,90,298,0.0013776067644357681,0.0009762613917700946
mlp_3x128_gelu_dropout_l2,5,90,299,0.001382811344228685,0.0009746075375005603
mlp_3x128_gelu_dropout_l2,5,90,300,0.00137323047965765,0.0009661676594987512
mlp_3x128_gelu_dropout_l2,5,90,301,0.0013734089443460107,0.0009739961824379861
mlp_3x128_gelu_dropout_l2,5,90,302,0.0013714925153180957,0.0009720449452288449
mlp_3x128_gelu_dropout_l2,5,90,303,0.0013732070801779628,0.0009864794556051493
mlp_3x128_gelu_dropout_l2,5,90,304,0.001377271837554872,0.000991273671388626
mlp_3x128_gelu_dropout_l2,5,90,305,0.0013814429985359311,0.0009778734529390931
mlp_3x128_gelu_dropout_l2,5,90,306,0.001370442332699895,0.0009818054968491197
mlp_3x128_gelu_dropout_l2,5,90,307,0.0013720325659960508,0.0009874851675704122
mlp_3x128_gelu_dropout_l2,5,90,308,0.0013781092129647732,0.0010259338887408376
mlp_3x128_gelu_dropout_l2,5,90,309,0.0013813162222504616,0.0009939064038917422
mlp_3x128_gelu_dropout_l2,5,90,310,0.0013730538776144385,0.0009757339721545577
mlp_3x128_gelu_dropout_l2,5,90,311,0.0013835392892360687,0.0009851385839283466
mlp_3x128_gelu_dropout_l2,5,90,312,0.0013758173445239663,0.0009923777543008327
mlp_3x128_gelu_dropout_l2,5,90,313,0.001376170082949102,0.0009698099456727505
mlp_3x128_gelu_dropout_l2,5,90,314,0.0013770493678748608,0.0009660532232373953
mlp_3x128_gelu_dropout_l2,5,90,315,0.001372306956909597,0.0009985859505832195
mlp_3x128_gelu_dropout_l2,5,90,316,0.0013734700623899698,0.000991574372164905
mlp_3x128_gelu_dropout_l2,5,90,317,0.001375870080664754,0.0010023185750469565
mlp_3x128_gelu_dropout_l2,5,90,318,0.001379811204969883,0.0009925734484568238
mlp_3x128_gelu_dropout_l2,5,90,319,0.0013853668933734298,0.0009656123002059758
mlp_3x128_gelu_dropout_l2,5,90,320,0.0013845175271853805,0.000989263760857284
mlp_3x128_gelu_dropout_l2,5,90,321,0.00138327747117728,0.0010234287474304438
mlp_3x128_gelu_dropout_l2,5,90,322,0.0013744428288191557,0.0009748837910592556
mlp_3x128_gelu_dropout_l2,5,90,323,0.0013776847627013922,0.0009864646708592772
mlp_3x128_gelu_dropout_l2,5,90,324,0.0013704877346754074,0.0010015834122896194
mlp_3x128_gelu_dropout_l2,5,90,325,0.0013824100606143475,0.0010576699860394
mlp_3x128_gelu_dropout_l2,5,90,326,0.0013921494828537107,0.0009798251558095217
mlp_3x128_gelu_dropout_l2,5,90,327,0.0013689874904230237,0.0010021006455644965
mlp_3x128_gelu_dropout_l2,5,90,328,0.001387026277370751,0.0009900456061586738
mlp_3x128_gelu_dropout_l2,5,90,329,0.0013781801098957658,0.0009818007238209248
mlp_3x128_gelu_dropout_l2,5,90,330,0.0013718223199248314,0.0009740828536450863
mlp_3x128_gelu_dropout_l2,5,90,331,0.0013707653852179646,0.0009747685980983078
mlp_3x128_gelu_dropout_l2,5,90,332,0.0013750022044405341,0.0009909861255437136
mlp_3x128_gelu_dropout_l2,5,90,333,0.0013708843616768718,0.00100596877746284
mlp_3x128_gelu_dropout_l2,5,90,334,0.0013797682477161288,0.0010198401287198067
mlp_3x128_gelu_dropout_l2,5,90,335,0.001376069150865078,0.0009778935927897692
mlp_3x128_gelu_dropout_l2,5,90,336,0.0013689371990039945,0.0009937956929206848
mlp_3x128_gelu_dropout_l2,5,90,337,0.0013825882924720645,0.0009871938964352012
mlp_3x128_gelu_dropout_l2,5,90,338,0.0013757528504356742,0.0009983291383832693
mlp_3x128_gelu_dropout_l2,5,90,339,0.0013767187483608723,0.0009829760529100895
mlp_3x128_gelu_dropout_l2,5,90,340,0.0013733052182942629,0.0009999781614169478
mlp_3x128_gelu_dropout_l2,5,90,341,0.0013760901056230068,0.0009801062988117337
mlp_3x128_gelu_dropout_l2,5,90,342,0.0013748747296631336,0.0010145163396373391
mlp_3x128_gelu_dropout_l2,5,90,343,0.0013763827737420797,0.001003454439342022
mlp_3x128_gelu_dropout_l2,5,90,344,0.0013794450787827373,0.000984702492132783
mlp_3x128_gelu_dropout_l2,5,90,345,0.0013731197686865926,0.0009662090451456606
mlp_3x128_gelu_dropout_l2,5,90,346,0.0013830224052071571,0.000991390086710453
mlp_3x128_gelu_dropout_l2,5,90,347,0.0013747112825512886,0.0009500100859440863
mlp_3x128_gelu_dropout_l2,5,90,348,0.001381562789902091,0.0009627487743273377
mlp_3x128_gelu_dropout_l2,5,90,349,0.0013664381112903357,0.0009777239756658673
mlp_3x128_gelu_dropout_l2,5,90,350,0.0013675958616659045,0.0009714904590509832
mlp_3x128_gelu_dropout_l2,5,90,351,0.0013682986609637737,0.0009735238272696733
mlp_3x128_gelu_dropout_l2,5,90,352,0.0013718262780457735,0.000978947151452303
mlp_3x128_gelu_dropout_l2,5,90,353,0.0013764796312898397,0.0010086291003972292
mlp_3x128_gelu_dropout_l2,5,90,354,0.0013818178558722138,0.001006280304864049
mlp_3x128_gelu_dropout_l2,5,90,355,0.0013936333125457168,0.0010158707154914737
mlp_3x128_gelu_dropout_l2,5,90,356,0.0013702934375032783,0.0009815184166654944
mlp_3x128_gelu_dropout_l2,5,90,357,0.0013760874280706048,0.000986215309239924
mlp_3x128_gelu_dropout_l2,5,90,358,0.001371660502627492,0.0010001453338190913
mlp_3x128_gelu_dropout_l2,5,90,359,0.001371825230307877,0.0010006926022469997
mlp_3x128_gelu_dropout_l2,5,90,360,0.001378849963657558,0.0010030637495219707
mlp_3x128_gelu_dropout_l2,5,90,361,0.0013792543904855847,0.0009886849438771605
mlp_3x128_gelu_dropout_l2,5,90,362,0.0013804413611069322,0.000998664298094809
mlp_3x128_gelu_dropout_l2,5,90,363,0.001384448609314859,0.0010242002317681909
mlp_3x128_gelu_dropout_l2,5,90,364,0.0013844838831573725,0.0010019555920735002
mlp_3x128_gelu_dropout_l2,5,90,365,0.001379326917231083,0.0009695177432149649
mlp_3x128_gelu_dropout_l2,5,90,366,0.0013819646555930376,0.0010180971585214138
mlp_3x128_gelu_dropout_l2,5,90,367,0.0013895264128223062,0.0009638231713324785
mlp_3x128_gelu_dropout_l2,5,90,368,0.0013722978765144944,0.000973163521848619
mlp_3x128_gelu_dropout_l2,5,90,369,0.001380105852149427,0.0009823270374909043
mlp_3x128_gelu_dropout_l2,5,90,370,0.0013688687467947602,0.0009698837529867887
mlp_3x128_gelu_dropout_l2,5,90,371,0.0013690757332369685,0.0009629736305214465
mlp_3x128_gelu_dropout_l2,5,90,372,0.0013691602507606149,0.0009752613841556013
mlp_3x128_gelu_dropout_l2,5,90,373,0.001371576334349811,0.0009999402100220323
mlp_3x128_gelu_dropout_l2,5,90,374,0.0013782363384962082,0.0009940855670720339
mlp_3x128_gelu_dropout_l2,5,90,375,0.0013814253034070134,0.0010025679366663098
mlp_3x128_gelu_dropout_l2,5,90,376,0.0013806510251015425,0.0009867243934422731
mlp_3x128_gelu_dropout_l2,5,90,377,0.001385382260195911,0.0009611952700652182
mlp_3x128_gelu_dropout_l2,5,90,378,0.0013742513256147504,0.0009849880589172244
mlp_3x128_gelu_dropout_l2,5,90,379,0.0013674329966306686,0.0009678381611593068
mlp_3x128_gelu_dropout_l2,5,90,380,0.0013685013400390744,0.0009745242423377931
mlp_3x128_gelu_dropout_l2,5,90,381,0.0013710042694583535,0.0009706237469799817
mlp_3x128_gelu_dropout_l2,5,90,382,0.0013701728312298656,0.0009827354224398732
mlp_3x128_gelu_dropout_l2,5,90,383,0.0013728367630392313,0.000987623818218708
mlp_3x128_gelu_dropout_l2,5,90,384,0.0013738005654886365,0.0010011435952037573
mlp_3x128_gelu_dropout_l2,5,90,385,0.0013841193867847323,0.000988581101410091
mlp_3x128_gelu_dropout_l2,5,90,386,0.0013779045548290014,0.0009653469314798713
mlp_3x128_gelu_dropout_l2,5,90,387,0.0013783215545117855,0.0009980284376069903
mlp_3x128_gelu_dropout_l2,5,90,388,0.0013786685885861516,0.0009670870495028794
mlp_3x128_gelu_dropout_l2,5,90,389,0.0013729827478528023,0.0009890865767374635
mlp_3x128_gelu_dropout_l2,5,90,390,0.0013720211572945118,0.0009956060675904155
mlp_3x128_gelu_dropout_l2,5,90,391,0.001373854000121355,0.0010001613991335034
mlp_3x128_gelu_dropout_l2,5,90,392,0.0013725787866860628,0.0009877932025119662
mlp_3x128_gelu_dropout_l2,5,90,393,0.0013800064334645867,0.0009610037668608129
mlp_3x128_gelu_dropout_l2,5,90,394,0.0013831693213433027,0.0010122046805918217
mlp_3x128_gelu_dropout_l2,5,90,395,0.0013804136542603374,0.0009760516113601625
mlp_3x128_gelu_dropout_l2,5,90,396,0.0013794221449643373,0.0009576669544912875
mlp_3x128_gelu_dropout_l2,5,90,397,0.0013696136884391308,0.0009703196701593697
mlp_3x128_gelu_dropout_l2,5,90,398,0.001371244085021317,0.0009700635564513505
mlp_3x128_gelu_dropout_l2,5,90,399,0.0013700096169486642,0.0009776377119123936
mlp_3x128_gelu_dropout_l2,5,90,400,0.001373625360429287,0.0009922232711687684
mlp_3x128_gelu_dropout_l2,5,90,401,0.0013775787083432078,0.0009799097897484899
mlp_3x128_gelu_dropout_l2,5,90,402,0.0013817352009937167,0.0009808121249079704
mlp_3x128_gelu_dropout_l2,5,90,403,0.0013809973606839776,0.0009919845033437014
mlp_3x128_gelu_dropout_l2,5,90,404,0.0013729732017964125,0.0009946152567863464
mlp_3x128_gelu_dropout_l2,5,90,405,0.0013758455170318484,0.0010135616175830364
mlp_3x128_gelu_dropout_l2,5,90,406,0.0013893592404201627,0.0009631276479922235
mlp_3x128_gelu_dropout_l2,5,90,407,0.0013707628240808845,0.0009585473453626037
mlp_3x128_gelu_dropout_l2,5,90,408,0.0013756330590695143,0.0009815547382459044
mlp_3x128_gelu_dropout_l2,5,90,409,0.0013717602705582976,0.0009774408536031842
mlp_3x128_gelu_dropout_l2,5,90,410,0.0013692189240828156,0.0009734127088449895
mlp_3x128_gelu_dropout_l2,5,90,411,0.0013674531364813447,0.0009730375604704022
mlp_3x128_gelu_dropout_l2,5,90,412,0.0013698078691959381,0.0009827340254560113
mlp_3x128_gelu_dropout_l2,5,90,413,0.0013750705402344465,0.0010010490659624338
mlp_3x128_gelu_dropout_l2,5,90,414,0.001371365855447948,0.0009921907912939787
mlp_3x128_gelu_dropout_l2,5,90,415,0.0013702111318707466,0.0009755252976901829
mlp_3x128_gelu_dropout_l2,5,90,416,0.001383927301503718,0.0009702221723273396
mlp_3x128_gelu_dropout_l2,5,90,417,0.001365574775263667,0.0009858983103185892
mlp_3x128_gelu_dropout_l2,5,90,418,0.001391568803228438,0.0009830235503613949
mlp_3x128_gelu_dropout_l2,5,90,419,0.001385204610414803,0.0009871089132502675
mlp_3x128_gelu_dropout_l2,5,90,420,0.0013887162785977125,0.0010045047383755445
mlp_3x128_gelu_dropout_l2,5,90,421,0.0013819948071613908,0.001025815145112574
mlp_3x128_gelu_dropout_l2,5,90,422,0.001387088792398572,0.0009972237749025226
mlp_3x128_gelu_dropout_l2,5,90,423,0.001371626160107553,0.0009682746022008359
mlp_3x128_gelu_dropout_l2,5,90,424,0.0013780401786789298,0.0009859405690804124
mlp_3x128_gelu_dropout_l2,5,90,425,0.0013732515508309007,0.0009895921684801579
mlp_3x128_gelu_dropout_l2,5,90,426,0.0013795978156849742,0.0010435819858685136
mlp_3x128_gelu_dropout_l2,5,90,427,0.0013929745182394981,0.001005965401418507
mlp_3x128_gelu_dropout_l2,5,90,428,0.0013787676580250263,0.0010150650050491095
mlp_3x128_gelu_dropout_l2,5,90,429,0.0013973478926345706,0.0009638959309086204
mlp_3x128_gelu_dropout_l2,5,90,430,0.0013681462733075023,0.000984642538242042
mlp_3x128_gelu_dropout_l2,5,90,431,0.0013729011407122016,0.0009716482018120587
mlp_3x128_gelu_dropout_l2,5,90,432,0.0013692978536710143,0.0009766565635800362
mlp_3x128_gelu_dropout_l2,5,90,433,0.0013696353416889906,0.0009686597040854394
mlp_3x128_gelu_dropout_l2,5,90,434,0.0013672136701643467,0.0009668731363490224
mlp_3x128_gelu_dropout_l2,5,90,435,0.0013687608297914267,0.0009755388018675148
mlp_3x128_gelu_dropout_l2,5,90,436,0.0013713807566091418,0.0009962377371266484
mlp_3x128_gelu_dropout_l2,5,90,437,0.001377314911223948,0.000995733542367816
mlp_3x128_gelu_dropout_l2,5,90,438,0.0013891985872760415,0.0009911088272929192
mlp_3x128_gelu_dropout_l2,5,90,439,0.001389790209941566,0.0009945147903636098
mlp_3x128_gelu_dropout_l2,5,90,440,0.0013755804393440485,0.000966783962212503
mlp_3x128_gelu_dropout_l2,5,90,441,0.0013733869418501854,0.0009616276947781444
mlp_3x128_gelu_dropout_l2,5,90,442,0.0013681516284123063,0.0009728720178827643
mlp_3x128_gelu_dropout_l2,5,90,443,0.0013695138040930033,0.000969076412729919
mlp_3x128_gelu_dropout_l2,5,90,444,0.0013650322798639536,0.0009728600271046162
mlp_3x128_gelu_dropout_l2,5,90,445,0.001366797019727528,0.0009692288003861904
mlp_3x128_gelu_dropout_l2,5,90,446,0.0013704878510907292,0.0009731471654959023
mlp_3x128_gelu_dropout_l2,5,90,447,0.0013719805283471942,0.001005004276521504
mlp_3x128_gelu_dropout_l2,5,90,448,0.0013798614963889122,0.0009945762576535344
mlp_3x128_gelu_dropout_l2,5,90,449,0.0013900402700528502,0.0009881657315418124
mlp_3x128_gelu_dropout_l2,5,90,450,0.0013743680901825428,0.0009562090854160488
mlp_3x128_gelu_dropout_l2,5,90,451,0.0013804438058286905,0.0009540906175971031
mlp_3x128_gelu_dropout_l2,5,90,452,0.0013714100932702422,0.0009669677820056677
mlp_3x128_gelu_dropout_l2,5,90,453,0.0013683323049917817,0.0009683901444077492
mlp_3x128_gelu_dropout_l2,5,90,454,0.0013668162282556295,0.0009778219973668456
mlp_3x128_gelu_dropout_l2,5,90,455,0.0013703673612326384,0.000977681833319366
mlp_3x128_gelu_dropout_l2,5,90,456,0.0013701959978789091,0.0009959517046809196
mlp_3x128_gelu_dropout_l2,5,90,457,0.0013751689111813903,0.001005481113679707
mlp_3x128_gelu_dropout_l2,5,90,458,0.0013804846676066518,0.0009974228451028466
mlp_3x128_gelu_dropout_l2,5,90,459,0.0013802266912534833,0.0009582405327819288
mlp_3x128_gelu_dropout_l2,5,90,460,0.0013775501865893602,0.0009731959435157478
mlp_3x128_gelu_dropout_l2,5,90,461,0.001383216236717999,0.0009749916498549283
mlp_3x128_gelu_dropout_l2,5,90,462,0.0013723336160182953,0.0009667626000009477
mlp_3x128_gelu_dropout_l2,5,90,463,0.0013708325568586588,0.0009656429756432772
mlp_3x128_gelu_dropout_l2,5,90,464,0.001374828047119081,0.0010061835637316108
mlp_3x128_gelu_dropout_l2,5,90,465,0.0013780923327431083,0.0009892677189782262
mlp_3x128_gelu_dropout_l2,5,90,466,0.0013783464673906565,0.0009976184228435159
mlp_3x128_gelu_dropout_l2,5,90,467,0.0013733417727053165,0.0010080602951347828
mlp_3x128_gelu_dropout_l2,5,90,468,0.001377567183226347,0.0009904641192406416
mlp_3x128_gelu_dropout_l2,5,90,469,0.0013785258634015918,0.0009806230664253235
mlp_3x128_gelu_dropout_l2,5,90,470,0.0013850670075044036,0.000983930891379714
mlp_3x128_gelu_dropout_l2,5,90,471,0.0013930153800174594,0.0009915806585922837
mlp_3x128_gelu_dropout_l2,5,90,472,0.0013797662686556578,0.0009648469858802855
mlp_3x128_gelu_dropout_l2,5,90,473,0.0013784377370029688,0.0009504471090622246
mlp_3x128_gelu_dropout_l2,5,90,474,0.0013740139547735453,0.0009701592498458922
mlp_3x128_gelu_dropout_l2,5,90,475,0.0013703983277082443,0.000977082410827279
mlp_3x128_gelu_dropout_l2,5,90,476,0.0013678057584911585,0.0009728238801471889
mlp_3x128_gelu_dropout_l2,5,90,477,0.0013702665455639362,0.0009766961447894573
mlp_3x128_gelu_dropout_l2,5,90,478,0.0013740278081968427,0.0009947039652615786
mlp_3x128_gelu_dropout_l2,5,90,479,0.0013817802537232637,0.0009731766767799854
mlp_3x128_gelu_dropout_l2,5,90,480,0.0013801302993670106,0.0009740047971718013
mlp_3x128_gelu_dropout_l2,5,90,481,0.0013729322236031294,0.0009823881555348635
mlp_3x128_gelu_dropout_l2,5,90,482,0.0013704855227842927,0.0009777663508430123
mlp_3x128_gelu_dropout_l2,5,90,483,0.0013675085501745343,0.0009843973675742745
mlp_3x128_gelu_dropout_l2,5,90,484,0.0013721586437895894,0.0009984017815440893
mlp_3x128_gelu_dropout_l2,5,90,485,0.0013787911739200354,0.0010391745017841458
mlp_3x128_gelu_dropout_l2,5,90,486,0.0013837829465046525,0.000960597419179976
mlp_3x128_gelu_dropout_l2,5,90,487,0.0013656490482389927,0.0009503143955953419
mlp_3x128_gelu_dropout_l2,5,90,488,0.001373963081277907,0.0009615182061679661
mlp_3x128_gelu_dropout_l2,5,90,489,0.0013753996463492513,0.0009783628629520535
mlp_3x128_gelu_dropout_l2,5,90,490,0.0013691020430997014,0.0009746187715791166
mlp_3x128_gelu_dropout_l2,5,90,491,0.0013683154247701168,0.0009854774689301848
mlp_3x128_gelu_dropout_l2,5,90,492,0.0013730908976867795,0.0009943394688889384
mlp_3x128_gelu_dropout_l2,5,90,493,0.0013742343289777637,0.001022538635879755
mlp_3x128_gelu_dropout_l2,5,90,494,0.0013841981999576092,0.0009716870845295489
mlp_3x128_gelu_dropout_l2,5,90,495,0.0013777795247733593,0.0009682743693701923
mlp_3x128_gelu_dropout_l2,5,90,496,0.0013784865150228143,0.0009743396658450365
mlp_3x128_gelu_dropout_l2,5,90,497,0.0013760599540546536,0.0009683871758170426
mlp_3x128_gelu_dropout_l2,5,90,498,0.0013883643550798297,0.0009845535969361663
mlp_3x128_gelu_dropout_l2,5,90,499,0.0013713397784158587,0.0009681607480160892
mlp_3x128_gelu_dropout_l2,5,90,500,0.0013744818279519677,0.0009795601945370436
mlp_3x128_gelu_dropout_l2,10,1,1,0.11937962472438812,0.054914690554142
mlp_3x128_gelu_dropout_l2,10,1,2,0.05596550926566124,0.043040931224823
mlp_3x128_gelu_dropout_l2,10,1,3,0.045490775257349014,0.03758997842669487
mlp_3x128_gelu_dropout_l2,10,1,4,0.0398431122303009,0.03372757136821747
mlp_3x128_gelu_dropout_l2,10,1,5,0.03570915013551712,0.03020462952554226
mlp_3x128_gelu_dropout_l2,10,1,6,0.03223276138305664,0.02715914137661457
mlp_3x128_gelu_dropout_l2,10,1,7,0.02912074327468872,0.024381930008530617
mlp_3x128_gelu_dropout_l2,10,1,8,0.026398928835988045,0.022008860483765602
mlp_3x128_gelu_dropout_l2,10,1,9,0.02402918040752411,0.01990065537393093
mlp_3x128_gelu_dropout_l2,10,1,10,0.021982310339808464,0.01812109723687172
mlp_3x128_gelu_dropout_l2,10,1,11,0.020278094336390495,0.016620654612779617
mlp_3x128_gelu_dropout_l2,10,1,12,0.018840236589312553,0.015367113053798676
mlp_3x128_gelu_dropout_l2,10,1,13,0.0176613237708807,0.014304891228675842
mlp_3x128_gelu_dropout_l2,10,1,14,0.016666727140545845,0.013418251648545265
mlp_3x128_gelu_dropout_l2,10,1,15,0.01584061235189438,0.012683849781751633
mlp_3x128_gelu_dropout_l2,10,1,16,0.01516602374613285,0.012069834396243095
mlp_3x128_gelu_dropout_l2,10,1,17,0.014594669453799725,0.011552562937140465
mlp_3x128_gelu_dropout_l2,10,1,18,0.014125828631222248,0.011127132922410965
mlp_3x128_gelu_dropout_l2,10,1,19,0.01373987179249525,0.010777409188449383
mlp_3x128_gelu_dropout_l2,10,1,20,0.013416017405688763,0.010480736382305622
mlp_3x128_gelu_dropout_l2,10,1,21,0.013147525489330292,0.010237461887300014
mlp_3x128_gelu_dropout_l2,10,1,22,0.0129267368465662,0.010036746971309185
mlp_3x128_gelu_dropout_l2,10,1,23,0.012744695879518986,0.00986435916274786
mlp_3x128_gelu_dropout_l2,10,1,24,0.012590817175805569,0.009724963456392288
mlp_3x128_gelu_dropout_l2,10,1,25,0.01246680412441492,0.009609702043235302
mlp_3x128_gelu_dropout_l2,10,1,26,0.012363895773887634,0.009518526494503021
mlp_3x128_gelu_dropout_l2,10,1,27,0.012277697212994099,0.00943946372717619
mlp_3x128_gelu_dropout_l2,10,1,28,0.012209713459014893,0.009377632290124893
mlp_3x128_gelu_dropout_l2,10,1,29,0.012146701104938984,0.009322693571448326
mlp_3x128_gelu_dropout_l2,10,1,30,0.012103873305022717,0.009282071143388748
mlp_3x128_gelu_dropout_l2,10,1,31,0.012059612199664116,0.009244957007467747
mlp_3x128_gelu_dropout_l2,10,1,32,0.0120310690253973,0.009209459647536278
mlp_3x128_gelu_dropout_l2,10,1,33,0.011999688111245632,0.009184516966342926
mlp_3x128_gelu_dropout_l2,10,1,34,0.011984750628471375,0.009165618568658829
mlp_3x128_gelu_dropout_l2,10,1,35,0.011962632648646832,0.009148980490863323
mlp_3x128_gelu_dropout_l2,10,1,36,0.011952309869229794,0.009137945249676704
mlp_3x128_gelu_dropout_l2,10,1,37,0.011934936046600342,0.009123518131673336
mlp_3x128_gelu_dropout_l2,10,1,38,0.01192263513803482,0.009116919711232185
mlp_3x128_gelu_dropout_l2,10,1,39,0.01191528607159853,0.009111988358199596
mlp_3x128_gelu_dropout_l2,10,1,40,0.011910004541277885,0.009104846976697445
mlp_3x128_gelu_dropout_l2,10,1,41,0.011903811246156693,0.009098166599869728
mlp_3x128_gelu_dropout_l2,10,1,42,0.01190050970762968,0.009097093716263771
mlp_3x128_gelu_dropout_l2,10,1,43,0.011891559697687626,0.009096444584429264
mlp_3x128_gelu_dropout_l2,10,1,44,0.011894313618540764,0.009094534441828728
mlp_3x128_gelu_dropout_l2,10,1,45,0.011888076551258564,0.009092138148844242
mlp_3x128_gelu_dropout_l2,10,1,46,0.01188436895608902,0.009088564664125443
mlp_3x128_gelu_dropout_l2,10,1,47,0.011883862316608429,0.009083665907382965
mlp_3x128_gelu_dropout_l2,10,1,48,0.011883904226124287,0.00908469595015049
mlp_3x128_gelu_dropout_l2,10,1,49,0.011876469478011131,0.009090819396078587
mlp_3x128_gelu_dropout_l2,10,1,50,0.011879155412316322,0.009087619371712208
mlp_3x128_gelu_dropout_l2,10,1,51,0.011879192665219307,0.009089363738894463
mlp_3x128_gelu_dropout_l2,10,1,52,0.011869072914123535,0.009092705324292183
mlp_3x128_gelu_dropout_l2,10,1,53,0.011873242445290089,0.009092886000871658
mlp_3x128_gelu_dropout_l2,10,1,54,0.011875386349856853,0.009089423343539238
mlp_3x128_gelu_dropout_l2,10,1,55,0.01187655795365572,0.009091688320040703
mlp_3x128_gelu_dropout_l2,10,1,56,0.011871933937072754,0.009096327237784863
mlp_3x128_gelu_dropout_l2,10,1,57,0.011876189149916172,0.009094472974538803
mlp_3x128_gelu_dropout_l2,10,1,58,0.011870435439050198,0.009100555442273617
mlp_3x128_gelu_dropout_l2,10,1,59,0.011874849908053875,0.009098728187382221
mlp_3x128_gelu_dropout_l2,10,1,60,0.011872400529682636,0.009101665578782558
mlp_3x128_gelu_dropout_l2,10,1,61,0.01187099888920784,0.009101943112909794
mlp_3x128_gelu_dropout_l2,10,1,62,0.011870927177369595,0.009104244410991669
mlp_3x128_gelu_dropout_l2,10,1,63,0.011870281770825386,0.009110502898693085
mlp_3x128_gelu_dropout_l2,10,1,64,0.011871561408042908,0.009106877259910107
mlp_3x128_gelu_dropout_l2,10,1,65,0.011870001442730427,0.009110795333981514
mlp_3x128_gelu_dropout_l2,10,1,66,0.011869007721543312,0.009111735038459301
mlp_3x128_gelu_dropout_l2,10,1,67,0.011871459893882275,0.009115519933402538
mlp_3x128_gelu_dropout_l2,10,1,68,0.01187492161989212,0.009110485203564167
mlp_3x128_gelu_dropout_l2,10,1,69,0.01186845451593399,0.009127721190452576
mlp_3x128_gelu_dropout_l2,10,1,70,0.011873599141836166,0.009133086539804935
mlp_3x128_gelu_dropout_l2,10,1,71,0.011871765367686749,0.009131109341979027
mlp_3x128_gelu_dropout_l2,10,1,72,0.011876256205141544,0.009134932421147823
mlp_3x128_gelu_dropout_l2,10,1,73,0.01187616866081953,0.009132608771324158
mlp_3x128_gelu_dropout_l2,10,1,74,0.011873705312609673,0.009137355722486973
mlp_3x128_gelu_dropout_l2,10,1,75,0.01187483686953783,0.009135277010500431
mlp_3x128_gelu_dropout_l2,10,1,76,0.011874820105731487,0.009137269109487534
mlp_3x128_gelu_dropout_l2,10,1,77,0.011870433576405048,0.009138747118413448
mlp_3x128_gelu_dropout_l2,10,1,78,0.011871560476720333,0.009149327874183655
mlp_3x128_gelu_dropout_l2,10,1,79,0.01186949573457241,0.009150474332273006
mlp_3x128_gelu_dropout_l2,10,1,80,0.011872454546391964,0.009142542257905006
mlp_3x128_gelu_dropout_l2,10,1,81,0.011868453584611416,0.009156477637588978
mlp_3x128_gelu_dropout_l2,10,1,82,0.011867167428135872,0.009159419685602188
mlp_3x128_gelu_dropout_l2,10,1,83,0.011875280179083347,0.00915601011365652
mlp_3x128_gelu_dropout_l2,10,1,84,0.011869104579091072,0.009171928279101849
mlp_3x128_gelu_dropout_l2,10,1,85,0.011873109266161919,0.009168779477477074
mlp_3x128_gelu_dropout_l2,10,1,86,0.011868918314576149,0.009176531806588173
mlp_3x128_gelu_dropout_l2,10,1,87,0.011873605661094189,0.009171998128294945
mlp_3x128_gelu_dropout_l2,10,1,88,0.011877552606165409,0.0091856112703681
mlp_3x128_gelu_dropout_l2,10,1,89,0.01187838613986969,0.009185166098177433
mlp_3x128_gelu_dropout_l2,10,1,90,0.011872917413711548,0.009191717021167278
mlp_3x128_gelu_dropout_l2,10,1,91,0.011875232681632042,0.009190119802951813
mlp_3x128_gelu_dropout_l2,10,1,92,0.011876450851559639,0.009192090481519699
mlp_3x128_gelu_dropout_l2,10,1,93,0.011878699995577335,0.009196002967655659
mlp_3x128_gelu_dropout_l2,10,1,94,0.011871960945427418,0.009202645160257816
mlp_3x128_gelu_dropout_l2,10,1,95,0.01187785156071186,0.009198629297316074
mlp_3x128_gelu_dropout_l2,10,1,96,0.01187301054596901,0.00921549927443266
mlp_3x128_gelu_dropout_l2,10,1,97,0.01187863852828741,0.009209766052663326
mlp_3x128_gelu_dropout_l2,10,1,98,0.011871468275785446,0.009215196594595909
mlp_3x128_gelu_dropout_l2,10,1,99,0.01187276653945446,0.009221058338880539
mlp_3x128_gelu_dropout_l2,10,1,100,0.011877771466970444,0.009210365824401379
mlp_3x128_gelu_dropout_l2,10,1,101,0.011870519258081913,0.009200495667755604
mlp_3x128_gelu_dropout_l2,10,1,102,0.011865785345435143,0.009214580990374088
mlp_3x128_gelu_dropout_l2,10,1,103,0.011874529533088207,0.009214526042342186
mlp_3x128_gelu_dropout_l2,10,1,104,0.011869409121572971,0.009231854230165482
mlp_3x128_gelu_dropout_l2,10,1,105,0.011866393499076366,0.009215177036821842
mlp_3x128_gelu_dropout_l2,10,1,106,0.011867241933941841,0.009222880005836487
mlp_3x128_gelu_dropout_l2,10,1,107,0.01187529694288969,0.009234977886080742
mlp_3x128_gelu_dropout_l2,10,1,108,0.011870651505887508,0.009242034517228603
mlp_3x128_gelu_dropout_l2,10,1,109,0.011868486180901527,0.009243267588317394
mlp_3x128_gelu_dropout_l2,10,1,110,0.011866976507008076,0.009240588173270226
mlp_3x128_gelu_dropout_l2,10,1,111,0.011877842247486115,0.009230172261595726
mlp_3x128_gelu_dropout_l2,10,1,112,0.011861344799399376,0.009241936728358269
mlp_3x128_gelu_dropout_l2,10,1,113,0.011861097067594528,0.009232751093804836
mlp_3x128_gelu_dropout_l2,10,1,114,0.01186748780310154,0.009233614429831505
mlp_3x128_gelu_dropout_l2,10,1,115,0.01186426542699337,0.009241596795618534
mlp_3x128_gelu_dropout_l2,10,1,116,0.011862363666296005,0.009239310398697853
mlp_3x128_gelu_dropout_l2,10,1,117,0.011863138526678085,0.009255114011466503
mlp_3x128_gelu_dropout_l2,10,1,118,0.011868739500641823,0.009235218167304993
mlp_3x128_gelu_dropout_l2,10,1,119,0.011864641681313515,0.00925125740468502
mlp_3x128_gelu_dropout_l2,10,1,120,0.011864147149026394,0.00925095472484827
mlp_3x128_gelu_dropout_l2,10,1,121,0.011866742745041847,0.009231645613908768
mlp_3x128_gelu_dropout_l2,10,1,122,0.011866043321788311,0.009249785915017128
mlp_3x128_gelu_dropout_l2,10,1,123,0.011859041638672352,0.009252751246094704
mlp_3x128_gelu_dropout_l2,10,1,124,0.011865300126373768,0.009238074533641338
mlp_3x128_gelu_dropout_l2,10,1,125,0.011865531094372272,0.009234892204403877
mlp_3x128_gelu_dropout_l2,10,1,126,0.011856921948492527,0.009268565103411674
mlp_3x128_gelu_dropout_l2,10,1,127,0.011883330531418324,0.009252894669771194
mlp_3x128_gelu_dropout_l2,10,1,128,0.011855954304337502,0.009239722974598408
mlp_3x128_gelu_dropout_l2,10,1,129,0.011864599771797657,0.009257091209292412
mlp_3x128_gelu_dropout_l2,10,1,130,0.011856511235237122,0.009271269664168358
mlp_3x128_gelu_dropout_l2,10,1,131,0.01186335552483797,0.009241312742233276
mlp_3x128_gelu_dropout_l2,10,1,132,0.011853083036839962,0.009276490658521652
mlp_3x128_gelu_dropout_l2,10,1,133,0.01186733040958643,0.009259836748242378
mlp_3x128_gelu_dropout_l2,10,1,134,0.011856934987008572,0.009267042391002178
mlp_3x128_gelu_dropout_l2,10,1,135,0.011861885897815228,0.009236478246748447
mlp_3x128_gelu_dropout_l2,10,1,136,0.011870290152728558,0.009242300875484943
mlp_3x128_gelu_dropout_l2,10,1,137,0.011850467883050442,0.009268146008253098
mlp_3x128_gelu_dropout_l2,10,1,138,0.011856443248689175,0.00925747212022543
mlp_3x128_gelu_dropout_l2,10,1,139,0.011866696178913116,0.009264308027923107
mlp_3x128_gelu_dropout_l2,10,1,140,0.01184937171638012,0.009270517155528069
mlp_3x128_gelu_dropout_l2,10,1,141,0.01185396034270525,0.009280179627239704
mlp_3x128_gelu_dropout_l2,10,1,142,0.011859770864248276,0.009270762093365192
mlp_3x128_gelu_dropout_l2,10,1,143,0.011860904283821583,0.009280163794755936
mlp_3x128_gelu_dropout_l2,10,1,144,0.011880808509886265,0.009279287420213223
mlp_3x128_gelu_dropout_l2,10,1,145,0.011862607672810555,0.009307842701673508
mlp_3x128_gelu_dropout_l2,10,1,146,0.011863846331834793,0.009315366856753826
mlp_3x128_gelu_dropout_l2,10,1,147,0.011885682120919228,0.009311272762715816
mlp_3x128_gelu_dropout_l2,10,1,148,0.011887612752616405,0.009312811307609081
mlp_3x128_gelu_dropout_l2,10,1,149,0.011884607374668121,0.009299768134951591
mlp_3x128_gelu_dropout_l2,10,1,150,0.011888585053384304,0.009340249933302402
mlp_3x128_gelu_dropout_l2,10,1,151,0.011876928620040417,0.009323559701442719
mlp_3x128_gelu_dropout_l2,10,1,152,0.011878727003932,0.0093638114631176
mlp_3x128_gelu_dropout_l2,10,1,153,0.011890395544469357,0.00935343373566866
mlp_3x128_gelu_dropout_l2,10,1,154,0.01189996674656868,0.00931662879884243
mlp_3x128_gelu_dropout_l2,10,1,155,0.011881670914590359,0.009308301843702793
mlp_3x128_gelu_dropout_l2,10,1,156,0.01189124770462513,0.009328854270279408
mlp_3x128_gelu_dropout_l2,10,1,157,0.011890067718923092,0.009323912672698498
mlp_3x128_gelu_dropout_l2,10,1,158,0.011882291175425053,0.00933029968291521
mlp_3x128_gelu_dropout_l2,10,1,159,0.011893066577613354,0.009344859980046749
mlp_3x128_gelu_dropout_l2,10,1,160,0.011888962239027023,0.009339002892374992
mlp_3x128_gelu_dropout_l2,10,1,161,0.011895343661308289,0.009332475252449512
mlp_3x128_gelu_dropout_l2,10,1,162,0.011886653490364552,0.009295993484556675
mlp_3x128_gelu_dropout_l2,10,1,163,0.01188186276704073,0.009309781715273857
mlp_3x128_gelu_dropout_l2,10,1,164,0.01186792366206646,0.009317553602159023
mlp_3x128_gelu_dropout_l2,10,1,165,0.011878185905516148,0.00930888019502163
mlp_3x128_gelu_dropout_l2,10,1,166,0.011877460405230522,0.009350028820335865
mlp_3x128_gelu_dropout_l2,10,1,167,0.011886839754879475,0.009359109215438366
mlp_3x128_gelu_dropout_l2,10,1,168,0.011896020732820034,0.009322335943579674
mlp_3x128_gelu_dropout_l2,10,1,169,0.011882106773555279,0.009337916038930416
mlp_3x128_gelu_dropout_l2,10,1,170,0.011867210268974304,0.009295710362493992
mlp_3x128_gelu_dropout_l2,10,1,171,0.01188828144222498,0.009314005263149738
mlp_3x128_gelu_dropout_l2,10,1,172,0.011881433427333832,0.00935685820877552
mlp_3x128_gelu_dropout_l2,10,1,173,0.011876948177814484,0.009359686635434628
mlp_3x128_gelu_dropout_l2,10,1,174,0.011883052065968513,0.009338571690022945
mlp_3x128_gelu_dropout_l2,10,1,175,0.011880051344633102,0.009349665604531765
mlp_3x128_gelu_dropout_l2,10,1,176,0.011861046776175499,0.009399032220244408
mlp_3x128_gelu_dropout_l2,10,1,177,0.01189164537936449,0.009313936345279217
mlp_3x128_gelu_dropout_l2,10,1,178,0.011882421560585499,0.009338654577732086
mlp_3x128_gelu_dropout_l2,10,1,179,0.011881740763783455,0.009361190721392632
mlp_3x128_gelu_dropout_l2,10,1,180,0.01189074944704771,0.009386341087520123
mlp_3x128_gelu_dropout_l2,10,1,181,0.011898966506123543,0.009372648783028126
mlp_3x128_gelu_dropout_l2,10,1,182,0.011907077394425869,0.0093773128464818
mlp_3x128_gelu_dropout_l2,10,1,183,0.011893365532159805,0.009340249933302402
mlp_3x128_gelu_dropout_l2,10,1,184,0.011878116987645626,0.009343872778117657
mlp_3x128_gelu_dropout_l2,10,1,185,0.011876901611685753,0.009363961406052113
mlp_3x128_gelu_dropout_l2,10,1,186,0.011877130717039108,0.009349867701530457
mlp_3x128_gelu_dropout_l2,10,1,187,0.011874322779476643,0.009367059916257858
mlp_3x128_gelu_dropout_l2,10,1,188,0.011884924955666065,0.009305959567427635
mlp_3x128_gelu_dropout_l2,10,1,189,0.011878950521349907,0.009342091158032417
mlp_3x128_gelu_dropout_l2,10,1,190,0.011866902001202106,0.0094223627820611
mlp_3x128_gelu_dropout_l2,10,1,191,0.011881770566105843,0.00934192631393671
mlp_3x128_gelu_dropout_l2,10,1,192,0.011880606412887573,0.009317564778029919
mlp_3x128_gelu_dropout_l2,10,1,193,0.011863677762448788,0.009370287880301476
mlp_3x128_gelu_dropout_l2,10,1,194,0.011868787929415703,0.009311042726039886
mlp_3x128_gelu_dropout_l2,10,1,195,0.011873734183609486,0.009388983249664307
mlp_3x128_gelu_dropout_l2,10,1,196,0.011885227635502815,0.009351964108645916
mlp_3x128_gelu_dropout_l2,10,1,197,0.011877915821969509,0.009339801035821438
mlp_3x128_gelu_dropout_l2,10,1,198,0.011858354322612286,0.009372477419674397
mlp_3x128_gelu_dropout_l2,10,1,199,0.011865858919918537,0.00936291366815567
mlp_3x128_gelu_dropout_l2,10,1,200,0.01186822634190321,0.009358292445540428
mlp_3x128_gelu_dropout_l2,10,1,201,0.01186596229672432,0.009370270185172558
mlp_3x128_gelu_dropout_l2,10,1,202,0.011867034249007702,0.009406699799001217
mlp_3x128_gelu_dropout_l2,10,1,203,0.011874649673700333,0.009366005659103394
mlp_3x128_gelu_dropout_l2,10,1,204,0.011856340803205967,0.009379284456372261
mlp_3x128_gelu_dropout_l2,10,1,205,0.011865138076245785,0.009398630820214748
mlp_3x128_gelu_dropout_l2,10,1,206,0.011856306344270706,0.00939864944666624
mlp_3x128_gelu_dropout_l2,10,1,207,0.01187098678201437,0.009377638809382915
mlp_3x128_gelu_dropout_l2,10,1,208,0.011871831491589546,0.009359127841889858
mlp_3x128_gelu_dropout_l2,10,1,209,0.011870795860886574,0.00936057884246111
mlp_3x128_gelu_dropout_l2,10,1,210,0.011866477318108082,0.00940040871500969
mlp_3x128_gelu_dropout_l2,10,1,211,0.011850092560052872,0.009403534233570099
mlp_3x128_gelu_dropout_l2,10,1,212,0.011848843656480312,0.009388572536408901
mlp_3x128_gelu_dropout_l2,10,1,213,0.011855476535856724,0.009412379935383797
mlp_3x128_gelu_dropout_l2,10,1,214,0.01185896247625351,0.009471505880355835
mlp_3x128_gelu_dropout_l2,10,1,215,0.011870172806084156,0.00935216061770916
mlp_3x128_gelu_dropout_l2,10,1,216,0.011858469806611538,0.009429984726011753
mlp_3x128_gelu_dropout_l2,10,1,217,0.011871199123561382,0.009462866000831127
mlp_3x128_gelu_dropout_l2,10,1,218,0.011877027340233326,0.00934912171214819
mlp_3x128_gelu_dropout_l2,10,1,219,0.011877445504069328,0.009331057779490948
mlp_3x128_gelu_dropout_l2,10,1,220,0.011872898787260056,0.009327743202447891
mlp_3x128_gelu_dropout_l2,10,1,221,0.011852257885038853,0.009392764419317245
mlp_3x128_gelu_dropout_l2,10,1,222,0.011863771826028824,0.009407546371221542
mlp_3x128_gelu_dropout_l2,10,1,223,0.01186787523329258,0.009373708628118038
mlp_3x128_gelu_dropout_l2,10,1,224,0.011850065551698208,0.009411262348294258
mlp_3x128_gelu_dropout_l2,10,1,225,0.011866265907883644,0.009417284280061722
mlp_3x128_gelu_dropout_l2,10,1,226,0.011851406656205654,0.009400769136846066
mlp_3x128_gelu_dropout_l2,10,1,227,0.01186543982475996,0.009399494156241417
mlp_3x128_gelu_dropout_l2,10,1,228,0.011848830617964268,0.00944090448319912
mlp_3x128_gelu_dropout_l2,10,1,229,0.011840637773275375,0.009487904608249664
mlp_3x128_gelu_dropout_l2,10,1,230,0.011869446374475956,0.009416722692549229
mlp_3x128_gelu_dropout_l2,10,1,231,0.011863199062645435,0.009404405951499939
mlp_3x128_gelu_dropout_l2,10,1,232,0.011870365589857101,0.009408080019056797
mlp_3x128_gelu_dropout_l2,10,1,233,0.011860947124660015,0.009417089633643627
mlp_3x128_gelu_dropout_l2,10,1,234,0.011874067597091198,0.009390829131007195
mlp_3x128_gelu_dropout_l2,10,1,235,0.011874662712216377,0.009417189285159111
mlp_3x128_gelu_dropout_l2,10,1,236,0.011853344738483429,0.009385590441524982
mlp_3x128_gelu_dropout_l2,10,1,237,0.0118544427677989,0.009341344237327576
mlp_3x128_gelu_dropout_l2,10,1,238,0.01188801322132349,0.009333067573606968
mlp_3x128_gelu_dropout_l2,10,1,239,0.011850181967020035,0.0093899080529809
mlp_3x128_gelu_dropout_l2,10,1,240,0.011848309077322483,0.009418241679668427
mlp_3x128_gelu_dropout_l2,10,1,241,0.011832306161522865,0.009444265626370907
mlp_3x128_gelu_dropout_l2,10,1,242,0.011830882169306278,0.009456660598516464
mlp_3x128_gelu_dropout_l2,10,1,243,0.011848516762256622,0.009401115588843822
mlp_3x128_gelu_dropout_l2,10,1,244,0.01184797752648592,0.009426155127584934
mlp_3x128_gelu_dropout_l2,10,1,245,0.011844923719763756,0.009362909011542797
mlp_3x128_gelu_dropout_l2,10,1,246,0.011848550289869308,0.009393441490828991
mlp_3x128_gelu_dropout_l2,10,1,247,0.011843831278383732,0.009453506208956242
mlp_3x128_gelu_dropout_l2,10,1,248,0.011874384246766567,0.009351210668683052
mlp_3x128_gelu_dropout_l2,10,1,249,0.011861134320497513,0.009366868995130062
mlp_3x128_gelu_dropout_l2,10,1,250,0.01183833833783865,0.009337319992482662
mlp_3x128_gelu_dropout_l2,10,1,251,0.011830154806375504,0.009390125051140785
mlp_3x128_gelu_dropout_l2,10,1,252,0.011849235743284225,0.009373366832733154
mlp_3x128_gelu_dropout_l2,10,1,253,0.01182843279093504,0.009356308728456497
mlp_3x128_gelu_dropout_l2,10,1,254,0.01183725893497467,0.009439535439014435
mlp_3x128_gelu_dropout_l2,10,1,255,0.011846964247524738,0.009393774904310703
mlp_3x128_gelu_dropout_l2,10,1,256,0.011865961365401745,0.009372412227094173
mlp_3x128_gelu_dropout_l2,10,1,257,0.011853250674903393,0.00941695086658001
mlp_3x128_gelu_dropout_l2,10,1,258,0.011841755360364914,0.009390375576913357
mlp_3x128_gelu_dropout_l2,10,1,259,0.0118362782523036,0.009364527650177479
mlp_3x128_gelu_dropout_l2,10,1,260,0.011845489963889122,0.009386623278260231
mlp_3x128_gelu_dropout_l2,10,1,261,0.01185771357268095,0.009360947646200657
mlp_3x128_gelu_dropout_l2,10,1,262,0.011860016733407974,0.009393960237503052
mlp_3x128_gelu_dropout_l2,10,1,263,0.011850329115986824,0.00944744423031807
mlp_3x128_gelu_dropout_l2,10,1,264,0.011833066120743752,0.009410263039171696
mlp_3x128_gelu_dropout_l2,10,1,265,0.01184103637933731,0.009407797828316689
mlp_3x128_gelu_dropout_l2,10,1,266,0.011851253919303417,0.009475922212004662
mlp_3x128_gelu_dropout_l2,10,1,267,0.011873803101480007,0.009393192827701569
mlp_3x128_gelu_dropout_l2,10,1,268,0.011835495941340923,0.009398682974278927
mlp_3x128_gelu_dropout_l2,10,1,269,0.011849379166960716,0.009465022943913937
mlp_3x128_gelu_dropout_l2,10,1,270,0.011851334944367409,0.009514221921563148
mlp_3x128_gelu_dropout_l2,10,1,271,0.011852853931486607,0.009409044869244099
mlp_3x128_gelu_dropout_l2,10,1,272,0.011863119900226593,0.009411269798874855
mlp_3x128_gelu_dropout_l2,10,1,273,0.011841070838272572,0.009387902915477753
mlp_3x128_gelu_dropout_l2,10,1,274,0.011838839389383793,0.009421614930033684
mlp_3x128_gelu_dropout_l2,10,1,275,0.011858025565743446,0.00945152249187231
mlp_3x128_gelu_dropout_l2,10,1,276,0.011839646846055984,0.00947082880884409
mlp_3x128_gelu_dropout_l2,10,1,277,0.011851998046040535,0.00940011814236641
mlp_3x128_gelu_dropout_l2,10,1,278,0.011854232288897038,0.009360493160784245
mlp_3x128_gelu_dropout_l2,10,1,279,0.011852431111037731,0.009380357339978218
mlp_3x128_gelu_dropout_l2,10,1,280,0.011840601451694965,0.009409753605723381
mlp_3x128_gelu_dropout_l2,10,1,281,0.011844675056636333,0.009454961866140366
mlp_3x128_gelu_dropout_l2,10,1,282,0.01185942254960537,0.009481014683842659
mlp_3x128_gelu_dropout_l2,10,1,283,0.011848770081996918,0.00942267943173647
mlp_3x128_gelu_dropout_l2,10,1,284,0.011850591748952866,0.009382568299770355
mlp_3x128_gelu_dropout_l2,10,1,285,0.011860692873597145,0.009412064217031002
mlp_3x128_gelu_dropout_l2,10,1,286,0.011865993961691856,0.009358053095638752
mlp_3x128_gelu_dropout_l2,10,1,287,0.011853187344968319,0.009429527446627617
mlp_3x128_gelu_dropout_l2,10,1,288,0.011838546022772789,0.00944635458290577
mlp_3x128_gelu_dropout_l2,10,1,289,0.011837480589747429,0.00941571593284607
mlp_3x128_gelu_dropout_l2,10,1,290,0.011823190376162529,0.009437224827706814
mlp_3x128_gelu_dropout_l2,10,1,291,0.011853646486997604,0.00939280353486538
mlp_3x128_gelu_dropout_l2,10,1,292,0.011828807182610035,0.009380614385008812
mlp_3x128_gelu_dropout_l2,10,1,293,0.0118328258395195,0.009398717433214188
mlp_3x128_gelu_dropout_l2,10,1,294,0.011827380396425724,0.00945254322141409
mlp_3x128_gelu_dropout_l2,10,1,295,0.01184350997209549,0.009398164227604866
mlp_3x128_gelu_dropout_l2,10,1,296,0.011831955052912235,0.00940322782844305
mlp_3x128_gelu_dropout_l2,10,1,297,0.011857002042233944,0.009423986077308655
mlp_3x128_gelu_dropout_l2,10,1,298,0.011839821934700012,0.009425915777683258
mlp_3x128_gelu_dropout_l2,10,1,299,0.01184414979070425,0.009407168254256248
mlp_3x128_gelu_dropout_l2,10,1,300,0.011834856122732162,0.009446377865970135
mlp_3x128_gelu_dropout_l2,10,1,301,0.011853468604385853,0.009431644342839718
mlp_3x128_gelu_dropout_l2,10,1,302,0.011850290931761265,0.00942142866551876
mlp_3x128_gelu_dropout_l2,10,1,303,0.011852497234940529,0.009449835866689682
mlp_3x128_gelu_dropout_l2,10,1,304,0.011844823136925697,0.009458775632083416
mlp_3x128_gelu_dropout_l2,10,1,305,0.011838924139738083,0.009487448260188103
mlp_3x128_gelu_dropout_l2,10,1,306,0.011833392083644867,0.009496111422777176
mlp_3x128_gelu_dropout_l2,10,1,307,0.011852570809423923,0.009409042075276375
mlp_3x128_gelu_dropout_l2,10,1,308,0.011868663132190704,0.00943010114133358
mlp_3x128_gelu_dropout_l2,10,1,309,0.011853720992803574,0.009423895739018917
mlp_3x128_gelu_dropout_l2,10,1,310,0.011833036318421364,0.009464343078434467
mlp_3x128_gelu_dropout_l2,10,1,311,0.011850123293697834,0.00945325568318367
mlp_3x128_gelu_dropout_l2,10,1,312,0.011838625185191631,0.009428254328668118
mlp_3x128_gelu_dropout_l2,10,1,313,0.011844923719763756,0.00941500999033451
mlp_3x128_gelu_dropout_l2,10,1,314,0.011857949197292328,0.009461136534810066
mlp_3x128_gelu_dropout_l2,10,1,315,0.01185729168355465,0.009399485774338245
mlp_3x128_gelu_dropout_l2,10,1,316,0.01184944435954094,0.009484508074820042
mlp_3x128_gelu_dropout_l2,10,1,317,0.011845624074339867,0.009477055631577969
mlp_3x128_gelu_dropout_l2,10,1,318,0.01185135543346405,0.009384323842823505
mlp_3x128_gelu_dropout_l2,10,1,319,0.011843339540064335,0.009373256005346775
mlp_3x128_gelu_dropout_l2,10,1,320,0.011835201643407345,0.009383260272443295
mlp_3x128_gelu_dropout_l2,10,1,321,0.011836807243525982,0.00941888615489006
mlp_3x128_gelu_dropout_l2,10,1,322,0.011844988912343979,0.009454753249883652
mlp_3x128_gelu_dropout_l2,10,1,323,0.011834671720862389,0.009496597573161125
mlp_3x128_gelu_dropout_l2,10,1,324,0.011824868619441986,0.00944477878510952
mlp_3x128_gelu_dropout_l2,10,1,325,0.01182826329022646,0.00939415767788887
mlp_3x128_gelu_dropout_l2,10,1,326,0.011835647746920586,0.00937383808195591
mlp_3x128_gelu_dropout_l2,10,1,327,0.011846896260976791,0.009386506862938404
mlp_3x128_gelu_dropout_l2,10,1,328,0.011848727241158485,0.009397023357450962
mlp_3x128_gelu_dropout_l2,10,1,329,0.011834361590445042,0.00943687092512846
mlp_3x128_gelu_dropout_l2,10,1,330,0.01182644348591566,0.0094006871804595
mlp_3x128_gelu_dropout_l2,10,1,331,0.011844633147120476,0.00943733286112547
mlp_3x128_gelu_dropout_l2,10,1,332,0.01184085663408041,0.009404325857758522
mlp_3x128_gelu_dropout_l2,10,1,333,0.011861229315400124,0.009380737319588661
mlp_3x128_gelu_dropout_l2,10,1,334,0.011824949644505978,0.009414931759238243
mlp_3x128_gelu_dropout_l2,10,1,335,0.011843396350741386,0.00943691935390234
mlp_3x128_gelu_dropout_l2,10,1,336,0.011834750883281231,0.009384233504533768
mlp_3x128_gelu_dropout_l2,10,1,337,0.011839845217764378,0.009399306029081345
mlp_3x128_gelu_dropout_l2,10,1,338,0.011832180432975292,0.009424084797501564
mlp_3x128_gelu_dropout_l2,10,1,339,0.011827477253973484,0.009399035945534706
mlp_3x128_gelu_dropout_l2,10,1,340,0.011841634288430214,0.009400220587849617
mlp_3x128_gelu_dropout_l2,10,1,341,0.011841450817883015,0.009403361938893795
mlp_3x128_gelu_dropout_l2,10,1,342,0.011838344857096672,0.009425738826394081
mlp_3x128_gelu_dropout_l2,10,1,343,0.011868078261613846,0.009451528079807758
mlp_3x128_gelu_dropout_l2,10,1,344,0.011825257912278175,0.009364095516502857
mlp_3x128_gelu_dropout_l2,10,1,345,0.011841691099107265,0.009394404478371143
mlp_3x128_gelu_dropout_l2,10,1,346,0.011828255839645863,0.009397401474416256
mlp_3x128_gelu_dropout_l2,10,1,347,0.011842927895486355,0.009403117932379246
mlp_3x128_gelu_dropout_l2,10,1,348,0.011837275698781013,0.009417650289833546
mlp_3x128_gelu_dropout_l2,10,1,349,0.011830705218017101,0.009377162903547287
mlp_3x128_gelu_dropout_l2,10,1,350,0.011799583211541176,0.009435750544071198
mlp_3x128_gelu_dropout_l2,10,1,351,0.01182933896780014,0.009408439509570599
mlp_3x128_gelu_dropout_l2,10,1,352,0.01182152982801199,0.009405582211911678
mlp_3x128_gelu_dropout_l2,10,1,353,0.011826727539300919,0.009422763250768185
mlp_3x128_gelu_dropout_l2,10,1,354,0.011816306971013546,0.009367142803966999
mlp_3x128_gelu_dropout_l2,10,1,355,0.011815833859145641,0.009387626312673092
mlp_3x128_gelu_dropout_l2,10,1,356,0.011816060170531273,0.009444598108530045
mlp_3x128_gelu_dropout_l2,10,1,357,0.01183580793440342,0.009382447227835655
mlp_3x128_gelu_dropout_l2,10,1,358,0.011833497323095798,0.009420504793524742
mlp_3x128_gelu_dropout_l2,10,1,359,0.011821717023849487,0.009439690969884396
mlp_3x128_gelu_dropout_l2,10,1,360,0.011837256141006947,0.00940869189798832
mlp_3x128_gelu_dropout_l2,10,1,361,0.011825003661215305,0.00939446222037077
mlp_3x128_gelu_dropout_l2,10,1,362,0.011840572580695152,0.009437808766961098
mlp_3x128_gelu_dropout_l2,10,1,363,0.011812003329396248,0.00942987110465765
mlp_3x128_gelu_dropout_l2,10,1,364,0.01182115450501442,0.009433076716959476
mlp_3x128_gelu_dropout_l2,10,1,365,0.011819347739219666,0.009416964836418629
mlp_3x128_gelu_dropout_l2,10,1,366,0.011834098957479,0.009368003346025944
mlp_3x128_gelu_dropout_l2,10,1,367,0.01183042861521244,0.009418133646249771
mlp_3x128_gelu_dropout_l2,10,1,368,0.011835623532533646,0.009376066736876965
mlp_3x128_gelu_dropout_l2,10,1,369,0.01183856837451458,0.009375754743814468
mlp_3x128_gelu_dropout_l2,10,1,370,0.011821324937045574,0.009438064880669117
mlp_3x128_gelu_dropout_l2,10,1,371,0.011821078136563301,0.009464914910495281
mlp_3x128_gelu_dropout_l2,10,1,372,0.011827466078102589,0.00943139661103487
mlp_3x128_gelu_dropout_l2,10,1,373,0.01183227077126503,0.00941607914865017
mlp_3x128_gelu_dropout_l2,10,1,374,0.011837666854262352,0.00942807737737894
mlp_3x128_gelu_dropout_l2,10,1,375,0.011829294264316559,0.009421008639037609
mlp_3x128_gelu_dropout_l2,10,1,376,0.011815967969596386,0.009429927915334702
mlp_3x128_gelu_dropout_l2,10,1,377,0.01182370726019144,0.009438995271921158
mlp_3x128_gelu_dropout_l2,10,1,378,0.011824393644928932,0.009399413131177425
mlp_3x128_gelu_dropout_l2,10,1,379,0.01182742603123188,0.009393543004989624
mlp_3x128_gelu_dropout_l2,10,1,380,0.011818517930805683,0.00939879659563303
mlp_3x128_gelu_dropout_l2,10,1,381,0.011829898692667484,0.009422521106898785
mlp_3x128_gelu_dropout_l2,10,1,382,0.011812407523393631,0.009403866715729237
mlp_3x128_gelu_dropout_l2,10,1,383,0.011797570623457432,0.009467803873121738
mlp_3x128_gelu_dropout_l2,10,1,384,0.011819538660347462,0.009420766495168209
mlp_3x128_gelu_dropout_l2,10,1,385,0.01182846911251545,0.00938347540795803
mlp_3x128_gelu_dropout_l2,10,1,386,0.011829211376607418,0.009363838471472263
mlp_3x128_gelu_dropout_l2,10,1,387,0.011814677156507969,0.009441266767680645
mlp_3x128_gelu_dropout_l2,10,1,388,0.011830032803118229,0.00939533393830061
mlp_3x128_gelu_dropout_l2,10,1,389,0.011825109831988811,0.009440792724490166
mlp_3x128_gelu_dropout_l2,10,1,390,0.011807666160166264,0.009516407735645771
mlp_3x128_gelu_dropout_l2,10,1,391,0.011818455532193184,0.009412180632352829
mlp_3x128_gelu_dropout_l2,10,1,392,0.011812126263976097,0.009388490580022335
mlp_3x128_gelu_dropout_l2,10,1,393,0.011818166822195053,0.009419028647243977
mlp_3x128_gelu_dropout_l2,10,1,394,0.011797326616942883,0.00943989772349596
mlp_3x128_gelu_dropout_l2,10,1,395,0.011816758662462234,0.009445318952202797
mlp_3x128_gelu_dropout_l2,10,1,396,0.011818214319646358,0.009448016062378883
mlp_3x128_gelu_dropout_l2,10,1,397,0.01184203289449215,0.009410806000232697
mlp_3x128_gelu_dropout_l2,10,1,398,0.01183626800775528,0.009416541084647179
mlp_3x128_gelu_dropout_l2,10,1,399,0.011806664988398552,0.009462053887546062
mlp_3x128_gelu_dropout_l2,10,1,400,0.011806788854300976,0.009424312971532345
mlp_3x128_gelu_dropout_l2,10,1,401,0.011816016398370266,0.009351639077067375
mlp_3x128_gelu_dropout_l2,10,1,402,0.01181530300527811,0.00936018954962492
mlp_3x128_gelu_dropout_l2,10,1,403,0.011795669794082642,0.009368369355797768
mlp_3x128_gelu_dropout_l2,10,1,404,0.011796562001109123,0.00946416612714529
mlp_3x128_gelu_dropout_l2,10,1,405,0.011814900673925877,0.009449552744626999
mlp_3x128_gelu_dropout_l2,10,1,406,0.01180203352123499,0.0094519704580307
mlp_3x128_gelu_dropout_l2,10,1,407,0.011812916025519371,0.009446583688259125
mlp_3x128_gelu_dropout_l2,10,1,408,0.01182466372847557,0.00937636848539114
mlp_3x128_gelu_dropout_l2,10,1,409,0.011809514835476875,0.009404928423464298
mlp_3x128_gelu_dropout_l2,10,1,410,0.011826759204268456,0.009429998695850372
mlp_3x128_gelu_dropout_l2,10,1,411,0.011813593097031116,0.009424799121916294
mlp_3x128_gelu_dropout_l2,10,1,412,0.011828450486063957,0.009390123188495636
mlp_3x128_gelu_dropout_l2,10,1,413,0.011807268485426903,0.009396993555128574
mlp_3x128_gelu_dropout_l2,10,1,414,0.011826567351818085,0.009460637345910072
mlp_3x128_gelu_dropout_l2,10,1,415,0.011816173791885376,0.009375134482979774
mlp_3x128_gelu_dropout_l2,10,1,416,0.011803021654486656,0.009415100328624249
mlp_3x128_gelu_dropout_l2,10,1,417,0.011819633655250072,0.009459739550948143
mlp_3x128_gelu_dropout_l2,10,1,418,0.011837746948003769,0.009397770278155804
mlp_3x128_gelu_dropout_l2,10,1,419,0.011812389828264713,0.009389732033014297
mlp_3x128_gelu_dropout_l2,10,1,420,0.011836378835141659,0.009362121112644672
mlp_3x128_gelu_dropout_l2,10,1,421,0.01180198136717081,0.009393407963216305
mlp_3x128_gelu_dropout_l2,10,1,422,0.011812498793005943,0.00939211156219244
mlp_3x128_gelu_dropout_l2,10,1,423,0.01180211827158928,0.009416433982551098
mlp_3x128_gelu_dropout_l2,10,1,424,0.011791273020207882,0.009403612464666367
mlp_3x128_gelu_dropout_l2,10,1,425,0.01183018647134304,0.00942271575331688
mlp_3x128_gelu_dropout_l2,10,1,426,0.011817945167422295,0.009378001093864441
mlp_3x128_gelu_dropout_l2,10,1,427,0.011810997501015663,0.009366944432258606
mlp_3x128_gelu_dropout_l2,10,1,428,0.01181162241846323,0.009400004521012306
mlp_3x128_gelu_dropout_l2,10,1,429,0.011813264340162277,0.009456542320549488
mlp_3x128_gelu_dropout_l2,10,1,430,0.011794173158705235,0.00939720869064331
mlp_3x128_gelu_dropout_l2,10,1,431,0.011806565336883068,0.00939094927161932
mlp_3x128_gelu_dropout_l2,10,1,432,0.011834586970508099,0.00939335860311985
mlp_3x128_gelu_dropout_l2,10,1,433,0.011808372102677822,0.00938470009714365
mlp_3x128_gelu_dropout_l2,10,1,434,0.011830015107989311,0.009366007521748543
mlp_3x128_gelu_dropout_l2,10,1,435,0.011826940812170506,0.009399911388754845
mlp_3x128_gelu_dropout_l2,10,1,436,0.011812170967459679,0.009445431642234325
mlp_3x128_gelu_dropout_l2,10,1,437,0.011820324696600437,0.009459886699914932
mlp_3x128_gelu_dropout_l2,10,1,438,0.011824787594377995,0.009472968988120556
mlp_3x128_gelu_dropout_l2,10,1,439,0.011821475811302662,0.009448401629924774
mlp_3x128_gelu_dropout_l2,10,1,440,0.011820882558822632,0.009469262324273586
mlp_3x128_gelu_dropout_l2,10,1,441,0.011834521777927876,0.009404267184436321
mlp_3x128_gelu_dropout_l2,10,1,442,0.011833550408482552,0.009410533122718334
mlp_3x128_gelu_dropout_l2,10,1,443,0.011814756318926811,0.009432589635252953
mlp_3x128_gelu_dropout_l2,10,1,444,0.011806104332208633,0.00941261276602745
mlp_3x128_gelu_dropout_l2,10,1,445,0.011819498613476753,0.009373391978442669
mlp_3x128_gelu_dropout_l2,10,1,446,0.011825588531792164,0.009370557963848114
mlp_3x128_gelu_dropout_l2,10,1,447,0.011832217685878277,0.00940482597798109
mlp_3x128_gelu_dropout_l2,10,1,448,0.011806909926235676,0.009391693398356438
mlp_3x128_gelu_dropout_l2,10,1,449,0.01180330477654934,0.009410200640559196
mlp_3x128_gelu_dropout_l2,10,1,450,0.011814843863248825,0.009454202838242054
mlp_3x128_gelu_dropout_l2,10,1,451,0.011807079426944256,0.009468073025345802
mlp_3x128_gelu_dropout_l2,10,1,452,0.011822734028100967,0.009372002445161343
mlp_3x128_gelu_dropout_l2,10,1,453,0.011802727356553078,0.009390640072524548
mlp_3x128_gelu_dropout_l2,10,1,454,0.011810334399342537,0.009391425177454948
mlp_3x128_gelu_dropout_l2,10,1,455,0.011820572428405285,0.009414028376340866
mlp_3x128_gelu_dropout_l2,10,1,456,0.011815493926405907,0.009433025494217873
mlp_3x128_gelu_dropout_l2,10,1,457,0.011802815832197666,0.009404039941728115
mlp_3x128_gelu_dropout_l2,10,1,458,0.011810336261987686,0.009412640705704689
mlp_3x128_gelu_dropout_l2,10,1,459,0.011795380152761936,0.009421871975064278
mlp_3x128_gelu_dropout_l2,10,1,460,0.011818820610642433,0.009448675438761711
mlp_3x128_gelu_dropout_l2,10,1,461,0.011794205754995346,0.009428093209862709
mlp_3x128_gelu_dropout_l2,10,1,462,0.011811221949756145,0.009435174986720085
mlp_3x128_gelu_dropout_l2,10,1,463,0.011827127076685429,0.00944198202341795
mlp_3x128_gelu_dropout_l2,10,1,464,0.011824465356767178,0.009383375756442547
mlp_3x128_gelu_dropout_l2,10,1,465,0.011818516068160534,0.009412738494575024
mlp_3x128_gelu_dropout_l2,10,1,466,0.01181026641279459,0.00939313042908907
mlp_3x128_gelu_dropout_l2,10,1,467,0.011810805648565292,0.009386010468006134
mlp_3x128_gelu_dropout_l2,10,1,468,0.011789707466959953,0.009430164471268654
mlp_3x128_gelu_dropout_l2,10,1,469,0.011810434982180595,0.009383102878928185
mlp_3x128_gelu_dropout_l2,10,1,470,0.011822132393717766,0.009387304075062275
mlp_3x128_gelu_dropout_l2,10,1,471,0.011812361888587475,0.009467963129281998
mlp_3x128_gelu_dropout_l2,10,1,472,0.011810970492661,0.009371993131935596
mlp_3x128_gelu_dropout_l2,10,1,473,0.01180888619273901,0.00938703678548336
mlp_3x128_gelu_dropout_l2,10,1,474,0.011791739612817764,0.00940253771841526
mlp_3x128_gelu_dropout_l2,10,1,475,0.011819307692348957,0.009449460543692112
mlp_3x128_gelu_dropout_l2,10,1,476,0.011823289096355438,0.009382308460772038
mlp_3x128_gelu_dropout_l2,10,1,477,0.011794576421380043,0.009379507042467594
mlp_3x128_gelu_dropout_l2,10,1,478,0.011805654503405094,0.009368067607283592
mlp_3x128_gelu_dropout_l2,10,1,479,0.011802746914327145,0.009384016506373882
mlp_3x128_gelu_dropout_l2,10,1,480,0.011813457123935223,0.00938301533460617
mlp_3x128_gelu_dropout_l2,10,1,481,0.0118007343262434,0.009367075748741627
mlp_3x128_gelu_dropout_l2,10,1,482,0.011811810545623302,0.009351151064038277
mlp_3x128_gelu_dropout_l2,10,1,483,0.011787893250584602,0.009347911924123764
mlp_3x128_gelu_dropout_l2,10,1,484,0.011776676401495934,0.009390468709170818
mlp_3x128_gelu_dropout_l2,10,1,485,0.011787435971200466,0.009373590350151062
mlp_3x128_gelu_dropout_l2,10,1,486,0.011796815320849419,0.009360307827591896
mlp_3x128_gelu_dropout_l2,10,1,487,0.011793789453804493,0.009347275830805302
mlp_3x128_gelu_dropout_l2,10,1,488,0.011785494163632393,0.009348006919026375
mlp_3x128_gelu_dropout_l2,10,1,489,0.011792287230491638,0.009384025819599628
mlp_3x128_gelu_dropout_l2,10,1,490,0.011805553920567036,0.00939833652228117
mlp_3x128_gelu_dropout_l2,10,1,491,0.011797169223427773,0.009362534619867802
mlp_3x128_gelu_dropout_l2,10,1,492,0.011805323883891106,0.00938048679381609
mlp_3x128_gelu_dropout_l2,10,1,493,0.011794858612120152,0.009392769075930119
mlp_3x128_gelu_dropout_l2,10,1,494,0.011797579005360603,0.00939848180860281
mlp_3x128_gelu_dropout_l2,10,1,495,0.011808154173195362,0.009368532337248325
mlp_3x128_gelu_dropout_l2,10,1,496,0.011804115027189255,0.009396214969456196
mlp_3x128_gelu_dropout_l2,10,1,497,0.011813919059932232,0.00941247958689928
mlp_3x128_gelu_dropout_l2,10,1,498,0.011806401424109936,0.009423474781215191
mlp_3x128_gelu_dropout_l2,10,1,499,0.01179762464016676,0.00937443133443594
mlp_3x128_gelu_dropout_l2,10,1,500,0.011796925216913223,0.009402293711900711
mlp_3x128_gelu_dropout_l2,10,5,1,0.1181945949792862,0.052562978118658066
mlp_3x128_gelu_dropout_l2,10,5,2,0.05240609869360924,0.039220307022333145
mlp_3x128_gelu_dropout_l2,10,5,3,0.04048609361052513,0.03343840688467026
mlp_3x128_gelu_dropout_l2,10,5,4,0.03441176563501358,0.029366178438067436
mlp_3x128_gelu_dropout_l2,10,5,5,0.030286194756627083,0.026043284684419632
mlp_3x128_gelu_dropout_l2,10,5,6,0.02675732411444187,0.022751957178115845
mlp_3x128_gelu_dropout_l2,10,5,7,0.023676732555031776,0.02019832655787468
mlp_3x128_gelu_dropout_l2,10,5,8,0.020870905369520187,0.017790397629141808
mlp_3x128_gelu_dropout_l2,10,5,9,0.01850280351936817,0.015678923577070236
mlp_3x128_gelu_dropout_l2,10,5,10,0.016447972506284714,0.013961431570351124
mlp_3x128_gelu_dropout_l2,10,5,11,0.014742725528776646,0.012466711923480034
mlp_3x128_gelu_dropout_l2,10,5,12,0.013323646038770676,0.011224879883229733
mlp_3x128_gelu_dropout_l2,10,5,13,0.012140311300754547,0.01020444929599762
mlp_3x128_gelu_dropout_l2,10,5,14,0.011148499324917793,0.009329254738986492
mlp_3x128_gelu_dropout_l2,10,5,15,0.010326267220079899,0.008583773858845234
mlp_3x128_gelu_dropout_l2,10,5,16,0.009629951789975166,0.007963157258927822
mlp_3x128_gelu_dropout_l2,10,5,17,0.009039929136633873,0.007415124215185642
mlp_3x128_gelu_dropout_l2,10,5,18,0.008537589572370052,0.00695652374997735
mlp_3x128_gelu_dropout_l2,10,5,19,0.008104683831334114,0.006558803375810385
mlp_3x128_gelu_dropout_l2,10,5,20,0.007735752034932375,0.006215209607034922
mlp_3x128_gelu_dropout_l2,10,5,21,0.007419171743094921,0.005926120560616255
mlp_3x128_gelu_dropout_l2,10,5,22,0.007144724018871784,0.005668468773365021
mlp_3x128_gelu_dropout_l2,10,5,23,0.0069066910073161125,0.005448686890304089
mlp_3x128_gelu_dropout_l2,10,5,24,0.006705082021653652,0.005256217438727617
mlp_3x128_gelu_dropout_l2,10,5,25,0.006528779398649931,0.005096593406051397
mlp_3x128_gelu_dropout_l2,10,5,26,0.006376691162586212,0.004949798341840506
mlp_3x128_gelu_dropout_l2,10,5,27,0.006245966535061598,0.004836395848542452
mlp_3x128_gelu_dropout_l2,10,5,28,0.0061366260051727295,0.00473010865971446
mlp_3x128_gelu_dropout_l2,10,5,29,0.006039387546479702,0.00464223837479949
mlp_3x128_gelu_dropout_l2,10,5,30,0.0059604342095553875,0.004564440809190273
mlp_3x128_gelu_dropout_l2,10,5,31,0.005888780113309622,0.004499021917581558
mlp_3x128_gelu_dropout_l2,10,5,32,0.005827219225466251,0.004444268066436052
mlp_3x128_gelu_dropout_l2,10,5,33,0.005777297541499138,0.004398935474455357
mlp_3x128_gelu_dropout_l2,10,5,34,0.005734831560403109,0.004362060222774744
mlp_3x128_gelu_dropout_l2,10,5,35,0.005699620116502047,0.004331160802394152
mlp_3x128_gelu_dropout_l2,10,5,36,0.005669065751135349,0.004304429981857538
mlp_3x128_gelu_dropout_l2,10,5,37,0.005641835276037455,0.004280111286789179
mlp_3x128_gelu_dropout_l2,10,5,38,0.005620295647531748,0.0042614019475877285
mlp_3x128_gelu_dropout_l2,10,5,39,0.005602341610938311,0.004242741037160158
mlp_3x128_gelu_dropout_l2,10,5,40,0.005585968028753996,0.0042309947311878204
mlp_3x128_gelu_dropout_l2,10,5,41,0.0055738347582519054,0.0042221201583743095
mlp_3x128_gelu_dropout_l2,10,5,42,0.005565587896853685,0.00421604048460722
mlp_3x128_gelu_dropout_l2,10,5,43,0.0055556222796440125,0.004208393394947052
mlp_3x128_gelu_dropout_l2,10,5,44,0.005550292786210775,0.004200223367661238
mlp_3x128_gelu_dropout_l2,10,5,45,0.005542658269405365,0.004193234723061323
mlp_3x128_gelu_dropout_l2,10,5,46,0.005540831945836544,0.004192143678665161
mlp_3x128_gelu_dropout_l2,10,5,47,0.005536446813493967,0.004187422338873148
mlp_3x128_gelu_dropout_l2,10,5,48,0.005533984862267971,0.004183105193078518
mlp_3x128_gelu_dropout_l2,10,5,49,0.005529501009732485,0.004180929623544216
mlp_3x128_gelu_dropout_l2,10,5,50,0.0055267116986215115,0.004178616683930159
mlp_3x128_gelu_dropout_l2,10,5,51,0.005525112152099609,0.004175139125436544
mlp_3x128_gelu_dropout_l2,10,5,52,0.005523816216737032,0.004173806868493557
mlp_3x128_gelu_dropout_l2,10,5,53,0.005522244144231081,0.004175754263997078
mlp_3x128_gelu_dropout_l2,10,5,54,0.005522440653294325,0.004172991029918194
mlp_3x128_gelu_dropout_l2,10,5,55,0.005521151702851057,0.004168585408478975
mlp_3x128_gelu_dropout_l2,10,5,56,0.005519693251699209,0.004169001244008541
mlp_3x128_gelu_dropout_l2,10,5,57,0.005519459489732981,0.004168789833784103
mlp_3x128_gelu_dropout_l2,10,5,58,0.005517573561519384,0.0041686841286718845
mlp_3x128_gelu_dropout_l2,10,5,59,0.0055187419056892395,0.004168298561125994
mlp_3x128_gelu_dropout_l2,10,5,60,0.005517297890037298,0.004166044760495424
mlp_3x128_gelu_dropout_l2,10,5,61,0.005516105331480503,0.004166373983025551
mlp_3x128_gelu_dropout_l2,10,5,62,0.0055160061456263065,0.004165334161370993
mlp_3x128_gelu_dropout_l2,10,5,63,0.005514821037650108,0.0041651600040495396
mlp_3x128_gelu_dropout_l2,10,5,64,0.005515255965292454,0.004165120422840118
mlp_3x128_gelu_dropout_l2,10,5,65,0.00551599683240056,0.004164360463619232
mlp_3x128_gelu_dropout_l2,10,5,66,0.0055150194093585014,0.004166651051491499
mlp_3x128_gelu_dropout_l2,10,5,67,0.005513915792107582,0.0041640098206698895
mlp_3x128_gelu_dropout_l2,10,5,68,0.0055140843614935875,0.004167141858488321
mlp_3x128_gelu_dropout_l2,10,5,69,0.005514416843652725,0.004164413549005985
mlp_3x128_gelu_dropout_l2,10,5,70,0.005515850614756346,0.004164357203990221
mlp_3x128_gelu_dropout_l2,10,5,71,0.0055144974030554295,0.004163323901593685
mlp_3x128_gelu_dropout_l2,10,5,72,0.005516233388334513,0.004162269178777933
mlp_3x128_gelu_dropout_l2,10,5,73,0.005513391923159361,0.00416383845731616
mlp_3x128_gelu_dropout_l2,10,5,74,0.0055137514136731625,0.00416649179533124
mlp_3x128_gelu_dropout_l2,10,5,75,0.0055126226507127285,0.004162054508924484
mlp_3x128_gelu_dropout_l2,10,5,76,0.005512024741619825,0.004161305725574493
mlp_3x128_gelu_dropout_l2,10,5,77,0.005510611459612846,0.004160584416240454
mlp_3x128_gelu_dropout_l2,10,5,78,0.005510840564966202,0.004162204451858997
mlp_3x128_gelu_dropout_l2,10,5,79,0.005511000752449036,0.004162721801549196
mlp_3x128_gelu_dropout_l2,10,5,80,0.005510898306965828,0.0041613527573645115
mlp_3x128_gelu_dropout_l2,10,5,81,0.00550994835793972,0.004160627257078886
mlp_3x128_gelu_dropout_l2,10,5,82,0.005509055219590664,0.0041618249379098415
mlp_3x128_gelu_dropout_l2,10,5,83,0.0055104149505496025,0.004158230032771826
mlp_3x128_gelu_dropout_l2,10,5,84,0.00550783472135663,0.004160989075899124
mlp_3x128_gelu_dropout_l2,10,5,85,0.005508813541382551,0.004156946670264006
mlp_3x128_gelu_dropout_l2,10,5,86,0.005507431458681822,0.004156428389251232
mlp_3x128_gelu_dropout_l2,10,5,87,0.005509260110557079,0.004158703610301018
mlp_3x128_gelu_dropout_l2,10,5,88,0.00550787104293704,0.004156389273703098
mlp_3x128_gelu_dropout_l2,10,5,89,0.005507152061909437,0.0041570174507796764
mlp_3x128_gelu_dropout_l2,10,5,90,0.005507824011147022,0.0041569992899894714
mlp_3x128_gelu_dropout_l2,10,5,91,0.005507833790034056,0.004158303141593933
mlp_3x128_gelu_dropout_l2,10,5,92,0.005507039837539196,0.00415920140221715
mlp_3x128_gelu_dropout_l2,10,5,93,0.0055073644034564495,0.004157284740358591
mlp_3x128_gelu_dropout_l2,10,5,94,0.005507828667759895,0.0041579632088541985
mlp_3x128_gelu_dropout_l2,10,5,95,0.005509193520992994,0.004159357398748398
mlp_3x128_gelu_dropout_l2,10,5,96,0.0055085173808038235,0.004158597439527512
mlp_3x128_gelu_dropout_l2,10,5,97,0.005508372560143471,0.004158572293817997
mlp_3x128_gelu_dropout_l2,10,5,98,0.005507836118340492,0.004158535040915012
mlp_3x128_gelu_dropout_l2,10,5,99,0.005509587936103344,0.004157545976340771
mlp_3x128_gelu_dropout_l2,10,5,100,0.005511221010237932,0.004159584641456604
mlp_3x128_gelu_dropout_l2,10,5,101,0.005510461051017046,0.004160453099757433
mlp_3x128_gelu_dropout_l2,10,5,102,0.005510618910193443,0.004159396979957819
mlp_3x128_gelu_dropout_l2,10,5,103,0.005511139053851366,0.004160678014159203
mlp_3x128_gelu_dropout_l2,10,5,104,0.005510698538273573,0.0041603222489356995
mlp_3x128_gelu_dropout_l2,10,5,105,0.00551126291975379,0.004162033554166555
mlp_3x128_gelu_dropout_l2,10,5,106,0.005510882008820772,0.004162611439824104
mlp_3x128_gelu_dropout_l2,10,5,107,0.005510710179805756,0.004164367914199829
mlp_3x128_gelu_dropout_l2,10,5,108,0.0055099125020205975,0.004162589553743601
mlp_3x128_gelu_dropout_l2,10,5,109,0.005510359071195126,0.004161589313298464
mlp_3x128_gelu_dropout_l2,10,5,110,0.005510978400707245,0.004161519464105368
mlp_3x128_gelu_dropout_l2,10,5,111,0.005512050818651915,0.004161062650382519
mlp_3x128_gelu_dropout_l2,10,5,112,0.00551073020324111,0.0041557434014976025
mlp_3x128_gelu_dropout_l2,10,5,113,0.005508236587047577,0.004156922455877066
mlp_3x128_gelu_dropout_l2,10,5,114,0.005509081296622753,0.004156788811087608
mlp_3x128_gelu_dropout_l2,10,5,115,0.00550854904577136,0.00415660860016942
mlp_3x128_gelu_dropout_l2,10,5,116,0.005508353468030691,0.004157567862421274
mlp_3x128_gelu_dropout_l2,10,5,117,0.005507368128746748,0.00415935181081295
mlp_3x128_gelu_dropout_l2,10,5,118,0.0055075753480196,0.004158708732575178
mlp_3x128_gelu_dropout_l2,10,5,119,0.005508169066160917,0.004163722507655621
mlp_3x128_gelu_dropout_l2,10,5,120,0.005507257301360369,0.00416383845731616
mlp_3x128_gelu_dropout_l2,10,5,121,0.0055076489225029945,0.004165379796177149
mlp_3x128_gelu_dropout_l2,10,5,122,0.00550753902643919,0.004165916237980127
mlp_3x128_gelu_dropout_l2,10,5,123,0.005506237503141165,0.004166192840784788
mlp_3x128_gelu_dropout_l2,10,5,124,0.005508351605385542,0.00416445080190897
mlp_3x128_gelu_dropout_l2,10,5,125,0.005509120412170887,0.004162581637501717
mlp_3x128_gelu_dropout_l2,10,5,126,0.00550842797383666,0.004162222146987915
mlp_3x128_gelu_dropout_l2,10,5,127,0.005508262664079666,0.004162956494837999
mlp_3x128_gelu_dropout_l2,10,5,128,0.0055076973512768745,0.004161466378718615
mlp_3x128_gelu_dropout_l2,10,5,129,0.005507278256118298,0.004161428660154343
mlp_3x128_gelu_dropout_l2,10,5,130,0.0055069574154913425,0.0041591026820242405
mlp_3x128_gelu_dropout_l2,10,5,131,0.005507197231054306,0.004160698037594557
mlp_3x128_gelu_dropout_l2,10,5,132,0.005508669652044773,0.004158520605415106
mlp_3x128_gelu_dropout_l2,10,5,133,0.005507324356585741,0.004156556911766529
mlp_3x128_gelu_dropout_l2,10,5,134,0.005508366506546736,0.004155812785029411
mlp_3x128_gelu_dropout_l2,10,5,135,0.005508459638804197,0.004156199283897877
mlp_3x128_gelu_dropout_l2,10,5,136,0.005508721340447664,0.004158687777817249
mlp_3x128_gelu_dropout_l2,10,5,137,0.005509770940989256,0.004160217475146055
mlp_3x128_gelu_dropout_l2,10,5,138,0.0055082812905311584,0.004159217234700918
mlp_3x128_gelu_dropout_l2,10,5,139,0.0055070421658456326,0.004161749966442585
mlp_3x128_gelu_dropout_l2,10,5,140,0.005507098510861397,0.00416178023442626
mlp_3x128_gelu_dropout_l2,10,5,141,0.005507952068001032,0.004164204467087984
mlp_3x128_gelu_dropout_l2,10,5,142,0.005506961606442928,0.004161762539297342
mlp_3x128_gelu_dropout_l2,10,5,143,0.00550489267334342,0.00416538817808032
mlp_3x128_gelu_dropout_l2,10,5,144,0.005506339017301798,0.004166004713624716
mlp_3x128_gelu_dropout_l2,10,5,145,0.0055037629790604115,0.004166376311331987
mlp_3x128_gelu_dropout_l2,10,5,146,0.005505530629307032,0.004163381177932024
mlp_3x128_gelu_dropout_l2,10,5,147,0.005503673572093248,0.004164406564086676
mlp_3x128_gelu_dropout_l2,10,5,148,0.00550461420789361,0.0041673509404063225
mlp_3x128_gelu_dropout_l2,10,5,149,0.005504928063601255,0.004167978186160326
mlp_3x128_gelu_dropout_l2,10,5,150,0.005506039597094059,0.0041676852852106094
mlp_3x128_gelu_dropout_l2,10,5,151,0.005504345986992121,0.00416954979300499
mlp_3x128_gelu_dropout_l2,10,5,152,0.005505796056240797,0.004170464817434549
mlp_3x128_gelu_dropout_l2,10,5,153,0.00550709618255496,0.004170091822743416
mlp_3x128_gelu_dropout_l2,10,5,154,0.00550717581063509,0.004169515334069729
mlp_3x128_gelu_dropout_l2,10,5,155,0.005505165085196495,0.004173910245299339
mlp_3x128_gelu_dropout_l2,10,5,156,0.005507733207195997,0.004172180313616991
mlp_3x128_gelu_dropout_l2,10,5,157,0.005506147630512714,0.004167954903095961
mlp_3x128_gelu_dropout_l2,10,5,158,0.005505624692887068,0.0041703213937580585
mlp_3x128_gelu_dropout_l2,10,5,159,0.005505050532519817,0.004169282969087362
mlp_3x128_gelu_dropout_l2,10,5,160,0.005506590940058231,0.004167754203081131
mlp_3x128_gelu_dropout_l2,10,5,161,0.005505797453224659,0.004168906714767218
mlp_3x128_gelu_dropout_l2,10,5,162,0.005505551118403673,0.004167368169873953
mlp_3x128_gelu_dropout_l2,10,5,163,0.00550394831225276,0.004167462233453989
mlp_3x128_gelu_dropout_l2,10,5,164,0.005503901746124029,0.004171285312622786
mlp_3x128_gelu_dropout_l2,10,5,165,0.005504133179783821,0.004168468061834574
mlp_3x128_gelu_dropout_l2,10,5,166,0.00550508126616478,0.004168699495494366
mlp_3x128_gelu_dropout_l2,10,5,167,0.005505705252289772,0.0041655320674180984
mlp_3x128_gelu_dropout_l2,10,5,168,0.005506144370883703,0.004166328348219395
mlp_3x128_gelu_dropout_l2,10,5,169,0.005504637490957975,0.004167248960584402
mlp_3x128_gelu_dropout_l2,10,5,170,0.005509155336767435,0.004165422637015581
mlp_3x128_gelu_dropout_l2,10,5,171,0.00550521956756711,0.0041632805950939655
mlp_3x128_gelu_dropout_l2,10,5,172,0.0055060056038200855,0.004166016820818186
mlp_3x128_gelu_dropout_l2,10,5,173,0.005504609551280737,0.004163798410445452
mlp_3x128_gelu_dropout_l2,10,5,174,0.00550794554874301,0.004165381193161011
mlp_3x128_gelu_dropout_l2,10,5,175,0.005506458226591349,0.004167480394244194
mlp_3x128_gelu_dropout_l2,10,5,176,0.0055067529901862144,0.004165522754192352
mlp_3x128_gelu_dropout_l2,10,5,177,0.005507141351699829,0.004164676647633314
mlp_3x128_gelu_dropout_l2,10,5,178,0.0055069103837013245,0.004168812185525894
mlp_3x128_gelu_dropout_l2,10,5,179,0.00550967687740922,0.004165160469710827
mlp_3x128_gelu_dropout_l2,10,5,180,0.005505181849002838,0.00416723033413291
mlp_3x128_gelu_dropout_l2,10,5,181,0.0055059269070625305,0.004169582389295101
mlp_3x128_gelu_dropout_l2,10,5,182,0.005505488254129887,0.004162934143096209
mlp_3x128_gelu_dropout_l2,10,5,183,0.005503164604306221,0.004164910409599543
mlp_3x128_gelu_dropout_l2,10,5,184,0.005505470093339682,0.004164212848991156
mlp_3x128_gelu_dropout_l2,10,5,185,0.005503772292286158,0.004166577011346817
mlp_3x128_gelu_dropout_l2,10,5,186,0.005505097098648548,0.0041650584898889065
mlp_3x128_gelu_dropout_l2,10,5,187,0.0055040279403328896,0.004163035191595554
mlp_3x128_gelu_dropout_l2,10,5,188,0.005503934808075428,0.0041646710596978664
mlp_3x128_gelu_dropout_l2,10,5,189,0.005503334570676088,0.0041628009639680386
mlp_3x128_gelu_dropout_l2,10,5,190,0.00550352968275547,0.004163481295108795
mlp_3x128_gelu_dropout_l2,10,5,191,0.00550354877486825,0.004161534830927849
mlp_3x128_gelu_dropout_l2,10,5,192,0.005499715451151133,0.004162481054663658
mlp_3x128_gelu_dropout_l2,10,5,193,0.00550309382379055,0.004160465206950903
mlp_3x128_gelu_dropout_l2,10,5,194,0.005501849576830864,0.00416174391284585
mlp_3x128_gelu_dropout_l2,10,5,195,0.005501637700945139,0.004162601660937071
mlp_3x128_gelu_dropout_l2,10,5,196,0.005502884276211262,0.004166020080447197
mlp_3x128_gelu_dropout_l2,10,5,197,0.00550389289855957,0.004162687808275223
mlp_3x128_gelu_dropout_l2,10,5,198,0.005502780899405479,0.004163934383541346
mlp_3x128_gelu_dropout_l2,10,5,199,0.005503596737980843,0.0041596670635044575
mlp_3x128_gelu_dropout_l2,10,5,200,0.00550119811668992,0.004159181844443083
mlp_3x128_gelu_dropout_l2,10,5,201,0.0055014826357364655,0.004160565324127674
mlp_3x128_gelu_dropout_l2,10,5,202,0.005502890329807997,0.004163355100899935
mlp_3x128_gelu_dropout_l2,10,5,203,0.005502987653017044,0.004165905527770519
mlp_3x128_gelu_dropout_l2,10,5,204,0.0055038114078342915,0.004163180943578482
mlp_3x128_gelu_dropout_l2,10,5,205,0.005502224434167147,0.004163157660514116
mlp_3x128_gelu_dropout_l2,10,5,206,0.005505289416760206,0.004160980693995953
mlp_3x128_gelu_dropout_l2,10,5,207,0.0055043818429112434,0.004163372330367565
mlp_3x128_gelu_dropout_l2,10,5,208,0.005503708962351084,0.00416247732937336
mlp_3x128_gelu_dropout_l2,10,5,209,0.005505067761987448,0.004160571843385696
mlp_3x128_gelu_dropout_l2,10,5,210,0.005502424202859402,0.004162015859037638
mlp_3x128_gelu_dropout_l2,10,5,211,0.005501294508576393,0.004163621459156275
mlp_3x128_gelu_dropout_l2,10,5,212,0.005502576474100351,0.004161468707025051
mlp_3x128_gelu_dropout_l2,10,5,213,0.005503905937075615,0.004160758573561907
mlp_3x128_gelu_dropout_l2,10,5,214,0.00550223421305418,0.004163078963756561
mlp_3x128_gelu_dropout_l2,10,5,215,0.005503585562109947,0.0041616251692175865
mlp_3x128_gelu_dropout_l2,10,5,216,0.0055059813894331455,0.004161321558058262
mlp_3x128_gelu_dropout_l2,10,5,217,0.005503183696419001,0.0041591571643948555
mlp_3x128_gelu_dropout_l2,10,5,218,0.005501582752913237,0.00416155532002449
mlp_3x128_gelu_dropout_l2,10,5,219,0.005502344574779272,0.00416474137455225
mlp_3x128_gelu_dropout_l2,10,5,220,0.005501468200236559,0.004167680628597736
mlp_3x128_gelu_dropout_l2,10,5,221,0.005504250526428223,0.004159604199230671
mlp_3x128_gelu_dropout_l2,10,5,222,0.005504645872861147,0.004157999996095896
mlp_3x128_gelu_dropout_l2,10,5,223,0.005499438848346472,0.004162260331213474
mlp_3x128_gelu_dropout_l2,10,5,224,0.0055009787902235985,0.004162170458585024
mlp_3x128_gelu_dropout_l2,10,5,225,0.00550089543685317,0.004162326455116272
mlp_3x128_gelu_dropout_l2,10,5,226,0.005500953644514084,0.004161362070590258
mlp_3x128_gelu_dropout_l2,10,5,227,0.005501395557075739,0.004158670082688332
mlp_3x128_gelu_dropout_l2,10,5,228,0.005501393228769302,0.00415717251598835
mlp_3x128_gelu_dropout_l2,10,5,229,0.0055007124319672585,0.004160658922046423
mlp_3x128_gelu_dropout_l2,10,5,230,0.005501304753124714,0.004160762764513493
mlp_3x128_gelu_dropout_l2,10,5,231,0.005501249339431524,0.004162693861871958
mlp_3x128_gelu_dropout_l2,10,5,232,0.0055006034672260284,0.0041593704372644424
mlp_3x128_gelu_dropout_l2,10,5,233,0.005501150153577328,0.00415731081739068
mlp_3x128_gelu_dropout_l2,10,5,234,0.005502349231392145,0.0041571869514882565
mlp_3x128_gelu_dropout_l2,10,5,235,0.005500591825693846,0.0041584172286093235
mlp_3x128_gelu_dropout_l2,10,5,236,0.005502050742506981,0.004162145778536797
mlp_3x128_gelu_dropout_l2,10,5,237,0.005500908009707928,0.004161694087088108
mlp_3x128_gelu_dropout_l2,10,5,238,0.005503517575562,0.0041609774343669415
mlp_3x128_gelu_dropout_l2,10,5,239,0.005501270294189453,0.0041572642512619495
mlp_3x128_gelu_dropout_l2,10,5,240,0.005500258412212133,0.004161051474511623
mlp_3x128_gelu_dropout_l2,10,5,241,0.005506424233317375,0.004157701041549444
mlp_3x128_gelu_dropout_l2,10,5,242,0.0055028959177434444,0.004161456134170294
mlp_3x128_gelu_dropout_l2,10,5,243,0.005503254942595959,0.004159525968134403
mlp_3x128_gelu_dropout_l2,10,5,244,0.0055010197684168816,0.004159753210842609
mlp_3x128_gelu_dropout_l2,10,5,245,0.005504493601620197,0.004158402793109417
mlp_3x128_gelu_dropout_l2,10,5,246,0.005500707775354385,0.004159281495958567
mlp_3x128_gelu_dropout_l2,10,5,247,0.005502185318619013,0.004161430057138205
mlp_3x128_gelu_dropout_l2,10,5,248,0.005502906162291765,0.004158009774982929
mlp_3x128_gelu_dropout_l2,10,5,249,0.005503755994141102,0.004158472642302513
mlp_3x128_gelu_dropout_l2,10,5,250,0.005502020474523306,0.004163804464042187
mlp_3x128_gelu_dropout_l2,10,5,251,0.0055025191977620125,0.0041598109528422356
mlp_3x128_gelu_dropout_l2,10,5,252,0.005501058418303728,0.004160824231803417
mlp_3x128_gelu_dropout_l2,10,5,253,0.005503082647919655,0.00415967358276248
mlp_3x128_gelu_dropout_l2,10,5,254,0.005499244201928377,0.004162673372775316
mlp_3x128_gelu_dropout_l2,10,5,255,0.005501436535269022,0.004160711076110601
mlp_3x128_gelu_dropout_l2,10,5,256,0.0055030882358551025,0.004162188619375229
mlp_3x128_gelu_dropout_l2,10,5,257,0.005504360888153315,0.004158186726272106
mlp_3x128_gelu_dropout_l2,10,5,258,0.005501411855220795,0.004160117357969284
mlp_3x128_gelu_dropout_l2,10,5,259,0.0055006081238389015,0.0041580405086278915
mlp_3x128_gelu_dropout_l2,10,5,260,0.005502461921423674,0.004159439820796251
mlp_3x128_gelu_dropout_l2,10,5,261,0.005500390660017729,0.004157274961471558
mlp_3x128_gelu_dropout_l2,10,5,262,0.0055017294362187386,0.004167709033936262
mlp_3x128_gelu_dropout_l2,10,5,263,0.005503296852111816,0.00415766378864646
mlp_3x128_gelu_dropout_l2,10,5,264,0.005501612555235624,0.004159882199019194
mlp_3x128_gelu_dropout_l2,10,5,265,0.005501982290297747,0.004159834701567888
mlp_3x128_gelu_dropout_l2,10,5,266,0.005501996260136366,0.0041583506390452385
mlp_3x128_gelu_dropout_l2,10,5,267,0.00550081254914403,0.00416185287758708
mlp_3x128_gelu_dropout_l2,10,5,268,0.005503215827047825,0.004158977884799242
mlp_3x128_gelu_dropout_l2,10,5,269,0.0055014705285429955,0.004159643780440092
mlp_3x128_gelu_dropout_l2,10,5,270,0.005501328967511654,0.004158094525337219
mlp_3x128_gelu_dropout_l2,10,5,271,0.005500860512256622,0.004160232841968536
mlp_3x128_gelu_dropout_l2,10,5,272,0.005499581806361675,0.00416208291426301
mlp_3x128_gelu_dropout_l2,10,5,273,0.005502835847437382,0.004160250537097454
mlp_3x128_gelu_dropout_l2,10,5,274,0.0055017005652189255,0.004157750867307186
mlp_3x128_gelu_dropout_l2,10,5,275,0.005503171589225531,0.004159500822424889
mlp_3x128_gelu_dropout_l2,10,5,276,0.005503620486706495,0.004160020966082811
mlp_3x128_gelu_dropout_l2,10,5,277,0.005501602776348591,0.004161085933446884
mlp_3x128_gelu_dropout_l2,10,5,278,0.0055020032450556755,0.004160338547080755
mlp_3x128_gelu_dropout_l2,10,5,279,0.005501392297446728,0.004163026809692383
mlp_3x128_gelu_dropout_l2,10,5,280,0.005502395797520876,0.0041601406410336494
mlp_3x128_gelu_dropout_l2,10,5,281,0.005501844920217991,0.004160895012319088
mlp_3x128_gelu_dropout_l2,10,5,282,0.005502734798938036,0.004158997442573309
mlp_3x128_gelu_dropout_l2,10,5,283,0.0055006821639835835,0.004163629841059446
mlp_3x128_gelu_dropout_l2,10,5,284,0.005505289416760206,0.004154343623667955
mlp_3x128_gelu_dropout_l2,10,5,285,0.005502743646502495,0.004161182325333357
mlp_3x128_gelu_dropout_l2,10,5,286,0.0054999724961817265,0.004158610478043556
mlp_3x128_gelu_dropout_l2,10,5,287,0.005500363651663065,0.004164357669651508
mlp_3x128_gelu_dropout_l2,10,5,288,0.005501145496964455,0.004159620963037014
mlp_3x128_gelu_dropout_l2,10,5,289,0.005502194166183472,0.004162512719631195
mlp_3x128_gelu_dropout_l2,10,5,290,0.005499399267137051,0.004161522723734379
mlp_3x128_gelu_dropout_l2,10,5,291,0.0055034225806593895,0.0041580405086278915
mlp_3x128_gelu_dropout_l2,10,5,292,0.0055021196603775024,0.004164107609540224
mlp_3x128_gelu_dropout_l2,10,5,293,0.005500718951225281,0.004159934353083372
mlp_3x128_gelu_dropout_l2,10,5,294,0.005502899643033743,0.004161982797086239
mlp_3x128_gelu_dropout_l2,10,5,295,0.005504079163074493,0.004161443095654249
mlp_3x128_gelu_dropout_l2,10,5,296,0.0055029625073075294,0.004159822128713131
mlp_3x128_gelu_dropout_l2,10,5,297,0.005500635597854853,0.004159977659583092
mlp_3x128_gelu_dropout_l2,10,5,298,0.005502054467797279,0.004162712953984737
mlp_3x128_gelu_dropout_l2,10,5,299,0.005502553191035986,0.00416041724383831
mlp_3x128_gelu_dropout_l2,10,5,300,0.005500088445842266,0.004163358360528946
mlp_3x128_gelu_dropout_l2,10,5,301,0.005504508502781391,0.004162117838859558
mlp_3x128_gelu_dropout_l2,10,5,302,0.005501898471266031,0.0041617462411522865
mlp_3x128_gelu_dropout_l2,10,5,303,0.005502179730683565,0.004162147641181946
mlp_3x128_gelu_dropout_l2,10,5,304,0.005505337379872799,0.004159924574196339
mlp_3x128_gelu_dropout_l2,10,5,305,0.005505092907696962,0.004158706404268742
mlp_3x128_gelu_dropout_l2,10,5,306,0.005502286367118359,0.0041600679978728294
mlp_3x128_gelu_dropout_l2,10,5,307,0.005504393018782139,0.004162984900176525
mlp_3x128_gelu_dropout_l2,10,5,308,0.005505742039531469,0.004162196069955826
mlp_3x128_gelu_dropout_l2,10,5,309,0.005503643769770861,0.004161200951784849
mlp_3x128_gelu_dropout_l2,10,5,310,0.005503390915691853,0.004157811403274536
mlp_3x128_gelu_dropout_l2,10,5,311,0.005500719416886568,0.0041618067771196365
mlp_3x128_gelu_dropout_l2,10,5,312,0.0055020833387970924,0.004163640085607767
mlp_3x128_gelu_dropout_l2,10,5,313,0.005502139218151569,0.004165101330727339
mlp_3x128_gelu_dropout_l2,10,5,314,0.0055031501688063145,0.004159999545663595
mlp_3x128_gelu_dropout_l2,10,5,315,0.005502570420503616,0.004161544609814882
mlp_3x128_gelu_dropout_l2,10,5,316,0.005500995088368654,0.0041586062870919704
mlp_3x128_gelu_dropout_l2,10,5,317,0.0055020940490067005,0.004161444492638111
mlp_3x128_gelu_dropout_l2,10,5,318,0.005504847038537264,0.004162659868597984
mlp_3x128_gelu_dropout_l2,10,5,319,0.005504102911800146,0.004164162091910839
mlp_3x128_gelu_dropout_l2,10,5,320,0.005498651415109634,0.004161077085882425
mlp_3x128_gelu_dropout_l2,10,5,321,0.005500846076756716,0.004165621940046549
mlp_3x128_gelu_dropout_l2,10,5,322,0.005500549916177988,0.004164142534136772
mlp_3x128_gelu_dropout_l2,10,5,323,0.005502279382199049,0.004158894531428814
mlp_3x128_gelu_dropout_l2,10,5,324,0.0055021196603775024,0.00416485546156764
mlp_3x128_gelu_dropout_l2,10,5,325,0.005500921979546547,0.0041580600664019585
mlp_3x128_gelu_dropout_l2,10,5,326,0.005499034188687801,0.004160990472882986
mlp_3x128_gelu_dropout_l2,10,5,327,0.005501702893525362,0.004158992785960436
mlp_3x128_gelu_dropout_l2,10,5,328,0.005501160863786936,0.004163890145719051
mlp_3x128_gelu_dropout_l2,10,5,329,0.005503038875758648,0.004159686621278524
mlp_3x128_gelu_dropout_l2,10,5,330,0.005501073319464922,0.004159345757216215
mlp_3x128_gelu_dropout_l2,10,5,331,0.0054988437332212925,0.004163006786257029
mlp_3x128_gelu_dropout_l2,10,5,332,0.0055030276998877525,0.00415952131152153
mlp_3x128_gelu_dropout_l2,10,5,333,0.0055017960257828236,0.004161560442298651
mlp_3x128_gelu_dropout_l2,10,5,334,0.005502695217728615,0.004158415365964174
mlp_3x128_gelu_dropout_l2,10,5,335,0.005499078426510096,0.004160943906754255
mlp_3x128_gelu_dropout_l2,10,5,336,0.005502747837454081,0.004161164630204439
mlp_3x128_gelu_dropout_l2,10,5,337,0.005504895001649857,0.004158684518188238
mlp_3x128_gelu_dropout_l2,10,5,338,0.005500584840774536,0.004159052390605211
mlp_3x128_gelu_dropout_l2,10,5,339,0.005501563660800457,0.004160438198596239
mlp_3x128_gelu_dropout_l2,10,5,340,0.005504360888153315,0.004161330405622721
mlp_3x128_gelu_dropout_l2,10,5,341,0.005503748543560505,0.00415944354608655
mlp_3x128_gelu_dropout_l2,10,5,342,0.005502360872924328,0.004158894997090101
mlp_3x128_gelu_dropout_l2,10,5,343,0.005501370877027512,0.00416081678122282
mlp_3x128_gelu_dropout_l2,10,5,344,0.0055015492253005505,0.004158393945544958
mlp_3x128_gelu_dropout_l2,10,5,345,0.00550371827557683,0.004160638432949781
mlp_3x128_gelu_dropout_l2,10,5,346,0.00550316646695137,0.004158130381256342
mlp_3x128_gelu_dropout_l2,10,5,347,0.005500852130353451,0.004159749951213598
mlp_3x128_gelu_dropout_l2,10,5,348,0.005500958766788244,0.004161967430263758
mlp_3x128_gelu_dropout_l2,10,5,349,0.00550173269584775,0.004157696384936571
mlp_3x128_gelu_dropout_l2,10,5,350,0.005499928258359432,0.004161815624684095
mlp_3x128_gelu_dropout_l2,10,5,351,0.0055035254918038845,0.0041623590514063835
mlp_3x128_gelu_dropout_l2,10,5,352,0.005501651205122471,0.00416706083342433
mlp_3x128_gelu_dropout_l2,10,5,353,0.0055058361031115055,0.0041613089852035046
mlp_3x128_gelu_dropout_l2,10,5,354,0.0055017233826220036,0.0041648950427770615
mlp_3x128_gelu_dropout_l2,10,5,355,0.0055033136159181595,0.004161003045737743
mlp_3x128_gelu_dropout_l2,10,5,356,0.005499568767845631,0.00416544359177351
mlp_3x128_gelu_dropout_l2,10,5,357,0.0055048284120857716,0.004161668475717306
mlp_3x128_gelu_dropout_l2,10,5,358,0.005501383915543556,0.004163960926234722
mlp_3x128_gelu_dropout_l2,10,5,359,0.005504728294909,0.004165783990174532
mlp_3x128_gelu_dropout_l2,10,5,360,0.005503134336322546,0.00416008522734046
mlp_3x128_gelu_dropout_l2,10,5,361,0.005501482170075178,0.004159952979534864
mlp_3x128_gelu_dropout_l2,10,5,362,0.005501567851752043,0.00416227662935853
mlp_3x128_gelu_dropout_l2,10,5,363,0.0055025783367455006,0.0041595809161663055
mlp_3x128_gelu_dropout_l2,10,5,364,0.005501774605363607,0.0041598305106163025
mlp_3x128_gelu_dropout_l2,10,5,365,0.005501005798578262,0.004158245865255594
mlp_3x128_gelu_dropout_l2,10,5,366,0.0055024572648108006,0.004163031000643969
mlp_3x128_gelu_dropout_l2,10,5,367,0.005501394160091877,0.004159517586231232
mlp_3x128_gelu_dropout_l2,10,5,368,0.00549838924780488,0.004160628188401461
mlp_3x128_gelu_dropout_l2,10,5,369,0.00550450524315238,0.0041570477187633514
mlp_3x128_gelu_dropout_l2,10,5,370,0.0055031017400324345,0.004158831667155027
mlp_3x128_gelu_dropout_l2,10,5,371,0.005502293352037668,0.004162640776485205
mlp_3x128_gelu_dropout_l2,10,5,372,0.0055017899721860886,0.004161250311881304
mlp_3x128_gelu_dropout_l2,10,5,373,0.0055021182633936405,0.004157689865678549
mlp_3x128_gelu_dropout_l2,10,5,374,0.0054984926246106625,0.004162201192229986
mlp_3x128_gelu_dropout_l2,10,5,375,0.005502176005393267,0.00416157953441143
mlp_3x128_gelu_dropout_l2,10,5,376,0.005504423752427101,0.004160404205322266
mlp_3x128_gelu_dropout_l2,10,5,377,0.005501690786331892,0.004159620963037014
mlp_3x128_gelu_dropout_l2,10,5,378,0.005502506624907255,0.00416116788983345
mlp_3x128_gelu_dropout_l2,10,5,379,0.005505366250872612,0.004158080089837313
mlp_3x128_gelu_dropout_l2,10,5,380,0.005500986240804195,0.004163877107203007
mlp_3x128_gelu_dropout_l2,10,5,381,0.005499490536749363,0.004158687312155962
mlp_3x128_gelu_dropout_l2,10,5,382,0.005499410908669233,0.004160506185144186
mlp_3x128_gelu_dropout_l2,10,5,383,0.005503031425178051,0.004160204436630011
mlp_3x128_gelu_dropout_l2,10,5,384,0.0055021317675709724,0.0041594975627958775
mlp_3x128_gelu_dropout_l2,10,5,385,0.005501110106706619,0.004156228620558977
mlp_3x128_gelu_dropout_l2,10,5,386,0.005502875428646803,0.004159087780863047
mlp_3x128_gelu_dropout_l2,10,5,387,0.0054986183531582355,0.004157721064984798
mlp_3x128_gelu_dropout_l2,10,5,388,0.00550108402967453,0.004160567652434111
mlp_3x128_gelu_dropout_l2,10,5,389,0.005502461455762386,0.004158530384302139
mlp_3x128_gelu_dropout_l2,10,5,390,0.005501117091625929,0.004158605355769396
mlp_3x128_gelu_dropout_l2,10,5,391,0.0055009652860462666,0.004161737393587828
mlp_3x128_gelu_dropout_l2,10,5,392,0.005502191837877035,0.004162265453487635
mlp_3x128_gelu_dropout_l2,10,5,393,0.005502840969711542,0.004157114773988724
mlp_3x128_gelu_dropout_l2,10,5,394,0.005501314532011747,0.004158652853220701
mlp_3x128_gelu_dropout_l2,10,5,395,0.005500011146068573,0.0041621895506978035
mlp_3x128_gelu_dropout_l2,10,5,396,0.005500372499227524,0.00416387477889657
mlp_3x128_gelu_dropout_l2,10,5,397,0.00550223421305418,0.004162221681326628
mlp_3x128_gelu_dropout_l2,10,5,398,0.005499943625181913,0.004158454947173595
mlp_3x128_gelu_dropout_l2,10,5,399,0.00550173269584775,0.0041640750132501125
mlp_3x128_gelu_dropout_l2,10,5,400,0.00550187798216939,0.004163150675594807
mlp_3x128_gelu_dropout_l2,10,5,401,0.005504102446138859,0.004163895267993212
mlp_3x128_gelu_dropout_l2,10,5,402,0.005501723848283291,0.0041628647595644
mlp_3x128_gelu_dropout_l2,10,5,403,0.005499792285263538,0.004160380456596613
mlp_3x128_gelu_dropout_l2,10,5,404,0.005501837935298681,0.004160690121352673
mlp_3x128_gelu_dropout_l2,10,5,405,0.005502733867615461,0.004161381162703037
mlp_3x128_gelu_dropout_l2,10,5,406,0.00550214946269989,0.004160754848271608
mlp_3x128_gelu_dropout_l2,10,5,407,0.005501782987266779,0.004159728530794382
mlp_3x128_gelu_dropout_l2,10,5,408,0.005500441417098045,0.00415611919015646
mlp_3x128_gelu_dropout_l2,10,5,409,0.005502667278051376,0.004160658456385136
mlp_3x128_gelu_dropout_l2,10,5,410,0.005501154810190201,0.004161057062447071
mlp_3x128_gelu_dropout_l2,10,5,411,0.005504269152879715,0.004160719458013773
mlp_3x128_gelu_dropout_l2,10,5,412,0.005501424893736839,0.0041594477370381355
mlp_3x128_gelu_dropout_l2,10,5,413,0.005503527354449034,0.0041562882252037525
mlp_3x128_gelu_dropout_l2,10,5,414,0.00550107192248106,0.004159025382250547
mlp_3x128_gelu_dropout_l2,10,5,415,0.005504463333636522,0.004161985125392675
mlp_3x128_gelu_dropout_l2,10,5,416,0.0055035753175616264,0.004160269629210234
mlp_3x128_gelu_dropout_l2,10,5,417,0.005498590413480997,0.004161715041846037
mlp_3x128_gelu_dropout_l2,10,5,418,0.005503738299012184,0.0041577983647584915
mlp_3x128_gelu_dropout_l2,10,5,419,0.005502956919372082,0.004156194161623716
mlp_3x128_gelu_dropout_l2,10,5,420,0.005501896608620882,0.004162438679486513
mlp_3x128_gelu_dropout_l2,10,5,421,0.005502008832991123,0.004165288060903549
mlp_3x128_gelu_dropout_l2,10,5,422,0.005501266103237867,0.0041578724049031734
mlp_3x128_gelu_dropout_l2,10,5,423,0.005500576924532652,0.004159030504524708
mlp_3x128_gelu_dropout_l2,10,5,424,0.0054998379200696945,0.004156837705522776
mlp_3x128_gelu_dropout_l2,10,5,425,0.005500365514308214,0.00416449923068285
mlp_3x128_gelu_dropout_l2,10,5,426,0.005503765307366848,0.004163310397416353
mlp_3x128_gelu_dropout_l2,10,5,427,0.005502968095242977,0.004160196520388126
mlp_3x128_gelu_dropout_l2,10,5,428,0.005502120591700077,0.004158905241638422
mlp_3x128_gelu_dropout_l2,10,5,429,0.005502157844603062,0.0041609713807702065
mlp_3x128_gelu_dropout_l2,10,5,430,0.005501535255461931,0.004158702678978443
mlp_3x128_gelu_dropout_l2,10,5,431,0.0055002495646476746,0.004162987228482962
mlp_3x128_gelu_dropout_l2,10,5,432,0.005504239816218615,0.004163767676800489
mlp_3x128_gelu_dropout_l2,10,5,433,0.005501266103237867,0.004160492680966854
mlp_3x128_gelu_dropout_l2,10,5,434,0.005503899417817593,0.004159982781857252
mlp_3x128_gelu_dropout_l2,10,5,435,0.005503138992935419,0.00416029617190361
mlp_3x128_gelu_dropout_l2,10,5,436,0.005500377155840397,0.004158305935561657
mlp_3x128_gelu_dropout_l2,10,5,437,0.005502450745552778,0.004159435164183378
mlp_3x128_gelu_dropout_l2,10,5,438,0.005499744322150946,0.004159682430326939
mlp_3x128_gelu_dropout_l2,10,5,439,0.005498436279594898,0.004159620031714439
mlp_3x128_gelu_dropout_l2,10,5,440,0.005501739680767059,0.004160723183304071
mlp_3x128_gelu_dropout_l2,10,5,441,0.005499925464391708,0.0041589862667024136
mlp_3x128_gelu_dropout_l2,10,5,442,0.005501903593540192,0.004158221185207367
mlp_3x128_gelu_dropout_l2,10,5,443,0.005499674007296562,0.004158800467848778
mlp_3x128_gelu_dropout_l2,10,5,444,0.005499177146703005,0.004161368124186993
mlp_3x128_gelu_dropout_l2,10,5,445,0.0054975529201328754,0.004162426572293043
mlp_3x128_gelu_dropout_l2,10,5,446,0.005503299180418253,0.004166130442172289
mlp_3x128_gelu_dropout_l2,10,5,447,0.005504881963133812,0.0041628750041127205
mlp_3x128_gelu_dropout_l2,10,5,448,0.005502108950167894,0.004162794444710016
mlp_3x128_gelu_dropout_l2,10,5,449,0.005501465406268835,0.004160423297435045
mlp_3x128_gelu_dropout_l2,10,5,450,0.005500181578099728,0.004163150209933519
mlp_3x128_gelu_dropout_l2,10,5,451,0.005500178784132004,0.004160270560532808
mlp_3x128_gelu_dropout_l2,10,5,452,0.005502765066921711,0.004159473814070225
mlp_3x128_gelu_dropout_l2,10,5,453,0.005500765983015299,0.004161306191235781
mlp_3x128_gelu_dropout_l2,10,5,454,0.005503911525011063,0.004159075673669577
mlp_3x128_gelu_dropout_l2,10,5,455,0.005504746455699205,0.004157509189099073
mlp_3x128_gelu_dropout_l2,10,5,456,0.005499354097992182,0.004161269869655371
mlp_3x128_gelu_dropout_l2,10,5,457,0.005501908250153065,0.00416027195751667
mlp_3x128_gelu_dropout_l2,10,5,458,0.005503487307578325,0.004160148557275534
mlp_3x128_gelu_dropout_l2,10,5,459,0.005498623009771109,0.004158367868512869
mlp_3x128_gelu_dropout_l2,10,5,460,0.005498990882188082,0.004162762314081192
mlp_3x128_gelu_dropout_l2,10,5,461,0.005499885417521,0.00416259840130806
mlp_3x128_gelu_dropout_l2,10,5,462,0.00550365075469017,0.004161163233220577
mlp_3x128_gelu_dropout_l2,10,5,463,0.005502098705619574,0.0041593825444579124
mlp_3x128_gelu_dropout_l2,10,5,464,0.005502605810761452,0.004159664735198021
mlp_3x128_gelu_dropout_l2,10,5,465,0.005500433500856161,0.004163738340139389
mlp_3x128_gelu_dropout_l2,10,5,466,0.005500649102032185,0.00416269525885582
mlp_3x128_gelu_dropout_l2,10,5,467,0.005501474719494581,0.004159741569310427
mlp_3x128_gelu_dropout_l2,10,5,468,0.005502889398485422,0.004157742019742727
mlp_3x128_gelu_dropout_l2,10,5,469,0.005501159466803074,0.0041600242257118225
mlp_3x128_gelu_dropout_l2,10,5,470,0.0055032456293702126,0.004159452859312296
mlp_3x128_gelu_dropout_l2,10,5,471,0.00550483912229538,0.004158033058047295
mlp_3x128_gelu_dropout_l2,10,5,472,0.005500813480466604,0.004157912451773882
mlp_3x128_gelu_dropout_l2,10,5,473,0.005501102190464735,0.004164441023021936
mlp_3x128_gelu_dropout_l2,10,5,474,0.0055013662204146385,0.00416481401771307
mlp_3x128_gelu_dropout_l2,10,5,475,0.005499585065990686,0.004162099212408066
mlp_3x128_gelu_dropout_l2,10,5,476,0.005503315478563309,0.004161176271736622
mlp_3x128_gelu_dropout_l2,10,5,477,0.005503246560692787,0.00416261050850153
mlp_3x128_gelu_dropout_l2,10,5,478,0.005501658655703068,0.0041610682383179665
mlp_3x128_gelu_dropout_l2,10,5,479,0.00550110125914216,0.0041605145670473576
mlp_3x128_gelu_dropout_l2,10,5,480,0.005503262393176556,0.004161336459219456
mlp_3x128_gelu_dropout_l2,10,5,481,0.00550119811668992,0.00415950920432806
mlp_3x128_gelu_dropout_l2,10,5,482,0.005500830709934235,0.004157770425081253
mlp_3x128_gelu_dropout_l2,10,5,483,0.005503334105014801,0.004159502685070038
mlp_3x128_gelu_dropout_l2,10,5,484,0.0055019436404109,0.004160476848483086
mlp_3x128_gelu_dropout_l2,10,5,485,0.005500315688550472,0.004163119476288557
mlp_3x128_gelu_dropout_l2,10,5,486,0.0055022104643285275,0.004155031871050596
mlp_3x128_gelu_dropout_l2,10,5,487,0.00549898948520422,0.004165675025433302
mlp_3x128_gelu_dropout_l2,10,5,488,0.005500226281583309,0.00416262773796916
mlp_3x128_gelu_dropout_l2,10,5,489,0.00550173269584775,0.004163027741014957
mlp_3x128_gelu_dropout_l2,10,5,490,0.005504150874912739,0.004160923883318901
mlp_3x128_gelu_dropout_l2,10,5,491,0.0055018640123307705,0.004160098731517792
mlp_3x128_gelu_dropout_l2,10,5,492,0.005501126870512962,0.004162042401731014
mlp_3x128_gelu_dropout_l2,10,5,493,0.005502546206116676,0.004158295691013336
mlp_3x128_gelu_dropout_l2,10,5,494,0.00550150778144598,0.004161628894507885
mlp_3x128_gelu_dropout_l2,10,5,495,0.005504133179783821,0.004160638432949781
mlp_3x128_gelu_dropout_l2,10,5,496,0.0055002328008413315,0.0041640098206698895
mlp_3x128_gelu_dropout_l2,10,5,497,0.00550224119797349,0.004158996976912022
mlp_3x128_gelu_dropout_l2,10,5,498,0.005500237923115492,0.0041587334126234055
mlp_3x128_gelu_dropout_l2,10,5,499,0.005498944316059351,0.004162587225437164
mlp_3x128_gelu_dropout_l2,10,5,500,0.005499478429555893,0.0041634258814156055
mlp_3x128_gelu_dropout_l2,10,30,1,0.11798965930938721,0.05192197114229202
mlp_3x128_gelu_dropout_l2,10,30,2,0.05142469331622124,0.03827099874615669
mlp_3x128_gelu_dropout_l2,10,30,3,0.03881487622857094,0.031381238251924515
mlp_3x128_gelu_dropout_l2,10,30,4,0.032359182834625244,0.02746976912021637
mlp_3x128_gelu_dropout_l2,10,30,5,0.028068872168660164,0.024029389023780823
mlp_3x128_gelu_dropout_l2,10,30,6,0.024559957906603813,0.021017204970121384
mlp_3x128_gelu_dropout_l2,10,30,7,0.02146492525935173,0.01865723356604576
mlp_3x128_gelu_dropout_l2,10,30,8,0.018637394532561302,0.016236959025263786
mlp_3x128_gelu_dropout_l2,10,30,9,0.016109226271510124,0.014103715308010578
mlp_3x128_gelu_dropout_l2,10,30,10,0.013947743922472,0.01209581084549427
mlp_3x128_gelu_dropout_l2,10,30,11,0.012161094695329666,0.010620956309139729
mlp_3x128_gelu_dropout_l2,10,30,12,0.010755847208201885,0.009410250000655651
mlp_3x128_gelu_dropout_l2,10,30,13,0.009610891342163086,0.008429366163909435
mlp_3x128_gelu_dropout_l2,10,30,14,0.008662780746817589,0.007640914060175419
mlp_3x128_gelu_dropout_l2,10,30,15,0.007880602963268757,0.006949349772185087
mlp_3x128_gelu_dropout_l2,10,30,16,0.007208249531686306,0.0063310605473816395
mlp_3x128_gelu_dropout_l2,10,30,17,0.0066396575421094894,0.005835995078086853
mlp_3x128_gelu_dropout_l2,10,30,18,0.006148836575448513,0.005357351619750261
mlp_3x128_gelu_dropout_l2,10,30,19,0.005712753627449274,0.004963417537510395
mlp_3x128_gelu_dropout_l2,10,30,20,0.005336901172995567,0.004610599018633366
mlp_3x128_gelu_dropout_l2,10,30,21,0.005003406200557947,0.004305437672883272
mlp_3x128_gelu_dropout_l2,10,30,22,0.004707059357315302,0.004031568765640259
mlp_3x128_gelu_dropout_l2,10,30,23,0.004442214500159025,0.0037923678755760193
mlp_3x128_gelu_dropout_l2,10,30,24,0.004200380761176348,0.0035765371285378933
mlp_3x128_gelu_dropout_l2,10,30,25,0.0039887698367238045,0.003377738641574979
mlp_3x128_gelu_dropout_l2,10,30,26,0.0037956663873046637,0.0031796402763575315
mlp_3x128_gelu_dropout_l2,10,30,27,0.0036184799391776323,0.0030193792190402746
mlp_3x128_gelu_dropout_l2,10,30,28,0.003462802851572633,0.002879002131521702
mlp_3x128_gelu_dropout_l2,10,30,29,0.0033256213646382093,0.002738945186138153
mlp_3x128_gelu_dropout_l2,10,30,30,0.003198533784598112,0.002621128922328353
mlp_3x128_gelu_dropout_l2,10,30,31,0.003086529206484556,0.002509752521291375
mlp_3x128_gelu_dropout_l2,10,30,32,0.0029857875779271126,0.0024134437553584576
mlp_3x128_gelu_dropout_l2,10,30,33,0.002897069789469242,0.002335939323529601
mlp_3x128_gelu_dropout_l2,10,30,34,0.0028189767617732286,0.0022577058989554644
mlp_3x128_gelu_dropout_l2,10,30,35,0.002747787395492196,0.002184893237426877
mlp_3x128_gelu_dropout_l2,10,30,36,0.0026861452497541904,0.002133697969838977
mlp_3x128_gelu_dropout_l2,10,30,37,0.0026316996663808823,0.0020875544287264347
mlp_3x128_gelu_dropout_l2,10,30,38,0.002584523754194379,0.0020396451000124216
mlp_3x128_gelu_dropout_l2,10,30,39,0.0025437104050070047,0.0019973681773990393
mlp_3x128_gelu_dropout_l2,10,30,40,0.0025081445928663015,0.0019659260287880898
mlp_3x128_gelu_dropout_l2,10,30,41,0.0024784270208328962,0.0019284174777567387
mlp_3x128_gelu_dropout_l2,10,30,42,0.002452992368489504,0.001899127964861691
mlp_3x128_gelu_dropout_l2,10,30,43,0.002431494416669011,0.001874093315564096
mlp_3x128_gelu_dropout_l2,10,30,44,0.002412008587270975,0.0018491154769435525
mlp_3x128_gelu_dropout_l2,10,30,45,0.002394815906882286,0.0018279287032783031
mlp_3x128_gelu_dropout_l2,10,30,46,0.0023778663016855717,0.0018104141345247626
mlp_3x128_gelu_dropout_l2,10,30,47,0.002363228239119053,0.0017992956563830376
mlp_3x128_gelu_dropout_l2,10,30,48,0.0023511569015681744,0.0017893268959596753
mlp_3x128_gelu_dropout_l2,10,30,49,0.002338003134354949,0.0017788405530154705
mlp_3x128_gelu_dropout_l2,10,30,50,0.00232705008238554,0.0017716431757435203
mlp_3x128_gelu_dropout_l2,10,30,51,0.0023185473401099443,0.0017651950474828482
mlp_3x128_gelu_dropout_l2,10,30,52,0.002309662289917469,0.0017597767291590571
mlp_3x128_gelu_dropout_l2,10,30,53,0.002303527435287833,0.0017595990793779492
mlp_3x128_gelu_dropout_l2,10,30,54,0.002297068480402231,0.0017561473650857806
mlp_3x128_gelu_dropout_l2,10,30,55,0.002293481258675456,0.0017543223220854998
mlp_3x128_gelu_dropout_l2,10,30,56,0.002289636991918087,0.001750155002810061
mlp_3x128_gelu_dropout_l2,10,30,57,0.002287565264850855,0.0017474039923399687
mlp_3x128_gelu_dropout_l2,10,30,58,0.0022850672248750925,0.0017479978268966079
mlp_3x128_gelu_dropout_l2,10,30,59,0.0022832443937659264,0.001745164510793984
mlp_3x128_gelu_dropout_l2,10,30,60,0.002282487228512764,0.0017420899821445346
mlp_3x128_gelu_dropout_l2,10,30,61,0.00228227861225605,0.001744418521411717
mlp_3x128_gelu_dropout_l2,10,30,62,0.002281772205606103,0.001744367997162044
mlp_3x128_gelu_dropout_l2,10,30,63,0.002281705616042018,0.0017445805715397
mlp_3x128_gelu_dropout_l2,10,30,64,0.0022804008331149817,0.0017421393422409892
mlp_3x128_gelu_dropout_l2,10,30,65,0.002280596410855651,0.0017397981137037277
mlp_3x128_gelu_dropout_l2,10,30,66,0.002280066255480051,0.0017402985831722617
mlp_3x128_gelu_dropout_l2,10,30,67,0.0022806411143392324,0.0017373217269778252
mlp_3x128_gelu_dropout_l2,10,30,68,0.0022809109650552273,0.001738741877488792
mlp_3x128_gelu_dropout_l2,10,30,69,0.0022821463644504547,0.0017360664205625653
mlp_3x128_gelu_dropout_l2,10,30,70,0.0022816909477114677,0.0017351418500766158
mlp_3x128_gelu_dropout_l2,10,30,71,0.0022813777904957533,0.0017365900566801429
mlp_3x128_gelu_dropout_l2,10,30,72,0.002280282322317362,0.0017327526584267616
mlp_3x128_gelu_dropout_l2,10,30,73,0.0022801454178988934,0.0017312733689323068
mlp_3x128_gelu_dropout_l2,10,30,74,0.002280312357470393,0.0017345596570521593
mlp_3x128_gelu_dropout_l2,10,30,75,0.002280893037095666,0.0017319684848189354
mlp_3x128_gelu_dropout_l2,10,30,76,0.002282081637531519,0.0017344338120892644
mlp_3x128_gelu_dropout_l2,10,30,77,0.0022814893163740635,0.001733989454805851
mlp_3x128_gelu_dropout_l2,10,30,78,0.002281174063682556,0.0017328435787931085
mlp_3x128_gelu_dropout_l2,10,30,79,0.0022819105070084333,0.0017364153172820807
mlp_3x128_gelu_dropout_l2,10,30,80,0.002281185472384095,0.0017369340639561415
mlp_3x128_gelu_dropout_l2,10,30,81,0.0022800781298428774,0.0017378185875713825
mlp_3x128_gelu_dropout_l2,10,30,82,0.002280937973409891,0.0017406955594196916
mlp_3x128_gelu_dropout_l2,10,30,83,0.0022807468194514513,0.0017427188577130437
mlp_3x128_gelu_dropout_l2,10,30,84,0.0022804569453001022,0.0017406855477020144
mlp_3x128_gelu_dropout_l2,10,30,85,0.0022801151499152184,0.0017409323481842875
mlp_3x128_gelu_dropout_l2,10,30,86,0.002277686260640621,0.0017445951234549284
mlp_3x128_gelu_dropout_l2,10,30,87,0.0022781246807426214,0.00174681656062603
mlp_3x128_gelu_dropout_l2,10,30,88,0.0022774336393922567,0.0017465456621721387
mlp_3x128_gelu_dropout_l2,10,30,89,0.0022772597149014473,0.001747998408973217
mlp_3x128_gelu_dropout_l2,10,30,90,0.002276424318552017,0.0017515307990834117
mlp_3x128_gelu_dropout_l2,10,30,91,0.0022755914833396673,0.001747788512147963
mlp_3x128_gelu_dropout_l2,10,30,92,0.0022745926398783922,0.001747053931467235
mlp_3x128_gelu_dropout_l2,10,30,93,0.0022735917009413242,0.0017464655684307218
mlp_3x128_gelu_dropout_l2,10,30,94,0.0022737542167305946,0.0017446376150473952
mlp_3x128_gelu_dropout_l2,10,30,95,0.0022740222048014402,0.0017403200035914779
mlp_3x128_gelu_dropout_l2,10,30,96,0.002274230821058154,0.0017363092629238963
mlp_3x128_gelu_dropout_l2,10,30,97,0.002274446887895465,0.0017359843477606773
mlp_3x128_gelu_dropout_l2,10,30,98,0.0022746482864022255,0.0017322811763733625
mlp_3x128_gelu_dropout_l2,10,30,99,0.002273759339004755,0.0017310536932200193
mlp_3x128_gelu_dropout_l2,10,30,100,0.002273638965561986,0.0017346260137856007
mlp_3x128_gelu_dropout_l2,10,30,101,0.0022742401342839003,0.0017370411660522223
mlp_3x128_gelu_dropout_l2,10,30,102,0.0022735095117241144,0.0017346706008538604
mlp_3x128_gelu_dropout_l2,10,30,103,0.002272683661431074,0.0017363139195367694
mlp_3x128_gelu_dropout_l2,10,30,104,0.0022698980756103992,0.0017364838859066367
mlp_3x128_gelu_dropout_l2,10,30,105,0.002267922507598996,0.0017388162668794394
mlp_3x128_gelu_dropout_l2,10,30,106,0.0022671306505799294,0.0017415410839021206
mlp_3x128_gelu_dropout_l2,10,30,107,0.0022666300646960735,0.001746013993397355
mlp_3x128_gelu_dropout_l2,10,30,108,0.0022665278520435095,0.0017480243695899844
mlp_3x128_gelu_dropout_l2,10,30,109,0.0022664321586489677,0.0017500329995527864
mlp_3x128_gelu_dropout_l2,10,30,110,0.0022675904911011457,0.0017532656202092767
mlp_3x128_gelu_dropout_l2,10,30,111,0.002267636591568589,0.0017540853004902601
mlp_3x128_gelu_dropout_l2,10,30,112,0.0022669860627502203,0.0017577206017449498
mlp_3x128_gelu_dropout_l2,10,30,113,0.0022671925835311413,0.0017563353758305311
mlp_3x128_gelu_dropout_l2,10,30,114,0.0022682661656290293,0.0017578434199094772
mlp_3x128_gelu_dropout_l2,10,30,115,0.002269820775836706,0.0017566023161634803
mlp_3x128_gelu_dropout_l2,10,30,116,0.002269444987177849,0.0017524632858112454
mlp_3x128_gelu_dropout_l2,10,30,117,0.0022701830603182316,0.0017470690654590726
mlp_3x128_gelu_dropout_l2,10,30,118,0.0022700768895447254,0.0017431634478271008
mlp_3x128_gelu_dropout_l2,10,30,119,0.0022708075121045113,0.001747152884490788
mlp_3x128_gelu_dropout_l2,10,30,120,0.0022721714340150356,0.0017535227816551924
mlp_3x128_gelu_dropout_l2,10,30,121,0.00227152812294662,0.001757400226779282
mlp_3x128_gelu_dropout_l2,10,30,122,0.002270791446790099,0.0017530698096379638
mlp_3x128_gelu_dropout_l2,10,30,123,0.002270130207762122,0.0017480086535215378
mlp_3x128_gelu_dropout_l2,10,30,124,0.002270419616252184,0.0017435434274375439
mlp_3x128_gelu_dropout_l2,10,30,125,0.002269953489303589,0.0017439797520637512
mlp_3x128_gelu_dropout_l2,10,30,126,0.002269319025799632,0.0017456068890169263
mlp_3x128_gelu_dropout_l2,10,30,127,0.0022680172696709633,0.0017498605884611607
mlp_3x128_gelu_dropout_l2,10,30,128,0.0022678347304463387,0.00175027409568429
mlp_3x128_gelu_dropout_l2,10,30,129,0.0022678524255752563,0.0017458470538258553
mlp_3x128_gelu_dropout_l2,10,30,130,0.0022678396198898554,0.001740225125104189
mlp_3x128_gelu_dropout_l2,10,30,131,0.0022671606857329607,0.001737958169542253
mlp_3x128_gelu_dropout_l2,10,30,132,0.002267396543174982,0.0017413981258869171
mlp_3x128_gelu_dropout_l2,10,30,133,0.002266464987769723,0.001747152185998857
mlp_3x128_gelu_dropout_l2,10,30,134,0.0022666591685265303,0.0017508321907371283
mlp_3x128_gelu_dropout_l2,10,30,135,0.0022653976920992136,0.001748248701915145
mlp_3x128_gelu_dropout_l2,10,30,136,0.0022650237660855055,0.0017436943016946316
mlp_3x128_gelu_dropout_l2,10,30,137,0.0022642966359853745,0.0017406330443918705
mlp_3x128_gelu_dropout_l2,10,30,138,0.00226300535723567,0.001741776242852211
mlp_3x128_gelu_dropout_l2,10,30,139,0.0022631995379924774,0.0017448751023039222
mlp_3x128_gelu_dropout_l2,10,30,140,0.0022643457632511854,0.0017476555658504367
mlp_3x128_gelu_dropout_l2,10,30,141,0.002266033785417676,0.001747526810504496
mlp_3x128_gelu_dropout_l2,10,30,142,0.002266130642965436,0.0017420928925275803
mlp_3x128_gelu_dropout_l2,10,30,143,0.00226572435349226,0.001740531763061881
mlp_3x128_gelu_dropout_l2,10,30,144,0.002265339717268944,0.0017417778726667166
mlp_3x128_gelu_dropout_l2,10,30,145,0.0022650628816336393,0.0017422345699742436
mlp_3x128_gelu_dropout_l2,10,30,146,0.002264470560476184,0.0017388357082381845
mlp_3x128_gelu_dropout_l2,10,30,147,0.0022638950031250715,0.0017375897150486708
mlp_3x128_gelu_dropout_l2,10,30,148,0.0022641299292445183,0.0017394527094438672
mlp_3x128_gelu_dropout_l2,10,30,149,0.00226426450535655,0.001742817461490631
mlp_3x128_gelu_dropout_l2,10,30,150,0.002264526439830661,0.001742325141094625
mlp_3x128_gelu_dropout_l2,10,30,151,0.002264337847009301,0.0017407495761290193
mlp_3x128_gelu_dropout_l2,10,30,152,0.0022641276009380817,0.0017419334035366774
mlp_3x128_gelu_dropout_l2,10,30,153,0.0022644188720732927,0.0017410567961633205
mlp_3x128_gelu_dropout_l2,10,30,154,0.002264456357806921,0.0017396589973941445
mlp_3x128_gelu_dropout_l2,10,30,155,0.002264156239107251,0.001738141174428165
mlp_3x128_gelu_dropout_l2,10,30,156,0.002264067530632019,0.001738200313411653
mlp_3x128_gelu_dropout_l2,10,30,157,0.002263592090457678,0.0017378267366439104
mlp_3x128_gelu_dropout_l2,10,30,158,0.0022634014021605253,0.0017386465333402157
mlp_3x128_gelu_dropout_l2,10,30,159,0.0022635627537965775,0.0017374393064528704
mlp_3x128_gelu_dropout_l2,10,30,160,0.002263057744130492,0.0017363372026011348
mlp_3x128_gelu_dropout_l2,10,30,161,0.0022632444743067026,0.0017367714317515492
mlp_3x128_gelu_dropout_l2,10,30,162,0.00226338068023324,0.001737298327498138
mlp_3x128_gelu_dropout_l2,10,30,163,0.0022637585643678904,0.0017366051906719804
mlp_3x128_gelu_dropout_l2,10,30,164,0.0022637618239969015,0.001737631973810494
mlp_3x128_gelu_dropout_l2,10,30,165,0.002263616770505905,0.0017358778277412057
mlp_3x128_gelu_dropout_l2,10,30,166,0.002263401634991169,0.001736245583742857
mlp_3x128_gelu_dropout_l2,10,30,167,0.002263623522594571,0.00173694989643991
mlp_3x128_gelu_dropout_l2,10,30,168,0.0022631227038800716,0.0017356635071337223
mlp_3x128_gelu_dropout_l2,10,30,169,0.0022635378409177065,0.001735024037770927
mlp_3x128_gelu_dropout_l2,10,30,170,0.0022629261948168278,0.0017373948357999325
mlp_3x128_gelu_dropout_l2,10,30,171,0.002262246562168002,0.0017359541961923242
mlp_3x128_gelu_dropout_l2,10,30,172,0.002262258203700185,0.0017360345227643847
mlp_3x128_gelu_dropout_l2,10,30,173,0.002263543428853154,0.001734440098516643
mlp_3x128_gelu_dropout_l2,10,30,174,0.0022631746251136065,0.001735264202579856
mlp_3x128_gelu_dropout_l2,10,30,175,0.0022633110638707876,0.0017359876073896885
mlp_3x128_gelu_dropout_l2,10,30,176,0.002262758556753397,0.00173528294544667
mlp_3x128_gelu_dropout_l2,10,30,177,0.002262694062665105,0.0017329882830381393
mlp_3x128_gelu_dropout_l2,10,30,178,0.002263083588331938,0.0017330818809568882
mlp_3x128_gelu_dropout_l2,10,30,179,0.002263145986944437,0.0017348795663565397
mlp_3x128_gelu_dropout_l2,10,30,180,0.0022631180472671986,0.0017362326616421342
mlp_3x128_gelu_dropout_l2,10,30,181,0.0022626298014074564,0.0017349175177514553
mlp_3x128_gelu_dropout_l2,10,30,182,0.002262753900140524,0.0017329285619780421
mlp_3x128_gelu_dropout_l2,10,30,183,0.0022639986127614975,0.001730162650346756
mlp_3x128_gelu_dropout_l2,10,30,184,0.0022629471495747566,0.0017322134226560593
mlp_3x128_gelu_dropout_l2,10,30,185,0.0022625483106821775,0.0017289066454395652
mlp_3x128_gelu_dropout_l2,10,30,186,0.002265821909531951,0.0017270002281293273
mlp_3x128_gelu_dropout_l2,10,30,187,0.002268326235935092,0.0017301812767982483
mlp_3x128_gelu_dropout_l2,10,30,188,0.0022667916491627693,0.001729443552903831
mlp_3x128_gelu_dropout_l2,10,30,189,0.002263384172692895,0.001737580867484212
mlp_3x128_gelu_dropout_l2,10,30,190,0.0022676109801977873,0.0017295555444434285
mlp_3x128_gelu_dropout_l2,10,30,191,0.002269153483211994,0.001732860691845417
mlp_3x128_gelu_dropout_l2,10,30,192,0.002267342060804367,0.001727441675029695
mlp_3x128_gelu_dropout_l2,10,30,193,0.0022654281929135323,0.0017319242469966412
mlp_3x128_gelu_dropout_l2,10,30,194,0.002273674588650465,0.0017429136205464602
mlp_3x128_gelu_dropout_l2,10,30,195,0.0022713730577379465,0.0017309475224465132
mlp_3x128_gelu_dropout_l2,10,30,196,0.0022651455365121365,0.0017317729070782661
mlp_3x128_gelu_dropout_l2,10,30,197,0.0022649564780294895,0.001734401099383831
mlp_3x128_gelu_dropout_l2,10,30,198,0.0022666638251394033,0.0017307511297985911
mlp_3x128_gelu_dropout_l2,10,30,199,0.002266551600769162,0.0017346810782328248
mlp_3x128_gelu_dropout_l2,10,30,200,0.0022667585872113705,0.001726258429698646
mlp_3x128_gelu_dropout_l2,10,30,201,0.0022638251539319754,0.0017300936160609126
mlp_3x128_gelu_dropout_l2,10,30,202,0.002265528542920947,0.0017346913227811456
mlp_3x128_gelu_dropout_l2,10,30,203,0.0022664256393909454,0.0017298489110544324
mlp_3x128_gelu_dropout_l2,10,30,204,0.0022657655645161867,0.001734598190523684
mlp_3x128_gelu_dropout_l2,10,30,205,0.0022698428947478533,0.0017361616482958198
mlp_3x128_gelu_dropout_l2,10,30,206,0.0022681071422994137,0.0017388906562700868
mlp_3x128_gelu_dropout_l2,10,30,207,0.002267755102366209,0.0017238232539966702
mlp_3x128_gelu_dropout_l2,10,30,208,0.0022728112526237965,0.0017335987649857998
mlp_3x128_gelu_dropout_l2,10,30,209,0.0022715767845511436,0.0017382267396897078
mlp_3x128_gelu_dropout_l2,10,30,210,0.002266440074890852,0.001736971316859126
mlp_3x128_gelu_dropout_l2,10,30,211,0.002265101531520486,0.0017313903663307428
mlp_3x128_gelu_dropout_l2,10,30,212,0.002266097581014037,0.0017311074770987034
mlp_3x128_gelu_dropout_l2,10,30,213,0.0022644384298473597,0.001731388969346881
mlp_3x128_gelu_dropout_l2,10,30,214,0.002265861025080085,0.0017366264946758747
mlp_3x128_gelu_dropout_l2,10,30,215,0.002264921087771654,0.001732976408675313
mlp_3x128_gelu_dropout_l2,10,30,216,0.0022643280681222677,0.001733873039484024
mlp_3x128_gelu_dropout_l2,10,30,217,0.0022648312151432037,0.0017343700164929032
mlp_3x128_gelu_dropout_l2,10,30,218,0.002266761614009738,0.001729896990582347
mlp_3x128_gelu_dropout_l2,10,30,219,0.0022651662584394217,0.0017314375145360827
mlp_3x128_gelu_dropout_l2,10,30,220,0.002264882205054164,0.0017343732761219144
mlp_3x128_gelu_dropout_l2,10,30,221,0.0022609869483858347,0.0017312306445091963
mlp_3x128_gelu_dropout_l2,10,30,222,0.0022632090840488672,0.0017314695287495852
mlp_3x128_gelu_dropout_l2,10,30,223,0.002265195595100522,0.0017293021082878113
mlp_3x128_gelu_dropout_l2,10,30,224,0.0022689674515277147,0.0017378675984218717
mlp_3x128_gelu_dropout_l2,10,30,225,0.0022690799087285995,0.0017281847540289164
mlp_3x128_gelu_dropout_l2,10,30,226,0.002265224466100335,0.0017307166708633304
mlp_3x128_gelu_dropout_l2,10,30,227,0.00226840702816844,0.0017277623992413282
mlp_3x128_gelu_dropout_l2,10,30,228,0.0022635061759501696,0.0017323312349617481
mlp_3x128_gelu_dropout_l2,10,30,229,0.0022642260883003473,0.0017316312296316028
mlp_3x128_gelu_dropout_l2,10,30,230,0.0022643909323960543,0.001731421914882958
mlp_3x128_gelu_dropout_l2,10,30,231,0.0022642631083726883,0.0017315888544544578
mlp_3x128_gelu_dropout_l2,10,30,232,0.0022673786152154207,0.001732290256768465
mlp_3x128_gelu_dropout_l2,10,30,233,0.002268451964482665,0.0017397011397406459
mlp_3x128_gelu_dropout_l2,10,30,234,0.002266698982566595,0.001739699044264853
mlp_3x128_gelu_dropout_l2,10,30,235,0.002267104107886553,0.0017358778277412057
mlp_3x128_gelu_dropout_l2,10,30,236,0.00227990816347301,0.001743964501656592
mlp_3x128_gelu_dropout_l2,10,30,237,0.002269664080813527,0.0017329134279862046
mlp_3x128_gelu_dropout_l2,10,30,238,0.0022727884352207184,0.001743632834404707
mlp_3x128_gelu_dropout_l2,10,30,239,0.002275223843753338,0.0017355091404169798
mlp_3x128_gelu_dropout_l2,10,30,240,0.0022713609505444765,0.0017331818817183375
mlp_3x128_gelu_dropout_l2,10,30,241,0.002269704593345523,0.0017464742995798588
mlp_3x128_gelu_dropout_l2,10,30,242,0.0022693078499287367,0.0017362195067107677
mlp_3x128_gelu_dropout_l2,10,30,243,0.0022664193529635668,0.00174386624712497
mlp_3x128_gelu_dropout_l2,10,30,244,0.0022660489194095135,0.001737720682285726
mlp_3x128_gelu_dropout_l2,10,30,245,0.002266812138259411,0.0017368162516504526
mlp_3x128_gelu_dropout_l2,10,30,246,0.002272318582981825,0.0017393429297953844
mlp_3x128_gelu_dropout_l2,10,30,247,0.0022695097140967846,0.0017364037921652198
mlp_3x128_gelu_dropout_l2,10,30,248,0.002274167723953724,0.0017385473474860191
mlp_3x128_gelu_dropout_l2,10,30,249,0.0022698398679494858,0.001731529482640326
mlp_3x128_gelu_dropout_l2,10,30,250,0.0022692112252116203,0.0017433864995837212
mlp_3x128_gelu_dropout_l2,10,30,251,0.002268000040203333,0.00174426706507802
mlp_3x128_gelu_dropout_l2,10,30,252,0.0022730662021785975,0.001740255276672542
mlp_3x128_gelu_dropout_l2,10,30,253,0.0022694056387990713,0.001738527906127274
mlp_3x128_gelu_dropout_l2,10,30,254,0.0022710212506353855,0.0017399571370333433
mlp_3x128_gelu_dropout_l2,10,30,255,0.0022671876940876245,0.001730268937535584
mlp_3x128_gelu_dropout_l2,10,30,256,0.002263348549604416,0.0017351675778627396
mlp_3x128_gelu_dropout_l2,10,30,257,0.0022666328586637974,0.0017349576810374856
mlp_3x128_gelu_dropout_l2,10,30,258,0.002265305258333683,0.0017432892927899957
mlp_3x128_gelu_dropout_l2,10,30,259,0.0022684698924422264,0.0017384957754984498
mlp_3x128_gelu_dropout_l2,10,30,260,0.0022662789560854435,0.0017415434122085571
mlp_3x128_gelu_dropout_l2,10,30,261,0.002269878750666976,0.001745465095154941
mlp_3x128_gelu_dropout_l2,10,30,262,0.002271497156471014,0.0017442506505176425
mlp_3x128_gelu_dropout_l2,10,30,263,0.0022763076703995466,0.0017363426741212606
mlp_3x128_gelu_dropout_l2,10,30,264,0.00227485247887671,0.001750466413795948
mlp_3x128_gelu_dropout_l2,10,30,265,0.002283440437167883,0.0017488364828750491
mlp_3x128_gelu_dropout_l2,10,30,266,0.002265721559524536,0.0017376659670844674
mlp_3x128_gelu_dropout_l2,10,30,267,0.0022722615394741297,0.0017384366365149617
mlp_3x128_gelu_dropout_l2,10,30,268,0.0022666482254862785,0.0017298707971349359
mlp_3x128_gelu_dropout_l2,10,30,269,0.002268979325890541,0.001735805650241673
mlp_3x128_gelu_dropout_l2,10,30,270,0.0022654186468571424,0.001740682520903647
mlp_3x128_gelu_dropout_l2,10,30,271,0.0022655841894447803,0.0017339139012619853
mlp_3x128_gelu_dropout_l2,10,30,272,0.0022654456552118063,0.001741101499646902
mlp_3x128_gelu_dropout_l2,10,30,273,0.0022656680084764957,0.0017345268279314041
mlp_3x128_gelu_dropout_l2,10,30,274,0.002268480369821191,0.0017400369979441166
mlp_3x128_gelu_dropout_l2,10,30,275,0.002264748327434063,0.001744358683936298
mlp_3x128_gelu_dropout_l2,10,30,276,0.0022717227693647146,0.0017475311178714037
mlp_3x128_gelu_dropout_l2,10,30,277,0.0022617036011070013,0.001740871462970972
mlp_3x128_gelu_dropout_l2,10,30,278,0.002273392165079713,0.0017388068372383714
mlp_3x128_gelu_dropout_l2,10,30,279,0.0022684272844344378,0.0017345139058306813
mlp_3x128_gelu_dropout_l2,10,30,280,0.00226662028580904,0.001753241172991693
mlp_3x128_gelu_dropout_l2,10,30,281,0.0022671553306281567,0.001734594232402742
mlp_3x128_gelu_dropout_l2,10,30,282,0.002263820031657815,0.0017330232076346874
mlp_3x128_gelu_dropout_l2,10,30,283,0.0022674654610455036,0.0017300270264968276
mlp_3x128_gelu_dropout_l2,10,30,284,0.0022662838455289602,0.0017333844443783164
mlp_3x128_gelu_dropout_l2,10,30,285,0.002270770724862814,0.0017334917793050408
mlp_3x128_gelu_dropout_l2,10,30,286,0.002267824951559305,0.00173288956284523
mlp_3x128_gelu_dropout_l2,10,30,287,0.002268937649205327,0.0017412989400327206
mlp_3x128_gelu_dropout_l2,10,30,288,0.002264662878587842,0.0017455888446420431
mlp_3x128_gelu_dropout_l2,10,30,289,0.0022674102801829576,0.0017439292278140783
mlp_3x128_gelu_dropout_l2,10,30,290,0.0022663981653749943,0.001735385856591165
mlp_3x128_gelu_dropout_l2,10,30,291,0.002271680161356926,0.0017445090925320983
mlp_3x128_gelu_dropout_l2,10,30,292,0.002269662683829665,0.0017331148264929652
mlp_3x128_gelu_dropout_l2,10,30,293,0.0022736010141670704,0.0017566232709214091
mlp_3x128_gelu_dropout_l2,10,30,294,0.0022762103471904993,0.0017368138069286942
mlp_3x128_gelu_dropout_l2,10,30,295,0.0022815328557044268,0.0017661049496382475
mlp_3x128_gelu_dropout_l2,10,30,296,0.00227548461407423,0.0017372836591675878
mlp_3x128_gelu_dropout_l2,10,30,297,0.0022666030563414097,0.0017565457383170724
mlp_3x128_gelu_dropout_l2,10,30,298,0.0022688494063913822,0.0017284693894907832
mlp_3x128_gelu_dropout_l2,10,30,299,0.0022651085164397955,0.0017334386939182878
mlp_3x128_gelu_dropout_l2,10,30,300,0.0022669171448796988,0.0017410485306754708
mlp_3x128_gelu_dropout_l2,10,30,301,0.002263416303321719,0.00172999978531152
mlp_3x128_gelu_dropout_l2,10,30,302,0.002266569994390011,0.001734019024297595
mlp_3x128_gelu_dropout_l2,10,30,303,0.002265688730403781,0.0017322286730632186
mlp_3x128_gelu_dropout_l2,10,30,304,0.002266660798341036,0.0017323229694738984
mlp_3x128_gelu_dropout_l2,10,30,305,0.00226553319953382,0.0017292068805545568
mlp_3x128_gelu_dropout_l2,10,30,306,0.002267188858240843,0.0017306450754404068
mlp_3x128_gelu_dropout_l2,10,30,307,0.002267192117869854,0.0017265897477045655
mlp_3x128_gelu_dropout_l2,10,30,308,0.0022656274959445,0.0017312649870291352
mlp_3x128_gelu_dropout_l2,10,30,309,0.0022663187701255083,0.0017316990997642279
mlp_3x128_gelu_dropout_l2,10,30,310,0.002265229355543852,0.00173325021751225
mlp_3x128_gelu_dropout_l2,10,30,311,0.0022669481113553047,0.001745325978845358
mlp_3x128_gelu_dropout_l2,10,30,312,0.0022728831972926855,0.0017449217848479748
mlp_3x128_gelu_dropout_l2,10,30,313,0.0022698920220136642,0.0017400962533429265
mlp_3x128_gelu_dropout_l2,10,30,314,0.002274357248097658,0.0017331825802102685
mlp_3x128_gelu_dropout_l2,10,30,315,0.0022700128611177206,0.0017396380426362157
mlp_3x128_gelu_dropout_l2,10,30,316,0.0022711113560944796,0.0017528280150145292
mlp_3x128_gelu_dropout_l2,10,30,317,0.0022769777569919825,0.0017336200689896941
mlp_3x128_gelu_dropout_l2,10,30,318,0.0022809691727161407,0.0017540117260068655
mlp_3x128_gelu_dropout_l2,10,30,319,0.002272870624437928,0.00173643056768924
mlp_3x128_gelu_dropout_l2,10,30,320,0.0022681760601699352,0.0017510303296148777
mlp_3x128_gelu_dropout_l2,10,30,321,0.0022646738216280937,0.0017395921749994159
mlp_3x128_gelu_dropout_l2,10,30,322,0.0022625175770372152,0.0017310874536633492
mlp_3x128_gelu_dropout_l2,10,30,323,0.0022631515748798847,0.0017324320506304502
mlp_3x128_gelu_dropout_l2,10,30,324,0.0022640149109065533,0.0017279972089454532
mlp_3x128_gelu_dropout_l2,10,30,325,0.002263798611238599,0.001731931115500629
mlp_3x128_gelu_dropout_l2,10,30,326,0.0022655383218079805,0.0017288824310526252
mlp_3x128_gelu_dropout_l2,10,30,327,0.002266802592203021,0.0017306312220171094
mlp_3x128_gelu_dropout_l2,10,30,328,0.0022648621816188097,0.0017289445968344808
mlp_3x128_gelu_dropout_l2,10,30,329,0.0022650386672466993,0.001731794560328126
mlp_3x128_gelu_dropout_l2,10,30,330,0.0022651914041489363,0.001726742833852768
mlp_3x128_gelu_dropout_l2,10,30,331,0.0022669455502182245,0.0017304376233369112
mlp_3x128_gelu_dropout_l2,10,30,332,0.0022708880715072155,0.0017330610426142812
mlp_3x128_gelu_dropout_l2,10,30,333,0.00226992298848927,0.0017404045211151242
mlp_3x128_gelu_dropout_l2,10,30,334,0.0022686936426907778,0.0017315217992290854
mlp_3x128_gelu_dropout_l2,10,30,335,0.002265580929815769,0.0017395822796970606
mlp_3x128_gelu_dropout_l2,10,30,336,0.0022683856077492237,0.0017402961384505033
mlp_3x128_gelu_dropout_l2,10,30,337,0.00226906081661582,0.0017577015096321702
mlp_3x128_gelu_dropout_l2,10,30,338,0.002277173800393939,0.0017322716303169727
mlp_3x128_gelu_dropout_l2,10,30,339,0.0022771672811359167,0.0017416980117559433
mlp_3x128_gelu_dropout_l2,10,30,340,0.0022752045188099146,0.001729128765873611
mlp_3x128_gelu_dropout_l2,10,30,341,0.0022714859806001186,0.0017388919368386269
mlp_3x128_gelu_dropout_l2,10,30,342,0.0022693327628076077,0.0017356355674564838
mlp_3x128_gelu_dropout_l2,10,30,343,0.002266744850203395,0.0017426225822418928
mlp_3x128_gelu_dropout_l2,10,30,344,0.002266615629196167,0.0017297938466072083
mlp_3x128_gelu_dropout_l2,10,30,345,0.0022658423986285925,0.0017420179210603237
mlp_3x128_gelu_dropout_l2,10,30,346,0.0022664654534310102,0.001739341882057488
mlp_3x128_gelu_dropout_l2,10,30,347,0.002265862189233303,0.001740793464705348
mlp_3x128_gelu_dropout_l2,10,30,348,0.002267567440867424,0.0017411154694855213
mlp_3x128_gelu_dropout_l2,10,30,349,0.002270334167405963,0.0017489693127572536
mlp_3x128_gelu_dropout_l2,10,30,350,0.0022755220998078585,0.0017381604993715882
mlp_3x128_gelu_dropout_l2,10,30,351,0.0022747195325791836,0.001740545267239213
mlp_3x128_gelu_dropout_l2,10,30,352,0.0022680391557514668,0.0017306571826338768
mlp_3x128_gelu_dropout_l2,10,30,353,0.002268174896016717,0.0017354090232402086
mlp_3x128_gelu_dropout_l2,10,30,354,0.0022696866653859615,0.001736959209665656
mlp_3x128_gelu_dropout_l2,10,30,355,0.0022696624509990215,0.0017376882024109364
mlp_3x128_gelu_dropout_l2,10,30,356,0.0022643336560577154,0.001735030673444271
mlp_3x128_gelu_dropout_l2,10,30,357,0.002264715963974595,0.001744639128446579
mlp_3x128_gelu_dropout_l2,10,30,358,0.002265640301629901,0.0017328623216599226
mlp_3x128_gelu_dropout_l2,10,30,359,0.0022674102801829576,0.0017558688996359706
mlp_3x128_gelu_dropout_l2,10,30,360,0.00227597844786942,0.0017340381164103746
mlp_3x128_gelu_dropout_l2,10,30,361,0.0022717530373483896,0.001752865151502192
mlp_3x128_gelu_dropout_l2,10,30,362,0.0022821819875389338,0.0017384612001478672
mlp_3x128_gelu_dropout_l2,10,30,363,0.002274738624691963,0.001735699363052845
mlp_3x128_gelu_dropout_l2,10,30,364,0.0022691944614052773,0.0017404413083568215
mlp_3x128_gelu_dropout_l2,10,30,365,0.002269984921440482,0.0017330085393041372
mlp_3x128_gelu_dropout_l2,10,30,366,0.002268529497087002,0.00174929469358176
mlp_3x128_gelu_dropout_l2,10,30,367,0.0022690128535032272,0.001737099839374423
mlp_3x128_gelu_dropout_l2,10,30,368,0.0022727022878825665,0.0017434973269701004
mlp_3x128_gelu_dropout_l2,10,30,369,0.0022743423469364643,0.0017355431336909533
mlp_3x128_gelu_dropout_l2,10,30,370,0.0022713346406817436,0.0017328616231679916
mlp_3x128_gelu_dropout_l2,10,30,371,0.0022697728127241135,0.001731252414174378
mlp_3x128_gelu_dropout_l2,10,30,372,0.0022651904728263617,0.0017324041109532118
mlp_3x128_gelu_dropout_l2,10,30,373,0.0022647175937891006,0.0017292104894295335
mlp_3x128_gelu_dropout_l2,10,30,374,0.0022648912854492664,0.0017321892082691193
mlp_3x128_gelu_dropout_l2,10,30,375,0.002264459850266576,0.0017310241237282753
mlp_3x128_gelu_dropout_l2,10,30,376,0.0022651946637779474,0.001729535055346787
mlp_3x128_gelu_dropout_l2,10,30,377,0.002266158349812031,0.0017294230638071895
mlp_3x128_gelu_dropout_l2,10,30,378,0.002263416536152363,0.0017298712627962232
mlp_3x128_gelu_dropout_l2,10,30,379,0.0022647110745310783,0.0017283401684835553
mlp_3x128_gelu_dropout_l2,10,30,380,0.0022646647412329912,0.0017308101523667574
mlp_3x128_gelu_dropout_l2,10,30,381,0.002264732727780938,0.001729722018353641
mlp_3x128_gelu_dropout_l2,10,30,382,0.0022647627629339695,0.0017296373844146729
mlp_3x128_gelu_dropout_l2,10,30,383,0.002264990471303463,0.001730103394947946
mlp_3x128_gelu_dropout_l2,10,30,384,0.0022648486774414778,0.0017301721964031458
mlp_3x128_gelu_dropout_l2,10,30,385,0.0022661180701106787,0.0017295661382377148
mlp_3x128_gelu_dropout_l2,10,30,386,0.0022626095451414585,0.0017350411508232355
mlp_3x128_gelu_dropout_l2,10,30,387,0.002266423311084509,0.0017333371797576547
mlp_3x128_gelu_dropout_l2,10,30,388,0.002269560005515814,0.0017424911493435502
mlp_3x128_gelu_dropout_l2,10,30,389,0.0022704056464135647,0.0017435156041756272
mlp_3x128_gelu_dropout_l2,10,30,390,0.0022717397660017014,0.0017408067360520363
mlp_3x128_gelu_dropout_l2,10,30,391,0.002276301383972168,0.001731063355691731
mlp_3x128_gelu_dropout_l2,10,30,392,0.002272669691592455,0.001734738820232451
mlp_3x128_gelu_dropout_l2,10,30,393,0.002264945534989238,0.0017389608547091484
mlp_3x128_gelu_dropout_l2,10,30,394,0.0022824823390692472,0.001735843368805945
mlp_3x128_gelu_dropout_l2,10,30,395,0.002275305800139904,0.0017528845928609371
mlp_3x128_gelu_dropout_l2,10,30,396,0.0022755933459848166,0.001730427611619234
mlp_3x128_gelu_dropout_l2,10,30,397,0.002274437341839075,0.001747236237861216
mlp_3x128_gelu_dropout_l2,10,30,398,0.002268521348014474,0.001740884268656373
mlp_3x128_gelu_dropout_l2,10,30,399,0.0022616577334702015,0.0017348777037113905
mlp_3x128_gelu_dropout_l2,10,30,400,0.0022632908076047897,0.0017317576566711068
mlp_3x128_gelu_dropout_l2,10,30,401,0.002265224000439048,0.0017307213274762034
mlp_3x128_gelu_dropout_l2,10,30,402,0.002266072668135166,0.0017302733613178134
mlp_3x128_gelu_dropout_l2,10,30,403,0.0022681618575006723,0.0017375099705532193
mlp_3x128_gelu_dropout_l2,10,30,404,0.0022683755960315466,0.0017472915351390839
mlp_3x128_gelu_dropout_l2,10,30,405,0.0022707623429596424,0.0017462801188230515
mlp_3x128_gelu_dropout_l2,10,30,406,0.0022687374148517847,0.0017497105291113257
mlp_3x128_gelu_dropout_l2,10,30,407,0.002262398134917021,0.0017351049464195967
mlp_3x128_gelu_dropout_l2,10,30,408,0.0022722913417965174,0.0017445668345317245
mlp_3x128_gelu_dropout_l2,10,30,409,0.002272986574098468,0.0017362567596137524
mlp_3x128_gelu_dropout_l2,10,30,410,0.0022763097658753395,0.0017351782880723476
mlp_3x128_gelu_dropout_l2,10,30,411,0.0022742219734936953,0.0017365779494866729
mlp_3x128_gelu_dropout_l2,10,30,412,0.0022692917846143246,0.0017323328647762537
mlp_3x128_gelu_dropout_l2,10,30,413,0.0022672531194984913,0.0017436747439205647
mlp_3x128_gelu_dropout_l2,10,30,414,0.0022644484415650368,0.0017308418173342943
mlp_3x128_gelu_dropout_l2,10,30,415,0.0022651031613349915,0.0017302902415394783
mlp_3x128_gelu_dropout_l2,10,30,416,0.002271163510158658,0.0017471803585067391
mlp_3x128_gelu_dropout_l2,10,30,417,0.002272537210956216,0.0017346853855997324
mlp_3x128_gelu_dropout_l2,10,30,418,0.0022671320475637913,0.0017387931002303958
mlp_3x128_gelu_dropout_l2,10,30,419,0.0022753532975912094,0.0017419173382222652
mlp_3x128_gelu_dropout_l2,10,30,420,0.0022721707355231047,0.0017356013413518667
mlp_3x128_gelu_dropout_l2,10,30,421,0.0022784543689340353,0.0017410116270184517
mlp_3x128_gelu_dropout_l2,10,30,422,0.0022681003902107477,0.0017510257894173265
mlp_3x128_gelu_dropout_l2,10,30,423,0.002268875716254115,0.0017393650487065315
mlp_3x128_gelu_dropout_l2,10,30,424,0.0022712701465934515,0.0017306511290371418
mlp_3x128_gelu_dropout_l2,10,30,425,0.002273421734571457,0.0017347022658213973
mlp_3x128_gelu_dropout_l2,10,30,426,0.0022678482346236706,0.0017352597787976265
mlp_3x128_gelu_dropout_l2,10,30,427,0.002268218668177724,0.001732356147840619
mlp_3x128_gelu_dropout_l2,10,30,428,0.0022656258661299944,0.0017379876226186752
mlp_3x128_gelu_dropout_l2,10,30,429,0.002266528084874153,0.0017306042136624455
mlp_3x128_gelu_dropout_l2,10,30,430,0.0022648978047072887,0.001729778596200049
mlp_3x128_gelu_dropout_l2,10,30,431,0.002263738075271249,0.0017293313285335898
mlp_3x128_gelu_dropout_l2,10,30,432,0.002264678478240967,0.0017288365634158254
mlp_3x128_gelu_dropout_l2,10,30,433,0.0022649774327874184,0.0017273846315219998
mlp_3x128_gelu_dropout_l2,10,30,434,0.00226406566798687,0.0017295458819717169
mlp_3x128_gelu_dropout_l2,10,30,435,0.0022654368076473475,0.0017246842617169023
mlp_3x128_gelu_dropout_l2,10,30,436,0.0022655075881630182,0.0017279896419495344
mlp_3x128_gelu_dropout_l2,10,30,437,0.0022652489133179188,0.0017279607709497213
mlp_3x128_gelu_dropout_l2,10,30,438,0.0022646216675639153,0.001729751005768776
mlp_3x128_gelu_dropout_l2,10,30,439,0.0022637401707470417,0.0017275377176702023
mlp_3x128_gelu_dropout_l2,10,30,440,0.002264570677652955,0.0017258543521165848
mlp_3x128_gelu_dropout_l2,10,30,441,0.0022643140982836485,0.0017282855696976185
mlp_3x128_gelu_dropout_l2,10,30,442,0.0022647364530712366,0.0017280766041949391
mlp_3x128_gelu_dropout_l2,10,30,443,0.0022654635831713676,0.0017264971975237131
mlp_3x128_gelu_dropout_l2,10,30,444,0.002266844268888235,0.0017300639301538467
mlp_3x128_gelu_dropout_l2,10,30,445,0.0022651548497378826,0.0017261534230783582
mlp_3x128_gelu_dropout_l2,10,30,446,0.0022661162074655294,0.0017310819821432233
mlp_3x128_gelu_dropout_l2,10,30,447,0.0022644184064120054,0.0017259868327528238
mlp_3x128_gelu_dropout_l2,10,30,448,0.0022650579921901226,0.0017304284265264869
mlp_3x128_gelu_dropout_l2,10,30,449,0.002263799076899886,0.001729709911160171
mlp_3x128_gelu_dropout_l2,10,30,450,0.0022653606720268726,0.0017285395879298449
mlp_3x128_gelu_dropout_l2,10,30,451,0.00226522795855999,0.0017306077061221004
mlp_3x128_gelu_dropout_l2,10,30,452,0.002268060576170683,0.0017323900246992707
mlp_3x128_gelu_dropout_l2,10,30,453,0.002266179071739316,0.001741234795190394
mlp_3x128_gelu_dropout_l2,10,30,454,0.0022654379718005657,0.0017329680267721415
mlp_3x128_gelu_dropout_l2,10,30,455,0.002265492919832468,0.0017328872345387936
mlp_3x128_gelu_dropout_l2,10,30,456,0.0022676538210362196,0.00173547537997365
mlp_3x128_gelu_dropout_l2,10,30,457,0.00226847967132926,0.0017338489415124059
mlp_3x128_gelu_dropout_l2,10,30,458,0.0022745677269995213,0.0017455511260777712
mlp_3x128_gelu_dropout_l2,10,30,459,0.0022702745627611876,0.0017400673823431134
mlp_3x128_gelu_dropout_l2,10,30,460,0.0022728806361556053,0.0017460170201957226
mlp_3x128_gelu_dropout_l2,10,30,461,0.0022757314145565033,0.001741562271490693
mlp_3x128_gelu_dropout_l2,10,30,462,0.0022716813255101442,0.0017384141683578491
mlp_3x128_gelu_dropout_l2,10,30,463,0.00227483082562685,0.0017547204624861479
mlp_3x128_gelu_dropout_l2,10,30,464,0.002262203022837639,0.0017334864242002368
mlp_3x128_gelu_dropout_l2,10,30,465,0.002275624545291066,0.0017409424763172865
mlp_3x128_gelu_dropout_l2,10,30,466,0.002267545787617564,0.0017489922465756536
mlp_3x128_gelu_dropout_l2,10,30,467,0.002270511584356427,0.00174565555062145
mlp_3x128_gelu_dropout_l2,10,30,468,0.0022708114702254534,0.0017346228705719113
mlp_3x128_gelu_dropout_l2,10,30,469,0.00226792274042964,0.0017418431816622615
mlp_3x128_gelu_dropout_l2,10,30,470,0.002268425887450576,0.001744230161421001
mlp_3x128_gelu_dropout_l2,10,30,471,0.0022811703383922577,0.00174280337523669
mlp_3x128_gelu_dropout_l2,10,30,472,0.00227264198474586,0.0017412201268598437
mlp_3x128_gelu_dropout_l2,10,30,473,0.0022746804170310497,0.001752092270180583
mlp_3x128_gelu_dropout_l2,10,30,474,0.0022651543840765953,0.0017447617137804627
mlp_3x128_gelu_dropout_l2,10,30,475,0.0022727386094629765,0.0017378133488819003
mlp_3x128_gelu_dropout_l2,10,30,476,0.0022652919869869947,0.001729504787363112
mlp_3x128_gelu_dropout_l2,10,30,477,0.0022823617327958345,0.0017445154953747988
mlp_3x128_gelu_dropout_l2,10,30,478,0.002267401432618499,0.001734892837703228
mlp_3x128_gelu_dropout_l2,10,30,479,0.0022700615227222443,0.001742117339745164
mlp_3x128_gelu_dropout_l2,10,30,480,0.0022718890104442835,0.0017349431291222572
mlp_3x128_gelu_dropout_l2,10,30,481,0.002268468728289008,0.0017474825726822019
mlp_3x128_gelu_dropout_l2,10,30,482,0.0022774788085371256,0.0017351466231048107
mlp_3x128_gelu_dropout_l2,10,30,483,0.002268188400194049,0.0017342865467071533
mlp_3x128_gelu_dropout_l2,10,30,484,0.0022670833859592676,0.0017290227115154266
mlp_3x128_gelu_dropout_l2,10,30,485,0.0022660659160465,0.0017354396404698491
mlp_3x128_gelu_dropout_l2,10,30,486,0.002265611197799444,0.0017261129105463624
mlp_3x128_gelu_dropout_l2,10,30,487,0.0022656964138150215,0.0017362221842631698
mlp_3x128_gelu_dropout_l2,10,30,488,0.0022665844298899174,0.001733146607875824
mlp_3x128_gelu_dropout_l2,10,30,489,0.0022668077144771814,0.0017426274716854095
mlp_3x128_gelu_dropout_l2,10,30,490,0.0022663231939077377,0.0017365161329507828
mlp_3x128_gelu_dropout_l2,10,30,491,0.002267405390739441,0.0017467484576627612
mlp_3x128_gelu_dropout_l2,10,30,492,0.002276436425745487,0.0017423321260139346
mlp_3x128_gelu_dropout_l2,10,30,493,0.002272211015224457,0.001740525825880468
mlp_3x128_gelu_dropout_l2,10,30,494,0.002273252233862877,0.0017394040478393435
mlp_3x128_gelu_dropout_l2,10,30,495,0.002274641301482916,0.0017303823260590434
mlp_3x128_gelu_dropout_l2,10,30,496,0.0022725160233676434,0.0017429811414331198
mlp_3x128_gelu_dropout_l2,10,30,497,0.0022670323960483074,0.0017302068881690502
mlp_3x128_gelu_dropout_l2,10,30,498,0.0022720436099916697,0.0017482945695519447
mlp_3x128_gelu_dropout_l2,10,30,499,0.002268663141876459,0.0017285801004618406
mlp_3x128_gelu_dropout_l2,10,30,500,0.002273492282256484,0.0017380999634042382
mlp_3x128_gelu_dropout_l2,10,90,1,0.11815454810857773,0.05207524448633194
mlp_3x128_gelu_dropout_l2,10,90,2,0.051538314670324326,0.038101453334093094
mlp_3x128_gelu_dropout_l2,10,90,3,0.03870616853237152,0.03130379319190979
mlp_3x128_gelu_dropout_l2,10,90,4,0.032221563160419464,0.027279719710350037
mlp_3x128_gelu_dropout_l2,10,90,5,0.02792200818657875,0.023846907541155815
mlp_3x128_gelu_dropout_l2,10,90,6,0.02443445660173893,0.020971350371837616
mlp_3x128_gelu_dropout_l2,10,90,7,0.021368857473134995,0.018280193209648132
mlp_3x128_gelu_dropout_l2,10,90,8,0.018541032448410988,0.016056546941399574
mlp_3x128_gelu_dropout_l2,10,90,9,0.015966854989528656,0.013632582500576973
mlp_3x128_gelu_dropout_l2,10,90,10,0.013732241466641426,0.01193197537213564
mlp_3x128_gelu_dropout_l2,10,90,11,0.011834037490189075,0.010417808778584003
mlp_3x128_gelu_dropout_l2,10,90,12,0.010358743369579315,0.009088043123483658
mlp_3x128_gelu_dropout_l2,10,90,13,0.009173940867185593,0.008064993657171726
mlp_3x128_gelu_dropout_l2,10,90,14,0.008189774118363857,0.007277418859302998
mlp_3x128_gelu_dropout_l2,10,90,15,0.0074120014905929565,0.0066179269924759865
mlp_3x128_gelu_dropout_l2,10,90,16,0.0067388564348220825,0.006008098367601633
mlp_3x128_gelu_dropout_l2,10,90,17,0.006166716106235981,0.0054654311388731
mlp_3x128_gelu_dropout_l2,10,90,18,0.005664518103003502,0.004995916038751602
mlp_3x128_gelu_dropout_l2,10,90,19,0.005229586735367775,0.004589905962347984
mlp_3x128_gelu_dropout_l2,10,90,20,0.004843235481530428,0.004215898457914591
mlp_3x128_gelu_dropout_l2,10,90,21,0.004504883661866188,0.0038799261674284935
mlp_3x128_gelu_dropout_l2,10,90,22,0.00419602869078517,0.003586570732295513
mlp_3x128_gelu_dropout_l2,10,90,23,0.003923060838133097,0.003347390564158559
mlp_3x128_gelu_dropout_l2,10,90,24,0.003676987485960126,0.0031110334675759077
mlp_3x128_gelu_dropout_l2,10,90,25,0.003455603960901499,0.0028934862930327654
mlp_3x128_gelu_dropout_l2,10,90,26,0.0032569351606070995,0.002699950709939003
mlp_3x128_gelu_dropout_l2,10,90,27,0.0030759372748434544,0.0025182245299220085
mlp_3x128_gelu_dropout_l2,10,90,28,0.002895031590014696,0.002350840251892805
mlp_3x128_gelu_dropout_l2,10,90,29,0.002739872084930539,0.0022177379578351974
mlp_3x128_gelu_dropout_l2,10,90,30,0.002590314717963338,0.0020909535232931376
mlp_3x128_gelu_dropout_l2,10,90,31,0.0024519034195691347,0.0019704962614923716
mlp_3x128_gelu_dropout_l2,10,90,32,0.0023300901520997286,0.001868821564130485
mlp_3x128_gelu_dropout_l2,10,90,33,0.002217560773715377,0.0017725557554513216
mlp_3x128_gelu_dropout_l2,10,90,34,0.002122575184330344,0.0016775894910097122
mlp_3x128_gelu_dropout_l2,10,90,35,0.0020319055765867233,0.0015962636098265648
mlp_3x128_gelu_dropout_l2,10,90,36,0.001955200918018818,0.0015285150147974491
mlp_3x128_gelu_dropout_l2,10,90,37,0.0018918630667030811,0.0014676912687718868
mlp_3x128_gelu_dropout_l2,10,90,38,0.0018336287466809154,0.0013997892383486032
mlp_3x128_gelu_dropout_l2,10,90,39,0.0017808220582082868,0.0013449136167764664
mlp_3x128_gelu_dropout_l2,10,90,40,0.0017378850607201457,0.0013040779158473015
mlp_3x128_gelu_dropout_l2,10,90,41,0.0017009568400681019,0.0012697190977633
mlp_3x128_gelu_dropout_l2,10,90,42,0.0016638520173728466,0.0012288293801248074
mlp_3x128_gelu_dropout_l2,10,90,43,0.0016272647771984339,0.001183243002742529
mlp_3x128_gelu_dropout_l2,10,90,44,0.0015962941106408834,0.0011471562320366502
mlp_3x128_gelu_dropout_l2,10,90,45,0.001571177039295435,0.0011168133933097124
mlp_3x128_gelu_dropout_l2,10,90,46,0.0015471779042854905,0.0010931197321042418
mlp_3x128_gelu_dropout_l2,10,90,47,0.0015233271988108754,0.001072810380719602
mlp_3x128_gelu_dropout_l2,10,90,48,0.0015011243522167206,0.0010533510940149426
mlp_3x128_gelu_dropout_l2,10,90,49,0.0014826690312474966,0.001046380028128624
mlp_3x128_gelu_dropout_l2,10,90,50,0.0014669429510831833,0.0010377386352047324
mlp_3x128_gelu_dropout_l2,10,90,51,0.0014525604201480746,0.0010310892248526216
mlp_3x128_gelu_dropout_l2,10,90,52,0.0014438617508858442,0.0010292896768078208
mlp_3x128_gelu_dropout_l2,10,90,53,0.0014366174582391977,0.0010326902847737074
mlp_3x128_gelu_dropout_l2,10,90,54,0.0014296640874817967,0.0010295751271769404
mlp_3x128_gelu_dropout_l2,10,90,55,0.0014247127110138535,0.0010242180433124304
mlp_3x128_gelu_dropout_l2,10,90,56,0.0014192045200616121,0.0010215528309345245
mlp_3x128_gelu_dropout_l2,10,90,57,0.0014124000445008278,0.0010156260104849935
mlp_3x128_gelu_dropout_l2,10,90,58,0.001406311523169279,0.0010103581007570028
mlp_3x128_gelu_dropout_l2,10,90,59,0.0014009608421474695,0.0010040407069027424
mlp_3x128_gelu_dropout_l2,10,90,60,0.00139607023447752,0.0009962234180420637
mlp_3x128_gelu_dropout_l2,10,90,61,0.0013924107188358903,0.0009905544575303793
mlp_3x128_gelu_dropout_l2,10,90,62,0.0013908821856603026,0.000986104947514832
mlp_3x128_gelu_dropout_l2,10,90,63,0.0013883686624467373,0.0009782483102753758
mlp_3x128_gelu_dropout_l2,10,90,64,0.0013877666788175702,0.0009716458152979612
mlp_3x128_gelu_dropout_l2,10,90,65,0.0013867501402273774,0.0009680474759079516
mlp_3x128_gelu_dropout_l2,10,90,66,0.0013868010137230158,0.0009618444018997252
mlp_3x128_gelu_dropout_l2,10,90,67,0.0013849721290171146,0.0009571819682605565
mlp_3x128_gelu_dropout_l2,10,90,68,0.0013836894650012255,0.0009569729445502162
mlp_3x128_gelu_dropout_l2,10,90,69,0.0013816944556310773,0.0009549000533297658
mlp_3x128_gelu_dropout_l2,10,90,70,0.001381110167130828,0.0009532028925605118
mlp_3x128_gelu_dropout_l2,10,90,71,0.0013816015562042594,0.0009507613722234964
mlp_3x128_gelu_dropout_l2,10,90,72,0.001383159076794982,0.0009505468769930303
mlp_3x128_gelu_dropout_l2,10,90,73,0.0013860733015462756,0.0009483255562372506
mlp_3x128_gelu_dropout_l2,10,90,74,0.001386780757457018,0.000953858660068363
mlp_3x128_gelu_dropout_l2,10,90,75,0.0013907445827499032,0.0009579441393725574
mlp_3x128_gelu_dropout_l2,10,90,76,0.001390586607158184,0.0009632956353016198
mlp_3x128_gelu_dropout_l2,10,90,77,0.0013906589010730386,0.0009757897933013737
mlp_3x128_gelu_dropout_l2,10,90,78,0.0013911087298765779,0.0009869971545413136
mlp_3x128_gelu_dropout_l2,10,90,79,0.00139254005625844,0.0010033986764028668
mlp_3x128_gelu_dropout_l2,10,90,80,0.0013922567013651133,0.0010208863532170653
mlp_3x128_gelu_dropout_l2,10,90,81,0.0013907745014876127,0.0010354669066146016
mlp_3x128_gelu_dropout_l2,10,90,82,0.001389243989251554,0.001043269643560052
mlp_3x128_gelu_dropout_l2,10,90,83,0.0013886644737794995,0.0010490042623132467
mlp_3x128_gelu_dropout_l2,10,90,84,0.0013875234872102737,0.0010468997061252594
mlp_3x128_gelu_dropout_l2,10,90,85,0.0013861717889085412,0.001044191769324243
mlp_3x128_gelu_dropout_l2,10,90,86,0.001383617171086371,0.0010418645106256008
mlp_3x128_gelu_dropout_l2,10,90,87,0.001382863731123507,0.0010414313292130828
mlp_3x128_gelu_dropout_l2,10,90,88,0.0013787447242066264,0.0010425311047583818
mlp_3x128_gelu_dropout_l2,10,90,89,0.0013770959340035915,0.0010444466024637222
mlp_3x128_gelu_dropout_l2,10,90,90,0.0013757720589637756,0.001043594442307949
mlp_3x128_gelu_dropout_l2,10,90,91,0.0013755207182839513,0.0010526045225560665
mlp_3x128_gelu_dropout_l2,10,90,92,0.0013769890647381544,0.001061165938153863
mlp_3x128_gelu_dropout_l2,10,90,93,0.0013773096725344658,0.0010639267275109887
mlp_3x128_gelu_dropout_l2,10,90,94,0.001377746695652604,0.0010614041239023209
mlp_3x128_gelu_dropout_l2,10,90,95,0.0013793386751785874,0.0010503833182156086
mlp_3x128_gelu_dropout_l2,10,90,96,0.0013798741856589913,0.001041419105604291
mlp_3x128_gelu_dropout_l2,10,90,97,0.001381703419610858,0.0010376860154792666
mlp_3x128_gelu_dropout_l2,10,90,98,0.0013851238181814551,0.0010320552391931415
mlp_3x128_gelu_dropout_l2,10,90,99,0.001387272379361093,0.0010250412160530686
mlp_3x128_gelu_dropout_l2,10,90,100,0.0013858515303581953,0.0010236615780740976
mlp_3x128_gelu_dropout_l2,10,90,101,0.001384085975587368,0.0010176660725846887
mlp_3x128_gelu_dropout_l2,10,90,102,0.0013848007656633854,0.0010224048746749759
mlp_3x128_gelu_dropout_l2,10,90,103,0.0013817724538967013,0.0010228267638012767
mlp_3x128_gelu_dropout_l2,10,90,104,0.001380747533403337,0.0010258889524266124
mlp_3x128_gelu_dropout_l2,10,90,105,0.0013793441466987133,0.0010260746348649263
mlp_3x128_gelu_dropout_l2,10,90,106,0.0013776544947177172,0.0010270740604028106
mlp_3x128_gelu_dropout_l2,10,90,107,0.001376562169753015,0.001024911180138588
mlp_3x128_gelu_dropout_l2,10,90,108,0.0013759472640231252,0.0010198608506470919
mlp_3x128_gelu_dropout_l2,10,90,109,0.0013734826352447271,0.0010147093562409282
mlp_3x128_gelu_dropout_l2,10,90,110,0.0013725240714848042,0.0010145175037905574
mlp_3x128_gelu_dropout_l2,10,90,111,0.0013737953267991543,0.0010107840644195676
mlp_3x128_gelu_dropout_l2,10,90,112,0.0013750203652307391,0.001002421835437417
mlp_3x128_gelu_dropout_l2,10,90,113,0.001374460174702108,0.0009908732026815414
mlp_3x128_gelu_dropout_l2,10,90,114,0.0013738136040046811,0.0009921867167577147
mlp_3x128_gelu_dropout_l2,10,90,115,0.0013743304880335927,0.0009979032911360264
mlp_3x128_gelu_dropout_l2,10,90,116,0.0013763505266979337,0.0010069794952869415
mlp_3x128_gelu_dropout_l2,10,90,117,0.001379202352836728,0.0010150232119485736
mlp_3x128_gelu_dropout_l2,10,90,118,0.0013807844370603561,0.0010115454206243157
mlp_3x128_gelu_dropout_l2,10,90,119,0.0013802193570882082,0.0010077502811327577
mlp_3x128_gelu_dropout_l2,10,90,120,0.001378414686769247,0.001013099798001349
mlp_3x128_gelu_dropout_l2,10,90,121,0.00137621711473912,0.0010127918794751167
mlp_3x128_gelu_dropout_l2,10,90,122,0.001373662962578237,0.00101087533403188
mlp_3x128_gelu_dropout_l2,10,90,123,0.0013723693555220962,0.001009850180707872
mlp_3x128_gelu_dropout_l2,10,90,124,0.0013722521252930164,0.0010071693686768413
mlp_3x128_gelu_dropout_l2,10,90,125,0.001371396123431623,0.001004675286822021
mlp_3x128_gelu_dropout_l2,10,90,126,0.0013729485217481852,0.001004024874418974
mlp_3x128_gelu_dropout_l2,10,90,127,0.0013731063809245825,0.0010044239461421967
mlp_3x128_gelu_dropout_l2,10,90,128,0.0013734943931922317,0.0010034168371930718
mlp_3x128_gelu_dropout_l2,10,90,129,0.0013729797210544348,0.001001590397208929
mlp_3x128_gelu_dropout_l2,10,90,130,0.001373320585116744,0.0010000353213399649
mlp_3x128_gelu_dropout_l2,10,90,131,0.0013724827440455556,0.0009965910576283932
mlp_3x128_gelu_dropout_l2,10,90,132,0.0013704040320590138,0.000989956664852798
mlp_3x128_gelu_dropout_l2,10,90,133,0.0013717622496187687,0.000987681676633656
mlp_3x128_gelu_dropout_l2,10,90,134,0.001371237332932651,0.0009877998381853104
mlp_3x128_gelu_dropout_l2,10,90,135,0.0013718610862269998,0.0009880732977762818
mlp_3x128_gelu_dropout_l2,10,90,136,0.001371906022541225,0.000990667031146586
mlp_3x128_gelu_dropout_l2,10,90,137,0.0013732431689277291,0.0010036571184173226
mlp_3x128_gelu_dropout_l2,10,90,138,0.001372883445583284,0.0010086497059091926
mlp_3x128_gelu_dropout_l2,10,90,139,0.0013707219623029232,0.0009915033588185906
mlp_3x128_gelu_dropout_l2,10,90,140,0.0013691108906641603,0.0009909170912578702
mlp_3x128_gelu_dropout_l2,10,90,141,0.001368186203762889,0.0009938102448359132
mlp_3x128_gelu_dropout_l2,10,90,142,0.0013695013476535678,0.0009867988992482424
mlp_3x128_gelu_dropout_l2,10,90,143,0.0013706492027267814,0.0009857157710939646
mlp_3x128_gelu_dropout_l2,10,90,144,0.0013712560757994652,0.0009873926173895597
mlp_3x128_gelu_dropout_l2,10,90,145,0.0013709529303014278,0.0009922862518578768
mlp_3x128_gelu_dropout_l2,10,90,146,0.0013706114841625094,0.0009861451108008623
mlp_3x128_gelu_dropout_l2,10,90,147,0.0013693947112187743,0.0009909302461892366
mlp_3x128_gelu_dropout_l2,10,90,148,0.0013695238158106804,0.0009883110178634524
mlp_3x128_gelu_dropout_l2,10,90,149,0.0013685603626072407,0.000987826264463365
mlp_3x128_gelu_dropout_l2,10,90,150,0.0013695912202820182,0.0009853258961811662
mlp_3x128_gelu_dropout_l2,10,90,151,0.0013699047267436981,0.0009876370895653963
mlp_3x128_gelu_dropout_l2,10,90,152,0.0013696628157049417,0.0009828954935073853
mlp_3x128_gelu_dropout_l2,10,90,153,0.00136914465110749,0.0009845433523878455
mlp_3x128_gelu_dropout_l2,10,90,154,0.0013694135705009103,0.0009834041120484471
mlp_3x128_gelu_dropout_l2,10,90,155,0.0013691441854462028,0.0009839656995609403
mlp_3x128_gelu_dropout_l2,10,90,156,0.0013678920222446322,0.0009808670729398727
mlp_3x128_gelu_dropout_l2,10,90,157,0.0013685987796634436,0.0009799042018130422
mlp_3x128_gelu_dropout_l2,10,90,158,0.0013689182233065367,0.0009810257470235229
mlp_3x128_gelu_dropout_l2,10,90,159,0.0013698257971554995,0.00097291060956195
mlp_3x128_gelu_dropout_l2,10,90,160,0.0013672710629180074,0.0009781083790585399
mlp_3x128_gelu_dropout_l2,10,90,161,0.001369316247291863,0.0009755129576660693
mlp_3x128_gelu_dropout_l2,10,90,162,0.0013668800238519907,0.0009861381258815527
mlp_3x128_gelu_dropout_l2,10,90,163,0.0013684912119060755,0.0009631046559661627
mlp_3x128_gelu_dropout_l2,10,90,164,0.0013726184843108058,0.0009741102112457156
mlp_3x128_gelu_dropout_l2,10,90,165,0.0013757258420810103,0.0009846675675362349
mlp_3x128_gelu_dropout_l2,10,90,166,0.001369159435853362,0.0009676283225417137
mlp_3x128_gelu_dropout_l2,10,90,167,0.0013706751633435488,0.0009668878628872335
mlp_3x128_gelu_dropout_l2,10,90,168,0.0013721195282414556,0.000989785185083747
mlp_3x128_gelu_dropout_l2,10,90,169,0.0013707296457141638,0.0009735641069710255
mlp_3x128_gelu_dropout_l2,10,90,170,0.0013730224454775453,0.0009726936696097255
mlp_3x128_gelu_dropout_l2,10,90,171,0.0013756100088357925,0.0009779785759747028
mlp_3x128_gelu_dropout_l2,10,90,172,0.0013707928592339158,0.0009842264698818326
mlp_3x128_gelu_dropout_l2,10,90,173,0.0013757481938228011,0.0009746732539497316
mlp_3x128_gelu_dropout_l2,10,90,174,0.0013737911358475685,0.000972002511844039
mlp_3x128_gelu_dropout_l2,10,90,175,0.0013837976148352027,0.0009637282346375287
mlp_3x128_gelu_dropout_l2,10,90,176,0.001370972953736782,0.0009755229111760855
mlp_3x128_gelu_dropout_l2,10,90,177,0.0013819064479321241,0.0010143229737877846
mlp_3x128_gelu_dropout_l2,10,90,178,0.0013756700791418552,0.0009579186444170773
mlp_3x128_gelu_dropout_l2,10,90,179,0.0013789002550765872,0.0009875588584691286
mlp_3x128_gelu_dropout_l2,10,90,180,0.0013692793436348438,0.0009648610721342266
mlp_3x128_gelu_dropout_l2,10,90,181,0.001378699205815792,0.0009697074419818819
mlp_3x128_gelu_dropout_l2,10,90,182,0.00137260218616575,0.000984510057605803
mlp_3x128_gelu_dropout_l2,10,90,183,0.0013681623386219144,0.0009672102169133723
mlp_3x128_gelu_dropout_l2,10,90,184,0.0013801566092297435,0.0009741942049004138
mlp_3x128_gelu_dropout_l2,10,90,185,0.0013682583812624216,0.0009888735366985202
mlp_3x128_gelu_dropout_l2,10,90,186,0.0013649254105985165,0.0009607725660316646
mlp_3x128_gelu_dropout_l2,10,90,187,0.0013732187217101455,0.0009722494869492948
mlp_3x128_gelu_dropout_l2,10,90,188,0.0013769380748271942,0.0009774422505870461
mlp_3x128_gelu_dropout_l2,10,90,189,0.0013768764911219478,0.0009716970380395651
mlp_3x128_gelu_dropout_l2,10,90,190,0.001389679149724543,0.0010263517033308744
mlp_3x128_gelu_dropout_l2,10,90,191,0.001371662481687963,0.0009723067632876337
mlp_3x128_gelu_dropout_l2,10,90,192,0.0013772327220067382,0.0009891988011077046
mlp_3x128_gelu_dropout_l2,10,90,193,0.0013685607118532062,0.0009697457426227629
mlp_3x128_gelu_dropout_l2,10,90,194,0.0013709039194509387,0.000981068704277277
mlp_3x128_gelu_dropout_l2,10,90,195,0.0013745310716331005,0.001001410186290741
mlp_3x128_gelu_dropout_l2,10,90,196,0.0013752022059634328,0.0009821472922340035
mlp_3x128_gelu_dropout_l2,10,90,197,0.0013714502565562725,0.0009896348929032683
mlp_3x128_gelu_dropout_l2,10,90,198,0.0013672967907041311,0.0009826404275372624
mlp_3x128_gelu_dropout_l2,10,90,199,0.0013780585722997785,0.0009762115078046918
mlp_3x128_gelu_dropout_l2,10,90,200,0.0013767307391390204,0.0009847201872617006
mlp_3x128_gelu_dropout_l2,10,90,201,0.0013752927770838141,0.0010001298505812883
mlp_3x128_gelu_dropout_l2,10,90,202,0.0013709190534427762,0.0009559750906191766
mlp_3x128_gelu_dropout_l2,10,90,203,0.0013785518240183592,0.0009936037240549922
mlp_3x128_gelu_dropout_l2,10,90,204,0.001370387733913958,0.0009960790630429983
mlp_3x128_gelu_dropout_l2,10,90,205,0.001370329991914332,0.0009912227978929877
mlp_3x128_gelu_dropout_l2,10,90,206,0.00137364212423563,0.0010106955887749791
mlp_3x128_gelu_dropout_l2,10,90,207,0.00138955342117697,0.0009978926973417401
mlp_3x128_gelu_dropout_l2,10,90,208,0.0013967404374852777,0.001005250378511846
mlp_3x128_gelu_dropout_l2,10,90,209,0.0013858447782695293,0.0009829876944422722
mlp_3x128_gelu_dropout_l2,10,90,210,0.0013888950925320387,0.0009999570902436972
mlp_3x128_gelu_dropout_l2,10,90,211,0.0013776463456451893,0.0009842122672125697
mlp_3x128_gelu_dropout_l2,10,90,212,0.001374044455587864,0.0009750928147695959
mlp_3x128_gelu_dropout_l2,10,90,213,0.0013723588781431317,0.0009931627428159118
mlp_3x128_gelu_dropout_l2,10,90,214,0.001371956430375576,0.0009938341099768877
mlp_3x128_gelu_dropout_l2,10,90,215,0.0013724092859774828,0.0009905827464535832
mlp_3x128_gelu_dropout_l2,10,90,216,0.0013861653860658407,0.001009386032819748
mlp_3x128_gelu_dropout_l2,10,90,217,0.0013760384172201157,0.0010073587764054537
mlp_3x128_gelu_dropout_l2,10,90,218,0.0013670746702700853,0.0009799578692764044
mlp_3x128_gelu_dropout_l2,10,90,219,0.0013675957452505827,0.0009607703541405499
mlp_3x128_gelu_dropout_l2,10,90,220,0.0013693891232833266,0.000975955103058368
mlp_3x128_gelu_dropout_l2,10,90,221,0.001372393686324358,0.001004523946903646
mlp_3x128_gelu_dropout_l2,10,90,222,0.001381752546876669,0.0009885613108053803
mlp_3x128_gelu_dropout_l2,10,90,223,0.0013849441893398762,0.0010222827550023794
mlp_3x128_gelu_dropout_l2,10,90,224,0.001397118903696537,0.0009779463289305568
mlp_3x128_gelu_dropout_l2,10,90,225,0.0013688455801457167,0.0009720624657347798
mlp_3x128_gelu_dropout_l2,10,90,226,0.0013739046407863498,0.0009769367752596736
mlp_3x128_gelu_dropout_l2,10,90,227,0.001370414742268622,0.0009864290477707982
mlp_3x128_gelu_dropout_l2,10,90,228,0.0013711662031710148,0.0009941841708496213
mlp_3x128_gelu_dropout_l2,10,90,229,0.001371770049445331,0.0009950546082109213
mlp_3x128_gelu_dropout_l2,10,90,230,0.001375995809212327,0.0009977549780160189
mlp_3x128_gelu_dropout_l2,10,90,231,0.0013794621918350458,0.001007089507766068
mlp_3x128_gelu_dropout_l2,10,90,232,0.001392170088365674,0.0009834164520725608
mlp_3x128_gelu_dropout_l2,10,90,233,0.0013730369973927736,0.0009740135283209383
mlp_3x128_gelu_dropout_l2,10,90,234,0.001371073303744197,0.0009561202605254948
mlp_3x128_gelu_dropout_l2,10,90,235,0.0013731230283156037,0.0009687040583230555
mlp_3x128_gelu_dropout_l2,10,90,236,0.0013709469931200147,0.000976160226855427
mlp_3x128_gelu_dropout_l2,10,90,237,0.0013684851583093405,0.0009979450842365623
mlp_3x128_gelu_dropout_l2,10,90,238,0.0013815100537613034,0.0010150526650249958
mlp_3x128_gelu_dropout_l2,10,90,239,0.0013908150140196085,0.000978404888883233
mlp_3x128_gelu_dropout_l2,10,90,240,0.0013755379477515817,0.0009903799509629607
mlp_3x128_gelu_dropout_l2,10,90,241,0.0013747976627200842,0.0009642507066018879
mlp_3x128_gelu_dropout_l2,10,90,242,0.0013768059434369206,0.0010028177639469504
mlp_3x128_gelu_dropout_l2,10,90,243,0.0013753303792327642,0.0009728914592415094
mlp_3x128_gelu_dropout_l2,10,90,244,0.0013742997543886304,0.0009934190893545747
mlp_3x128_gelu_dropout_l2,10,90,245,0.0013804689515382051,0.0010018973844125867
mlp_3x128_gelu_dropout_l2,10,90,246,0.0013839793391525745,0.0009974801214411855
mlp_3x128_gelu_dropout_l2,10,90,247,0.0013766031479462981,0.0009811101481318474
mlp_3x128_gelu_dropout_l2,10,90,248,0.0013758707791566849,0.0009916144190356135
mlp_3x128_gelu_dropout_l2,10,90,249,0.0013776863925158978,0.0010012154234573245
mlp_3x128_gelu_dropout_l2,10,90,250,0.0013725301250815392,0.0010029631666839123
mlp_3x128_gelu_dropout_l2,10,90,251,0.0013713040389120579,0.0010009000543504953
mlp_3x128_gelu_dropout_l2,10,90,252,0.0013791545061394572,0.0010100383078679442
mlp_3x128_gelu_dropout_l2,10,90,253,0.001381670474074781,0.000990940141491592
mlp_3x128_gelu_dropout_l2,10,90,254,0.0013814048143103719,0.0009956369176506996
mlp_3x128_gelu_dropout_l2,10,90,255,0.0013811844401061535,0.0009748912416398525
mlp_3x128_gelu_dropout_l2,10,90,256,0.0013692518696188927,0.0009795798687264323
mlp_3x128_gelu_dropout_l2,10,90,257,0.0013679030817002058,0.0009705807315185666
mlp_3x128_gelu_dropout_l2,10,90,258,0.0013704405864700675,0.0009699269430711865
mlp_3x128_gelu_dropout_l2,10,90,259,0.0013765371404588223,0.0010163217084482312
mlp_3x128_gelu_dropout_l2,10,90,260,0.001383384456858039,0.0009789752075448632
mlp_3x128_gelu_dropout_l2,10,90,261,0.0013910684501752257,0.0009971369290724397
mlp_3x128_gelu_dropout_l2,10,90,262,0.0013856360455974936,0.000998432282358408
mlp_3x128_gelu_dropout_l2,10,90,263,0.0013749129138886929,0.000981867895461619
mlp_3x128_gelu_dropout_l2,10,90,264,0.0013772377278655767,0.0010290974751114845
mlp_3x128_gelu_dropout_l2,10,90,265,0.0013928230619058013,0.0010131725575774908
mlp_3x128_gelu_dropout_l2,10,90,266,0.0013744848547503352,0.0010128732537850738
mlp_3x128_gelu_dropout_l2,10,90,267,0.0013825324131175876,0.0009886793559417129
mlp_3x128_gelu_dropout_l2,10,90,268,0.001365375122986734,0.0009665714460425079
mlp_3x128_gelu_dropout_l2,10,90,269,0.001378732151351869,0.000974220281932503
mlp_3x128_gelu_dropout_l2,10,90,270,0.0013690951745957136,0.0009918180294334888
mlp_3x128_gelu_dropout_l2,10,90,271,0.0013746462063863873,0.001030698767863214
mlp_3x128_gelu_dropout_l2,10,90,272,0.0013802314642816782,0.0010122011881321669
mlp_3x128_gelu_dropout_l2,10,90,273,0.0013647823361679912,0.0010229382896795869
mlp_3x128_gelu_dropout_l2,10,90,274,0.0013843775959685445,0.0009814990917220712
mlp_3x128_gelu_dropout_l2,10,90,275,0.0013685351004824042,0.0010193567723035812
mlp_3x128_gelu_dropout_l2,10,90,276,0.0013855164870619774,0.0009797338861972094
mlp_3x128_gelu_dropout_l2,10,90,277,0.001380196656100452,0.0009792606579139829
mlp_3x128_gelu_dropout_l2,10,90,278,0.0013765775365754962,0.000993813737295568
mlp_3x128_gelu_dropout_l2,10,90,279,0.0013709251070395112,0.0009855921380221844
mlp_3x128_gelu_dropout_l2,10,90,280,0.001370316487737,0.0009948627557605505
mlp_3x128_gelu_dropout_l2,10,90,281,0.0013739706482738256,0.0010023246286436915
mlp_3x128_gelu_dropout_l2,10,90,282,0.0013788585783913732,0.000991487642750144
mlp_3x128_gelu_dropout_l2,10,90,283,0.0013790387893095613,0.0009852686198428273
mlp_3x128_gelu_dropout_l2,10,90,284,0.0013846623478457332,0.0010228059254586697
mlp_3x128_gelu_dropout_l2,10,90,285,0.0013780362205579877,0.0009997261222451925
mlp_3x128_gelu_dropout_l2,10,90,286,0.0013715599197894335,0.001010714564472437
mlp_3x128_gelu_dropout_l2,10,90,287,0.0013902244390919805,0.0010156264761462808
mlp_3x128_gelu_dropout_l2,10,90,288,0.0013825229834765196,0.0009699615766294301
mlp_3x128_gelu_dropout_l2,10,90,289,0.0013729039346799254,0.0009856107644736767
mlp_3x128_gelu_dropout_l2,10,90,290,0.0013691490748897195,0.0009746591676957905
mlp_3x128_gelu_dropout_l2,10,90,291,0.0013723175507038832,0.0009708873694762588
mlp_3x128_gelu_dropout_l2,10,90,292,0.0013745619216933846,0.0009771062759682536
mlp_3x128_gelu_dropout_l2,10,90,293,0.0013752062804996967,0.0010022737551480532
mlp_3x128_gelu_dropout_l2,10,90,294,0.0013796249404549599,0.001003311132080853
mlp_3x128_gelu_dropout_l2,10,90,295,0.0013748935889452696,0.0009874652605503798
mlp_3x128_gelu_dropout_l2,10,90,296,0.001379973953589797,0.0009803372668102384
mlp_3x128_gelu_dropout_l2,10,90,297,0.001375762396492064,0.0010046641109511256
mlp_3x128_gelu_dropout_l2,10,90,298,0.0013716607354581356,0.0010038710897788405
mlp_3x128_gelu_dropout_l2,10,90,299,0.0013883801875635982,0.0010249691549688578
mlp_3x128_gelu_dropout_l2,10,90,300,0.0013798035215586424,0.0009946887148544192
mlp_3x128_gelu_dropout_l2,10,90,301,0.001373613951727748,0.0009931504027917981
mlp_3x128_gelu_dropout_l2,10,90,302,0.0013800591696053743,0.000993408146314323
mlp_3x128_gelu_dropout_l2,10,90,303,0.0013775351690128446,0.0009966935031116009
mlp_3x128_gelu_dropout_l2,10,90,304,0.00138287793379277,0.0010039748158305883
mlp_3x128_gelu_dropout_l2,10,90,305,0.0013711864594370127,0.000974668946582824
mlp_3x128_gelu_dropout_l2,10,90,306,0.001383082359097898,0.000998187460936606
mlp_3x128_gelu_dropout_l2,10,90,307,0.0013745040632784367,0.0010057240724563599
mlp_3x128_gelu_dropout_l2,10,90,308,0.0013812262332066894,0.000977049581706524
mlp_3x128_gelu_dropout_l2,10,90,309,0.0013751606456935406,0.000976967508904636
mlp_3x128_gelu_dropout_l2,10,90,310,0.0013812388060614467,0.001008622464723885
mlp_3x128_gelu_dropout_l2,10,90,311,0.001377762877382338,0.0010077095357701182
mlp_3x128_gelu_dropout_l2,10,90,312,0.0013863276690244675,0.001001493539661169
mlp_3x128_gelu_dropout_l2,10,90,313,0.0013762700837105513,0.0009876438416540623
mlp_3x128_gelu_dropout_l2,10,90,314,0.0013838309096172452,0.0009832755895331502
mlp_3x128_gelu_dropout_l2,10,90,315,0.0013826078502461314,0.0009986419463530183
mlp_3x128_gelu_dropout_l2,10,90,316,0.001402589725330472,0.0009704455733299255
mlp_3x128_gelu_dropout_l2,10,90,317,0.0013691338244825602,0.0009703422547318041
mlp_3x128_gelu_dropout_l2,10,90,318,0.0013694894732907414,0.0009670955478213727
mlp_3x128_gelu_dropout_l2,10,90,319,0.001367974909953773,0.000967531290370971
mlp_3x128_gelu_dropout_l2,10,90,320,0.0013671137858182192,0.0009699325310066342
mlp_3x128_gelu_dropout_l2,10,90,321,0.0013693055370822549,0.0009704891708679497
mlp_3x128_gelu_dropout_l2,10,90,322,0.0013723986921831965,0.0009870815556496382
mlp_3x128_gelu_dropout_l2,10,90,323,0.0013786547351628542,0.0010094279423356056
mlp_3x128_gelu_dropout_l2,10,90,324,0.0013811278622597456,0.0010070931166410446
mlp_3x128_gelu_dropout_l2,10,90,325,0.0013936907052993774,0.000973206595517695
mlp_3x128_gelu_dropout_l2,10,90,326,0.0013879493344575167,0.0009931504027917981
mlp_3x128_gelu_dropout_l2,10,90,327,0.0013765941839665174,0.0010070230346173048
mlp_3x128_gelu_dropout_l2,10,90,328,0.001386909163556993,0.0009885061299428344
mlp_3x128_gelu_dropout_l2,10,90,329,0.001376165309920907,0.0010170240420848131
mlp_3x128_gelu_dropout_l2,10,90,330,0.0013860923936590552,0.0009873996023088694
mlp_3x128_gelu_dropout_l2,10,90,331,0.0013757934793829918,0.0009786427253857255
mlp_3x128_gelu_dropout_l2,10,90,332,0.0013643767451867461,0.0009761835681274533
mlp_3x128_gelu_dropout_l2,10,90,333,0.0013726484030485153,0.000960737350396812
mlp_3x128_gelu_dropout_l2,10,90,334,0.0013701865682378411,0.0009656368056312203
mlp_3x128_gelu_dropout_l2,10,90,335,0.001368017285130918,0.0009620134369470179
mlp_3x128_gelu_dropout_l2,10,90,336,0.0013701115967705846,0.0009689994039945304
mlp_3x128_gelu_dropout_l2,10,90,337,0.0013717677211388946,0.0009802366839721799
mlp_3x128_gelu_dropout_l2,10,90,338,0.0013726488687098026,0.0009940199088305235
mlp_3x128_gelu_dropout_l2,10,90,339,0.0013780425069853663,0.0010082722874358296
mlp_3x128_gelu_dropout_l2,10,90,340,0.0013869821559637785,0.001004705554805696
mlp_3x128_gelu_dropout_l2,10,90,341,0.0013901125639677048,0.0009555340511724353
mlp_3x128_gelu_dropout_l2,10,90,342,0.0013827555812895298,0.0009502464672550559
mlp_3x128_gelu_dropout_l2,10,90,343,0.0013803292531520128,0.0009696065681055188
mlp_3x128_gelu_dropout_l2,10,90,344,0.001371766091324389,0.0009739938541315496
mlp_3x128_gelu_dropout_l2,10,90,345,0.001375504769384861,0.0009724735282361507
mlp_3x128_gelu_dropout_l2,10,90,346,0.0013693089131265879,0.0009782480774447322
mlp_3x128_gelu_dropout_l2,10,90,347,0.001367816235870123,0.0009718843502923846
mlp_3x128_gelu_dropout_l2,10,90,348,0.0013764873147010803,0.0010030354605987668
mlp_3x128_gelu_dropout_l2,10,90,349,0.0013864656211808324,0.0009937416762113571
mlp_3x128_gelu_dropout_l2,10,90,350,0.0013864219654351473,0.0009745804709382355
mlp_3x128_gelu_dropout_l2,10,90,351,0.001374224666506052,0.0009685299010016024
mlp_3x128_gelu_dropout_l2,10,90,352,0.0013734367676079273,0.0009942443575710058
mlp_3x128_gelu_dropout_l2,10,90,353,0.0013756874250248075,0.0010011947015300393
mlp_3x128_gelu_dropout_l2,10,90,354,0.001386991934850812,0.0009995187865570188
mlp_3x128_gelu_dropout_l2,10,90,355,0.0013872140552848577,0.0010272795334458351
mlp_3x128_gelu_dropout_l2,10,90,356,0.001369478995911777,0.000978153315372765
mlp_3x128_gelu_dropout_l2,10,90,357,0.0013862953055649996,0.0009846861939877272
mlp_3x128_gelu_dropout_l2,10,90,358,0.001368535915389657,0.0009686485282145441
mlp_3x128_gelu_dropout_l2,10,90,359,0.0013770215446129441,0.0009712012251839042
mlp_3x128_gelu_dropout_l2,10,90,360,0.0013685600133612752,0.0009671059669926763
mlp_3x128_gelu_dropout_l2,10,90,361,0.0013721907744184136,0.00098595698364079
mlp_3x128_gelu_dropout_l2,10,90,362,0.0013709422200918198,0.0010181633988395333
mlp_3x128_gelu_dropout_l2,10,90,363,0.001379799679853022,0.0009867005283012986
mlp_3x128_gelu_dropout_l2,10,90,364,0.001371866906993091,0.000980761949904263
mlp_3x128_gelu_dropout_l2,10,90,365,0.001379549503326416,0.0009537194273434579
mlp_3x128_gelu_dropout_l2,10,90,366,0.0013884595828130841,0.0009749341988936067
mlp_3x128_gelu_dropout_l2,10,90,367,0.0013875896111130714,0.0009647637489251792
mlp_3x128_gelu_dropout_l2,10,90,368,0.0013784002512693405,0.000971837667748332
mlp_3x128_gelu_dropout_l2,10,90,369,0.0013689729385077953,0.0009693828760646284
mlp_3x128_gelu_dropout_l2,10,90,370,0.0013671342749148607,0.0009702040697447956
mlp_3x128_gelu_dropout_l2,10,90,371,0.0013687548926100135,0.0009648263221606612
mlp_3x128_gelu_dropout_l2,10,90,372,0.001370355486869812,0.0009706082637421787
mlp_3x128_gelu_dropout_l2,10,90,373,0.0013738955603912473,0.0009963965276256204
mlp_3x128_gelu_dropout_l2,10,90,374,0.0013858764432370663,0.0009917288552969694
mlp_3x128_gelu_dropout_l2,10,90,375,0.001398072810843587,0.0009969769744202495
mlp_3x128_gelu_dropout_l2,10,90,376,0.0013823877088725567,0.000968803302384913
mlp_3x128_gelu_dropout_l2,10,90,377,0.0013817157596349716,0.0009951137471944094
mlp_3x128_gelu_dropout_l2,10,90,378,0.001366545562632382,0.0010233467910438776
mlp_3x128_gelu_dropout_l2,10,90,379,0.001381031470373273,0.0009652639273554087
mlp_3x128_gelu_dropout_l2,10,90,380,0.0013659943360835314,0.001016234396956861
mlp_3x128_gelu_dropout_l2,10,90,381,0.0013705887831747532,0.0009715502965264022
mlp_3x128_gelu_dropout_l2,10,90,382,0.0013724836753681302,0.0009755574865266681
mlp_3x128_gelu_dropout_l2,10,90,383,0.0013729844940826297,0.0009798455284908414
mlp_3x128_gelu_dropout_l2,10,90,384,0.00137707544490695,0.0010236076777800918
mlp_3x128_gelu_dropout_l2,10,90,385,0.0013803821057081223,0.0009741556132212281
mlp_3x128_gelu_dropout_l2,10,90,386,0.0013743493473157287,0.0009811283089220524
mlp_3x128_gelu_dropout_l2,10,90,387,0.001389809767715633,0.0009848806075751781
mlp_3x128_gelu_dropout_l2,10,90,388,0.0013833014527335763,0.0009784377180039883
mlp_3x128_gelu_dropout_l2,10,90,389,0.001379287103191018,0.0009783796267583966
mlp_3x128_gelu_dropout_l2,10,90,390,0.001370142330415547,0.0009648310951888561
mlp_3x128_gelu_dropout_l2,10,90,391,0.0013729400234296918,0.0009713443578220904
mlp_3x128_gelu_dropout_l2,10,90,392,0.0013738347915932536,0.0010004614014178514
mlp_3x128_gelu_dropout_l2,10,90,393,0.0013740776339545846,0.0010091224685311317
mlp_3x128_gelu_dropout_l2,10,90,394,0.001386886346153915,0.0010199279058724642
mlp_3x128_gelu_dropout_l2,10,90,395,0.0013751303777098656,0.0009666778496466577
mlp_3x128_gelu_dropout_l2,10,90,396,0.0013805904891341925,0.0009972142288461328
mlp_3x128_gelu_dropout_l2,10,90,397,0.0013880293117836118,0.0010163253173232079
mlp_3x128_gelu_dropout_l2,10,90,398,0.0013974959729239345,0.0009821054991334677
mlp_3x128_gelu_dropout_l2,10,90,399,0.0013658740790560842,0.0009771388722583652
mlp_3x128_gelu_dropout_l2,10,90,400,0.0013752903323620558,0.0009579003672115505
mlp_3x128_gelu_dropout_l2,10,90,401,0.0013716226676478982,0.0009711221209727228
mlp_3x128_gelu_dropout_l2,10,90,402,0.001372613594867289,0.0009770955657586455
mlp_3x128_gelu_dropout_l2,10,90,403,0.0013698518741875887,0.0009681228548288345
mlp_3x128_gelu_dropout_l2,10,90,404,0.0013719518901780248,0.000978467520326376
mlp_3x128_gelu_dropout_l2,10,90,405,0.0013782327296212316,0.0009828293696045876
mlp_3x128_gelu_dropout_l2,10,90,406,0.001379782916046679,0.0010110825533047318
mlp_3x128_gelu_dropout_l2,10,90,407,0.0013965843245387077,0.0009758058586157858
mlp_3x128_gelu_dropout_l2,10,90,408,0.0013754417886957526,0.0009769201278686523
mlp_3x128_gelu_dropout_l2,10,90,409,0.0013877201126888394,0.000978953787125647
mlp_3x128_gelu_dropout_l2,10,90,410,0.001370278187096119,0.001008613151498139
mlp_3x128_gelu_dropout_l2,10,90,411,0.0014026815770193934,0.0010106248082593083
mlp_3x128_gelu_dropout_l2,10,90,412,0.0013703700387850404,0.0009986944496631622
mlp_3x128_gelu_dropout_l2,10,90,413,0.001389970420859754,0.0009737139916978776
mlp_3x128_gelu_dropout_l2,10,90,414,0.0013747061602771282,0.0009657726041041315
mlp_3x128_gelu_dropout_l2,10,90,415,0.0013679080875590444,0.0009812421631067991
mlp_3x128_gelu_dropout_l2,10,90,416,0.001367909018881619,0.0009783467976376414
mlp_3x128_gelu_dropout_l2,10,90,417,0.0013695169473066926,0.0010101937223225832
mlp_3x128_gelu_dropout_l2,10,90,418,0.001376452622935176,0.0009966765064746141
mlp_3x128_gelu_dropout_l2,10,90,419,0.00137404166162014,0.0009695860790088773
mlp_3x128_gelu_dropout_l2,10,90,420,0.0013865751679986715,0.0010015445295721292
mlp_3x128_gelu_dropout_l2,10,90,421,0.0013837048318237066,0.0009974529966711998
mlp_3x128_gelu_dropout_l2,10,90,422,0.001370096462778747,0.0009882670128718019
mlp_3x128_gelu_dropout_l2,10,90,423,0.0013808124931529164,0.0010000388137996197
mlp_3x128_gelu_dropout_l2,10,90,424,0.001378592918626964,0.0009810163173824549
mlp_3x128_gelu_dropout_l2,10,90,425,0.001412697834894061,0.0009774663485586643
mlp_3x128_gelu_dropout_l2,10,90,426,0.0013832880649715662,0.0009853729279711843
mlp_3x128_gelu_dropout_l2,10,90,427,0.0013694000663235784,0.0009679169743321836
mlp_3x128_gelu_dropout_l2,10,90,428,0.001373399281874299,0.000968909589573741
mlp_3x128_gelu_dropout_l2,10,90,429,0.0013697647955268621,0.0009722750983200967
mlp_3x128_gelu_dropout_l2,10,90,430,0.0013646888546645641,0.000983527977950871
mlp_3x128_gelu_dropout_l2,10,90,431,0.0013693778309971094,0.0009774165228009224
mlp_3x128_gelu_dropout_l2,10,90,432,0.001374610816128552,0.0009842750150710344
mlp_3x128_gelu_dropout_l2,10,90,433,0.001379240071401,0.0009973030537366867
mlp_3x128_gelu_dropout_l2,10,90,434,0.0013776562409475446,0.0009727374417707324
mlp_3x128_gelu_dropout_l2,10,90,435,0.0013737411936745048,0.0009715125779621303
mlp_3x128_gelu_dropout_l2,10,90,436,0.0013701990246772766,0.0009938296861946583
mlp_3x128_gelu_dropout_l2,10,90,437,0.001372571918182075,0.001017708913423121
mlp_3x128_gelu_dropout_l2,10,90,438,0.001380976289510727,0.000976123905275017
mlp_3x128_gelu_dropout_l2,10,90,439,0.001375514199025929,0.0009832294890657067
mlp_3x128_gelu_dropout_l2,10,90,440,0.001376484171487391,0.0009716711938381195
mlp_3x128_gelu_dropout_l2,10,90,441,0.0013678796822205186,0.0009745380957610905
mlp_3x128_gelu_dropout_l2,10,90,442,0.0013664531288668513,0.0009679594659246504
mlp_3x128_gelu_dropout_l2,10,90,443,0.0013690991327166557,0.0009909148793667555
mlp_3x128_gelu_dropout_l2,10,90,444,0.0013787226052954793,0.0010029225377365947
mlp_3x128_gelu_dropout_l2,10,90,445,0.0013907564571127295,0.000995532376691699
mlp_3x128_gelu_dropout_l2,10,90,446,0.0013829353265464306,0.0010017419699579477
mlp_3x128_gelu_dropout_l2,10,90,447,0.0013746212935075164,0.0009830053895711899
mlp_3x128_gelu_dropout_l2,10,90,448,0.001375362859107554,0.0009493338293395936
mlp_3x128_gelu_dropout_l2,10,90,449,0.0013658329844474792,0.0009643631055951118
mlp_3x128_gelu_dropout_l2,10,90,450,0.001372410450130701,0.0009808688191697001
mlp_3x128_gelu_dropout_l2,10,90,451,0.0013729908969253302,0.000987851875834167
mlp_3x128_gelu_dropout_l2,10,90,452,0.0013721358263865113,0.0010054486338049173
mlp_3x128_gelu_dropout_l2,10,90,453,0.00137663958594203,0.0010221956763416529
mlp_3x128_gelu_dropout_l2,10,90,454,0.0013866646913811564,0.0009750063763931394
mlp_3x128_gelu_dropout_l2,10,90,455,0.0013753237435594201,0.0009597577154636383
mlp_3x128_gelu_dropout_l2,10,90,456,0.0013833114644512534,0.000970924214925617
mlp_3x128_gelu_dropout_l2,10,90,457,0.0013733638916164637,0.000988905900157988
mlp_3x128_gelu_dropout_l2,10,90,458,0.0013803018955513835,0.0009751536417752504
mlp_3x128_gelu_dropout_l2,10,90,459,0.0013740545837208629,0.00100491673219949
mlp_3x128_gelu_dropout_l2,10,90,460,0.0013891278067603707,0.0009889552602544427
mlp_3x128_gelu_dropout_l2,10,90,461,0.0013702919241040945,0.0009839487029239535
mlp_3x128_gelu_dropout_l2,10,90,462,0.0013965364778414369,0.0010020348709076643
mlp_3x128_gelu_dropout_l2,10,90,463,0.0013719011330977082,0.0009657645714469254
mlp_3x128_gelu_dropout_l2,10,90,464,0.001371774123981595,0.0009649293497204781
mlp_3x128_gelu_dropout_l2,10,90,465,0.0013701088028028607,0.0009793706703931093
mlp_3x128_gelu_dropout_l2,10,90,466,0.001371254911646247,0.0009722653776407242
mlp_3x128_gelu_dropout_l2,10,90,467,0.0013688997132703662,0.0009763637208379805
mlp_3x128_gelu_dropout_l2,10,90,468,0.0013742317678406835,0.001014451845549047
mlp_3x128_gelu_dropout_l2,10,90,469,0.0013756246771663427,0.0009555001161061227
mlp_3x128_gelu_dropout_l2,10,90,470,0.001384503091685474,0.0009738295921124518
mlp_3x128_gelu_dropout_l2,10,90,471,0.0013896215241402388,0.0009542834595777094
mlp_3x128_gelu_dropout_l2,10,90,472,0.0013819904997944832,0.0009799681138247252
mlp_3x128_gelu_dropout_l2,10,90,473,0.001371970633044839,0.0009996943408623338
mlp_3x128_gelu_dropout_l2,10,90,474,0.0013823123881593347,0.0009794116485863924
mlp_3x128_gelu_dropout_l2,10,90,475,0.001369304838590324,0.0010158789809793234
mlp_3x128_gelu_dropout_l2,10,90,476,0.0013761648442596197,0.000997466966509819
mlp_3x128_gelu_dropout_l2,10,90,477,0.0013651479966938496,0.0009581674821674824
mlp_3x128_gelu_dropout_l2,10,90,478,0.0013814371777698398,0.0009641285287216306
mlp_3x128_gelu_dropout_l2,10,90,479,0.0013730897335335612,0.0010226465528830886
mlp_3x128_gelu_dropout_l2,10,90,480,0.0013907091924920678,0.0009759087115526199
mlp_3x128_gelu_dropout_l2,10,90,481,0.0013700450072064996,0.0010059121996164322
mlp_3x128_gelu_dropout_l2,10,90,482,0.001393627841025591,0.0009668766870163381
mlp_3x128_gelu_dropout_l2,10,90,483,0.00137133221141994,0.0010188090382143855
mlp_3x128_gelu_dropout_l2,10,90,484,0.0013767961645498872,0.0010231569176539779
mlp_3x128_gelu_dropout_l2,10,90,485,0.0013805635971948504,0.0009919703006744385
mlp_3x128_gelu_dropout_l2,10,90,486,0.001373310456983745,0.0009946165373548865
mlp_3x128_gelu_dropout_l2,10,90,487,0.001368694007396698,0.0009665858815424144
mlp_3x128_gelu_dropout_l2,10,90,488,0.0013730888022109866,0.000970534747466445
mlp_3x128_gelu_dropout_l2,10,90,489,0.0013698359252884984,0.0009948194492608309
mlp_3x128_gelu_dropout_l2,10,90,490,0.0013750011567026377,0.001013289438560605
mlp_3x128_gelu_dropout_l2,10,90,491,0.0013802956091240048,0.0010029037948697805
mlp_3x128_gelu_dropout_l2,10,90,492,0.0013802730245515704,0.0009545961511321366
mlp_3x128_gelu_dropout_l2,10,90,493,0.00139614287763834,0.0010004972573369741
mlp_3x128_gelu_dropout_l2,10,90,494,0.0013809860683977604,0.000984241021797061
mlp_3x128_gelu_dropout_l2,10,90,495,0.001375718042254448,0.0009754023049026728
mlp_3x128_gelu_dropout_l2,10,90,496,0.0013673584908246994,0.0009750918252393603
mlp_3x128_gelu_dropout_l2,10,90,497,0.0013710048515349627,0.0009684537071734667
mlp_3x128_gelu_dropout_l2,10,90,498,0.0013748302590101957,0.0009948061779141426
mlp_3x128_gelu_dropout_l2,10,90,499,0.0013758594868704677,0.0009721095557324588
mlp_3x128_gelu_dropout_l2,10,90,500,0.0013706798199564219,0.000955474388319999
mlp_3x128_gelu_dropout_l2,30,1,1,0.14021773636341095,0.06300367414951324
mlp_3x128_gelu_dropout_l2,30,1,2,0.06207568198442459,0.048979658633470535
mlp_3x128_gelu_dropout_l2,30,1,3,0.0509602315723896,0.04297465831041336
mlp_3x128_gelu_dropout_l2,30,1,4,0.04482132941484451,0.038583677262067795
mlp_3x128_gelu_dropout_l2,30,1,5,0.040335554629564285,0.03464772179722786
mlp_3x128_gelu_dropout_l2,30,1,6,0.03645478934049606,0.03109477274119854
mlp_3x128_gelu_dropout_l2,30,1,7,0.03297749534249306,0.028071200475096703
mlp_3x128_gelu_dropout_l2,30,1,8,0.029860863462090492,0.025203555822372437
mlp_3x128_gelu_dropout_l2,30,1,9,0.02710839733481407,0.022739751264452934
mlp_3x128_gelu_dropout_l2,30,1,10,0.024728180840611458,0.020599324256181717
mlp_3x128_gelu_dropout_l2,30,1,11,0.02264825627207756,0.018780363723635674
mlp_3x128_gelu_dropout_l2,30,1,12,0.02089640684425831,0.017266210168600082
mlp_3x128_gelu_dropout_l2,30,1,13,0.019454114139080048,0.0160292387008667
mlp_3x128_gelu_dropout_l2,30,1,14,0.018247680738568306,0.014977360144257545
mlp_3x128_gelu_dropout_l2,30,1,15,0.017247527837753296,0.014116110280156136
mlp_3x128_gelu_dropout_l2,30,1,16,0.016413722187280655,0.013384218327701092
mlp_3x128_gelu_dropout_l2,30,1,17,0.01571815274655819,0.012778837233781815
mlp_3x128_gelu_dropout_l2,30,1,18,0.015128436498343945,0.012273499742150307
mlp_3x128_gelu_dropout_l2,30,1,19,0.014630611054599285,0.011851459741592407
mlp_3x128_gelu_dropout_l2,30,1,20,0.014201611280441284,0.011503280140459538
mlp_3x128_gelu_dropout_l2,30,1,21,0.013842418789863586,0.011207597330212593
mlp_3x128_gelu_dropout_l2,30,1,22,0.013541799038648605,0.010958602651953697
mlp_3x128_gelu_dropout_l2,30,1,23,0.013262743130326271,0.010769140906631947
mlp_3x128_gelu_dropout_l2,30,1,24,0.013032067567110062,0.010624037124216557
mlp_3x128_gelu_dropout_l2,30,1,25,0.012847589328885078,0.010476765222847462
mlp_3x128_gelu_dropout_l2,30,1,26,0.012687576934695244,0.010389064438641071
mlp_3x128_gelu_dropout_l2,30,1,27,0.012553419917821884,0.010255004279315472
mlp_3x128_gelu_dropout_l2,30,1,28,0.01242070086300373,0.010216002352535725
mlp_3x128_gelu_dropout_l2,30,1,29,0.012319760397076607,0.01014041155576706
mlp_3x128_gelu_dropout_l2,30,1,30,0.012228067964315414,0.010167518630623817
mlp_3x128_gelu_dropout_l2,30,1,31,0.012160854414105415,0.010106108151376247
mlp_3x128_gelu_dropout_l2,30,1,32,0.012100879102945328,0.010017854161560535
mlp_3x128_gelu_dropout_l2,30,1,33,0.012026564218103886,0.010060069151222706
mlp_3x128_gelu_dropout_l2,30,1,34,0.011970873922109604,0.01005717646330595
mlp_3x128_gelu_dropout_l2,30,1,35,0.011967239901423454,0.010043414309620857
mlp_3x128_gelu_dropout_l2,30,1,36,0.01189910527318716,0.010007726028561592
mlp_3x128_gelu_dropout_l2,30,1,37,0.011879715137183666,0.009990309365093708
mlp_3x128_gelu_dropout_l2,30,1,38,0.011850534938275814,0.01000164169818163
mlp_3x128_gelu_dropout_l2,30,1,39,0.01180183608084917,0.009910233318805695
mlp_3x128_gelu_dropout_l2,30,1,40,0.011771735735237598,0.009947837330400944
mlp_3x128_gelu_dropout_l2,30,1,41,0.011767701245844364,0.009966831654310226
mlp_3x128_gelu_dropout_l2,30,1,42,0.011757869273424149,0.009978000074625015
mlp_3x128_gelu_dropout_l2,30,1,43,0.011699424125254154,0.010019879788160324
mlp_3x128_gelu_dropout_l2,30,1,44,0.011729110963642597,0.009981910698115826
mlp_3x128_gelu_dropout_l2,30,1,45,0.011709041893482208,0.009981985203921795
mlp_3x128_gelu_dropout_l2,30,1,46,0.011664844118058681,0.010061776265501976
mlp_3x128_gelu_dropout_l2,30,1,47,0.011670163832604885,0.009998769499361515
mlp_3x128_gelu_dropout_l2,30,1,48,0.011649088002741337,0.01008104719221592
mlp_3x128_gelu_dropout_l2,30,1,49,0.011640559881925583,0.009965915232896805
mlp_3x128_gelu_dropout_l2,30,1,50,0.011656016111373901,0.01010193396359682
mlp_3x128_gelu_dropout_l2,30,1,51,0.011617152951657772,0.010058273561298847
mlp_3x128_gelu_dropout_l2,30,1,52,0.01163196936249733,0.01010290440171957
mlp_3x128_gelu_dropout_l2,30,1,53,0.01161931548267603,0.010110036469995975
mlp_3x128_gelu_dropout_l2,30,1,54,0.011641227640211582,0.01003521028906107
mlp_3x128_gelu_dropout_l2,30,1,55,0.011620493605732918,0.01005636341869831
mlp_3x128_gelu_dropout_l2,30,1,56,0.011575322598218918,0.010107088834047318
mlp_3x128_gelu_dropout_l2,30,1,57,0.011628584004938602,0.010049283504486084
mlp_3x128_gelu_dropout_l2,30,1,58,0.011576196178793907,0.010097935795783997
mlp_3x128_gelu_dropout_l2,30,1,59,0.011583073064684868,0.010128378868103027
mlp_3x128_gelu_dropout_l2,30,1,60,0.01158730499446392,0.010145067237317562
mlp_3x128_gelu_dropout_l2,30,1,61,0.01161215454339981,0.010106618516147137
mlp_3x128_gelu_dropout_l2,30,1,62,0.011563720181584358,0.010242274962365627
mlp_3x128_gelu_dropout_l2,30,1,63,0.01157530490309,0.010170364752411842
mlp_3x128_gelu_dropout_l2,30,1,64,0.01155623234808445,0.010092919692397118
mlp_3x128_gelu_dropout_l2,30,1,65,0.011581296101212502,0.010088766925036907
mlp_3x128_gelu_dropout_l2,30,1,66,0.01157745998352766,0.010134431533515453
mlp_3x128_gelu_dropout_l2,30,1,67,0.011577853932976723,0.010145940817892551
mlp_3x128_gelu_dropout_l2,30,1,68,0.011594626121222973,0.010149459354579449
mlp_3x128_gelu_dropout_l2,30,1,69,0.011549660004675388,0.010273388586938381
mlp_3x128_gelu_dropout_l2,30,1,70,0.01152823120355606,0.0100898751989007
mlp_3x128_gelu_dropout_l2,30,1,71,0.011528568342328072,0.010128959082067013
mlp_3x128_gelu_dropout_l2,30,1,72,0.011560720391571522,0.010176670737564564
mlp_3x128_gelu_dropout_l2,30,1,73,0.011603394523262978,0.0100879967212677
mlp_3x128_gelu_dropout_l2,30,1,74,0.011591612361371517,0.010060704313218594
mlp_3x128_gelu_dropout_l2,30,1,75,0.01152325514703989,0.010175411589443684
mlp_3x128_gelu_dropout_l2,30,1,76,0.011522555723786354,0.010140346363186836
mlp_3x128_gelu_dropout_l2,30,1,77,0.0115360077470541,0.010260608978569508
mlp_3x128_gelu_dropout_l2,30,1,78,0.011564014479517937,0.010200103744864464
mlp_3x128_gelu_dropout_l2,30,1,79,0.011492520570755005,0.010139631107449532
mlp_3x128_gelu_dropout_l2,30,1,80,0.011495579034090042,0.010214037261903286
mlp_3x128_gelu_dropout_l2,30,1,81,0.011449170298874378,0.010283472016453743
mlp_3x128_gelu_dropout_l2,30,1,82,0.011555200442671776,0.010321635752916336
mlp_3x128_gelu_dropout_l2,30,1,83,0.011570391245186329,0.010136374272406101
mlp_3x128_gelu_dropout_l2,30,1,84,0.011546141467988491,0.010283192619681358
mlp_3x128_gelu_dropout_l2,30,1,85,0.011517866514623165,0.010188630782067776
mlp_3x128_gelu_dropout_l2,30,1,86,0.011542447842657566,0.010239622555673122
mlp_3x128_gelu_dropout_l2,30,1,87,0.011462826281785965,0.010133588686585426
mlp_3x128_gelu_dropout_l2,30,1,88,0.011467142961919308,0.010216549970209599
mlp_3x128_gelu_dropout_l2,30,1,89,0.011461205780506134,0.010261170566082
mlp_3x128_gelu_dropout_l2,30,1,90,0.011539655737578869,0.010159401223063469
mlp_3x128_gelu_dropout_l2,30,1,91,0.011542534455657005,0.010213746689260006
mlp_3x128_gelu_dropout_l2,30,1,92,0.011477723717689514,0.010138016194105148
mlp_3x128_gelu_dropout_l2,30,1,93,0.011425820179283619,0.01022106409072876
mlp_3x128_gelu_dropout_l2,30,1,94,0.01147481519728899,0.010124771855771542
mlp_3x128_gelu_dropout_l2,30,1,95,0.011485286056995392,0.01018053200095892
mlp_3x128_gelu_dropout_l2,30,1,96,0.011508258059620857,0.010182755999267101
mlp_3x128_gelu_dropout_l2,30,1,97,0.011508761905133724,0.010184546932578087
mlp_3x128_gelu_dropout_l2,30,1,98,0.01155188586562872,0.010301297530531883
mlp_3x128_gelu_dropout_l2,30,1,99,0.011536619625985622,0.010228990577161312
mlp_3x128_gelu_dropout_l2,30,1,100,0.011594612151384354,0.01014686468988657
mlp_3x128_gelu_dropout_l2,30,1,101,0.011628472246229649,0.010137123055756092
mlp_3x128_gelu_dropout_l2,30,1,102,0.011679202318191528,0.010490992106497288
mlp_3x128_gelu_dropout_l2,30,1,103,0.011588279157876968,0.010215063579380512
mlp_3x128_gelu_dropout_l2,30,1,104,0.01149010844528675,0.010186813771724701
mlp_3x128_gelu_dropout_l2,30,1,105,0.011449585668742657,0.01020235288888216
mlp_3x128_gelu_dropout_l2,30,1,106,0.011480153538286686,0.010219006799161434
mlp_3x128_gelu_dropout_l2,30,1,107,0.011498987674713135,0.01015730481594801
mlp_3x128_gelu_dropout_l2,30,1,108,0.011467503383755684,0.010212992317974567
mlp_3x128_gelu_dropout_l2,30,1,109,0.011447716504335403,0.010184266604483128
mlp_3x128_gelu_dropout_l2,30,1,110,0.011502725072205067,0.010171601548790932
mlp_3x128_gelu_dropout_l2,30,1,111,0.011444183066487312,0.010184379294514656
mlp_3x128_gelu_dropout_l2,30,1,112,0.011447218246757984,0.01011667586863041
mlp_3x128_gelu_dropout_l2,30,1,113,0.011426529847085476,0.010299870744347572
mlp_3x128_gelu_dropout_l2,30,1,114,0.01147587038576603,0.010181887075304985
mlp_3x128_gelu_dropout_l2,30,1,115,0.01144859567284584,0.010158210061490536
mlp_3x128_gelu_dropout_l2,30,1,116,0.011450721882283688,0.010196726769208908
mlp_3x128_gelu_dropout_l2,30,1,117,0.01144713256508112,0.010223775170743465
mlp_3x128_gelu_dropout_l2,30,1,118,0.011476444080471992,0.010222270153462887
mlp_3x128_gelu_dropout_l2,30,1,119,0.011467871256172657,0.010280485264956951
mlp_3x128_gelu_dropout_l2,30,1,120,0.011477048508822918,0.010197040624916553
mlp_3x128_gelu_dropout_l2,30,1,121,0.011486169882118702,0.010165215469896793
mlp_3x128_gelu_dropout_l2,30,1,122,0.011460341513156891,0.010248561389744282
mlp_3x128_gelu_dropout_l2,30,1,123,0.011436522006988525,0.010232700034976006
mlp_3x128_gelu_dropout_l2,30,1,124,0.011416452936828136,0.010265619494020939
mlp_3x128_gelu_dropout_l2,30,1,125,0.011468867771327496,0.010262471623718739
mlp_3x128_gelu_dropout_l2,30,1,126,0.011459123343229294,0.010304662398993969
mlp_3x128_gelu_dropout_l2,30,1,127,0.011484559625387192,0.010194885544478893
mlp_3x128_gelu_dropout_l2,30,1,128,0.011463231407105923,0.010280937887728214
mlp_3x128_gelu_dropout_l2,30,1,129,0.01148899644613266,0.01027880422770977
mlp_3x128_gelu_dropout_l2,30,1,130,0.011447405442595482,0.01029091514647007
mlp_3x128_gelu_dropout_l2,30,1,131,0.011436299420893192,0.010232429020106792
mlp_3x128_gelu_dropout_l2,30,1,132,0.011492048390209675,0.010177004151046276
mlp_3x128_gelu_dropout_l2,30,1,133,0.011444639414548874,0.010271611623466015
mlp_3x128_gelu_dropout_l2,30,1,134,0.011462150141596794,0.010365263558924198
mlp_3x128_gelu_dropout_l2,30,1,135,0.0114498445764184,0.010242233984172344
mlp_3x128_gelu_dropout_l2,30,1,136,0.011433410458266735,0.010265775956213474
mlp_3x128_gelu_dropout_l2,30,1,137,0.011420486494898796,0.010252438485622406
mlp_3x128_gelu_dropout_l2,30,1,138,0.011487151496112347,0.010235672816634178
mlp_3x128_gelu_dropout_l2,30,1,139,0.011451032012701035,0.010213861241936684
mlp_3x128_gelu_dropout_l2,30,1,140,0.011427677236497402,0.010258416645228863
mlp_3x128_gelu_dropout_l2,30,1,141,0.011440634727478027,0.010277380235493183
mlp_3x128_gelu_dropout_l2,30,1,142,0.01145570445805788,0.010309369303286076
mlp_3x128_gelu_dropout_l2,30,1,143,0.011425523087382317,0.010209356434643269
mlp_3x128_gelu_dropout_l2,30,1,144,0.011428854428231716,0.010369991883635521
mlp_3x128_gelu_dropout_l2,30,1,145,0.01145560946315527,0.010285508818924427
mlp_3x128_gelu_dropout_l2,30,1,146,0.011464848183095455,0.010397791862487793
mlp_3x128_gelu_dropout_l2,30,1,147,0.011445952579379082,0.010287761688232422
mlp_3x128_gelu_dropout_l2,30,1,148,0.01143732201308012,0.010300611145794392
mlp_3x128_gelu_dropout_l2,30,1,149,0.011439389549195766,0.010337961837649345
mlp_3x128_gelu_dropout_l2,30,1,150,0.011411994695663452,0.010357517749071121
mlp_3x128_gelu_dropout_l2,30,1,151,0.011450585909187794,0.01042813342064619
mlp_3x128_gelu_dropout_l2,30,1,152,0.01151466928422451,0.010380066931247711
mlp_3x128_gelu_dropout_l2,30,1,153,0.011478007771074772,0.010284507647156715
mlp_3x128_gelu_dropout_l2,30,1,154,0.011494633741676807,0.010323201306164265
mlp_3x128_gelu_dropout_l2,30,1,155,0.011476663872599602,0.010385106317698956
mlp_3x128_gelu_dropout_l2,30,1,156,0.011494030244648457,0.01048183161765337
mlp_3x128_gelu_dropout_l2,30,1,157,0.011541652493178844,0.010557751171290874
mlp_3x128_gelu_dropout_l2,30,1,158,0.011510398238897324,0.010357656516134739
mlp_3x128_gelu_dropout_l2,30,1,159,0.011490588076412678,0.010254847817122936
mlp_3x128_gelu_dropout_l2,30,1,160,0.011526399292051792,0.010266562923789024
mlp_3x128_gelu_dropout_l2,30,1,161,0.01148092932999134,0.010347619652748108
mlp_3x128_gelu_dropout_l2,30,1,162,0.011474807746708393,0.01029776968061924
mlp_3x128_gelu_dropout_l2,30,1,163,0.011411650106310844,0.010241394862532616
mlp_3x128_gelu_dropout_l2,30,1,164,0.011445367708802223,0.010258451104164124
mlp_3x128_gelu_dropout_l2,30,1,165,0.011395709589123726,0.010240618139505386
mlp_3x128_gelu_dropout_l2,30,1,166,0.011383586563169956,0.010247432626783848
mlp_3x128_gelu_dropout_l2,30,1,167,0.011402709409594536,0.010275227949023247
mlp_3x128_gelu_dropout_l2,30,1,168,0.01139894500374794,0.010237768292427063
mlp_3x128_gelu_dropout_l2,30,1,169,0.011430392041802406,0.010360515676438808
mlp_3x128_gelu_dropout_l2,30,1,170,0.011425922624766827,0.010265913791954517
mlp_3x128_gelu_dropout_l2,30,1,171,0.011435535736382008,0.010331675410270691
mlp_3x128_gelu_dropout_l2,30,1,172,0.011442317627370358,0.010350774973630905
mlp_3x128_gelu_dropout_l2,30,1,173,0.011407074518501759,0.01027215551584959
mlp_3x128_gelu_dropout_l2,30,1,174,0.011420142836868763,0.010384746827185154
mlp_3x128_gelu_dropout_l2,30,1,175,0.011450841091573238,0.010269764810800552
mlp_3x128_gelu_dropout_l2,30,1,176,0.01142112072557211,0.010219443589448929
mlp_3x128_gelu_dropout_l2,30,1,177,0.011438323184847832,0.010312454774975777
mlp_3x128_gelu_dropout_l2,30,1,178,0.011436653323471546,0.010266317054629326
mlp_3x128_gelu_dropout_l2,30,1,179,0.011397055350244045,0.01027677208185196
mlp_3x128_gelu_dropout_l2,30,1,180,0.011409846134483814,0.010300889611244202
mlp_3x128_gelu_dropout_l2,30,1,181,0.011420770548284054,0.010284803807735443
mlp_3x128_gelu_dropout_l2,30,1,182,0.011392256245017052,0.010291870683431625
mlp_3x128_gelu_dropout_l2,30,1,183,0.011379364877939224,0.01026058103889227
mlp_3x128_gelu_dropout_l2,30,1,184,0.011395467445254326,0.010225175879895687
mlp_3x128_gelu_dropout_l2,30,1,185,0.01143072359263897,0.010229416191577911
mlp_3x128_gelu_dropout_l2,30,1,186,0.011440410278737545,0.01030239649116993
mlp_3x128_gelu_dropout_l2,30,1,187,0.011433719657361507,0.01028435118496418
mlp_3x128_gelu_dropout_l2,30,1,188,0.011408412829041481,0.010264021344482899
mlp_3x128_gelu_dropout_l2,30,1,189,0.011408078484237194,0.010267399251461029
mlp_3x128_gelu_dropout_l2,30,1,190,0.01141347736120224,0.010259876027703285
mlp_3x128_gelu_dropout_l2,30,1,191,0.011448490433394909,0.010258368216454983
mlp_3x128_gelu_dropout_l2,30,1,192,0.011453750543296337,0.010338668711483479
mlp_3x128_gelu_dropout_l2,30,1,193,0.011430999264121056,0.010276206769049168
mlp_3x128_gelu_dropout_l2,30,1,194,0.011441855691373348,0.010368804447352886
mlp_3x128_gelu_dropout_l2,30,1,195,0.01142166368663311,0.010295537300407887
mlp_3x128_gelu_dropout_l2,30,1,196,0.01144008245319128,0.01042699534446001
mlp_3x128_gelu_dropout_l2,30,1,197,0.011456090956926346,0.010490195825695992
mlp_3x128_gelu_dropout_l2,30,1,198,0.011510512791574001,0.010449704714119434
mlp_3x128_gelu_dropout_l2,30,1,199,0.011496072635054588,0.010323635302484035
mlp_3x128_gelu_dropout_l2,30,1,200,0.011507304385304451,0.01039227657020092
mlp_3x128_gelu_dropout_l2,30,1,201,0.011541323736310005,0.010303146205842495
mlp_3x128_gelu_dropout_l2,30,1,202,0.011486551724374294,0.010419486090540886
mlp_3x128_gelu_dropout_l2,30,1,203,0.011478704400360584,0.010407710447907448
mlp_3x128_gelu_dropout_l2,30,1,204,0.011456185020506382,0.010380059480667114
mlp_3x128_gelu_dropout_l2,30,1,205,0.011469844728708267,0.010247379541397095
mlp_3x128_gelu_dropout_l2,30,1,206,0.011420774273574352,0.010294072329998016
mlp_3x128_gelu_dropout_l2,30,1,207,0.011445024982094765,0.01029951125383377
mlp_3x128_gelu_dropout_l2,30,1,208,0.011410783044993877,0.010264009237289429
mlp_3x128_gelu_dropout_l2,30,1,209,0.011411534622311592,0.010237114503979683
mlp_3x128_gelu_dropout_l2,30,1,210,0.011408725753426552,0.010299763642251492
mlp_3x128_gelu_dropout_l2,30,1,211,0.011376495473086834,0.010239657014608383
mlp_3x128_gelu_dropout_l2,30,1,212,0.01137698907405138,0.010246881283819675
mlp_3x128_gelu_dropout_l2,30,1,213,0.011407359503209591,0.01036163978278637
mlp_3x128_gelu_dropout_l2,30,1,214,0.011387077160179615,0.01029293704777956
mlp_3x128_gelu_dropout_l2,30,1,215,0.011401974596083164,0.010223720222711563
mlp_3x128_gelu_dropout_l2,30,1,216,0.011387158185243607,0.010346190072596073
mlp_3x128_gelu_dropout_l2,30,1,217,0.011353038251399994,0.010371740907430649
mlp_3x128_gelu_dropout_l2,30,1,218,0.011427192017436028,0.010242070071399212
mlp_3x128_gelu_dropout_l2,30,1,219,0.011424081400036812,0.010266220197081566
mlp_3x128_gelu_dropout_l2,30,1,220,0.011428800411522388,0.010286015458405018
mlp_3x128_gelu_dropout_l2,30,1,221,0.01142673660069704,0.010269952937960625
mlp_3x128_gelu_dropout_l2,30,1,222,0.011354713700711727,0.010259339585900307
mlp_3x128_gelu_dropout_l2,30,1,223,0.011393219232559204,0.010336541570723057
mlp_3x128_gelu_dropout_l2,30,1,224,0.011350544169545174,0.01023969054222107
mlp_3x128_gelu_dropout_l2,30,1,225,0.011395711451768875,0.010321910493075848
mlp_3x128_gelu_dropout_l2,30,1,226,0.011390868574380875,0.01042201742529869
mlp_3x128_gelu_dropout_l2,30,1,227,0.011417482048273087,0.010423692874610424
mlp_3x128_gelu_dropout_l2,30,1,228,0.011398160830140114,0.010267919860780239
mlp_3x128_gelu_dropout_l2,30,1,229,0.011397547088563442,0.01036334689706564
mlp_3x128_gelu_dropout_l2,30,1,230,0.011396072804927826,0.01026780717074871
mlp_3x128_gelu_dropout_l2,30,1,231,0.01141608227044344,0.010278860107064247
mlp_3x128_gelu_dropout_l2,30,1,232,0.011430426500737667,0.010374749079346657
mlp_3x128_gelu_dropout_l2,30,1,233,0.011423968710005283,0.010332733392715454
mlp_3x128_gelu_dropout_l2,30,1,234,0.011411654762923717,0.010296150110661983
mlp_3x128_gelu_dropout_l2,30,1,235,0.011455941945314407,0.010382925160229206
mlp_3x128_gelu_dropout_l2,30,1,236,0.011439526453614235,0.010383554734289646
mlp_3x128_gelu_dropout_l2,30,1,237,0.011459477245807648,0.010381561703979969
mlp_3x128_gelu_dropout_l2,30,1,238,0.011497484520077705,0.010313267819583416
mlp_3x128_gelu_dropout_l2,30,1,239,0.011489149183034897,0.010418032296001911
mlp_3x128_gelu_dropout_l2,30,1,240,0.011394204571843147,0.01030030008405447
mlp_3x128_gelu_dropout_l2,30,1,241,0.011402069590985775,0.010344825685024261
mlp_3x128_gelu_dropout_l2,30,1,242,0.01140600349754095,0.01036892831325531
mlp_3x128_gelu_dropout_l2,30,1,243,0.011461799964308739,0.01034440565854311
mlp_3x128_gelu_dropout_l2,30,1,244,0.011446136981248856,0.010313834063708782
mlp_3x128_gelu_dropout_l2,30,1,245,0.01138563733547926,0.010362252593040466
mlp_3x128_gelu_dropout_l2,30,1,246,0.01140229869633913,0.010345233604311943
mlp_3x128_gelu_dropout_l2,30,1,247,0.01143220067024231,0.010676573030650616
mlp_3x128_gelu_dropout_l2,30,1,248,0.011406002566218376,0.010317174717783928
mlp_3x128_gelu_dropout_l2,30,1,249,0.011453078128397465,0.010382608510553837
mlp_3x128_gelu_dropout_l2,30,1,250,0.011422178708016872,0.010329918004572392
mlp_3x128_gelu_dropout_l2,30,1,251,0.011409194208681583,0.010246610268950462
mlp_3x128_gelu_dropout_l2,30,1,252,0.011385745368897915,0.010318418964743614
mlp_3x128_gelu_dropout_l2,30,1,253,0.011404793709516525,0.010357744060456753
mlp_3x128_gelu_dropout_l2,30,1,254,0.011425972916185856,0.01034441590309143
mlp_3x128_gelu_dropout_l2,30,1,255,0.011466830968856812,0.010425356216728687
mlp_3x128_gelu_dropout_l2,30,1,256,0.01146224420517683,0.010340765118598938
mlp_3x128_gelu_dropout_l2,30,1,257,0.011417371220886707,0.010376041755080223
mlp_3x128_gelu_dropout_l2,30,1,258,0.01146658044308424,0.010291201993823051
mlp_3x128_gelu_dropout_l2,30,1,259,0.011466517113149166,0.01048668846487999
mlp_3x128_gelu_dropout_l2,30,1,260,0.011431075632572174,0.01046554371714592
mlp_3x128_gelu_dropout_l2,30,1,261,0.011404691264033318,0.01039216760545969
mlp_3x128_gelu_dropout_l2,30,1,262,0.01144078467041254,0.010340604931116104
mlp_3x128_gelu_dropout_l2,30,1,263,0.011389516294002533,0.010245339013636112
mlp_3x128_gelu_dropout_l2,30,1,264,0.011406801640987396,0.010282901115715504
mlp_3x128_gelu_dropout_l2,30,1,265,0.01140346098691225,0.010336632840335369
mlp_3x128_gelu_dropout_l2,30,1,266,0.011378650553524494,0.010374103672802448
mlp_3x128_gelu_dropout_l2,30,1,267,0.011395622976124287,0.010303894057869911
mlp_3x128_gelu_dropout_l2,30,1,268,0.011438061483204365,0.010335154831409454
mlp_3x128_gelu_dropout_l2,30,1,269,0.011395025067031384,0.010244841687381268
mlp_3x128_gelu_dropout_l2,30,1,270,0.011421102099120617,0.010444728657603264
mlp_3x128_gelu_dropout_l2,30,1,271,0.01139641273766756,0.010378413833677769
mlp_3x128_gelu_dropout_l2,30,1,272,0.011399918235838413,0.010369760915637016
mlp_3x128_gelu_dropout_l2,30,1,273,0.011455053463578224,0.010333956219255924
mlp_3x128_gelu_dropout_l2,30,1,274,0.011442340910434723,0.010336712002754211
mlp_3x128_gelu_dropout_l2,30,1,275,0.011408081278204918,0.010301143862307072
mlp_3x128_gelu_dropout_l2,30,1,276,0.011424729600548744,0.010328346863389015
mlp_3x128_gelu_dropout_l2,30,1,277,0.011393176391720772,0.010374203324317932
mlp_3x128_gelu_dropout_l2,30,1,278,0.01143643632531166,0.01041335891932249
mlp_3x128_gelu_dropout_l2,30,1,279,0.011407904326915741,0.010393989272415638
mlp_3x128_gelu_dropout_l2,30,1,280,0.011423453688621521,0.010286243632435799
mlp_3x128_gelu_dropout_l2,30,1,281,0.011452959850430489,0.010292308405041695
mlp_3x128_gelu_dropout_l2,30,1,282,0.011433924548327923,0.01036143023520708
mlp_3x128_gelu_dropout_l2,30,1,283,0.01140702236443758,0.01038717944175005
mlp_3x128_gelu_dropout_l2,30,1,284,0.01139634009450674,0.010372089222073555
mlp_3x128_gelu_dropout_l2,30,1,285,0.011372276581823826,0.010289582423865795
mlp_3x128_gelu_dropout_l2,30,1,286,0.011385597288608551,0.010306848213076591
mlp_3x128_gelu_dropout_l2,30,1,287,0.011369885876774788,0.010261542163789272
mlp_3x128_gelu_dropout_l2,30,1,288,0.011406168341636658,0.010353892110288143
mlp_3x128_gelu_dropout_l2,30,1,289,0.011424334719777107,0.010296674445271492
mlp_3x128_gelu_dropout_l2,30,1,290,0.011416987515985966,0.01041245274245739
mlp_3x128_gelu_dropout_l2,30,1,291,0.011448066681623459,0.010444171726703644
mlp_3x128_gelu_dropout_l2,30,1,292,0.011449183337390423,0.01039920374751091
mlp_3x128_gelu_dropout_l2,30,1,293,0.011448687873780727,0.010333389975130558
mlp_3x128_gelu_dropout_l2,30,1,294,0.011451685801148415,0.01033411081880331
mlp_3x128_gelu_dropout_l2,30,1,295,0.011418570764362812,0.010360759682953358
mlp_3x128_gelu_dropout_l2,30,1,296,0.011423740535974503,0.010569227859377861
mlp_3x128_gelu_dropout_l2,30,1,297,0.011435695923864841,0.010371530428528786
mlp_3x128_gelu_dropout_l2,30,1,298,0.011403429321944714,0.010281344875693321
mlp_3x128_gelu_dropout_l2,30,1,299,0.011379309929907322,0.010274027474224567
mlp_3x128_gelu_dropout_l2,30,1,300,0.011412866413593292,0.01040307991206646
mlp_3x128_gelu_dropout_l2,30,1,301,0.011436248198151588,0.010382567532360554
mlp_3x128_gelu_dropout_l2,30,1,302,0.011453106068074703,0.010495911352336407
mlp_3x128_gelu_dropout_l2,30,1,303,0.011470380239188671,0.010367374867200851
mlp_3x128_gelu_dropout_l2,30,1,304,0.011473926715552807,0.010282805189490318
mlp_3x128_gelu_dropout_l2,30,1,305,0.011440606787800789,0.010417784564197063
mlp_3x128_gelu_dropout_l2,30,1,306,0.011427877470850945,0.010403899475932121
mlp_3x128_gelu_dropout_l2,30,1,307,0.011408176273107529,0.010470012202858925
mlp_3x128_gelu_dropout_l2,30,1,308,0.01141070481389761,0.010338382795453072
mlp_3x128_gelu_dropout_l2,30,1,309,0.011391852051019669,0.010283675976097584
mlp_3x128_gelu_dropout_l2,30,1,310,0.01139036938548088,0.010296314023435116
mlp_3x128_gelu_dropout_l2,30,1,311,0.011433672159910202,0.010300264693796635
mlp_3x128_gelu_dropout_l2,30,1,312,0.011431275866925716,0.010392928496003151
mlp_3x128_gelu_dropout_l2,30,1,313,0.011409847997128963,0.010334483347833157
mlp_3x128_gelu_dropout_l2,30,1,314,0.011421827599406242,0.010333019308745861
mlp_3x128_gelu_dropout_l2,30,1,315,0.011426201090216637,0.010309823788702488
mlp_3x128_gelu_dropout_l2,30,1,316,0.011390485800802708,0.010288200341165066
mlp_3x128_gelu_dropout_l2,30,1,317,0.011409305036067963,0.010357948951423168
mlp_3x128_gelu_dropout_l2,30,1,318,0.011432316154241562,0.01037218514829874
mlp_3x128_gelu_dropout_l2,30,1,319,0.011420662514865398,0.0102989561855793
mlp_3x128_gelu_dropout_l2,30,1,320,0.011379288509488106,0.010401412844657898
mlp_3x128_gelu_dropout_l2,30,1,321,0.011389642022550106,0.010454544797539711
mlp_3x128_gelu_dropout_l2,30,1,322,0.011386098340153694,0.010336597450077534
mlp_3x128_gelu_dropout_l2,30,1,323,0.011406620033085346,0.01028730534017086
mlp_3x128_gelu_dropout_l2,30,1,324,0.011407192796468735,0.010343302972614765
mlp_3x128_gelu_dropout_l2,30,1,325,0.011392343789339066,0.010255214758217335
mlp_3x128_gelu_dropout_l2,30,1,326,0.011355794966220856,0.010309253819286823
mlp_3x128_gelu_dropout_l2,30,1,327,0.011374964378774166,0.010395052842795849
mlp_3x128_gelu_dropout_l2,30,1,328,0.011486517265439034,0.010420423932373524
mlp_3x128_gelu_dropout_l2,30,1,329,0.011423462070524693,0.010330107994377613
mlp_3x128_gelu_dropout_l2,30,1,330,0.01145857758820057,0.010324797593057156
mlp_3x128_gelu_dropout_l2,30,1,331,0.011403560638427734,0.010318314656615257
mlp_3x128_gelu_dropout_l2,30,1,332,0.011491863057017326,0.010319996625185013
mlp_3x128_gelu_dropout_l2,30,1,333,0.01143752783536911,0.010320527479052544
mlp_3x128_gelu_dropout_l2,30,1,334,0.011406020261347294,0.010336074978113174
mlp_3x128_gelu_dropout_l2,30,1,335,0.011418052949011326,0.010440624319016933
mlp_3x128_gelu_dropout_l2,30,1,336,0.011423096060752869,0.0104331960901618
mlp_3x128_gelu_dropout_l2,30,1,337,0.011395935900509357,0.010458329692482948
mlp_3x128_gelu_dropout_l2,30,1,338,0.011401505209505558,0.010271108709275723
mlp_3x128_gelu_dropout_l2,30,1,339,0.011397150345146656,0.0102500906214118
mlp_3x128_gelu_dropout_l2,30,1,340,0.011370924301445484,0.010286296717822552
mlp_3x128_gelu_dropout_l2,30,1,341,0.011363607831299305,0.010270549915730953
mlp_3x128_gelu_dropout_l2,30,1,342,0.011419836431741714,0.010365031659603119
mlp_3x128_gelu_dropout_l2,30,1,343,0.011421002447605133,0.010480361059308052
mlp_3x128_gelu_dropout_l2,30,1,344,0.011444779112935066,0.010426747612655163
mlp_3x128_gelu_dropout_l2,30,1,345,0.011463319882750511,0.010232053697109222
mlp_3x128_gelu_dropout_l2,30,1,346,0.011480958200991154,0.010403654538094997
mlp_3x128_gelu_dropout_l2,30,1,347,0.011471292935311794,0.010261999443173409
mlp_3x128_gelu_dropout_l2,30,1,348,0.011432098224759102,0.010393999516963959
mlp_3x128_gelu_dropout_l2,30,1,349,0.011411602608859539,0.010533010587096214
mlp_3x128_gelu_dropout_l2,30,1,350,0.011417082510888577,0.010492293164134026
mlp_3x128_gelu_dropout_l2,30,1,351,0.011407203041017056,0.010308442637324333
mlp_3x128_gelu_dropout_l2,30,1,352,0.011420432478189468,0.010297712869942188
mlp_3x128_gelu_dropout_l2,30,1,353,0.01137124840170145,0.010238665156066418
mlp_3x128_gelu_dropout_l2,30,1,354,0.011393316090106964,0.010458484292030334
mlp_3x128_gelu_dropout_l2,30,1,355,0.011407270096242428,0.010382157750427723
mlp_3x128_gelu_dropout_l2,30,1,356,0.01146074291318655,0.010394152253866196
mlp_3x128_gelu_dropout_l2,30,1,357,0.011433104984462261,0.010394595563411713
mlp_3x128_gelu_dropout_l2,30,1,358,0.01145229022949934,0.010295750573277473
mlp_3x128_gelu_dropout_l2,30,1,359,0.011413167230784893,0.010282265953719616
mlp_3x128_gelu_dropout_l2,30,1,360,0.011406711302697659,0.010327904485166073
mlp_3x128_gelu_dropout_l2,30,1,361,0.011400245130062103,0.01042484026402235
mlp_3x128_gelu_dropout_l2,30,1,362,0.011431780643761158,0.010483309626579285
mlp_3x128_gelu_dropout_l2,30,1,363,0.011465666815638542,0.010407108813524246
mlp_3x128_gelu_dropout_l2,30,1,364,0.011420945636928082,0.010259892791509628
mlp_3x128_gelu_dropout_l2,30,1,365,0.011406492441892624,0.010237419977784157
mlp_3x128_gelu_dropout_l2,30,1,366,0.011398838832974434,0.010316653177142143
mlp_3x128_gelu_dropout_l2,30,1,367,0.011380882002413273,0.010297141037881374
mlp_3x128_gelu_dropout_l2,30,1,368,0.011389384046196938,0.010347878560423851
mlp_3x128_gelu_dropout_l2,30,1,369,0.011422230862081051,0.010416197590529919
mlp_3x128_gelu_dropout_l2,30,1,370,0.011490901932120323,0.01032363809645176
mlp_3x128_gelu_dropout_l2,30,1,371,0.011402151547372341,0.01036505401134491
mlp_3x128_gelu_dropout_l2,30,1,372,0.011424306780099869,0.010292737744748592
mlp_3x128_gelu_dropout_l2,30,1,373,0.011423086747527122,0.010371805168688297
mlp_3x128_gelu_dropout_l2,30,1,374,0.011386679485440254,0.010477923788130283
mlp_3x128_gelu_dropout_l2,30,1,375,0.011428119614720345,0.010416824370622635
mlp_3x128_gelu_dropout_l2,30,1,376,0.01140841469168663,0.010357645340263844
mlp_3x128_gelu_dropout_l2,30,1,377,0.011390607804059982,0.010340768843889236
mlp_3x128_gelu_dropout_l2,30,1,378,0.011429988779127598,0.010323748923838139
mlp_3x128_gelu_dropout_l2,30,1,379,0.011409888043999672,0.010361975990235806
mlp_3x128_gelu_dropout_l2,30,1,380,0.01140277087688446,0.0104053420946002
mlp_3x128_gelu_dropout_l2,30,1,381,0.01139290165156126,0.010452410206198692
mlp_3x128_gelu_dropout_l2,30,1,382,0.011465800926089287,0.010310744866728783
mlp_3x128_gelu_dropout_l2,30,1,383,0.011416829191148281,0.010303597897291183
mlp_3x128_gelu_dropout_l2,30,1,384,0.011406299658119678,0.010386984795331955
mlp_3x128_gelu_dropout_l2,30,1,385,0.011385674588382244,0.010297681204974651
mlp_3x128_gelu_dropout_l2,30,1,386,0.011401057243347168,0.010433191433548927
mlp_3x128_gelu_dropout_l2,30,1,387,0.01140112616121769,0.010335261933505535
mlp_3x128_gelu_dropout_l2,30,1,388,0.01135196816176176,0.010240239091217518
mlp_3x128_gelu_dropout_l2,30,1,389,0.011360866948962212,0.010310566984117031
mlp_3x128_gelu_dropout_l2,30,1,390,0.011409985832870007,0.010278238914906979
mlp_3x128_gelu_dropout_l2,30,1,391,0.011426719836890697,0.010279231704771519
mlp_3x128_gelu_dropout_l2,30,1,392,0.011376769281923771,0.010310905985534191
mlp_3x128_gelu_dropout_l2,30,1,393,0.011397791095077991,0.010374464094638824
mlp_3x128_gelu_dropout_l2,30,1,394,0.011422337032854557,0.010340457782149315
mlp_3x128_gelu_dropout_l2,30,1,395,0.011430119164288044,0.010335700586438179
mlp_3x128_gelu_dropout_l2,30,1,396,0.01140198577195406,0.01023770309984684
mlp_3x128_gelu_dropout_l2,30,1,397,0.011433135718107224,0.010364234447479248
mlp_3x128_gelu_dropout_l2,30,1,398,0.011418713256716728,0.01034739799797535
mlp_3x128_gelu_dropout_l2,30,1,399,0.011385188437998295,0.010485260747373104
mlp_3x128_gelu_dropout_l2,30,1,400,0.011426106095314026,0.01039120089262724
mlp_3x128_gelu_dropout_l2,30,1,401,0.011395069770514965,0.010280787013471127
mlp_3x128_gelu_dropout_l2,30,1,402,0.01139048021286726,0.010325107723474503
mlp_3x128_gelu_dropout_l2,30,1,403,0.011432134546339512,0.010296079330146313
mlp_3x128_gelu_dropout_l2,30,1,404,0.011360813863575459,0.010322689078748226
mlp_3x128_gelu_dropout_l2,30,1,405,0.011418698355555534,0.01030375063419342
mlp_3x128_gelu_dropout_l2,30,1,406,0.011395887471735477,0.010497452691197395
mlp_3x128_gelu_dropout_l2,30,1,407,0.011435392312705517,0.010401304811239243
mlp_3x128_gelu_dropout_l2,30,1,408,0.011469322256743908,0.010390790179371834
mlp_3x128_gelu_dropout_l2,30,1,409,0.011408546939492226,0.010333110578358173
mlp_3x128_gelu_dropout_l2,30,1,410,0.011471654288470745,0.010242714546620846
mlp_3x128_gelu_dropout_l2,30,1,411,0.011475375853478909,0.010387533344328403
mlp_3x128_gelu_dropout_l2,30,1,412,0.011416777037084103,0.01043709646910429
mlp_3x128_gelu_dropout_l2,30,1,413,0.011400734074413776,0.010342632420361042
mlp_3x128_gelu_dropout_l2,30,1,414,0.011362404562532902,0.010311284102499485
mlp_3x128_gelu_dropout_l2,30,1,415,0.011372994631528854,0.010326243005692959
mlp_3x128_gelu_dropout_l2,30,1,416,0.011370495893061161,0.01029727142304182
mlp_3x128_gelu_dropout_l2,30,1,417,0.01139382179826498,0.010372722521424294
mlp_3x128_gelu_dropout_l2,30,1,418,0.011423250660300255,0.010295836254954338
mlp_3x128_gelu_dropout_l2,30,1,419,0.01143546961247921,0.01028659101575613
mlp_3x128_gelu_dropout_l2,30,1,420,0.011411817744374275,0.010321462526917458
mlp_3x128_gelu_dropout_l2,30,1,421,0.011380446143448353,0.010257910005748272
mlp_3x128_gelu_dropout_l2,30,1,422,0.011400806717574596,0.010333514772355556
mlp_3x128_gelu_dropout_l2,30,1,423,0.01138993352651596,0.010472807101905346
mlp_3x128_gelu_dropout_l2,30,1,424,0.011396637186408043,0.010268241167068481
mlp_3x128_gelu_dropout_l2,30,1,425,0.011414951644837856,0.01042867824435234
mlp_3x128_gelu_dropout_l2,30,1,426,0.011420797556638718,0.010323116555809975
mlp_3x128_gelu_dropout_l2,30,1,427,0.011379193514585495,0.010272436775267124
mlp_3x128_gelu_dropout_l2,30,1,428,0.01139103714376688,0.010339921340346336
mlp_3x128_gelu_dropout_l2,30,1,429,0.011404188349843025,0.010293081402778625
mlp_3x128_gelu_dropout_l2,30,1,430,0.01139882579445839,0.010482273995876312
mlp_3x128_gelu_dropout_l2,30,1,431,0.011438633315265179,0.010416600853204727
mlp_3x128_gelu_dropout_l2,30,1,432,0.011449308134615421,0.010448943823575974
mlp_3x128_gelu_dropout_l2,30,1,433,0.01148680318146944,0.010325515642762184
mlp_3x128_gelu_dropout_l2,30,1,434,0.01145921554416418,0.01031662430614233
mlp_3x128_gelu_dropout_l2,30,1,435,0.011433709412813187,0.010487714782357216
mlp_3x128_gelu_dropout_l2,30,1,436,0.011391537263989449,0.010395980440080166
mlp_3x128_gelu_dropout_l2,30,1,437,0.011423671618103981,0.010369296185672283
mlp_3x128_gelu_dropout_l2,30,1,438,0.011386390775442123,0.010301121510565281
mlp_3x128_gelu_dropout_l2,30,1,439,0.011373000219464302,0.01027368102222681
mlp_3x128_gelu_dropout_l2,30,1,440,0.011397227644920349,0.010333635844290257
mlp_3x128_gelu_dropout_l2,30,1,441,0.011401941068470478,0.010228211060166359
mlp_3x128_gelu_dropout_l2,30,1,442,0.01143241673707962,0.010287195444107056
mlp_3x128_gelu_dropout_l2,30,1,443,0.011414268054068089,0.010291934944689274
mlp_3x128_gelu_dropout_l2,30,1,444,0.011405938304960728,0.01038376335054636
mlp_3x128_gelu_dropout_l2,30,1,445,0.0113741559907794,0.010437820106744766
mlp_3x128_gelu_dropout_l2,30,1,446,0.011342369951307774,0.010349677875638008
mlp_3x128_gelu_dropout_l2,30,1,447,0.011350787244737148,0.010383350774645805
mlp_3x128_gelu_dropout_l2,30,1,448,0.011412572115659714,0.010287173092365265
mlp_3x128_gelu_dropout_l2,30,1,449,0.01140446774661541,0.010319957509636879
mlp_3x128_gelu_dropout_l2,30,1,450,0.011396505869925022,0.010267871432006359
mlp_3x128_gelu_dropout_l2,30,1,451,0.011389115825295448,0.010386331006884575
mlp_3x128_gelu_dropout_l2,30,1,452,0.011414764449000359,0.01029383484274149
mlp_3x128_gelu_dropout_l2,30,1,453,0.011398492380976677,0.010369165800511837
mlp_3x128_gelu_dropout_l2,30,1,454,0.011425159871578217,0.01026987750083208
mlp_3x128_gelu_dropout_l2,30,1,455,0.01143377274274826,0.010284299962222576
mlp_3x128_gelu_dropout_l2,30,1,456,0.011386414989829063,0.01032951008528471
mlp_3x128_gelu_dropout_l2,30,1,457,0.011386469937860966,0.010375426150858402
mlp_3x128_gelu_dropout_l2,30,1,458,0.011406314559280872,0.010288797318935394
mlp_3x128_gelu_dropout_l2,30,1,459,0.011406529694795609,0.01030150055885315
mlp_3x128_gelu_dropout_l2,30,1,460,0.011371000669896603,0.010408465750515461
mlp_3x128_gelu_dropout_l2,30,1,461,0.011370360851287842,0.010316655971109867
mlp_3x128_gelu_dropout_l2,30,1,462,0.011394485831260681,0.010273474268615246
mlp_3x128_gelu_dropout_l2,30,1,463,0.011363169178366661,0.010382469743490219
mlp_3x128_gelu_dropout_l2,30,1,464,0.01135508343577385,0.01029546931385994
mlp_3x128_gelu_dropout_l2,30,1,465,0.011340921744704247,0.010327979922294617
mlp_3x128_gelu_dropout_l2,30,1,466,0.011380273848772049,0.010241495445370674
mlp_3x128_gelu_dropout_l2,30,1,467,0.011397401802241802,0.010333972051739693
mlp_3x128_gelu_dropout_l2,30,1,468,0.011382509022951126,0.010265829041600227
mlp_3x128_gelu_dropout_l2,30,1,469,0.01139325276017189,0.010415012016892433
mlp_3x128_gelu_dropout_l2,30,1,470,0.011347783729434013,0.010351292788982391
mlp_3x128_gelu_dropout_l2,30,1,471,0.011419062502682209,0.010271250270307064
mlp_3x128_gelu_dropout_l2,30,1,472,0.011396070942282677,0.010338693857192993
mlp_3x128_gelu_dropout_l2,30,1,473,0.011422893032431602,0.010325968265533447
mlp_3x128_gelu_dropout_l2,30,1,474,0.011452519334852695,0.01043928787112236
mlp_3x128_gelu_dropout_l2,30,1,475,0.011429202742874622,0.010355812497437
mlp_3x128_gelu_dropout_l2,30,1,476,0.011456508189439774,0.01035115122795105
mlp_3x128_gelu_dropout_l2,30,1,477,0.011430083774030209,0.010259382426738739
mlp_3x128_gelu_dropout_l2,30,1,478,0.011410115286707878,0.010241947136819363
mlp_3x128_gelu_dropout_l2,30,1,479,0.011371983215212822,0.010331750847399235
mlp_3x128_gelu_dropout_l2,30,1,480,0.011418048292398453,0.010330606251955032
mlp_3x128_gelu_dropout_l2,30,1,481,0.011404916644096375,0.010491210967302322
mlp_3x128_gelu_dropout_l2,30,1,482,0.011418228037655354,0.010386202484369278
mlp_3x128_gelu_dropout_l2,30,1,483,0.011406966485083103,0.010435283184051514
mlp_3x128_gelu_dropout_l2,30,1,484,0.011404193006455898,0.010354799218475819
mlp_3x128_gelu_dropout_l2,30,1,485,0.011398699134588242,0.010247986763715744
mlp_3x128_gelu_dropout_l2,30,1,486,0.011349549517035484,0.010241272859275341
mlp_3x128_gelu_dropout_l2,30,1,487,0.011397838592529297,0.010315435007214546
mlp_3x128_gelu_dropout_l2,30,1,488,0.011434336192905903,0.010334736667573452
mlp_3x128_gelu_dropout_l2,30,1,489,0.011419853195548058,0.010457842610776424
mlp_3x128_gelu_dropout_l2,30,1,490,0.011416184715926647,0.010292482562363148
mlp_3x128_gelu_dropout_l2,30,1,491,0.011406118981540203,0.010354879312217236
mlp_3x128_gelu_dropout_l2,30,1,492,0.011392014101147652,0.010255014523863792
mlp_3x128_gelu_dropout_l2,30,1,493,0.011494666337966919,0.010377482511103153
mlp_3x128_gelu_dropout_l2,30,1,494,0.011430052109062672,0.010449301451444626
mlp_3x128_gelu_dropout_l2,30,1,495,0.01140307355672121,0.010406621731817722
mlp_3x128_gelu_dropout_l2,30,1,496,0.011335267685353756,0.010325607843697071
mlp_3x128_gelu_dropout_l2,30,1,497,0.011371700093150139,0.010337156243622303
mlp_3x128_gelu_dropout_l2,30,1,498,0.011417709290981293,0.0102882394567132
mlp_3x128_gelu_dropout_l2,30,1,499,0.011397777125239372,0.01032192911952734
mlp_3x128_gelu_dropout_l2,30,1,500,0.01141899824142456,0.010448385030031204
mlp_3x128_gelu_dropout_l2,30,5,1,0.13900040090084076,0.06092409789562225
mlp_3x128_gelu_dropout_l2,30,5,2,0.05859341472387314,0.04568450152873993
mlp_3x128_gelu_dropout_l2,30,5,3,0.04609304293990135,0.038627371191978455
mlp_3x128_gelu_dropout_l2,30,5,4,0.039362210780382156,0.033922307193279266
mlp_3x128_gelu_dropout_l2,30,5,5,0.0348285473883152,0.030256981030106544
mlp_3x128_gelu_dropout_l2,30,5,6,0.03102327138185501,0.026900451630353928
mlp_3x128_gelu_dropout_l2,30,5,7,0.027566835284233093,0.023845169693231583
mlp_3x128_gelu_dropout_l2,30,5,8,0.024504302069544792,0.021053003147244453
mlp_3x128_gelu_dropout_l2,30,5,9,0.021738748997449875,0.018539441749453545
mlp_3x128_gelu_dropout_l2,30,5,10,0.019253866747021675,0.01644735597074032
mlp_3x128_gelu_dropout_l2,30,5,11,0.01716604270040989,0.014633970335125923
mlp_3x128_gelu_dropout_l2,30,5,12,0.015396999195218086,0.013094572350382805
mlp_3x128_gelu_dropout_l2,30,5,13,0.013952329754829407,0.011841505765914917
mlp_3x128_gelu_dropout_l2,30,5,14,0.012752021662890911,0.010839718393981457
mlp_3x128_gelu_dropout_l2,30,5,15,0.011763096787035465,0.009989120066165924
mlp_3x128_gelu_dropout_l2,30,5,16,0.010943456552922726,0.009246984496712685
mlp_3x128_gelu_dropout_l2,30,5,17,0.010249757207930088,0.008625946007668972
mlp_3x128_gelu_dropout_l2,30,5,18,0.009654507040977478,0.00809452123939991
mlp_3x128_gelu_dropout_l2,30,5,19,0.009148051962256432,0.007616453338414431
mlp_3x128_gelu_dropout_l2,30,5,20,0.00870389025658369,0.00720621133223176
mlp_3x128_gelu_dropout_l2,30,5,21,0.008320759981870651,0.006846993695944548
mlp_3x128_gelu_dropout_l2,30,5,22,0.007976413704454899,0.006530450191348791
mlp_3x128_gelu_dropout_l2,30,5,23,0.007678082212805748,0.0062564401887357235
mlp_3x128_gelu_dropout_l2,30,5,24,0.007414673920720816,0.006008167751133442
mlp_3x128_gelu_dropout_l2,30,5,25,0.007182181812822819,0.005791439209133387
mlp_3x128_gelu_dropout_l2,30,5,26,0.006972318049520254,0.005597041919827461
mlp_3x128_gelu_dropout_l2,30,5,27,0.006791478022933006,0.005430544260889292
mlp_3x128_gelu_dropout_l2,30,5,28,0.006630913820117712,0.005275751929730177
mlp_3x128_gelu_dropout_l2,30,5,29,0.006482037715613842,0.00514353159815073
mlp_3x128_gelu_dropout_l2,30,5,30,0.006354042794555426,0.005022862460464239
mlp_3x128_gelu_dropout_l2,30,5,31,0.006244230084121227,0.004926834721118212
mlp_3x128_gelu_dropout_l2,30,5,32,0.006144572515040636,0.004836139269173145
mlp_3x128_gelu_dropout_l2,30,5,33,0.006058322265744209,0.004754153545945883
mlp_3x128_gelu_dropout_l2,30,5,34,0.005983593408018351,0.0046823835000395775
mlp_3x128_gelu_dropout_l2,30,5,35,0.005917645525187254,0.004622763022780418
mlp_3x128_gelu_dropout_l2,30,5,36,0.005859216675162315,0.00457925396040082
mlp_3x128_gelu_dropout_l2,30,5,37,0.0058072698302567005,0.004539350513368845
mlp_3x128_gelu_dropout_l2,30,5,38,0.00576099893078208,0.0045060222037136555
mlp_3x128_gelu_dropout_l2,30,5,39,0.005725196562707424,0.0044722780585289
mlp_3x128_gelu_dropout_l2,30,5,40,0.005692550912499428,0.00444931210950017
mlp_3x128_gelu_dropout_l2,30,5,41,0.00566574651747942,0.00442632008343935
mlp_3x128_gelu_dropout_l2,30,5,42,0.005639220587909222,0.0044138478115201
mlp_3x128_gelu_dropout_l2,30,5,43,0.005623588804155588,0.004396074451506138
mlp_3x128_gelu_dropout_l2,30,5,44,0.005599559284746647,0.0043943170458078384
mlp_3x128_gelu_dropout_l2,30,5,45,0.005588204599916935,0.004382256884127855
mlp_3x128_gelu_dropout_l2,30,5,46,0.005575656425207853,0.004383317194879055
mlp_3x128_gelu_dropout_l2,30,5,47,0.005563355982303619,0.004379596095532179
mlp_3x128_gelu_dropout_l2,30,5,48,0.005549258086830378,0.004381542094051838
mlp_3x128_gelu_dropout_l2,30,5,49,0.0055503943003714085,0.004377457313239574
mlp_3x128_gelu_dropout_l2,30,5,50,0.005546980537474155,0.004372990224510431
mlp_3x128_gelu_dropout_l2,30,5,51,0.005534227006137371,0.0043763709254562855
mlp_3x128_gelu_dropout_l2,30,5,52,0.005531975068151951,0.004370741080492735
mlp_3x128_gelu_dropout_l2,30,5,53,0.005529086571186781,0.0043793609365820885
mlp_3x128_gelu_dropout_l2,30,5,54,0.005526650231331587,0.004389614332467318
mlp_3x128_gelu_dropout_l2,30,5,55,0.00552303297445178,0.00436275964602828
mlp_3x128_gelu_dropout_l2,30,5,56,0.0055120764300227165,0.004381289705634117
mlp_3x128_gelu_dropout_l2,30,5,57,0.005511586554348469,0.004391118884086609
mlp_3x128_gelu_dropout_l2,30,5,58,0.005513792857527733,0.004383874125778675
mlp_3x128_gelu_dropout_l2,30,5,59,0.005505203735083342,0.0043981075286865234
mlp_3x128_gelu_dropout_l2,30,5,60,0.005507951136678457,0.0044014835730195045
mlp_3x128_gelu_dropout_l2,30,5,61,0.005501983221620321,0.00441446527838707
mlp_3x128_gelu_dropout_l2,30,5,62,0.005511959083378315,0.004413851071149111
mlp_3x128_gelu_dropout_l2,30,5,63,0.0055099306628108025,0.004412480629980564
mlp_3x128_gelu_dropout_l2,30,5,64,0.005509309470653534,0.004428972024470568
mlp_3x128_gelu_dropout_l2,30,5,65,0.005504143424332142,0.004452269058674574
mlp_3x128_gelu_dropout_l2,30,5,66,0.00550788315013051,0.00442843372002244
mlp_3x128_gelu_dropout_l2,30,5,67,0.0055022453889250755,0.004434038884937763
mlp_3x128_gelu_dropout_l2,30,5,68,0.0055030761286616325,0.004435719922184944
mlp_3x128_gelu_dropout_l2,30,5,69,0.005500082857906818,0.004448301158845425
mlp_3x128_gelu_dropout_l2,30,5,70,0.0055003990419209,0.004441015888005495
mlp_3x128_gelu_dropout_l2,30,5,71,0.005506389774382114,0.004439009819179773
mlp_3x128_gelu_dropout_l2,30,5,72,0.0055046165362000465,0.00445139454677701
mlp_3x128_gelu_dropout_l2,30,5,73,0.005501980893313885,0.0044736238196492195
mlp_3x128_gelu_dropout_l2,30,5,74,0.005499184597283602,0.004440722055733204
mlp_3x128_gelu_dropout_l2,30,5,75,0.005494586657732725,0.004476955160498619
mlp_3x128_gelu_dropout_l2,30,5,76,0.005503955762833357,0.004444995895028114
mlp_3x128_gelu_dropout_l2,30,5,77,0.005489447619765997,0.004444053862243891
mlp_3x128_gelu_dropout_l2,30,5,78,0.005492335185408592,0.004454688169062138
mlp_3x128_gelu_dropout_l2,30,5,79,0.005496822763234377,0.004477808251976967
mlp_3x128_gelu_dropout_l2,30,5,80,0.005499086808413267,0.004462847951799631
mlp_3x128_gelu_dropout_l2,30,5,81,0.005493017379194498,0.004476723726838827
mlp_3x128_gelu_dropout_l2,30,5,82,0.005488028284162283,0.004479638300836086
mlp_3x128_gelu_dropout_l2,30,5,83,0.005495777819305658,0.004475331399589777
mlp_3x128_gelu_dropout_l2,30,5,84,0.0054972791112959385,0.004451758693903685
mlp_3x128_gelu_dropout_l2,30,5,85,0.005491402931511402,0.004509182646870613
mlp_3x128_gelu_dropout_l2,30,5,86,0.005496012978255749,0.004480632022023201
mlp_3x128_gelu_dropout_l2,30,5,87,0.005484130699187517,0.004496351350098848
mlp_3x128_gelu_dropout_l2,30,5,88,0.005504613742232323,0.0044866339303553104
mlp_3x128_gelu_dropout_l2,30,5,89,0.005489547271281481,0.004490409046411514
mlp_3x128_gelu_dropout_l2,30,5,90,0.005488188937306404,0.004462765995413065
mlp_3x128_gelu_dropout_l2,30,5,91,0.00549720972776413,0.004478873685002327
mlp_3x128_gelu_dropout_l2,30,5,92,0.0054839132353663445,0.004471639636904001
mlp_3x128_gelu_dropout_l2,30,5,93,0.005474553909152746,0.004485217854380608
mlp_3x128_gelu_dropout_l2,30,5,94,0.005483276676386595,0.004466986749321222
mlp_3x128_gelu_dropout_l2,30,5,95,0.005493198987096548,0.004484071861952543
mlp_3x128_gelu_dropout_l2,30,5,96,0.005480686668306589,0.0044957674108445644
mlp_3x128_gelu_dropout_l2,30,5,97,0.005488988943397999,0.0045122019946575165
mlp_3x128_gelu_dropout_l2,30,5,98,0.005485781002789736,0.004536796361207962
mlp_3x128_gelu_dropout_l2,30,5,99,0.005482560954988003,0.004501380957663059
mlp_3x128_gelu_dropout_l2,30,5,100,0.005501532461494207,0.004502678755670786
mlp_3x128_gelu_dropout_l2,30,5,101,0.005514516960829496,0.00453418493270874
mlp_3x128_gelu_dropout_l2,30,5,102,0.005493991542607546,0.004535584710538387
mlp_3x128_gelu_dropout_l2,30,5,103,0.0055048177018761635,0.004518022295087576
mlp_3x128_gelu_dropout_l2,30,5,104,0.0055022225715219975,0.004516431130468845
mlp_3x128_gelu_dropout_l2,30,5,105,0.005518330726772547,0.00451075192540884
mlp_3x128_gelu_dropout_l2,30,5,106,0.005495215766131878,0.0045125349424779415
mlp_3x128_gelu_dropout_l2,30,5,107,0.0054986122995615005,0.004518765490502119
mlp_3x128_gelu_dropout_l2,30,5,108,0.00549905002117157,0.004503186326473951
mlp_3x128_gelu_dropout_l2,30,5,109,0.005468032788485289,0.0044903322122991085
mlp_3x128_gelu_dropout_l2,30,5,110,0.0054716141894459724,0.004501517862081528
mlp_3x128_gelu_dropout_l2,30,5,111,0.0054718987084925175,0.004493015818297863
mlp_3x128_gelu_dropout_l2,30,5,112,0.005484188906848431,0.0045196665450930595
mlp_3x128_gelu_dropout_l2,30,5,113,0.005478910636156797,0.004507770761847496
mlp_3x128_gelu_dropout_l2,30,5,114,0.005480643827468157,0.004526633303612471
mlp_3x128_gelu_dropout_l2,30,5,115,0.00547940656542778,0.004507020115852356
mlp_3x128_gelu_dropout_l2,30,5,116,0.005482138134539127,0.0045227124355733395
mlp_3x128_gelu_dropout_l2,30,5,117,0.005486174486577511,0.004534570965915918
mlp_3x128_gelu_dropout_l2,30,5,118,0.005465770605951548,0.004517202731221914
mlp_3x128_gelu_dropout_l2,30,5,119,0.0054699452593922615,0.004503733478486538
mlp_3x128_gelu_dropout_l2,30,5,120,0.005476017948240042,0.004514734260737896
mlp_3x128_gelu_dropout_l2,30,5,121,0.005473422817885876,0.004558453802019358
mlp_3x128_gelu_dropout_l2,30,5,122,0.005486497655510902,0.0045344531536102295
mlp_3x128_gelu_dropout_l2,30,5,123,0.005478164181113243,0.004503619857132435
mlp_3x128_gelu_dropout_l2,30,5,124,0.00547070475295186,0.004544489551335573
mlp_3x128_gelu_dropout_l2,30,5,125,0.005466188304126263,0.004555793479084969
mlp_3x128_gelu_dropout_l2,30,5,126,0.0054636262357234955,0.004577959887683392
mlp_3x128_gelu_dropout_l2,30,5,127,0.005462032742798328,0.004602121654897928
mlp_3x128_gelu_dropout_l2,30,5,128,0.005489582195878029,0.004555961582809687
mlp_3x128_gelu_dropout_l2,30,5,129,0.005489290226250887,0.004552335012704134
mlp_3x128_gelu_dropout_l2,30,5,130,0.0054643345065414906,0.004566490184515715
mlp_3x128_gelu_dropout_l2,30,5,131,0.005473815370351076,0.004580321256071329
mlp_3x128_gelu_dropout_l2,30,5,132,0.005473109427839518,0.004590277560055256
mlp_3x128_gelu_dropout_l2,30,5,133,0.005501885898411274,0.0045849354937672615
mlp_3x128_gelu_dropout_l2,30,5,134,0.005484048742800951,0.004584618378430605
mlp_3x128_gelu_dropout_l2,30,5,135,0.0054708500392735004,0.004586453083902597
mlp_3x128_gelu_dropout_l2,30,5,136,0.005475599318742752,0.004600535146892071
mlp_3x128_gelu_dropout_l2,30,5,137,0.005497538484632969,0.0045607308857142925
mlp_3x128_gelu_dropout_l2,30,5,138,0.005475846119225025,0.004587922710925341
mlp_3x128_gelu_dropout_l2,30,5,139,0.005491262301802635,0.004556920845061541
mlp_3x128_gelu_dropout_l2,30,5,140,0.00547881331294775,0.0045846002176404
mlp_3x128_gelu_dropout_l2,30,5,141,0.005501636769622564,0.00459702406078577
mlp_3x128_gelu_dropout_l2,30,5,142,0.005487190559506416,0.004583260510116816
mlp_3x128_gelu_dropout_l2,30,5,143,0.005495086777955294,0.0045789205469191074
mlp_3x128_gelu_dropout_l2,30,5,144,0.005471466109156609,0.0045552682131528854
mlp_3x128_gelu_dropout_l2,30,5,145,0.005472529213875532,0.004572579171508551
mlp_3x128_gelu_dropout_l2,30,5,146,0.005463301204144955,0.0045196558348834515
mlp_3x128_gelu_dropout_l2,30,5,147,0.005470332223922014,0.004546521697193384
mlp_3x128_gelu_dropout_l2,30,5,148,0.005448765587061644,0.004532642662525177
mlp_3x128_gelu_dropout_l2,30,5,149,0.00544984033331275,0.004533771425485611
mlp_3x128_gelu_dropout_l2,30,5,150,0.005453253630548716,0.004575247410684824
mlp_3x128_gelu_dropout_l2,30,5,151,0.005441715009510517,0.0045280009508132935
mlp_3x128_gelu_dropout_l2,30,5,152,0.005448935087770224,0.00454421853646636
mlp_3x128_gelu_dropout_l2,30,5,153,0.005449168849736452,0.004544148221611977
mlp_3x128_gelu_dropout_l2,30,5,154,0.005447105970233679,0.004562771413475275
mlp_3x128_gelu_dropout_l2,30,5,155,0.005458406638354063,0.0045456974767148495
mlp_3x128_gelu_dropout_l2,30,5,156,0.005474105477333069,0.00454966863617301
mlp_3x128_gelu_dropout_l2,30,5,157,0.0054716081358492374,0.004548886325210333
mlp_3x128_gelu_dropout_l2,30,5,158,0.005441789515316486,0.00453493557870388
mlp_3x128_gelu_dropout_l2,30,5,159,0.005465230438858271,0.004575285129249096
mlp_3x128_gelu_dropout_l2,30,5,160,0.00544991297647357,0.004590109921991825
mlp_3x128_gelu_dropout_l2,30,5,161,0.005487188696861267,0.004566204268485308
mlp_3x128_gelu_dropout_l2,30,5,162,0.005475145298987627,0.0045418753288686275
mlp_3x128_gelu_dropout_l2,30,5,163,0.00545336352661252,0.00453213881701231
mlp_3x128_gelu_dropout_l2,30,5,164,0.005457977764308453,0.004529986996203661
mlp_3x128_gelu_dropout_l2,30,5,165,0.005470637232065201,0.004550936631858349
mlp_3x128_gelu_dropout_l2,30,5,166,0.005462685599923134,0.004539798945188522
mlp_3x128_gelu_dropout_l2,30,5,167,0.00544755719602108,0.00454587722197175
mlp_3x128_gelu_dropout_l2,30,5,168,0.005443193018436432,0.004559734836220741
mlp_3x128_gelu_dropout_l2,30,5,169,0.00546035822480917,0.004553893115371466
mlp_3x128_gelu_dropout_l2,30,5,170,0.005491395480930805,0.0046506617218256
mlp_3x128_gelu_dropout_l2,30,5,171,0.005496326833963394,0.004557332489639521
mlp_3x128_gelu_dropout_l2,30,5,172,0.005446355324238539,0.004534018225967884
mlp_3x128_gelu_dropout_l2,30,5,173,0.005443150177598,0.004617804661393166
mlp_3x128_gelu_dropout_l2,30,5,174,0.005464090965688229,0.004584474489092827
mlp_3x128_gelu_dropout_l2,30,5,175,0.005474624689668417,0.004600421525537968
mlp_3x128_gelu_dropout_l2,30,5,176,0.0054511986672878265,0.0046386681497097015
mlp_3x128_gelu_dropout_l2,30,5,177,0.005494380369782448,0.004574644844979048
mlp_3x128_gelu_dropout_l2,30,5,178,0.0054930709302425385,0.004545783158391714
mlp_3x128_gelu_dropout_l2,30,5,179,0.005455748178064823,0.004547848831862211
mlp_3x128_gelu_dropout_l2,30,5,180,0.005478221923112869,0.0045417360961437225
mlp_3x128_gelu_dropout_l2,30,5,181,0.005442440509796143,0.004587962757796049
mlp_3x128_gelu_dropout_l2,30,5,182,0.005442159716039896,0.00456283800303936
mlp_3x128_gelu_dropout_l2,30,5,183,0.005449120420962572,0.004536470863968134
mlp_3x128_gelu_dropout_l2,30,5,184,0.005460239015519619,0.004559442866593599
mlp_3x128_gelu_dropout_l2,30,5,185,0.0054465546272695065,0.004534507170319557
mlp_3x128_gelu_dropout_l2,30,5,186,0.005415365565568209,0.004545067436993122
mlp_3x128_gelu_dropout_l2,30,5,187,0.005450361408293247,0.004529884085059166
mlp_3x128_gelu_dropout_l2,30,5,188,0.005436170846223831,0.0045367032289505005
mlp_3x128_gelu_dropout_l2,30,5,189,0.005423853639513254,0.004538401495665312
mlp_3x128_gelu_dropout_l2,30,5,190,0.005430370569229126,0.004538469482213259
mlp_3x128_gelu_dropout_l2,30,5,191,0.005454642698168755,0.004557221662253141
mlp_3x128_gelu_dropout_l2,30,5,192,0.0054446919821202755,0.0045319306664168835
mlp_3x128_gelu_dropout_l2,30,5,193,0.0054415022023022175,0.004528053570538759
mlp_3x128_gelu_dropout_l2,30,5,194,0.005445621907711029,0.004528399091213942
mlp_3x128_gelu_dropout_l2,30,5,195,0.0054403264075517654,0.004566293675452471
mlp_3x128_gelu_dropout_l2,30,5,196,0.005466986447572708,0.004544866271317005
mlp_3x128_gelu_dropout_l2,30,5,197,0.005462447181344032,0.004575046710669994
mlp_3x128_gelu_dropout_l2,30,5,198,0.005456258542835712,0.004557482432574034
mlp_3x128_gelu_dropout_l2,30,5,199,0.005446637514978647,0.0045616403222084045
mlp_3x128_gelu_dropout_l2,30,5,200,0.005436284933239222,0.004557549953460693
mlp_3x128_gelu_dropout_l2,30,5,201,0.005445003043860197,0.004520715679973364
mlp_3x128_gelu_dropout_l2,30,5,202,0.005449904128909111,0.004588685464113951
mlp_3x128_gelu_dropout_l2,30,5,203,0.005460532382130623,0.004584664013236761
mlp_3x128_gelu_dropout_l2,30,5,204,0.005468228831887245,0.004601272754371166
mlp_3x128_gelu_dropout_l2,30,5,205,0.00546337990090251,0.004555183928459883
mlp_3x128_gelu_dropout_l2,30,5,206,0.005448332987725735,0.004538924433290958
mlp_3x128_gelu_dropout_l2,30,5,207,0.005432857666164637,0.004555330146104097
mlp_3x128_gelu_dropout_l2,30,5,208,0.005461639724671841,0.004581369459629059
mlp_3x128_gelu_dropout_l2,30,5,209,0.005433280020952225,0.004567625932395458
mlp_3x128_gelu_dropout_l2,30,5,210,0.005443505011498928,0.0045455992221832275
mlp_3x128_gelu_dropout_l2,30,5,211,0.0054466151632368565,0.004563641734421253
mlp_3x128_gelu_dropout_l2,30,5,212,0.005466650705784559,0.004564806818962097
mlp_3x128_gelu_dropout_l2,30,5,213,0.005437648855149746,0.004519143607467413
mlp_3x128_gelu_dropout_l2,30,5,214,0.005448841955512762,0.0045487848110497
mlp_3x128_gelu_dropout_l2,30,5,215,0.00546561973169446,0.0045457687228918076
mlp_3x128_gelu_dropout_l2,30,5,216,0.005442372523248196,0.004524512682110071
mlp_3x128_gelu_dropout_l2,30,5,217,0.005420103203505278,0.004533066414296627
mlp_3x128_gelu_dropout_l2,30,5,218,0.005430568940937519,0.004520949441939592
mlp_3x128_gelu_dropout_l2,30,5,219,0.005423715338110924,0.004516317043453455
mlp_3x128_gelu_dropout_l2,30,5,220,0.005447934381663799,0.0045317900367081165
mlp_3x128_gelu_dropout_l2,30,5,221,0.005439557135105133,0.004547493066638708
mlp_3x128_gelu_dropout_l2,30,5,222,0.005451415665447712,0.004552076105028391
mlp_3x128_gelu_dropout_l2,30,5,223,0.00545412627980113,0.004575241357088089
mlp_3x128_gelu_dropout_l2,30,5,224,0.005427435040473938,0.004560133907943964
mlp_3x128_gelu_dropout_l2,30,5,225,0.005452524870634079,0.0045528593473136425
mlp_3x128_gelu_dropout_l2,30,5,226,0.005458371248096228,0.0045469980686903
mlp_3x128_gelu_dropout_l2,30,5,227,0.00543314591050148,0.004552887752652168
mlp_3x128_gelu_dropout_l2,30,5,228,0.005433294456452131,0.004556586965918541
mlp_3x128_gelu_dropout_l2,30,5,229,0.005438755266368389,0.004558529704809189
mlp_3x128_gelu_dropout_l2,30,5,230,0.005437701940536499,0.00455755740404129
mlp_3x128_gelu_dropout_l2,30,5,231,0.0054375589825212955,0.004567412659525871
mlp_3x128_gelu_dropout_l2,30,5,232,0.005441260524094105,0.004585849586874247
mlp_3x128_gelu_dropout_l2,30,5,233,0.005462673492729664,0.004586101975291967
mlp_3x128_gelu_dropout_l2,30,5,234,0.005462383385747671,0.004561598412692547
mlp_3x128_gelu_dropout_l2,30,5,235,0.005437017418444157,0.004540561232715845
mlp_3x128_gelu_dropout_l2,30,5,236,0.005438890773802996,0.004550009500235319
mlp_3x128_gelu_dropout_l2,30,5,237,0.005433634389191866,0.004556574393063784
mlp_3x128_gelu_dropout_l2,30,5,238,0.005433577578514814,0.00456073135137558
mlp_3x128_gelu_dropout_l2,30,5,239,0.0054401373490691185,0.004540106747299433
mlp_3x128_gelu_dropout_l2,30,5,240,0.0054336185567080975,0.004553272854536772
mlp_3x128_gelu_dropout_l2,30,5,241,0.005430988967418671,0.004573437385261059
mlp_3x128_gelu_dropout_l2,30,5,242,0.005442298017442226,0.004585851915180683
mlp_3x128_gelu_dropout_l2,30,5,243,0.0054543823935091496,0.004590937402099371
mlp_3x128_gelu_dropout_l2,30,5,244,0.005477381404489279,0.004556575790047646
mlp_3x128_gelu_dropout_l2,30,5,245,0.00544374343007803,0.00460737943649292
mlp_3x128_gelu_dropout_l2,30,5,246,0.005470311269164085,0.004577652085572481
mlp_3x128_gelu_dropout_l2,30,5,247,0.0054618618451058865,0.00458140205591917
mlp_3x128_gelu_dropout_l2,30,5,248,0.005465460475534201,0.004609966184943914
mlp_3x128_gelu_dropout_l2,30,5,249,0.005475535988807678,0.004568086471408606
mlp_3x128_gelu_dropout_l2,30,5,250,0.005457411520183086,0.004562727175652981
mlp_3x128_gelu_dropout_l2,30,5,251,0.005451451987028122,0.004590387921780348
mlp_3x128_gelu_dropout_l2,30,5,252,0.00547519838437438,0.0045448122546076775
mlp_3x128_gelu_dropout_l2,30,5,253,0.00545063940808177,0.004536747466772795
mlp_3x128_gelu_dropout_l2,30,5,254,0.0054319920018315315,0.004530308768153191
mlp_3x128_gelu_dropout_l2,30,5,255,0.0054481541737914085,0.004532907623797655
mlp_3x128_gelu_dropout_l2,30,5,256,0.005424384027719498,0.0045264773070812225
mlp_3x128_gelu_dropout_l2,30,5,257,0.005408845376223326,0.004543926566839218
mlp_3x128_gelu_dropout_l2,30,5,258,0.0054283300414681435,0.004522570408880711
mlp_3x128_gelu_dropout_l2,30,5,259,0.005433615762740374,0.004562214948236942
mlp_3x128_gelu_dropout_l2,30,5,260,0.005447392351925373,0.004541440401226282
mlp_3x128_gelu_dropout_l2,30,5,261,0.005440076347440481,0.004572995472699404
mlp_3x128_gelu_dropout_l2,30,5,262,0.005418266169726849,0.004574099089950323
mlp_3x128_gelu_dropout_l2,30,5,263,0.005431795958429575,0.004539233632385731
mlp_3x128_gelu_dropout_l2,30,5,264,0.005432696547359228,0.0045499978587031364
mlp_3x128_gelu_dropout_l2,30,5,265,0.005422726273536682,0.004533710423856974
mlp_3x128_gelu_dropout_l2,30,5,266,0.005447906441986561,0.004547138698399067
mlp_3x128_gelu_dropout_l2,30,5,267,0.00546064879745245,0.004571368917822838
mlp_3x128_gelu_dropout_l2,30,5,268,0.005443345755338669,0.004531174898147583
mlp_3x128_gelu_dropout_l2,30,5,269,0.005434881895780563,0.004534611478447914
mlp_3x128_gelu_dropout_l2,30,5,270,0.005447848699986935,0.0045800828374922276
mlp_3x128_gelu_dropout_l2,30,5,271,0.0054406654089689255,0.004565014969557524
mlp_3x128_gelu_dropout_l2,30,5,272,0.005435474216938019,0.004552575293928385
mlp_3x128_gelu_dropout_l2,30,5,273,0.005430454388260841,0.004566042684018612
mlp_3x128_gelu_dropout_l2,30,5,274,0.005433130078017712,0.004541393369436264
mlp_3x128_gelu_dropout_l2,30,5,275,0.005460099782794714,0.004567066207528114
mlp_3x128_gelu_dropout_l2,30,5,276,0.005437478423118591,0.0045608775690197945
mlp_3x128_gelu_dropout_l2,30,5,277,0.005443151108920574,0.004563674796372652
mlp_3x128_gelu_dropout_l2,30,5,278,0.005451322067528963,0.00454810680821538
mlp_3x128_gelu_dropout_l2,30,5,279,0.00543801486492157,0.004576541017740965
mlp_3x128_gelu_dropout_l2,30,5,280,0.005431839264929295,0.004560854285955429
mlp_3x128_gelu_dropout_l2,30,5,281,0.0054334597662091255,0.004563918337225914
mlp_3x128_gelu_dropout_l2,30,5,282,0.005450855940580368,0.004577090032398701
mlp_3x128_gelu_dropout_l2,30,5,283,0.005457441788166761,0.004567994270473719
mlp_3x128_gelu_dropout_l2,30,5,284,0.005438522435724735,0.004574914462864399
mlp_3x128_gelu_dropout_l2,30,5,285,0.005433524958789349,0.0045893434435129166
mlp_3x128_gelu_dropout_l2,30,5,286,0.005463632754981518,0.004624646157026291
mlp_3x128_gelu_dropout_l2,30,5,287,0.0054548936896026134,0.004565885756164789
mlp_3x128_gelu_dropout_l2,30,5,288,0.005454659927636385,0.004614036064594984
mlp_3x128_gelu_dropout_l2,30,5,289,0.005469498224556446,0.004578671883791685
mlp_3x128_gelu_dropout_l2,30,5,290,0.005443552974611521,0.004556259140372276
mlp_3x128_gelu_dropout_l2,30,5,291,0.005425692070275545,0.004594419617205858
mlp_3x128_gelu_dropout_l2,30,5,292,0.00543626956641674,0.0045404452830553055
mlp_3x128_gelu_dropout_l2,30,5,293,0.005442461930215359,0.004568516276776791
mlp_3x128_gelu_dropout_l2,30,5,294,0.005425085313618183,0.004581627435982227
mlp_3x128_gelu_dropout_l2,30,5,295,0.005444294773042202,0.004575209226459265
mlp_3x128_gelu_dropout_l2,30,5,296,0.005441308952867985,0.004564722068607807
mlp_3x128_gelu_dropout_l2,30,5,297,0.005423403810709715,0.004546170588582754
mlp_3x128_gelu_dropout_l2,30,5,298,0.0054214815609157085,0.0045763482339680195
mlp_3x128_gelu_dropout_l2,30,5,299,0.005441476125270128,0.00455268332734704
mlp_3x128_gelu_dropout_l2,30,5,300,0.005418370943516493,0.0045332955196499825
mlp_3x128_gelu_dropout_l2,30,5,301,0.005434013437479734,0.004538922570645809
mlp_3x128_gelu_dropout_l2,30,5,302,0.005440198816359043,0.004550112411379814
mlp_3x128_gelu_dropout_l2,30,5,303,0.005442947149276733,0.0045368182472884655
mlp_3x128_gelu_dropout_l2,30,5,304,0.005442959722131491,0.004567379131913185
mlp_3x128_gelu_dropout_l2,30,5,305,0.00543232774361968,0.004554440267384052
mlp_3x128_gelu_dropout_l2,30,5,306,0.005441540852189064,0.004542858339846134
mlp_3x128_gelu_dropout_l2,30,5,307,0.0054382928647100925,0.004556355532258749
mlp_3x128_gelu_dropout_l2,30,5,308,0.00544431246817112,0.0045746928080916405
mlp_3x128_gelu_dropout_l2,30,5,309,0.005442887078970671,0.004541532602161169
mlp_3x128_gelu_dropout_l2,30,5,310,0.005432280246168375,0.004555013496428728
mlp_3x128_gelu_dropout_l2,30,5,311,0.005439253523945808,0.004557731095701456
mlp_3x128_gelu_dropout_l2,30,5,312,0.005436343606561422,0.004579519387334585
mlp_3x128_gelu_dropout_l2,30,5,313,0.005435091909021139,0.00457037752494216
mlp_3x128_gelu_dropout_l2,30,5,314,0.0054335445165634155,0.004557184875011444
mlp_3x128_gelu_dropout_l2,30,5,315,0.005452401004731655,0.0045637753792107105
mlp_3x128_gelu_dropout_l2,30,5,316,0.005452013108879328,0.004545491188764572
mlp_3x128_gelu_dropout_l2,30,5,317,0.005446243565529585,0.0045538186095654964
mlp_3x128_gelu_dropout_l2,30,5,318,0.005452150944620371,0.00456614326685667
mlp_3x128_gelu_dropout_l2,30,5,319,0.005450570024549961,0.004536485765129328
mlp_3x128_gelu_dropout_l2,30,5,320,0.005431141704320908,0.0045638675801455975
mlp_3x128_gelu_dropout_l2,30,5,321,0.005440587177872658,0.0045447926968336105
mlp_3x128_gelu_dropout_l2,30,5,322,0.005433203652501106,0.004578743129968643
mlp_3x128_gelu_dropout_l2,30,5,323,0.005445356480777264,0.004558362066745758
mlp_3x128_gelu_dropout_l2,30,5,324,0.005444398615509272,0.004549527075141668
mlp_3x128_gelu_dropout_l2,30,5,325,0.005411861464381218,0.004572335630655289
mlp_3x128_gelu_dropout_l2,30,5,326,0.005436066072434187,0.0045451270416378975
mlp_3x128_gelu_dropout_l2,30,5,327,0.005437782965600491,0.004573889076709747
mlp_3x128_gelu_dropout_l2,30,5,328,0.005438277032226324,0.004544098861515522
mlp_3x128_gelu_dropout_l2,30,5,329,0.005441493354737759,0.004559070337563753
mlp_3x128_gelu_dropout_l2,30,5,330,0.005436685401946306,0.004550057929009199
mlp_3x128_gelu_dropout_l2,30,5,331,0.005452892277389765,0.004546979442238808
mlp_3x128_gelu_dropout_l2,30,5,332,0.005454872734844685,0.004574968945235014
mlp_3x128_gelu_dropout_l2,30,5,333,0.005435154307633638,0.004541013389825821
mlp_3x128_gelu_dropout_l2,30,5,334,0.005428217351436615,0.004547618795186281
mlp_3x128_gelu_dropout_l2,30,5,335,0.005427144467830658,0.004600316286087036
mlp_3x128_gelu_dropout_l2,30,5,336,0.0054430547170341015,0.0045793927274644375
mlp_3x128_gelu_dropout_l2,30,5,337,0.005429503507912159,0.004583778791129589
mlp_3x128_gelu_dropout_l2,30,5,338,0.005446598399430513,0.004560024011880159
mlp_3x128_gelu_dropout_l2,30,5,339,0.0054413327015936375,0.004548815544694662
mlp_3x128_gelu_dropout_l2,30,5,340,0.005440890789031982,0.004598150495439768
mlp_3x128_gelu_dropout_l2,30,5,341,0.005459754262119532,0.0046132332645356655
mlp_3x128_gelu_dropout_l2,30,5,342,0.005467419512569904,0.004559015389531851
mlp_3x128_gelu_dropout_l2,30,5,343,0.005449117626994848,0.004555506631731987
mlp_3x128_gelu_dropout_l2,30,5,344,0.005439490079879761,0.004537088796496391
mlp_3x128_gelu_dropout_l2,30,5,345,0.005439843982458115,0.004585410468280315
mlp_3x128_gelu_dropout_l2,30,5,346,0.005454854108393192,0.004535545129328966
mlp_3x128_gelu_dropout_l2,30,5,347,0.005424687638878822,0.004595319740474224
mlp_3x128_gelu_dropout_l2,30,5,348,0.005438258405774832,0.004548229277133942
mlp_3x128_gelu_dropout_l2,30,5,349,0.005428797099739313,0.0045688278041779995
mlp_3x128_gelu_dropout_l2,30,5,350,0.005453427787870169,0.004541503265500069
mlp_3x128_gelu_dropout_l2,30,5,351,0.005439592059701681,0.004549616947770119
mlp_3x128_gelu_dropout_l2,30,5,352,0.005440128967165947,0.004572270903736353
mlp_3x128_gelu_dropout_l2,30,5,353,0.005440351087599993,0.0045433989726006985
mlp_3x128_gelu_dropout_l2,30,5,354,0.0054250373505055904,0.004533111117780209
mlp_3x128_gelu_dropout_l2,30,5,355,0.005436501000076532,0.0045610410161316395
mlp_3x128_gelu_dropout_l2,30,5,356,0.005442557856440544,0.004529307130724192
mlp_3x128_gelu_dropout_l2,30,5,357,0.005430722609162331,0.004541311878710985
mlp_3x128_gelu_dropout_l2,30,5,358,0.005419386550784111,0.004551977850496769
mlp_3x128_gelu_dropout_l2,30,5,359,0.005443403031677008,0.004538354463875294
mlp_3x128_gelu_dropout_l2,30,5,360,0.005447845906019211,0.00454181432723999
mlp_3x128_gelu_dropout_l2,30,5,361,0.005456684157252312,0.004574287682771683
mlp_3x128_gelu_dropout_l2,30,5,362,0.0054572937078773975,0.0045504639856517315
mlp_3x128_gelu_dropout_l2,30,5,363,0.005430758930742741,0.0045288801193237305
mlp_3x128_gelu_dropout_l2,30,5,364,0.005425655283033848,0.0045470441691577435
mlp_3x128_gelu_dropout_l2,30,5,365,0.005429770331829786,0.00456004636362195
mlp_3x128_gelu_dropout_l2,30,5,366,0.005443610716611147,0.004526082891970873
mlp_3x128_gelu_dropout_l2,30,5,367,0.00542164221405983,0.004546710290014744
mlp_3x128_gelu_dropout_l2,30,5,368,0.005455658305436373,0.004543128423392773
mlp_3x128_gelu_dropout_l2,30,5,369,0.0054367296397686005,0.004541766829788685
mlp_3x128_gelu_dropout_l2,30,5,370,0.005452724173665047,0.004568669945001602
mlp_3x128_gelu_dropout_l2,30,5,371,0.005451425444334745,0.004546722397208214
mlp_3x128_gelu_dropout_l2,30,5,372,0.005441925022751093,0.004537846427410841
mlp_3x128_gelu_dropout_l2,30,5,373,0.005416951607912779,0.0045378864742815495
mlp_3x128_gelu_dropout_l2,30,5,374,0.005421089474111795,0.004552040249109268
mlp_3x128_gelu_dropout_l2,30,5,375,0.0054384139366447926,0.004566767252981663
mlp_3x128_gelu_dropout_l2,30,5,376,0.0054465895518660545,0.004575163591653109
mlp_3x128_gelu_dropout_l2,30,5,377,0.0054521020501852036,0.004559289198368788
mlp_3x128_gelu_dropout_l2,30,5,378,0.00544382818043232,0.004536280874162912
mlp_3x128_gelu_dropout_l2,30,5,379,0.005441831424832344,0.004521333146840334
mlp_3x128_gelu_dropout_l2,30,5,380,0.0054304772056639194,0.00455073406919837
mlp_3x128_gelu_dropout_l2,30,5,381,0.00544256716966629,0.004530585370957851
mlp_3x128_gelu_dropout_l2,30,5,382,0.005432658363133669,0.004589955788105726
mlp_3x128_gelu_dropout_l2,30,5,383,0.005443694069981575,0.004588642157614231
mlp_3x128_gelu_dropout_l2,30,5,384,0.005440092645585537,0.004565038252621889
mlp_3x128_gelu_dropout_l2,30,5,385,0.005454890429973602,0.004530030768364668
mlp_3x128_gelu_dropout_l2,30,5,386,0.005434062331914902,0.004564501810818911
mlp_3x128_gelu_dropout_l2,30,5,387,0.005442860536277294,0.00457203621044755
mlp_3x128_gelu_dropout_l2,30,5,388,0.005425027571618557,0.004547603894025087
mlp_3x128_gelu_dropout_l2,30,5,389,0.005432844627648592,0.004572184290736914
mlp_3x128_gelu_dropout_l2,30,5,390,0.005456616636365652,0.004553870763629675
mlp_3x128_gelu_dropout_l2,30,5,391,0.005455604754388332,0.004548997152596712
mlp_3x128_gelu_dropout_l2,30,5,392,0.005454292520880699,0.004539545625448227
mlp_3x128_gelu_dropout_l2,30,5,393,0.005425209645181894,0.0045936997048556805
mlp_3x128_gelu_dropout_l2,30,5,394,0.005451456643640995,0.004566027317196131
mlp_3x128_gelu_dropout_l2,30,5,395,0.005463713780045509,0.004537869244813919
mlp_3x128_gelu_dropout_l2,30,5,396,0.005417407490313053,0.004578613210469484
mlp_3x128_gelu_dropout_l2,30,5,397,0.005451067816466093,0.004572015721350908
mlp_3x128_gelu_dropout_l2,30,5,398,0.005441844929009676,0.004560988396406174
mlp_3x128_gelu_dropout_l2,30,5,399,0.005436213221400976,0.00455333199352026
mlp_3x128_gelu_dropout_l2,30,5,400,0.005424086935818195,0.00456584058701992
mlp_3x128_gelu_dropout_l2,30,5,401,0.005455832462757826,0.004577306564897299
mlp_3x128_gelu_dropout_l2,30,5,402,0.005444458685815334,0.00455161277204752
mlp_3x128_gelu_dropout_l2,30,5,403,0.005435136612504721,0.004537209868431091
mlp_3x128_gelu_dropout_l2,30,5,404,0.005459231324493885,0.004577835090458393
mlp_3x128_gelu_dropout_l2,30,5,405,0.005453655030578375,0.0045693437568843365
mlp_3x128_gelu_dropout_l2,30,5,406,0.005452954676002264,0.004529059864580631
mlp_3x128_gelu_dropout_l2,30,5,407,0.005424608010798693,0.00457047438248992
mlp_3x128_gelu_dropout_l2,30,5,408,0.00543112913146615,0.004533256404101849
mlp_3x128_gelu_dropout_l2,30,5,409,0.005464311223477125,0.004562298767268658
mlp_3x128_gelu_dropout_l2,30,5,410,0.005433772690594196,0.004515397362411022
mlp_3x128_gelu_dropout_l2,30,5,411,0.005429072771221399,0.004560297820717096
mlp_3x128_gelu_dropout_l2,30,5,412,0.005445530638098717,0.004559839144349098
mlp_3x128_gelu_dropout_l2,30,5,413,0.00542810745537281,0.004578078165650368
mlp_3x128_gelu_dropout_l2,30,5,414,0.005422357935458422,0.004540158435702324
mlp_3x128_gelu_dropout_l2,30,5,415,0.005422865506261587,0.004555223509669304
mlp_3x128_gelu_dropout_l2,30,5,416,0.005437490995973349,0.004563274327665567
mlp_3x128_gelu_dropout_l2,30,5,417,0.005420907400548458,0.004586782306432724
mlp_3x128_gelu_dropout_l2,30,5,418,0.005468371789902449,0.00456053065136075
mlp_3x128_gelu_dropout_l2,30,5,419,0.00543212890625,0.004551761317998171
mlp_3x128_gelu_dropout_l2,30,5,420,0.005428042262792587,0.004550283774733543
mlp_3x128_gelu_dropout_l2,30,5,421,0.005436018109321594,0.0045729088596999645
mlp_3x128_gelu_dropout_l2,30,5,422,0.005475603509694338,0.00458127073943615
mlp_3x128_gelu_dropout_l2,30,5,423,0.00544509245082736,0.004554002545773983
mlp_3x128_gelu_dropout_l2,30,5,424,0.005438972730189562,0.004569755867123604
mlp_3x128_gelu_dropout_l2,30,5,425,0.005440640728920698,0.004552276339381933
mlp_3x128_gelu_dropout_l2,30,5,426,0.005431994330137968,0.004540592897683382
mlp_3x128_gelu_dropout_l2,30,5,427,0.005431684665381908,0.0045568146742880344
mlp_3x128_gelu_dropout_l2,30,5,428,0.005440751556307077,0.004559049848467112
mlp_3x128_gelu_dropout_l2,30,5,429,0.00543314078822732,0.004536168184131384
mlp_3x128_gelu_dropout_l2,30,5,430,0.00541866896674037,0.0045487359166145325
mlp_3x128_gelu_dropout_l2,30,5,431,0.005441216751933098,0.004580708220601082
mlp_3x128_gelu_dropout_l2,30,5,432,0.005465001333504915,0.004581541754305363
mlp_3x128_gelu_dropout_l2,30,5,433,0.005434364080429077,0.004542212001979351
mlp_3x128_gelu_dropout_l2,30,5,434,0.005441875196993351,0.004551865626126528
mlp_3x128_gelu_dropout_l2,30,5,435,0.005441128276288509,0.004536561667919159
mlp_3x128_gelu_dropout_l2,30,5,436,0.00541749969124794,0.004555945284664631
mlp_3x128_gelu_dropout_l2,30,5,437,0.005423629190772772,0.004544299561530352
mlp_3x128_gelu_dropout_l2,30,5,438,0.005439997185021639,0.004548829048871994
mlp_3x128_gelu_dropout_l2,30,5,439,0.005430811084806919,0.0045656366273760796
mlp_3x128_gelu_dropout_l2,30,5,440,0.0054522547870874405,0.00455724960193038
mlp_3x128_gelu_dropout_l2,30,5,441,0.005433995742350817,0.004568967968225479
mlp_3x128_gelu_dropout_l2,30,5,442,0.005423285998404026,0.004568442236632109
mlp_3x128_gelu_dropout_l2,30,5,443,0.005425286013633013,0.004542885348200798
mlp_3x128_gelu_dropout_l2,30,5,444,0.005439736880362034,0.0045842574909329414
mlp_3x128_gelu_dropout_l2,30,5,445,0.0054259574972093105,0.004557545762509108
mlp_3x128_gelu_dropout_l2,30,5,446,0.005444453563541174,0.0045540533028542995
mlp_3x128_gelu_dropout_l2,30,5,447,0.005430520046502352,0.0045648058876395226
mlp_3x128_gelu_dropout_l2,30,5,448,0.005433339625597,0.004616950638592243
mlp_3x128_gelu_dropout_l2,30,5,449,0.005471555516123772,0.0046057021245360374
mlp_3x128_gelu_dropout_l2,30,5,450,0.005467976443469524,0.004540259018540382
mlp_3x128_gelu_dropout_l2,30,5,451,0.005421648733317852,0.004558821674436331
mlp_3x128_gelu_dropout_l2,30,5,452,0.005438656080514193,0.004587552510201931
mlp_3x128_gelu_dropout_l2,30,5,453,0.00544786499813199,0.004576796665787697
mlp_3x128_gelu_dropout_l2,30,5,454,0.0054745543748140335,0.004553952720016241
mlp_3x128_gelu_dropout_l2,30,5,455,0.005437459331005812,0.004555619787424803
mlp_3x128_gelu_dropout_l2,30,5,456,0.0054211788810789585,0.004580201581120491
mlp_3x128_gelu_dropout_l2,30,5,457,0.00544494716450572,0.004536796361207962
mlp_3x128_gelu_dropout_l2,30,5,458,0.005427326541393995,0.004560560919344425
mlp_3x128_gelu_dropout_l2,30,5,459,0.005441252142190933,0.0046002729795873165
mlp_3x128_gelu_dropout_l2,30,5,460,0.005469162482768297,0.004551155958324671
mlp_3x128_gelu_dropout_l2,30,5,461,0.005426574032753706,0.004533614497631788
mlp_3x128_gelu_dropout_l2,30,5,462,0.005436350125819445,0.004561298061162233
mlp_3x128_gelu_dropout_l2,30,5,463,0.005433726590126753,0.004531133454293013
mlp_3x128_gelu_dropout_l2,30,5,464,0.005431092344224453,0.0045440951362252235
mlp_3x128_gelu_dropout_l2,30,5,465,0.005425219424068928,0.004569071810692549
mlp_3x128_gelu_dropout_l2,30,5,466,0.005416031461209059,0.004551771562546492
mlp_3x128_gelu_dropout_l2,30,5,467,0.005428120028227568,0.004571057856082916
mlp_3x128_gelu_dropout_l2,30,5,468,0.005458128172904253,0.004548205528408289
mlp_3x128_gelu_dropout_l2,30,5,469,0.0054517085663974285,0.004583979491144419
mlp_3x128_gelu_dropout_l2,30,5,470,0.005446243565529585,0.004551408812403679
mlp_3x128_gelu_dropout_l2,30,5,471,0.005425189156085253,0.004546168725937605
mlp_3x128_gelu_dropout_l2,30,5,472,0.005427421536296606,0.004569100681692362
mlp_3x128_gelu_dropout_l2,30,5,473,0.005431940779089928,0.004549108911305666
mlp_3x128_gelu_dropout_l2,30,5,474,0.005426664836704731,0.004540286026895046
mlp_3x128_gelu_dropout_l2,30,5,475,0.005437837913632393,0.004579266998916864
mlp_3x128_gelu_dropout_l2,30,5,476,0.0054541281424462795,0.004543978720903397
mlp_3x128_gelu_dropout_l2,30,5,477,0.005448386538773775,0.0045264484360814095
mlp_3x128_gelu_dropout_l2,30,5,478,0.005427625495940447,0.004538424778729677
mlp_3x128_gelu_dropout_l2,30,5,479,0.00544394226744771,0.004555719438940287
mlp_3x128_gelu_dropout_l2,30,5,480,0.005428346339613199,0.004538406152278185
mlp_3x128_gelu_dropout_l2,30,5,481,0.005426324438303709,0.004533097613602877
mlp_3x128_gelu_dropout_l2,30,5,482,0.005440731532871723,0.004575981292873621
mlp_3x128_gelu_dropout_l2,30,5,483,0.005453003104776144,0.004564203321933746
mlp_3x128_gelu_dropout_l2,30,5,484,0.005452601704746485,0.004544461145997047
mlp_3x128_gelu_dropout_l2,30,5,485,0.005421997979283333,0.0045511117205023766
mlp_3x128_gelu_dropout_l2,30,5,486,0.00542694516479969,0.00453633489087224
mlp_3x128_gelu_dropout_l2,30,5,487,0.005415084306150675,0.004561162553727627
mlp_3x128_gelu_dropout_l2,30,5,488,0.00542496656998992,0.004613489378243685
mlp_3x128_gelu_dropout_l2,30,5,489,0.005445646587759256,0.004587201867252588
mlp_3x128_gelu_dropout_l2,30,5,490,0.0054299915209412575,0.004549320321530104
mlp_3x128_gelu_dropout_l2,30,5,491,0.005425246898084879,0.004554906394332647
mlp_3x128_gelu_dropout_l2,30,5,492,0.005424330942332745,0.004541892558336258
mlp_3x128_gelu_dropout_l2,30,5,493,0.00543000316247344,0.004604504909366369
mlp_3x128_gelu_dropout_l2,30,5,494,0.00543980672955513,0.00453096954151988
mlp_3x128_gelu_dropout_l2,30,5,495,0.005425186827778816,0.0045724352821707726
mlp_3x128_gelu_dropout_l2,30,5,496,0.005444261711090803,0.004550502635538578
mlp_3x128_gelu_dropout_l2,30,5,497,0.005457591265439987,0.004557104781270027
mlp_3x128_gelu_dropout_l2,30,5,498,0.00546704325824976,0.004569350741803646
mlp_3x128_gelu_dropout_l2,30,5,499,0.00544616486877203,0.00456169294193387
mlp_3x128_gelu_dropout_l2,30,5,500,0.0054401434026658535,0.004566059913486242
mlp_3x128_gelu_dropout_l2,30,30,1,0.138800248503685,0.06023349612951279
mlp_3x128_gelu_dropout_l2,30,30,2,0.05772428587079048,0.044427622109651566
mlp_3x128_gelu_dropout_l2,30,30,3,0.04461878165602684,0.037548214197158813
mlp_3x128_gelu_dropout_l2,30,30,4,0.037556860595941544,0.03299139067530632
mlp_3x128_gelu_dropout_l2,30,30,5,0.032946277409791946,0.029302768409252167
mlp_3x128_gelu_dropout_l2,30,30,6,0.029163934290409088,0.025548502802848816
mlp_3x128_gelu_dropout_l2,30,30,7,0.025660237297415733,0.02241927571594715
mlp_3x128_gelu_dropout_l2,30,30,8,0.02258903719484806,0.019737210124731064
mlp_3x128_gelu_dropout_l2,30,30,9,0.01979566179215908,0.01719088852405548
mlp_3x128_gelu_dropout_l2,30,30,10,0.01716613955795765,0.014979643747210503
mlp_3x128_gelu_dropout_l2,30,30,11,0.014950806275010109,0.013020811602473259
mlp_3x128_gelu_dropout_l2,30,30,12,0.013097722083330154,0.011445102281868458
mlp_3x128_gelu_dropout_l2,30,30,13,0.011615208350121975,0.010283428244292736
mlp_3x128_gelu_dropout_l2,30,30,14,0.01041282806545496,0.009241738356649876
mlp_3x128_gelu_dropout_l2,30,30,15,0.009445646777749062,0.008360984735190868
mlp_3x128_gelu_dropout_l2,30,30,16,0.008643442764878273,0.007698813918977976
mlp_3x128_gelu_dropout_l2,30,30,17,0.007976583205163479,0.0071260565891861916
mlp_3x128_gelu_dropout_l2,30,30,18,0.007411003112792969,0.006611546967178583
mlp_3x128_gelu_dropout_l2,30,30,19,0.006910017225891352,0.0061552864499390125
mlp_3x128_gelu_dropout_l2,30,30,20,0.006482843309640884,0.0057539548724889755
mlp_3x128_gelu_dropout_l2,30,30,21,0.006101042963564396,0.005429518409073353
mlp_3x128_gelu_dropout_l2,30,30,22,0.00576020497828722,0.005075554363429546
mlp_3x128_gelu_dropout_l2,30,30,23,0.005437363870441914,0.0047904085367918015
mlp_3x128_gelu_dropout_l2,30,30,24,0.005158567801117897,0.004540774971246719
mlp_3x128_gelu_dropout_l2,30,30,25,0.004898154176771641,0.004284936934709549
mlp_3x128_gelu_dropout_l2,30,30,26,0.004661458544433117,0.0040463171899318695
mlp_3x128_gelu_dropout_l2,30,30,27,0.0044350214302539825,0.0038517657667398453
mlp_3x128_gelu_dropout_l2,30,30,28,0.004240542184561491,0.0036398551892489195
mlp_3x128_gelu_dropout_l2,30,30,29,0.004054935649037361,0.0034625886473804712
mlp_3x128_gelu_dropout_l2,30,30,30,0.0038786306977272034,0.0032763818744570017
mlp_3x128_gelu_dropout_l2,30,30,31,0.003717817598953843,0.0031323384027928114
mlp_3x128_gelu_dropout_l2,30,30,32,0.0035763238556683064,0.0029860290233045816
mlp_3x128_gelu_dropout_l2,30,30,33,0.0034480809699743986,0.002856458770111203
mlp_3x128_gelu_dropout_l2,30,30,34,0.003325860248878598,0.002735225483775139
mlp_3x128_gelu_dropout_l2,30,30,35,0.003213549731299281,0.0026333441492170095
mlp_3x128_gelu_dropout_l2,30,30,36,0.003118433989584446,0.0025385564658790827
mlp_3x128_gelu_dropout_l2,30,30,37,0.003026758786290884,0.0024528938811272383
mlp_3x128_gelu_dropout_l2,30,30,38,0.002947815228253603,0.002366428030654788
mlp_3x128_gelu_dropout_l2,30,30,39,0.0028699215035885572,0.0023005048278719187
mlp_3x128_gelu_dropout_l2,30,30,40,0.0028055100701749325,0.0022370037622749805
mlp_3x128_gelu_dropout_l2,30,30,41,0.0027482653968036175,0.002181876450777054
mlp_3x128_gelu_dropout_l2,30,30,42,0.0026989879552274942,0.0021412731148302555
mlp_3x128_gelu_dropout_l2,30,30,43,0.002649761503562331,0.002090063877403736
mlp_3x128_gelu_dropout_l2,30,30,44,0.0026060184463858604,0.0020521937403827906
mlp_3x128_gelu_dropout_l2,30,30,45,0.0025658828672021627,0.002016617450863123
mlp_3x128_gelu_dropout_l2,30,30,46,0.0025276674423366785,0.0019852088298648596
mlp_3x128_gelu_dropout_l2,30,30,47,0.00249707349576056,0.001957133412361145
mlp_3x128_gelu_dropout_l2,30,30,48,0.002467573154717684,0.0019363674800843
mlp_3x128_gelu_dropout_l2,30,30,49,0.0024411906488239765,0.0019115014001727104
mlp_3x128_gelu_dropout_l2,30,30,50,0.0024198186583817005,0.0018938821740448475
mlp_3x128_gelu_dropout_l2,30,30,51,0.002399627584964037,0.0018703778041526675
mlp_3x128_gelu_dropout_l2,30,30,52,0.002382793463766575,0.0018620295450091362
mlp_3x128_gelu_dropout_l2,30,30,53,0.0023675512056797743,0.0018449922790750861
mlp_3x128_gelu_dropout_l2,30,30,54,0.002356048207730055,0.0018333944026380777
mlp_3x128_gelu_dropout_l2,30,30,55,0.0023451275192201138,0.001817452721297741
mlp_3x128_gelu_dropout_l2,30,30,56,0.0023339001927524805,0.001806700718589127
mlp_3x128_gelu_dropout_l2,30,30,57,0.002326302696019411,0.001799402292817831
mlp_3x128_gelu_dropout_l2,30,30,58,0.0023209196515381336,0.0017923987470567226
mlp_3x128_gelu_dropout_l2,30,30,59,0.002315102145075798,0.001782422885298729
mlp_3x128_gelu_dropout_l2,30,30,60,0.002311024582013488,0.001777981175109744
mlp_3x128_gelu_dropout_l2,30,30,61,0.002308315597474575,0.0017759278416633606
mlp_3x128_gelu_dropout_l2,30,30,62,0.002306358888745308,0.0017700010212138295
mlp_3x128_gelu_dropout_l2,30,30,63,0.0023044876288622618,0.001770379371009767
mlp_3x128_gelu_dropout_l2,30,30,64,0.0023037700448185205,0.0017643981846049428
mlp_3x128_gelu_dropout_l2,30,30,65,0.0023016210179775953,0.001756747136823833
mlp_3x128_gelu_dropout_l2,30,30,66,0.0023006568662822247,0.0017528553726151586
mlp_3x128_gelu_dropout_l2,30,30,67,0.0022992948070168495,0.001745895599015057
mlp_3x128_gelu_dropout_l2,30,30,68,0.002297429135069251,0.0017407654086127877
mlp_3x128_gelu_dropout_l2,30,30,69,0.0022968484554439783,0.0017404163954779506
mlp_3x128_gelu_dropout_l2,30,30,70,0.002296542515978217,0.0017395500326529145
mlp_3x128_gelu_dropout_l2,30,30,71,0.002294007455930114,0.0017364422092214227
mlp_3x128_gelu_dropout_l2,30,30,72,0.002291094046086073,0.0017340327613055706
mlp_3x128_gelu_dropout_l2,30,30,73,0.002288396470248699,0.0017338063335046172
mlp_3x128_gelu_dropout_l2,30,30,74,0.0022871217224746943,0.0017350330017507076
mlp_3x128_gelu_dropout_l2,30,30,75,0.002286512404680252,0.0017321481136605144
mlp_3x128_gelu_dropout_l2,30,30,76,0.002284914255142212,0.001732626580633223
mlp_3x128_gelu_dropout_l2,30,30,77,0.0022840562742203474,0.0017305017681792378
mlp_3x128_gelu_dropout_l2,30,30,78,0.002283273031935096,0.0017316461307927966
mlp_3x128_gelu_dropout_l2,30,30,79,0.0022825414780527353,0.0017311449628323317
mlp_3x128_gelu_dropout_l2,30,30,80,0.00228307768702507,0.0017333312425762415
mlp_3x128_gelu_dropout_l2,30,30,81,0.0022821982856839895,0.0017319766338914633
mlp_3x128_gelu_dropout_l2,30,30,82,0.002283406676724553,0.0017335406737402081
mlp_3x128_gelu_dropout_l2,30,30,83,0.002281180350109935,0.0017314472934231162
mlp_3x128_gelu_dropout_l2,30,30,84,0.0022822075989097357,0.0017307325033470988
mlp_3x128_gelu_dropout_l2,30,30,85,0.0022837237920612097,0.0017267008079215884
mlp_3x128_gelu_dropout_l2,30,30,86,0.002283612499013543,0.0017276639118790627
mlp_3x128_gelu_dropout_l2,30,30,87,0.0022833480034023523,0.0017314557917416096
mlp_3x128_gelu_dropout_l2,30,30,88,0.00228322041220963,0.0017293826676905155
mlp_3x128_gelu_dropout_l2,30,30,89,0.002281995490193367,0.0017300196923315525
mlp_3x128_gelu_dropout_l2,30,30,90,0.002282635774463415,0.0017288584494963288
mlp_3x128_gelu_dropout_l2,30,30,91,0.0022820737212896347,0.001726791961118579
mlp_3x128_gelu_dropout_l2,30,30,92,0.002280046232044697,0.0017272360855713487
mlp_3x128_gelu_dropout_l2,30,30,93,0.0022798175923526287,0.0017308804672211409
mlp_3x128_gelu_dropout_l2,30,30,94,0.002279856475070119,0.0017315528821200132
mlp_3x128_gelu_dropout_l2,30,30,95,0.0022802059538662434,0.0017315904842689633
mlp_3x128_gelu_dropout_l2,30,30,96,0.0022792930249124765,0.001736016245558858
mlp_3x128_gelu_dropout_l2,30,30,97,0.0022795593831688166,0.0017428555293008685
mlp_3x128_gelu_dropout_l2,30,30,98,0.0022801649756729603,0.0017445911653339863
mlp_3x128_gelu_dropout_l2,30,30,99,0.002279369393363595,0.0017441781237721443
mlp_3x128_gelu_dropout_l2,30,30,100,0.0022780343424528837,0.0017450300510972738
mlp_3x128_gelu_dropout_l2,30,30,101,0.002276498358696699,0.0017478036461398005
mlp_3x128_gelu_dropout_l2,30,30,102,0.0022764236200600863,0.001752855721861124
mlp_3x128_gelu_dropout_l2,30,30,103,0.002275669714435935,0.0017535170773044229
mlp_3x128_gelu_dropout_l2,30,30,104,0.0022759325802326202,0.001757455407641828
mlp_3x128_gelu_dropout_l2,30,30,105,0.0022756652906537056,0.0017556683160364628
mlp_3x128_gelu_dropout_l2,30,30,106,0.0022743819281458855,0.0017496246146038175
mlp_3x128_gelu_dropout_l2,30,30,107,0.0022739311680197716,0.0017465570708736777
mlp_3x128_gelu_dropout_l2,30,30,108,0.0022738471161574125,0.0017471576575189829
mlp_3x128_gelu_dropout_l2,30,30,109,0.002274617087095976,0.0017500300891697407
mlp_3x128_gelu_dropout_l2,30,30,110,0.002275637583807111,0.0017515626968815923
mlp_3x128_gelu_dropout_l2,30,30,111,0.002276444109156728,0.0017579899867996573
mlp_3x128_gelu_dropout_l2,30,30,112,0.002277936087921262,0.0017557373503223062
mlp_3x128_gelu_dropout_l2,30,30,113,0.0022805174812674522,0.0017526645679026842
mlp_3x128_gelu_dropout_l2,30,30,114,0.002280472544953227,0.0017458806978538632
mlp_3x128_gelu_dropout_l2,30,30,115,0.002279164269566536,0.001744728651829064
mlp_3x128_gelu_dropout_l2,30,30,116,0.0022804203908890486,0.0017433041939511895
mlp_3x128_gelu_dropout_l2,30,30,117,0.0022797505371272564,0.0017453869804739952
mlp_3x128_gelu_dropout_l2,30,30,118,0.00227729557082057,0.0017446445999667048
mlp_3x128_gelu_dropout_l2,30,30,119,0.0022767484188079834,0.0017486985307186842
mlp_3x128_gelu_dropout_l2,30,30,120,0.0022766534239053726,0.0017497811932116747
mlp_3x128_gelu_dropout_l2,30,30,121,0.002276104874908924,0.0017497644294053316
mlp_3x128_gelu_dropout_l2,30,30,122,0.0022761300206184387,0.0017497010994702578
mlp_3x128_gelu_dropout_l2,30,30,123,0.002276813145726919,0.0017480561509728432
mlp_3x128_gelu_dropout_l2,30,30,124,0.0022769880015403032,0.0017462022369727492
mlp_3x128_gelu_dropout_l2,30,30,125,0.0022766462061554193,0.0017446805723011494
mlp_3x128_gelu_dropout_l2,30,30,126,0.002276010811328888,0.0017414200119674206
mlp_3x128_gelu_dropout_l2,30,30,127,0.002274938393384218,0.001743157277815044
mlp_3x128_gelu_dropout_l2,30,30,128,0.0022739041596651077,0.0017430461011826992
mlp_3x128_gelu_dropout_l2,30,30,129,0.0022736347746104,0.0017479993402957916
mlp_3x128_gelu_dropout_l2,30,30,130,0.0022744161542505026,0.0017540279077365994
mlp_3x128_gelu_dropout_l2,30,30,131,0.0022757521364837885,0.001755441538989544
mlp_3x128_gelu_dropout_l2,30,30,132,0.002274121856316924,0.0017548653995618224
mlp_3x128_gelu_dropout_l2,30,30,133,0.002273681340739131,0.0017509651370346546
mlp_3x128_gelu_dropout_l2,30,30,134,0.0022719420958310366,0.0017557229148223996
mlp_3x128_gelu_dropout_l2,30,30,135,0.0022719397675246,0.0017604987369850278
mlp_3x128_gelu_dropout_l2,30,30,136,0.0022740501444786787,0.0017568047624081373
mlp_3x128_gelu_dropout_l2,30,30,137,0.0022759302519261837,0.0017493488267064095
mlp_3x128_gelu_dropout_l2,30,30,138,0.0022758350241929293,0.0017438438953831792
mlp_3x128_gelu_dropout_l2,30,30,139,0.0022745239548385143,0.001742614316754043
mlp_3x128_gelu_dropout_l2,30,30,140,0.0022723167203366756,0.0017432690365239978
mlp_3x128_gelu_dropout_l2,30,30,141,0.0022725416347384453,0.0017467313446104527
mlp_3x128_gelu_dropout_l2,30,30,142,0.002273003803566098,0.0017454122425988317
mlp_3x128_gelu_dropout_l2,30,30,143,0.0022729276679456234,0.0017417818307876587
mlp_3x128_gelu_dropout_l2,30,30,144,0.0022726848255842924,0.0017401998629793525
mlp_3x128_gelu_dropout_l2,30,30,145,0.0022735281381756067,0.0017367369728162885
mlp_3x128_gelu_dropout_l2,30,30,146,0.0022731253411620855,0.0017376927426084876
mlp_3x128_gelu_dropout_l2,30,30,147,0.0022729539778083563,0.0017410576110705733
mlp_3x128_gelu_dropout_l2,30,30,148,0.002272977028042078,0.0017434367910027504
mlp_3x128_gelu_dropout_l2,30,30,149,0.0022731872741132975,0.001743748551234603
mlp_3x128_gelu_dropout_l2,30,30,150,0.002272815676406026,0.0017414839239791036
mlp_3x128_gelu_dropout_l2,30,30,151,0.002272766549140215,0.0017417647177353501
mlp_3x128_gelu_dropout_l2,30,30,152,0.002271597506478429,0.0017414104659110308
mlp_3x128_gelu_dropout_l2,30,30,153,0.002271263161674142,0.001740726875141263
mlp_3x128_gelu_dropout_l2,30,30,154,0.0022715493105351925,0.0017399704083800316
mlp_3x128_gelu_dropout_l2,30,30,155,0.0022712096106261015,0.0017412990564480424
mlp_3x128_gelu_dropout_l2,30,30,156,0.0022725765593349934,0.0017389052081853151
mlp_3x128_gelu_dropout_l2,30,30,157,0.0022718270774930716,0.0017388792475685477
mlp_3x128_gelu_dropout_l2,30,30,158,0.002272427547723055,0.0017424002289772034
mlp_3x128_gelu_dropout_l2,30,30,159,0.002272871555760503,0.0017427532002329826
mlp_3x128_gelu_dropout_l2,30,30,160,0.0022719050757586956,0.0017397042829543352
mlp_3x128_gelu_dropout_l2,30,30,161,0.0022728624753654003,0.0017385826213285327
mlp_3x128_gelu_dropout_l2,30,30,162,0.002272811019793153,0.0017391302390024066
mlp_3x128_gelu_dropout_l2,30,30,163,0.0022721916902810335,0.0017385520040988922
mlp_3x128_gelu_dropout_l2,30,30,164,0.002272081095725298,0.001740437699481845
mlp_3x128_gelu_dropout_l2,30,30,165,0.0022719413973391056,0.001738897291943431
mlp_3x128_gelu_dropout_l2,30,30,166,0.0022716319654136896,0.0017406083643436432
mlp_3x128_gelu_dropout_l2,30,30,167,0.0022720128763467073,0.0017407325794920325
mlp_3x128_gelu_dropout_l2,30,30,168,0.002271528821438551,0.0017393268644809723
mlp_3x128_gelu_dropout_l2,30,30,169,0.0022715479135513306,0.0017387410625815392
mlp_3x128_gelu_dropout_l2,30,30,170,0.0022718331310898066,0.0017398180207237601
mlp_3x128_gelu_dropout_l2,30,30,171,0.0022717907559126616,0.001738203689455986
mlp_3x128_gelu_dropout_l2,30,30,172,0.002271340461447835,0.0017387863481417298
mlp_3x128_gelu_dropout_l2,30,30,173,0.0022722871508449316,0.001737730810418725
mlp_3x128_gelu_dropout_l2,30,30,174,0.0022719737607985735,0.0017367961117997766
mlp_3x128_gelu_dropout_l2,30,30,175,0.0022719542030245066,0.0017366906395182014
mlp_3x128_gelu_dropout_l2,30,30,176,0.0022719823755323887,0.0017379223136231303
mlp_3x128_gelu_dropout_l2,30,30,177,0.002270918572321534,0.0017363526858389378
mlp_3x128_gelu_dropout_l2,30,30,178,0.0022715202067047358,0.0017358703771606088
mlp_3x128_gelu_dropout_l2,30,30,179,0.0022717176470905542,0.0017368814442306757
mlp_3x128_gelu_dropout_l2,30,30,180,0.0022714585065841675,0.0017375610768795013
mlp_3x128_gelu_dropout_l2,30,30,181,0.002272079000249505,0.0017360997153446078
mlp_3x128_gelu_dropout_l2,30,30,182,0.0022716496605426073,0.0017379303462803364
mlp_3x128_gelu_dropout_l2,30,30,183,0.0022713998332619667,0.0017382997320964932
mlp_3x128_gelu_dropout_l2,30,30,184,0.0022729032207280397,0.0017364200903102756
mlp_3x128_gelu_dropout_l2,30,30,185,0.0022713111247867346,0.0017362767830491066
mlp_3x128_gelu_dropout_l2,30,30,186,0.0022719609551131725,0.0017361812060698867
mlp_3x128_gelu_dropout_l2,30,30,187,0.002271882025524974,0.0017362586222589016
mlp_3x128_gelu_dropout_l2,30,30,188,0.002270881552249193,0.00173797772731632
mlp_3x128_gelu_dropout_l2,30,30,189,0.002272531157359481,0.0017361122881993651
mlp_3x128_gelu_dropout_l2,30,30,190,0.0022722899448126554,0.0017333454452455044
mlp_3x128_gelu_dropout_l2,30,30,191,0.002270724391564727,0.0017366125248372555
mlp_3x128_gelu_dropout_l2,30,30,192,0.002271411009132862,0.0017326303059235215
mlp_3x128_gelu_dropout_l2,30,30,193,0.002269981661811471,0.00173819565679878
mlp_3x128_gelu_dropout_l2,30,30,194,0.0022744450252503157,0.0017345547676086426
mlp_3x128_gelu_dropout_l2,30,30,195,0.0022709378972649574,0.0017348866676911712
mlp_3x128_gelu_dropout_l2,30,30,196,0.002271826146170497,0.0017362042563036084
mlp_3x128_gelu_dropout_l2,30,30,197,0.002271899487823248,0.001744583947584033
mlp_3x128_gelu_dropout_l2,30,30,198,0.002275175880640745,0.0017399450298398733
mlp_3x128_gelu_dropout_l2,30,30,199,0.0022725004237145185,0.0017355812015011907
mlp_3x128_gelu_dropout_l2,30,30,200,0.0022721884306520224,0.0017401751829311252
mlp_3x128_gelu_dropout_l2,30,30,201,0.00227335374802351,0.001740019186399877
mlp_3x128_gelu_dropout_l2,30,30,202,0.002276180312037468,0.0017425345722585917
mlp_3x128_gelu_dropout_l2,30,30,203,0.002276661107316613,0.0017324292566627264
mlp_3x128_gelu_dropout_l2,30,30,204,0.0022699981927871704,0.0017360105412080884
mlp_3x128_gelu_dropout_l2,30,30,205,0.002275774022564292,0.0017403261736035347
mlp_3x128_gelu_dropout_l2,30,30,206,0.00227462500333786,0.0017410367727279663
mlp_3x128_gelu_dropout_l2,30,30,207,0.002274211496114731,0.00173426722176373
mlp_3x128_gelu_dropout_l2,30,30,208,0.0022723842412233353,0.0017387440893799067
mlp_3x128_gelu_dropout_l2,30,30,209,0.0022748890332877636,0.0017289097886532545
mlp_3x128_gelu_dropout_l2,30,30,210,0.0022721742279827595,0.0017411329317837954
mlp_3x128_gelu_dropout_l2,30,30,211,0.0022774534299969673,0.0017380478093400598
mlp_3x128_gelu_dropout_l2,30,30,212,0.002268422394990921,0.0017396637704223394
mlp_3x128_gelu_dropout_l2,30,30,213,0.0022736673709005117,0.001737341284751892
mlp_3x128_gelu_dropout_l2,30,30,214,0.002274174941703677,0.0017290635732933879
mlp_3x128_gelu_dropout_l2,30,30,215,0.0022715101949870586,0.0017385954270139337
mlp_3x128_gelu_dropout_l2,30,30,216,0.00227188179269433,0.0017355976160615683
mlp_3x128_gelu_dropout_l2,30,30,217,0.0022709504701197147,0.0017370072891935706
mlp_3x128_gelu_dropout_l2,30,30,218,0.0022707663010805845,0.0017348742112517357
mlp_3x128_gelu_dropout_l2,30,30,219,0.0022705222945660353,0.0017347303219139576
mlp_3x128_gelu_dropout_l2,30,30,220,0.002271653153002262,0.0017352383583784103
mlp_3x128_gelu_dropout_l2,30,30,221,0.0022719474509358406,0.001744491164572537
mlp_3x128_gelu_dropout_l2,30,30,222,0.002276731189340353,0.001732258009724319
mlp_3x128_gelu_dropout_l2,30,30,223,0.0022726734168827534,0.0017380029894411564
mlp_3x128_gelu_dropout_l2,30,30,224,0.0022727176547050476,0.0017337313620373607
mlp_3x128_gelu_dropout_l2,30,30,225,0.002278177533298731,0.0017459652153775096
mlp_3x128_gelu_dropout_l2,30,30,226,0.0022719877306371927,0.001734651974402368
mlp_3x128_gelu_dropout_l2,30,30,227,0.002279348438605666,0.001735531841404736
mlp_3x128_gelu_dropout_l2,30,30,228,0.002273315330967307,0.0017346041277050972
mlp_3x128_gelu_dropout_l2,30,30,229,0.002278499538078904,0.001740042818710208
mlp_3x128_gelu_dropout_l2,30,30,230,0.0022753893863409758,0.0017381049692630768
mlp_3x128_gelu_dropout_l2,30,30,231,0.00227199774235487,0.0017396158073097467
mlp_3x128_gelu_dropout_l2,30,30,232,0.002274406375363469,0.0017368841217830777
mlp_3x128_gelu_dropout_l2,30,30,233,0.002272051991894841,0.0017347725806757808
mlp_3x128_gelu_dropout_l2,30,30,234,0.002270763274282217,0.001735297730192542
mlp_3x128_gelu_dropout_l2,30,30,235,0.002275637350976467,0.0017352522118017077
mlp_3x128_gelu_dropout_l2,30,30,236,0.0022719090338796377,0.0017398237250745296
mlp_3x128_gelu_dropout_l2,30,30,237,0.0022751851938664913,0.0017350000562146306
mlp_3x128_gelu_dropout_l2,30,30,238,0.0022710906341671944,0.0017352381255477667
mlp_3x128_gelu_dropout_l2,30,30,239,0.0022734568919986486,0.0017305254004895687
mlp_3x128_gelu_dropout_l2,30,30,240,0.002269173040986061,0.0017343225190415978
mlp_3x128_gelu_dropout_l2,30,30,241,0.002271795179694891,0.0017345872474834323
mlp_3x128_gelu_dropout_l2,30,30,242,0.002271528821438551,0.0017367977416142821
mlp_3x128_gelu_dropout_l2,30,30,243,0.0022833202965557575,0.0017701213946565986
mlp_3x128_gelu_dropout_l2,30,30,244,0.0022920838091522455,0.0018115071579813957
mlp_3x128_gelu_dropout_l2,30,30,245,0.0022908609826117754,0.0017875491175800562
mlp_3x128_gelu_dropout_l2,30,30,246,0.0023019572254270315,0.001748774666339159
mlp_3x128_gelu_dropout_l2,30,30,247,0.0022799018770456314,0.0017511030891910195
mlp_3x128_gelu_dropout_l2,30,30,248,0.002289833500981331,0.0017601426225155592
mlp_3x128_gelu_dropout_l2,30,30,249,0.0022846560459583998,0.001739288680255413
mlp_3x128_gelu_dropout_l2,30,30,250,0.002276256214827299,0.0017359760822728276
mlp_3x128_gelu_dropout_l2,30,30,251,0.002274503465741873,0.0017408564453944564
mlp_3x128_gelu_dropout_l2,30,30,252,0.0022711707279086113,0.0017386996187269688
mlp_3x128_gelu_dropout_l2,30,30,253,0.002272508107125759,0.0017364859813824296
mlp_3x128_gelu_dropout_l2,30,30,254,0.0022703756112605333,0.0017377589829266071
mlp_3x128_gelu_dropout_l2,30,30,255,0.0022712538484483957,0.0017347336979582906
mlp_3x128_gelu_dropout_l2,30,30,256,0.0022701227571815252,0.0017346566310152411
mlp_3x128_gelu_dropout_l2,30,30,257,0.002270655706524849,0.0017336339224129915
mlp_3x128_gelu_dropout_l2,30,30,258,0.002270279685035348,0.0017346879467368126
mlp_3x128_gelu_dropout_l2,30,30,259,0.0022713281214237213,0.001734144170768559
mlp_3x128_gelu_dropout_l2,30,30,260,0.002271306235343218,0.0017384199891239405
mlp_3x128_gelu_dropout_l2,30,30,261,0.0022719581611454487,0.0017359801568090916
mlp_3x128_gelu_dropout_l2,30,30,262,0.0022714866790920496,0.00173881312366575
mlp_3x128_gelu_dropout_l2,30,30,263,0.0022724426817148924,0.0017374666640534997
mlp_3x128_gelu_dropout_l2,30,30,264,0.002271512057632208,0.0017382336081936955
mlp_3x128_gelu_dropout_l2,30,30,265,0.0022718929685652256,0.0017359525663778186
mlp_3x128_gelu_dropout_l2,30,30,266,0.002272940706461668,0.0017396893817931414
mlp_3x128_gelu_dropout_l2,30,30,267,0.002274437341839075,0.0017421949887648225
mlp_3x128_gelu_dropout_l2,30,30,268,0.0022789896465837955,0.0017458798829466105
mlp_3x128_gelu_dropout_l2,30,30,269,0.0022760110441595316,0.0017438107170164585
mlp_3x128_gelu_dropout_l2,30,30,270,0.0022818411234766245,0.0017429813742637634
mlp_3x128_gelu_dropout_l2,30,30,271,0.00227554002776742,0.0017444590339437127
mlp_3x128_gelu_dropout_l2,30,30,272,0.002286059781908989,0.0017661001766100526
mlp_3x128_gelu_dropout_l2,30,30,273,0.00228761974722147,0.001752662705257535
mlp_3x128_gelu_dropout_l2,30,30,274,0.0022814488038420677,0.0017555744852870703
mlp_3x128_gelu_dropout_l2,30,30,275,0.0022935394663363695,0.0017465682467445731
mlp_3x128_gelu_dropout_l2,30,30,276,0.00228230282664299,0.0017727963859215379
mlp_3x128_gelu_dropout_l2,30,30,277,0.0022926493547856808,0.001751445233821869
mlp_3x128_gelu_dropout_l2,30,30,278,0.002294352976605296,0.0017572402721270919
mlp_3x128_gelu_dropout_l2,30,30,279,0.0022764327004551888,0.0017404917161911726
mlp_3x128_gelu_dropout_l2,30,30,280,0.002273445250466466,0.001735213678330183
mlp_3x128_gelu_dropout_l2,30,30,281,0.0022706950549036264,0.0017425940604880452
mlp_3x128_gelu_dropout_l2,30,30,282,0.0022714913357049227,0.0017345912056043744
mlp_3x128_gelu_dropout_l2,30,30,283,0.002269149525091052,0.0017343718791380525
mlp_3x128_gelu_dropout_l2,30,30,284,0.0022712270729243755,0.001736455480568111
mlp_3x128_gelu_dropout_l2,30,30,285,0.002267514355480671,0.001735537895001471
mlp_3x128_gelu_dropout_l2,30,30,286,0.002270786790177226,0.0017361199716106057
mlp_3x128_gelu_dropout_l2,30,30,287,0.002269771648570895,0.0017343376530334353
mlp_3x128_gelu_dropout_l2,30,30,288,0.0022725730668753386,0.0017386031104251742
mlp_3x128_gelu_dropout_l2,30,30,289,0.0022719400003552437,0.0017393829766660929
mlp_3x128_gelu_dropout_l2,30,30,290,0.00227411394007504,0.0017374710878357291
mlp_3x128_gelu_dropout_l2,30,30,291,0.0022723402362316847,0.0017369447741657495
mlp_3x128_gelu_dropout_l2,30,30,292,0.0022724904119968414,0.0017359349876642227
mlp_3x128_gelu_dropout_l2,30,30,293,0.0022725663147866726,0.001736532198265195
mlp_3x128_gelu_dropout_l2,30,30,294,0.002271933015435934,0.0017416931223124266
mlp_3x128_gelu_dropout_l2,30,30,295,0.00227421335875988,0.0017378381453454494
mlp_3x128_gelu_dropout_l2,30,30,296,0.002273335587233305,0.0017391605069860816
mlp_3x128_gelu_dropout_l2,30,30,297,0.002276434563100338,0.001737473183311522
mlp_3x128_gelu_dropout_l2,30,30,298,0.002274496015161276,0.0017492667539045215
mlp_3x128_gelu_dropout_l2,30,30,299,0.002284303540363908,0.0017814745660871267
mlp_3x128_gelu_dropout_l2,30,30,300,0.002285959431901574,0.0017341480124741793
mlp_3x128_gelu_dropout_l2,30,30,301,0.0022864399943500757,0.001745492103509605
mlp_3x128_gelu_dropout_l2,30,30,302,0.0022782713640481234,0.00173957331571728
mlp_3x128_gelu_dropout_l2,30,30,303,0.0022769144270569086,0.001750122639350593
mlp_3x128_gelu_dropout_l2,30,30,304,0.002279292792081833,0.0017382049700245261
mlp_3x128_gelu_dropout_l2,30,30,305,0.0022812027018517256,0.0017557928804308176
mlp_3x128_gelu_dropout_l2,30,30,306,0.0022889014799147844,0.0017595581011846662
mlp_3x128_gelu_dropout_l2,30,30,307,0.0022808583453297615,0.0017456596251577139
mlp_3x128_gelu_dropout_l2,30,30,308,0.0022791516967117786,0.0017432068707421422
mlp_3x128_gelu_dropout_l2,30,30,309,0.0022748741321265697,0.0017404656391590834
mlp_3x128_gelu_dropout_l2,30,30,310,0.0022810539230704308,0.001756843295879662
mlp_3x128_gelu_dropout_l2,30,30,311,0.002275267615914345,0.0017431395826861262
mlp_3x128_gelu_dropout_l2,30,30,312,0.00227937288582325,0.0017485878197476268
mlp_3x128_gelu_dropout_l2,30,30,313,0.0022697870153933764,0.0017455137567594647
mlp_3x128_gelu_dropout_l2,30,30,314,0.0022780972067266703,0.0017418439965695143
mlp_3x128_gelu_dropout_l2,30,30,315,0.002283550100401044,0.0017617755802348256
mlp_3x128_gelu_dropout_l2,30,30,316,0.00229141884483397,0.0017475708154961467
mlp_3x128_gelu_dropout_l2,30,30,317,0.002280660206452012,0.0017397500341758132
mlp_3x128_gelu_dropout_l2,30,30,318,0.0022776939440518618,0.0017450193408876657
mlp_3x128_gelu_dropout_l2,30,30,319,0.002273732330650091,0.0017352990107610822
mlp_3x128_gelu_dropout_l2,30,30,320,0.002271519275382161,0.0017369986744597554
mlp_3x128_gelu_dropout_l2,30,30,321,0.0022708061151206493,0.001737474463880062
mlp_3x128_gelu_dropout_l2,30,30,322,0.0022728482726961374,0.0017454156186431646
mlp_3x128_gelu_dropout_l2,30,30,323,0.0022722536232322454,0.0017395318718627095
mlp_3x128_gelu_dropout_l2,30,30,324,0.002273037564009428,0.001734308898448944
mlp_3x128_gelu_dropout_l2,30,30,325,0.0022696394007653,0.001735726254992187
mlp_3x128_gelu_dropout_l2,30,30,326,0.002271477598696947,0.0017327279783785343
mlp_3x128_gelu_dropout_l2,30,30,327,0.0022712917998433113,0.0017351170536130667
mlp_3x128_gelu_dropout_l2,30,30,328,0.0022726028691977262,0.0017363793449476361
mlp_3x128_gelu_dropout_l2,30,30,329,0.0022728629410266876,0.0017354985466226935
mlp_3x128_gelu_dropout_l2,30,30,330,0.0022727721370756626,0.0017376739997416735
mlp_3x128_gelu_dropout_l2,30,30,331,0.002271810546517372,0.0017379579367116094
mlp_3x128_gelu_dropout_l2,30,30,332,0.0022735141683369875,0.0017359817866235971
mlp_3x128_gelu_dropout_l2,30,30,333,0.002270517870783806,0.001736498554237187
mlp_3x128_gelu_dropout_l2,30,30,334,0.00227404129691422,0.0017389963613823056
mlp_3x128_gelu_dropout_l2,30,30,335,0.002271051984280348,0.0017333074938505888
mlp_3x128_gelu_dropout_l2,30,30,336,0.002272780518978834,0.0017410648288205266
mlp_3x128_gelu_dropout_l2,30,30,337,0.0022722184658050537,0.0017403034726157784
mlp_3x128_gelu_dropout_l2,30,30,338,0.002274320460855961,0.00174171500839293
mlp_3x128_gelu_dropout_l2,30,30,339,0.002272941404953599,0.0017406332772225142
mlp_3x128_gelu_dropout_l2,30,30,340,0.0022737837862223387,0.0017322335625067353
mlp_3x128_gelu_dropout_l2,30,30,341,0.002270527184009552,0.0017397215124219656
mlp_3x128_gelu_dropout_l2,30,30,342,0.0022730017080903053,0.0017348830588161945
mlp_3x128_gelu_dropout_l2,30,30,343,0.0022718196269124746,0.0017401230288669467
mlp_3x128_gelu_dropout_l2,30,30,344,0.0022736098617315292,0.001743701403029263
mlp_3x128_gelu_dropout_l2,30,30,345,0.0022743563167750835,0.0017387084662914276
mlp_3x128_gelu_dropout_l2,30,30,346,0.002274340484291315,0.001737559330649674
mlp_3x128_gelu_dropout_l2,30,30,347,0.0022726694587618113,0.001738250837661326
mlp_3x128_gelu_dropout_l2,30,30,348,0.0022747369948774576,0.0017366844695061445
mlp_3x128_gelu_dropout_l2,30,30,349,0.0022709385957568884,0.0017364268423989415
mlp_3x128_gelu_dropout_l2,30,30,350,0.0022744284942746162,0.0017308556707575917
mlp_3x128_gelu_dropout_l2,30,30,351,0.002269909018650651,0.001738141872920096
mlp_3x128_gelu_dropout_l2,30,30,352,0.0022743053268641233,0.001738930121064186
mlp_3x128_gelu_dropout_l2,30,30,353,0.00227110693231225,0.0017398789059370756
mlp_3x128_gelu_dropout_l2,30,30,354,0.0022729672491550446,0.0017355084419250488
mlp_3x128_gelu_dropout_l2,30,30,355,0.0022719469852745533,0.0017383492086082697
mlp_3x128_gelu_dropout_l2,30,30,356,0.0022738054394721985,0.0017334637232124805
mlp_3x128_gelu_dropout_l2,30,30,357,0.0022727164905518293,0.0017360924975946546
mlp_3x128_gelu_dropout_l2,30,30,358,0.002274960046634078,0.0017364935483783484
mlp_3x128_gelu_dropout_l2,30,30,359,0.0022744908928871155,0.0017358141485601664
mlp_3x128_gelu_dropout_l2,30,30,360,0.0022756922990083694,0.001733465469442308
mlp_3x128_gelu_dropout_l2,30,30,361,0.0022758084814995527,0.0017412565648555756
mlp_3x128_gelu_dropout_l2,30,30,362,0.0022757130209356546,0.001737812883220613
mlp_3x128_gelu_dropout_l2,30,30,363,0.002280654152855277,0.0017534048529341817
mlp_3x128_gelu_dropout_l2,30,30,364,0.0022927909158170223,0.0017830667784437537
mlp_3x128_gelu_dropout_l2,30,30,365,0.002287775743752718,0.0017700438620522618
mlp_3x128_gelu_dropout_l2,30,30,366,0.002294702921062708,0.001752241631038487
mlp_3x128_gelu_dropout_l2,30,30,367,0.0022791936062276363,0.0017484119161963463
mlp_3x128_gelu_dropout_l2,30,30,368,0.002276079962030053,0.0017379580531269312
mlp_3x128_gelu_dropout_l2,30,30,369,0.0022728219628334045,0.001736928941681981
mlp_3x128_gelu_dropout_l2,30,30,370,0.002269395627081394,0.0017381032230332494
mlp_3x128_gelu_dropout_l2,30,30,371,0.0022704368457198143,0.0017364351078867912
mlp_3x128_gelu_dropout_l2,30,30,372,0.0022702289279550314,0.001737584243528545
mlp_3x128_gelu_dropout_l2,30,30,373,0.0022709849290549755,0.0017353217117488384
mlp_3x128_gelu_dropout_l2,30,30,374,0.0022702692076563835,0.001735570258460939
mlp_3x128_gelu_dropout_l2,30,30,375,0.002270032884553075,0.0017348604742437601
mlp_3x128_gelu_dropout_l2,30,30,376,0.0022706754971295595,0.0017363046063110232
mlp_3x128_gelu_dropout_l2,30,30,377,0.0022722205612808466,0.0017355637392029166
mlp_3x128_gelu_dropout_l2,30,30,378,0.0022716489620506763,0.0017393709858879447
mlp_3x128_gelu_dropout_l2,30,30,379,0.0022738748230040073,0.0017331127310171723
mlp_3x128_gelu_dropout_l2,30,30,380,0.0022706580348312855,0.0017384798265993595
mlp_3x128_gelu_dropout_l2,30,30,381,0.0022737274412065744,0.0017344980733469129
mlp_3x128_gelu_dropout_l2,30,30,382,0.0022702538408339024,0.0017382926307618618
mlp_3x128_gelu_dropout_l2,30,30,383,0.0022725285962224007,0.0017373706214129925
mlp_3x128_gelu_dropout_l2,30,30,384,0.002271146746352315,0.0017391492146998644
mlp_3x128_gelu_dropout_l2,30,30,385,0.002272096462547779,0.0017379956552758813
mlp_3x128_gelu_dropout_l2,30,30,386,0.002271521370857954,0.0017397359479218721
mlp_3x128_gelu_dropout_l2,30,30,387,0.0022719043772667646,0.001736742677167058
mlp_3x128_gelu_dropout_l2,30,30,388,0.0022713730577379465,0.0017389225540682673
mlp_3x128_gelu_dropout_l2,30,30,389,0.0022732221987098455,0.0017376021714881063
mlp_3x128_gelu_dropout_l2,30,30,390,0.0022737865801900625,0.0017392984591424465
mlp_3x128_gelu_dropout_l2,30,30,391,0.002273338381201029,0.0017356242751702666
mlp_3x128_gelu_dropout_l2,30,30,392,0.002273128367960453,0.0017387333791702986
mlp_3x128_gelu_dropout_l2,30,30,393,0.002273047575727105,0.001740246545523405
mlp_3x128_gelu_dropout_l2,30,30,394,0.002274472266435623,0.001742425374686718
mlp_3x128_gelu_dropout_l2,30,30,395,0.002273787744343281,0.0017395252361893654
mlp_3x128_gelu_dropout_l2,30,30,396,0.002273708116263151,0.0017353208968415856
mlp_3x128_gelu_dropout_l2,30,30,397,0.0022745896130800247,0.0017387029947713017
mlp_3x128_gelu_dropout_l2,30,30,398,0.002272628480568528,0.001741180196404457
mlp_3x128_gelu_dropout_l2,30,30,399,0.0022763900924474,0.001740780076943338
mlp_3x128_gelu_dropout_l2,30,30,400,0.0022731604985892773,0.001741426414810121
mlp_3x128_gelu_dropout_l2,30,30,401,0.002274197991937399,0.0017375253373757005
mlp_3x128_gelu_dropout_l2,30,30,402,0.0022734494414180517,0.0017358119366690516
mlp_3x128_gelu_dropout_l2,30,30,403,0.002276265760883689,0.0017348151886835694
mlp_3x128_gelu_dropout_l2,30,30,404,0.00227463454939425,0.0017343561630696058
mlp_3x128_gelu_dropout_l2,30,30,405,0.0022718121763318777,0.0017475277418270707
mlp_3x128_gelu_dropout_l2,30,30,406,0.0022779270075261593,0.0017454087501391768
mlp_3x128_gelu_dropout_l2,30,30,407,0.002279639942571521,0.0017424531979486346
mlp_3x128_gelu_dropout_l2,30,30,408,0.0022972908336669207,0.0018407460302114487
mlp_3x128_gelu_dropout_l2,30,30,409,0.0023103212006390095,0.0018009021878242493
mlp_3x128_gelu_dropout_l2,30,30,410,0.0022864893544465303,0.0017421391094103456
mlp_3x128_gelu_dropout_l2,30,30,411,0.002291474025696516,0.0017555073136463761
mlp_3x128_gelu_dropout_l2,30,30,412,0.00229214527644217,0.0017573636723682284
mlp_3x128_gelu_dropout_l2,30,30,413,0.002284080022946,0.0017462377436459064
mlp_3x128_gelu_dropout_l2,30,30,414,0.002281598746776581,0.0017505597788840532
mlp_3x128_gelu_dropout_l2,30,30,415,0.0022843184415251017,0.0017494539497420192
mlp_3x128_gelu_dropout_l2,30,30,416,0.0022752813529223204,0.0017421644879505038
mlp_3x128_gelu_dropout_l2,30,30,417,0.0022727572359144688,0.001742504071444273
mlp_3x128_gelu_dropout_l2,30,30,418,0.0022717532701790333,0.0017391041619703174
mlp_3x128_gelu_dropout_l2,30,30,419,0.0022755293175578117,0.0017452152678743005
mlp_3x128_gelu_dropout_l2,30,30,420,0.002271672710776329,0.001741475542075932
mlp_3x128_gelu_dropout_l2,30,30,421,0.002278372412547469,0.0017538159154355526
mlp_3x128_gelu_dropout_l2,30,30,422,0.00227977498434484,0.001746585126966238
mlp_3x128_gelu_dropout_l2,30,30,423,0.002284390153363347,0.0017444923287257552
mlp_3x128_gelu_dropout_l2,30,30,424,0.002276366576552391,0.0017563330475240946
mlp_3x128_gelu_dropout_l2,30,30,425,0.0022728818003088236,0.001745583489537239
mlp_3x128_gelu_dropout_l2,30,30,426,0.002280991291627288,0.0017418393399566412
mlp_3x128_gelu_dropout_l2,30,30,427,0.0022718084510415792,0.0017515026265755296
mlp_3x128_gelu_dropout_l2,30,30,428,0.002283366397023201,0.001758307684212923
mlp_3x128_gelu_dropout_l2,30,30,429,0.002270470140501857,0.0017491563921794295
mlp_3x128_gelu_dropout_l2,30,30,430,0.002278306521475315,0.0017532501369714737
mlp_3x128_gelu_dropout_l2,30,30,431,0.0022756431717425585,0.0017442330718040466
mlp_3x128_gelu_dropout_l2,30,30,432,0.002284964546561241,0.0017579786945134401
mlp_3x128_gelu_dropout_l2,30,30,433,0.00228162482380867,0.0017604490276426077
mlp_3x128_gelu_dropout_l2,30,30,434,0.002285240450873971,0.001764751854352653
mlp_3x128_gelu_dropout_l2,30,30,435,0.0022765856701880693,0.0017518926179036498
mlp_3x128_gelu_dropout_l2,30,30,436,0.0022928547114133835,0.0017477901419624686
mlp_3x128_gelu_dropout_l2,30,30,437,0.002277947496622801,0.0017482999246567488
mlp_3x128_gelu_dropout_l2,30,30,438,0.0022802199237048626,0.0017405633116140962
mlp_3x128_gelu_dropout_l2,30,30,439,0.0022783151362091303,0.0017562253633514047
mlp_3x128_gelu_dropout_l2,30,30,440,0.0022722859866917133,0.0017475401982665062
mlp_3x128_gelu_dropout_l2,30,30,441,0.002276162849739194,0.001745040062814951
mlp_3x128_gelu_dropout_l2,30,30,442,0.00228418898768723,0.0017459167866036296
mlp_3x128_gelu_dropout_l2,30,30,443,0.002277250401675701,0.0017414477188140154
mlp_3x128_gelu_dropout_l2,30,30,444,0.0022789707873016596,0.0017354509327560663
mlp_3x128_gelu_dropout_l2,30,30,445,0.0022759148851037025,0.0017417481867596507
mlp_3x128_gelu_dropout_l2,30,30,446,0.0022763086017221212,0.0017395656323060393
mlp_3x128_gelu_dropout_l2,30,30,447,0.0022744734305888414,0.001735673751682043
mlp_3x128_gelu_dropout_l2,30,30,448,0.0022720498964190483,0.0017397940391674638
mlp_3x128_gelu_dropout_l2,30,30,449,0.002272615907713771,0.0017329409020021558
mlp_3x128_gelu_dropout_l2,30,30,450,0.0022701092530041933,0.0017364883096888661
mlp_3x128_gelu_dropout_l2,30,30,451,0.002273458056151867,0.001738724997267127
mlp_3x128_gelu_dropout_l2,30,30,452,0.00227179192006588,0.001738014630973339
mlp_3x128_gelu_dropout_l2,30,30,453,0.002271785866469145,0.001735704019665718
mlp_3x128_gelu_dropout_l2,30,30,454,0.002272282727062702,0.0017392078880220652
mlp_3x128_gelu_dropout_l2,30,30,455,0.0022726731840521097,0.0017398364143446088
mlp_3x128_gelu_dropout_l2,30,30,456,0.0022726182360202074,0.0017368508270010352
mlp_3x128_gelu_dropout_l2,30,30,457,0.0022721525747328997,0.0017395142931491137
mlp_3x128_gelu_dropout_l2,30,30,458,0.0022728757467120886,0.0017354862065985799
mlp_3x128_gelu_dropout_l2,30,30,459,0.002272746292874217,0.001737432787194848
mlp_3x128_gelu_dropout_l2,30,30,460,0.002272931393235922,0.0017340342747047544
mlp_3x128_gelu_dropout_l2,30,30,461,0.0022727511823177338,0.001734234276227653
mlp_3x128_gelu_dropout_l2,30,30,462,0.002272126032039523,0.0017387722618877888
mlp_3x128_gelu_dropout_l2,30,30,463,0.0022729146294295788,0.0017382791265845299
mlp_3x128_gelu_dropout_l2,30,30,464,0.002273473422974348,0.0017385106766596437
mlp_3x128_gelu_dropout_l2,30,30,465,0.002274234313517809,0.001737157697789371
mlp_3x128_gelu_dropout_l2,30,30,466,0.0022726748138666153,0.0017352403374388814
mlp_3x128_gelu_dropout_l2,30,30,467,0.002274534897878766,0.0017318284371867776
mlp_3x128_gelu_dropout_l2,30,30,468,0.0022713395301252604,0.001735124969854951
mlp_3x128_gelu_dropout_l2,30,30,469,0.002273652935400605,0.0017368424450978637
mlp_3x128_gelu_dropout_l2,30,30,470,0.0022725057788193226,0.001734853838570416
mlp_3x128_gelu_dropout_l2,30,30,471,0.0022734759841114283,0.0017403895035386086
mlp_3x128_gelu_dropout_l2,30,30,472,0.0022750820498913527,0.0017356864409521222
mlp_3x128_gelu_dropout_l2,30,30,473,0.00227261777035892,0.0017398757627233863
mlp_3x128_gelu_dropout_l2,30,30,474,0.0022729840129613876,0.0017377345357090235
mlp_3x128_gelu_dropout_l2,30,30,475,0.002272113226354122,0.0017384239472448826
mlp_3x128_gelu_dropout_l2,30,30,476,0.002273554215207696,0.0017388928681612015
mlp_3x128_gelu_dropout_l2,30,30,477,0.0022714734077453613,0.0017372106667608023
mlp_3x128_gelu_dropout_l2,30,30,478,0.002272938610985875,0.0017384995007887483
mlp_3x128_gelu_dropout_l2,30,30,479,0.0022711134515702724,0.00173524534329772
mlp_3x128_gelu_dropout_l2,30,30,480,0.002273691352456808,0.0017394714523106813
mlp_3x128_gelu_dropout_l2,30,30,481,0.0022723169531673193,0.0017318043392151594
mlp_3x128_gelu_dropout_l2,30,30,482,0.0022733339574187994,0.001740855979733169
mlp_3x128_gelu_dropout_l2,30,30,483,0.0022742648143321276,0.0017384403618052602
mlp_3x128_gelu_dropout_l2,30,30,484,0.002273243386298418,0.001737113343551755
mlp_3x128_gelu_dropout_l2,30,30,485,0.002277467865496874,0.0017520843539386988
mlp_3x128_gelu_dropout_l2,30,30,486,0.0022785852197557688,0.001768177142366767
mlp_3x128_gelu_dropout_l2,30,30,487,0.0023063032422214746,0.0018010351341217756
mlp_3x128_gelu_dropout_l2,30,30,488,0.002291926182806492,0.001787135610356927
mlp_3x128_gelu_dropout_l2,30,30,489,0.0023032263852655888,0.00174770038574934
mlp_3x128_gelu_dropout_l2,30,30,490,0.0022746126633137465,0.0017403807723894715
mlp_3x128_gelu_dropout_l2,30,30,491,0.0022751828655600548,0.0017408510902896523
mlp_3x128_gelu_dropout_l2,30,30,492,0.0022833424154669046,0.0017497350927442312
mlp_3x128_gelu_dropout_l2,30,30,493,0.0022836928255856037,0.0017630074871703982
mlp_3x128_gelu_dropout_l2,30,30,494,0.0022927862592041492,0.0017727562226355076
mlp_3x128_gelu_dropout_l2,30,30,495,0.0022833296097815037,0.0017462634714320302
mlp_3x128_gelu_dropout_l2,30,30,496,0.002276456216350198,0.0017466223798692226
mlp_3x128_gelu_dropout_l2,30,30,497,0.0022735765669494867,0.0017380921635776758
mlp_3x128_gelu_dropout_l2,30,30,498,0.0022704044822603464,0.0017302131745964289
mlp_3x128_gelu_dropout_l2,30,30,499,0.002270761178806424,0.001738599850796163
mlp_3x128_gelu_dropout_l2,30,30,500,0.0022712089121341705,0.001737531740218401
mlp_3x128_gelu_dropout_l2,30,90,1,0.13901549577713013,0.060480620712041855
mlp_3x128_gelu_dropout_l2,30,90,2,0.05777328461408615,0.044299665838479996
mlp_3x128_gelu_dropout_l2,30,90,3,0.04432128742337227,0.0372748002409935
mlp_3x128_gelu_dropout_l2,30,90,4,0.037411659955978394,0.03215538337826729
mlp_3x128_gelu_dropout_l2,30,90,5,0.032607488334178925,0.028343932703137398
mlp_3x128_gelu_dropout_l2,30,90,6,0.02889048308134079,0.02545619010925293
mlp_3x128_gelu_dropout_l2,30,90,7,0.025448083877563477,0.021881327033042908
mlp_3x128_gelu_dropout_l2,30,90,8,0.022356359288096428,0.019065089523792267
mlp_3x128_gelu_dropout_l2,30,90,9,0.01956837624311447,0.017197929322719574
mlp_3x128_gelu_dropout_l2,30,90,10,0.016991471871733665,0.014642403461039066
mlp_3x128_gelu_dropout_l2,30,90,11,0.014600702561438084,0.012682514265179634
mlp_3x128_gelu_dropout_l2,30,90,12,0.01267874613404274,0.011118926107883453
mlp_3x128_gelu_dropout_l2,30,90,13,0.011090397834777832,0.00982788484543562
mlp_3x128_gelu_dropout_l2,30,90,14,0.009854646399617195,0.008664684370160103
mlp_3x128_gelu_dropout_l2,30,90,15,0.008827891200780869,0.007904479280114174
mlp_3x128_gelu_dropout_l2,30,90,16,0.00803674291819334,0.007233073469251394
mlp_3x128_gelu_dropout_l2,30,90,17,0.007370383944362402,0.006657518446445465
mlp_3x128_gelu_dropout_l2,30,90,18,0.006803703960031271,0.006147024687379599
mlp_3x128_gelu_dropout_l2,30,90,19,0.006304338574409485,0.005683092400431633
mlp_3x128_gelu_dropout_l2,30,90,20,0.005872655659914017,0.005267198663204908
mlp_3x128_gelu_dropout_l2,30,90,21,0.005489708390086889,0.0048798746429383755
mlp_3x128_gelu_dropout_l2,30,90,22,0.00514386547729373,0.004535343032330275
mlp_3x128_gelu_dropout_l2,30,90,23,0.00483184028416872,0.004212168511003256
mlp_3x128_gelu_dropout_l2,30,90,24,0.004533756524324417,0.003942822106182575
mlp_3x128_gelu_dropout_l2,30,90,25,0.0042732092551887035,0.0036954283714294434
mlp_3x128_gelu_dropout_l2,30,90,26,0.004033359698951244,0.0034828719217330217
mlp_3x128_gelu_dropout_l2,30,90,27,0.003814831143245101,0.003268418600782752
mlp_3x128_gelu_dropout_l2,30,90,28,0.0036229630932211876,0.0030531161464750767
mlp_3x128_gelu_dropout_l2,30,90,29,0.003431702731177211,0.0028702574782073498
mlp_3x128_gelu_dropout_l2,30,90,30,0.003256944939494133,0.00271519529633224
mlp_3x128_gelu_dropout_l2,30,90,31,0.0030827403534203768,0.0025520676281303167
mlp_3x128_gelu_dropout_l2,30,90,32,0.0029276295099407434,0.002415568334981799
mlp_3x128_gelu_dropout_l2,30,90,33,0.0027818388771265745,0.0022984519600868225
mlp_3x128_gelu_dropout_l2,30,90,34,0.0026484294794499874,0.002176709473133087
mlp_3x128_gelu_dropout_l2,30,90,35,0.002526858588680625,0.002072830218821764
mlp_3x128_gelu_dropout_l2,30,90,36,0.0024137278087437153,0.0019654647912830114
mlp_3x128_gelu_dropout_l2,30,90,37,0.002309690695255995,0.0018727806163951755
mlp_3x128_gelu_dropout_l2,30,90,38,0.00221328460611403,0.0017896413337439299
mlp_3x128_gelu_dropout_l2,30,90,39,0.002125330502167344,0.0017089986940845847
mlp_3x128_gelu_dropout_l2,30,90,40,0.002050054492428899,0.0016318471170961857
mlp_3x128_gelu_dropout_l2,30,90,41,0.0019804416224360466,0.001563860452733934
mlp_3x128_gelu_dropout_l2,30,90,42,0.0019153777975589037,0.0014894979540258646
mlp_3x128_gelu_dropout_l2,30,90,43,0.001863502198830247,0.0014256531139835715
mlp_3x128_gelu_dropout_l2,30,90,44,0.0018097308930009604,0.0013880598125979304
mlp_3x128_gelu_dropout_l2,30,90,45,0.0017626252956688404,0.0013428707607090473
mlp_3x128_gelu_dropout_l2,30,90,46,0.0017224573530256748,0.0013030987465754151
mlp_3x128_gelu_dropout_l2,30,90,47,0.0016883115749806166,0.001264388207346201
mlp_3x128_gelu_dropout_l2,30,90,48,0.0016574683832004666,0.0012251497246325016
mlp_3x128_gelu_dropout_l2,30,90,49,0.0016244214493781328,0.0011828654678538442
mlp_3x128_gelu_dropout_l2,30,90,50,0.0015896953409537673,0.0011442597024142742
mlp_3x128_gelu_dropout_l2,30,90,51,0.0015617400640621781,0.0011178647400811315
mlp_3x128_gelu_dropout_l2,30,90,52,0.0015374462818726897,0.0010934727033600211
mlp_3x128_gelu_dropout_l2,30,90,53,0.0015156384324654937,0.0010790572268888354
mlp_3x128_gelu_dropout_l2,30,90,54,0.0014943177811801434,0.001062084804289043
mlp_3x128_gelu_dropout_l2,30,90,55,0.001475438941270113,0.0010553284082561731
mlp_3x128_gelu_dropout_l2,30,90,56,0.00146143336314708,0.0010545423720031977
mlp_3x128_gelu_dropout_l2,30,90,57,0.0014520470285788178,0.0010532300220802426
mlp_3x128_gelu_dropout_l2,30,90,58,0.0014435485936701298,0.001049759448505938
mlp_3x128_gelu_dropout_l2,30,90,59,0.001440203981474042,0.001043644268065691
mlp_3x128_gelu_dropout_l2,30,90,60,0.0014337191823869944,0.0010350103257223964
mlp_3x128_gelu_dropout_l2,30,90,61,0.0014326823875308037,0.0010196056682616472
mlp_3x128_gelu_dropout_l2,30,90,62,0.001430676318705082,0.0010109783615916967
mlp_3x128_gelu_dropout_l2,30,90,63,0.0014231848763301969,0.0010046923998743296
mlp_3x128_gelu_dropout_l2,30,90,64,0.0014149508206173778,0.0010073032462969422
mlp_3x128_gelu_dropout_l2,30,90,65,0.0014089886099100113,0.0009987790836021304
mlp_3x128_gelu_dropout_l2,30,90,66,0.0014050642494112253,0.0009898231364786625
mlp_3x128_gelu_dropout_l2,30,90,67,0.0014010639861226082,0.000986329629085958
mlp_3x128_gelu_dropout_l2,30,90,68,0.0013963306555524468,0.000978450058028102
mlp_3x128_gelu_dropout_l2,30,90,69,0.0013920713681727648,0.0009741392568685114
mlp_3x128_gelu_dropout_l2,30,90,70,0.0013885264052078128,0.0009736187639646232
mlp_3x128_gelu_dropout_l2,30,90,71,0.001386637450195849,0.0009707341669127345
mlp_3x128_gelu_dropout_l2,30,90,72,0.0013847568770870566,0.000971485860645771
mlp_3x128_gelu_dropout_l2,30,90,73,0.001385547686368227,0.0009738611988723278
mlp_3x128_gelu_dropout_l2,30,90,74,0.001385574578307569,0.0009725880809128284
mlp_3x128_gelu_dropout_l2,30,90,75,0.0013837299775332212,0.0009712302708067
mlp_3x128_gelu_dropout_l2,30,90,76,0.0013843041379004717,0.0009655003668740392
mlp_3x128_gelu_dropout_l2,30,90,77,0.0013842089101672173,0.000965285871643573
mlp_3x128_gelu_dropout_l2,30,90,78,0.001384287723340094,0.0009642140939831734
mlp_3x128_gelu_dropout_l2,30,90,79,0.0013847474474459887,0.0009611014393158257
mlp_3x128_gelu_dropout_l2,30,90,80,0.0013844355707988143,0.0009628618136048317
mlp_3x128_gelu_dropout_l2,30,90,81,0.001383006339892745,0.000966638617683202
mlp_3x128_gelu_dropout_l2,30,90,82,0.0013832163531333208,0.0009722320246510208
mlp_3x128_gelu_dropout_l2,30,90,83,0.0013852337142452598,0.0009862090228125453
mlp_3x128_gelu_dropout_l2,30,90,84,0.0013864331413060427,0.0010092390002682805
mlp_3x128_gelu_dropout_l2,30,90,85,0.0013888129033148289,0.0010297545231878757
mlp_3x128_gelu_dropout_l2,30,90,86,0.0013879300095140934,0.0010374995181337
mlp_3x128_gelu_dropout_l2,30,90,87,0.0013884904328733683,0.0010444383369758725
mlp_3x128_gelu_dropout_l2,30,90,88,0.0013887708773836493,0.0010457525495439768
mlp_3x128_gelu_dropout_l2,30,90,89,0.0013855926226824522,0.0010418604360893369
mlp_3x128_gelu_dropout_l2,30,90,90,0.0013828567462041974,0.0010408099042251706
mlp_3x128_gelu_dropout_l2,30,90,91,0.0013818069128319621,0.001042656134814024
mlp_3x128_gelu_dropout_l2,30,90,92,0.001380494679324329,0.001041655195876956
mlp_3x128_gelu_dropout_l2,30,90,93,0.0013789143413305283,0.0010435673175379634
mlp_3x128_gelu_dropout_l2,30,90,94,0.0013785319169983268,0.001046226010657847
mlp_3x128_gelu_dropout_l2,30,90,95,0.001378787448629737,0.0010455078445374966
mlp_3x128_gelu_dropout_l2,30,90,96,0.0013789460062980652,0.0010482871439307928
mlp_3x128_gelu_dropout_l2,30,90,97,0.0013777983840554953,0.001049751415848732
mlp_3x128_gelu_dropout_l2,30,90,98,0.0013774129329249263,0.0010512641165405512
mlp_3x128_gelu_dropout_l2,30,90,99,0.0013775142142549157,0.0010535870678722858
mlp_3x128_gelu_dropout_l2,30,90,100,0.0013795015402138233,0.0010532151209190488
mlp_3x128_gelu_dropout_l2,30,90,101,0.0013817930594086647,0.0010502744698897004
mlp_3x128_gelu_dropout_l2,30,90,102,0.0013816423015668988,0.0010392077965661883
mlp_3x128_gelu_dropout_l2,30,90,103,0.0013776262057945132,0.00103497295640409
mlp_3x128_gelu_dropout_l2,30,90,104,0.0013763054739683867,0.0010312830563634634
mlp_3x128_gelu_dropout_l2,30,90,105,0.001379536115564406,0.0010317334672436118
mlp_3x128_gelu_dropout_l2,30,90,106,0.0013823393965139985,0.001027898397296667
mlp_3x128_gelu_dropout_l2,30,90,107,0.00138131866697222,0.0010256213136017323
mlp_3x128_gelu_dropout_l2,30,90,108,0.0013788818614557385,0.0010167178697884083
mlp_3x128_gelu_dropout_l2,30,90,109,0.0013754507526755333,0.001018806011416018
mlp_3x128_gelu_dropout_l2,30,90,110,0.001375776482746005,0.0010235969675704837
mlp_3x128_gelu_dropout_l2,30,90,111,0.0013753714738413692,0.0010231623891741037
mlp_3x128_gelu_dropout_l2,30,90,112,0.0013750314246863127,0.0010186646832153201
mlp_3x128_gelu_dropout_l2,30,90,113,0.0013749883510172367,0.0010171442991122603
mlp_3x128_gelu_dropout_l2,30,90,114,0.0013765759067609906,0.0010281591676175594
mlp_3x128_gelu_dropout_l2,30,90,115,0.0013805804774165154,0.0010484870290383697
mlp_3x128_gelu_dropout_l2,30,90,116,0.0013854417484253645,0.0010361351305618882
mlp_3x128_gelu_dropout_l2,30,90,117,0.0013789086369797587,0.0010260649723932147
mlp_3x128_gelu_dropout_l2,30,90,118,0.0013788039796054363,0.0010183110134676099
mlp_3x128_gelu_dropout_l2,30,90,119,0.0013749136123806238,0.0010064052185043693
mlp_3x128_gelu_dropout_l2,30,90,120,0.0013729643542319536,0.0010025224182754755
mlp_3x128_gelu_dropout_l2,30,90,121,0.001371724414639175,0.0010026470990851521
mlp_3x128_gelu_dropout_l2,30,90,122,0.0013735417742282152,0.0009986996883526444
mlp_3x128_gelu_dropout_l2,30,90,123,0.0013741161674261093,0.0009924494661390781
mlp_3x128_gelu_dropout_l2,30,90,124,0.0013687326572835445,0.0009978548623621464
mlp_3x128_gelu_dropout_l2,30,90,125,0.001370738260447979,0.0010053295409306884
mlp_3x128_gelu_dropout_l2,30,90,126,0.0013740857830271125,0.0010067431721836329
mlp_3x128_gelu_dropout_l2,30,90,127,0.001374408253468573,0.001006489503197372
mlp_3x128_gelu_dropout_l2,30,90,128,0.0013731541112065315,0.001005149562843144
mlp_3x128_gelu_dropout_l2,30,90,129,0.0013731882208958268,0.0010014690924435854
mlp_3x128_gelu_dropout_l2,30,90,130,0.0013710735365748405,0.000999652431346476
mlp_3x128_gelu_dropout_l2,30,90,131,0.001371045713312924,0.0009991500992327929
mlp_3x128_gelu_dropout_l2,30,90,132,0.0013704504817724228,0.001002353266812861
mlp_3x128_gelu_dropout_l2,30,90,133,0.0013702039141207933,0.0010032665450125933
mlp_3x128_gelu_dropout_l2,30,90,134,0.0013700973941013217,0.0010041848290711641
mlp_3x128_gelu_dropout_l2,30,90,135,0.001368433702737093,0.0010058000916615129
mlp_3x128_gelu_dropout_l2,30,90,136,0.0013684486038982868,0.0010060049826279283
mlp_3x128_gelu_dropout_l2,30,90,137,0.0013700423296540976,0.0010013439459726214
mlp_3x128_gelu_dropout_l2,30,90,138,0.0013693225337192416,0.0010002314811572433
mlp_3x128_gelu_dropout_l2,30,90,139,0.001368862227536738,0.0009945392375811934
mlp_3x128_gelu_dropout_l2,30,90,140,0.0013697774847969413,0.000990120111964643
mlp_3x128_gelu_dropout_l2,30,90,141,0.0013698148541152477,0.0009950099047273397
mlp_3x128_gelu_dropout_l2,30,90,142,0.001369334408082068,0.0009893267415463924
mlp_3x128_gelu_dropout_l2,30,90,143,0.0013682694407179952,0.0009909354848787189
mlp_3x128_gelu_dropout_l2,30,90,144,0.0013678595423698425,0.000989888096228242
mlp_3x128_gelu_dropout_l2,30,90,145,0.0013683466240763664,0.0009892124217003584
mlp_3x128_gelu_dropout_l2,30,90,146,0.0013678822433575988,0.000988665851764381
mlp_3x128_gelu_dropout_l2,30,90,147,0.0013688405742868781,0.0009857654804363847
mlp_3x128_gelu_dropout_l2,30,90,148,0.0013687354512512684,0.0009863063460215926
mlp_3x128_gelu_dropout_l2,30,90,149,0.0013679536059498787,0.0009910354856401682
mlp_3x128_gelu_dropout_l2,30,90,150,0.0013681931886821985,0.000988163286820054
mlp_3x128_gelu_dropout_l2,30,90,151,0.001367299584671855,0.0009893050882965326
mlp_3x128_gelu_dropout_l2,30,90,152,0.0013673065695911646,0.0009885379113256931
mlp_3x128_gelu_dropout_l2,30,90,153,0.0013670868938788772,0.0009869098430499434
mlp_3x128_gelu_dropout_l2,30,90,154,0.0013676773523911834,0.0009873616509139538
mlp_3x128_gelu_dropout_l2,30,90,155,0.001367649412713945,0.000982662197202444
mlp_3x128_gelu_dropout_l2,30,90,156,0.0013679719995707273,0.0009852400980889797
mlp_3x128_gelu_dropout_l2,30,90,157,0.001367697142995894,0.0009856410324573517
mlp_3x128_gelu_dropout_l2,30,90,158,0.0013674934161826968,0.0009860395221039653
mlp_3x128_gelu_dropout_l2,30,90,159,0.001368604484014213,0.000980445765890181
mlp_3x128_gelu_dropout_l2,30,90,160,0.0013669723412021995,0.0009811129420995712
mlp_3x128_gelu_dropout_l2,30,90,161,0.001367180491797626,0.0009811512427404523
mlp_3x128_gelu_dropout_l2,30,90,162,0.001367215532809496,0.000978332944214344
mlp_3x128_gelu_dropout_l2,30,90,163,0.0013673247303813696,0.0009803468128666282
mlp_3x128_gelu_dropout_l2,30,90,164,0.001367546385154128,0.0009794785873964429
mlp_3x128_gelu_dropout_l2,30,90,165,0.0013679186813533306,0.00097867741715163
mlp_3x128_gelu_dropout_l2,30,90,166,0.0013679644325748086,0.0009733824990689754
mlp_3x128_gelu_dropout_l2,30,90,167,0.0013650094624608755,0.000983432517386973
mlp_3x128_gelu_dropout_l2,30,90,168,0.0013665667502209544,0.0009736208012327552
mlp_3x128_gelu_dropout_l2,30,90,169,0.0013665305450558662,0.0009742486872710288
mlp_3x128_gelu_dropout_l2,30,90,170,0.0013683870201930404,0.0009722482063807547
mlp_3x128_gelu_dropout_l2,30,90,171,0.0013685593148693442,0.0009831205243244767
mlp_3x128_gelu_dropout_l2,30,90,172,0.0013713634107261896,0.0009865129832178354
mlp_3x128_gelu_dropout_l2,30,90,173,0.0013665070291608572,0.0009815723169595003
mlp_3x128_gelu_dropout_l2,30,90,174,0.0013660985277965665,0.0009825470624491572
mlp_3x128_gelu_dropout_l2,30,90,175,0.001372547005303204,0.0009960023453459144
mlp_3x128_gelu_dropout_l2,30,90,176,0.0013723267475143075,0.0009868565248325467
mlp_3x128_gelu_dropout_l2,30,90,177,0.0013705533929169178,0.0009918765863403678
mlp_3x128_gelu_dropout_l2,30,90,178,0.0013756129192188382,0.0009734737104736269
mlp_3x128_gelu_dropout_l2,30,90,179,0.001378011074848473,0.0009863665327429771
mlp_3x128_gelu_dropout_l2,30,90,180,0.0013706370955333114,0.0009797356324270368
mlp_3x128_gelu_dropout_l2,30,90,181,0.0013671171618625522,0.0009842185536399484
mlp_3x128_gelu_dropout_l2,30,90,182,0.0013705387245863676,0.0009711749153211713
mlp_3x128_gelu_dropout_l2,30,90,183,0.0013709855265915394,0.0009810463525354862
mlp_3x128_gelu_dropout_l2,30,90,184,0.0013704641023650765,0.0009866515174508095
mlp_3x128_gelu_dropout_l2,30,90,185,0.001371745951473713,0.0009756027138791978
mlp_3x128_gelu_dropout_l2,30,90,186,0.0013749744975939393,0.0009940441232174635
mlp_3x128_gelu_dropout_l2,30,90,187,0.0013913793954998255,0.0009917792631313205
mlp_3x128_gelu_dropout_l2,30,90,188,0.001367354765534401,0.0009627994731999934
mlp_3x128_gelu_dropout_l2,30,90,189,0.0013791247038170695,0.000987329869531095
mlp_3x128_gelu_dropout_l2,30,90,190,0.0013649719767272472,0.0009675282053649426
mlp_3x128_gelu_dropout_l2,30,90,191,0.0013686929596588016,0.0009762090630829334
mlp_3x128_gelu_dropout_l2,30,90,192,0.0013703258009627461,0.0009686267003417015
mlp_3x128_gelu_dropout_l2,30,90,193,0.0013687899336218834,0.0009748789598233998
mlp_3x128_gelu_dropout_l2,30,90,194,0.001370846526697278,0.0009979617316275835
mlp_3x128_gelu_dropout_l2,30,90,195,0.0013698716647922993,0.0009747217409312725
mlp_3x128_gelu_dropout_l2,30,90,196,0.00136734324041754,0.0009601203491911292
mlp_3x128_gelu_dropout_l2,30,90,197,0.0013739042915403843,0.0009830861818045378
mlp_3x128_gelu_dropout_l2,30,90,198,0.0013900769408792257,0.0009881919249892235
mlp_3x128_gelu_dropout_l2,30,90,199,0.0013760036090388894,0.0009683842654339969
mlp_3x128_gelu_dropout_l2,30,90,200,0.0013713757507503033,0.0009737844229675829
mlp_3x128_gelu_dropout_l2,30,90,201,0.0013622230617329478,0.0009675432229414582
mlp_3x128_gelu_dropout_l2,30,90,202,0.001363449264317751,0.0009751925244927406
mlp_3x128_gelu_dropout_l2,30,90,203,0.001368747092783451,0.000994285219348967
mlp_3x128_gelu_dropout_l2,30,90,204,0.0013682455755770206,0.0009879833087325096
mlp_3x128_gelu_dropout_l2,30,90,205,0.0013666930608451366,0.0009967496152967215
mlp_3x128_gelu_dropout_l2,30,90,206,0.0013671142514795065,0.0009981145849451423
mlp_3x128_gelu_dropout_l2,30,90,207,0.0013672823552042246,0.0010081526124849916
mlp_3x128_gelu_dropout_l2,30,90,208,0.0013669825857505202,0.0009939857991412282
mlp_3x128_gelu_dropout_l2,30,90,209,0.0013678530231118202,0.0009891671361401677
mlp_3x128_gelu_dropout_l2,30,90,210,0.0013675820082426071,0.0009898929856717587
mlp_3x128_gelu_dropout_l2,30,90,211,0.0013700203271582723,0.0010190473403781652
mlp_3x128_gelu_dropout_l2,30,90,212,0.0013792950194329023,0.0010070559801533818
mlp_3x128_gelu_dropout_l2,30,90,213,0.0013743380550295115,0.0010171039029955864
mlp_3x128_gelu_dropout_l2,30,90,214,0.0013855192810297012,0.0010317066917195916
mlp_3x128_gelu_dropout_l2,30,90,215,0.0013779154978692532,0.000981425167992711
mlp_3x128_gelu_dropout_l2,30,90,216,0.0013724310556426644,0.0009690645965747535
mlp_3x128_gelu_dropout_l2,30,90,217,0.00136861065402627,0.0009893715614452958
mlp_3x128_gelu_dropout_l2,30,90,218,0.0013681275304406881,0.0009957258589565754
mlp_3x128_gelu_dropout_l2,30,90,219,0.0013720483984798193,0.001009092666208744
mlp_3x128_gelu_dropout_l2,30,90,220,0.0013801200548186898,0.0010459489421918988
mlp_3x128_gelu_dropout_l2,30,90,221,0.0013892558636143804,0.0009946501813828945
mlp_3x128_gelu_dropout_l2,30,90,222,0.001372968079522252,0.0009771299082785845
mlp_3x128_gelu_dropout_l2,30,90,223,0.0013733914820477366,0.0009830780327320099
mlp_3x128_gelu_dropout_l2,30,90,224,0.0013764288742095232,0.0010035326704382896
mlp_3x128_gelu_dropout_l2,30,90,225,0.0013789825607091188,0.0010133639443665743
mlp_3x128_gelu_dropout_l2,30,90,226,0.0013927854597568512,0.0010100698564201593
mlp_3x128_gelu_dropout_l2,30,90,227,0.0013672999339178205,0.0009865410393103957
mlp_3x128_gelu_dropout_l2,30,90,228,0.0013720884453505278,0.0009653651504777372
mlp_3x128_gelu_dropout_l2,30,90,229,0.001369765494018793,0.0009701575036160648
mlp_3x128_gelu_dropout_l2,30,90,230,0.0013717357069253922,0.0009686161065474153
mlp_3x128_gelu_dropout_l2,30,90,231,0.0013665881706401706,0.0009914617985486984
mlp_3x128_gelu_dropout_l2,30,90,232,0.0013783399481326342,0.0010464803781360388
mlp_3x128_gelu_dropout_l2,30,90,233,0.0013705298770219088,0.000991431879810989
mlp_3x128_gelu_dropout_l2,30,90,234,0.0013820161111652851,0.0009871271904557943
mlp_3x128_gelu_dropout_l2,30,90,235,0.0013702347641810775,0.0009769151220098138
mlp_3x128_gelu_dropout_l2,30,90,236,0.0013713603839278221,0.0009665086399763823
mlp_3x128_gelu_dropout_l2,30,90,237,0.0013726286124438047,0.0009826490422710776
mlp_3x128_gelu_dropout_l2,30,90,238,0.0013804177287966013,0.0010092261945828795
mlp_3x128_gelu_dropout_l2,30,90,239,0.001384092029184103,0.0009776187362149358
mlp_3x128_gelu_dropout_l2,30,90,240,0.0013807881623506546,0.0009941478492692113
mlp_3x128_gelu_dropout_l2,30,90,241,0.0013684480218216777,0.000959967088419944
mlp_3x128_gelu_dropout_l2,30,90,242,0.0013675378868356347,0.000979673583060503
mlp_3x128_gelu_dropout_l2,30,90,243,0.001376472762785852,0.001031556399539113
mlp_3x128_gelu_dropout_l2,30,90,244,0.001379747991450131,0.0009980803588405252
mlp_3x128_gelu_dropout_l2,30,90,245,0.0013894595904275775,0.000984672224149108
mlp_3x128_gelu_dropout_l2,30,90,246,0.0013864957727491856,0.0010133679024875164
mlp_3x128_gelu_dropout_l2,30,90,247,0.0013852518750354648,0.0009773863712325692
mlp_3x128_gelu_dropout_l2,30,90,248,0.0013753040693700314,0.0009834762895479798
mlp_3x128_gelu_dropout_l2,30,90,249,0.0013820911990478635,0.0010245481971651316
mlp_3x128_gelu_dropout_l2,30,90,250,0.0013728747144341469,0.0009880082216113806
mlp_3x128_gelu_dropout_l2,30,90,251,0.0013787760399281979,0.0010065811220556498
mlp_3x128_gelu_dropout_l2,30,90,252,0.0013768505305051804,0.0010063416557386518
mlp_3x128_gelu_dropout_l2,30,90,253,0.0013666513841599226,0.0009861676953732967
mlp_3x128_gelu_dropout_l2,30,90,254,0.0013870183611288667,0.0010444778017699718
mlp_3x128_gelu_dropout_l2,30,90,255,0.0013743051094934344,0.0009687708225101233
mlp_3x128_gelu_dropout_l2,30,90,256,0.001371542690321803,0.0009697407949715853
mlp_3x128_gelu_dropout_l2,30,90,257,0.001368585741147399,0.0009730734745971859
mlp_3x128_gelu_dropout_l2,30,90,258,0.0013694402296096087,0.0009735891944728792
mlp_3x128_gelu_dropout_l2,30,90,259,0.0013795132981613278,0.00100838509388268
mlp_3x128_gelu_dropout_l2,30,90,260,0.0013733479427173734,0.0009854089003056288
mlp_3x128_gelu_dropout_l2,30,90,261,0.0013754308456555009,0.0009916680864989758
mlp_3x128_gelu_dropout_l2,30,90,262,0.0013697589747607708,0.0009872132213786244
mlp_3x128_gelu_dropout_l2,30,90,263,0.001365392585285008,0.000981392222456634
mlp_3x128_gelu_dropout_l2,30,90,264,0.0013752983650192618,0.0010073775192722678
mlp_3x128_gelu_dropout_l2,30,90,265,0.0013828102964907885,0.0010051310528069735
mlp_3x128_gelu_dropout_l2,30,90,266,0.0013908540131524205,0.001026288722641766
mlp_3x128_gelu_dropout_l2,30,90,267,0.0013895133743062615,0.0010090603027492762
mlp_3x128_gelu_dropout_l2,30,90,268,0.0013734414242208004,0.0009822286665439606
mlp_3x128_gelu_dropout_l2,30,90,269,0.0013749448116868734,0.0009620554046705365
mlp_3x128_gelu_dropout_l2,30,90,270,0.0013719166163355112,0.0009836480021476746
mlp_3x128_gelu_dropout_l2,30,90,271,0.0013673010980710387,0.000982471159659326
mlp_3x128_gelu_dropout_l2,30,90,272,0.0013734386302530766,0.0009936006972566247
mlp_3x128_gelu_dropout_l2,30,90,273,0.0013740200083702803,0.0010039833141490817
mlp_3x128_gelu_dropout_l2,30,90,274,0.0013825554633513093,0.0010092739248648286
mlp_3x128_gelu_dropout_l2,30,90,275,0.0013806866481900215,0.0010229075560346246
mlp_3x128_gelu_dropout_l2,30,90,276,0.001379969879053533,0.00099023652728647
mlp_3x128_gelu_dropout_l2,30,90,277,0.001370221027173102,0.0009854654781520367
mlp_3x128_gelu_dropout_l2,30,90,278,0.00137078866828233,0.001003518351353705
mlp_3x128_gelu_dropout_l2,30,90,279,0.0013722381554543972,0.0009731198661029339
mlp_3x128_gelu_dropout_l2,30,90,280,0.0013759896392002702,0.0009850927162915468
mlp_3x128_gelu_dropout_l2,30,90,281,0.001376646920107305,0.001026311656460166
mlp_3x128_gelu_dropout_l2,30,90,282,0.0013904429506510496,0.0009968961821869016
mlp_3x128_gelu_dropout_l2,30,90,283,0.0013674889924004674,0.0010163328843191266
mlp_3x128_gelu_dropout_l2,30,90,284,0.0013713021762669086,0.0009626479004509747
mlp_3x128_gelu_dropout_l2,30,90,285,0.0013682845747098327,0.0009986222721636295
mlp_3x128_gelu_dropout_l2,30,90,286,0.0013809667434543371,0.001001889118924737
mlp_3x128_gelu_dropout_l2,30,90,287,0.0013867393136024475,0.0009983523050323129
mlp_3x128_gelu_dropout_l2,30,90,288,0.0013856191653758287,0.0009792776545509696
mlp_3x128_gelu_dropout_l2,30,90,289,0.001375083695165813,0.000990671687759459
mlp_3x128_gelu_dropout_l2,30,90,290,0.0013756313128396869,0.0010004359064623713
mlp_3x128_gelu_dropout_l2,30,90,291,0.001378082437440753,0.0010436751181259751
mlp_3x128_gelu_dropout_l2,30,90,292,0.001387115684337914,0.0009873989038169384
mlp_3x128_gelu_dropout_l2,30,90,293,0.0013655949151143432,0.001007754122838378
mlp_3x128_gelu_dropout_l2,30,90,294,0.0013943483354523778,0.001039649941958487
mlp_3x128_gelu_dropout_l2,30,90,295,0.0013817042345181108,0.0009771687909960747
mlp_3x128_gelu_dropout_l2,30,90,296,0.0013658402021974325,0.000976254406850785
mlp_3x128_gelu_dropout_l2,30,90,297,0.0013658205280080438,0.0009668013663031161
mlp_3x128_gelu_dropout_l2,30,90,298,0.0013748760102316737,0.0009770217584446073
mlp_3x128_gelu_dropout_l2,30,90,299,0.0013743300223723054,0.0010108529822900891
mlp_3x128_gelu_dropout_l2,30,90,300,0.001377325737848878,0.0010652062483131886
mlp_3x128_gelu_dropout_l2,30,90,301,0.0013772002421319485,0.0009545787470415235
mlp_3x128_gelu_dropout_l2,30,90,302,0.0013700518757104874,0.0009736092761158943
mlp_3x128_gelu_dropout_l2,30,90,303,0.0013724357122555375,0.0009735015337355435
mlp_3x128_gelu_dropout_l2,30,90,304,0.0013746288605034351,0.0009974668500944972
mlp_3x128_gelu_dropout_l2,30,90,305,0.0013752920785918832,0.0010138977086171508
mlp_3x128_gelu_dropout_l2,30,90,306,0.001397151150740683,0.0009764570277184248
mlp_3x128_gelu_dropout_l2,30,90,307,0.0013779082801192999,0.0009917177958413959
mlp_3x128_gelu_dropout_l2,30,90,308,0.0013871787814423442,0.000991222565062344
mlp_3x128_gelu_dropout_l2,30,90,309,0.0013881262857466936,0.0010149936424568295
mlp_3x128_gelu_dropout_l2,30,90,310,0.0013858993770554662,0.001025869743898511
mlp_3x128_gelu_dropout_l2,30,90,311,0.0013773372629657388,0.0009609770495444536
mlp_3x128_gelu_dropout_l2,30,90,312,0.0013739954447373748,0.0009940486634150147
mlp_3x128_gelu_dropout_l2,30,90,313,0.0013704312732443213,0.0009814617224037647
mlp_3x128_gelu_dropout_l2,30,90,314,0.0013672453351318836,0.0009874464012682438
mlp_3x128_gelu_dropout_l2,30,90,315,0.0013722997391596437,0.000984179088845849
mlp_3x128_gelu_dropout_l2,30,90,316,0.0013784000184386969,0.0010412143310531974
mlp_3x128_gelu_dropout_l2,30,90,317,0.0013786875642836094,0.0009808321483433247
mlp_3x128_gelu_dropout_l2,30,90,318,0.0013764790492132306,0.0009742122492752969
mlp_3x128_gelu_dropout_l2,30,90,319,0.0013826065696775913,0.001046264311298728
mlp_3x128_gelu_dropout_l2,30,90,320,0.0013931174762547016,0.000997001538053155
mlp_3x128_gelu_dropout_l2,30,90,321,0.0013665236765518785,0.0009532609838061035
mlp_3x128_gelu_dropout_l2,30,90,322,0.0013772377278655767,0.0009771744953468442
mlp_3x128_gelu_dropout_l2,30,90,323,0.001372359343804419,0.0009824243606999516
mlp_3x128_gelu_dropout_l2,30,90,324,0.0013708288315683603,0.0009765129070729017
mlp_3x128_gelu_dropout_l2,30,90,325,0.001369562349282205,0.0009712123428471386
mlp_3x128_gelu_dropout_l2,30,90,326,0.0013707410544157028,0.0009694409091025591
mlp_3x128_gelu_dropout_l2,30,90,327,0.0013743328163400292,0.0009983970085158944
mlp_3x128_gelu_dropout_l2,30,90,328,0.0013780392473563552,0.001013889559544623
mlp_3x128_gelu_dropout_l2,30,90,329,0.0013974051689729095,0.0010082833468914032
mlp_3x128_gelu_dropout_l2,30,90,330,0.0013777526328340173,0.0009533138945698738
mlp_3x128_gelu_dropout_l2,30,90,331,0.0013773111859336495,0.0009788115276023746
mlp_3x128_gelu_dropout_l2,30,90,332,0.0013702198630198836,0.0009614843875169754
mlp_3x128_gelu_dropout_l2,30,90,333,0.00137446285225451,0.0009621063945814967
mlp_3x128_gelu_dropout_l2,30,90,334,0.0013767487835139036,0.000983464764431119
mlp_3x128_gelu_dropout_l2,30,90,335,0.0013844817876815796,0.0009860096033662558
mlp_3x128_gelu_dropout_l2,30,90,336,0.0013820682652294636,0.0009861455764621496
mlp_3x128_gelu_dropout_l2,30,90,337,0.0013879480538889766,0.0009772742632776499
mlp_3x128_gelu_dropout_l2,30,90,338,0.001372528844512999,0.000982627971097827
mlp_3x128_gelu_dropout_l2,30,90,339,0.0013687140308320522,0.0009822953725233674
mlp_3x128_gelu_dropout_l2,30,90,340,0.001371817896142602,0.0010041987989097834
mlp_3x128_gelu_dropout_l2,30,90,341,0.001369335688650608,0.0010797183495014906
mlp_3x128_gelu_dropout_l2,30,90,342,0.0013901132624596357,0.0010323544265702367
mlp_3x128_gelu_dropout_l2,30,90,343,0.0013735434040427208,0.0009977697627618909
mlp_3x128_gelu_dropout_l2,30,90,344,0.0013782435562461615,0.000986522645689547
mlp_3x128_gelu_dropout_l2,30,90,345,0.0013712680665776134,0.0009698274661786854
mlp_3x128_gelu_dropout_l2,30,90,346,0.0013722270959988236,0.000972837267909199
mlp_3x128_gelu_dropout_l2,30,90,347,0.0013702323194593191,0.0009859378915280104
mlp_3x128_gelu_dropout_l2,30,90,348,0.001372839673422277,0.0009920443408191204
mlp_3x128_gelu_dropout_l2,30,90,349,0.0013830178650096059,0.0010215584188699722
mlp_3x128_gelu_dropout_l2,30,90,350,0.001390321645885706,0.0009968890808522701
mlp_3x128_gelu_dropout_l2,30,90,351,0.0013948794221505523,0.000980657059699297
mlp_3x128_gelu_dropout_l2,30,90,352,0.0013924585655331612,0.00102636415977031
mlp_3x128_gelu_dropout_l2,30,90,353,0.0013992513995617628,0.0009779108222573996
mlp_3x128_gelu_dropout_l2,30,90,354,0.0013779666041955352,0.0009787131566554308
mlp_3x128_gelu_dropout_l2,30,90,355,0.0013700625859200954,0.0010052532888948917
mlp_3x128_gelu_dropout_l2,30,90,356,0.0013855735305696726,0.0010264281881973147
mlp_3x128_gelu_dropout_l2,30,90,357,0.0013873858842998743,0.0009978529997169971
mlp_3x128_gelu_dropout_l2,30,90,358,0.001378884189762175,0.0009745224379003048
mlp_3x128_gelu_dropout_l2,30,90,359,0.0013756152475252748,0.0009825704619288445
mlp_3x128_gelu_dropout_l2,30,90,360,0.0013711630599573255,0.000989516032859683
mlp_3x128_gelu_dropout_l2,30,90,361,0.0013732528313994408,0.0009690641891211271
mlp_3x128_gelu_dropout_l2,30,90,362,0.001374105573631823,0.000994770205579698
mlp_3x128_gelu_dropout_l2,30,90,363,0.0013742439914494753,0.0010028937831521034
mlp_3x128_gelu_dropout_l2,30,90,364,0.0013885573716834188,0.000960629666224122
mlp_3x128_gelu_dropout_l2,30,90,365,0.001371501013636589,0.0009740421082824469
mlp_3x128_gelu_dropout_l2,30,90,366,0.0013755601830780506,0.000977067044004798
mlp_3x128_gelu_dropout_l2,30,90,367,0.0013707218458876014,0.000979622476734221
mlp_3x128_gelu_dropout_l2,30,90,368,0.0013699616538360715,0.0009703391697257757
mlp_3x128_gelu_dropout_l2,30,90,369,0.0013725748285651207,0.000979404547251761
mlp_3x128_gelu_dropout_l2,30,90,370,0.0013769655488431454,0.0010090802097693086
mlp_3x128_gelu_dropout_l2,30,90,371,0.001376674510538578,0.0010059045162051916
mlp_3x128_gelu_dropout_l2,30,90,372,0.0013806514907628298,0.000984011683613062
mlp_3x128_gelu_dropout_l2,30,90,373,0.0013734337408095598,0.001005601603537798
mlp_3x128_gelu_dropout_l2,30,90,374,0.0013806576607748866,0.00099010462872684
mlp_3x128_gelu_dropout_l2,30,90,375,0.0013713196385651827,0.000972713518422097
mlp_3x128_gelu_dropout_l2,30,90,376,0.0013698575785383582,0.0009778329404070973
mlp_3x128_gelu_dropout_l2,30,90,377,0.00137603550683707,0.0010059750638902187
mlp_3x128_gelu_dropout_l2,30,90,378,0.0013769567012786865,0.0009948754450306296
mlp_3x128_gelu_dropout_l2,30,90,379,0.0013781165471300483,0.0009825729066506028
mlp_3x128_gelu_dropout_l2,30,90,380,0.0013695524539798498,0.0009773988276720047
mlp_3x128_gelu_dropout_l2,30,90,381,0.001374425832182169,0.0009936603019014
mlp_3x128_gelu_dropout_l2,30,90,382,0.0013710114872083068,0.0010117702186107635
mlp_3x128_gelu_dropout_l2,30,90,383,0.0013732347870245576,0.0009878883138298988
mlp_3x128_gelu_dropout_l2,30,90,384,0.0013695433735847473,0.0010005985386669636
mlp_3x128_gelu_dropout_l2,30,90,385,0.0013728303601965308,0.0009417355176992714
mlp_3x128_gelu_dropout_l2,30,90,386,0.0013867296511307359,0.000987619743682444
mlp_3x128_gelu_dropout_l2,30,90,387,0.0013950323918834329,0.001007190439850092
mlp_3x128_gelu_dropout_l2,30,90,388,0.0013963391538709402,0.0009970447281375527
mlp_3x128_gelu_dropout_l2,30,90,389,0.0013732310617342591,0.000974733498878777
mlp_3x128_gelu_dropout_l2,30,90,390,0.0013707763282582164,0.000967605272307992
mlp_3x128_gelu_dropout_l2,30,90,391,0.00136666651815176,0.0009685235563665628
mlp_3x128_gelu_dropout_l2,30,90,392,0.001370466547086835,0.0009695374174043536
mlp_3x128_gelu_dropout_l2,30,90,393,0.0013698441907763481,0.0009825514862313867
mlp_3x128_gelu_dropout_l2,30,90,394,0.0013706053141504526,0.0009772228077054024
mlp_3x128_gelu_dropout_l2,30,90,395,0.0013765282928943634,0.0010070872958749533
mlp_3x128_gelu_dropout_l2,30,90,396,0.0013743021991103888,0.0010058042826130986
mlp_3x128_gelu_dropout_l2,30,90,397,0.0013840390602126718,0.0009838994592428207
mlp_3x128_gelu_dropout_l2,30,90,398,0.0013792462414130569,0.0009787287563085556
mlp_3x128_gelu_dropout_l2,30,90,399,0.0013835366116836667,0.0009774876525625587
mlp_3x128_gelu_dropout_l2,30,90,400,0.0013700543204322457,0.0009723268449306488
mlp_3x128_gelu_dropout_l2,30,90,401,0.001370245823636651,0.0009752276237122715
mlp_3x128_gelu_dropout_l2,30,90,402,0.001371472841128707,0.0009811712661758065
mlp_3x128_gelu_dropout_l2,30,90,403,0.0013747838092967868,0.001010059379041195
mlp_3x128_gelu_dropout_l2,30,90,404,0.001374386134557426,0.0010183540871366858
mlp_3x128_gelu_dropout_l2,30,90,405,0.0013920576311647892,0.0010036006569862366
mlp_3x128_gelu_dropout_l2,30,90,406,0.0013631352921947837,0.0009857143741101027
mlp_3x128_gelu_dropout_l2,30,90,407,0.0013889143010601401,0.000959823199082166
mlp_3x128_gelu_dropout_l2,30,90,408,0.001364240306429565,0.000958100485149771
mlp_3x128_gelu_dropout_l2,30,90,409,0.001369443372823298,0.0009673539898358285
mlp_3x128_gelu_dropout_l2,30,90,410,0.0013694304507225752,0.0009679659851826727
mlp_3x128_gelu_dropout_l2,30,90,411,0.001366646378301084,0.0009687938145361841
mlp_3x128_gelu_dropout_l2,30,90,412,0.0013707269681617618,0.0009851050563156605
mlp_3x128_gelu_dropout_l2,30,90,413,0.0013769535580649972,0.0010294343810528517
mlp_3x128_gelu_dropout_l2,30,90,414,0.0013845331268385053,0.0010329348733648658
mlp_3x128_gelu_dropout_l2,30,90,415,0.0013821463799104095,0.0009728557197377086
mlp_3x128_gelu_dropout_l2,30,90,416,0.00137954275123775,0.000990549335256219
mlp_3x128_gelu_dropout_l2,30,90,417,0.001379384659230709,0.0010192731861025095
mlp_3x128_gelu_dropout_l2,30,90,418,0.001381119480356574,0.0009892366360872984
mlp_3x128_gelu_dropout_l2,30,90,419,0.001378932618536055,0.0010468350956216455
mlp_3x128_gelu_dropout_l2,30,90,420,0.0013991959858685732,0.0009774063946679235
mlp_3x128_gelu_dropout_l2,30,90,421,0.0013673417270183563,0.0009650495485402644
mlp_3x128_gelu_dropout_l2,30,90,422,0.0013692312641069293,0.0009755194187164307
mlp_3x128_gelu_dropout_l2,30,90,423,0.0013685427838936448,0.000972143781837076
mlp_3x128_gelu_dropout_l2,30,90,424,0.0013694410445168614,0.000972122245002538
mlp_3x128_gelu_dropout_l2,30,90,425,0.0013688469771295786,0.0009779026731848717
mlp_3x128_gelu_dropout_l2,30,90,426,0.0013690062332898378,0.0009726604912430048
mlp_3x128_gelu_dropout_l2,30,90,427,0.001378940069116652,0.001021609641611576
mlp_3x128_gelu_dropout_l2,30,90,428,0.0013840430183336139,0.0010138205252587795
mlp_3x128_gelu_dropout_l2,30,90,429,0.001383820897899568,0.0010009510442614555
mlp_3x128_gelu_dropout_l2,30,90,430,0.0013730135979130864,0.0010008251992985606
mlp_3x128_gelu_dropout_l2,30,90,431,0.0013747344492003322,0.0009708555880934
mlp_3x128_gelu_dropout_l2,30,90,432,0.0013674935325980186,0.0009744688868522644
mlp_3x128_gelu_dropout_l2,30,90,433,0.001368909259326756,0.0009681484661996365
mlp_3x128_gelu_dropout_l2,30,90,434,0.0013690396444872022,0.0009704582043923438
mlp_3x128_gelu_dropout_l2,30,90,435,0.0013727119658142328,0.0010018344037234783
mlp_3x128_gelu_dropout_l2,30,90,436,0.0013795357663184404,0.0010204006684944034
mlp_3x128_gelu_dropout_l2,30,90,437,0.00139170594047755,0.0009853201918303967
mlp_3x128_gelu_dropout_l2,30,90,438,0.0013892827555537224,0.0009886728366836905
mlp_3x128_gelu_dropout_l2,30,90,439,0.0013860884355381131,0.000972938199993223
mlp_3x128_gelu_dropout_l2,30,90,440,0.0013918854529038072,0.0010211750632151961
mlp_3x128_gelu_dropout_l2,30,90,441,0.0013870083494111896,0.0009576310403645039
mlp_3x128_gelu_dropout_l2,30,90,442,0.0013771748635917902,0.0009799122344702482
mlp_3x128_gelu_dropout_l2,30,90,443,0.0013793029356747866,0.0009761499823071063
mlp_3x128_gelu_dropout_l2,30,90,444,0.0013698759721592069,0.0009739975794218481
mlp_3x128_gelu_dropout_l2,30,90,445,0.0013698285911232233,0.0009824004955589771
mlp_3x128_gelu_dropout_l2,30,90,446,0.0013754938263446093,0.0010163774713873863
mlp_3x128_gelu_dropout_l2,30,90,447,0.0013777558924630284,0.0010238243266940117
mlp_3x128_gelu_dropout_l2,30,90,448,0.0013880018377676606,0.0009954605484381318
mlp_3x128_gelu_dropout_l2,30,90,449,0.0013718814589083195,0.0009752652840688825
mlp_3x128_gelu_dropout_l2,30,90,450,0.0013721641153097153,0.000984734040684998
mlp_3x128_gelu_dropout_l2,30,90,451,0.001378003042191267,0.00101237662602216
mlp_3x128_gelu_dropout_l2,30,90,452,0.0013881386257708073,0.000995734240859747
mlp_3x128_gelu_dropout_l2,30,90,453,0.0014099397230893373,0.0009816745296120644
mlp_3x128_gelu_dropout_l2,30,90,454,0.0013846943620592356,0.0010318990098312497
mlp_3x128_gelu_dropout_l2,30,90,455,0.0013817478902637959,0.0009716500644572079
mlp_3x128_gelu_dropout_l2,30,90,456,0.0013729239581152797,0.000987051404081285
mlp_3x128_gelu_dropout_l2,30,90,457,0.0013851200928911567,0.0009809810435399413
mlp_3x128_gelu_dropout_l2,30,90,458,0.0013803186593577266,0.001003051525913179
mlp_3x128_gelu_dropout_l2,30,90,459,0.0013860163744539022,0.000993412802927196
mlp_3x128_gelu_dropout_l2,30,90,460,0.001376654952764511,0.000985945574939251
mlp_3x128_gelu_dropout_l2,30,90,461,0.0013728616759181023,0.000990336062386632
mlp_3x128_gelu_dropout_l2,30,90,462,0.0013729599304497242,0.0009792331838980317
mlp_3x128_gelu_dropout_l2,30,90,463,0.0013654398499056697,0.0009740096866153181
mlp_3x128_gelu_dropout_l2,30,90,464,0.0013651886256411672,0.0009749088785611093
mlp_3x128_gelu_dropout_l2,30,90,465,0.0013698542024940252,0.001002156874164939
mlp_3x128_gelu_dropout_l2,30,90,466,0.0013707999605685472,0.0009946165373548865
mlp_3x128_gelu_dropout_l2,30,90,467,0.0013746824115514755,0.000992869259789586
mlp_3x128_gelu_dropout_l2,30,90,468,0.0013746917247772217,0.0010256230598315597
mlp_3x128_gelu_dropout_l2,30,90,469,0.0013819873565807939,0.0010422526393085718
mlp_3x128_gelu_dropout_l2,30,90,470,0.0013778061838820577,0.0009694422478787601
mlp_3x128_gelu_dropout_l2,30,90,471,0.0013776177074760199,0.0009733706247061491
mlp_3x128_gelu_dropout_l2,30,90,472,0.0013751898659393191,0.0009827452013269067
mlp_3x128_gelu_dropout_l2,30,90,473,0.001376864267513156,0.0010162894614040852
mlp_3x128_gelu_dropout_l2,30,90,474,0.0013870808761566877,0.0009747453732416034
mlp_3x128_gelu_dropout_l2,30,90,475,0.0013752005761489272,0.0009714514017105103
mlp_3x128_gelu_dropout_l2,30,90,476,0.0013734865933656693,0.0009798855753615499
mlp_3x128_gelu_dropout_l2,30,90,477,0.0013758970890194178,0.001034072949551046
mlp_3x128_gelu_dropout_l2,30,90,478,0.0013845337089151144,0.0009944490157067776
mlp_3x128_gelu_dropout_l2,30,90,479,0.001373969134874642,0.0009880138095468283
mlp_3x128_gelu_dropout_l2,30,90,480,0.001371977268718183,0.0010310199577361345
mlp_3x128_gelu_dropout_l2,30,90,481,0.0013896566815674305,0.0010316332336515188
mlp_3x128_gelu_dropout_l2,30,90,482,0.0013760008150711656,0.0009733815095387399
mlp_3x128_gelu_dropout_l2,30,90,483,0.0013767566997557878,0.0009633604786358774
mlp_3x128_gelu_dropout_l2,30,90,484,0.001367696444503963,0.0009625445818528533
mlp_3x128_gelu_dropout_l2,30,90,485,0.0013673522043973207,0.0009752277983352542
mlp_3x128_gelu_dropout_l2,30,90,486,0.001371207064948976,0.0009893645765259862
mlp_3x128_gelu_dropout_l2,30,90,487,0.0013794678961858153,0.0010182912228628993
mlp_3x128_gelu_dropout_l2,30,90,488,0.0013981993542984128,0.0009976985165849328
mlp_3x128_gelu_dropout_l2,30,90,489,0.001395424478687346,0.0009996085427701473
mlp_3x128_gelu_dropout_l2,30,90,490,0.0013862110208719969,0.000990869477391243
mlp_3x128_gelu_dropout_l2,30,90,491,0.0013748840428888798,0.000971818866673857
mlp_3x128_gelu_dropout_l2,30,90,492,0.0013780709123238921,0.0009893731912598014
mlp_3x128_gelu_dropout_l2,30,90,493,0.0013694583903998137,0.0009786782320588827
mlp_3x128_gelu_dropout_l2,30,90,494,0.001374106970615685,0.0009758863016031682
mlp_3x128_gelu_dropout_l2,30,90,495,0.001375208725221455,0.0009824327426031232
mlp_3x128_gelu_dropout_l2,30,90,496,0.0013829313684254885,0.0010127980494871736
mlp_3x128_gelu_dropout_l2,30,90,497,0.001391168567351997,0.0010022963397204876
mlp_3x128_gelu_dropout_l2,30,90,498,0.001384092029184103,0.0009973112028092146
mlp_3x128_gelu_dropout_l2,30,90,499,0.0013907956890761852,0.0010005478980019689
mlp_3x128_gelu_dropout_l2,30,90,500,0.0013723046286031604,0.000967815809417516
mlp_3x128_gelu_dropout_l2,90,1,1,0.15397077798843384,0.06853003054857254
mlp_3x128_gelu_dropout_l2,90,1,2,0.06560874730348587,0.05289529636502266
mlp_3x128_gelu_dropout_l2,90,1,3,0.05410664156079292,0.04670410603284836
mlp_3x128_gelu_dropout_l2,90,1,4,0.04783623293042183,0.04183252155780792
mlp_3x128_gelu_dropout_l2,90,1,5,0.043173786252737045,0.037784069776535034
mlp_3x128_gelu_dropout_l2,90,1,6,0.039166565984487534,0.03397587686777115
mlp_3x128_gelu_dropout_l2,90,1,7,0.03548873960971832,0.030661266297101974
mlp_3x128_gelu_dropout_l2,90,1,8,0.03219062089920044,0.027774585410952568
mlp_3x128_gelu_dropout_l2,90,1,9,0.029243366792798042,0.02526424452662468
mlp_3x128_gelu_dropout_l2,90,1,10,0.0266374871134758,0.023049116134643555
mlp_3x128_gelu_dropout_l2,90,1,11,0.02434460073709488,0.021145252510905266
mlp_3x128_gelu_dropout_l2,90,1,12,0.022434785962104797,0.019708728417754173
mlp_3x128_gelu_dropout_l2,90,1,13,0.020818710327148438,0.01824457384645939
mlp_3x128_gelu_dropout_l2,90,1,14,0.01938907615840435,0.017277808859944344
mlp_3x128_gelu_dropout_l2,90,1,15,0.01826527528464794,0.016265306621789932
mlp_3x128_gelu_dropout_l2,90,1,16,0.017398668453097343,0.015710223466157913
mlp_3x128_gelu_dropout_l2,90,1,17,0.01660866290330887,0.015000302344560623
mlp_3x128_gelu_dropout_l2,90,1,18,0.016005873680114746,0.014222540892660618
mlp_3x128_gelu_dropout_l2,90,1,19,0.015503150410950184,0.014153857715427876
mlp_3x128_gelu_dropout_l2,90,1,20,0.014914168044924736,0.01344694197177887
mlp_3x128_gelu_dropout_l2,90,1,21,0.014409120194613934,0.012956463731825352
mlp_3x128_gelu_dropout_l2,90,1,22,0.013965108431875706,0.01276866253465414
mlp_3x128_gelu_dropout_l2,90,1,23,0.013668959029018879,0.012521425262093544
mlp_3x128_gelu_dropout_l2,90,1,24,0.013389203697443008,0.012305112555623055
mlp_3x128_gelu_dropout_l2,90,1,25,0.013201471418142319,0.012085719965398312
mlp_3x128_gelu_dropout_l2,90,1,26,0.0129217728972435,0.012006910517811775
mlp_3x128_gelu_dropout_l2,90,1,27,0.01278234738856554,0.011736429296433926
mlp_3x128_gelu_dropout_l2,90,1,28,0.012633138336241245,0.01171641144901514
mlp_3x128_gelu_dropout_l2,90,1,29,0.012497817166149616,0.011644722893834114
mlp_3x128_gelu_dropout_l2,90,1,30,0.012409401126205921,0.011677093803882599
mlp_3x128_gelu_dropout_l2,90,1,31,0.012366310693323612,0.011457012966275215
mlp_3x128_gelu_dropout_l2,90,1,32,0.012376788072288036,0.011827331967651844
mlp_3x128_gelu_dropout_l2,90,1,33,0.012234903872013092,0.011388533748686314
mlp_3x128_gelu_dropout_l2,90,1,34,0.012145099230110645,0.011271802708506584
mlp_3x128_gelu_dropout_l2,90,1,35,0.012090268544852734,0.01149055641144514
mlp_3x128_gelu_dropout_l2,90,1,36,0.012018078938126564,0.011384355835616589
mlp_3x128_gelu_dropout_l2,90,1,37,0.012066330760717392,0.01123964786529541
mlp_3x128_gelu_dropout_l2,90,1,38,0.01201192382723093,0.011148420162498951
mlp_3x128_gelu_dropout_l2,90,1,39,0.011913863010704517,0.011148226447403431
mlp_3x128_gelu_dropout_l2,90,1,40,0.011930568143725395,0.011450245045125484
mlp_3x128_gelu_dropout_l2,90,1,41,0.012058701366186142,0.01110499445348978
mlp_3x128_gelu_dropout_l2,90,1,42,0.012026730924844742,0.01130719669163227
mlp_3x128_gelu_dropout_l2,90,1,43,0.011881942860782146,0.011170325800776482
mlp_3x128_gelu_dropout_l2,90,1,44,0.01186764519661665,0.011091059073805809
mlp_3x128_gelu_dropout_l2,90,1,45,0.011826599016785622,0.011016800999641418
mlp_3x128_gelu_dropout_l2,90,1,46,0.011746169999241829,0.011088259518146515
mlp_3x128_gelu_dropout_l2,90,1,47,0.011800882406532764,0.010977072641253471
mlp_3x128_gelu_dropout_l2,90,1,48,0.011793536134064198,0.011075539514422417
mlp_3x128_gelu_dropout_l2,90,1,49,0.011671338230371475,0.011051522567868233
mlp_3x128_gelu_dropout_l2,90,1,50,0.011717126704752445,0.011131491512060165
mlp_3x128_gelu_dropout_l2,90,1,51,0.011710762977600098,0.010956714861094952
mlp_3x128_gelu_dropout_l2,90,1,52,0.011643543839454651,0.010955900885164738
mlp_3x128_gelu_dropout_l2,90,1,53,0.011646958999335766,0.010962559841573238
mlp_3x128_gelu_dropout_l2,90,1,54,0.01169298030436039,0.010919802822172642
mlp_3x128_gelu_dropout_l2,90,1,55,0.01169069018214941,0.010833032429218292
mlp_3x128_gelu_dropout_l2,90,1,56,0.0116908960044384,0.010981393977999687
mlp_3x128_gelu_dropout_l2,90,1,57,0.01164130587130785,0.011119966395199299
mlp_3x128_gelu_dropout_l2,90,1,58,0.011660181917250156,0.01110526081174612
mlp_3x128_gelu_dropout_l2,90,1,59,0.011701400391757488,0.010901191271841526
mlp_3x128_gelu_dropout_l2,90,1,60,0.011705737560987473,0.010842838324606419
mlp_3x128_gelu_dropout_l2,90,1,61,0.011652683839201927,0.010857205837965012
mlp_3x128_gelu_dropout_l2,90,1,62,0.011698190122842789,0.010769856162369251
mlp_3x128_gelu_dropout_l2,90,1,63,0.011793965473771095,0.010882907547056675
mlp_3x128_gelu_dropout_l2,90,1,64,0.011798050254583359,0.010986297391355038
mlp_3x128_gelu_dropout_l2,90,1,65,0.011697799898684025,0.01067354902625084
mlp_3x128_gelu_dropout_l2,90,1,66,0.011611195281147957,0.010741801001131535
mlp_3x128_gelu_dropout_l2,90,1,67,0.01152021624147892,0.010620823130011559
mlp_3x128_gelu_dropout_l2,90,1,68,0.011519157327711582,0.010616999119520187
mlp_3x128_gelu_dropout_l2,90,1,69,0.011513223871588707,0.010736704804003239
mlp_3x128_gelu_dropout_l2,90,1,70,0.011474834755063057,0.010673453100025654
mlp_3x128_gelu_dropout_l2,90,1,71,0.011506222188472748,0.010626185685396194
mlp_3x128_gelu_dropout_l2,90,1,72,0.011539335362613201,0.010647512041032314
mlp_3x128_gelu_dropout_l2,90,1,73,0.011492568999528885,0.01060694269835949
mlp_3x128_gelu_dropout_l2,90,1,74,0.011508503928780556,0.010569311678409576
mlp_3x128_gelu_dropout_l2,90,1,75,0.011506371200084686,0.01064777746796608
mlp_3x128_gelu_dropout_l2,90,1,76,0.011487197130918503,0.010725618340075016
mlp_3x128_gelu_dropout_l2,90,1,77,0.011539763770997524,0.010777569375932217
mlp_3x128_gelu_dropout_l2,90,1,78,0.01154273934662342,0.01071185152977705
mlp_3x128_gelu_dropout_l2,90,1,79,0.011533347889780998,0.010649094358086586
mlp_3x128_gelu_dropout_l2,90,1,80,0.011607718653976917,0.01063389889895916
mlp_3x128_gelu_dropout_l2,90,1,81,0.011689039878547192,0.010699302889406681
mlp_3x128_gelu_dropout_l2,90,1,82,0.011563995853066444,0.010641294531524181
mlp_3x128_gelu_dropout_l2,90,1,83,0.011695442721247673,0.010671166703104973
mlp_3x128_gelu_dropout_l2,90,1,84,0.011706355027854443,0.010701892897486687
mlp_3x128_gelu_dropout_l2,90,1,85,0.011458936147391796,0.010616724379360676
mlp_3x128_gelu_dropout_l2,90,1,86,0.011524259112775326,0.010575992055237293
mlp_3x128_gelu_dropout_l2,90,1,87,0.011585190892219543,0.010535379871726036
mlp_3x128_gelu_dropout_l2,90,1,88,0.011457934975624084,0.010406764224171638
mlp_3x128_gelu_dropout_l2,90,1,89,0.011444082483649254,0.010491848923265934
mlp_3x128_gelu_dropout_l2,90,1,90,0.011478218249976635,0.010512019507586956
mlp_3x128_gelu_dropout_l2,90,1,91,0.011437363922595978,0.010540739633142948
mlp_3x128_gelu_dropout_l2,90,1,92,0.011465965770184994,0.010579735040664673
mlp_3x128_gelu_dropout_l2,90,1,93,0.011478991247713566,0.010504618287086487
mlp_3x128_gelu_dropout_l2,90,1,94,0.011419062502682209,0.010540199466049671
mlp_3x128_gelu_dropout_l2,90,1,95,0.01143127866089344,0.01048987451940775
mlp_3x128_gelu_dropout_l2,90,1,96,0.011426781304180622,0.010434629395604134
mlp_3x128_gelu_dropout_l2,90,1,97,0.011431415565311909,0.010559004731476307
mlp_3x128_gelu_dropout_l2,90,1,98,0.011528823524713516,0.010565715841948986
mlp_3x128_gelu_dropout_l2,90,1,99,0.011548762209713459,0.01076469011604786
mlp_3x128_gelu_dropout_l2,90,1,100,0.011480538174510002,0.010838883928954601
mlp_3x128_gelu_dropout_l2,90,1,101,0.011552896350622177,0.010594046674668789
mlp_3x128_gelu_dropout_l2,90,1,102,0.01183155458420515,0.010654580779373646
mlp_3x128_gelu_dropout_l2,90,1,103,0.011622595600783825,0.010462251491844654
mlp_3x128_gelu_dropout_l2,90,1,104,0.011455545201897621,0.010431097820401192
mlp_3x128_gelu_dropout_l2,90,1,105,0.011423894204199314,0.010490171611309052
mlp_3x128_gelu_dropout_l2,90,1,106,0.011432851664721966,0.010470854118466377
mlp_3x128_gelu_dropout_l2,90,1,107,0.011367971077561378,0.010488434694707394
mlp_3x128_gelu_dropout_l2,90,1,108,0.011366079561412334,0.010507112368941307
mlp_3x128_gelu_dropout_l2,90,1,109,0.011442071758210659,0.010405689477920532
mlp_3x128_gelu_dropout_l2,90,1,110,0.011458175256848335,0.010485408827662468
mlp_3x128_gelu_dropout_l2,90,1,111,0.011452893726527691,0.01037910208106041
mlp_3x128_gelu_dropout_l2,90,1,112,0.011469629593193531,0.010487657971680164
mlp_3x128_gelu_dropout_l2,90,1,113,0.01150988694280386,0.010550831444561481
mlp_3x128_gelu_dropout_l2,90,1,114,0.011449404060840607,0.010586556047201157
mlp_3x128_gelu_dropout_l2,90,1,115,0.011465569958090782,0.010538057424128056
mlp_3x128_gelu_dropout_l2,90,1,116,0.011620773933827877,0.010441608726978302
mlp_3x128_gelu_dropout_l2,90,1,117,0.011527858674526215,0.01044764369726181
mlp_3x128_gelu_dropout_l2,90,1,118,0.011359158903360367,0.010455993935465813
mlp_3x128_gelu_dropout_l2,90,1,119,0.011336877010762691,0.010361896827816963
mlp_3x128_gelu_dropout_l2,90,1,120,0.01142094749957323,0.010366006754338741
mlp_3x128_gelu_dropout_l2,90,1,121,0.011473544873297215,0.01040258165448904
mlp_3x128_gelu_dropout_l2,90,1,122,0.011556928046047688,0.01062297634780407
mlp_3x128_gelu_dropout_l2,90,1,123,0.011434094980359077,0.010501052252948284
mlp_3x128_gelu_dropout_l2,90,1,124,0.011529751121997833,0.010434762574732304
mlp_3x128_gelu_dropout_l2,90,1,125,0.011518504470586777,0.010377602651715279
mlp_3x128_gelu_dropout_l2,90,1,126,0.01139095239341259,0.010425059124827385
mlp_3x128_gelu_dropout_l2,90,1,127,0.011470900848507881,0.010463980957865715
mlp_3x128_gelu_dropout_l2,90,1,128,0.011507672257721424,0.010507472790777683
mlp_3x128_gelu_dropout_l2,90,1,129,0.011470683850347996,0.010567545890808105
mlp_3x128_gelu_dropout_l2,90,1,130,0.011470924131572247,0.010420518927276134
mlp_3x128_gelu_dropout_l2,90,1,131,0.011601928621530533,0.010485846549272537
mlp_3x128_gelu_dropout_l2,90,1,132,0.011458106338977814,0.01037561148405075
mlp_3x128_gelu_dropout_l2,90,1,133,0.011445431970059872,0.010315531864762306
mlp_3x128_gelu_dropout_l2,90,1,134,0.011532154865562916,0.010645861737430096
mlp_3x128_gelu_dropout_l2,90,1,135,0.011474020779132843,0.010371681302785873
mlp_3x128_gelu_dropout_l2,90,1,136,0.011617474257946014,0.010383770801126957
mlp_3x128_gelu_dropout_l2,90,1,137,0.011526936665177345,0.010438323020935059
mlp_3x128_gelu_dropout_l2,90,1,138,0.01142779178917408,0.010333137586712837
mlp_3x128_gelu_dropout_l2,90,1,139,0.011515149846673012,0.010511987842619419
mlp_3x128_gelu_dropout_l2,90,1,140,0.011425451375544071,0.010415398515760899
mlp_3x128_gelu_dropout_l2,90,1,141,0.011459652334451675,0.010479975491762161
mlp_3x128_gelu_dropout_l2,90,1,142,0.011414946056902409,0.010404301807284355
mlp_3x128_gelu_dropout_l2,90,1,143,0.011404437012970448,0.010300448164343834
mlp_3x128_gelu_dropout_l2,90,1,144,0.011526132002472878,0.010489046573638916
mlp_3x128_gelu_dropout_l2,90,1,145,0.011416396126151085,0.010494142770767212
mlp_3x128_gelu_dropout_l2,90,1,146,0.011441904120147228,0.010408217087388039
mlp_3x128_gelu_dropout_l2,90,1,147,0.011507794260978699,0.010514019057154655
mlp_3x128_gelu_dropout_l2,90,1,148,0.01145841833204031,0.01041686162352562
mlp_3x128_gelu_dropout_l2,90,1,149,0.011537564918398857,0.01050044596195221
mlp_3x128_gelu_dropout_l2,90,1,150,0.011494440957903862,0.010521871037781239
mlp_3x128_gelu_dropout_l2,90,1,151,0.011461649090051651,0.010377349331974983
mlp_3x128_gelu_dropout_l2,90,1,152,0.011534740217030048,0.010407768189907074
mlp_3x128_gelu_dropout_l2,90,1,153,0.011398903094232082,0.010415122844278812
mlp_3x128_gelu_dropout_l2,90,1,154,0.011536095291376114,0.010499099269509315
mlp_3x128_gelu_dropout_l2,90,1,155,0.011534052900969982,0.010432986542582512
mlp_3x128_gelu_dropout_l2,90,1,156,0.011385282501578331,0.010290740057826042
mlp_3x128_gelu_dropout_l2,90,1,157,0.011382333934307098,0.010324533097445965
mlp_3x128_gelu_dropout_l2,90,1,158,0.011395174078643322,0.01037642452865839
mlp_3x128_gelu_dropout_l2,90,1,159,0.011389881372451782,0.010318796150386333
mlp_3x128_gelu_dropout_l2,90,1,160,0.011513771489262581,0.01049778237938881
mlp_3x128_gelu_dropout_l2,90,1,161,0.011463499628007412,0.010457485914230347
mlp_3x128_gelu_dropout_l2,90,1,162,0.011368776671588421,0.010347009636461735
mlp_3x128_gelu_dropout_l2,90,1,163,0.011416914872825146,0.010405192151665688
mlp_3x128_gelu_dropout_l2,90,1,164,0.011452589184045792,0.010412662290036678
mlp_3x128_gelu_dropout_l2,90,1,165,0.011449821293354034,0.010453226044774055
mlp_3x128_gelu_dropout_l2,90,1,166,0.011556667275726795,0.010511232540011406
mlp_3x128_gelu_dropout_l2,90,1,167,0.011497767642140388,0.010539080016314983
mlp_3x128_gelu_dropout_l2,90,1,168,0.011472397483885288,0.01039682887494564
mlp_3x128_gelu_dropout_l2,90,1,169,0.011547292582690716,0.010559403337538242
mlp_3x128_gelu_dropout_l2,90,1,170,0.011513889767229557,0.01046816073358059
mlp_3x128_gelu_dropout_l2,90,1,171,0.011517592705786228,0.010340864770114422
mlp_3x128_gelu_dropout_l2,90,1,172,0.011477009393274784,0.01036704983562231
mlp_3x128_gelu_dropout_l2,90,1,173,0.011422707699239254,0.01055727619677782
mlp_3x128_gelu_dropout_l2,90,1,174,0.011457348242402077,0.010408318601548672
mlp_3x128_gelu_dropout_l2,90,1,175,0.011517398990690708,0.010471540503203869
mlp_3x128_gelu_dropout_l2,90,1,176,0.011416897177696228,0.010236237198114395
mlp_3x128_gelu_dropout_l2,90,1,177,0.011466134339571,0.010468600317835808
mlp_3x128_gelu_dropout_l2,90,1,178,0.011471252888441086,0.01054948940873146
mlp_3x128_gelu_dropout_l2,90,1,179,0.011383756063878536,0.010473673231899738
mlp_3x128_gelu_dropout_l2,90,1,180,0.011480997316539288,0.010394017212092876
mlp_3x128_gelu_dropout_l2,90,1,181,0.011546417139470577,0.010379673913121223
mlp_3x128_gelu_dropout_l2,90,1,182,0.011386646889150143,0.010296543128788471
mlp_3x128_gelu_dropout_l2,90,1,183,0.011496149934828281,0.010369274765253067
mlp_3x128_gelu_dropout_l2,90,1,184,0.011566593311727047,0.010594573803246021
mlp_3x128_gelu_dropout_l2,90,1,185,0.011471561156213284,0.010333415120840073
mlp_3x128_gelu_dropout_l2,90,1,186,0.01142557431012392,0.010255635716021061
mlp_3x128_gelu_dropout_l2,90,1,187,0.011363338679075241,0.010394500568509102
mlp_3x128_gelu_dropout_l2,90,1,188,0.011399311013519764,0.010250477120280266
mlp_3x128_gelu_dropout_l2,90,1,189,0.011468900367617607,0.010402575135231018
mlp_3x128_gelu_dropout_l2,90,1,190,0.011510193347930908,0.010453195311129093
mlp_3x128_gelu_dropout_l2,90,1,191,0.011419067159295082,0.01038780715316534
mlp_3x128_gelu_dropout_l2,90,1,192,0.0114513598382473,0.010372331365942955
mlp_3x128_gelu_dropout_l2,90,1,193,0.011371246539056301,0.010341331362724304
mlp_3x128_gelu_dropout_l2,90,1,194,0.011361525394022465,0.010351293720304966
mlp_3x128_gelu_dropout_l2,90,1,195,0.011499936692416668,0.010325645096600056
mlp_3x128_gelu_dropout_l2,90,1,196,0.011456566862761974,0.010570797137916088
mlp_3x128_gelu_dropout_l2,90,1,197,0.011430682614445686,0.010408655740320683
mlp_3x128_gelu_dropout_l2,90,1,198,0.011446394957602024,0.010420639999210835
mlp_3x128_gelu_dropout_l2,90,1,199,0.01143986452370882,0.010440857149660587
mlp_3x128_gelu_dropout_l2,90,1,200,0.011480625718832016,0.010464703664183617
mlp_3x128_gelu_dropout_l2,90,1,201,0.011477464810013771,0.010310599580407143
mlp_3x128_gelu_dropout_l2,90,1,202,0.011542320251464844,0.010410874150693417
mlp_3x128_gelu_dropout_l2,90,1,203,0.01144261471927166,0.010512272827327251
mlp_3x128_gelu_dropout_l2,90,1,204,0.011372769251465797,0.010361608117818832
mlp_3x128_gelu_dropout_l2,90,1,205,0.011419595219194889,0.010316428728401661
mlp_3x128_gelu_dropout_l2,90,1,206,0.011404350399971008,0.01030637789517641
mlp_3x128_gelu_dropout_l2,90,1,207,0.011356670409440994,0.010355976410210133
mlp_3x128_gelu_dropout_l2,90,1,208,0.011411895975470543,0.010247131809592247
mlp_3x128_gelu_dropout_l2,90,1,209,0.011485415510833263,0.010391639545559883
mlp_3x128_gelu_dropout_l2,90,1,210,0.011404266580939293,0.010558216832578182
mlp_3x128_gelu_dropout_l2,90,1,211,0.01141182892024517,0.010425539687275887
mlp_3x128_gelu_dropout_l2,90,1,212,0.011549577116966248,0.010421164333820343
mlp_3x128_gelu_dropout_l2,90,1,213,0.011485565453767776,0.010427523404359818
mlp_3x128_gelu_dropout_l2,90,1,214,0.011462636291980743,0.010446823202073574
mlp_3x128_gelu_dropout_l2,90,1,215,0.011498374864459038,0.010323909111320972
mlp_3x128_gelu_dropout_l2,90,1,216,0.011613022536039352,0.01043680589646101
mlp_3x128_gelu_dropout_l2,90,1,217,0.011524058878421783,0.010633946396410465
mlp_3x128_gelu_dropout_l2,90,1,218,0.011459863744676113,0.010455748997628689
mlp_3x128_gelu_dropout_l2,90,1,219,0.011459301225841045,0.01034494861960411
mlp_3x128_gelu_dropout_l2,90,1,220,0.011447658762335777,0.010432403534650803
mlp_3x128_gelu_dropout_l2,90,1,221,0.011386772617697716,0.010345982387661934
mlp_3x128_gelu_dropout_l2,90,1,222,0.011522454209625721,0.010478857904672623
mlp_3x128_gelu_dropout_l2,90,1,223,0.011511978693306446,0.010526399128139019
mlp_3x128_gelu_dropout_l2,90,1,224,0.011473695747554302,0.010474896989762783
mlp_3x128_gelu_dropout_l2,90,1,225,0.011414236389100552,0.010275056585669518
mlp_3x128_gelu_dropout_l2,90,1,226,0.01135648600757122,0.010357090272009373
mlp_3x128_gelu_dropout_l2,90,1,227,0.011349570006132126,0.010342974215745926
mlp_3x128_gelu_dropout_l2,90,1,228,0.011408273130655289,0.010277995839715004
mlp_3x128_gelu_dropout_l2,90,1,229,0.011502278968691826,0.010431808419525623
mlp_3x128_gelu_dropout_l2,90,1,230,0.011364776641130447,0.010562588460743427
mlp_3x128_gelu_dropout_l2,90,1,231,0.011381027288734913,0.010367700830101967
mlp_3x128_gelu_dropout_l2,90,1,232,0.011509813368320465,0.010355361737310886
mlp_3x128_gelu_dropout_l2,90,1,233,0.011393558233976364,0.010407154448330402
mlp_3x128_gelu_dropout_l2,90,1,234,0.011370734311640263,0.010288171470165253
mlp_3x128_gelu_dropout_l2,90,1,235,0.011470923200249672,0.010404086671769619
mlp_3x128_gelu_dropout_l2,90,1,236,0.01143570989370346,0.010429580695927143
mlp_3x128_gelu_dropout_l2,90,1,237,0.011383290402591228,0.010347951203584671
mlp_3x128_gelu_dropout_l2,90,1,238,0.01140911877155304,0.010423070751130581
mlp_3x128_gelu_dropout_l2,90,1,239,0.01143296342343092,0.010324850678443909
mlp_3x128_gelu_dropout_l2,90,1,240,0.011418827809393406,0.0104578398168087
mlp_3x128_gelu_dropout_l2,90,1,241,0.011452553793787956,0.010388555936515331
mlp_3x128_gelu_dropout_l2,90,1,242,0.011524965055286884,0.01036820188164711
mlp_3x128_gelu_dropout_l2,90,1,243,0.011520994827151299,0.010467195883393288
mlp_3x128_gelu_dropout_l2,90,1,244,0.011399284936487675,0.010534333065152168
mlp_3x128_gelu_dropout_l2,90,1,245,0.01148618757724762,0.010430661961436272
mlp_3x128_gelu_dropout_l2,90,1,246,0.011459619738161564,0.010371057316660881
mlp_3x128_gelu_dropout_l2,90,1,247,0.011442525312304497,0.01045270636677742
mlp_3x128_gelu_dropout_l2,90,1,248,0.011421089060604572,0.01032890472561121
mlp_3x128_gelu_dropout_l2,90,1,249,0.011513584293425083,0.010305644012987614
mlp_3x128_gelu_dropout_l2,90,1,250,0.011520988307893276,0.010478919371962547
mlp_3x128_gelu_dropout_l2,90,1,251,0.011410286650061607,0.010537806898355484
mlp_3x128_gelu_dropout_l2,90,1,252,0.01143764890730381,0.01036806870251894
mlp_3x128_gelu_dropout_l2,90,1,253,0.011538836173713207,0.010486476123332977
mlp_3x128_gelu_dropout_l2,90,1,254,0.011394593864679337,0.010419181548058987
mlp_3x128_gelu_dropout_l2,90,1,255,0.011391938664019108,0.010318472981452942
mlp_3x128_gelu_dropout_l2,90,1,256,0.011528783477842808,0.0103923873975873
mlp_3x128_gelu_dropout_l2,90,1,257,0.011455797590315342,0.01046727690845728
mlp_3x128_gelu_dropout_l2,90,1,258,0.011380739510059357,0.010468835942447186
mlp_3x128_gelu_dropout_l2,90,1,259,0.011400945484638214,0.010258178226649761
mlp_3x128_gelu_dropout_l2,90,1,260,0.011501971632242203,0.010396447964012623
mlp_3x128_gelu_dropout_l2,90,1,261,0.011362717486917973,0.01036953553557396
mlp_3x128_gelu_dropout_l2,90,1,262,0.011334781534969807,0.010305453091859818
mlp_3x128_gelu_dropout_l2,90,1,263,0.011391625739634037,0.010367151349782944
mlp_3x128_gelu_dropout_l2,90,1,264,0.011323698796331882,0.010350963100790977
mlp_3x128_gelu_dropout_l2,90,1,265,0.011350937187671661,0.010358483530580997
mlp_3x128_gelu_dropout_l2,90,1,266,0.011390410363674164,0.010282554663717747
mlp_3x128_gelu_dropout_l2,90,1,267,0.011327091604471207,0.010364730842411518
mlp_3x128_gelu_dropout_l2,90,1,268,0.011386687867343426,0.010428853332996368
mlp_3x128_gelu_dropout_l2,90,1,269,0.01147377397865057,0.010393915697932243
mlp_3x128_gelu_dropout_l2,90,1,270,0.011453215032815933,0.010491788387298584
mlp_3x128_gelu_dropout_l2,90,1,271,0.011363159865140915,0.010492128320038319
mlp_3x128_gelu_dropout_l2,90,1,272,0.011528701521456242,0.010332091711461544
mlp_3x128_gelu_dropout_l2,90,1,273,0.011444314382970333,0.010385281406342983
mlp_3x128_gelu_dropout_l2,90,1,274,0.0113730663433671,0.010303758084774017
mlp_3x128_gelu_dropout_l2,90,1,275,0.011385994032025337,0.01026700809597969
mlp_3x128_gelu_dropout_l2,90,1,276,0.01147866528481245,0.010397884994745255
mlp_3x128_gelu_dropout_l2,90,1,277,0.011454236693680286,0.010462164878845215
mlp_3x128_gelu_dropout_l2,90,1,278,0.011419340036809444,0.010466329753398895
mlp_3x128_gelu_dropout_l2,90,1,279,0.011357595212757587,0.010364551097154617
mlp_3x128_gelu_dropout_l2,90,1,280,0.011371406726539135,0.010371285490691662
mlp_3x128_gelu_dropout_l2,90,1,281,0.011377593502402306,0.010333283804357052
mlp_3x128_gelu_dropout_l2,90,1,282,0.011415494605898857,0.010311564430594444
mlp_3x128_gelu_dropout_l2,90,1,283,0.011395525187253952,0.01032928004860878
mlp_3x128_gelu_dropout_l2,90,1,284,0.011421140283346176,0.010459250770509243
mlp_3x128_gelu_dropout_l2,90,1,285,0.011338852345943451,0.010430887341499329
mlp_3x128_gelu_dropout_l2,90,1,286,0.011322958394885063,0.010329150594770908
mlp_3x128_gelu_dropout_l2,90,1,287,0.01138728205114603,0.010302376002073288
mlp_3x128_gelu_dropout_l2,90,1,288,0.011388218961656094,0.010388386435806751
mlp_3x128_gelu_dropout_l2,90,1,289,0.011362433433532715,0.010421107523143291
mlp_3x128_gelu_dropout_l2,90,1,290,0.01135600171983242,0.010374226607382298
mlp_3x128_gelu_dropout_l2,90,1,291,0.011369503103196621,0.010359044186770916
mlp_3x128_gelu_dropout_l2,90,1,292,0.01135648787021637,0.010419991798698902
mlp_3x128_gelu_dropout_l2,90,1,293,0.011332867667078972,0.010427453555166721
mlp_3x128_gelu_dropout_l2,90,1,294,0.011318618431687355,0.010408442467451096
mlp_3x128_gelu_dropout_l2,90,1,295,0.011398127302527428,0.010339152999222279
mlp_3x128_gelu_dropout_l2,90,1,296,0.011433805339038372,0.010312540456652641
mlp_3x128_gelu_dropout_l2,90,1,297,0.011406387202441692,0.010449578054249287
mlp_3x128_gelu_dropout_l2,90,1,298,0.011338423006236553,0.0104331374168396
mlp_3x128_gelu_dropout_l2,90,1,299,0.011365094222128391,0.010344302281737328
mlp_3x128_gelu_dropout_l2,90,1,300,0.011428178288042545,0.010370025411248207
mlp_3x128_gelu_dropout_l2,90,1,301,0.011442888528108597,0.010495146736502647
mlp_3x128_gelu_dropout_l2,90,1,302,0.011495052836835384,0.01058144960552454
mlp_3x128_gelu_dropout_l2,90,1,303,0.011373840272426605,0.010494690388441086
mlp_3x128_gelu_dropout_l2,90,1,304,0.01140983309596777,0.0103010768070817
mlp_3x128_gelu_dropout_l2,90,1,305,0.011437089182436466,0.010286695323884487
mlp_3x128_gelu_dropout_l2,90,1,306,0.011395757086575031,0.01047502551227808
mlp_3x128_gelu_dropout_l2,90,1,307,0.01140680257230997,0.01038389839231968
mlp_3x128_gelu_dropout_l2,90,1,308,0.011394262313842773,0.010252837091684341
mlp_3x128_gelu_dropout_l2,90,1,309,0.01140632014721632,0.010445990599691868
mlp_3x128_gelu_dropout_l2,90,1,310,0.011368331499397755,0.010492702014744282
mlp_3x128_gelu_dropout_l2,90,1,311,0.011356975883245468,0.010462343692779541
mlp_3x128_gelu_dropout_l2,90,1,312,0.011414721608161926,0.010433042421936989
mlp_3x128_gelu_dropout_l2,90,1,313,0.011432554572820663,0.010293464176356792
mlp_3x128_gelu_dropout_l2,90,1,314,0.011360296048223972,0.010443765670061111
mlp_3x128_gelu_dropout_l2,90,1,315,0.011359227821230888,0.010417809709906578
mlp_3x128_gelu_dropout_l2,90,1,316,0.011520792730152607,0.010346946306526661
mlp_3x128_gelu_dropout_l2,90,1,317,0.011394413188099861,0.010403761640191078
mlp_3x128_gelu_dropout_l2,90,1,318,0.011414067819714546,0.010592366568744183
mlp_3x128_gelu_dropout_l2,90,1,319,0.011355480179190636,0.010357396677136421
mlp_3x128_gelu_dropout_l2,90,1,320,0.01140942145138979,0.01034143939614296
mlp_3x128_gelu_dropout_l2,90,1,321,0.011411254294216633,0.010419861413538456
mlp_3x128_gelu_dropout_l2,90,1,322,0.011377737857401371,0.010456333868205547
mlp_3x128_gelu_dropout_l2,90,1,323,0.011470075696706772,0.010420093312859535
mlp_3x128_gelu_dropout_l2,90,1,324,0.01151975616812706,0.010522635653614998
mlp_3x128_gelu_dropout_l2,90,1,325,0.01149788685142994,0.010636805556714535
mlp_3x128_gelu_dropout_l2,90,1,326,0.011431838385760784,0.010402483865618706
mlp_3x128_gelu_dropout_l2,90,1,327,0.011446411721408367,0.010461206547915936
mlp_3x128_gelu_dropout_l2,90,1,328,0.011414948850870132,0.010420268401503563
mlp_3x128_gelu_dropout_l2,90,1,329,0.011415505781769753,0.010429439134895802
mlp_3x128_gelu_dropout_l2,90,1,330,0.011406469158828259,0.010278267785906792
mlp_3x128_gelu_dropout_l2,90,1,331,0.011450826190412045,0.010446813888847828
mlp_3x128_gelu_dropout_l2,90,1,332,0.011409612372517586,0.010394381359219551
mlp_3x128_gelu_dropout_l2,90,1,333,0.011331888847053051,0.010310642421245575
mlp_3x128_gelu_dropout_l2,90,1,334,0.011341818608343601,0.010371263138949871
mlp_3x128_gelu_dropout_l2,90,1,335,0.011380763724446297,0.01039026863873005
mlp_3x128_gelu_dropout_l2,90,1,336,0.011290243826806545,0.01028833445161581
mlp_3x128_gelu_dropout_l2,90,1,337,0.011390652507543564,0.010338420048356056
mlp_3x128_gelu_dropout_l2,90,1,338,0.011382529512047768,0.010402822867035866
mlp_3x128_gelu_dropout_l2,90,1,339,0.011341326870024204,0.010369798168540001
mlp_3x128_gelu_dropout_l2,90,1,340,0.011379612609744072,0.010286113247275352
mlp_3x128_gelu_dropout_l2,90,1,341,0.011380339972674847,0.010283507406711578
mlp_3x128_gelu_dropout_l2,90,1,342,0.01135695818811655,0.010453103110194206
mlp_3x128_gelu_dropout_l2,90,1,343,0.011372101493179798,0.010280468501150608
mlp_3x128_gelu_dropout_l2,90,1,344,0.01139100082218647,0.010368401184678078
mlp_3x128_gelu_dropout_l2,90,1,345,0.01132001169025898,0.010449161753058434
mlp_3x128_gelu_dropout_l2,90,1,346,0.011327331885695457,0.010356798768043518
mlp_3x128_gelu_dropout_l2,90,1,347,0.01138012669980526,0.010319546796381474
mlp_3x128_gelu_dropout_l2,90,1,348,0.011411051265895367,0.010470584034919739
mlp_3x128_gelu_dropout_l2,90,1,349,0.011362913995981216,0.010474170558154583
mlp_3x128_gelu_dropout_l2,90,1,350,0.011371847242116928,0.010353638790547848
mlp_3x128_gelu_dropout_l2,90,1,351,0.011400814168155193,0.010359376668930054
mlp_3x128_gelu_dropout_l2,90,1,352,0.011316598393023014,0.01045182254165411
mlp_3x128_gelu_dropout_l2,90,1,353,0.011345612816512585,0.01045919582247734
mlp_3x128_gelu_dropout_l2,90,1,354,0.011342656798660755,0.010385684669017792
mlp_3x128_gelu_dropout_l2,90,1,355,0.011392413638532162,0.010347114875912666
mlp_3x128_gelu_dropout_l2,90,1,356,0.011425033211708069,0.010399522259831429
mlp_3x128_gelu_dropout_l2,90,1,357,0.01137875858694315,0.01047009788453579
mlp_3x128_gelu_dropout_l2,90,1,358,0.011396593414247036,0.010355519130825996
mlp_3x128_gelu_dropout_l2,90,1,359,0.011413767002522945,0.010318801738321781
mlp_3x128_gelu_dropout_l2,90,1,360,0.011368152685463428,0.010450391098856926
mlp_3x128_gelu_dropout_l2,90,1,361,0.011371767148375511,0.01053034607321024
mlp_3x128_gelu_dropout_l2,90,1,362,0.01137490663677454,0.010457159020006657
mlp_3x128_gelu_dropout_l2,90,1,363,0.011458990164101124,0.010468222200870514
mlp_3x128_gelu_dropout_l2,90,1,364,0.011430207639932632,0.010473364032804966
mlp_3x128_gelu_dropout_l2,90,1,365,0.011379129253327847,0.01047396007925272
mlp_3x128_gelu_dropout_l2,90,1,366,0.011424469761550426,0.010320829227566719
mlp_3x128_gelu_dropout_l2,90,1,367,0.011415980756282806,0.010364096611738205
mlp_3x128_gelu_dropout_l2,90,1,368,0.011325027793645859,0.01056105550378561
mlp_3x128_gelu_dropout_l2,90,1,369,0.011330051347613335,0.010526871308684349
mlp_3x128_gelu_dropout_l2,90,1,370,0.011424409225583076,0.010571134276688099
mlp_3x128_gelu_dropout_l2,90,1,371,0.011506401002407074,0.010512737557291985
mlp_3x128_gelu_dropout_l2,90,1,372,0.011417512781918049,0.010388963855803013
mlp_3x128_gelu_dropout_l2,90,1,373,0.011420009657740593,0.010399404913187027
mlp_3x128_gelu_dropout_l2,90,1,374,0.011350304819643497,0.010349459014832973
mlp_3x128_gelu_dropout_l2,90,1,375,0.011453955434262753,0.01038704626262188
mlp_3x128_gelu_dropout_l2,90,1,376,0.011395948939025402,0.01060457993298769
mlp_3x128_gelu_dropout_l2,90,1,377,0.011373132467269897,0.010502975434064865
mlp_3x128_gelu_dropout_l2,90,1,378,0.011413843370974064,0.010307191871106625
mlp_3x128_gelu_dropout_l2,90,1,379,0.011445628479123116,0.010539772920310497
mlp_3x128_gelu_dropout_l2,90,1,380,0.011376045644283295,0.010349786840379238
mlp_3x128_gelu_dropout_l2,90,1,381,0.011367861181497574,0.010345022194087505
mlp_3x128_gelu_dropout_l2,90,1,382,0.01145235076546669,0.010332365520298481
mlp_3x128_gelu_dropout_l2,90,1,383,0.011399507522583008,0.010573641397058964
mlp_3x128_gelu_dropout_l2,90,1,384,0.01134957280009985,0.010412300005555153
mlp_3x128_gelu_dropout_l2,90,1,385,0.011387747712433338,0.01025624293833971
mlp_3x128_gelu_dropout_l2,90,1,386,0.011409394443035126,0.010475046001374722
mlp_3x128_gelu_dropout_l2,90,1,387,0.011281277984380722,0.010404732078313828
mlp_3x128_gelu_dropout_l2,90,1,388,0.011371715925633907,0.010324439033865929
mlp_3x128_gelu_dropout_l2,90,1,389,0.011409488506615162,0.010420218110084534
mlp_3x128_gelu_dropout_l2,90,1,390,0.011318055912852287,0.010503467172384262
mlp_3x128_gelu_dropout_l2,90,1,391,0.011333831585943699,0.010345387272536755
mlp_3x128_gelu_dropout_l2,90,1,392,0.01142079196870327,0.010485795326530933
mlp_3x128_gelu_dropout_l2,90,1,393,0.011361414566636086,0.010365861468017101
mlp_3x128_gelu_dropout_l2,90,1,394,0.01134913507848978,0.010361766442656517
mlp_3x128_gelu_dropout_l2,90,1,395,0.011341242119669914,0.01051377598196268
mlp_3x128_gelu_dropout_l2,90,1,396,0.011304408311843872,0.010490267537534237
mlp_3x128_gelu_dropout_l2,90,1,397,0.01128372922539711,0.010390786454081535
mlp_3x128_gelu_dropout_l2,90,1,398,0.011452238075435162,0.010305496864020824
mlp_3x128_gelu_dropout_l2,90,1,399,0.01135926228016615,0.010483919642865658
mlp_3x128_gelu_dropout_l2,90,1,400,0.011361210606992245,0.010419024154543877
mlp_3x128_gelu_dropout_l2,90,1,401,0.011353922076523304,0.010319025255739689
mlp_3x128_gelu_dropout_l2,90,1,402,0.011412928812205791,0.010517279617488384
mlp_3x128_gelu_dropout_l2,90,1,403,0.011358293704688549,0.010482986457645893
mlp_3x128_gelu_dropout_l2,90,1,404,0.011297881603240967,0.010545717552304268
mlp_3x128_gelu_dropout_l2,90,1,405,0.011382936500012875,0.010383040644228458
mlp_3x128_gelu_dropout_l2,90,1,406,0.011432024650275707,0.010485748760402203
mlp_3x128_gelu_dropout_l2,90,1,407,0.011354675516486168,0.010431883856654167
mlp_3x128_gelu_dropout_l2,90,1,408,0.011292645707726479,0.010319164954125881
mlp_3x128_gelu_dropout_l2,90,1,409,0.011373371817171574,0.010369258932769299
mlp_3x128_gelu_dropout_l2,90,1,410,0.011417806148529053,0.01047192420810461
mlp_3x128_gelu_dropout_l2,90,1,411,0.01134451199322939,0.010584646835923195
mlp_3x128_gelu_dropout_l2,90,1,412,0.011291575618088245,0.010330487042665482
mlp_3x128_gelu_dropout_l2,90,1,413,0.011426940560340881,0.010628961026668549
mlp_3x128_gelu_dropout_l2,90,1,414,0.011384628713130951,0.010412732139229774
mlp_3x128_gelu_dropout_l2,90,1,415,0.011306973174214363,0.010410892777144909
mlp_3x128_gelu_dropout_l2,90,1,416,0.011301874183118343,0.01038846280425787
mlp_3x128_gelu_dropout_l2,90,1,417,0.011348987929522991,0.010411202907562256
mlp_3x128_gelu_dropout_l2,90,1,418,0.011450102552771568,0.01047028973698616
mlp_3x128_gelu_dropout_l2,90,1,419,0.011411416344344616,0.010550986044108868
mlp_3x128_gelu_dropout_l2,90,1,420,0.011353764683008194,0.010435170494019985
mlp_3x128_gelu_dropout_l2,90,1,421,0.011385875754058361,0.010567137971520424
mlp_3x128_gelu_dropout_l2,90,1,422,0.01137135736644268,0.010416992008686066
mlp_3x128_gelu_dropout_l2,90,1,423,0.011372550390660763,0.010359007865190506
mlp_3x128_gelu_dropout_l2,90,1,424,0.011318705976009369,0.010379523038864136
mlp_3x128_gelu_dropout_l2,90,1,425,0.011361748911440372,0.010363572277128696
mlp_3x128_gelu_dropout_l2,90,1,426,0.011373607441782951,0.01045156642794609
mlp_3x128_gelu_dropout_l2,90,1,427,0.01132183987647295,0.010500776581466198
mlp_3x128_gelu_dropout_l2,90,1,428,0.011322245933115482,0.010442139580845833
mlp_3x128_gelu_dropout_l2,90,1,429,0.011364578269422054,0.010625536553561687
mlp_3x128_gelu_dropout_l2,90,1,430,0.011339806951582432,0.010314802639186382
mlp_3x128_gelu_dropout_l2,90,1,431,0.011317102238535881,0.010435010306537151
mlp_3x128_gelu_dropout_l2,90,1,432,0.011311213485896587,0.010440356098115444
mlp_3x128_gelu_dropout_l2,90,1,433,0.011409521102905273,0.010345536284148693
mlp_3x128_gelu_dropout_l2,90,1,434,0.01143676321953535,0.010481267236173153
mlp_3x128_gelu_dropout_l2,90,1,435,0.011411807499825954,0.010524662211537361
mlp_3x128_gelu_dropout_l2,90,1,436,0.011332967318594456,0.010539684444665909
mlp_3x128_gelu_dropout_l2,90,1,437,0.011366413906216621,0.010493172332644463
mlp_3x128_gelu_dropout_l2,90,1,438,0.01142659317702055,0.010516765527427197
mlp_3x128_gelu_dropout_l2,90,1,439,0.011403585784137249,0.01042696088552475
mlp_3x128_gelu_dropout_l2,90,1,440,0.01139608584344387,0.010456140153110027
mlp_3x128_gelu_dropout_l2,90,1,441,0.011287706904113293,0.010375790297985077
mlp_3x128_gelu_dropout_l2,90,1,442,0.011352616362273693,0.010409052483737469
mlp_3x128_gelu_dropout_l2,90,1,443,0.011462748050689697,0.01044617872685194
mlp_3x128_gelu_dropout_l2,90,1,444,0.011365238577127457,0.01059610303491354
mlp_3x128_gelu_dropout_l2,90,1,445,0.011331897228956223,0.010371245443820953
mlp_3x128_gelu_dropout_l2,90,1,446,0.01137849222868681,0.010419067926704884
mlp_3x128_gelu_dropout_l2,90,1,447,0.011413018219172955,0.010460332967340946
mlp_3x128_gelu_dropout_l2,90,1,448,0.011380203068256378,0.010474071837961674
mlp_3x128_gelu_dropout_l2,90,1,449,0.011318537406623363,0.010334154590964317
mlp_3x128_gelu_dropout_l2,90,1,450,0.011431178078055382,0.01044289581477642
mlp_3x128_gelu_dropout_l2,90,1,451,0.011443556286394596,0.010613172315061092
mlp_3x128_gelu_dropout_l2,90,1,452,0.011378530412912369,0.010539964772760868
mlp_3x128_gelu_dropout_l2,90,1,453,0.011425538919866085,0.010500338859856129
mlp_3x128_gelu_dropout_l2,90,1,454,0.011420417577028275,0.010308871045708656
mlp_3x128_gelu_dropout_l2,90,1,455,0.011370962485671043,0.010487958788871765
mlp_3x128_gelu_dropout_l2,90,1,456,0.011379939503967762,0.010343278758227825
mlp_3x128_gelu_dropout_l2,90,1,457,0.01134211290627718,0.010297801345586777
mlp_3x128_gelu_dropout_l2,90,1,458,0.011424037627875805,0.010555882006883621
mlp_3x128_gelu_dropout_l2,90,1,459,0.011355667375028133,0.01048144418746233
mlp_3x128_gelu_dropout_l2,90,1,460,0.011416338384151459,0.010402735322713852
mlp_3x128_gelu_dropout_l2,90,1,461,0.011363906785845757,0.010362153872847557
mlp_3x128_gelu_dropout_l2,90,1,462,0.01135562639683485,0.010399897582828999
mlp_3x128_gelu_dropout_l2,90,1,463,0.011354498565196991,0.010231907479465008
mlp_3x128_gelu_dropout_l2,90,1,464,0.011410444043576717,0.010486910119652748
mlp_3x128_gelu_dropout_l2,90,1,465,0.011313130147755146,0.010411134921014309
mlp_3x128_gelu_dropout_l2,90,1,466,0.011282361112535,0.010326382704079151
mlp_3x128_gelu_dropout_l2,90,1,467,0.011300566606223583,0.010349037125706673
mlp_3x128_gelu_dropout_l2,90,1,468,0.011352648958563805,0.010430827736854553
mlp_3x128_gelu_dropout_l2,90,1,469,0.011306890286505222,0.010320313274860382
mlp_3x128_gelu_dropout_l2,90,1,470,0.011370237916707993,0.010407138615846634
mlp_3x128_gelu_dropout_l2,90,1,471,0.011329048313200474,0.010488123632967472
mlp_3x128_gelu_dropout_l2,90,1,472,0.011340556666254997,0.010406437329947948
mlp_3x128_gelu_dropout_l2,90,1,473,0.011303803883492947,0.010305509902536869
mlp_3x128_gelu_dropout_l2,90,1,474,0.011344339698553085,0.010330302640795708
mlp_3x128_gelu_dropout_l2,90,1,475,0.01129792258143425,0.01039693970233202
mlp_3x128_gelu_dropout_l2,90,1,476,0.01131114736199379,0.010391809977591038
mlp_3x128_gelu_dropout_l2,90,1,477,0.011367829516530037,0.010345861315727234
mlp_3x128_gelu_dropout_l2,90,1,478,0.011358645744621754,0.01050327718257904
mlp_3x128_gelu_dropout_l2,90,1,479,0.011316657066345215,0.01042831502854824
mlp_3x128_gelu_dropout_l2,90,1,480,0.011340505443513393,0.010427639819681644
mlp_3x128_gelu_dropout_l2,90,1,481,0.011396154761314392,0.010474194772541523
mlp_3x128_gelu_dropout_l2,90,1,482,0.01142056006938219,0.010394775308668613
mlp_3x128_gelu_dropout_l2,90,1,483,0.01132829301059246,0.010413634590804577
mlp_3x128_gelu_dropout_l2,90,1,484,0.011309993453323841,0.010315077379345894
mlp_3x128_gelu_dropout_l2,90,1,485,0.011381594464182854,0.010513177141547203
mlp_3x128_gelu_dropout_l2,90,1,486,0.011374741792678833,0.010411443188786507
mlp_3x128_gelu_dropout_l2,90,1,487,0.011303072795271873,0.010352957993745804
mlp_3x128_gelu_dropout_l2,90,1,488,0.011267408728599548,0.010432100854814053
mlp_3x128_gelu_dropout_l2,90,1,489,0.011269884184002876,0.010299719870090485
mlp_3x128_gelu_dropout_l2,90,1,490,0.011277652345597744,0.01036105677485466
mlp_3x128_gelu_dropout_l2,90,1,491,0.011264171451330185,0.010438358411192894
mlp_3x128_gelu_dropout_l2,90,1,492,0.011338458396494389,0.010337046347558498
mlp_3x128_gelu_dropout_l2,90,1,493,0.011400065384805202,0.010468296706676483
mlp_3x128_gelu_dropout_l2,90,1,494,0.011458481661975384,0.010472657158970833
mlp_3x128_gelu_dropout_l2,90,1,495,0.011370502412319183,0.010498612187802792
mlp_3x128_gelu_dropout_l2,90,1,496,0.011302701197564602,0.010498582385480404
mlp_3x128_gelu_dropout_l2,90,1,497,0.01137873437255621,0.010387367568910122
mlp_3x128_gelu_dropout_l2,90,1,498,0.011399252340197563,0.01047966443002224
mlp_3x128_gelu_dropout_l2,90,1,499,0.011374421417713165,0.010551372542977333
mlp_3x128_gelu_dropout_l2,90,1,500,0.011331543326377869,0.01044235099107027
mlp_3x128_gelu_dropout_l2,90,5,1,0.1528666913509369,0.06666397303342819
mlp_3x128_gelu_dropout_l2,90,5,2,0.06231001019477844,0.0495198555290699
mlp_3x128_gelu_dropout_l2,90,5,3,0.04937068745493889,0.04246023669838905
mlp_3x128_gelu_dropout_l2,90,5,4,0.04266967624425888,0.037444107234478
mlp_3x128_gelu_dropout_l2,90,5,5,0.03783632069826126,0.03338408097624779
mlp_3x128_gelu_dropout_l2,90,5,6,0.03379848971962929,0.029640795662999153
mlp_3x128_gelu_dropout_l2,90,5,7,0.030180998146533966,0.026175256818532944
mlp_3x128_gelu_dropout_l2,90,5,8,0.026966674253344536,0.023338112980127335
mlp_3x128_gelu_dropout_l2,90,5,9,0.024103589355945587,0.02064928412437439
mlp_3x128_gelu_dropout_l2,90,5,10,0.021494846791028976,0.018320048227906227
mlp_3x128_gelu_dropout_l2,90,5,11,0.019136112183332443,0.016340222209692
mlp_3x128_gelu_dropout_l2,90,5,12,0.017134767025709152,0.014673401601612568
mlp_3x128_gelu_dropout_l2,90,5,13,0.015420999377965927,0.013278371654450893
mlp_3x128_gelu_dropout_l2,90,5,14,0.014059264212846756,0.012210184708237648
mlp_3x128_gelu_dropout_l2,90,5,15,0.012900478206574917,0.011215184815227985
mlp_3x128_gelu_dropout_l2,90,5,16,0.011939490213990211,0.01036835741251707
mlp_3x128_gelu_dropout_l2,90,5,17,0.011128418147563934,0.009668557904660702
mlp_3x128_gelu_dropout_l2,90,5,18,0.010441182181239128,0.00910947285592556
mlp_3x128_gelu_dropout_l2,90,5,19,0.009850299917161465,0.008607463911175728
mlp_3x128_gelu_dropout_l2,90,5,20,0.009353959001600742,0.008161762729287148
mlp_3x128_gelu_dropout_l2,90,5,21,0.008898328058421612,0.007778242230415344
mlp_3x128_gelu_dropout_l2,90,5,22,0.008495697751641273,0.007436283864080906
mlp_3x128_gelu_dropout_l2,90,5,23,0.008146053180098534,0.007137801963835955
mlp_3x128_gelu_dropout_l2,90,5,24,0.007837905548512936,0.006955915596336126
mlp_3x128_gelu_dropout_l2,90,5,25,0.007565394043922424,0.006677354220300913
mlp_3x128_gelu_dropout_l2,90,5,26,0.007334502879530191,0.006464536301791668
mlp_3x128_gelu_dropout_l2,90,5,27,0.007100034039467573,0.006259924732148647
mlp_3x128_gelu_dropout_l2,90,5,28,0.006921554449945688,0.006116427946835756
mlp_3x128_gelu_dropout_l2,90,5,29,0.006745988503098488,0.005945570766925812
mlp_3x128_gelu_dropout_l2,90,5,30,0.006584270391613245,0.005793035961687565
mlp_3x128_gelu_dropout_l2,90,5,31,0.006429544650018215,0.005682429764419794
mlp_3x128_gelu_dropout_l2,90,5,32,0.006346735637634993,0.005595723167061806
mlp_3x128_gelu_dropout_l2,90,5,33,0.006211147177964449,0.00547341862693429
mlp_3x128_gelu_dropout_l2,90,5,34,0.006119491066783667,0.0054143271408975124
mlp_3x128_gelu_dropout_l2,90,5,35,0.006061012391000986,0.005291049834340811
mlp_3x128_gelu_dropout_l2,90,5,36,0.005956995766609907,0.0052244351245462894
mlp_3x128_gelu_dropout_l2,90,5,37,0.005891288630664349,0.005173649173229933
mlp_3x128_gelu_dropout_l2,90,5,38,0.0058607845567166805,0.005079981870949268
mlp_3x128_gelu_dropout_l2,90,5,39,0.005786125082522631,0.005050764884799719
mlp_3x128_gelu_dropout_l2,90,5,40,0.005739621818065643,0.004986971616744995
mlp_3x128_gelu_dropout_l2,90,5,41,0.005710208788514137,0.004928092937916517
mlp_3x128_gelu_dropout_l2,90,5,42,0.005646280944347382,0.00494004413485527
mlp_3x128_gelu_dropout_l2,90,5,43,0.005626453552395105,0.004913941957056522
mlp_3x128_gelu_dropout_l2,90,5,44,0.0056339530274271965,0.004922852385789156
mlp_3x128_gelu_dropout_l2,90,5,45,0.00558552285656333,0.004877934698015451
mlp_3x128_gelu_dropout_l2,90,5,46,0.005560990888625383,0.0048661427572369576
mlp_3x128_gelu_dropout_l2,90,5,47,0.005545413121581078,0.004844403360038996
mlp_3x128_gelu_dropout_l2,90,5,48,0.005539973732084036,0.0048419577069580555
mlp_3x128_gelu_dropout_l2,90,5,49,0.0055151442065835,0.00483822263777256
mlp_3x128_gelu_dropout_l2,90,5,50,0.005517168436199427,0.004777979571372271
mlp_3x128_gelu_dropout_l2,90,5,51,0.0055139209143817425,0.004748398903757334
mlp_3x128_gelu_dropout_l2,90,5,52,0.005504258442670107,0.0047284020110964775
mlp_3x128_gelu_dropout_l2,90,5,53,0.005476983729749918,0.004724626429378986
mlp_3x128_gelu_dropout_l2,90,5,54,0.005488602444529533,0.004711556248366833
mlp_3x128_gelu_dropout_l2,90,5,55,0.005478980485349894,0.004695423878729343
mlp_3x128_gelu_dropout_l2,90,5,56,0.005467507056891918,0.004740400705486536
mlp_3x128_gelu_dropout_l2,90,5,57,0.0054625459015369415,0.004751558881253004
mlp_3x128_gelu_dropout_l2,90,5,58,0.005486718844622374,0.004808005876839161
mlp_3x128_gelu_dropout_l2,90,5,59,0.005500501021742821,0.004812197759747505
mlp_3x128_gelu_dropout_l2,90,5,60,0.005479742307215929,0.004791241604834795
mlp_3x128_gelu_dropout_l2,90,5,61,0.005519956815987825,0.004726668354123831
mlp_3x128_gelu_dropout_l2,90,5,62,0.005539692007005215,0.004882949870079756
mlp_3x128_gelu_dropout_l2,90,5,63,0.005520369857549667,0.004786880686879158
mlp_3x128_gelu_dropout_l2,90,5,64,0.005473733879625797,0.004737308248877525
mlp_3x128_gelu_dropout_l2,90,5,65,0.0054813711903989315,0.00484559265896678
mlp_3x128_gelu_dropout_l2,90,5,66,0.0054948595352470875,0.004729598760604858
mlp_3x128_gelu_dropout_l2,90,5,67,0.005469135008752346,0.004682006314396858
mlp_3x128_gelu_dropout_l2,90,5,68,0.005436448846012354,0.004695516545325518
mlp_3x128_gelu_dropout_l2,90,5,69,0.0054342071525752544,0.004720620810985565
mlp_3x128_gelu_dropout_l2,90,5,70,0.0054621463641524315,0.0047144657000899315
mlp_3x128_gelu_dropout_l2,90,5,71,0.005447740666568279,0.00470679672434926
mlp_3x128_gelu_dropout_l2,90,5,72,0.0054535409435629845,0.004707954823970795
mlp_3x128_gelu_dropout_l2,90,5,73,0.005448461975902319,0.004666069522500038
mlp_3x128_gelu_dropout_l2,90,5,74,0.005410715471953154,0.004709812346845865
mlp_3x128_gelu_dropout_l2,90,5,75,0.005458506289869547,0.00471417186781764
mlp_3x128_gelu_dropout_l2,90,5,76,0.005468244198709726,0.0046688709408044815
mlp_3x128_gelu_dropout_l2,90,5,77,0.005466322414577007,0.004731939639896154
mlp_3x128_gelu_dropout_l2,90,5,78,0.005436373874545097,0.004690646659582853
mlp_3x128_gelu_dropout_l2,90,5,79,0.005423491355031729,0.004696788266301155
mlp_3x128_gelu_dropout_l2,90,5,80,0.0054359775967895985,0.004732656758278608
mlp_3x128_gelu_dropout_l2,90,5,81,0.005464831367135048,0.00472115958109498
mlp_3x128_gelu_dropout_l2,90,5,82,0.005474305711686611,0.004695080686360598
mlp_3x128_gelu_dropout_l2,90,5,83,0.005460377316921949,0.004665997810661793
mlp_3x128_gelu_dropout_l2,90,5,84,0.005464807152748108,0.004741705022752285
mlp_3x128_gelu_dropout_l2,90,5,85,0.005463764537125826,0.004682406783103943
mlp_3x128_gelu_dropout_l2,90,5,86,0.005432850681245327,0.004681283142417669
mlp_3x128_gelu_dropout_l2,90,5,87,0.005467945244163275,0.004769179504364729
mlp_3x128_gelu_dropout_l2,90,5,88,0.005514923948794603,0.0047477479092776775
mlp_3x128_gelu_dropout_l2,90,5,89,0.005517793819308281,0.004747773054987192
mlp_3x128_gelu_dropout_l2,90,5,90,0.005493499338626862,0.004762830678373575
mlp_3x128_gelu_dropout_l2,90,5,91,0.005480202846229076,0.004666588269174099
mlp_3x128_gelu_dropout_l2,90,5,92,0.005453615449368954,0.004746497143059969
mlp_3x128_gelu_dropout_l2,90,5,93,0.005492739845067263,0.004688750486820936
mlp_3x128_gelu_dropout_l2,90,5,94,0.005453155376017094,0.004689369350671768
mlp_3x128_gelu_dropout_l2,90,5,95,0.005440499633550644,0.004677049815654755
mlp_3x128_gelu_dropout_l2,90,5,96,0.005456509534269571,0.004693731665611267
mlp_3x128_gelu_dropout_l2,90,5,97,0.005430460441857576,0.004733705427497625
mlp_3x128_gelu_dropout_l2,90,5,98,0.005480817519128323,0.004700774792581797
mlp_3x128_gelu_dropout_l2,90,5,99,0.005465839523822069,0.004702622536569834
mlp_3x128_gelu_dropout_l2,90,5,100,0.00541904428973794,0.004752050153911114
mlp_3x128_gelu_dropout_l2,90,5,101,0.005429863464087248,0.004708593245595694
mlp_3x128_gelu_dropout_l2,90,5,102,0.005417314358055592,0.004708696622401476
mlp_3x128_gelu_dropout_l2,90,5,103,0.005463483277708292,0.0048097907565534115
mlp_3x128_gelu_dropout_l2,90,5,104,0.005536707583814859,0.004854402504861355
mlp_3x128_gelu_dropout_l2,90,5,105,0.00558595173060894,0.0048088254407048225
mlp_3x128_gelu_dropout_l2,90,5,106,0.0054585933685302734,0.0046951849944889545
mlp_3x128_gelu_dropout_l2,90,5,107,0.0054426793940365314,0.0047440133057534695
mlp_3x128_gelu_dropout_l2,90,5,108,0.005480324383825064,0.004713404458016157
mlp_3x128_gelu_dropout_l2,90,5,109,0.005449802149087191,0.004699420183897018
mlp_3x128_gelu_dropout_l2,90,5,110,0.005444417707622051,0.0047475122846663
mlp_3x128_gelu_dropout_l2,90,5,111,0.005433808546513319,0.0046906182542443275
mlp_3x128_gelu_dropout_l2,90,5,112,0.005446786992251873,0.004765418358147144
mlp_3x128_gelu_dropout_l2,90,5,113,0.0054710786789655685,0.004737949930131435
mlp_3x128_gelu_dropout_l2,90,5,114,0.005467002745717764,0.004773062188178301
mlp_3x128_gelu_dropout_l2,90,5,115,0.0054411753080785275,0.004704253748059273
mlp_3x128_gelu_dropout_l2,90,5,116,0.005465545691549778,0.0048093474470078945
mlp_3x128_gelu_dropout_l2,90,5,117,0.005491295363754034,0.0047852518036961555
mlp_3x128_gelu_dropout_l2,90,5,118,0.005467805080115795,0.004771297797560692
mlp_3x128_gelu_dropout_l2,90,5,119,0.005455459468066692,0.004768919665366411
mlp_3x128_gelu_dropout_l2,90,5,120,0.0054732128046453,0.0047930264845490456
mlp_3x128_gelu_dropout_l2,90,5,121,0.005496390629559755,0.0047643412835896015
mlp_3x128_gelu_dropout_l2,90,5,122,0.005473594181239605,0.004752298817038536
mlp_3x128_gelu_dropout_l2,90,5,123,0.005453355610370636,0.004721067845821381
mlp_3x128_gelu_dropout_l2,90,5,124,0.005461516790091991,0.00479045370593667
mlp_3x128_gelu_dropout_l2,90,5,125,0.005475714337080717,0.004725162871181965
mlp_3x128_gelu_dropout_l2,90,5,126,0.00544882845133543,0.004763180855661631
mlp_3x128_gelu_dropout_l2,90,5,127,0.005443789064884186,0.004756575915962458
mlp_3x128_gelu_dropout_l2,90,5,128,0.005425510462373495,0.0047178687527775764
mlp_3x128_gelu_dropout_l2,90,5,129,0.005427122116088867,0.004773986060172319
mlp_3x128_gelu_dropout_l2,90,5,130,0.005448389332741499,0.004754461348056793
mlp_3x128_gelu_dropout_l2,90,5,131,0.00546235591173172,0.004797171335667372
mlp_3x128_gelu_dropout_l2,90,5,132,0.005445612594485283,0.004731504712253809
mlp_3x128_gelu_dropout_l2,90,5,133,0.005439226981252432,0.004777129273861647
mlp_3x128_gelu_dropout_l2,90,5,134,0.005458692088723183,0.004831763915717602
mlp_3x128_gelu_dropout_l2,90,5,135,0.005477298051118851,0.004736156668514013
mlp_3x128_gelu_dropout_l2,90,5,136,0.005445993039757013,0.004849124699831009
mlp_3x128_gelu_dropout_l2,90,5,137,0.005454022437334061,0.004727190360426903
mlp_3x128_gelu_dropout_l2,90,5,138,0.00544590363278985,0.004801720846444368
mlp_3x128_gelu_dropout_l2,90,5,139,0.005471962038427591,0.004869924858212471
mlp_3x128_gelu_dropout_l2,90,5,140,0.005522430408746004,0.004816533997654915
mlp_3x128_gelu_dropout_l2,90,5,141,0.005434026010334492,0.0047248173505067825
mlp_3x128_gelu_dropout_l2,90,5,142,0.005407195072621107,0.004733906593173742
mlp_3x128_gelu_dropout_l2,90,5,143,0.005428770091384649,0.004741491749882698
mlp_3x128_gelu_dropout_l2,90,5,144,0.005437998566776514,0.004812178201973438
mlp_3x128_gelu_dropout_l2,90,5,145,0.005439283791929483,0.004729711450636387
mlp_3x128_gelu_dropout_l2,90,5,146,0.0054244170896708965,0.004755417816340923
mlp_3x128_gelu_dropout_l2,90,5,147,0.005444541107863188,0.00474198441952467
mlp_3x128_gelu_dropout_l2,90,5,148,0.005454110912978649,0.004769823979586363
mlp_3x128_gelu_dropout_l2,90,5,149,0.005476794671267271,0.004893747624009848
mlp_3x128_gelu_dropout_l2,90,5,150,0.0054931482300162315,0.004782555624842644
mlp_3x128_gelu_dropout_l2,90,5,151,0.00547142094001174,0.004812169354408979
mlp_3x128_gelu_dropout_l2,90,5,152,0.005439539439976215,0.004778999835252762
mlp_3x128_gelu_dropout_l2,90,5,153,0.005403953138738871,0.0047605084255337715
mlp_3x128_gelu_dropout_l2,90,5,154,0.005440178327262402,0.004840753972530365
mlp_3x128_gelu_dropout_l2,90,5,155,0.005466865375638008,0.004740548320114613
mlp_3x128_gelu_dropout_l2,90,5,156,0.005447698291391134,0.004799864254891872
mlp_3x128_gelu_dropout_l2,90,5,157,0.005429144483059645,0.004723746795207262
mlp_3x128_gelu_dropout_l2,90,5,158,0.005421048030257225,0.004779888782650232
mlp_3x128_gelu_dropout_l2,90,5,159,0.005465667229145765,0.0047654882073402405
mlp_3x128_gelu_dropout_l2,90,5,160,0.005445676855742931,0.004769077058881521
mlp_3x128_gelu_dropout_l2,90,5,161,0.005452490411698818,0.004752275068312883
mlp_3x128_gelu_dropout_l2,90,5,162,0.005409500561654568,0.004742978606373072
mlp_3x128_gelu_dropout_l2,90,5,163,0.005461363587528467,0.004785541445016861
mlp_3x128_gelu_dropout_l2,90,5,164,0.0054541477002203465,0.004778783302754164
mlp_3x128_gelu_dropout_l2,90,5,165,0.005411135498434305,0.004781012888997793
mlp_3x128_gelu_dropout_l2,90,5,166,0.005439018830657005,0.004767371341586113
mlp_3x128_gelu_dropout_l2,90,5,167,0.005448097828775644,0.004793145228177309
mlp_3x128_gelu_dropout_l2,90,5,168,0.005434713792055845,0.004804744850844145
mlp_3x128_gelu_dropout_l2,90,5,169,0.005430665332823992,0.004722400568425655
mlp_3x128_gelu_dropout_l2,90,5,170,0.005424999166280031,0.004842265509068966
mlp_3x128_gelu_dropout_l2,90,5,171,0.005485450383275747,0.004897730890661478
mlp_3x128_gelu_dropout_l2,90,5,172,0.0054927547462284565,0.004734993912279606
mlp_3x128_gelu_dropout_l2,90,5,173,0.005480214487761259,0.00486553693190217
mlp_3x128_gelu_dropout_l2,90,5,174,0.005461425520479679,0.00477690389379859
mlp_3x128_gelu_dropout_l2,90,5,175,0.005466964095830917,0.00474206218495965
mlp_3x128_gelu_dropout_l2,90,5,176,0.005423718132078648,0.004804663825780153
mlp_3x128_gelu_dropout_l2,90,5,177,0.005440620239824057,0.004732765723019838
mlp_3x128_gelu_dropout_l2,90,5,178,0.005445505026727915,0.004763930104672909
mlp_3x128_gelu_dropout_l2,90,5,179,0.005423840135335922,0.004759680479764938
mlp_3x128_gelu_dropout_l2,90,5,180,0.0054196822457015514,0.004742557182908058
mlp_3x128_gelu_dropout_l2,90,5,181,0.005434970371425152,0.004770939238369465
mlp_3x128_gelu_dropout_l2,90,5,182,0.005450061988085508,0.004736620467156172
mlp_3x128_gelu_dropout_l2,90,5,183,0.005428655538707972,0.004734714049845934
mlp_3x128_gelu_dropout_l2,90,5,184,0.0054005226120352745,0.00472606997936964
mlp_3x128_gelu_dropout_l2,90,5,185,0.005409385077655315,0.004783333744853735
mlp_3x128_gelu_dropout_l2,90,5,186,0.0054499320685863495,0.0047523872926831245
mlp_3x128_gelu_dropout_l2,90,5,187,0.005414539948105812,0.004836348816752434
mlp_3x128_gelu_dropout_l2,90,5,188,0.00544014573097229,0.004854029510170221
mlp_3x128_gelu_dropout_l2,90,5,189,0.005436215549707413,0.0047938949428498745
mlp_3x128_gelu_dropout_l2,90,5,190,0.005436854902654886,0.004773676861077547
mlp_3x128_gelu_dropout_l2,90,5,191,0.0054428353905677795,0.0048170750960707664
mlp_3x128_gelu_dropout_l2,90,5,192,0.005469819996505976,0.0048926593735814095
mlp_3x128_gelu_dropout_l2,90,5,193,0.005447303876280785,0.004720576107501984
mlp_3x128_gelu_dropout_l2,90,5,194,0.005436340346932411,0.004847526550292969
mlp_3x128_gelu_dropout_l2,90,5,195,0.005489727947860956,0.004890527110546827
mlp_3x128_gelu_dropout_l2,90,5,196,0.005522837396711111,0.004819122143089771
mlp_3x128_gelu_dropout_l2,90,5,197,0.005479614250361919,0.004919090308248997
mlp_3x128_gelu_dropout_l2,90,5,198,0.005437528248876333,0.004819769412279129
mlp_3x128_gelu_dropout_l2,90,5,199,0.005413929000496864,0.004742439836263657
mlp_3x128_gelu_dropout_l2,90,5,200,0.00540009094402194,0.004812137223780155
mlp_3x128_gelu_dropout_l2,90,5,201,0.0054494296200573444,0.004746064078062773
mlp_3x128_gelu_dropout_l2,90,5,202,0.0054034278728067875,0.004753017798066139
mlp_3x128_gelu_dropout_l2,90,5,203,0.005403638817369938,0.0047998386435210705
mlp_3x128_gelu_dropout_l2,90,5,204,0.005399128422141075,0.004727233666926622
mlp_3x128_gelu_dropout_l2,90,5,205,0.005409518256783485,0.0047973510809242725
mlp_3x128_gelu_dropout_l2,90,5,206,0.005474917124956846,0.0048546032048761845
mlp_3x128_gelu_dropout_l2,90,5,207,0.0054819886572659016,0.004741808399558067
mlp_3x128_gelu_dropout_l2,90,5,208,0.005434818100184202,0.004806391429156065
mlp_3x128_gelu_dropout_l2,90,5,209,0.005476196762174368,0.004874858073890209
mlp_3x128_gelu_dropout_l2,90,5,210,0.005446477793157101,0.004804983735084534
mlp_3x128_gelu_dropout_l2,90,5,211,0.005439626518636942,0.0048552704975008965
mlp_3x128_gelu_dropout_l2,90,5,212,0.005466555245220661,0.004787505138665438
mlp_3x128_gelu_dropout_l2,90,5,213,0.005417785607278347,0.004764403682202101
mlp_3x128_gelu_dropout_l2,90,5,214,0.005412197671830654,0.004755984991788864
mlp_3x128_gelu_dropout_l2,90,5,215,0.005412884522229433,0.004746324382722378
mlp_3x128_gelu_dropout_l2,90,5,216,0.005404929630458355,0.004841043148189783
mlp_3x128_gelu_dropout_l2,90,5,217,0.005429739132523537,0.004753568675369024
mlp_3x128_gelu_dropout_l2,90,5,218,0.0054347943514585495,0.0047531453892588615
mlp_3x128_gelu_dropout_l2,90,5,219,0.0054363529197871685,0.004760153591632843
mlp_3x128_gelu_dropout_l2,90,5,220,0.005393886007368565,0.004746994934976101
mlp_3x128_gelu_dropout_l2,90,5,221,0.0054002669639885426,0.004724939353764057
mlp_3x128_gelu_dropout_l2,90,5,222,0.005447333678603172,0.0047993967309594154
mlp_3x128_gelu_dropout_l2,90,5,223,0.005479412153363228,0.004772372078150511
mlp_3x128_gelu_dropout_l2,90,5,224,0.005423246882855892,0.0047271824441850185
mlp_3x128_gelu_dropout_l2,90,5,225,0.005435328930616379,0.0047776103019714355
mlp_3x128_gelu_dropout_l2,90,5,226,0.005464634392410517,0.00482541648671031
mlp_3x128_gelu_dropout_l2,90,5,227,0.005425924435257912,0.004725662991404533
mlp_3x128_gelu_dropout_l2,90,5,228,0.005398917943239212,0.004769070073962212
mlp_3x128_gelu_dropout_l2,90,5,229,0.005445408634841442,0.004843695554882288
mlp_3x128_gelu_dropout_l2,90,5,230,0.0054572997614741325,0.004721940960735083
mlp_3x128_gelu_dropout_l2,90,5,231,0.005400661379098892,0.0047761136665940285
mlp_3x128_gelu_dropout_l2,90,5,232,0.005415899679064751,0.004765501711517572
mlp_3x128_gelu_dropout_l2,90,5,233,0.005409553647041321,0.004740715492516756
mlp_3x128_gelu_dropout_l2,90,5,234,0.005438258871436119,0.004847484175115824
mlp_3x128_gelu_dropout_l2,90,5,235,0.005464016459882259,0.004762446507811546
mlp_3x128_gelu_dropout_l2,90,5,236,0.005411725491285324,0.004723731428384781
mlp_3x128_gelu_dropout_l2,90,5,237,0.005430853459984064,0.004825390875339508
mlp_3x128_gelu_dropout_l2,90,5,238,0.005451721604913473,0.004697611089795828
mlp_3x128_gelu_dropout_l2,90,5,239,0.005359997507184744,0.0047247097827494144
mlp_3x128_gelu_dropout_l2,90,5,240,0.005388617981225252,0.004792480263859034
mlp_3x128_gelu_dropout_l2,90,5,241,0.0053805336356163025,0.004750816151499748
mlp_3x128_gelu_dropout_l2,90,5,242,0.005393698811531067,0.00473826564848423
mlp_3x128_gelu_dropout_l2,90,5,243,0.005440045613795519,0.004745384678244591
mlp_3x128_gelu_dropout_l2,90,5,244,0.005382765084505081,0.0047369543462991714
mlp_3x128_gelu_dropout_l2,90,5,245,0.005415717139840126,0.004724334925413132
mlp_3x128_gelu_dropout_l2,90,5,246,0.005389729514718056,0.0047188205644488335
mlp_3x128_gelu_dropout_l2,90,5,247,0.00539723876863718,0.004819047637283802
mlp_3x128_gelu_dropout_l2,90,5,248,0.005440712906420231,0.004859091714024544
mlp_3x128_gelu_dropout_l2,90,5,249,0.005436821840703487,0.004774310626089573
mlp_3x128_gelu_dropout_l2,90,5,250,0.005418017972260714,0.004743637982755899
mlp_3x128_gelu_dropout_l2,90,5,251,0.005447289440780878,0.00486382469534874
mlp_3x128_gelu_dropout_l2,90,5,252,0.005455386824905872,0.004789212718605995
mlp_3x128_gelu_dropout_l2,90,5,253,0.005411922000348568,0.00473275501281023
mlp_3x128_gelu_dropout_l2,90,5,254,0.005417800508439541,0.004756195470690727
mlp_3x128_gelu_dropout_l2,90,5,255,0.005420583765953779,0.004807573277503252
mlp_3x128_gelu_dropout_l2,90,5,256,0.005448143929243088,0.004829268902540207
mlp_3x128_gelu_dropout_l2,90,5,257,0.005434181075543165,0.004779747221618891
mlp_3x128_gelu_dropout_l2,90,5,258,0.005443006753921509,0.004786448087543249
mlp_3x128_gelu_dropout_l2,90,5,259,0.005437653977423906,0.004868269897997379
mlp_3x128_gelu_dropout_l2,90,5,260,0.00543311657384038,0.004739268682897091
mlp_3x128_gelu_dropout_l2,90,5,261,0.005416036583483219,0.004730559885501862
mlp_3x128_gelu_dropout_l2,90,5,262,0.005405577830970287,0.0047841984778642654
mlp_3x128_gelu_dropout_l2,90,5,263,0.005463743582367897,0.004770005587488413
mlp_3x128_gelu_dropout_l2,90,5,264,0.005411139223724604,0.0047343033365905285
mlp_3x128_gelu_dropout_l2,90,5,265,0.0053848642855882645,0.004774943459779024
mlp_3x128_gelu_dropout_l2,90,5,266,0.005384252406656742,0.004753819201141596
mlp_3x128_gelu_dropout_l2,90,5,267,0.00541587732732296,0.00473113963380456
mlp_3x128_gelu_dropout_l2,90,5,268,0.005407483782619238,0.004717336967587471
mlp_3x128_gelu_dropout_l2,90,5,269,0.005388918332755566,0.004771950654685497
mlp_3x128_gelu_dropout_l2,90,5,270,0.0053879572078585625,0.004764438606798649
mlp_3x128_gelu_dropout_l2,90,5,271,0.005410083569586277,0.004758396651595831
mlp_3x128_gelu_dropout_l2,90,5,272,0.005385437980294228,0.004755503498017788
mlp_3x128_gelu_dropout_l2,90,5,273,0.005419687833636999,0.004787662532180548
mlp_3x128_gelu_dropout_l2,90,5,274,0.005404169671237469,0.004754058551043272
mlp_3x128_gelu_dropout_l2,90,5,275,0.0053906552493572235,0.004704045131802559
mlp_3x128_gelu_dropout_l2,90,5,276,0.005388210061937571,0.00477088987827301
mlp_3x128_gelu_dropout_l2,90,5,277,0.005464458838105202,0.0048254248686134815
mlp_3x128_gelu_dropout_l2,90,5,278,0.005470807198435068,0.004826832562685013
mlp_3x128_gelu_dropout_l2,90,5,279,0.005479082465171814,0.00481370696797967
mlp_3x128_gelu_dropout_l2,90,5,280,0.0054579065181314945,0.004792939405888319
mlp_3x128_gelu_dropout_l2,90,5,281,0.005450138356536627,0.004801328293979168
mlp_3x128_gelu_dropout_l2,90,5,282,0.005449445452541113,0.004941589664667845
mlp_3x128_gelu_dropout_l2,90,5,283,0.0054901111871004105,0.004810229409486055
mlp_3x128_gelu_dropout_l2,90,5,284,0.005417008884251118,0.004753574728965759
mlp_3x128_gelu_dropout_l2,90,5,285,0.005387967452406883,0.0047832694835960865
mlp_3x128_gelu_dropout_l2,90,5,286,0.005447734147310257,0.004818468354642391
mlp_3x128_gelu_dropout_l2,90,5,287,0.005431685596704483,0.004815310705453157
mlp_3x128_gelu_dropout_l2,90,5,288,0.005392393097281456,0.00476150494068861
mlp_3x128_gelu_dropout_l2,90,5,289,0.00536861689761281,0.004759905859827995
mlp_3x128_gelu_dropout_l2,90,5,290,0.005375201813876629,0.004800084512680769
mlp_3x128_gelu_dropout_l2,90,5,291,0.005425307899713516,0.004773277323693037
mlp_3x128_gelu_dropout_l2,90,5,292,0.005416272208094597,0.004725984297692776
mlp_3x128_gelu_dropout_l2,90,5,293,0.005376424174755812,0.004760061856359243
mlp_3x128_gelu_dropout_l2,90,5,294,0.005416585132479668,0.004769984167069197
mlp_3x128_gelu_dropout_l2,90,5,295,0.0054052770137786865,0.004708874970674515
mlp_3x128_gelu_dropout_l2,90,5,296,0.00536726601421833,0.0047179656103253365
mlp_3x128_gelu_dropout_l2,90,5,297,0.005381848197430372,0.004774189554154873
mlp_3x128_gelu_dropout_l2,90,5,298,0.005397241562604904,0.0047586155124008656
mlp_3x128_gelu_dropout_l2,90,5,299,0.0054411934688687325,0.004790603183209896
mlp_3x128_gelu_dropout_l2,90,5,300,0.005462975241243839,0.00480360072106123
mlp_3x128_gelu_dropout_l2,90,5,301,0.0054075452499091625,0.004756046459078789
mlp_3x128_gelu_dropout_l2,90,5,302,0.005383460316807032,0.0047554331831634045
mlp_3x128_gelu_dropout_l2,90,5,303,0.0053751361556351185,0.004734542686492205
mlp_3x128_gelu_dropout_l2,90,5,304,0.005375207867473364,0.00473626097664237
mlp_3x128_gelu_dropout_l2,90,5,305,0.005376449320465326,0.004776326008141041
mlp_3x128_gelu_dropout_l2,90,5,306,0.005438840948045254,0.00482717901468277
mlp_3x128_gelu_dropout_l2,90,5,307,0.005486103240400553,0.004953176248818636
mlp_3x128_gelu_dropout_l2,90,5,308,0.005494727753102779,0.0047844285145401955
mlp_3x128_gelu_dropout_l2,90,5,309,0.005461428314447403,0.004880312364548445
mlp_3x128_gelu_dropout_l2,90,5,310,0.005512816831469536,0.00500865001231432
mlp_3x128_gelu_dropout_l2,90,5,311,0.005506251007318497,0.004847387783229351
mlp_3x128_gelu_dropout_l2,90,5,312,0.005455151665955782,0.004739575553685427
mlp_3x128_gelu_dropout_l2,90,5,313,0.005437118001282215,0.0048101600259542465
mlp_3x128_gelu_dropout_l2,90,5,314,0.005438453052192926,0.004772066604346037
mlp_3x128_gelu_dropout_l2,90,5,315,0.0053900196217000484,0.004743374418467283
mlp_3x128_gelu_dropout_l2,90,5,316,0.005371520761400461,0.004776241257786751
mlp_3x128_gelu_dropout_l2,90,5,317,0.005407671444118023,0.0047211600467562675
mlp_3x128_gelu_dropout_l2,90,5,318,0.005353779532015324,0.00471833860501647
mlp_3x128_gelu_dropout_l2,90,5,319,0.005374373402446508,0.0047580222599208355
mlp_3x128_gelu_dropout_l2,90,5,320,0.005407752934843302,0.004768522456288338
mlp_3x128_gelu_dropout_l2,90,5,321,0.005379941314458847,0.004748717416077852
mlp_3x128_gelu_dropout_l2,90,5,322,0.005401679780334234,0.004825327545404434
mlp_3x128_gelu_dropout_l2,90,5,323,0.005427793134003878,0.004749751184135675
mlp_3x128_gelu_dropout_l2,90,5,324,0.005391256418079138,0.004736161325126886
mlp_3x128_gelu_dropout_l2,90,5,325,0.005390958394855261,0.004749009385704994
mlp_3x128_gelu_dropout_l2,90,5,326,0.005409231875091791,0.004789556376636028
mlp_3x128_gelu_dropout_l2,90,5,327,0.00541258417069912,0.004757146816700697
mlp_3x128_gelu_dropout_l2,90,5,328,0.005428825970739126,0.004749535582959652
mlp_3x128_gelu_dropout_l2,90,5,329,0.00544544355943799,0.004886969458311796
mlp_3x128_gelu_dropout_l2,90,5,330,0.005460002925246954,0.004732860252261162
mlp_3x128_gelu_dropout_l2,90,5,331,0.0053758383728563786,0.004765004385262728
mlp_3x128_gelu_dropout_l2,90,5,332,0.005367663688957691,0.0046856761910021305
mlp_3x128_gelu_dropout_l2,90,5,333,0.005412690807133913,0.00483554694801569
mlp_3x128_gelu_dropout_l2,90,5,334,0.005469143390655518,0.004763814155012369
mlp_3x128_gelu_dropout_l2,90,5,335,0.005429560784250498,0.0047525642439723015
mlp_3x128_gelu_dropout_l2,90,5,336,0.00543627142906189,0.004802475683391094
mlp_3x128_gelu_dropout_l2,90,5,337,0.005449622869491577,0.004896074533462524
mlp_3x128_gelu_dropout_l2,90,5,338,0.005465588066726923,0.004779564682394266
mlp_3x128_gelu_dropout_l2,90,5,339,0.005391573533415794,0.0047362749464809895
mlp_3x128_gelu_dropout_l2,90,5,340,0.005431316792964935,0.0048064375296235085
mlp_3x128_gelu_dropout_l2,90,5,341,0.005406906828284264,0.004736280534416437
mlp_3x128_gelu_dropout_l2,90,5,342,0.005397594068199396,0.004828430246561766
mlp_3x128_gelu_dropout_l2,90,5,343,0.0054374802857637405,0.004749951884150505
mlp_3x128_gelu_dropout_l2,90,5,344,0.005392719991505146,0.004734261892735958
mlp_3x128_gelu_dropout_l2,90,5,345,0.005380480550229549,0.00473447609692812
mlp_3x128_gelu_dropout_l2,90,5,346,0.005388814490288496,0.004737765062600374
mlp_3x128_gelu_dropout_l2,90,5,347,0.005378353409469128,0.004755488131195307
mlp_3x128_gelu_dropout_l2,90,5,348,0.005384006071835756,0.00473959231749177
mlp_3x128_gelu_dropout_l2,90,5,349,0.005415497813373804,0.004775641486048698
mlp_3x128_gelu_dropout_l2,90,5,350,0.005398928187787533,0.004742451943457127
mlp_3x128_gelu_dropout_l2,90,5,351,0.005376145709306002,0.004731554538011551
mlp_3x128_gelu_dropout_l2,90,5,352,0.005376920104026794,0.0047406358644366264
mlp_3x128_gelu_dropout_l2,90,5,353,0.005379029083997011,0.004765498451888561
mlp_3x128_gelu_dropout_l2,90,5,354,0.005406309850513935,0.00479121133685112
mlp_3x128_gelu_dropout_l2,90,5,355,0.00543184531852603,0.00480180187150836
mlp_3x128_gelu_dropout_l2,90,5,356,0.005419889930635691,0.0047894688323140144
mlp_3x128_gelu_dropout_l2,90,5,357,0.005385279189795256,0.004757332149893045
mlp_3x128_gelu_dropout_l2,90,5,358,0.005386827047914267,0.0047698551788926125
mlp_3x128_gelu_dropout_l2,90,5,359,0.005392793565988541,0.004759124014526606
mlp_3x128_gelu_dropout_l2,90,5,360,0.005395537707954645,0.004762877710163593
mlp_3x128_gelu_dropout_l2,90,5,361,0.005374067462980747,0.004730789456516504
mlp_3x128_gelu_dropout_l2,90,5,362,0.00542016327381134,0.004873998928815126
mlp_3x128_gelu_dropout_l2,90,5,363,0.005465245805680752,0.004872169345617294
mlp_3x128_gelu_dropout_l2,90,5,364,0.0054131257347762585,0.004784474615007639
mlp_3x128_gelu_dropout_l2,90,5,365,0.005419362802058458,0.004808948375284672
mlp_3x128_gelu_dropout_l2,90,5,366,0.00547834113240242,0.004846788011491299
mlp_3x128_gelu_dropout_l2,90,5,367,0.005425514653325081,0.004818557295948267
mlp_3x128_gelu_dropout_l2,90,5,368,0.0054479362443089485,0.004879281390458345
mlp_3x128_gelu_dropout_l2,90,5,369,0.005450727418065071,0.004803139716386795
mlp_3x128_gelu_dropout_l2,90,5,370,0.005424929317086935,0.0047688535414636135
mlp_3x128_gelu_dropout_l2,90,5,371,0.005401193164288998,0.004819057881832123
mlp_3x128_gelu_dropout_l2,90,5,372,0.005455357488244772,0.004894237499684095
mlp_3x128_gelu_dropout_l2,90,5,373,0.005480421707034111,0.004781768657267094
mlp_3x128_gelu_dropout_l2,90,5,374,0.0054300627671182156,0.004806304816156626
mlp_3x128_gelu_dropout_l2,90,5,375,0.005434962920844555,0.004854361526668072
mlp_3x128_gelu_dropout_l2,90,5,376,0.005417125299572945,0.0047566527500748634
mlp_3x128_gelu_dropout_l2,90,5,377,0.005383871495723724,0.004731610417366028
mlp_3x128_gelu_dropout_l2,90,5,378,0.005435145925730467,0.004802830051630735
mlp_3x128_gelu_dropout_l2,90,5,379,0.005413039121776819,0.004726438783109188
mlp_3x128_gelu_dropout_l2,90,5,380,0.005383364390581846,0.0048410939052701
mlp_3x128_gelu_dropout_l2,90,5,381,0.005428140051662922,0.004787714686244726
mlp_3x128_gelu_dropout_l2,90,5,382,0.005386790260672569,0.00469949608668685
mlp_3x128_gelu_dropout_l2,90,5,383,0.00537669425830245,0.0047882478684186935
mlp_3x128_gelu_dropout_l2,90,5,384,0.005419648252427578,0.00478995218873024
mlp_3x128_gelu_dropout_l2,90,5,385,0.005377132445573807,0.004708537366241217
mlp_3x128_gelu_dropout_l2,90,5,386,0.005373004823923111,0.004770500119775534
mlp_3x128_gelu_dropout_l2,90,5,387,0.005385736934840679,0.004726648796349764
mlp_3x128_gelu_dropout_l2,90,5,388,0.005379823502153158,0.0047718132846057415
mlp_3x128_gelu_dropout_l2,90,5,389,0.005402519833296537,0.004759013652801514
mlp_3x128_gelu_dropout_l2,90,5,390,0.005424646195024252,0.004811743274331093
mlp_3x128_gelu_dropout_l2,90,5,391,0.005419069901108742,0.004767796490341425
mlp_3x128_gelu_dropout_l2,90,5,392,0.005420457571744919,0.004751363303512335
mlp_3x128_gelu_dropout_l2,90,5,393,0.005383480805903673,0.004744569770991802
mlp_3x128_gelu_dropout_l2,90,5,394,0.005402845796197653,0.0047784848138689995
mlp_3x128_gelu_dropout_l2,90,5,395,0.0053935120813548565,0.004766200203448534
mlp_3x128_gelu_dropout_l2,90,5,396,0.005401390604674816,0.004745099227875471
mlp_3x128_gelu_dropout_l2,90,5,397,0.005368247162550688,0.004746818915009499
mlp_3x128_gelu_dropout_l2,90,5,398,0.005381845869123936,0.004756127949804068
mlp_3x128_gelu_dropout_l2,90,5,399,0.005426719319075346,0.004768465645611286
mlp_3x128_gelu_dropout_l2,90,5,400,0.005429679993540049,0.004816167056560516
mlp_3x128_gelu_dropout_l2,90,5,401,0.005453229416161776,0.004842575639486313
mlp_3x128_gelu_dropout_l2,90,5,402,0.005488187074661255,0.0048882197588682175
mlp_3x128_gelu_dropout_l2,90,5,403,0.005464249290525913,0.004819667898118496
mlp_3x128_gelu_dropout_l2,90,5,404,0.0054340604692697525,0.004794940818101168
mlp_3x128_gelu_dropout_l2,90,5,405,0.005463426932692528,0.004916009958833456
mlp_3x128_gelu_dropout_l2,90,5,406,0.005458258092403412,0.004804141353815794
mlp_3x128_gelu_dropout_l2,90,5,407,0.005372808314859867,0.0047323997132480145
mlp_3x128_gelu_dropout_l2,90,5,408,0.0054042343981564045,0.004764319863170385
mlp_3x128_gelu_dropout_l2,90,5,409,0.00542830303311348,0.0048329709097743034
mlp_3x128_gelu_dropout_l2,90,5,410,0.005449353251606226,0.004817639943212271
mlp_3x128_gelu_dropout_l2,90,5,411,0.005419373046606779,0.004856855142861605
mlp_3x128_gelu_dropout_l2,90,5,412,0.005428470205515623,0.0048175230622291565
mlp_3x128_gelu_dropout_l2,90,5,413,0.00542120635509491,0.004721755161881447
mlp_3x128_gelu_dropout_l2,90,5,414,0.005395328160375357,0.004838435910642147
mlp_3x128_gelu_dropout_l2,90,5,415,0.005436514969915152,0.004780346993356943
mlp_3x128_gelu_dropout_l2,90,5,416,0.005400008521974087,0.004749442916363478
mlp_3x128_gelu_dropout_l2,90,5,417,0.005393227096647024,0.004844179842621088
mlp_3x128_gelu_dropout_l2,90,5,418,0.0054534124210476875,0.004777081310749054
mlp_3x128_gelu_dropout_l2,90,5,419,0.0053605264984071255,0.004730201326310635
mlp_3x128_gelu_dropout_l2,90,5,420,0.0053817955777049065,0.004768478684127331
mlp_3x128_gelu_dropout_l2,90,5,421,0.005417917389422655,0.0048499945551157
mlp_3x128_gelu_dropout_l2,90,5,422,0.00541221909224987,0.0047522857785224915
mlp_3x128_gelu_dropout_l2,90,5,423,0.005410912912338972,0.004816416185349226
mlp_3x128_gelu_dropout_l2,90,5,424,0.005414131563156843,0.0047980425879359245
mlp_3x128_gelu_dropout_l2,90,5,425,0.005398092791438103,0.004703642334789038
mlp_3x128_gelu_dropout_l2,90,5,426,0.005361080169677734,0.004739334806799889
mlp_3x128_gelu_dropout_l2,90,5,427,0.005406622309237719,0.0047708358615636826
mlp_3x128_gelu_dropout_l2,90,5,428,0.00544313108548522,0.004827748518437147
mlp_3x128_gelu_dropout_l2,90,5,429,0.005411267746239901,0.004757653921842575
mlp_3x128_gelu_dropout_l2,90,5,430,0.0053816549479961395,0.004811494145542383
mlp_3x128_gelu_dropout_l2,90,5,431,0.005430727265775204,0.0047818440943956375
mlp_3x128_gelu_dropout_l2,90,5,432,0.005396394524723291,0.004779558628797531
mlp_3x128_gelu_dropout_l2,90,5,433,0.005376406479626894,0.004717675969004631
mlp_3x128_gelu_dropout_l2,90,5,434,0.005404410883784294,0.0048340060748159885
mlp_3x128_gelu_dropout_l2,90,5,435,0.005474678240716457,0.004897281061857939
mlp_3x128_gelu_dropout_l2,90,5,436,0.005521224346011877,0.004867732524871826
mlp_3x128_gelu_dropout_l2,90,5,437,0.005438515916466713,0.004731397610157728
mlp_3x128_gelu_dropout_l2,90,5,438,0.005427577532827854,0.0048423707485198975
mlp_3x128_gelu_dropout_l2,90,5,439,0.005488016176968813,0.004808993078768253
mlp_3x128_gelu_dropout_l2,90,5,440,0.005400125868618488,0.004747750237584114
mlp_3x128_gelu_dropout_l2,90,5,441,0.0053992788307368755,0.004757656250149012
mlp_3x128_gelu_dropout_l2,90,5,442,0.005449044518172741,0.004815371241420507
mlp_3x128_gelu_dropout_l2,90,5,443,0.005400111433118582,0.0047165388241410255
mlp_3x128_gelu_dropout_l2,90,5,444,0.005380234681069851,0.004745425656437874
mlp_3x128_gelu_dropout_l2,90,5,445,0.005403638351708651,0.004855109844356775
mlp_3x128_gelu_dropout_l2,90,5,446,0.005413969047367573,0.004778908099979162
mlp_3x128_gelu_dropout_l2,90,5,447,0.00537403067573905,0.004707730375230312
mlp_3x128_gelu_dropout_l2,90,5,448,0.005388215184211731,0.004816549364477396
mlp_3x128_gelu_dropout_l2,90,5,449,0.0054548755288124084,0.00477864732965827
mlp_3x128_gelu_dropout_l2,90,5,450,0.005418093875050545,0.0047981408424675465
mlp_3x128_gelu_dropout_l2,90,5,451,0.005414984654635191,0.004756138194352388
mlp_3x128_gelu_dropout_l2,90,5,452,0.005428746342658997,0.0048677874729037285
mlp_3x128_gelu_dropout_l2,90,5,453,0.005463111214339733,0.004733230918645859
mlp_3x128_gelu_dropout_l2,90,5,454,0.005377932917326689,0.00472197076305747
mlp_3x128_gelu_dropout_l2,90,5,455,0.005401367787271738,0.004792744293808937
mlp_3x128_gelu_dropout_l2,90,5,456,0.005479977000504732,0.0048461491242051125
mlp_3x128_gelu_dropout_l2,90,5,457,0.005433208309113979,0.00478601548820734
mlp_3x128_gelu_dropout_l2,90,5,458,0.00539676146581769,0.0047708963975310326
mlp_3x128_gelu_dropout_l2,90,5,459,0.005370185244828463,0.0047870599664747715
mlp_3x128_gelu_dropout_l2,90,5,460,0.005433833692222834,0.004733351990580559
mlp_3x128_gelu_dropout_l2,90,5,461,0.005378286354243755,0.004739756695926189
mlp_3x128_gelu_dropout_l2,90,5,462,0.005394063424319029,0.00477855559438467
mlp_3x128_gelu_dropout_l2,90,5,463,0.005416394677013159,0.004740887321531773
mlp_3x128_gelu_dropout_l2,90,5,464,0.005381181836128235,0.004731415770947933
mlp_3x128_gelu_dropout_l2,90,5,465,0.005356532521545887,0.004829036071896553
mlp_3x128_gelu_dropout_l2,90,5,466,0.005416614003479481,0.004761321470141411
mlp_3x128_gelu_dropout_l2,90,5,467,0.005397669970989227,0.0047126272693276405
mlp_3x128_gelu_dropout_l2,90,5,468,0.005425524432212114,0.004814727697521448
mlp_3x128_gelu_dropout_l2,90,5,469,0.005432934500277042,0.004835646599531174
mlp_3x128_gelu_dropout_l2,90,5,470,0.005411479622125626,0.004794688895344734
mlp_3x128_gelu_dropout_l2,90,5,471,0.005386117845773697,0.004730486311018467
mlp_3x128_gelu_dropout_l2,90,5,472,0.005405429285019636,0.0047655547969043255
mlp_3x128_gelu_dropout_l2,90,5,473,0.005411441437900066,0.0048066056333482265
mlp_3x128_gelu_dropout_l2,90,5,474,0.005397120490670204,0.004768075421452522
mlp_3x128_gelu_dropout_l2,90,5,475,0.005401141941547394,0.004746318329125643
mlp_3x128_gelu_dropout_l2,90,5,476,0.005402389448136091,0.004800749011337757
mlp_3x128_gelu_dropout_l2,90,5,477,0.0054708486422896385,0.004914864432066679
mlp_3x128_gelu_dropout_l2,90,5,478,0.0055129192769527435,0.0048232837580144405
mlp_3x128_gelu_dropout_l2,90,5,479,0.005479841958731413,0.004750360269099474
mlp_3x128_gelu_dropout_l2,90,5,480,0.005428604781627655,0.004796372260898352
mlp_3x128_gelu_dropout_l2,90,5,481,0.005473573692142963,0.004858924075961113
mlp_3x128_gelu_dropout_l2,90,5,482,0.0054450202733278275,0.004723959136754274
mlp_3x128_gelu_dropout_l2,90,5,483,0.0054154591634869576,0.00479527935385704
mlp_3x128_gelu_dropout_l2,90,5,484,0.00543586490675807,0.004787134937942028
mlp_3x128_gelu_dropout_l2,90,5,485,0.0054284981451928616,0.004743674769997597
mlp_3x128_gelu_dropout_l2,90,5,486,0.0054071457125246525,0.004826115909963846
mlp_3x128_gelu_dropout_l2,90,5,487,0.00540443928912282,0.004742227494716644
mlp_3x128_gelu_dropout_l2,90,5,488,0.005382461007684469,0.004745669197291136
mlp_3x128_gelu_dropout_l2,90,5,489,0.005396341439336538,0.004796686116605997
mlp_3x128_gelu_dropout_l2,90,5,490,0.00540907634422183,0.004753687884658575
mlp_3x128_gelu_dropout_l2,90,5,491,0.005381403956562281,0.004725668579339981
mlp_3x128_gelu_dropout_l2,90,5,492,0.005385934840887785,0.0047905333340168
mlp_3x128_gelu_dropout_l2,90,5,493,0.005390928126871586,0.004793684463948011
mlp_3x128_gelu_dropout_l2,90,5,494,0.005374202970415354,0.004735464695841074
mlp_3x128_gelu_dropout_l2,90,5,495,0.005384522490203381,0.004740110132843256
mlp_3x128_gelu_dropout_l2,90,5,496,0.005415753461420536,0.004827424418181181
mlp_3x128_gelu_dropout_l2,90,5,497,0.005485351197421551,0.0047864289954304695
mlp_3x128_gelu_dropout_l2,90,5,498,0.0054267034865915775,0.004761966876685619
mlp_3x128_gelu_dropout_l2,90,5,499,0.005408382974565029,0.004799192771315575
mlp_3x128_gelu_dropout_l2,90,5,500,0.005427333991974592,0.004795065615326166
mlp_3x128_gelu_dropout_l2,90,30,1,0.15266020596027374,0.06617376208305359
mlp_3x128_gelu_dropout_l2,90,30,2,0.06137872859835625,0.0486171580851078
mlp_3x128_gelu_dropout_l2,90,30,3,0.04780391976237297,0.04097902029752731
mlp_3x128_gelu_dropout_l2,90,30,4,0.04073047265410423,0.03560148924589157
mlp_3x128_gelu_dropout_l2,90,30,5,0.03575298935174942,0.03168272599577904
mlp_3x128_gelu_dropout_l2,90,30,6,0.03170045092701912,0.02824239246547222
mlp_3x128_gelu_dropout_l2,90,30,7,0.028101900592446327,0.024582447484135628
mlp_3x128_gelu_dropout_l2,90,30,8,0.02482915110886097,0.02135247364640236
mlp_3x128_gelu_dropout_l2,90,30,9,0.02204970456659794,0.019219975918531418
mlp_3x128_gelu_dropout_l2,90,30,10,0.019380031153559685,0.016768554225564003
mlp_3x128_gelu_dropout_l2,90,30,11,0.016871249303221703,0.014605263248085976
mlp_3x128_gelu_dropout_l2,90,30,12,0.014739681966602802,0.012702825479209423
mlp_3x128_gelu_dropout_l2,90,30,13,0.012934610247612,0.011326042003929615
mlp_3x128_gelu_dropout_l2,90,30,14,0.011530284769833088,0.01012793742120266
mlp_3x128_gelu_dropout_l2,90,30,15,0.010370559059083462,0.009228093549609184
mlp_3x128_gelu_dropout_l2,90,30,16,0.009432721883058548,0.008479207754135132
mlp_3x128_gelu_dropout_l2,90,30,17,0.008653855882585049,0.007785978261381388
mlp_3x128_gelu_dropout_l2,90,30,18,0.00801027100533247,0.0072078644298017025
mlp_3x128_gelu_dropout_l2,90,30,19,0.007459363434463739,0.006693108472973108
mlp_3x128_gelu_dropout_l2,90,30,20,0.006980289705097675,0.006265880074352026
mlp_3x128_gelu_dropout_l2,90,30,21,0.006562594790011644,0.0058634914457798
mlp_3x128_gelu_dropout_l2,90,30,22,0.0061843618750572205,0.005506231915205717
mlp_3x128_gelu_dropout_l2,90,30,23,0.005841919686645269,0.005187717266380787
mlp_3x128_gelu_dropout_l2,90,30,24,0.005531122907996178,0.004907185677438974
mlp_3x128_gelu_dropout_l2,90,30,25,0.005246673710644245,0.004644083324819803
mlp_3x128_gelu_dropout_l2,90,30,26,0.004978580866008997,0.004397588782012463
mlp_3x128_gelu_dropout_l2,90,30,27,0.004737363196909428,0.004172539804130793
mlp_3x128_gelu_dropout_l2,90,30,28,0.004518914967775345,0.003961506299674511
mlp_3x128_gelu_dropout_l2,90,30,29,0.004315227270126343,0.0037683392874896526
mlp_3x128_gelu_dropout_l2,90,30,30,0.004127248656004667,0.0035991885233670473
mlp_3x128_gelu_dropout_l2,90,30,31,0.003953678533434868,0.003422918263822794
mlp_3x128_gelu_dropout_l2,90,30,32,0.003790935268625617,0.0032824843656271696
mlp_3x128_gelu_dropout_l2,90,30,33,0.0036510671488940716,0.003143238602206111
mlp_3x128_gelu_dropout_l2,90,30,34,0.003515385091304779,0.0030145905911922455
mlp_3x128_gelu_dropout_l2,90,30,35,0.0033936051186174154,0.0028938218019902706
mlp_3x128_gelu_dropout_l2,90,30,36,0.003275051014497876,0.0027904121670871973
mlp_3x128_gelu_dropout_l2,90,30,37,0.0031734020449221134,0.0026936482172459364
mlp_3x128_gelu_dropout_l2,90,30,38,0.0030818216037005186,0.0026190862990915775
mlp_3x128_gelu_dropout_l2,90,30,39,0.002993489382788539,0.0025341983418911695
mlp_3x128_gelu_dropout_l2,90,30,40,0.0029154550284147263,0.0024616250302642584
mlp_3x128_gelu_dropout_l2,90,30,41,0.00284004514105618,0.0023941879626363516
mlp_3x128_gelu_dropout_l2,90,30,42,0.002782595343887806,0.0023459214717149734
mlp_3x128_gelu_dropout_l2,90,30,43,0.0027262072544544935,0.002285077702254057
mlp_3x128_gelu_dropout_l2,90,30,44,0.002671751193702221,0.0022366878110915422
mlp_3x128_gelu_dropout_l2,90,30,45,0.0026262400206178427,0.0021972632966935635
mlp_3x128_gelu_dropout_l2,90,30,46,0.002587011316791177,0.0021512096282094717
mlp_3x128_gelu_dropout_l2,90,30,47,0.00254462449811399,0.0021246166434139013
mlp_3x128_gelu_dropout_l2,90,30,48,0.0025172168388962746,0.002103229518979788
mlp_3x128_gelu_dropout_l2,90,30,49,0.0024860515259206295,0.0020639202557504177
mlp_3x128_gelu_dropout_l2,90,30,50,0.002457284601405263,0.0020488302689045668
mlp_3x128_gelu_dropout_l2,90,30,51,0.0024367203004658222,0.0020351638086140156
mlp_3x128_gelu_dropout_l2,90,30,52,0.0024171462282538414,0.0020058704540133476
mlp_3x128_gelu_dropout_l2,90,30,53,0.002395924413576722,0.0019922032952308655
mlp_3x128_gelu_dropout_l2,90,30,54,0.0023782416246831417,0.0019850118551403284
mlp_3x128_gelu_dropout_l2,90,30,55,0.0023699323646724224,0.0019696177914738655
mlp_3x128_gelu_dropout_l2,90,30,56,0.0023579243570566177,0.0019539848435670137
mlp_3x128_gelu_dropout_l2,90,30,57,0.0023505263961851597,0.0019510644488036633
mlp_3x128_gelu_dropout_l2,90,30,58,0.0023399689234793186,0.0019423620542511344
mlp_3x128_gelu_dropout_l2,90,30,59,0.002333596348762512,0.001935235341079533
mlp_3x128_gelu_dropout_l2,90,30,60,0.0023361847270280123,0.0019215632928535342
mlp_3x128_gelu_dropout_l2,90,30,61,0.0023219999857246876,0.0019301613792777061
mlp_3x128_gelu_dropout_l2,90,30,62,0.002312665106728673,0.0019291567150503397
mlp_3x128_gelu_dropout_l2,90,30,63,0.002308225492015481,0.0019298669649288058
mlp_3x128_gelu_dropout_l2,90,30,64,0.002308128634467721,0.001918834401294589
mlp_3x128_gelu_dropout_l2,90,30,65,0.0022986431140452623,0.0019177740905433893
mlp_3x128_gelu_dropout_l2,90,30,66,0.002298870822414756,0.0019014389254152775
mlp_3x128_gelu_dropout_l2,90,30,67,0.002292467514052987,0.001912010950036347
mlp_3x128_gelu_dropout_l2,90,30,68,0.002288663061335683,0.0018991002580150962
mlp_3x128_gelu_dropout_l2,90,30,69,0.00228890310972929,0.001895097317174077
mlp_3x128_gelu_dropout_l2,90,30,70,0.0022817791905254126,0.0018895508255809546
mlp_3x128_gelu_dropout_l2,90,30,71,0.0022818436846137047,0.0018997929291799664
mlp_3x128_gelu_dropout_l2,90,30,72,0.0022837521973997355,0.001906895195133984
mlp_3x128_gelu_dropout_l2,90,30,73,0.002283661626279354,0.0019038321916013956
mlp_3x128_gelu_dropout_l2,90,30,74,0.0022809423971921206,0.0019007029477506876
mlp_3x128_gelu_dropout_l2,90,30,75,0.0022787803318351507,0.0019010236719623208
mlp_3x128_gelu_dropout_l2,90,30,76,0.00228476501069963,0.001909952494315803
mlp_3x128_gelu_dropout_l2,90,30,77,0.002287142677232623,0.0018968047806993127
mlp_3x128_gelu_dropout_l2,90,30,78,0.002283355686813593,0.0019049171824008226
mlp_3x128_gelu_dropout_l2,90,30,79,0.0022862704936414957,0.001911479514092207
mlp_3x128_gelu_dropout_l2,90,30,80,0.0022879811003804207,0.0018959877779707313
mlp_3x128_gelu_dropout_l2,90,30,81,0.0022841766476631165,0.0019008070230484009
mlp_3x128_gelu_dropout_l2,90,30,82,0.0022781756706535816,0.0018972421530634165
mlp_3x128_gelu_dropout_l2,90,30,83,0.0022876563016325235,0.0019003197085112333
mlp_3x128_gelu_dropout_l2,90,30,84,0.0022838837467134,0.0018965190974995494
mlp_3x128_gelu_dropout_l2,90,30,85,0.0022883766796439886,0.001913486747071147
mlp_3x128_gelu_dropout_l2,90,30,86,0.0022952689323574305,0.0019183106487616897
mlp_3x128_gelu_dropout_l2,90,30,87,0.0022939753253012896,0.0018975123530253768
mlp_3x128_gelu_dropout_l2,90,30,88,0.0022928626276552677,0.0019164914265275002
mlp_3x128_gelu_dropout_l2,90,30,89,0.002299943706020713,0.0019004915375262499
mlp_3x128_gelu_dropout_l2,90,30,90,0.002296415390446782,0.0018978954758495092
mlp_3x128_gelu_dropout_l2,90,30,91,0.0022952938452363014,0.001882098033092916
mlp_3x128_gelu_dropout_l2,90,30,92,0.002298225648701191,0.0018939563306048512
mlp_3x128_gelu_dropout_l2,90,30,93,0.002295422600582242,0.0018897398840636015
mlp_3x128_gelu_dropout_l2,90,30,94,0.0022965953685343266,0.0018927431665360928
mlp_3x128_gelu_dropout_l2,90,30,95,0.0022990803699940443,0.0018843470606952906
mlp_3x128_gelu_dropout_l2,90,30,96,0.002291085897013545,0.0018936897395178676
mlp_3x128_gelu_dropout_l2,90,30,97,0.0023012326564639807,0.001887678517960012
mlp_3x128_gelu_dropout_l2,90,30,98,0.0022917971946299076,0.001891760970465839
mlp_3x128_gelu_dropout_l2,90,30,99,0.002295911544933915,0.001891233492642641
mlp_3x128_gelu_dropout_l2,90,30,100,0.0022922749631106853,0.0019020162289962173
mlp_3x128_gelu_dropout_l2,90,30,101,0.0022883950732648373,0.0019070914713665843
mlp_3x128_gelu_dropout_l2,90,30,102,0.0022905529476702213,0.0019148975843563676
mlp_3x128_gelu_dropout_l2,90,30,103,0.0022953504230827093,0.001914746011607349
mlp_3x128_gelu_dropout_l2,90,30,104,0.0022998624481260777,0.0019027714151889086
mlp_3x128_gelu_dropout_l2,90,30,105,0.0022895399015396833,0.0019122331868857145
mlp_3x128_gelu_dropout_l2,90,30,106,0.0022895128931850195,0.0019039239268749952
mlp_3x128_gelu_dropout_l2,90,30,107,0.0022903596982359886,0.0019310504430904984
mlp_3x128_gelu_dropout_l2,90,30,108,0.0023032641038298607,0.0019181593088433146
mlp_3x128_gelu_dropout_l2,90,30,109,0.0022986875846982002,0.0018988787196576595
mlp_3x128_gelu_dropout_l2,90,30,110,0.00228361994959414,0.001906737801618874
mlp_3x128_gelu_dropout_l2,90,30,111,0.0022983343806117773,0.001914991531521082
mlp_3x128_gelu_dropout_l2,90,30,112,0.002295996295288205,0.001909090206027031
mlp_3x128_gelu_dropout_l2,90,30,113,0.00229730736464262,0.0019310686038807034
mlp_3x128_gelu_dropout_l2,90,30,114,0.0023003986570984125,0.001909429207444191
mlp_3x128_gelu_dropout_l2,90,30,115,0.0022962891962379217,0.0019064323278144002
mlp_3x128_gelu_dropout_l2,90,30,116,0.002305068774148822,0.0018942089518532157
mlp_3x128_gelu_dropout_l2,90,30,117,0.0023113202769309282,0.0018999953754246235
mlp_3x128_gelu_dropout_l2,90,30,118,0.002309511648491025,0.001887800986878574
mlp_3x128_gelu_dropout_l2,90,30,119,0.0023053621407598257,0.0019041456980630755
mlp_3x128_gelu_dropout_l2,90,30,120,0.002302854787558317,0.0019078580662608147
mlp_3x128_gelu_dropout_l2,90,30,121,0.002308689756318927,0.0019222913542762399
mlp_3x128_gelu_dropout_l2,90,30,122,0.0022940500639379025,0.001924776122905314
mlp_3x128_gelu_dropout_l2,90,30,123,0.002304726978763938,0.0019216578220948577
mlp_3x128_gelu_dropout_l2,90,30,124,0.0023033572360873222,0.0019131028093397617
mlp_3x128_gelu_dropout_l2,90,30,125,0.002300235675647855,0.0019024800276383758
mlp_3x128_gelu_dropout_l2,90,30,126,0.0022994668688625097,0.001912033767439425
mlp_3x128_gelu_dropout_l2,90,30,127,0.002294667065143585,0.00191647803876549
mlp_3x128_gelu_dropout_l2,90,30,128,0.002306480659171939,0.0019203177653253078
mlp_3x128_gelu_dropout_l2,90,30,129,0.0023025909904390574,0.001905494718812406
mlp_3x128_gelu_dropout_l2,90,30,130,0.002302231267094612,0.0019373830873519182
mlp_3x128_gelu_dropout_l2,90,30,131,0.0023105198051780462,0.0019010029500350356
mlp_3x128_gelu_dropout_l2,90,30,132,0.00229516695253551,0.0019326892215758562
mlp_3x128_gelu_dropout_l2,90,30,133,0.002316448139026761,0.0019121149089187384
mlp_3x128_gelu_dropout_l2,90,30,134,0.0022964554373174906,0.0019138765055686235
mlp_3x128_gelu_dropout_l2,90,30,135,0.00230856379494071,0.0019028106471523643
mlp_3x128_gelu_dropout_l2,90,30,136,0.002300684340298176,0.0019312924705445766
mlp_3x128_gelu_dropout_l2,90,30,137,0.002315270947292447,0.0018904098542407155
mlp_3x128_gelu_dropout_l2,90,30,138,0.0022922195494174957,0.0019039686303585768
mlp_3x128_gelu_dropout_l2,90,30,139,0.0023080974351614714,0.001901595271192491
mlp_3x128_gelu_dropout_l2,90,30,140,0.0022955385502427816,0.0019335172837600112
mlp_3x128_gelu_dropout_l2,90,30,141,0.002311047399416566,0.0019070700509473681
mlp_3x128_gelu_dropout_l2,90,30,142,0.002297645900398493,0.0019191355677321553
mlp_3x128_gelu_dropout_l2,90,30,143,0.0023197666741907597,0.0019157691858708858
mlp_3x128_gelu_dropout_l2,90,30,144,0.0023068790324032307,0.0019025597721338272
mlp_3x128_gelu_dropout_l2,90,30,145,0.002289092168211937,0.001921088551171124
mlp_3x128_gelu_dropout_l2,90,30,146,0.0023106648586690426,0.0019092027796432376
mlp_3x128_gelu_dropout_l2,90,30,147,0.002289303345605731,0.0019167206482961774
mlp_3x128_gelu_dropout_l2,90,30,148,0.0023330627009272575,0.0019167333375662565
mlp_3x128_gelu_dropout_l2,90,30,149,0.002312564989551902,0.0019083740189671516
mlp_3x128_gelu_dropout_l2,90,30,150,0.002299558138474822,0.0019139038631692529
mlp_3x128_gelu_dropout_l2,90,30,151,0.00232278136536479,0.0019170516170561314
mlp_3x128_gelu_dropout_l2,90,30,152,0.002307245507836342,0.0019043254433199763
mlp_3x128_gelu_dropout_l2,90,30,153,0.0022820124868303537,0.0019175558118149638
mlp_3x128_gelu_dropout_l2,90,30,154,0.002320914063602686,0.0019091437570750713
mlp_3x128_gelu_dropout_l2,90,30,155,0.002296880353242159,0.001901198411360383
mlp_3x128_gelu_dropout_l2,90,30,156,0.0022890542168170214,0.0019321766449138522
mlp_3x128_gelu_dropout_l2,90,30,157,0.0023145019076764584,0.0019145163241773844
mlp_3x128_gelu_dropout_l2,90,30,158,0.002314350800588727,0.0019088799599558115
mlp_3x128_gelu_dropout_l2,90,30,159,0.0023063216358423233,0.0019120380748063326
mlp_3x128_gelu_dropout_l2,90,30,160,0.0023085959255695343,0.0019376095151528716
mlp_3x128_gelu_dropout_l2,90,30,161,0.0023134874645620584,0.0019252989441156387
mlp_3x128_gelu_dropout_l2,90,30,162,0.002306718844920397,0.0019514643354341388
mlp_3x128_gelu_dropout_l2,90,30,163,0.0023112869821488857,0.0019212192855775356
mlp_3x128_gelu_dropout_l2,90,30,164,0.002306722104549408,0.0019644340500235558
mlp_3x128_gelu_dropout_l2,90,30,165,0.0023284917697310448,0.0019474000437185168
mlp_3x128_gelu_dropout_l2,90,30,166,0.002309692557901144,0.001940129790455103
mlp_3x128_gelu_dropout_l2,90,30,167,0.002315671881660819,0.0019292982760816813
mlp_3x128_gelu_dropout_l2,90,30,168,0.002316810190677643,0.0019378409488126636
mlp_3x128_gelu_dropout_l2,90,30,169,0.0022993937600404024,0.0019453654531389475
mlp_3x128_gelu_dropout_l2,90,30,170,0.002321995096281171,0.0019457463640719652
mlp_3x128_gelu_dropout_l2,90,30,171,0.002300792606547475,0.0019059069454669952
mlp_3x128_gelu_dropout_l2,90,30,172,0.00229134620167315,0.0019650934264063835
mlp_3x128_gelu_dropout_l2,90,30,173,0.0023119612596929073,0.001961858943104744
mlp_3x128_gelu_dropout_l2,90,30,174,0.0023149740882217884,0.0019601674284785986
mlp_3x128_gelu_dropout_l2,90,30,175,0.002297314815223217,0.0019289575284346938
mlp_3x128_gelu_dropout_l2,90,30,176,0.002304163994267583,0.0019514000741764903
mlp_3x128_gelu_dropout_l2,90,30,177,0.0023120346013456583,0.0019507724791765213
mlp_3x128_gelu_dropout_l2,90,30,178,0.002334177028387785,0.001944590243510902
mlp_3x128_gelu_dropout_l2,90,30,179,0.0023230973165482283,0.0019203770207241178
mlp_3x128_gelu_dropout_l2,90,30,180,0.002305361907929182,0.0019104714738205075
mlp_3x128_gelu_dropout_l2,90,30,181,0.00229667779058218,0.001955366926267743
mlp_3x128_gelu_dropout_l2,90,30,182,0.002308028284460306,0.0019411640241742134
mlp_3x128_gelu_dropout_l2,90,30,183,0.0022992752492427826,0.0018907800549641252
mlp_3x128_gelu_dropout_l2,90,30,184,0.002285405993461609,0.0019105463288724422
mlp_3x128_gelu_dropout_l2,90,30,185,0.0023012689780443907,0.0019309823401272297
mlp_3x128_gelu_dropout_l2,90,30,186,0.002301933942362666,0.0019083464285358787
mlp_3x128_gelu_dropout_l2,90,30,187,0.002300048479810357,0.0019129894208163023
mlp_3x128_gelu_dropout_l2,90,30,188,0.0022982414811849594,0.0019048369722440839
mlp_3x128_gelu_dropout_l2,90,30,189,0.0022903040517121553,0.0019096165196970105
mlp_3x128_gelu_dropout_l2,90,30,190,0.002319631865248084,0.0019365432672202587
mlp_3x128_gelu_dropout_l2,90,30,191,0.002310369396582246,0.00194834778085351
mlp_3x128_gelu_dropout_l2,90,30,192,0.0023221459705382586,0.0019530538702383637
mlp_3x128_gelu_dropout_l2,90,30,193,0.0022982873488217592,0.001932620070874691
mlp_3x128_gelu_dropout_l2,90,30,194,0.0023009038995951414,0.0019163828110322356
mlp_3x128_gelu_dropout_l2,90,30,195,0.0023017008788883686,0.0019506510579958558
mlp_3x128_gelu_dropout_l2,90,30,196,0.00232279603369534,0.0019690576009452343
mlp_3x128_gelu_dropout_l2,90,30,197,0.002330126939341426,0.0019444465870037675
mlp_3x128_gelu_dropout_l2,90,30,198,0.002297981409355998,0.0019492765422910452
mlp_3x128_gelu_dropout_l2,90,30,199,0.0023194618988782167,0.0019404316553846002
mlp_3x128_gelu_dropout_l2,90,30,200,0.0022990619763731956,0.001911877072416246
mlp_3x128_gelu_dropout_l2,90,30,201,0.0023044843692332506,0.0019201698014512658
mlp_3x128_gelu_dropout_l2,90,30,202,0.0022889513056725264,0.0019170534797012806
mlp_3x128_gelu_dropout_l2,90,30,203,0.0023144325241446495,0.0019321299623697996
mlp_3x128_gelu_dropout_l2,90,30,204,0.002312012016773224,0.0019063542131334543
mlp_3x128_gelu_dropout_l2,90,30,205,0.002304389839991927,0.0019230421166867018
mlp_3x128_gelu_dropout_l2,90,30,206,0.00230872118845582,0.001945211086422205
mlp_3x128_gelu_dropout_l2,90,30,207,0.002308076014742255,0.001930980128236115
mlp_3x128_gelu_dropout_l2,90,30,208,0.0022919962648302317,0.0019268564647063613
mlp_3x128_gelu_dropout_l2,90,30,209,0.0023050932213664055,0.0019080190686509013
mlp_3x128_gelu_dropout_l2,90,30,210,0.0022893049754202366,0.0019193477928638458
mlp_3x128_gelu_dropout_l2,90,30,211,0.0023141216952353716,0.0019346363842487335
mlp_3x128_gelu_dropout_l2,90,30,212,0.00230509415268898,0.001917375368066132
mlp_3x128_gelu_dropout_l2,90,30,213,0.0022988752461969852,0.0019139196956530213
mlp_3x128_gelu_dropout_l2,90,30,214,0.0023101523984223604,0.0019372440874576569
mlp_3x128_gelu_dropout_l2,90,30,215,0.0022847175132483244,0.001919355127029121
mlp_3x128_gelu_dropout_l2,90,30,216,0.002323274966329336,0.001941119902767241
mlp_3x128_gelu_dropout_l2,90,30,217,0.002306160284206271,0.0019256874220445752
mlp_3x128_gelu_dropout_l2,90,30,218,0.0022989404387772083,0.0019429990788921714
mlp_3x128_gelu_dropout_l2,90,30,219,0.0023035132326185703,0.0019161502132192254
mlp_3x128_gelu_dropout_l2,90,30,220,0.0023035891354084015,0.0019058120669797063
mlp_3x128_gelu_dropout_l2,90,30,221,0.002296915277838707,0.0019537198822945356
mlp_3x128_gelu_dropout_l2,90,30,222,0.002317032078281045,0.0019195261411368847
mlp_3x128_gelu_dropout_l2,90,30,223,0.0022944295778870583,0.0019563285168260336
mlp_3x128_gelu_dropout_l2,90,30,224,0.00229863659478724,0.0019892759155482054
mlp_3x128_gelu_dropout_l2,90,30,225,0.002320639556273818,0.0019432043191045523
mlp_3x128_gelu_dropout_l2,90,30,226,0.0023131659254431725,0.0019343630410730839
mlp_3x128_gelu_dropout_l2,90,30,227,0.002324693603441119,0.0019728124607354403
mlp_3x128_gelu_dropout_l2,90,30,228,0.0023277730215340853,0.0019229266326874495
mlp_3x128_gelu_dropout_l2,90,30,229,0.0022817400749772787,0.0019460009643808007
mlp_3x128_gelu_dropout_l2,90,30,230,0.0023158430121839046,0.0019185460405424237
mlp_3x128_gelu_dropout_l2,90,30,231,0.00230293907225132,0.0019458686001598835
mlp_3x128_gelu_dropout_l2,90,30,232,0.002319036051630974,0.0019241839181631804
mlp_3x128_gelu_dropout_l2,90,30,233,0.002311746357008815,0.0019142813980579376
mlp_3x128_gelu_dropout_l2,90,30,234,0.002312400145456195,0.0019308044575154781
mlp_3x128_gelu_dropout_l2,90,30,235,0.0023056049831211567,0.0019174099434167147
mlp_3x128_gelu_dropout_l2,90,30,236,0.002310042269527912,0.0019801082089543343
mlp_3x128_gelu_dropout_l2,90,30,237,0.0023225711192935705,0.001988636329770088
mlp_3x128_gelu_dropout_l2,90,30,238,0.0023280642926692963,0.0019394045230001211
mlp_3x128_gelu_dropout_l2,90,30,239,0.002311906311661005,0.001925368793308735
mlp_3x128_gelu_dropout_l2,90,30,240,0.0022928386460989714,0.0019056991441175342
mlp_3x128_gelu_dropout_l2,90,30,241,0.0023014810867607594,0.0019359958823770285
mlp_3x128_gelu_dropout_l2,90,30,242,0.0023302144836634398,0.0019293212099000812
mlp_3x128_gelu_dropout_l2,90,30,243,0.0022990284487605095,0.001917303423397243
mlp_3x128_gelu_dropout_l2,90,30,244,0.002288722898811102,0.0019084718078374863
mlp_3x128_gelu_dropout_l2,90,30,245,0.002296083141118288,0.0019591283053159714
mlp_3x128_gelu_dropout_l2,90,30,246,0.002309210831299424,0.0019504567608237267
mlp_3x128_gelu_dropout_l2,90,30,247,0.002322823740541935,0.0019418718293309212
mlp_3x128_gelu_dropout_l2,90,30,248,0.0022998731583356857,0.001902442891150713
mlp_3x128_gelu_dropout_l2,90,30,249,0.00229824660345912,0.0019512135768309236
mlp_3x128_gelu_dropout_l2,90,30,250,0.0023130348417907953,0.0019378026481717825
mlp_3x128_gelu_dropout_l2,90,30,251,0.002317075850442052,0.0019518154440447688
mlp_3x128_gelu_dropout_l2,90,30,252,0.002295152982696891,0.001928140176460147
mlp_3x128_gelu_dropout_l2,90,30,253,0.0022985616233199835,0.0019312887452542782
mlp_3x128_gelu_dropout_l2,90,30,254,0.002315249526873231,0.0019265481969341636
mlp_3x128_gelu_dropout_l2,90,30,255,0.002310223178938031,0.0019303448498249054
mlp_3x128_gelu_dropout_l2,90,30,256,0.002315589925274253,0.0019472968997433782
mlp_3x128_gelu_dropout_l2,90,30,257,0.002303839661180973,0.0019032986601814628
mlp_3x128_gelu_dropout_l2,90,30,258,0.0022883459459990263,0.001917273853905499
mlp_3x128_gelu_dropout_l2,90,30,259,0.002302509266883135,0.0019035731675103307
mlp_3x128_gelu_dropout_l2,90,30,260,0.002288785297423601,0.0019242308335378766
mlp_3x128_gelu_dropout_l2,90,30,261,0.002309786854311824,0.0019294422818347812
mlp_3x128_gelu_dropout_l2,90,30,262,0.002304668538272381,0.001908722915686667
mlp_3x128_gelu_dropout_l2,90,30,263,0.002292946446686983,0.001932949060574174
mlp_3x128_gelu_dropout_l2,90,30,264,0.0023167096078395844,0.0019499312620609999
mlp_3x128_gelu_dropout_l2,90,30,265,0.002328956499695778,0.0019304149318486452
mlp_3x128_gelu_dropout_l2,90,30,266,0.0022967332042753696,0.0019387078937143087
mlp_3x128_gelu_dropout_l2,90,30,267,0.0023112869821488857,0.001929833902977407
mlp_3x128_gelu_dropout_l2,90,30,268,0.002313405042514205,0.0019044975051656365
mlp_3x128_gelu_dropout_l2,90,30,269,0.002310435986146331,0.001953862141817808
mlp_3x128_gelu_dropout_l2,90,30,270,0.002312676515430212,0.0019688522443175316
mlp_3x128_gelu_dropout_l2,90,30,271,0.00232908152975142,0.0019868556410074234
mlp_3x128_gelu_dropout_l2,90,30,272,0.002325193490833044,0.0019510769052430987
mlp_3x128_gelu_dropout_l2,90,30,273,0.002302746521309018,0.00192778289783746
mlp_3x128_gelu_dropout_l2,90,30,274,0.002308035735040903,0.0019446297083050013
mlp_3x128_gelu_dropout_l2,90,30,275,0.00230639660730958,0.001984751084819436
mlp_3x128_gelu_dropout_l2,90,30,276,0.0023176518734544516,0.0019246726296842098
mlp_3x128_gelu_dropout_l2,90,30,277,0.0023009898141026497,0.0019097347976639867
mlp_3x128_gelu_dropout_l2,90,30,278,0.002296849386766553,0.001915037864819169
mlp_3x128_gelu_dropout_l2,90,30,279,0.0022950705606490374,0.0019228975288569927
mlp_3x128_gelu_dropout_l2,90,30,280,0.0023004510439932346,0.0019314618548378348
mlp_3x128_gelu_dropout_l2,90,30,281,0.002301308326423168,0.0019338364945724607
mlp_3x128_gelu_dropout_l2,90,30,282,0.002305716974660754,0.001963583519682288
mlp_3x128_gelu_dropout_l2,90,30,283,0.0023285015486180782,0.0019298766274005175
mlp_3x128_gelu_dropout_l2,90,30,284,0.002301908563822508,0.0019128628773614764
mlp_3x128_gelu_dropout_l2,90,30,285,0.0023102147970348597,0.001938341185450554
mlp_3x128_gelu_dropout_l2,90,30,286,0.002301705302670598,0.0019411977846175432
mlp_3x128_gelu_dropout_l2,90,30,287,0.002327767899259925,0.0020027686841785908
mlp_3x128_gelu_dropout_l2,90,30,288,0.0023271949030458927,0.0019453285494819283
mlp_3x128_gelu_dropout_l2,90,30,289,0.0023012091405689716,0.0019530929857864976
mlp_3x128_gelu_dropout_l2,90,30,290,0.0023388811387121677,0.0019472240237519145
mlp_3x128_gelu_dropout_l2,90,30,291,0.002294890582561493,0.0019092707661911845
mlp_3x128_gelu_dropout_l2,90,30,292,0.0023077786900103092,0.0019270441262051463
mlp_3x128_gelu_dropout_l2,90,30,293,0.002303744200617075,0.001928250421769917
mlp_3x128_gelu_dropout_l2,90,30,294,0.0023102930281311274,0.0019592149183154106
mlp_3x128_gelu_dropout_l2,90,30,295,0.002321853768080473,0.001962655456736684
mlp_3x128_gelu_dropout_l2,90,30,296,0.0023167000617831945,0.0019640030805021524
mlp_3x128_gelu_dropout_l2,90,30,297,0.0023166812025010586,0.0019758904818445444
mlp_3x128_gelu_dropout_l2,90,30,298,0.0023213126696646214,0.0019727156031876802
mlp_3x128_gelu_dropout_l2,90,30,299,0.002310521202161908,0.0019221032271161675
mlp_3x128_gelu_dropout_l2,90,30,300,0.0023010203149169683,0.0019428703235462308
mlp_3x128_gelu_dropout_l2,90,30,301,0.0023107288870960474,0.001935102278366685
mlp_3x128_gelu_dropout_l2,90,30,302,0.0023145396262407303,0.0019042661879211664
mlp_3x128_gelu_dropout_l2,90,30,303,0.002307318150997162,0.0019328839844092727
mlp_3x128_gelu_dropout_l2,90,30,304,0.002297433093190193,0.0019338675774633884
mlp_3x128_gelu_dropout_l2,90,30,305,0.0023191217333078384,0.0019057365134358406
mlp_3x128_gelu_dropout_l2,90,30,306,0.002308872528374195,0.001937377150170505
mlp_3x128_gelu_dropout_l2,90,30,307,0.0023070021998137236,0.0019195358036085963
mlp_3x128_gelu_dropout_l2,90,30,308,0.0023143405560404062,0.0019427723018452525
mlp_3x128_gelu_dropout_l2,90,30,309,0.002296110847964883,0.0019090985879302025
mlp_3x128_gelu_dropout_l2,90,30,310,0.0023107589222490788,0.001920978189446032
mlp_3x128_gelu_dropout_l2,90,30,311,0.002298948122188449,0.0019083198858425021
mlp_3x128_gelu_dropout_l2,90,30,312,0.0023031721357256174,0.0019613662734627724
mlp_3x128_gelu_dropout_l2,90,30,313,0.0023215843830257654,0.001927308039739728
mlp_3x128_gelu_dropout_l2,90,30,314,0.002293108031153679,0.0019184735137969255
mlp_3x128_gelu_dropout_l2,90,30,315,0.0022981930524110794,0.001910126768052578
mlp_3x128_gelu_dropout_l2,90,30,316,0.0023147230967879295,0.001969028962776065
mlp_3x128_gelu_dropout_l2,90,30,317,0.002316192490980029,0.0019053920404985547
mlp_3x128_gelu_dropout_l2,90,30,318,0.0023136232048273087,0.0019127984996885061
mlp_3x128_gelu_dropout_l2,90,30,319,0.0022966216783970594,0.0019165001576766372
mlp_3x128_gelu_dropout_l2,90,30,320,0.00232164328917861,0.0019270101329311728
mlp_3x128_gelu_dropout_l2,90,30,321,0.0023305267095565796,0.0019648552406579256
mlp_3x128_gelu_dropout_l2,90,30,322,0.002324614441022277,0.0020175897516310215
mlp_3x128_gelu_dropout_l2,90,30,323,0.0023349092807620764,0.0019659842364490032
mlp_3x128_gelu_dropout_l2,90,30,324,0.002311409218236804,0.0019161710515618324
mlp_3x128_gelu_dropout_l2,90,30,325,0.002287732670083642,0.001924052950926125
mlp_3x128_gelu_dropout_l2,90,30,326,0.002306507434695959,0.0019207214936614037
mlp_3x128_gelu_dropout_l2,90,30,327,0.0023224642500281334,0.0018998747691512108
mlp_3x128_gelu_dropout_l2,90,30,328,0.0022997413761913776,0.001932077226229012
mlp_3x128_gelu_dropout_l2,90,30,329,0.002315922174602747,0.0019206356955692172
mlp_3x128_gelu_dropout_l2,90,30,330,0.0023245473857969046,0.0019202728290110826
mlp_3x128_gelu_dropout_l2,90,30,331,0.0023036450147628784,0.001927245408296585
mlp_3x128_gelu_dropout_l2,90,30,332,0.0023026736453175545,0.0019179045921191573
mlp_3x128_gelu_dropout_l2,90,30,333,0.002305426634848118,0.001930632395669818
mlp_3x128_gelu_dropout_l2,90,30,334,0.0023053246550261974,0.001903065131045878
mlp_3x128_gelu_dropout_l2,90,30,335,0.0023146604653447866,0.0019145486876368523
mlp_3x128_gelu_dropout_l2,90,30,336,0.0023163347505033016,0.0019420322496443987
mlp_3x128_gelu_dropout_l2,90,30,337,0.002302811248227954,0.0019292066572234035
mlp_3x128_gelu_dropout_l2,90,30,338,0.0023142744321376085,0.0019476247252896428
mlp_3x128_gelu_dropout_l2,90,30,339,0.0023073875345289707,0.0019387806532904506
mlp_3x128_gelu_dropout_l2,90,30,340,0.0023080389946699142,0.0019383839098736644
mlp_3x128_gelu_dropout_l2,90,30,341,0.0022975446190685034,0.0019348025089129806
mlp_3x128_gelu_dropout_l2,90,30,342,0.0023056797217577696,0.001916286419145763
mlp_3x128_gelu_dropout_l2,90,30,343,0.0022929839324206114,0.001909754704684019
mlp_3x128_gelu_dropout_l2,90,30,344,0.0023039812222123146,0.0019105011597275734
mlp_3x128_gelu_dropout_l2,90,30,345,0.0023097777739167213,0.0019123824313282967
mlp_3x128_gelu_dropout_l2,90,30,346,0.0022979590576142073,0.001928278710693121
mlp_3x128_gelu_dropout_l2,90,30,347,0.0022942633368074894,0.0019576267804950476
mlp_3x128_gelu_dropout_l2,90,30,348,0.0023247513454407454,0.0019329565111547709
mlp_3x128_gelu_dropout_l2,90,30,349,0.0023132599890232086,0.0019362171879038215
mlp_3x128_gelu_dropout_l2,90,30,350,0.0022964151576161385,0.0019168074941262603
mlp_3x128_gelu_dropout_l2,90,30,351,0.0023252354003489017,0.0019252878846600652
mlp_3x128_gelu_dropout_l2,90,30,352,0.002319171791896224,0.0019412380643188953
mlp_3x128_gelu_dropout_l2,90,30,353,0.002312258118763566,0.0019438723102211952
mlp_3x128_gelu_dropout_l2,90,30,354,0.0023170688655227423,0.0019200787646695971
mlp_3x128_gelu_dropout_l2,90,30,355,0.0023190807551145554,0.0019319681450724602
mlp_3x128_gelu_dropout_l2,90,30,356,0.00230495841242373,0.0019253584323450923
mlp_3x128_gelu_dropout_l2,90,30,357,0.002305614296346903,0.001954092876985669
mlp_3x128_gelu_dropout_l2,90,30,358,0.0023164141457527876,0.0019156115595251322
mlp_3x128_gelu_dropout_l2,90,30,359,0.0023177831899374723,0.0019127335399389267
mlp_3x128_gelu_dropout_l2,90,30,360,0.0023040594533085823,0.0019060819176957011
mlp_3x128_gelu_dropout_l2,90,30,361,0.0022839501034468412,0.0019238715758547187
mlp_3x128_gelu_dropout_l2,90,30,362,0.0022905836813151836,0.0019003624329343438
mlp_3x128_gelu_dropout_l2,90,30,363,0.0022947441320866346,0.0019094274612143636
mlp_3x128_gelu_dropout_l2,90,30,364,0.0023039355874061584,0.0019158832728862762
mlp_3x128_gelu_dropout_l2,90,30,365,0.0023129323963075876,0.0019330458017066121
mlp_3x128_gelu_dropout_l2,90,30,366,0.0023201382718980312,0.001953835366293788
mlp_3x128_gelu_dropout_l2,90,30,367,0.002329099690541625,0.0020158232655376196
mlp_3x128_gelu_dropout_l2,90,30,368,0.0023208821658045053,0.0019117130432277918
mlp_3x128_gelu_dropout_l2,90,30,369,0.0022986200638115406,0.0019090648274868727
mlp_3x128_gelu_dropout_l2,90,30,370,0.0022930416744202375,0.0019098930060863495
mlp_3x128_gelu_dropout_l2,90,30,371,0.0022884744685143232,0.0019237285014241934
mlp_3x128_gelu_dropout_l2,90,30,372,0.0023147077299654484,0.0019152157474309206
mlp_3x128_gelu_dropout_l2,90,30,373,0.002310683485120535,0.001954610925167799
mlp_3x128_gelu_dropout_l2,90,30,374,0.0023146572057157755,0.0019667749293148518
mlp_3x128_gelu_dropout_l2,90,30,375,0.00232865777797997,0.0019144798861816525
mlp_3x128_gelu_dropout_l2,90,30,376,0.002313345903530717,0.0019398698350414634
mlp_3x128_gelu_dropout_l2,90,30,377,0.002322143642231822,0.0019690007902681828
mlp_3x128_gelu_dropout_l2,90,30,378,0.002332445466890931,0.001979151042178273
mlp_3x128_gelu_dropout_l2,90,30,379,0.00231389538384974,0.001921719522215426
mlp_3x128_gelu_dropout_l2,90,30,380,0.0022981390357017517,0.0019054149743169546
mlp_3x128_gelu_dropout_l2,90,30,381,0.0022890528198331594,0.0019113156013190746
mlp_3x128_gelu_dropout_l2,90,30,382,0.0023004962131381035,0.0019202580442652106
mlp_3x128_gelu_dropout_l2,90,30,383,0.0023053826298564672,0.0019098883494734764
mlp_3x128_gelu_dropout_l2,90,30,384,0.002299660351127386,0.001937200198881328
mlp_3x128_gelu_dropout_l2,90,30,385,0.002313950564712286,0.0019150362350046635
mlp_3x128_gelu_dropout_l2,90,30,386,0.002303880639374256,0.001922768191434443
mlp_3x128_gelu_dropout_l2,90,30,387,0.002313832752406597,0.0019165340345352888
mlp_3x128_gelu_dropout_l2,90,30,388,0.0022924081422388554,0.001911392668262124
mlp_3x128_gelu_dropout_l2,90,30,389,0.0022935294546186924,0.0019028213573619723
mlp_3x128_gelu_dropout_l2,90,30,390,0.0022892383858561516,0.0019141236552968621
mlp_3x128_gelu_dropout_l2,90,30,391,0.0022876951843500137,0.0018982846522703767
mlp_3x128_gelu_dropout_l2,90,30,392,0.002292836783453822,0.0019736592657864094
mlp_3x128_gelu_dropout_l2,90,30,393,0.002316986909136176,0.00197941274382174
mlp_3x128_gelu_dropout_l2,90,30,394,0.002311567310243845,0.0019500048365443945
mlp_3x128_gelu_dropout_l2,90,30,395,0.0023277108557522297,0.001999352127313614
mlp_3x128_gelu_dropout_l2,90,30,396,0.0023470905143767595,0.002000028034672141
mlp_3x128_gelu_dropout_l2,90,30,397,0.0023320368491113186,0.002004333771765232
mlp_3x128_gelu_dropout_l2,90,30,398,0.0023073055781424046,0.0019085562089458108
mlp_3x128_gelu_dropout_l2,90,30,399,0.0023085642606019974,0.001905434182845056
mlp_3x128_gelu_dropout_l2,90,30,400,0.0023058054503053427,0.0019164117984473705
mlp_3x128_gelu_dropout_l2,90,30,401,0.002288989955559373,0.0019086633110418916
mlp_3x128_gelu_dropout_l2,90,30,402,0.0023066315334290266,0.0019499479094520211
mlp_3x128_gelu_dropout_l2,90,30,403,0.002327837748453021,0.0019161542877554893
mlp_3x128_gelu_dropout_l2,90,30,404,0.002315822523087263,0.0019352948293089867
mlp_3x128_gelu_dropout_l2,90,30,405,0.002301509492099285,0.0019263395806774497
mlp_3x128_gelu_dropout_l2,90,30,406,0.0023113954812288284,0.0018998960731551051
mlp_3x128_gelu_dropout_l2,90,30,407,0.0023129296023398638,0.0019233025377616286
mlp_3x128_gelu_dropout_l2,90,30,408,0.0023139058612287045,0.0019323125015944242
mlp_3x128_gelu_dropout_l2,90,30,409,0.0023113959468901157,0.0019447070080786943
mlp_3x128_gelu_dropout_l2,90,30,410,0.0023196679539978504,0.0019855231512337923
mlp_3x128_gelu_dropout_l2,90,30,411,0.0023067547008395195,0.0018889335915446281
mlp_3x128_gelu_dropout_l2,90,30,412,0.002292341087013483,0.0019025069195777178
mlp_3x128_gelu_dropout_l2,90,30,413,0.0022927410900592804,0.0019062840146943927
mlp_3x128_gelu_dropout_l2,90,30,414,0.0023025120608508587,0.0019315490499138832
mlp_3x128_gelu_dropout_l2,90,30,415,0.0023004792165011168,0.001925447373650968
mlp_3x128_gelu_dropout_l2,90,30,416,0.002327161142602563,0.001956145279109478
mlp_3x128_gelu_dropout_l2,90,30,417,0.002304087160155177,0.0019156916532665491
mlp_3x128_gelu_dropout_l2,90,30,418,0.0023037390783429146,0.0019027735106647015
mlp_3x128_gelu_dropout_l2,90,30,419,0.0023143759462982416,0.001969417789950967
mlp_3x128_gelu_dropout_l2,90,30,420,0.002310462761670351,0.001907081576064229
mlp_3x128_gelu_dropout_l2,90,30,421,0.0022906868252903223,0.0019162847893312573
mlp_3x128_gelu_dropout_l2,90,30,422,0.0022974282037466764,0.00190234393812716
mlp_3x128_gelu_dropout_l2,90,30,423,0.0022850600071251392,0.0018854017835110426
mlp_3x128_gelu_dropout_l2,90,30,424,0.002287214854732156,0.001901372685097158
mlp_3x128_gelu_dropout_l2,90,30,425,0.00231539155356586,0.0020099992398172617
mlp_3x128_gelu_dropout_l2,90,30,426,0.002340486506000161,0.0019714180380105972
mlp_3x128_gelu_dropout_l2,90,30,427,0.002311793388798833,0.0019091239664703608
mlp_3x128_gelu_dropout_l2,90,30,428,0.002323099412024021,0.0019700799603015184
mlp_3x128_gelu_dropout_l2,90,30,429,0.0023250814992934465,0.001933546969667077
mlp_3x128_gelu_dropout_l2,90,30,430,0.0023180146235972643,0.0019201172981411219
mlp_3x128_gelu_dropout_l2,90,30,431,0.002315697493031621,0.0019307604525238276
mlp_3x128_gelu_dropout_l2,90,30,432,0.0023092578630894423,0.0019167516147717834
mlp_3x128_gelu_dropout_l2,90,30,433,0.0023035600315779448,0.001919552101753652
mlp_3x128_gelu_dropout_l2,90,30,434,0.002297200495377183,0.0019037409219890833
mlp_3x128_gelu_dropout_l2,90,30,435,0.0023116436786949635,0.0019483724609017372
mlp_3x128_gelu_dropout_l2,90,30,436,0.0023124029394239187,0.0019202473340556026
mlp_3x128_gelu_dropout_l2,90,30,437,0.0023032708559185266,0.0019160486990585923
mlp_3x128_gelu_dropout_l2,90,30,438,0.0022824425250291824,0.001902802032418549
mlp_3x128_gelu_dropout_l2,90,30,439,0.0023018524516373873,0.0019375024130567908
mlp_3x128_gelu_dropout_l2,90,30,440,0.002313904697075486,0.0019101938232779503
mlp_3x128_gelu_dropout_l2,90,30,441,0.002296630060300231,0.0019250379409641027
mlp_3x128_gelu_dropout_l2,90,30,442,0.002323742490261793,0.00190721545368433
mlp_3x128_gelu_dropout_l2,90,30,443,0.0023162325378507376,0.001929730991832912
mlp_3x128_gelu_dropout_l2,90,30,444,0.00232131639495492,0.0019229254685342312
mlp_3x128_gelu_dropout_l2,90,30,445,0.0023018778301775455,0.0019326453329995275
mlp_3x128_gelu_dropout_l2,90,30,446,0.002311868593096733,0.001929582911543548
mlp_3x128_gelu_dropout_l2,90,30,447,0.00229839188978076,0.0019028044771403074
mlp_3x128_gelu_dropout_l2,90,30,448,0.002300405642017722,0.0019341502338647842
mlp_3x128_gelu_dropout_l2,90,30,449,0.002316245576366782,0.001908913254737854
mlp_3x128_gelu_dropout_l2,90,30,450,0.0023033046163618565,0.0019188114674761891
mlp_3x128_gelu_dropout_l2,90,30,451,0.00229089567437768,0.001953044207766652
mlp_3x128_gelu_dropout_l2,90,30,452,0.002336844801902771,0.001965668285265565
mlp_3x128_gelu_dropout_l2,90,30,453,0.002311961492523551,0.0019423437770456076
mlp_3x128_gelu_dropout_l2,90,30,454,0.0023141554556787014,0.0019150656880810857
mlp_3x128_gelu_dropout_l2,90,30,455,0.00230542104691267,0.0019334849203005433
mlp_3x128_gelu_dropout_l2,90,30,456,0.002313340315595269,0.0019082690123468637
mlp_3x128_gelu_dropout_l2,90,30,457,0.002323596738278866,0.0019410542445257306
mlp_3x128_gelu_dropout_l2,90,30,458,0.0023044522386044264,0.0019236637745052576
mlp_3x128_gelu_dropout_l2,90,30,459,0.002309591742232442,0.0018964079208672047
mlp_3x128_gelu_dropout_l2,90,30,460,0.002303470391780138,0.0019174990011379123
mlp_3x128_gelu_dropout_l2,90,30,461,0.002296683145686984,0.0019189510494470596
mlp_3x128_gelu_dropout_l2,90,30,462,0.0022915785666555166,0.0019215982174500823
mlp_3x128_gelu_dropout_l2,90,30,463,0.002317023230716586,0.0019486953970044851
mlp_3x128_gelu_dropout_l2,90,30,464,0.00230389554053545,0.001937498920597136
mlp_3x128_gelu_dropout_l2,90,30,465,0.002304918598383665,0.0019438108429312706
mlp_3x128_gelu_dropout_l2,90,30,466,0.0023163792211562395,0.001954989740625024
mlp_3x128_gelu_dropout_l2,90,30,467,0.00231479131616652,0.0019387915963307023
mlp_3x128_gelu_dropout_l2,90,30,468,0.0023088487796485424,0.0019176892237737775
mlp_3x128_gelu_dropout_l2,90,30,469,0.002306018490344286,0.0019303727895021439
mlp_3x128_gelu_dropout_l2,90,30,470,0.002314250450581312,0.0019271711353212595
mlp_3x128_gelu_dropout_l2,90,30,471,0.002314977580681443,0.0019426443614065647
mlp_3x128_gelu_dropout_l2,90,30,472,0.0023400243371725082,0.001958125503733754
mlp_3x128_gelu_dropout_l2,90,30,473,0.0023166907485574484,0.0019233842613175511
mlp_3x128_gelu_dropout_l2,90,30,474,0.002287874463945627,0.0018948353826999664
mlp_3x128_gelu_dropout_l2,90,30,475,0.002297399565577507,0.0019617925863713026
mlp_3x128_gelu_dropout_l2,90,30,476,0.002339205937460065,0.0019240828696638346
mlp_3x128_gelu_dropout_l2,90,30,477,0.002298485254868865,0.0019356288248673081
mlp_3x128_gelu_dropout_l2,90,30,478,0.002299688057973981,0.0019198722438886762
mlp_3x128_gelu_dropout_l2,90,30,479,0.002298354869708419,0.0019375210395082831
mlp_3x128_gelu_dropout_l2,90,30,480,0.0023273464757949114,0.0019275438971817493
mlp_3x128_gelu_dropout_l2,90,30,481,0.002319931285455823,0.0019455443834885955
mlp_3x128_gelu_dropout_l2,90,30,482,0.0023201466538012028,0.00193531543482095
mlp_3x128_gelu_dropout_l2,90,30,483,0.0023196805268526077,0.0019299151608720422
mlp_3x128_gelu_dropout_l2,90,30,484,0.0023068871814757586,0.0019281738204881549
mlp_3x128_gelu_dropout_l2,90,30,485,0.002310737268999219,0.0019348737550899386
mlp_3x128_gelu_dropout_l2,90,30,486,0.0022958724293857813,0.0019304945599287748
mlp_3x128_gelu_dropout_l2,90,30,487,0.002313610166311264,0.0019091615686193109
mlp_3x128_gelu_dropout_l2,90,30,488,0.00229209684766829,0.0019107736879959702
mlp_3x128_gelu_dropout_l2,90,30,489,0.0023120257537811995,0.0019240451510995626
mlp_3x128_gelu_dropout_l2,90,30,490,0.0023103251587599516,0.0019464670913293958
mlp_3x128_gelu_dropout_l2,90,30,491,0.0023300033062696457,0.0019262799760326743
mlp_3x128_gelu_dropout_l2,90,30,492,0.002305962610989809,0.0019196951761841774
mlp_3x128_gelu_dropout_l2,90,30,493,0.002313445322215557,0.0018948926590383053
mlp_3x128_gelu_dropout_l2,90,30,494,0.002299478743225336,0.0019271548371762037
mlp_3x128_gelu_dropout_l2,90,30,495,0.002305462257936597,0.001961667789146304
mlp_3x128_gelu_dropout_l2,90,30,496,0.0023250970989465714,0.001940516522154212
mlp_3x128_gelu_dropout_l2,90,30,497,0.0023035884369164705,0.001924649579450488
mlp_3x128_gelu_dropout_l2,90,30,498,0.0022969997953623533,0.0019191260216757655
mlp_3x128_gelu_dropout_l2,90,30,499,0.0022993169259279966,0.0019179857335984707
mlp_3x128_gelu_dropout_l2,90,30,500,0.002305587287992239,0.0019227757584303617
mlp_3x128_gelu_dropout_l2,90,90,1,0.15287716686725616,0.06592821329832077
mlp_3x128_gelu_dropout_l2,90,90,2,0.06129729002714157,0.04840093106031418
mlp_3x128_gelu_dropout_l2,90,90,3,0.04756361246109009,0.0407165065407753
mlp_3x128_gelu_dropout_l2,90,90,4,0.04045988991856575,0.035361532121896744
mlp_3x128_gelu_dropout_l2,90,90,5,0.03539672866463661,0.031445715576410294
mlp_3x128_gelu_dropout_l2,90,90,6,0.031369175761938095,0.027484649792313576
mlp_3x128_gelu_dropout_l2,90,90,7,0.027734670788049698,0.02427123300731182
mlp_3x128_gelu_dropout_l2,90,90,8,0.024518854916095734,0.02128441259264946
mlp_3x128_gelu_dropout_l2,90,90,9,0.021718837320804596,0.018714934587478638
mlp_3x128_gelu_dropout_l2,90,90,10,0.019008871167898178,0.016658885404467583
mlp_3x128_gelu_dropout_l2,90,90,11,0.01647988148033619,0.014207083731889725
mlp_3x128_gelu_dropout_l2,90,90,12,0.014264440163969994,0.012263160198926926
mlp_3x128_gelu_dropout_l2,90,90,13,0.012372875586152077,0.01085587963461876
mlp_3x128_gelu_dropout_l2,90,90,14,0.010919058695435524,0.00962894968688488
mlp_3x128_gelu_dropout_l2,90,90,15,0.009750720113515854,0.008648572489619255
mlp_3x128_gelu_dropout_l2,90,90,16,0.008799890987575054,0.00798985455185175
mlp_3x128_gelu_dropout_l2,90,90,17,0.008051610551774502,0.007283578626811504
mlp_3x128_gelu_dropout_l2,90,90,18,0.007394467014819384,0.006669691298156977
mlp_3x128_gelu_dropout_l2,90,90,19,0.006841019727289677,0.0061916932463645935
mlp_3x128_gelu_dropout_l2,90,90,20,0.0063810511492192745,0.005769707728177309
mlp_3x128_gelu_dropout_l2,90,90,21,0.005963888019323349,0.005396765191107988
mlp_3x128_gelu_dropout_l2,90,90,22,0.0055917128920555115,0.005009237676858902
mlp_3x128_gelu_dropout_l2,90,90,23,0.005253146402537823,0.0046858717687428
mlp_3x128_gelu_dropout_l2,90,90,24,0.00494316266849637,0.00437747361138463
mlp_3x128_gelu_dropout_l2,90,90,25,0.004657627549022436,0.004111363086849451
mlp_3x128_gelu_dropout_l2,90,90,26,0.004398005083203316,0.003877294948324561
mlp_3x128_gelu_dropout_l2,90,90,27,0.0041597322560846806,0.003657576162368059
mlp_3x128_gelu_dropout_l2,90,90,28,0.00393400015309453,0.0034414310939610004
mlp_3x128_gelu_dropout_l2,90,90,29,0.003740554442629218,0.00324964034371078
mlp_3x128_gelu_dropout_l2,90,90,30,0.0035582827404141426,0.0030682731885463
mlp_3x128_gelu_dropout_l2,90,90,31,0.0033754424657672644,0.002876885235309601
mlp_3x128_gelu_dropout_l2,90,90,32,0.0031979249324649572,0.0027097396086901426
mlp_3x128_gelu_dropout_l2,90,90,33,0.0030399516690522432,0.002559789689257741
mlp_3x128_gelu_dropout_l2,90,90,34,0.0028886552900075912,0.0024288457352668047
mlp_3x128_gelu_dropout_l2,90,90,35,0.0027549914084374905,0.0023044233676046133
mlp_3x128_gelu_dropout_l2,90,90,36,0.0026314458809792995,0.0021917119156569242
mlp_3x128_gelu_dropout_l2,90,90,37,0.0025091369170695543,0.002086014486849308
mlp_3x128_gelu_dropout_l2,90,90,38,0.002400727244094014,0.0020003924146294594
mlp_3x128_gelu_dropout_l2,90,90,39,0.002299823798239231,0.0019138724310323596
mlp_3x128_gelu_dropout_l2,90,90,40,0.002209644764661789,0.0018352109473198652
mlp_3x128_gelu_dropout_l2,90,90,41,0.00213215546682477,0.0017796499887481332
mlp_3x128_gelu_dropout_l2,90,90,42,0.0020602724980562925,0.0017032208852469921
mlp_3x128_gelu_dropout_l2,90,90,43,0.001997484127059579,0.0016348457429558039
mlp_3x128_gelu_dropout_l2,90,90,44,0.0019324806053191423,0.0015505122719332576
mlp_3x128_gelu_dropout_l2,90,90,45,0.0018762167310342193,0.001496925950050354
mlp_3x128_gelu_dropout_l2,90,90,46,0.0018261451041325927,0.0014526091981679201
mlp_3x128_gelu_dropout_l2,90,90,47,0.0017830971628427505,0.00140427949372679
mlp_3x128_gelu_dropout_l2,90,90,48,0.0017446760321035981,0.0013593394542112947
mlp_3x128_gelu_dropout_l2,90,90,49,0.0017042345134541392,0.0013227713061496615
mlp_3x128_gelu_dropout_l2,90,90,50,0.0016648779856041074,0.001272737281396985
mlp_3x128_gelu_dropout_l2,90,90,51,0.0016334820538759232,0.0012462316080927849
mlp_3x128_gelu_dropout_l2,90,90,52,0.001601725583896041,0.0012056858977302909
mlp_3x128_gelu_dropout_l2,90,90,53,0.0015742966206744313,0.0011832683812826872
mlp_3x128_gelu_dropout_l2,90,90,54,0.0015565664507448673,0.0011518934043124318
mlp_3x128_gelu_dropout_l2,90,90,55,0.0015314649790525436,0.0011461310787126422
mlp_3x128_gelu_dropout_l2,90,90,56,0.0015187152894213796,0.001145332702435553
mlp_3x128_gelu_dropout_l2,90,90,57,0.00149642420001328,0.0011294910218566656
mlp_3x128_gelu_dropout_l2,90,90,58,0.0014765984378755093,0.001115867868065834
mlp_3x128_gelu_dropout_l2,90,90,59,0.0014610347570851445,0.0011068345047533512
mlp_3x128_gelu_dropout_l2,90,90,60,0.0014463464030995965,0.0010936347534880042
mlp_3x128_gelu_dropout_l2,90,90,61,0.001437114435248077,0.0010841877665370703
mlp_3x128_gelu_dropout_l2,90,90,62,0.0014266555663198233,0.0010760979494079947
mlp_3x128_gelu_dropout_l2,90,90,63,0.0014216003473848104,0.0010698824189603329
mlp_3x128_gelu_dropout_l2,90,90,64,0.001413256279192865,0.0010581716196611524
mlp_3x128_gelu_dropout_l2,90,90,65,0.0014097497332841158,0.0010556095512583852
mlp_3x128_gelu_dropout_l2,90,90,66,0.0014059544773772359,0.0010584143456071615
mlp_3x128_gelu_dropout_l2,90,90,67,0.0014012819156050682,0.0010511218570172787
mlp_3x128_gelu_dropout_l2,90,90,68,0.0013999727088958025,0.0010533694876357913
mlp_3x128_gelu_dropout_l2,90,90,69,0.0013965698890388012,0.0010556785855442286
mlp_3x128_gelu_dropout_l2,90,90,70,0.0013956086477264762,0.0010574661428108811
mlp_3x128_gelu_dropout_l2,90,90,71,0.001393310958519578,0.0010528024286031723
mlp_3x128_gelu_dropout_l2,90,90,72,0.001389026059769094,0.0010538090718910098
mlp_3x128_gelu_dropout_l2,90,90,73,0.0013901111669838428,0.0010447868844494224
mlp_3x128_gelu_dropout_l2,90,90,74,0.001387185649946332,0.0010423472849652171
mlp_3x128_gelu_dropout_l2,90,90,75,0.0013859686441719532,0.001040625968016684
mlp_3x128_gelu_dropout_l2,90,90,76,0.0013815858401358128,0.001041785697452724
mlp_3x128_gelu_dropout_l2,90,90,77,0.00138459715526551,0.0010486635146662593
mlp_3x128_gelu_dropout_l2,90,90,78,0.0013823569752275944,0.0010466274106875062
mlp_3x128_gelu_dropout_l2,90,90,79,0.0013807567302137613,0.001045107957907021
mlp_3x128_gelu_dropout_l2,90,90,80,0.0013789599761366844,0.001044564414769411
mlp_3x128_gelu_dropout_l2,90,90,81,0.0013819546438753605,0.0010452609276399016
mlp_3x128_gelu_dropout_l2,90,90,82,0.0013855769066140056,0.0010337262647226453
mlp_3x128_gelu_dropout_l2,90,90,83,0.0013867913512513041,0.0010356690036132932
mlp_3x128_gelu_dropout_l2,90,90,84,0.0013912715949118137,0.0010378450388088822
mlp_3x128_gelu_dropout_l2,90,90,85,0.0013912334106862545,0.0010435713920742273
mlp_3x128_gelu_dropout_l2,90,90,86,0.0013908275868743658,0.0010563689284026623
mlp_3x128_gelu_dropout_l2,90,90,87,0.0013924387749284506,0.0010674092918634415
mlp_3x128_gelu_dropout_l2,90,90,88,0.0013896046439185739,0.0010516501497477293
mlp_3x128_gelu_dropout_l2,90,90,89,0.0013903732178732753,0.0010423015337437391
mlp_3x128_gelu_dropout_l2,90,90,90,0.001389728975482285,0.0010445620864629745
mlp_3x128_gelu_dropout_l2,90,90,91,0.0013908558757975698,0.0010414655553177
mlp_3x128_gelu_dropout_l2,90,90,92,0.0013918025651946664,0.0010458468459546566
mlp_3x128_gelu_dropout_l2,90,90,93,0.001390627003274858,0.0010492793517187238
mlp_3x128_gelu_dropout_l2,90,90,94,0.0013899854384362698,0.0010534811299294233
mlp_3x128_gelu_dropout_l2,90,90,95,0.0013876314042136073,0.001061129616573453
mlp_3x128_gelu_dropout_l2,90,90,96,0.00138696632348001,0.0010617895750328898
mlp_3x128_gelu_dropout_l2,90,90,97,0.001386239193379879,0.0010678824037313461
mlp_3x128_gelu_dropout_l2,90,90,98,0.001387797761708498,0.001056217122823
mlp_3x128_gelu_dropout_l2,90,90,99,0.001389855518937111,0.0010540880030021071
mlp_3x128_gelu_dropout_l2,90,90,100,0.0013896925374865532,0.0010489189298823476
mlp_3x128_gelu_dropout_l2,90,90,101,0.0013922614743933082,0.0010411347029730678
mlp_3x128_gelu_dropout_l2,90,90,102,0.0013930086279287934,0.0010216350201517344
mlp_3x128_gelu_dropout_l2,90,90,103,0.0013952312292531133,0.0010181943653151393
mlp_3x128_gelu_dropout_l2,90,90,104,0.0013950297143310308,0.0010191010078415275
mlp_3x128_gelu_dropout_l2,90,90,105,0.0013888342073187232,0.001023056567646563
mlp_3x128_gelu_dropout_l2,90,90,106,0.0013868684181943536,0.0010267611360177398
mlp_3x128_gelu_dropout_l2,90,90,107,0.0013862834312021732,0.0010279752314090729
mlp_3x128_gelu_dropout_l2,90,90,108,0.0013888140674680471,0.0010233159409835935
mlp_3x128_gelu_dropout_l2,90,90,109,0.001390865189023316,0.0010218829847872257
mlp_3x128_gelu_dropout_l2,90,90,110,0.0013897246681153774,0.0010279889684170485
mlp_3x128_gelu_dropout_l2,90,90,111,0.0013884437503293157,0.001039245631545782
mlp_3x128_gelu_dropout_l2,90,90,112,0.0013893049908801913,0.0010466203093528748
mlp_3x128_gelu_dropout_l2,90,90,113,0.0013874239521101117,0.0010517307091504335
mlp_3x128_gelu_dropout_l2,90,90,114,0.001386964344419539,0.0010539026698097587
mlp_3x128_gelu_dropout_l2,90,90,115,0.0013879142934456468,0.0010504823876544833
mlp_3x128_gelu_dropout_l2,90,90,116,0.0013865814544260502,0.0010514846071600914
mlp_3x128_gelu_dropout_l2,90,90,117,0.0013847529189661145,0.0010454269358888268
mlp_3x128_gelu_dropout_l2,90,90,118,0.0013845241628587246,0.0010479456977918744
mlp_3x128_gelu_dropout_l2,90,90,119,0.0013826750218868256,0.0010442762868478894
mlp_3x128_gelu_dropout_l2,90,90,120,0.0013816786231473088,0.001045340090058744
mlp_3x128_gelu_dropout_l2,90,90,121,0.0013801485765725374,0.00105144118424505
mlp_3x128_gelu_dropout_l2,90,90,122,0.0013813264667987823,0.001053588348440826
mlp_3x128_gelu_dropout_l2,90,90,123,0.0013800422893837094,0.0010487815598025918
mlp_3x128_gelu_dropout_l2,90,90,124,0.001381720183417201,0.0010478048352524638
mlp_3x128_gelu_dropout_l2,90,90,125,0.0013843744527548552,0.0010530705330893397
mlp_3x128_gelu_dropout_l2,90,90,126,0.0013856710866093636,0.0010628692107275128
mlp_3x128_gelu_dropout_l2,90,90,127,0.0013906980166211724,0.0010610264725983143
mlp_3x128_gelu_dropout_l2,90,90,128,0.0013870876282453537,0.0010516910115256906
mlp_3x128_gelu_dropout_l2,90,90,129,0.001384984003379941,0.0010468781692907214
mlp_3x128_gelu_dropout_l2,90,90,130,0.0013854370918124914,0.00105088681448251
mlp_3x128_gelu_dropout_l2,90,90,131,0.0013840586179867387,0.0010437524178996682
mlp_3x128_gelu_dropout_l2,90,90,132,0.0013845132198184729,0.001037132809869945
mlp_3x128_gelu_dropout_l2,90,90,133,0.0013812039978802204,0.001027510967105627
mlp_3x128_gelu_dropout_l2,90,90,134,0.0013835574500262737,0.0010308695491403341
mlp_3x128_gelu_dropout_l2,90,90,135,0.0013812697725370526,0.0010325211333110929
mlp_3x128_gelu_dropout_l2,90,90,136,0.001381595735438168,0.0010315821273252368
mlp_3x128_gelu_dropout_l2,90,90,137,0.0013817870058119297,0.0010319105349481106
mlp_3x128_gelu_dropout_l2,90,90,138,0.001381042180582881,0.0010232850909233093
mlp_3x128_gelu_dropout_l2,90,90,139,0.0013806914212182164,0.0010253528598695993
mlp_3x128_gelu_dropout_l2,90,90,140,0.0013816035352647305,0.0010299254208803177
mlp_3x128_gelu_dropout_l2,90,90,141,0.0013792921090498567,0.0010241918498650193
mlp_3x128_gelu_dropout_l2,90,90,142,0.001380364061333239,0.001023832825012505
mlp_3x128_gelu_dropout_l2,90,90,143,0.0013794824481010437,0.0010279060807079077
mlp_3x128_gelu_dropout_l2,90,90,144,0.0013800009619444609,0.0010245594894513488
mlp_3x128_gelu_dropout_l2,90,90,145,0.001377537613734603,0.001025691395625472
mlp_3x128_gelu_dropout_l2,90,90,146,0.0013773423852398992,0.001022943644784391
mlp_3x128_gelu_dropout_l2,90,90,147,0.0013757020933553576,0.0010171696776524186
mlp_3x128_gelu_dropout_l2,90,90,148,0.0013753324747085571,0.0010221533011645079
mlp_3x128_gelu_dropout_l2,90,90,149,0.0013757972046732903,0.0010132850147783756
mlp_3x128_gelu_dropout_l2,90,90,150,0.0013748074416071177,0.0010116997873410583
mlp_3x128_gelu_dropout_l2,90,90,151,0.0013745698379352689,0.001009334926493466
mlp_3x128_gelu_dropout_l2,90,90,152,0.0013741939328610897,0.001011039363220334
mlp_3x128_gelu_dropout_l2,90,90,153,0.0013751828810200095,0.0010107888374477625
mlp_3x128_gelu_dropout_l2,90,90,154,0.0013728828635066748,0.0010174650233238935
mlp_3x128_gelu_dropout_l2,90,90,155,0.0013734267558902502,0.0010171323083341122
mlp_3x128_gelu_dropout_l2,90,90,156,0.0013722229050472379,0.0010145878186449409
mlp_3x128_gelu_dropout_l2,90,90,157,0.0013732647057622671,0.0010121852392330766
mlp_3x128_gelu_dropout_l2,90,90,158,0.0013702168362215161,0.0010117924539372325
mlp_3x128_gelu_dropout_l2,90,90,159,0.001369885983876884,0.0010114323813468218
mlp_3x128_gelu_dropout_l2,90,90,160,0.001370323821902275,0.0010052351281046867
mlp_3x128_gelu_dropout_l2,90,90,161,0.0013736989349126816,0.001013374887406826
mlp_3x128_gelu_dropout_l2,90,90,162,0.0013728969497606158,0.0010110876755788922
mlp_3x128_gelu_dropout_l2,90,90,163,0.0013738885754719377,0.0010113249300047755
mlp_3x128_gelu_dropout_l2,90,90,164,0.0013727733166888356,0.0010065775131806731
mlp_3x128_gelu_dropout_l2,90,90,165,0.0013749911449849606,0.0010061196517199278
mlp_3x128_gelu_dropout_l2,90,90,166,0.001375269959680736,0.0010044088121503592
mlp_3x128_gelu_dropout_l2,90,90,167,0.0013758388813585043,0.0010042197536677122
mlp_3x128_gelu_dropout_l2,90,90,168,0.0013777295826002955,0.0010017713066190481
mlp_3x128_gelu_dropout_l2,90,90,169,0.0013772062957286835,0.0010060806525871158
mlp_3x128_gelu_dropout_l2,90,90,170,0.0013752764789387584,0.0010037432657554746
mlp_3x128_gelu_dropout_l2,90,90,171,0.0013732626102864742,0.0010035097366198897
mlp_3x128_gelu_dropout_l2,90,90,172,0.0013716669054701924,0.0010083777597174048
mlp_3x128_gelu_dropout_l2,90,90,173,0.0013702501310035586,0.001005467027425766
mlp_3x128_gelu_dropout_l2,90,90,174,0.0013697983231395483,0.0010025773663073778
mlp_3x128_gelu_dropout_l2,90,90,175,0.0013709984486922622,0.001006430946290493
mlp_3x128_gelu_dropout_l2,90,90,176,0.001374154700897634,0.001006359700113535
mlp_3x128_gelu_dropout_l2,90,90,177,0.0013702386058866978,0.0010079162893816829
mlp_3x128_gelu_dropout_l2,90,90,178,0.0013707055477425456,0.0010092257289215922
mlp_3x128_gelu_dropout_l2,90,90,179,0.0013707827311009169,0.0010043205693364143
mlp_3x128_gelu_dropout_l2,90,90,180,0.0013715821551159024,0.0010064553935080767
mlp_3x128_gelu_dropout_l2,90,90,181,0.0013750523794442415,0.001012627501040697
mlp_3x128_gelu_dropout_l2,90,90,182,0.001378167886286974,0.0010057130130007863
mlp_3x128_gelu_dropout_l2,90,90,183,0.0013766103656962514,0.0010130705777555704
mlp_3x128_gelu_dropout_l2,90,90,184,0.0013795011909678578,0.0010101922089233994
mlp_3x128_gelu_dropout_l2,90,90,185,0.0013800394954159856,0.0010103196837008
mlp_3x128_gelu_dropout_l2,90,90,186,0.0013731853105127811,0.0010130739537999034
mlp_3x128_gelu_dropout_l2,90,90,187,0.0013721276773139834,0.0010136697674170136
mlp_3x128_gelu_dropout_l2,90,90,188,0.0013774270191788673,0.0010113614844158292
mlp_3x128_gelu_dropout_l2,90,90,189,0.0013724607415497303,0.0010239415569230914
mlp_3x128_gelu_dropout_l2,90,90,190,0.0013696446549147367,0.0010090311989188194
mlp_3x128_gelu_dropout_l2,90,90,191,0.0013776428531855345,0.0010116943158209324
mlp_3x128_gelu_dropout_l2,90,90,192,0.001373535138554871,0.0010284441523253918
mlp_3x128_gelu_dropout_l2,90,90,193,0.0013758293353021145,0.0010054749436676502
mlp_3x128_gelu_dropout_l2,90,90,194,0.0013789950171485543,0.0010082670487463474
mlp_3x128_gelu_dropout_l2,90,90,195,0.0013735962565988302,0.0010260568233206868
mlp_3x128_gelu_dropout_l2,90,90,196,0.0013741820584982634,0.000999652431346476
mlp_3x128_gelu_dropout_l2,90,90,197,0.0013778535649180412,0.0010164526756852865
mlp_3x128_gelu_dropout_l2,90,90,198,0.0013800595188513398,0.001029667560942471
mlp_3x128_gelu_dropout_l2,90,90,199,0.0013711482752114534,0.0010068470146507025
mlp_3x128_gelu_dropout_l2,90,90,200,0.0013757760170847178,0.0010362309403717518
mlp_3x128_gelu_dropout_l2,90,90,201,0.001378849963657558,0.0010349568910896778
mlp_3x128_gelu_dropout_l2,90,90,202,0.001371065154671669,0.0010025858646258712
mlp_3x128_gelu_dropout_l2,90,90,203,0.0013772135134786367,0.0010161306709051132
mlp_3x128_gelu_dropout_l2,90,90,204,0.0013838015729561448,0.0010304434690624475
mlp_3x128_gelu_dropout_l2,90,90,205,0.001375742256641388,0.0010292237857356668
mlp_3x128_gelu_dropout_l2,90,90,206,0.0013770933728665113,0.0010185320861637592
mlp_3x128_gelu_dropout_l2,90,90,207,0.0013777172425761819,0.0010223013814538717
mlp_3x128_gelu_dropout_l2,90,90,208,0.001377919688820839,0.0010332363890483975
mlp_3x128_gelu_dropout_l2,90,90,209,0.0013775313273072243,0.0010256372625008225
mlp_3x128_gelu_dropout_l2,90,90,210,0.0013795923441648483,0.0010130935115739703
mlp_3x128_gelu_dropout_l2,90,90,211,0.0013800917658954859,0.0010177608346566558
mlp_3x128_gelu_dropout_l2,90,90,212,0.0013779036235064268,0.0010257088579237461
mlp_3x128_gelu_dropout_l2,90,90,213,0.001383566646836698,0.0010227964958176017
mlp_3x128_gelu_dropout_l2,90,90,214,0.0013800800079479814,0.001019828487187624
mlp_3x128_gelu_dropout_l2,90,90,215,0.0013806477654725313,0.0010402387706562877
mlp_3x128_gelu_dropout_l2,90,90,216,0.0013796744169667363,0.0010273763909935951
mlp_3x128_gelu_dropout_l2,90,90,217,0.0013801457826048136,0.0010302214650437236
mlp_3x128_gelu_dropout_l2,90,90,218,0.0013805227354168892,0.0010431179543957114
mlp_3x128_gelu_dropout_l2,90,90,219,0.0013813641853630543,0.0010198629461228848
mlp_3x128_gelu_dropout_l2,90,90,220,0.0013813173864036798,0.0010262837167829275
mlp_3x128_gelu_dropout_l2,90,90,221,0.001382092828862369,0.0010303724557161331
mlp_3x128_gelu_dropout_l2,90,90,222,0.0013867459492757916,0.0010601147077977657
mlp_3x128_gelu_dropout_l2,90,90,223,0.001387723721563816,0.001041513285599649
mlp_3x128_gelu_dropout_l2,90,90,224,0.0013864670181646943,0.0010143212275579572
mlp_3x128_gelu_dropout_l2,90,90,225,0.0013813989935442805,0.0010402154875919223
mlp_3x128_gelu_dropout_l2,90,90,226,0.0013842355692759156,0.0010382657637819648
mlp_3x128_gelu_dropout_l2,90,90,227,0.0013800545129925013,0.0010049017146229744
mlp_3x128_gelu_dropout_l2,90,90,228,0.0013767043128609657,0.0010160120436921716
mlp_3x128_gelu_dropout_l2,90,90,229,0.0013788191135972738,0.001056153792887926
mlp_3x128_gelu_dropout_l2,90,90,230,0.0013793891994282603,0.0010280864080414176
mlp_3x128_gelu_dropout_l2,90,90,231,0.001381114823743701,0.0010296562686562538
mlp_3x128_gelu_dropout_l2,90,90,232,0.001377462176606059,0.001046685385517776
mlp_3x128_gelu_dropout_l2,90,90,233,0.0013787957141175866,0.0010147099383175373
mlp_3x128_gelu_dropout_l2,90,90,234,0.0013805815251544118,0.0010302455630153418
mlp_3x128_gelu_dropout_l2,90,90,235,0.0013809541705995798,0.0010366576025262475
mlp_3x128_gelu_dropout_l2,90,90,236,0.0013797790743410587,0.0010237338719889522
mlp_3x128_gelu_dropout_l2,90,90,237,0.0013814512640237808,0.001041396870277822
mlp_3x128_gelu_dropout_l2,90,90,238,0.0013795825652778149,0.0010154215851798654
mlp_3x128_gelu_dropout_l2,90,90,239,0.0013736578403040767,0.001005334546789527
mlp_3x128_gelu_dropout_l2,90,90,240,0.0013724101008847356,0.001001583063043654
mlp_3x128_gelu_dropout_l2,90,90,241,0.001377443433739245,0.0010231960332021117
mlp_3x128_gelu_dropout_l2,90,90,242,0.001374969375319779,0.0010416503064334393
mlp_3x128_gelu_dropout_l2,90,90,243,0.001376311993226409,0.0010033251019194722
mlp_3x128_gelu_dropout_l2,90,90,244,0.001376242726109922,0.001013408531434834
mlp_3x128_gelu_dropout_l2,90,90,245,0.001377510605379939,0.001029866631142795
mlp_3x128_gelu_dropout_l2,90,90,246,0.0013819312443956733,0.0010360517771914601
mlp_3x128_gelu_dropout_l2,90,90,247,0.0013764752075076103,0.0010283373994752765
mlp_3x128_gelu_dropout_l2,90,90,248,0.0013776652049273252,0.0010089542483910918
mlp_3x128_gelu_dropout_l2,90,90,249,0.0013757607666775584,0.0010228141909465194
mlp_3x128_gelu_dropout_l2,90,90,250,0.0013830799143761396,0.0010302276350557804
mlp_3x128_gelu_dropout_l2,90,90,251,0.001371385413222015,0.0010499906493350863
mlp_3x128_gelu_dropout_l2,90,90,252,0.001377366716042161,0.0010000054026022553
mlp_3x128_gelu_dropout_l2,90,90,253,0.0013701594434678555,0.0010273102670907974
mlp_3x128_gelu_dropout_l2,90,90,254,0.0013740211725234985,0.0010393996490165591
mlp_3x128_gelu_dropout_l2,90,90,255,0.0013788973446935415,0.0010379659943282604
mlp_3x128_gelu_dropout_l2,90,90,256,0.0013804396148771048,0.0010249128099530935
mlp_3x128_gelu_dropout_l2,90,90,257,0.0013806967763230205,0.0010358447907492518
mlp_3x128_gelu_dropout_l2,90,90,258,0.0013735052198171616,0.0010203421115875244
mlp_3x128_gelu_dropout_l2,90,90,259,0.001378022599965334,0.0010277234250679612
mlp_3x128_gelu_dropout_l2,90,90,260,0.0013794144615530968,0.0010201846016570926
mlp_3x128_gelu_dropout_l2,90,90,261,0.0013830994721502066,0.001033017528243363
mlp_3x128_gelu_dropout_l2,90,90,262,0.0013766108313575387,0.001049374113790691
mlp_3x128_gelu_dropout_l2,90,90,263,0.0013738629641011357,0.0010154813062399626
mlp_3x128_gelu_dropout_l2,90,90,264,0.001376380561850965,0.001014620647765696
mlp_3x128_gelu_dropout_l2,90,90,265,0.0013765881303697824,0.001013169065117836
mlp_3x128_gelu_dropout_l2,90,90,266,0.0013803982874378562,0.0010286346077919006
mlp_3x128_gelu_dropout_l2,90,90,267,0.0013749419013038278,0.0010441814083606005
mlp_3x128_gelu_dropout_l2,90,90,268,0.001381887006573379,0.0010252060601487756
mlp_3x128_gelu_dropout_l2,90,90,269,0.0013765112962573767,0.0010197240626439452
mlp_3x128_gelu_dropout_l2,90,90,270,0.0013762583257630467,0.0010361341992393136
mlp_3x128_gelu_dropout_l2,90,90,271,0.0013731782091781497,0.0010056496830657125
mlp_3x128_gelu_dropout_l2,90,90,272,0.001370981684885919,0.0010141300735995173
mlp_3x128_gelu_dropout_l2,90,90,273,0.0013781915185973048,0.001009104773402214
mlp_3x128_gelu_dropout_l2,90,90,274,0.0013724120799452066,0.0010412511182948947
mlp_3x128_gelu_dropout_l2,90,90,275,0.0013765122275799513,0.0010312477825209498
mlp_3x128_gelu_dropout_l2,90,90,276,0.0013773555401712656,0.0010190587490797043
mlp_3x128_gelu_dropout_l2,90,90,277,0.0013807292561978102,0.0010425079381093383
mlp_3x128_gelu_dropout_l2,90,90,278,0.001373019185848534,0.0010309352073818445
mlp_3x128_gelu_dropout_l2,90,90,279,0.0013721247669309378,0.0010140328668057919
mlp_3x128_gelu_dropout_l2,90,90,280,0.0013806516071781516,0.0010336427949368954
mlp_3x128_gelu_dropout_l2,90,90,281,0.0013844050699844956,0.0010323750320822
mlp_3x128_gelu_dropout_l2,90,90,282,0.0013784496113657951,0.0010322463931515813
mlp_3x128_gelu_dropout_l2,90,90,283,0.001373380422592163,0.001015854417346418
mlp_3x128_gelu_dropout_l2,90,90,284,0.0013775299303233624,0.001024017226882279
mlp_3x128_gelu_dropout_l2,90,90,285,0.001380440779030323,0.0010340182343497872
mlp_3x128_gelu_dropout_l2,90,90,286,0.0013772665988653898,0.0010342402383685112
mlp_3x128_gelu_dropout_l2,90,90,287,0.0013761023292317986,0.0010253508808091283
mlp_3x128_gelu_dropout_l2,90,90,288,0.0013702416326850653,0.0010380675084888935
mlp_3x128_gelu_dropout_l2,90,90,289,0.0013798311119899154,0.001029006321914494
mlp_3x128_gelu_dropout_l2,90,90,290,0.0013796279672533274,0.0010176296345889568
mlp_3x128_gelu_dropout_l2,90,90,291,0.0013805932831019163,0.0010186154395341873
mlp_3x128_gelu_dropout_l2,90,90,292,0.001379470806568861,0.0010194004280492663
mlp_3x128_gelu_dropout_l2,90,90,293,0.0013803709298372269,0.0010430354159325361
mlp_3x128_gelu_dropout_l2,90,90,294,0.001389459939673543,0.001053282176144421
mlp_3x128_gelu_dropout_l2,90,90,295,0.0013747544726356864,0.0010051210410892963
mlp_3x128_gelu_dropout_l2,90,90,296,0.0013781958259642124,0.0010149856097996235
mlp_3x128_gelu_dropout_l2,90,90,297,0.0013734216336160898,0.001014860812574625
mlp_3x128_gelu_dropout_l2,90,90,298,0.0013751016231253743,0.0010298338020220399
mlp_3x128_gelu_dropout_l2,90,90,299,0.0013731041690334678,0.0010293066734448075
mlp_3x128_gelu_dropout_l2,90,90,300,0.0013740698341280222,0.0010324114700779319
mlp_3x128_gelu_dropout_l2,90,90,301,0.0013738996349275112,0.0010255123488605022
mlp_3x128_gelu_dropout_l2,90,90,302,0.0013751781079918146,0.0010321828303858638
mlp_3x128_gelu_dropout_l2,90,90,303,0.0013709303457289934,0.0010265782475471497
mlp_3x128_gelu_dropout_l2,90,90,304,0.0013681331183761358,0.0010388679802417755
mlp_3x128_gelu_dropout_l2,90,90,305,0.001372836995869875,0.001015267800539732
mlp_3x128_gelu_dropout_l2,90,90,306,0.0013752145459875464,0.0010134221520274878
mlp_3x128_gelu_dropout_l2,90,90,307,0.0013767665950581431,0.0009999271715059876
mlp_3x128_gelu_dropout_l2,90,90,308,0.0013746795011684299,0.0010192267363891006
mlp_3x128_gelu_dropout_l2,90,90,309,0.0013754689134657383,0.0010128406574949622
mlp_3x128_gelu_dropout_l2,90,90,310,0.001376414904370904,0.0010226250160485506
mlp_3x128_gelu_dropout_l2,90,90,311,0.00138654257170856,0.0010190701577812433
mlp_3x128_gelu_dropout_l2,90,90,312,0.0013833647826686502,0.0010147301945835352
mlp_3x128_gelu_dropout_l2,90,90,313,0.0013798681320622563,0.001028418424539268
mlp_3x128_gelu_dropout_l2,90,90,314,0.0013813566183671355,0.0010330461664125323
mlp_3x128_gelu_dropout_l2,90,90,315,0.0013814468402415514,0.0010225727455690503
mlp_3x128_gelu_dropout_l2,90,90,316,0.0013720978749915957,0.001030176179483533
mlp_3x128_gelu_dropout_l2,90,90,317,0.0013720165006816387,0.001047516125254333
mlp_3x128_gelu_dropout_l2,90,90,318,0.0013611577451229095,0.0010491727152839303
mlp_3x128_gelu_dropout_l2,90,90,319,0.0013723683077841997,0.000997113878838718
mlp_3x128_gelu_dropout_l2,90,90,320,0.001375820953398943,0.0010043365182355046
mlp_3x128_gelu_dropout_l2,90,90,321,0.001379196415655315,0.001009359140880406
mlp_3x128_gelu_dropout_l2,90,90,322,0.0013725744793191552,0.0010102484375238419
mlp_3x128_gelu_dropout_l2,90,90,323,0.0013748309575021267,0.0010260222479701042
mlp_3x128_gelu_dropout_l2,90,90,324,0.0013813816476613283,0.00104771857149899
mlp_3x128_gelu_dropout_l2,90,90,325,0.0013846399961039424,0.0010420940816402435
mlp_3x128_gelu_dropout_l2,90,90,326,0.0013756975531578064,0.0010211195331066847
mlp_3x128_gelu_dropout_l2,90,90,327,0.0013776997802779078,0.0010443766368553042
mlp_3x128_gelu_dropout_l2,90,90,328,0.0013845207868143916,0.0010346625931560993
mlp_3x128_gelu_dropout_l2,90,90,329,0.0013693543151021004,0.0010412250412628055
mlp_3x128_gelu_dropout_l2,90,90,330,0.001380493980832398,0.001023820019327104
mlp_3x128_gelu_dropout_l2,90,90,331,0.001377189764752984,0.0010294726816937327
mlp_3x128_gelu_dropout_l2,90,90,332,0.0013868393143638968,0.0010185843566432595
mlp_3x128_gelu_dropout_l2,90,90,333,0.0013753571547567844,0.001020811847411096
mlp_3x128_gelu_dropout_l2,90,90,334,0.0013727372279390693,0.001024256576783955
mlp_3x128_gelu_dropout_l2,90,90,335,0.0013751268852502108,0.0010324150789529085
mlp_3x128_gelu_dropout_l2,90,90,336,0.0013826809590682387,0.0010741431033238769
mlp_3x128_gelu_dropout_l2,90,90,337,0.001392984064295888,0.0010277116671204567
mlp_3x128_gelu_dropout_l2,90,90,338,0.0013950280845165253,0.0010505259269848466
mlp_3x128_gelu_dropout_l2,90,90,339,0.0013866251101717353,0.0010170593159273267
mlp_3x128_gelu_dropout_l2,90,90,340,0.0013737092958763242,0.0010101527441293001
mlp_3x128_gelu_dropout_l2,90,90,341,0.0013756818370893598,0.0010115206241607666
mlp_3x128_gelu_dropout_l2,90,90,342,0.0013713138177990913,0.0010188353480771184
mlp_3x128_gelu_dropout_l2,90,90,343,0.0013757371343672276,0.001031326362863183
mlp_3x128_gelu_dropout_l2,90,90,344,0.0013791023520752788,0.001023359363898635
mlp_3x128_gelu_dropout_l2,90,90,345,0.001379758701659739,0.0010312823578715324
mlp_3x128_gelu_dropout_l2,90,90,346,0.0013667524326592684,0.0010418995516374707
mlp_3x128_gelu_dropout_l2,90,90,347,0.0013724558521062136,0.0010507082333788276
mlp_3x128_gelu_dropout_l2,90,90,348,0.0013795129489153624,0.0010433215647935867
mlp_3x128_gelu_dropout_l2,90,90,349,0.0013771633384749293,0.001022601267322898
mlp_3x128_gelu_dropout_l2,90,90,350,0.0013807511422783136,0.0010118585778400302
mlp_3x128_gelu_dropout_l2,90,90,351,0.0013735006796196103,0.0010476878378540277
mlp_3x128_gelu_dropout_l2,90,90,352,0.0013630614848807454,0.000991793000139296
mlp_3x128_gelu_dropout_l2,90,90,353,0.0013671314809471369,0.001002979464828968
mlp_3x128_gelu_dropout_l2,90,90,354,0.0013755409745499492,0.0010136918863281608
mlp_3x128_gelu_dropout_l2,90,90,355,0.0013749992940574884,0.0010022972710430622
mlp_3x128_gelu_dropout_l2,90,90,356,0.0013807420618832111,0.001008836436085403
mlp_3x128_gelu_dropout_l2,90,90,357,0.0013884030049666762,0.0010075861355289817
mlp_3x128_gelu_dropout_l2,90,90,358,0.0013862360501661897,0.0010104054817929864
mlp_3x128_gelu_dropout_l2,90,90,359,0.001379431807436049,0.0010173170594498515
mlp_3x128_gelu_dropout_l2,90,90,360,0.0013766696210950613,0.0010134264593943954
mlp_3x128_gelu_dropout_l2,90,90,361,0.0013748046476393938,0.0010060047497972846
mlp_3x128_gelu_dropout_l2,90,90,362,0.0013765237526968122,0.0010204882128164172
mlp_3x128_gelu_dropout_l2,90,90,363,0.0013790957164019346,0.0010427640518173575
mlp_3x128_gelu_dropout_l2,90,90,364,0.0013703362783417106,0.001022055628709495
mlp_3x128_gelu_dropout_l2,90,90,365,0.001366211799904704,0.0010353694669902325
mlp_3x128_gelu_dropout_l2,90,90,366,0.0013804059708490968,0.0010347634088248014
mlp_3x128_gelu_dropout_l2,90,90,367,0.0013888527173548937,0.0010442554485052824
mlp_3x128_gelu_dropout_l2,90,90,368,0.0013765019830316305,0.0010413024574518204
mlp_3x128_gelu_dropout_l2,90,90,369,0.0013734538806602359,0.0010297498665750027
mlp_3x128_gelu_dropout_l2,90,90,370,0.001371057704091072,0.001048345468007028
mlp_3x128_gelu_dropout_l2,90,90,371,0.0013717827387154102,0.0010370344389230013
mlp_3x128_gelu_dropout_l2,90,90,372,0.0013715228997170925,0.001027944264933467
mlp_3x128_gelu_dropout_l2,90,90,373,0.001373510924167931,0.001015385496430099
mlp_3x128_gelu_dropout_l2,90,90,374,0.0013748754281550646,0.0010404554195702076
mlp_3x128_gelu_dropout_l2,90,90,375,0.0013816957361996174,0.0010329163633286953
mlp_3x128_gelu_dropout_l2,90,90,376,0.0013802465982735157,0.0010253227083012462
mlp_3x128_gelu_dropout_l2,90,90,377,0.0013739297864958644,0.0010465775849297643
mlp_3x128_gelu_dropout_l2,90,90,378,0.0013763167662546039,0.0010351120727136731
mlp_3x128_gelu_dropout_l2,90,90,379,0.0013864986831322312,0.0010238701943308115
mlp_3x128_gelu_dropout_l2,90,90,380,0.0013845941284671426,0.0010321952868252993
mlp_3x128_gelu_dropout_l2,90,90,381,0.001386177376843989,0.0010216437513008714
mlp_3x128_gelu_dropout_l2,90,90,382,0.0013805171474814415,0.0010369769297540188
mlp_3x128_gelu_dropout_l2,90,90,383,0.0013793441466987133,0.0010210939217358828
mlp_3x128_gelu_dropout_l2,90,90,384,0.001378212939016521,0.0010233044158667326
mlp_3x128_gelu_dropout_l2,90,90,385,0.0013768789358437061,0.0010607446311041713
mlp_3x128_gelu_dropout_l2,90,90,386,0.0013762367889285088,0.0009977391455322504
mlp_3x128_gelu_dropout_l2,90,90,387,0.0013729373458772898,0.0010246766032651067
mlp_3x128_gelu_dropout_l2,90,90,388,0.0013697000686079264,0.0010156013304367661
mlp_3x128_gelu_dropout_l2,90,90,389,0.0013759674038738012,0.0010426430962979794
mlp_3x128_gelu_dropout_l2,90,90,390,0.0013699147384613752,0.0010308177443221211
mlp_3x128_gelu_dropout_l2,90,90,391,0.0013657176168635488,0.0010202158009633422
mlp_3x128_gelu_dropout_l2,90,90,392,0.0013775614788755774,0.0010083639062941074
mlp_3x128_gelu_dropout_l2,90,90,393,0.0013729913625866175,0.0010271724313497543
mlp_3x128_gelu_dropout_l2,90,90,394,0.0013779783621430397,0.0010155709460377693
mlp_3x128_gelu_dropout_l2,90,90,395,0.001378548564389348,0.0010241662384942174
mlp_3x128_gelu_dropout_l2,90,90,396,0.001380676170811057,0.0010203993879258633
mlp_3x128_gelu_dropout_l2,90,90,397,0.0013789727818220854,0.0010322958696633577
mlp_3x128_gelu_dropout_l2,90,90,398,0.001381738344207406,0.0010277072433382273
mlp_3x128_gelu_dropout_l2,90,90,399,0.0013767777709290385,0.0010105493711307645
mlp_3x128_gelu_dropout_l2,90,90,400,0.001374090206809342,0.0010172678157687187
mlp_3x128_gelu_dropout_l2,90,90,401,0.0013727056793868542,0.0010603440459817648
mlp_3x128_gelu_dropout_l2,90,90,402,0.001369127887301147,0.0010312192607671022
mlp_3x128_gelu_dropout_l2,90,90,403,0.0013797992141917348,0.0010369997471570969
mlp_3x128_gelu_dropout_l2,90,90,404,0.001377159496769309,0.0010774724651128054
mlp_3x128_gelu_dropout_l2,90,90,405,0.001379259629175067,0.0010281443828716874
mlp_3x128_gelu_dropout_l2,90,90,406,0.0013764509931206703,0.0010293981758877635
mlp_3x128_gelu_dropout_l2,90,90,407,0.0013812272809445858,0.0010304138995707035
mlp_3x128_gelu_dropout_l2,90,90,408,0.0013873691204935312,0.0010107160778716207
mlp_3x128_gelu_dropout_l2,90,90,409,0.0013722735457122326,0.0010242691496387124
mlp_3x128_gelu_dropout_l2,90,90,410,0.001380704459734261,0.001033513224683702
mlp_3x128_gelu_dropout_l2,90,90,411,0.001382385496981442,0.0010260494891554117
mlp_3x128_gelu_dropout_l2,90,90,412,0.001376658328808844,0.0010054553858935833
mlp_3x128_gelu_dropout_l2,90,90,413,0.0013792579993605614,0.0010226082522422075
mlp_3x128_gelu_dropout_l2,90,90,414,0.0013771789381280541,0.00100999407004565
mlp_3x128_gelu_dropout_l2,90,90,415,0.0013739126734435558,0.0010261947754770517
mlp_3x128_gelu_dropout_l2,90,90,416,0.0013841254403814673,0.0010526665719226003
mlp_3x128_gelu_dropout_l2,90,90,417,0.0013765901094302535,0.0010176245123147964
mlp_3x128_gelu_dropout_l2,90,90,418,0.0013736137188971043,0.0010203225538134575
mlp_3x128_gelu_dropout_l2,90,90,419,0.0013802200555801392,0.0010395108256489038
mlp_3x128_gelu_dropout_l2,90,90,420,0.0013904734514653683,0.0010452079586684704
mlp_3x128_gelu_dropout_l2,90,90,421,0.0013824504567310214,0.0010068080155178905
mlp_3x128_gelu_dropout_l2,90,90,422,0.001375332591123879,0.0010235919617116451
mlp_3x128_gelu_dropout_l2,90,90,423,0.0013748803175985813,0.001016031950712204
mlp_3x128_gelu_dropout_l2,90,90,424,0.0013738680863752961,0.0010462311329320073
mlp_3x128_gelu_dropout_l2,90,90,425,0.0013672291534021497,0.0010420777834951878
mlp_3x128_gelu_dropout_l2,90,90,426,0.0013726652832701802,0.0010140446247532964
mlp_3x128_gelu_dropout_l2,90,90,427,0.001375470426864922,0.0010418867459520698
mlp_3x128_gelu_dropout_l2,90,90,428,0.001368479453958571,0.0010636436054483056
mlp_3x128_gelu_dropout_l2,90,90,429,0.0013761078007519245,0.0010249281767755747
mlp_3x128_gelu_dropout_l2,90,90,430,0.0013851519906893373,0.0010340868029743433
mlp_3x128_gelu_dropout_l2,90,90,431,0.0013715411769226193,0.0010232150088995695
mlp_3x128_gelu_dropout_l2,90,90,432,0.0013826205395162106,0.0010073494631797075
mlp_3x128_gelu_dropout_l2,90,90,433,0.0013789655640721321,0.0010101009393110871
mlp_3x128_gelu_dropout_l2,90,90,434,0.001381274196319282,0.0010223349090665579
mlp_3x128_gelu_dropout_l2,90,90,435,0.0013763210736215115,0.001009107567369938
mlp_3x128_gelu_dropout_l2,90,90,436,0.0013769182842224836,0.0010253624059259892
mlp_3x128_gelu_dropout_l2,90,90,437,0.0013751016231253743,0.0010413369163870811
mlp_3x128_gelu_dropout_l2,90,90,438,0.0013855717843398452,0.001006800215691328
mlp_3x128_gelu_dropout_l2,90,90,439,0.001373319304548204,0.0010236557573080063
mlp_3x128_gelu_dropout_l2,90,90,440,0.0013733513187617064,0.001002606120891869
mlp_3x128_gelu_dropout_l2,90,90,441,0.0013712904183194041,0.0010074444580823183
mlp_3x128_gelu_dropout_l2,90,90,442,0.0013743923045694828,0.0010043010115623474
mlp_3x128_gelu_dropout_l2,90,90,443,0.0013760809088125825,0.001017692731693387
mlp_3x128_gelu_dropout_l2,90,90,444,0.001376174041070044,0.001025470206514001
mlp_3x128_gelu_dropout_l2,90,90,445,0.0013875479344278574,0.0010411024559289217
mlp_3x128_gelu_dropout_l2,90,90,446,0.0013894543517380953,0.0010042166104540229
mlp_3x128_gelu_dropout_l2,90,90,447,0.0013711275532841682,0.0010160133242607117
mlp_3x128_gelu_dropout_l2,90,90,448,0.0013700569979846478,0.000995516194961965
mlp_3x128_gelu_dropout_l2,90,90,449,0.0013695256784558296,0.0010165353305637836
mlp_3x128_gelu_dropout_l2,90,90,450,0.0013676733942702413,0.0010582085233181715
mlp_3x128_gelu_dropout_l2,90,90,451,0.0013656681403517723,0.0010132171446457505
mlp_3x128_gelu_dropout_l2,90,90,452,0.0013743905583396554,0.001020669238641858
mlp_3x128_gelu_dropout_l2,90,90,453,0.0013735799584537745,0.0010321649024263024
mlp_3x128_gelu_dropout_l2,90,90,454,0.0013741138391196728,0.0010403519263491035
mlp_3x128_gelu_dropout_l2,90,90,455,0.0013731701765209436,0.0010200844844803214
mlp_3x128_gelu_dropout_l2,90,90,456,0.0013758576242253184,0.001035509631037712
mlp_3x128_gelu_dropout_l2,90,90,457,0.0013618201483041048,0.0010499055497348309
mlp_3x128_gelu_dropout_l2,90,90,458,0.0013647611485794187,0.0010098344646394253
mlp_3x128_gelu_dropout_l2,90,90,459,0.0013790689408779144,0.0010117002530023456
mlp_3x128_gelu_dropout_l2,90,90,460,0.0013642053818330169,0.0010284886229783297
mlp_3x128_gelu_dropout_l2,90,90,461,0.0013657772215083241,0.0010159702505916357
mlp_3x128_gelu_dropout_l2,90,90,462,0.0013669144827872515,0.0010065650567412376
mlp_3x128_gelu_dropout_l2,90,90,463,0.001376513158902526,0.0010316038969904184
mlp_3x128_gelu_dropout_l2,90,90,464,0.0013802737230435014,0.0010496365139260888
mlp_3x128_gelu_dropout_l2,90,90,465,0.0013817022554576397,0.0010341524612158537
mlp_3x128_gelu_dropout_l2,90,90,466,0.0013781937304884195,0.0010372600518167019
mlp_3x128_gelu_dropout_l2,90,90,467,0.001378233078867197,0.001022949581965804
mlp_3x128_gelu_dropout_l2,90,90,468,0.0013801706954836845,0.0010465128580108285
mlp_3x128_gelu_dropout_l2,90,90,469,0.0013779307482764125,0.0010524960234761238
mlp_3x128_gelu_dropout_l2,90,90,470,0.0013715882087126374,0.001025486970320344
mlp_3x128_gelu_dropout_l2,90,90,471,0.0013714092783629894,0.0010305197210982442
mlp_3x128_gelu_dropout_l2,90,90,472,0.0013803509064018726,0.0010207290761172771
mlp_3x128_gelu_dropout_l2,90,90,473,0.001374279148876667,0.0010392607655376196
mlp_3x128_gelu_dropout_l2,90,90,474,0.0013800228480249643,0.0010207678424194455
mlp_3x128_gelu_dropout_l2,90,90,475,0.0013750969665125012,0.001003859331831336
mlp_3x128_gelu_dropout_l2,90,90,476,0.0013737278059124947,0.0010528089478611946
mlp_3x128_gelu_dropout_l2,90,90,477,0.0013844032073393464,0.0010429064277559519
mlp_3x128_gelu_dropout_l2,90,90,478,0.0013794200494885445,0.0010739947902038693
mlp_3x128_gelu_dropout_l2,90,90,479,0.0013793447287753224,0.001038980670273304
mlp_3x128_gelu_dropout_l2,90,90,480,0.001379140536300838,0.0010586516000330448
mlp_3x128_gelu_dropout_l2,90,90,481,0.0013740882277488708,0.0010170221794396639
mlp_3x128_gelu_dropout_l2,90,90,482,0.0013764685718342662,0.001032467233017087
mlp_3x128_gelu_dropout_l2,90,90,483,0.0013754789251834154,0.00103161355946213
mlp_3x128_gelu_dropout_l2,90,90,484,0.0013733117375522852,0.0010026643285527825
mlp_3x128_gelu_dropout_l2,90,90,485,0.0013727331534028053,0.0010067162802442908
mlp_3x128_gelu_dropout_l2,90,90,486,0.0013748322380706668,0.0010047180112451315
mlp_3x128_gelu_dropout_l2,90,90,487,0.001375167747028172,0.0010044947266578674
mlp_3x128_gelu_dropout_l2,90,90,488,0.0013828316004946828,0.0010275611421093345
mlp_3x128_gelu_dropout_l2,90,90,489,0.0013828458031639457,0.0010312737431377172
mlp_3x128_gelu_dropout_l2,90,90,490,0.0013825282221660018,0.0010060265194624662
mlp_3x128_gelu_dropout_l2,90,90,491,0.0013743691379204392,0.0010150448651984334
mlp_3x128_gelu_dropout_l2,90,90,492,0.0013784104958176613,0.0010118649806827307
mlp_3x128_gelu_dropout_l2,90,90,493,0.0013710964703932405,0.001012881170026958
mlp_3x128_gelu_dropout_l2,90,90,494,0.001370771904475987,0.0010070083662867546
mlp_3x128_gelu_dropout_l2,90,90,495,0.0013726376928389072,0.0010261953575536609
mlp_3x128_gelu_dropout_l2,90,90,496,0.001373663661070168,0.0010173771297559142
mlp_3x128_gelu_dropout_l2,90,90,497,0.00137742655351758,0.0010330702643841505
mlp_3x128_gelu_dropout_l2,90,90,498,0.0013844394125044346,0.0010629151947796345
mlp_3x128_gelu_dropout_l2,90,90,499,0.0014050020836293697,0.001061799586750567
mlp_3x128_gelu_dropout_l2,90,90,500,0.0013846358051523566,0.0010207450250163674
