model_name,input_window,output_window,epoch,loss,val_loss
mlp_4x100_gelu_dropout_l2,5,1,1,0.16891786456108093,0.053983110934495926
mlp_4x100_gelu_dropout_l2,5,1,2,0.11273901909589767,0.041111916303634644
mlp_4x100_gelu_dropout_l2,5,1,3,0.0878765881061554,0.0332142673432827
mlp_4x100_gelu_dropout_l2,5,1,4,0.07250705361366272,0.027912380173802376
mlp_4x100_gelu_dropout_l2,5,1,5,0.06172998249530792,0.024157289415597916
mlp_4x100_gelu_dropout_l2,5,1,6,0.053954388946294785,0.02148432657122612
mlp_4x100_gelu_dropout_l2,5,1,7,0.04829487204551697,0.01951301097869873
mlp_4x100_gelu_dropout_l2,5,1,8,0.04346791282296181,0.018021266907453537
mlp_4x100_gelu_dropout_l2,5,1,9,0.040047552436590195,0.016887350007891655
mlp_4x100_gelu_dropout_l2,5,1,10,0.03692743927240372,0.01599794626235962
mlp_4x100_gelu_dropout_l2,5,1,11,0.03462229669094086,0.015319973230361938
mlp_4x100_gelu_dropout_l2,5,1,12,0.032447148114442825,0.014773714356124401
mlp_4x100_gelu_dropout_l2,5,1,13,0.030678369104862213,0.014357895590364933
mlp_4x100_gelu_dropout_l2,5,1,14,0.029248125851154327,0.01402354147285223
mlp_4x100_gelu_dropout_l2,5,1,15,0.02781878411769867,0.013742898590862751
mlp_4x100_gelu_dropout_l2,5,1,16,0.026771830394864082,0.013510333374142647
mlp_4x100_gelu_dropout_l2,5,1,17,0.02568710781633854,0.013329309411346912
mlp_4x100_gelu_dropout_l2,5,1,18,0.024822913110256195,0.013170873746275902
mlp_4x100_gelu_dropout_l2,5,1,19,0.024044863879680634,0.013017903082072735
mlp_4x100_gelu_dropout_l2,5,1,20,0.023282796144485474,0.012906604446470737
mlp_4x100_gelu_dropout_l2,5,1,21,0.02267046831548214,0.012803017161786556
mlp_4x100_gelu_dropout_l2,5,1,22,0.022122517228126526,0.012716894969344139
mlp_4x100_gelu_dropout_l2,5,1,23,0.021592827513813972,0.012641173787415028
mlp_4x100_gelu_dropout_l2,5,1,24,0.02112669311463833,0.01257644034922123
mlp_4x100_gelu_dropout_l2,5,1,25,0.020700985565781593,0.01252131350338459
mlp_4x100_gelu_dropout_l2,5,1,26,0.02025347389280796,0.012467552907764912
mlp_4x100_gelu_dropout_l2,5,1,27,0.0199165977537632,0.012426269240677357
mlp_4x100_gelu_dropout_l2,5,1,28,0.01960497349500656,0.012376527301967144
mlp_4x100_gelu_dropout_l2,5,1,29,0.019255373626947403,0.012347209267318249
mlp_4x100_gelu_dropout_l2,5,1,30,0.019050173461437225,0.01230553351342678
mlp_4x100_gelu_dropout_l2,5,1,31,0.018744900822639465,0.012276571244001389
mlp_4x100_gelu_dropout_l2,5,1,32,0.01853168196976185,0.012246024794876575
mlp_4x100_gelu_dropout_l2,5,1,33,0.018283898010849953,0.01221309695392847
mlp_4x100_gelu_dropout_l2,5,1,34,0.018079543486237526,0.012187039479613304
mlp_4x100_gelu_dropout_l2,5,1,35,0.01788482628762722,0.012160944752395153
mlp_4x100_gelu_dropout_l2,5,1,36,0.01772988587617874,0.012139827944338322
mlp_4x100_gelu_dropout_l2,5,1,37,0.017577599734067917,0.012109930627048016
mlp_4x100_gelu_dropout_l2,5,1,38,0.01739634945988655,0.012090954929590225
mlp_4x100_gelu_dropout_l2,5,1,39,0.017255712300539017,0.012073587626218796
mlp_4x100_gelu_dropout_l2,5,1,40,0.01713578589260578,0.012047595344483852
mlp_4x100_gelu_dropout_l2,5,1,41,0.016967199742794037,0.012030307203531265
mlp_4x100_gelu_dropout_l2,5,1,42,0.01686200127005577,0.012011812068521976
mlp_4x100_gelu_dropout_l2,5,1,43,0.01675473153591156,0.011994349770247936
mlp_4x100_gelu_dropout_l2,5,1,44,0.016634004190564156,0.011972258798778057
mlp_4x100_gelu_dropout_l2,5,1,45,0.016527151688933372,0.011952253989875317
mlp_4x100_gelu_dropout_l2,5,1,46,0.01645471900701523,0.011938720010221004
mlp_4x100_gelu_dropout_l2,5,1,47,0.01635880023241043,0.0119267413392663
mlp_4x100_gelu_dropout_l2,5,1,48,0.016262182965874672,0.011902829632163048
mlp_4x100_gelu_dropout_l2,5,1,49,0.016191640868782997,0.01188461109995842
mlp_4x100_gelu_dropout_l2,5,1,50,0.01607690006494522,0.01186711248010397
mlp_4x100_gelu_dropout_l2,5,1,51,0.016035575419664383,0.01185091957449913
mlp_4x100_gelu_dropout_l2,5,1,52,0.01593329943716526,0.0118370670825243
mlp_4x100_gelu_dropout_l2,5,1,53,0.015884319320321083,0.011819901876151562
mlp_4x100_gelu_dropout_l2,5,1,54,0.015804491937160492,0.011803744360804558
mlp_4x100_gelu_dropout_l2,5,1,55,0.01573125645518303,0.011784766800701618
mlp_4x100_gelu_dropout_l2,5,1,56,0.015689726918935776,0.01177221816033125
mlp_4x100_gelu_dropout_l2,5,1,57,0.015610777772963047,0.01175263524055481
mlp_4x100_gelu_dropout_l2,5,1,58,0.01555761881172657,0.011736907996237278
mlp_4x100_gelu_dropout_l2,5,1,59,0.015520359389483929,0.011722083203494549
mlp_4x100_gelu_dropout_l2,5,1,60,0.01544998399913311,0.011708000674843788
mlp_4x100_gelu_dropout_l2,5,1,61,0.01540778111666441,0.01169300451874733
mlp_4x100_gelu_dropout_l2,5,1,62,0.015357732772827148,0.011672718450427055
mlp_4x100_gelu_dropout_l2,5,1,63,0.015293629840016365,0.011658339761197567
mlp_4x100_gelu_dropout_l2,5,1,64,0.015252340584993362,0.011645061895251274
mlp_4x100_gelu_dropout_l2,5,1,65,0.015223363414406776,0.011626043356955051
mlp_4x100_gelu_dropout_l2,5,1,66,0.015173534862697124,0.011609607376158237
mlp_4x100_gelu_dropout_l2,5,1,67,0.015123511664569378,0.011593496426939964
mlp_4x100_gelu_dropout_l2,5,1,68,0.015088669955730438,0.01157651748508215
mlp_4x100_gelu_dropout_l2,5,1,69,0.015040451660752296,0.011563572101294994
mlp_4x100_gelu_dropout_l2,5,1,70,0.015003813430666924,0.011542484164237976
mlp_4x100_gelu_dropout_l2,5,1,71,0.014956402592360973,0.011526123620569706
mlp_4x100_gelu_dropout_l2,5,1,72,0.014917735941708088,0.011512584052979946
mlp_4x100_gelu_dropout_l2,5,1,73,0.014886979013681412,0.011495092883706093
mlp_4x100_gelu_dropout_l2,5,1,74,0.014836203306913376,0.0114812683314085
mlp_4x100_gelu_dropout_l2,5,1,75,0.01480502262711525,0.011463524773716927
mlp_4x100_gelu_dropout_l2,5,1,76,0.0147725073620677,0.011446719989180565
mlp_4x100_gelu_dropout_l2,5,1,77,0.014745882712304592,0.011431127786636353
mlp_4x100_gelu_dropout_l2,5,1,78,0.014711183495819569,0.011410257779061794
mlp_4x100_gelu_dropout_l2,5,1,79,0.014668895862996578,0.011396449990570545
mlp_4x100_gelu_dropout_l2,5,1,80,0.014638630673289299,0.011377476155757904
mlp_4x100_gelu_dropout_l2,5,1,81,0.014607087709009647,0.011359307914972305
mlp_4x100_gelu_dropout_l2,5,1,82,0.014576775953173637,0.011343179270625114
mlp_4x100_gelu_dropout_l2,5,1,83,0.014547104015946388,0.011326247826218605
mlp_4x100_gelu_dropout_l2,5,1,84,0.014508639462292194,0.011306905187666416
mlp_4x100_gelu_dropout_l2,5,1,85,0.014474820345640182,0.011292671784758568
mlp_4x100_gelu_dropout_l2,5,1,86,0.014455931261181831,0.01127593219280243
mlp_4x100_gelu_dropout_l2,5,1,87,0.014417530968785286,0.011253446340560913
mlp_4x100_gelu_dropout_l2,5,1,88,0.014392693527042866,0.011238171719014645
mlp_4x100_gelu_dropout_l2,5,1,89,0.01436731405556202,0.011219368316233158
mlp_4x100_gelu_dropout_l2,5,1,90,0.014327280223369598,0.011201143264770508
mlp_4x100_gelu_dropout_l2,5,1,91,0.014309092424809933,0.011183800175786018
mlp_4x100_gelu_dropout_l2,5,1,92,0.014276264235377312,0.011164410971105099
mlp_4x100_gelu_dropout_l2,5,1,93,0.014247424900531769,0.011148365214467049
mlp_4x100_gelu_dropout_l2,5,1,94,0.01420888677239418,0.011126386001706123
mlp_4x100_gelu_dropout_l2,5,1,95,0.014185826294124126,0.01110900193452835
mlp_4x100_gelu_dropout_l2,5,1,96,0.014163711108267307,0.011090679094195366
mlp_4x100_gelu_dropout_l2,5,1,97,0.014127549715340137,0.011070881970226765
mlp_4x100_gelu_dropout_l2,5,1,98,0.014106981456279755,0.011052185669541359
mlp_4x100_gelu_dropout_l2,5,1,99,0.014072558842599392,0.011031596921384335
mlp_4x100_gelu_dropout_l2,5,1,100,0.014049873687326908,0.011013160459697247
mlp_4x100_gelu_dropout_l2,5,1,101,0.014020598493516445,0.010993589647114277
mlp_4x100_gelu_dropout_l2,5,1,102,0.013989689759910107,0.010973668657243252
mlp_4x100_gelu_dropout_l2,5,1,103,0.013966592028737068,0.01095439214259386
mlp_4x100_gelu_dropout_l2,5,1,104,0.013941583223640919,0.010936048813164234
mlp_4x100_gelu_dropout_l2,5,1,105,0.01392242219299078,0.010914319194853306
mlp_4x100_gelu_dropout_l2,5,1,106,0.01388771552592516,0.010893863625824451
mlp_4x100_gelu_dropout_l2,5,1,107,0.01386922225356102,0.010873408988118172
mlp_4x100_gelu_dropout_l2,5,1,108,0.013835493475198746,0.010853943414986134
mlp_4x100_gelu_dropout_l2,5,1,109,0.013812142424285412,0.010833075270056725
mlp_4x100_gelu_dropout_l2,5,1,110,0.013786397874355316,0.01081371121108532
mlp_4x100_gelu_dropout_l2,5,1,111,0.013761809095740318,0.010794284753501415
mlp_4x100_gelu_dropout_l2,5,1,112,0.013734618201851845,0.010771314613521099
mlp_4x100_gelu_dropout_l2,5,1,113,0.013701817020773888,0.010752106085419655
mlp_4x100_gelu_dropout_l2,5,1,114,0.013674888759851456,0.01073232851922512
mlp_4x100_gelu_dropout_l2,5,1,115,0.013658384792506695,0.010709493421018124
mlp_4x100_gelu_dropout_l2,5,1,116,0.013632065616548061,0.010689538903534412
mlp_4x100_gelu_dropout_l2,5,1,117,0.013604346662759781,0.010669383220374584
mlp_4x100_gelu_dropout_l2,5,1,118,0.01356655266135931,0.010648291558027267
mlp_4x100_gelu_dropout_l2,5,1,119,0.013546916656196117,0.010628188960254192
mlp_4x100_gelu_dropout_l2,5,1,120,0.013523728586733341,0.010606923140585423
mlp_4x100_gelu_dropout_l2,5,1,121,0.013498847372829914,0.010586057789623737
mlp_4x100_gelu_dropout_l2,5,1,122,0.013475913554430008,0.010564075782895088
mlp_4x100_gelu_dropout_l2,5,1,123,0.013453791849315166,0.010542298667132854
mlp_4x100_gelu_dropout_l2,5,1,124,0.013428312726318836,0.01051929872483015
mlp_4x100_gelu_dropout_l2,5,1,125,0.013402133248746395,0.010499038733541965
mlp_4x100_gelu_dropout_l2,5,1,126,0.013370336964726448,0.010479062795639038
mlp_4x100_gelu_dropout_l2,5,1,127,0.01334979385137558,0.010457196272909641
mlp_4x100_gelu_dropout_l2,5,1,128,0.013322841376066208,0.01043627131730318
mlp_4x100_gelu_dropout_l2,5,1,129,0.013296250253915787,0.010415904223918915
mlp_4x100_gelu_dropout_l2,5,1,130,0.013274372555315495,0.010393763892352581
mlp_4x100_gelu_dropout_l2,5,1,131,0.013246532529592514,0.010372851975262165
mlp_4x100_gelu_dropout_l2,5,1,132,0.013223822228610516,0.010351570323109627
mlp_4x100_gelu_dropout_l2,5,1,133,0.013198358938097954,0.010329538024961948
mlp_4x100_gelu_dropout_l2,5,1,134,0.013172321952879429,0.010308340191841125
mlp_4x100_gelu_dropout_l2,5,1,135,0.013150021433830261,0.010288489982485771
mlp_4x100_gelu_dropout_l2,5,1,136,0.013125580735504627,0.010265729390084743
mlp_4x100_gelu_dropout_l2,5,1,137,0.013108358718454838,0.010242823511362076
mlp_4x100_gelu_dropout_l2,5,1,138,0.013080094940960407,0.010222168639302254
mlp_4x100_gelu_dropout_l2,5,1,139,0.013054078444838524,0.01020042598247528
mlp_4x100_gelu_dropout_l2,5,1,140,0.013032494112849236,0.010180826298892498
mlp_4x100_gelu_dropout_l2,5,1,141,0.013009557500481606,0.01015984732657671
mlp_4x100_gelu_dropout_l2,5,1,142,0.012980052269995213,0.010138407349586487
mlp_4x100_gelu_dropout_l2,5,1,143,0.012961514294147491,0.010116949677467346
mlp_4x100_gelu_dropout_l2,5,1,144,0.012936205603182316,0.010096823796629906
mlp_4x100_gelu_dropout_l2,5,1,145,0.012910419143736362,0.010076364502310753
mlp_4x100_gelu_dropout_l2,5,1,146,0.012894432060420513,0.010056004859507084
mlp_4x100_gelu_dropout_l2,5,1,147,0.012871806509792805,0.010035891085863113
mlp_4x100_gelu_dropout_l2,5,1,148,0.012847653590142727,0.010018417611718178
mlp_4x100_gelu_dropout_l2,5,1,149,0.012824127450585365,0.0099971117451787
mlp_4x100_gelu_dropout_l2,5,1,150,0.012803357094526291,0.009976585395634174
mlp_4x100_gelu_dropout_l2,5,1,151,0.012778647243976593,0.00995731446892023
mlp_4x100_gelu_dropout_l2,5,1,152,0.012762537226080894,0.009937037713825703
mlp_4x100_gelu_dropout_l2,5,1,153,0.012737599201500416,0.009917586110532284
mlp_4x100_gelu_dropout_l2,5,1,154,0.012718691490590572,0.009898384101688862
mlp_4x100_gelu_dropout_l2,5,1,155,0.012697720900177956,0.009880362078547478
mlp_4x100_gelu_dropout_l2,5,1,156,0.012674018740653992,0.009861210361123085
mlp_4x100_gelu_dropout_l2,5,1,157,0.012656654231250286,0.009843255393207073
mlp_4x100_gelu_dropout_l2,5,1,158,0.012635283172130585,0.009822163730859756
mlp_4x100_gelu_dropout_l2,5,1,159,0.012616923078894615,0.009804436936974525
mlp_4x100_gelu_dropout_l2,5,1,160,0.012596250511705875,0.009787164628505707
mlp_4x100_gelu_dropout_l2,5,1,161,0.012581862509250641,0.009769005700945854
mlp_4x100_gelu_dropout_l2,5,1,162,0.012556671164929867,0.009750851429998875
mlp_4x100_gelu_dropout_l2,5,1,163,0.012534063309431076,0.009734458290040493
mlp_4x100_gelu_dropout_l2,5,1,164,0.012517083436250687,0.009717633947730064
mlp_4x100_gelu_dropout_l2,5,1,165,0.012501692399382591,0.00970038678497076
mlp_4x100_gelu_dropout_l2,5,1,166,0.012481573037803173,0.009683066979050636
mlp_4x100_gelu_dropout_l2,5,1,167,0.012464643456041813,0.009666780941188335
mlp_4x100_gelu_dropout_l2,5,1,168,0.012445531785488129,0.00965171866118908
mlp_4x100_gelu_dropout_l2,5,1,169,0.012432784773409367,0.00963593740016222
mlp_4x100_gelu_dropout_l2,5,1,170,0.012413114309310913,0.009620841592550278
mlp_4x100_gelu_dropout_l2,5,1,171,0.012393663637340069,0.009606371633708477
mlp_4x100_gelu_dropout_l2,5,1,172,0.01237957552075386,0.00959086325019598
mlp_4x100_gelu_dropout_l2,5,1,173,0.012366652488708496,0.009577329270541668
mlp_4x100_gelu_dropout_l2,5,1,174,0.012347711250185966,0.009563403204083443
mlp_4x100_gelu_dropout_l2,5,1,175,0.012331857345998287,0.009550176560878754
mlp_4x100_gelu_dropout_l2,5,1,176,0.012320369482040405,0.009537111036479473
mlp_4x100_gelu_dropout_l2,5,1,177,0.01230198796838522,0.009521245956420898
mlp_4x100_gelu_dropout_l2,5,1,178,0.012287594377994537,0.009508511051535606
mlp_4x100_gelu_dropout_l2,5,1,179,0.012273467145860195,0.009497427381575108
mlp_4x100_gelu_dropout_l2,5,1,180,0.012256097048521042,0.009485116228461266
mlp_4x100_gelu_dropout_l2,5,1,181,0.012243532575666904,0.009472840465605259
mlp_4x100_gelu_dropout_l2,5,1,182,0.012232478708028793,0.009461984038352966
mlp_4x100_gelu_dropout_l2,5,1,183,0.012218179181218147,0.009450502693653107
mlp_4x100_gelu_dropout_l2,5,1,184,0.012207446619868279,0.009441712871193886
mlp_4x100_gelu_dropout_l2,5,1,185,0.012188057415187359,0.009430965408682823
mlp_4x100_gelu_dropout_l2,5,1,186,0.012177908793091774,0.009419565089046955
mlp_4x100_gelu_dropout_l2,5,1,187,0.012161090038716793,0.009411795064806938
mlp_4x100_gelu_dropout_l2,5,1,188,0.012154458090662956,0.009401507675647736
mlp_4x100_gelu_dropout_l2,5,1,189,0.012147734872996807,0.00939174648374319
mlp_4x100_gelu_dropout_l2,5,1,190,0.012126716785132885,0.009383108466863632
mlp_4x100_gelu_dropout_l2,5,1,191,0.012124789878726006,0.009372156113386154
mlp_4x100_gelu_dropout_l2,5,1,192,0.012106604874134064,0.009365986101329327
mlp_4x100_gelu_dropout_l2,5,1,193,0.01210623700171709,0.009360086172819138
mlp_4x100_gelu_dropout_l2,5,1,194,0.012086009606719017,0.009351636283099651
mlp_4x100_gelu_dropout_l2,5,1,195,0.01207364909350872,0.00934533029794693
mlp_4x100_gelu_dropout_l2,5,1,196,0.012068074196577072,0.009336770512163639
mlp_4x100_gelu_dropout_l2,5,1,197,0.012055573053658009,0.009331627748906612
mlp_4x100_gelu_dropout_l2,5,1,198,0.012040272355079651,0.009320341050624847
mlp_4x100_gelu_dropout_l2,5,1,199,0.0120449373498559,0.00931604765355587
mlp_4x100_gelu_dropout_l2,5,1,200,0.012029911391437054,0.009306887164711952
mlp_4x100_gelu_dropout_l2,5,1,201,0.012021366506814957,0.009301974438130856
mlp_4x100_gelu_dropout_l2,5,1,202,0.012012830935418606,0.009296037256717682
mlp_4x100_gelu_dropout_l2,5,1,203,0.011996452696621418,0.009293990209698677
mlp_4x100_gelu_dropout_l2,5,1,204,0.012002994306385517,0.00928862951695919
mlp_4x100_gelu_dropout_l2,5,1,205,0.011999188922345638,0.009283480234444141
mlp_4x100_gelu_dropout_l2,5,1,206,0.011984504759311676,0.00927244033664465
mlp_4x100_gelu_dropout_l2,5,1,207,0.011972369626164436,0.00927075557410717
mlp_4x100_gelu_dropout_l2,5,1,208,0.0119639215990901,0.009264725260436535
mlp_4x100_gelu_dropout_l2,5,1,209,0.011959349736571312,0.009263633750379086
mlp_4x100_gelu_dropout_l2,5,1,210,0.011947703547775745,0.009257425554096699
mlp_4x100_gelu_dropout_l2,5,1,211,0.011950945481657982,0.009253364987671375
mlp_4x100_gelu_dropout_l2,5,1,212,0.011940941214561462,0.009254086762666702
mlp_4x100_gelu_dropout_l2,5,1,213,0.011938577517867088,0.009249136783182621
mlp_4x100_gelu_dropout_l2,5,1,214,0.011924666352570057,0.009240441955626011
mlp_4x100_gelu_dropout_l2,5,1,215,0.011913789436221123,0.009242802858352661
mlp_4x100_gelu_dropout_l2,5,1,216,0.01191752590239048,0.009238465689122677
mlp_4x100_gelu_dropout_l2,5,1,217,0.011909623630344868,0.009237553924322128
mlp_4x100_gelu_dropout_l2,5,1,218,0.01189968641847372,0.00922844372689724
mlp_4x100_gelu_dropout_l2,5,1,219,0.011898336932063103,0.009227628819644451
mlp_4x100_gelu_dropout_l2,5,1,220,0.011893053539097309,0.009227794595062733
mlp_4x100_gelu_dropout_l2,5,1,221,0.01190643198788166,0.009221667423844337
mlp_4x100_gelu_dropout_l2,5,1,222,0.011893040500581264,0.009215818718075752
mlp_4x100_gelu_dropout_l2,5,1,223,0.011889809742569923,0.009213344193994999
mlp_4x100_gelu_dropout_l2,5,1,224,0.011879775673151016,0.009212277829647064
mlp_4x100_gelu_dropout_l2,5,1,225,0.011873316019773483,0.009212332777678967
mlp_4x100_gelu_dropout_l2,5,1,226,0.011861574836075306,0.009213224053382874
mlp_4x100_gelu_dropout_l2,5,1,227,0.011857426725327969,0.009210726246237755
mlp_4x100_gelu_dropout_l2,5,1,228,0.011851841583848,0.00920732319355011
mlp_4x100_gelu_dropout_l2,5,1,229,0.011849124915897846,0.009200776927173138
mlp_4x100_gelu_dropout_l2,5,1,230,0.011845598928630352,0.009201555512845516
mlp_4x100_gelu_dropout_l2,5,1,231,0.01184899266809225,0.009199820458889008
mlp_4x100_gelu_dropout_l2,5,1,232,0.01183435320854187,0.009198750369250774
mlp_4x100_gelu_dropout_l2,5,1,233,0.0118491156026721,0.00920102745294571
mlp_4x100_gelu_dropout_l2,5,1,234,0.011836990714073181,0.009194008074700832
mlp_4x100_gelu_dropout_l2,5,1,235,0.011829224415123463,0.009193926118314266
mlp_4x100_gelu_dropout_l2,5,1,236,0.011823650449514389,0.009192700497806072
mlp_4x100_gelu_dropout_l2,5,1,237,0.01182832382619381,0.009193120524287224
mlp_4x100_gelu_dropout_l2,5,1,238,0.011812391690909863,0.009193372912704945
mlp_4x100_gelu_dropout_l2,5,1,239,0.011826897040009499,0.009187869727611542
mlp_4x100_gelu_dropout_l2,5,1,240,0.011802731081843376,0.009185561910271645
mlp_4x100_gelu_dropout_l2,5,1,241,0.011813521385192871,0.009185791015625
mlp_4x100_gelu_dropout_l2,5,1,242,0.011792145669460297,0.00918872095644474
mlp_4x100_gelu_dropout_l2,5,1,243,0.011804620735347271,0.00917974952608347
mlp_4x100_gelu_dropout_l2,5,1,244,0.011788027361035347,0.009186292067170143
mlp_4x100_gelu_dropout_l2,5,1,245,0.011781697161495686,0.00918613187968731
mlp_4x100_gelu_dropout_l2,5,1,246,0.011794732883572578,0.009178544394671917
mlp_4x100_gelu_dropout_l2,5,1,247,0.011795506812632084,0.009182678535580635
mlp_4x100_gelu_dropout_l2,5,1,248,0.01179463043808937,0.009184315800666809
mlp_4x100_gelu_dropout_l2,5,1,249,0.011784737929701805,0.009182318113744259
mlp_4x100_gelu_dropout_l2,5,1,250,0.011788747273385525,0.009179632179439068
mlp_4x100_gelu_dropout_l2,5,1,251,0.011787835508584976,0.009176530875265598
mlp_4x100_gelu_dropout_l2,5,1,252,0.011784595437347889,0.009179729968309402
mlp_4x100_gelu_dropout_l2,5,1,253,0.011789077892899513,0.009175305254757404
mlp_4x100_gelu_dropout_l2,5,1,254,0.01179084274917841,0.009179303422570229
mlp_4x100_gelu_dropout_l2,5,1,255,0.011782313697040081,0.00917112734168768
mlp_4x100_gelu_dropout_l2,5,1,256,0.011777135543525219,0.009171814657747746
mlp_4x100_gelu_dropout_l2,5,1,257,0.011777527630329132,0.009168656542897224
mlp_4x100_gelu_dropout_l2,5,1,258,0.011775354854762554,0.009170080535113811
mlp_4x100_gelu_dropout_l2,5,1,259,0.011764190159738064,0.009172734804451466
mlp_4x100_gelu_dropout_l2,5,1,260,0.011760991998016834,0.009173945523798466
mlp_4x100_gelu_dropout_l2,5,1,261,0.011761358939111233,0.009174740873277187
mlp_4x100_gelu_dropout_l2,5,1,262,0.011769456788897514,0.009171506389975548
mlp_4x100_gelu_dropout_l2,5,1,263,0.011760800145566463,0.009172223508358002
mlp_4x100_gelu_dropout_l2,5,1,264,0.011748583056032658,0.009175805374979973
mlp_4x100_gelu_dropout_l2,5,1,265,0.011767198331654072,0.009170305915176868
mlp_4x100_gelu_dropout_l2,5,1,266,0.01176168117672205,0.009165046736598015
mlp_4x100_gelu_dropout_l2,5,1,267,0.011760873720049858,0.009169700555503368
mlp_4x100_gelu_dropout_l2,5,1,268,0.011754077859222889,0.009171362966299057
mlp_4x100_gelu_dropout_l2,5,1,269,0.011761987581849098,0.009166406467556953
mlp_4x100_gelu_dropout_l2,5,1,270,0.01174987107515335,0.009165639989078045
mlp_4x100_gelu_dropout_l2,5,1,271,0.011745168827474117,0.009172497317194939
mlp_4x100_gelu_dropout_l2,5,1,272,0.01173363532871008,0.009166872128844261
mlp_4x100_gelu_dropout_l2,5,1,273,0.011740378104150295,0.009168656542897224
mlp_4x100_gelu_dropout_l2,5,1,274,0.01173411961644888,0.009167348966002464
mlp_4x100_gelu_dropout_l2,5,1,275,0.011739770881831646,0.009173194877803326
mlp_4x100_gelu_dropout_l2,5,1,276,0.01173520740121603,0.009171825833618641
mlp_4x100_gelu_dropout_l2,5,1,277,0.011738921515643597,0.009169045835733414
mlp_4x100_gelu_dropout_l2,5,1,278,0.011728459037840366,0.009172423742711544
mlp_4x100_gelu_dropout_l2,5,1,279,0.011736622080206871,0.00917691271752119
mlp_4x100_gelu_dropout_l2,5,1,280,0.011739300563931465,0.009170597419142723
mlp_4x100_gelu_dropout_l2,5,1,281,0.011742696166038513,0.009170630015432835
mlp_4x100_gelu_dropout_l2,5,1,282,0.011724142357707024,0.0091722896322608
mlp_4x100_gelu_dropout_l2,5,1,283,0.011735215783119202,0.009170387871563435
mlp_4x100_gelu_dropout_l2,5,1,284,0.011735521256923676,0.009167920798063278
mlp_4x100_gelu_dropout_l2,5,1,285,0.011742793023586273,0.009172205813229084
mlp_4x100_gelu_dropout_l2,5,1,286,0.011724511161446571,0.009169821627438068
mlp_4x100_gelu_dropout_l2,5,1,287,0.011739167384803295,0.009162560105323792
mlp_4x100_gelu_dropout_l2,5,1,288,0.011717691086232662,0.009166991338133812
mlp_4x100_gelu_dropout_l2,5,1,289,0.011733302846550941,0.00917145423591137
mlp_4x100_gelu_dropout_l2,5,1,290,0.011717668734490871,0.009171861223876476
mlp_4x100_gelu_dropout_l2,5,1,291,0.011722490191459656,0.009168678894639015
mlp_4x100_gelu_dropout_l2,5,1,292,0.011726691387593746,0.00916752964258194
mlp_4x100_gelu_dropout_l2,5,1,293,0.011728381738066673,0.0091748908162117
mlp_4x100_gelu_dropout_l2,5,1,294,0.011730474419891834,0.009164025075733662
mlp_4x100_gelu_dropout_l2,5,1,295,0.01170761976391077,0.009176237508654594
mlp_4x100_gelu_dropout_l2,5,1,296,0.011722657829523087,0.009166549891233444
mlp_4x100_gelu_dropout_l2,5,1,297,0.011734210886061192,0.009161297231912613
mlp_4x100_gelu_dropout_l2,5,1,298,0.011717461980879307,0.009167415089905262
mlp_4x100_gelu_dropout_l2,5,1,299,0.011728383600711823,0.0091634476557374
mlp_4x100_gelu_dropout_l2,5,1,300,0.01169196143746376,0.009164535440504551
mlp_4x100_gelu_dropout_l2,5,1,301,0.011714842170476913,0.009167073294520378
mlp_4x100_gelu_dropout_l2,5,1,302,0.011707446537911892,0.009170117788016796
mlp_4x100_gelu_dropout_l2,5,1,303,0.011713007465004921,0.009172279387712479
mlp_4x100_gelu_dropout_l2,5,1,304,0.011702204123139381,0.00917760469019413
mlp_4x100_gelu_dropout_l2,5,1,305,0.01170301716774702,0.009170793928205967
mlp_4x100_gelu_dropout_l2,5,1,306,0.01170983724296093,0.009173709899187088
mlp_4x100_gelu_dropout_l2,5,1,307,0.01169755682349205,0.009172364138066769
mlp_4x100_gelu_dropout_l2,5,1,308,0.011703487485647202,0.0091739846393466
mlp_4x100_gelu_dropout_l2,5,1,309,0.011710797436535358,0.009169929660856724
mlp_4x100_gelu_dropout_l2,5,1,310,0.011714715510606766,0.00917060300707817
mlp_4x100_gelu_dropout_l2,5,1,311,0.011706522665917873,0.009173547849059105
mlp_4x100_gelu_dropout_l2,5,1,312,0.011697682552039623,0.009174784645438194
mlp_4x100_gelu_dropout_l2,5,1,313,0.011706187389791012,0.009170335717499256
mlp_4x100_gelu_dropout_l2,5,1,314,0.01168878749012947,0.009173424914479256
mlp_4x100_gelu_dropout_l2,5,1,315,0.011693703010678291,0.00917037483304739
mlp_4x100_gelu_dropout_l2,5,1,316,0.011691869236528873,0.00917526800185442
mlp_4x100_gelu_dropout_l2,5,1,317,0.011697842739522457,0.009178812615573406
mlp_4x100_gelu_dropout_l2,5,1,318,0.011689456179738045,0.009177767671644688
mlp_4x100_gelu_dropout_l2,5,1,319,0.01169968768954277,0.009177030995488167
mlp_4x100_gelu_dropout_l2,5,1,320,0.011699189431965351,0.00917112547904253
mlp_4x100_gelu_dropout_l2,5,1,321,0.011698723770678043,0.009163491427898407
mlp_4x100_gelu_dropout_l2,5,1,322,0.011691548861563206,0.009170399978756905
mlp_4x100_gelu_dropout_l2,5,1,323,0.011679294519126415,0.009177588857710361
mlp_4x100_gelu_dropout_l2,5,1,324,0.011680548079311848,0.009173321537673473
mlp_4x100_gelu_dropout_l2,5,1,325,0.011686510406434536,0.009174056351184845
mlp_4x100_gelu_dropout_l2,5,1,326,0.011685780249536037,0.009174356237053871
mlp_4x100_gelu_dropout_l2,5,1,327,0.0116907749325037,0.009170839563012123
mlp_4x100_gelu_dropout_l2,5,5,1,0.16836926341056824,0.05308644101023674
mlp_4x100_gelu_dropout_l2,5,5,2,0.11196404695510864,0.039914682507514954
mlp_4x100_gelu_dropout_l2,5,5,3,0.0868225246667862,0.03171356022357941
mlp_4x100_gelu_dropout_l2,5,5,4,0.07123658806085587,0.02609676867723465
mlp_4x100_gelu_dropout_l2,5,5,5,0.06022081524133682,0.022046994417905807
mlp_4x100_gelu_dropout_l2,5,5,6,0.052230264991521835,0.01906662806868553
mlp_4x100_gelu_dropout_l2,5,5,7,0.04633929207921028,0.01682250387966633
mlp_4x100_gelu_dropout_l2,5,5,8,0.041300222277641296,0.015078704804182053
mlp_4x100_gelu_dropout_l2,5,5,9,0.037659935653209686,0.013693342916667461
mlp_4x100_gelu_dropout_l2,5,5,10,0.03436699137091637,0.012597043067216873
mlp_4x100_gelu_dropout_l2,5,5,11,0.031886644661426544,0.01172424852848053
mlp_4x100_gelu_dropout_l2,5,5,12,0.029522821307182312,0.011000280268490314
mlp_4x100_gelu_dropout_l2,5,5,13,0.02757318504154682,0.010433889925479889
mlp_4x100_gelu_dropout_l2,5,5,14,0.025982042774558067,0.009958688169717789
mlp_4x100_gelu_dropout_l2,5,5,15,0.02437145635485649,0.009565717540681362
mlp_4x100_gelu_dropout_l2,5,5,16,0.023180199787020683,0.00923337321728468
mlp_4x100_gelu_dropout_l2,5,5,17,0.021930811926722527,0.008942980319261551
mlp_4x100_gelu_dropout_l2,5,5,18,0.020956972613930702,0.008724195882678032
mlp_4x100_gelu_dropout_l2,5,5,19,0.019975170493125916,0.008491525426506996
mlp_4x100_gelu_dropout_l2,5,5,20,0.019148748368024826,0.008319992572069168
mlp_4x100_gelu_dropout_l2,5,5,21,0.018384961411356926,0.008167004212737083
mlp_4x100_gelu_dropout_l2,5,5,22,0.01771450601518154,0.008038610219955444
mlp_4x100_gelu_dropout_l2,5,5,23,0.017041491344571114,0.00793607160449028
mlp_4x100_gelu_dropout_l2,5,5,24,0.016532275825738907,0.007840975187718868
mlp_4x100_gelu_dropout_l2,5,5,25,0.01596689783036709,0.007754929829388857
mlp_4x100_gelu_dropout_l2,5,5,26,0.015414214693009853,0.0076769632287323475
mlp_4x100_gelu_dropout_l2,5,5,27,0.014973505400121212,0.007615361828356981
mlp_4x100_gelu_dropout_l2,5,5,28,0.01458024512976408,0.007550289388746023
mlp_4x100_gelu_dropout_l2,5,5,29,0.014153994619846344,0.007504124194383621
mlp_4x100_gelu_dropout_l2,5,5,30,0.013860935345292091,0.007452995516359806
mlp_4x100_gelu_dropout_l2,5,5,31,0.013493767008185387,0.007405201438814402
mlp_4x100_gelu_dropout_l2,5,5,32,0.013219022192060947,0.00737367756664753
mlp_4x100_gelu_dropout_l2,5,5,33,0.012903784401714802,0.007337307091802359
mlp_4x100_gelu_dropout_l2,5,5,34,0.012650145217776299,0.007301155012100935
mlp_4x100_gelu_dropout_l2,5,5,35,0.012394610792398453,0.007270948961377144
mlp_4x100_gelu_dropout_l2,5,5,36,0.012194916605949402,0.007246841676533222
mlp_4x100_gelu_dropout_l2,5,5,37,0.011942481622099876,0.007209204602986574
mlp_4x100_gelu_dropout_l2,5,5,38,0.011733693070709705,0.007187316194176674
mlp_4x100_gelu_dropout_l2,5,5,39,0.011574439704418182,0.007164875976741314
mlp_4x100_gelu_dropout_l2,5,5,40,0.011384893208742142,0.007134490646421909
mlp_4x100_gelu_dropout_l2,5,5,41,0.01121179386973381,0.007112603168934584
mlp_4x100_gelu_dropout_l2,5,5,42,0.01104780100286007,0.007090310100466013
mlp_4x100_gelu_dropout_l2,5,5,43,0.010905164293944836,0.007073110435158014
mlp_4x100_gelu_dropout_l2,5,5,44,0.01073742751032114,0.007059941068291664
mlp_4x100_gelu_dropout_l2,5,5,45,0.01061734464019537,0.0070281364023685455
mlp_4x100_gelu_dropout_l2,5,5,46,0.010500187054276466,0.007016226649284363
mlp_4x100_gelu_dropout_l2,5,5,47,0.010402503423392773,0.006996103562414646
mlp_4x100_gelu_dropout_l2,5,5,48,0.010261558927595615,0.006973345298320055
mlp_4x100_gelu_dropout_l2,5,5,49,0.010161799378693104,0.006954425945878029
mlp_4x100_gelu_dropout_l2,5,5,50,0.010036585852503777,0.006939867045730352
mlp_4x100_gelu_dropout_l2,5,5,51,0.009937808848917484,0.006920065730810165
mlp_4x100_gelu_dropout_l2,5,5,52,0.009848840534687042,0.00690310588106513
mlp_4x100_gelu_dropout_l2,5,5,53,0.009755866602063179,0.006882808171212673
mlp_4x100_gelu_dropout_l2,5,5,54,0.00968867726624012,0.006869794800877571
mlp_4x100_gelu_dropout_l2,5,5,55,0.009583947248756886,0.006854072213172913
mlp_4x100_gelu_dropout_l2,5,5,56,0.009507957845926285,0.006834553088992834
mlp_4x100_gelu_dropout_l2,5,5,57,0.009437116794288158,0.006814861204475164
mlp_4x100_gelu_dropout_l2,5,5,58,0.00936197955161333,0.006800410803407431
mlp_4x100_gelu_dropout_l2,5,5,59,0.009292004629969597,0.006783808581531048
mlp_4x100_gelu_dropout_l2,5,5,60,0.00922990869730711,0.006771696265786886
mlp_4x100_gelu_dropout_l2,5,5,61,0.009166290052235126,0.006751379929482937
mlp_4x100_gelu_dropout_l2,5,5,62,0.0091016860678792,0.006732191424816847
mlp_4x100_gelu_dropout_l2,5,5,63,0.009040712378919125,0.00671699084341526
mlp_4x100_gelu_dropout_l2,5,5,64,0.008975409902632236,0.00670337351039052
mlp_4x100_gelu_dropout_l2,5,5,65,0.00892576016485691,0.006687072105705738
mlp_4x100_gelu_dropout_l2,5,5,66,0.008874939754605293,0.0066687255166471004
mlp_4x100_gelu_dropout_l2,5,5,67,0.00881289318203926,0.006646893918514252
mlp_4x100_gelu_dropout_l2,5,5,68,0.008761524222791195,0.006637594196945429
mlp_4x100_gelu_dropout_l2,5,5,69,0.008715411648154259,0.006619345396757126
mlp_4x100_gelu_dropout_l2,5,5,70,0.00866833794862032,0.006604111287742853
mlp_4x100_gelu_dropout_l2,5,5,71,0.008600433357059956,0.006583676673471928
mlp_4x100_gelu_dropout_l2,5,5,72,0.008575920015573502,0.00656749727204442
mlp_4x100_gelu_dropout_l2,5,5,73,0.008530528284609318,0.006550395395606756
mlp_4x100_gelu_dropout_l2,5,5,74,0.00847720168530941,0.006537334062159061
mlp_4x100_gelu_dropout_l2,5,5,75,0.008437443524599075,0.006519052665680647
mlp_4x100_gelu_dropout_l2,5,5,76,0.008402706123888493,0.006500993389636278
mlp_4x100_gelu_dropout_l2,5,5,77,0.008362174034118652,0.0064843823201954365
mlp_4x100_gelu_dropout_l2,5,5,78,0.00832386501133442,0.006466063670814037
mlp_4x100_gelu_dropout_l2,5,5,79,0.008277748711407185,0.006451640743762255
mlp_4x100_gelu_dropout_l2,5,5,80,0.008254153653979301,0.0064354343339800835
mlp_4x100_gelu_dropout_l2,5,5,81,0.008209669962525368,0.006413034163415432
mlp_4x100_gelu_dropout_l2,5,5,82,0.008168382570147514,0.006397266872227192
mlp_4x100_gelu_dropout_l2,5,5,83,0.008134335279464722,0.00638233358040452
mlp_4x100_gelu_dropout_l2,5,5,84,0.008104335516691208,0.006362850312143564
mlp_4x100_gelu_dropout_l2,5,5,85,0.008065007627010345,0.006346365436911583
mlp_4x100_gelu_dropout_l2,5,5,86,0.008037830702960491,0.006328519433736801
mlp_4x100_gelu_dropout_l2,5,5,87,0.008002597838640213,0.0063082571141421795
mlp_4x100_gelu_dropout_l2,5,5,88,0.007976836524903774,0.006291726604104042
mlp_4x100_gelu_dropout_l2,5,5,89,0.007938463240861893,0.006274251267313957
mlp_4x100_gelu_dropout_l2,5,5,90,0.007910653948783875,0.006256843917071819
mlp_4x100_gelu_dropout_l2,5,5,91,0.007880141027271748,0.006237536668777466
mlp_4x100_gelu_dropout_l2,5,5,92,0.007850553840398788,0.006218896247446537
mlp_4x100_gelu_dropout_l2,5,5,93,0.007809125818312168,0.006202049553394318
mlp_4x100_gelu_dropout_l2,5,5,94,0.007783931214362383,0.006182817742228508
mlp_4x100_gelu_dropout_l2,5,5,95,0.0077593764290213585,0.006164228077977896
mlp_4x100_gelu_dropout_l2,5,5,96,0.007724447641521692,0.006143707316368818
mlp_4x100_gelu_dropout_l2,5,5,97,0.007700393907725811,0.006126446183770895
mlp_4x100_gelu_dropout_l2,5,5,98,0.00767260929569602,0.006106762681156397
mlp_4x100_gelu_dropout_l2,5,5,99,0.007642489392310381,0.00608787639066577
mlp_4x100_gelu_dropout_l2,5,5,100,0.007617778144776821,0.0060692643746733665
mlp_4x100_gelu_dropout_l2,5,5,101,0.007585412822663784,0.006047460250556469
mlp_4x100_gelu_dropout_l2,5,5,102,0.007555685006082058,0.006028636824339628
mlp_4x100_gelu_dropout_l2,5,5,103,0.00753245921805501,0.0060086497105658054
mlp_4x100_gelu_dropout_l2,5,5,104,0.0075072008185088634,0.005989442113786936
mlp_4x100_gelu_dropout_l2,5,5,105,0.0074766152538359165,0.005969512742012739
mlp_4x100_gelu_dropout_l2,5,5,106,0.0074466499499976635,0.005949364509433508
mlp_4x100_gelu_dropout_l2,5,5,107,0.007421886082738638,0.005928890313953161
mlp_4x100_gelu_dropout_l2,5,5,108,0.007396194618195295,0.005908119026571512
mlp_4x100_gelu_dropout_l2,5,5,109,0.007375179789960384,0.005888217594474554
mlp_4x100_gelu_dropout_l2,5,5,110,0.0073447199538350105,0.005868164356797934
mlp_4x100_gelu_dropout_l2,5,5,111,0.007320962846279144,0.005849725101143122
mlp_4x100_gelu_dropout_l2,5,5,112,0.007291859947144985,0.005827395245432854
mlp_4x100_gelu_dropout_l2,5,5,113,0.00727093406021595,0.005807587411254644
mlp_4x100_gelu_dropout_l2,5,5,114,0.0072425296530127525,0.005786527879536152
mlp_4x100_gelu_dropout_l2,5,5,115,0.007216791622340679,0.005765000358223915
mlp_4x100_gelu_dropout_l2,5,5,116,0.007192209362983704,0.005744684021919966
mlp_4x100_gelu_dropout_l2,5,5,117,0.007160881534218788,0.005723892245441675
mlp_4x100_gelu_dropout_l2,5,5,118,0.007135516032576561,0.005701594054698944
mlp_4x100_gelu_dropout_l2,5,5,119,0.007114704232662916,0.0056811729446053505
mlp_4x100_gelu_dropout_l2,5,5,120,0.007089280989021063,0.005659942980855703
mlp_4x100_gelu_dropout_l2,5,5,121,0.007062787655740976,0.005639201030135155
mlp_4x100_gelu_dropout_l2,5,5,122,0.007040055468678474,0.005617259535938501
mlp_4x100_gelu_dropout_l2,5,5,123,0.007015184033662081,0.005596941336989403
mlp_4x100_gelu_dropout_l2,5,5,124,0.006990266498178244,0.005575225688517094
mlp_4x100_gelu_dropout_l2,5,5,125,0.006965487729758024,0.005553167778998613
mlp_4x100_gelu_dropout_l2,5,5,126,0.0069389333948493,0.005531699862331152
mlp_4x100_gelu_dropout_l2,5,5,127,0.006914646364748478,0.005509720649570227
mlp_4x100_gelu_dropout_l2,5,5,128,0.006889574695378542,0.005488875787705183
mlp_4x100_gelu_dropout_l2,5,5,129,0.006867062766104937,0.005467392969876528
mlp_4x100_gelu_dropout_l2,5,5,130,0.006844638381153345,0.005445991177111864
mlp_4x100_gelu_dropout_l2,5,5,131,0.0068182251416146755,0.005424528382718563
mlp_4x100_gelu_dropout_l2,5,5,132,0.006793447770178318,0.005402645096182823
mlp_4x100_gelu_dropout_l2,5,5,133,0.006769419182091951,0.005379411857575178
mlp_4x100_gelu_dropout_l2,5,5,134,0.006746440660208464,0.00535871647298336
mlp_4x100_gelu_dropout_l2,5,5,135,0.006723599974066019,0.005336399655789137
mlp_4x100_gelu_dropout_l2,5,5,136,0.0066984244622290134,0.005317146889865398
mlp_4x100_gelu_dropout_l2,5,5,137,0.006674391217529774,0.005294509697705507
mlp_4x100_gelu_dropout_l2,5,5,138,0.006653423886746168,0.005271482281386852
mlp_4x100_gelu_dropout_l2,5,5,139,0.006631314288824797,0.0052495249547064304
mlp_4x100_gelu_dropout_l2,5,5,140,0.006603395100682974,0.005229058209806681
mlp_4x100_gelu_dropout_l2,5,5,141,0.006583367474377155,0.005206620786339045
mlp_4x100_gelu_dropout_l2,5,5,142,0.00655705202370882,0.005185992456972599
mlp_4x100_gelu_dropout_l2,5,5,143,0.006534108426421881,0.00516475597396493
mlp_4x100_gelu_dropout_l2,5,5,144,0.00651363842189312,0.005144169554114342
mlp_4x100_gelu_dropout_l2,5,5,145,0.006489622872322798,0.005122932139784098
mlp_4x100_gelu_dropout_l2,5,5,146,0.006470737513154745,0.005101257469505072
mlp_4x100_gelu_dropout_l2,5,5,147,0.006445702631026506,0.005079982802271843
mlp_4x100_gelu_dropout_l2,5,5,148,0.006423211190849543,0.00505913607776165
mlp_4x100_gelu_dropout_l2,5,5,149,0.006403387524187565,0.005039440933614969
mlp_4x100_gelu_dropout_l2,5,5,150,0.0063798632472753525,0.0050177923403680325
mlp_4x100_gelu_dropout_l2,5,5,151,0.006358326878398657,0.004997838754206896
mlp_4x100_gelu_dropout_l2,5,5,152,0.006337348837405443,0.004977851174771786
mlp_4x100_gelu_dropout_l2,5,5,153,0.006315191276371479,0.004957640077918768
mlp_4x100_gelu_dropout_l2,5,5,154,0.006295114755630493,0.004938147962093353
mlp_4x100_gelu_dropout_l2,5,5,155,0.00627494603395462,0.004918156191706657
mlp_4x100_gelu_dropout_l2,5,5,156,0.006252603139728308,0.00489910040050745
mlp_4x100_gelu_dropout_l2,5,5,157,0.006234707310795784,0.0048785749822855
mlp_4x100_gelu_dropout_l2,5,5,158,0.006214221008121967,0.00486035505309701
mlp_4x100_gelu_dropout_l2,5,5,159,0.00619438337162137,0.004841042682528496
mlp_4x100_gelu_dropout_l2,5,5,160,0.006175072863698006,0.004822644405066967
mlp_4x100_gelu_dropout_l2,5,5,161,0.0061555118300020695,0.0048039634712040424
mlp_4x100_gelu_dropout_l2,5,5,162,0.0061347768642008305,0.004785442259162664
mlp_4x100_gelu_dropout_l2,5,5,163,0.006116844713687897,0.004767649807035923
mlp_4x100_gelu_dropout_l2,5,5,164,0.006098002195358276,0.004749746061861515
mlp_4x100_gelu_dropout_l2,5,5,165,0.006079630460590124,0.004732599016278982
mlp_4x100_gelu_dropout_l2,5,5,166,0.006061013787984848,0.004715356510132551
mlp_4x100_gelu_dropout_l2,5,5,167,0.006042864173650742,0.004698505159467459
mlp_4x100_gelu_dropout_l2,5,5,168,0.006026848219335079,0.004680967424064875
mlp_4x100_gelu_dropout_l2,5,5,169,0.006008879281580448,0.004664916079491377
mlp_4x100_gelu_dropout_l2,5,5,170,0.005991761106997728,0.004649237263947725
mlp_4x100_gelu_dropout_l2,5,5,171,0.0059745172038674355,0.0046332101337611675
mlp_4x100_gelu_dropout_l2,5,5,172,0.005958770867437124,0.004618099424988031
mlp_4x100_gelu_dropout_l2,5,5,173,0.005942952819168568,0.004602949135005474
mlp_4x100_gelu_dropout_l2,5,5,174,0.005928755272179842,0.004587769042700529
mlp_4x100_gelu_dropout_l2,5,5,175,0.005911452230066061,0.004573507234454155
mlp_4x100_gelu_dropout_l2,5,5,176,0.005896774586290121,0.004559134598821402
mlp_4x100_gelu_dropout_l2,5,5,177,0.00588231859728694,0.004545364063233137
mlp_4x100_gelu_dropout_l2,5,5,178,0.005867427680641413,0.00453178258612752
mlp_4x100_gelu_dropout_l2,5,5,179,0.005852127447724342,0.004518549889326096
mlp_4x100_gelu_dropout_l2,5,5,180,0.005839751102030277,0.004505758173763752
mlp_4x100_gelu_dropout_l2,5,5,181,0.005825171247124672,0.004493705462664366
mlp_4x100_gelu_dropout_l2,5,5,182,0.0058122496120631695,0.004481326323002577
mlp_4x100_gelu_dropout_l2,5,5,183,0.0058001065626740456,0.004469271283596754
mlp_4x100_gelu_dropout_l2,5,5,184,0.005787142552435398,0.004458156879991293
mlp_4x100_gelu_dropout_l2,5,5,185,0.005775852128863335,0.004447469487786293
mlp_4x100_gelu_dropout_l2,5,5,186,0.005763562396168709,0.004435942508280277
mlp_4x100_gelu_dropout_l2,5,5,187,0.00575270364060998,0.0044257971458137035
mlp_4x100_gelu_dropout_l2,5,5,188,0.00574214244261384,0.004415586590766907
mlp_4x100_gelu_dropout_l2,5,5,189,0.0057312799617648125,0.004406091291457415
mlp_4x100_gelu_dropout_l2,5,5,190,0.005718983244150877,0.00439631100744009
mlp_4x100_gelu_dropout_l2,5,5,191,0.005709851160645485,0.0043874443508684635
mlp_4x100_gelu_dropout_l2,5,5,192,0.005699702072888613,0.004378220532089472
mlp_4x100_gelu_dropout_l2,5,5,193,0.00569055275991559,0.00436994107440114
mlp_4x100_gelu_dropout_l2,5,5,194,0.005681300535798073,0.004361451603472233
mlp_4x100_gelu_dropout_l2,5,5,195,0.005673188716173172,0.00435229716822505
mlp_4x100_gelu_dropout_l2,5,5,196,0.00566297210752964,0.0043454947881400585
mlp_4x100_gelu_dropout_l2,5,5,197,0.005653232801705599,0.004338407889008522
mlp_4x100_gelu_dropout_l2,5,5,198,0.0056475745514035225,0.004330456256866455
mlp_4x100_gelu_dropout_l2,5,5,199,0.005639288108795881,0.0043233465403318405
mlp_4x100_gelu_dropout_l2,5,5,200,0.005632580723613501,0.004316726233810186
mlp_4x100_gelu_dropout_l2,5,5,201,0.005625741556286812,0.004310711286962032
mlp_4x100_gelu_dropout_l2,5,5,202,0.005617637187242508,0.004304768517613411
mlp_4x100_gelu_dropout_l2,5,5,203,0.005612119100987911,0.004298338666558266
mlp_4x100_gelu_dropout_l2,5,5,204,0.005605470389127731,0.004292026162147522
mlp_4x100_gelu_dropout_l2,5,5,205,0.005598115269094706,0.0042871152982115746
mlp_4x100_gelu_dropout_l2,5,5,206,0.005594222340732813,0.0042827557772397995
mlp_4x100_gelu_dropout_l2,5,5,207,0.0055878665298223495,0.004276519641280174
mlp_4x100_gelu_dropout_l2,5,5,208,0.005583085119724274,0.0042722467333078384
mlp_4x100_gelu_dropout_l2,5,5,209,0.005576790776103735,0.0042672110721468925
mlp_4x100_gelu_dropout_l2,5,5,210,0.005571277812123299,0.004263672512024641
mlp_4x100_gelu_dropout_l2,5,5,211,0.005567716434597969,0.004258756525814533
mlp_4x100_gelu_dropout_l2,5,5,212,0.005562765523791313,0.0042550102807581425
mlp_4x100_gelu_dropout_l2,5,5,213,0.005559579003602266,0.004251031205058098
mlp_4x100_gelu_dropout_l2,5,5,214,0.005554591305553913,0.004247685894370079
mlp_4x100_gelu_dropout_l2,5,5,215,0.005547943990677595,0.00424616364762187
mlp_4x100_gelu_dropout_l2,5,5,216,0.005546791013330221,0.004242201801389456
mlp_4x100_gelu_dropout_l2,5,5,217,0.005543990526348352,0.004238509107381105
mlp_4x100_gelu_dropout_l2,5,5,218,0.00553842494264245,0.004235780332237482
mlp_4x100_gelu_dropout_l2,5,5,219,0.005535207223147154,0.004232659470289946
mlp_4x100_gelu_dropout_l2,5,5,220,0.005532485898584127,0.0042306650429964066
mlp_4x100_gelu_dropout_l2,5,5,221,0.005528517533093691,0.004227899946272373
mlp_4x100_gelu_dropout_l2,5,5,222,0.005526936613023281,0.0042257593013346195
mlp_4x100_gelu_dropout_l2,5,5,223,0.005520700942724943,0.004222816321998835
mlp_4x100_gelu_dropout_l2,5,5,224,0.005521852523088455,0.004220594651997089
mlp_4x100_gelu_dropout_l2,5,5,225,0.005517120938748121,0.004219939466565847
mlp_4x100_gelu_dropout_l2,5,5,226,0.005513359326869249,0.004218255635350943
mlp_4x100_gelu_dropout_l2,5,5,227,0.005514013580977917,0.004215953405946493
mlp_4x100_gelu_dropout_l2,5,5,228,0.0055092410184443,0.0042151049710810184
mlp_4x100_gelu_dropout_l2,5,5,229,0.005510131828486919,0.004212517291307449
mlp_4x100_gelu_dropout_l2,5,5,230,0.005505895242094994,0.0042110527865588665
mlp_4x100_gelu_dropout_l2,5,5,231,0.005503426305949688,0.0042099785059690475
mlp_4x100_gelu_dropout_l2,5,5,232,0.00550114968791604,0.0042084078304469585
mlp_4x100_gelu_dropout_l2,5,5,233,0.005499682389199734,0.004208731465041637
mlp_4x100_gelu_dropout_l2,5,5,234,0.005501667503267527,0.004204960074275732
mlp_4x100_gelu_dropout_l2,5,5,235,0.005500052124261856,0.004202779848128557
mlp_4x100_gelu_dropout_l2,5,5,236,0.005494613200426102,0.004204222001135349
mlp_4x100_gelu_dropout_l2,5,5,237,0.005493840668350458,0.004203738644719124
mlp_4x100_gelu_dropout_l2,5,5,238,0.005490825045853853,0.004201065748929977
mlp_4x100_gelu_dropout_l2,5,5,239,0.005486723035573959,0.0042021386325359344
mlp_4x100_gelu_dropout_l2,5,5,240,0.0054890853352844715,0.004201631993055344
mlp_4x100_gelu_dropout_l2,5,5,241,0.005489829927682877,0.004198441747575998
mlp_4x100_gelu_dropout_l2,5,5,242,0.005487668327987194,0.0041967593133449554
mlp_4x100_gelu_dropout_l2,5,5,243,0.005484805442392826,0.004199001472443342
mlp_4x100_gelu_dropout_l2,5,5,244,0.0054800789803266525,0.004198357462882996
mlp_4x100_gelu_dropout_l2,5,5,245,0.005483570042997599,0.004198004491627216
mlp_4x100_gelu_dropout_l2,5,5,246,0.005481308326125145,0.004198106937110424
mlp_4x100_gelu_dropout_l2,5,5,247,0.0054835369810462,0.004195525776594877
mlp_4x100_gelu_dropout_l2,5,5,248,0.0054822093807160854,0.004195306450128555
mlp_4x100_gelu_dropout_l2,5,5,249,0.00547643331810832,0.004197302740067244
mlp_4x100_gelu_dropout_l2,5,5,250,0.005476472899317741,0.004197270609438419
mlp_4x100_gelu_dropout_l2,5,5,251,0.005475309677422047,0.004196649417281151
mlp_4x100_gelu_dropout_l2,5,5,252,0.005474868230521679,0.004195330664515495
mlp_4x100_gelu_dropout_l2,5,5,253,0.005478094331920147,0.004195357207208872
mlp_4x100_gelu_dropout_l2,5,5,254,0.005473243072628975,0.0041961269453167915
mlp_4x100_gelu_dropout_l2,5,5,255,0.005472424905747175,0.004197860602289438
mlp_4x100_gelu_dropout_l2,5,5,256,0.005471360869705677,0.004195285961031914
mlp_4x100_gelu_dropout_l2,5,5,257,0.00547034339979291,0.004196627996861935
mlp_4x100_gelu_dropout_l2,5,5,258,0.005475423764437437,0.004193020053207874
mlp_4x100_gelu_dropout_l2,5,5,259,0.005472590681165457,0.004192917142063379
mlp_4x100_gelu_dropout_l2,5,5,260,0.00546890078112483,0.004196187015622854
mlp_4x100_gelu_dropout_l2,5,5,261,0.0054655130952596664,0.00419578654691577
mlp_4x100_gelu_dropout_l2,5,5,262,0.005465605761855841,0.004194564651697874
mlp_4x100_gelu_dropout_l2,5,5,263,0.005468332674354315,0.004197658505290747
mlp_4x100_gelu_dropout_l2,5,5,264,0.005465213675051928,0.00419504102319479
mlp_4x100_gelu_dropout_l2,5,5,265,0.00546393683180213,0.004195109475404024
mlp_4x100_gelu_dropout_l2,5,5,266,0.005463991314172745,0.004193378146737814
mlp_4x100_gelu_dropout_l2,5,5,267,0.005464713554829359,0.004195571877062321
mlp_4x100_gelu_dropout_l2,5,5,268,0.00546669214963913,0.004194031469523907
mlp_4x100_gelu_dropout_l2,5,5,269,0.005466056056320667,0.004195823334157467
mlp_4x100_gelu_dropout_l2,5,5,270,0.005464448593556881,0.004194845445454121
mlp_4x100_gelu_dropout_l2,5,5,271,0.005460451822727919,0.004197070840746164
mlp_4x100_gelu_dropout_l2,5,5,272,0.005458747036755085,0.004197617992758751
mlp_4x100_gelu_dropout_l2,5,5,273,0.005463941488415003,0.004194937646389008
mlp_4x100_gelu_dropout_l2,5,5,274,0.005464970599859953,0.004193073138594627
mlp_4x100_gelu_dropout_l2,5,5,275,0.00545837264508009,0.0041944729164242744
mlp_4x100_gelu_dropout_l2,5,5,276,0.0054624928161501884,0.004194374196231365
mlp_4x100_gelu_dropout_l2,5,5,277,0.005459318403154612,0.004195564892143011
mlp_4x100_gelu_dropout_l2,5,5,278,0.005460749380290508,0.004194268025457859
mlp_4x100_gelu_dropout_l2,5,5,279,0.005458763800561428,0.00419553741812706
mlp_4x100_gelu_dropout_l2,5,5,280,0.0054553174413740635,0.0041967821307480335
mlp_4x100_gelu_dropout_l2,5,5,281,0.005460162181407213,0.0041965278796851635
mlp_4x100_gelu_dropout_l2,5,5,282,0.005454779136925936,0.004197015427052975
mlp_4x100_gelu_dropout_l2,5,5,283,0.005457582883536816,0.0041969879530370235
mlp_4x100_gelu_dropout_l2,5,5,284,0.0054572573862969875,0.00419692974537611
mlp_4x100_gelu_dropout_l2,5,5,285,0.005459535866975784,0.004194506909698248
mlp_4x100_gelu_dropout_l2,5,5,286,0.005452039185911417,0.0041962587274611
mlp_4x100_gelu_dropout_l2,5,5,287,0.005457965657114983,0.00419805059209466
mlp_4x100_gelu_dropout_l2,5,5,288,0.005458645056933165,0.004196756985038519
mlp_4x100_gelu_dropout_l2,5,5,289,0.005454863887280226,0.004195619374513626
mlp_4x100_gelu_dropout_l2,5,30,1,0.16836650669574738,0.05254726484417915
mlp_4x100_gelu_dropout_l2,5,30,2,0.11191487312316895,0.03940874710679054
mlp_4x100_gelu_dropout_l2,5,30,3,0.0867108479142189,0.031167728826403618
mlp_4x100_gelu_dropout_l2,5,30,4,0.07107054442167282,0.02550174854695797
mlp_4x100_gelu_dropout_l2,5,30,5,0.060007017105817795,0.021385978907346725
mlp_4x100_gelu_dropout_l2,5,30,6,0.05194149166345596,0.018321849405765533
mlp_4x100_gelu_dropout_l2,5,30,7,0.045967116951942444,0.016002479940652847
mlp_4x100_gelu_dropout_l2,5,30,8,0.040868911892175674,0.014167068526148796
mlp_4x100_gelu_dropout_l2,5,30,9,0.03714966028928757,0.012683166190981865
mlp_4x100_gelu_dropout_l2,5,30,10,0.033822543919086456,0.011485722847282887
mlp_4x100_gelu_dropout_l2,5,30,11,0.03125466778874397,0.010519390925765038
mlp_4x100_gelu_dropout_l2,5,30,12,0.028860613703727722,0.009695063345134258
mlp_4x100_gelu_dropout_l2,5,30,13,0.026829645037651062,0.009035404771566391
mlp_4x100_gelu_dropout_l2,5,30,14,0.025184717029333115,0.008466036058962345
mlp_4x100_gelu_dropout_l2,5,30,15,0.023518754169344902,0.007988398894667625
mlp_4x100_gelu_dropout_l2,5,30,16,0.02223333716392517,0.007569552399218082
mlp_4x100_gelu_dropout_l2,5,30,17,0.020945310592651367,0.007210221607238054
mlp_4x100_gelu_dropout_l2,5,30,18,0.019905181601643562,0.006910829339176416
mlp_4x100_gelu_dropout_l2,5,30,19,0.018862532451748848,0.00660898070782423
mlp_4x100_gelu_dropout_l2,5,30,20,0.01796625554561615,0.006376322824507952
mlp_4x100_gelu_dropout_l2,5,30,21,0.017136286944150925,0.006170647218823433
mlp_4x100_gelu_dropout_l2,5,30,22,0.016414208337664604,0.005980488378554583
mlp_4x100_gelu_dropout_l2,5,30,23,0.01566656120121479,0.005840896163135767
mlp_4x100_gelu_dropout_l2,5,30,24,0.015086023136973381,0.0056982203386723995
mlp_4x100_gelu_dropout_l2,5,30,25,0.014470390044152737,0.005583114456385374
mlp_4x100_gelu_dropout_l2,5,30,26,0.013848643749952316,0.005474446341395378
mlp_4x100_gelu_dropout_l2,5,30,27,0.013345828279852867,0.005373689811676741
mlp_4x100_gelu_dropout_l2,5,30,28,0.01291117537766695,0.005281703546643257
mlp_4x100_gelu_dropout_l2,5,30,29,0.012423468753695488,0.005210440140217543
mlp_4x100_gelu_dropout_l2,5,30,30,0.01206807792186737,0.0051489584147930145
mlp_4x100_gelu_dropout_l2,5,30,31,0.011658639647066593,0.0050874073058366776
mlp_4x100_gelu_dropout_l2,5,30,32,0.011327618733048439,0.00502500357106328
mlp_4x100_gelu_dropout_l2,5,30,33,0.01095131877809763,0.0049766735173761845
mlp_4x100_gelu_dropout_l2,5,30,34,0.01064384263008833,0.004926462657749653
mlp_4x100_gelu_dropout_l2,5,30,35,0.010366575792431831,0.004881367087364197
mlp_4x100_gelu_dropout_l2,5,30,36,0.010102975182235241,0.00485016405582428
mlp_4x100_gelu_dropout_l2,5,30,37,0.009815002791583538,0.004807090386748314
mlp_4x100_gelu_dropout_l2,5,30,38,0.009556751698255539,0.004778326489031315
mlp_4x100_gelu_dropout_l2,5,30,39,0.009350264444947243,0.004749151412397623
mlp_4x100_gelu_dropout_l2,5,30,40,0.00912315770983696,0.00471417885273695
mlp_4x100_gelu_dropout_l2,5,30,41,0.00890278723090887,0.004688092973083258
mlp_4x100_gelu_dropout_l2,5,30,42,0.008705769665539265,0.004666236229240894
mlp_4x100_gelu_dropout_l2,5,30,43,0.00851956196129322,0.004640661180019379
mlp_4x100_gelu_dropout_l2,5,30,44,0.00831505935639143,0.0046150260604918
mlp_4x100_gelu_dropout_l2,5,30,45,0.008151178248226643,0.004583726637065411
mlp_4x100_gelu_dropout_l2,5,30,46,0.00800166092813015,0.004565889947116375
mlp_4x100_gelu_dropout_l2,5,30,47,0.00786164216697216,0.0045428089797496796
mlp_4x100_gelu_dropout_l2,5,30,48,0.007701163180172443,0.004514017608016729
mlp_4x100_gelu_dropout_l2,5,30,49,0.00755562586709857,0.004493249114602804
mlp_4x100_gelu_dropout_l2,5,30,50,0.007402263581752777,0.004491033963859081
mlp_4x100_gelu_dropout_l2,5,30,51,0.007284971885383129,0.004463820718228817
mlp_4x100_gelu_dropout_l2,5,30,52,0.007162149995565414,0.004440066404640675
mlp_4x100_gelu_dropout_l2,5,30,53,0.007043644320219755,0.004422880709171295
mlp_4x100_gelu_dropout_l2,5,30,54,0.006944064516574144,0.00440220208838582
mlp_4x100_gelu_dropout_l2,5,30,55,0.006822280585765839,0.00438314164057374
mlp_4x100_gelu_dropout_l2,5,30,56,0.006710736081004143,0.004375699441879988
mlp_4x100_gelu_dropout_l2,5,30,57,0.0066225361078977585,0.004345000721514225
mlp_4x100_gelu_dropout_l2,5,30,58,0.006521678529679775,0.004334063269197941
mlp_4x100_gelu_dropout_l2,5,30,59,0.006432938389480114,0.004306566435843706
mlp_4x100_gelu_dropout_l2,5,30,60,0.006344664841890335,0.004296316299587488
mlp_4x100_gelu_dropout_l2,5,30,61,0.006259039510041475,0.0042794328182935715
mlp_4x100_gelu_dropout_l2,5,30,62,0.006169590633362532,0.00425940565764904
mlp_4x100_gelu_dropout_l2,5,30,63,0.00609476026147604,0.0042377132922410965
mlp_4x100_gelu_dropout_l2,5,30,64,0.006010405253618956,0.004223792813718319
mlp_4x100_gelu_dropout_l2,5,30,65,0.005938754882663488,0.004210139624774456
mlp_4x100_gelu_dropout_l2,5,30,66,0.005871901288628578,0.004186807665973902
mlp_4x100_gelu_dropout_l2,5,30,67,0.005803202278912067,0.004172046668827534
mlp_4x100_gelu_dropout_l2,5,30,68,0.0057304780930280685,0.004151488188654184
mlp_4x100_gelu_dropout_l2,5,30,69,0.005668116267770529,0.004139495547860861
mlp_4x100_gelu_dropout_l2,5,30,70,0.005604874808341265,0.00412151450291276
mlp_4x100_gelu_dropout_l2,5,30,71,0.005534158553928137,0.0041011665016412735
mlp_4x100_gelu_dropout_l2,5,30,72,0.005481653846800327,0.004084959626197815
mlp_4x100_gelu_dropout_l2,5,30,73,0.005434980615973473,0.004066082648932934
mlp_4x100_gelu_dropout_l2,5,30,74,0.005362866912037134,0.004055159632116556
mlp_4x100_gelu_dropout_l2,5,30,75,0.00531563488766551,0.004031213000416756
mlp_4x100_gelu_dropout_l2,5,30,76,0.005265329498797655,0.004015731625258923
mlp_4x100_gelu_dropout_l2,5,30,77,0.005213046912103891,0.003997080493718386
mlp_4x100_gelu_dropout_l2,5,30,78,0.005166782531887293,0.003979099448770285
mlp_4x100_gelu_dropout_l2,5,30,79,0.005118644796311855,0.00396641856059432
mlp_4x100_gelu_dropout_l2,5,30,80,0.0050741699524223804,0.003945088014006615
mlp_4x100_gelu_dropout_l2,5,30,81,0.0050245244055986404,0.003928566351532936
mlp_4x100_gelu_dropout_l2,5,30,82,0.004981663543730974,0.003911186940968037
mlp_4x100_gelu_dropout_l2,5,30,83,0.004933890886604786,0.003892521606758237
mlp_4x100_gelu_dropout_l2,5,30,84,0.004892387427389622,0.0038744520861655474
mlp_4x100_gelu_dropout_l2,5,30,85,0.004853500984609127,0.003858193987980485
mlp_4x100_gelu_dropout_l2,5,30,86,0.0048151686787605286,0.0038404762744903564
mlp_4x100_gelu_dropout_l2,5,30,87,0.004780138377100229,0.00381771894171834
mlp_4x100_gelu_dropout_l2,5,30,88,0.004738250281661749,0.003801611252129078
mlp_4x100_gelu_dropout_l2,5,30,89,0.004706364590674639,0.0037849543150514364
mlp_4x100_gelu_dropout_l2,5,30,90,0.004664662294089794,0.0037689858581870794
mlp_4x100_gelu_dropout_l2,5,30,91,0.004626248963177204,0.0037512867711484432
mlp_4x100_gelu_dropout_l2,5,30,92,0.004597153048962355,0.0037304211873561144
mlp_4x100_gelu_dropout_l2,5,30,93,0.004558451473712921,0.003712580306455493
mlp_4x100_gelu_dropout_l2,5,30,94,0.004523612093180418,0.0036929259076714516
mlp_4x100_gelu_dropout_l2,5,30,95,0.004492484498769045,0.003674919018521905
mlp_4x100_gelu_dropout_l2,5,30,96,0.004459680523723364,0.0036583750043064356
mlp_4x100_gelu_dropout_l2,5,30,97,0.004426572006195784,0.0036373184993863106
mlp_4x100_gelu_dropout_l2,5,30,98,0.004397302865982056,0.003620295785367489
mlp_4x100_gelu_dropout_l2,5,30,99,0.004365402273833752,0.0035993391647934914
mlp_4x100_gelu_dropout_l2,5,30,100,0.004337331745773554,0.0035826244857162237
mlp_4x100_gelu_dropout_l2,5,30,101,0.004305524751543999,0.0035628650803118944
mlp_4x100_gelu_dropout_l2,5,30,102,0.004275672137737274,0.0035423613153398037
mlp_4x100_gelu_dropout_l2,5,30,103,0.004247079603374004,0.003524115541949868
mlp_4x100_gelu_dropout_l2,5,30,104,0.004221427720040083,0.0035043242387473583
mlp_4x100_gelu_dropout_l2,5,30,105,0.004189952742308378,0.003482863074168563
mlp_4x100_gelu_dropout_l2,5,30,106,0.004161777440458536,0.0034633642062544823
mlp_4x100_gelu_dropout_l2,5,30,107,0.004131277557462454,0.0034455242566764355
mlp_4x100_gelu_dropout_l2,5,30,108,0.0041032773442566395,0.0034232307225465775
mlp_4x100_gelu_dropout_l2,5,30,109,0.004079206846654415,0.003404520219191909
mlp_4x100_gelu_dropout_l2,5,30,110,0.004049257375299931,0.0033858437091112137
mlp_4x100_gelu_dropout_l2,5,30,111,0.004021018743515015,0.0033653895370662212
mlp_4x100_gelu_dropout_l2,5,30,112,0.003996407613158226,0.003345054341480136
mlp_4x100_gelu_dropout_l2,5,30,113,0.0039702304638922215,0.003325115190818906
mlp_4x100_gelu_dropout_l2,5,30,114,0.0039441026747226715,0.003305411199107766
mlp_4x100_gelu_dropout_l2,5,30,115,0.003918653819710016,0.0032832836732268333
mlp_4x100_gelu_dropout_l2,5,30,116,0.003891313448548317,0.003262619022279978
mlp_4x100_gelu_dropout_l2,5,30,117,0.0038646364118903875,0.003242155071347952
mlp_4x100_gelu_dropout_l2,5,30,118,0.0038403929211199284,0.003221732098609209
mlp_4x100_gelu_dropout_l2,5,30,119,0.0038132595364004374,0.003200783394277096
mlp_4x100_gelu_dropout_l2,5,30,120,0.003789304755628109,0.00317970453761518
mlp_4x100_gelu_dropout_l2,5,30,121,0.0037602654192596674,0.003159016603603959
mlp_4x100_gelu_dropout_l2,5,30,122,0.003741688560694456,0.003139105159789324
mlp_4x100_gelu_dropout_l2,5,30,123,0.00371373794041574,0.0031161943916231394
mlp_4x100_gelu_dropout_l2,5,30,124,0.003687918884679675,0.0030955763068050146
mlp_4x100_gelu_dropout_l2,5,30,125,0.003662136849015951,0.003073733067139983
mlp_4x100_gelu_dropout_l2,5,30,126,0.003639884991571307,0.0030535515397787094
mlp_4x100_gelu_dropout_l2,5,30,127,0.0036129960790276527,0.003031268483027816
mlp_4x100_gelu_dropout_l2,5,30,128,0.0035874417517334223,0.0030108855571597815
mlp_4x100_gelu_dropout_l2,5,30,129,0.0035661349538713694,0.0029897158965468407
mlp_4x100_gelu_dropout_l2,5,30,130,0.0035394609440118074,0.002967641456052661
mlp_4x100_gelu_dropout_l2,5,30,131,0.0035177371464669704,0.002947670640423894
mlp_4x100_gelu_dropout_l2,5,30,132,0.0034914277493953705,0.0029265780467540026
mlp_4x100_gelu_dropout_l2,5,30,133,0.003468862036243081,0.0029046025592833757
mlp_4x100_gelu_dropout_l2,5,30,134,0.0034449247177690268,0.0028836119454354048
mlp_4x100_gelu_dropout_l2,5,30,135,0.0034209901932626963,0.0028617638163268566
mlp_4x100_gelu_dropout_l2,5,30,136,0.00339711457490921,0.0028403582982718945
mlp_4x100_gelu_dropout_l2,5,30,137,0.0033736685290932655,0.002819305518642068
mlp_4x100_gelu_dropout_l2,5,30,138,0.0033519365824759007,0.0027980906888842583
mlp_4x100_gelu_dropout_l2,5,30,139,0.003329114755615592,0.002776592969894409
mlp_4x100_gelu_dropout_l2,5,30,140,0.00330556882545352,0.0027557197026908398
mlp_4x100_gelu_dropout_l2,5,30,141,0.0032832769211381674,0.002734323963522911
mlp_4x100_gelu_dropout_l2,5,30,142,0.003261009231209755,0.002713432302698493
mlp_4x100_gelu_dropout_l2,5,30,143,0.003237402066588402,0.002691681496798992
mlp_4x100_gelu_dropout_l2,5,30,144,0.0032158466055989265,0.00267031486146152
mlp_4x100_gelu_dropout_l2,5,30,145,0.003192092524841428,0.002650955691933632
mlp_4x100_gelu_dropout_l2,5,30,146,0.0031717384699732065,0.0026299015153199434
mlp_4x100_gelu_dropout_l2,5,30,147,0.003148696618154645,0.002608804265037179
mlp_4x100_gelu_dropout_l2,5,30,148,0.003127074334770441,0.0025887598749250174
mlp_4x100_gelu_dropout_l2,5,30,149,0.003106319112703204,0.0025678975507616997
mlp_4x100_gelu_dropout_l2,5,30,150,0.003084374126046896,0.002547269454225898
mlp_4x100_gelu_dropout_l2,5,30,151,0.003062539268285036,0.002527573611587286
mlp_4x100_gelu_dropout_l2,5,30,152,0.0030422864947468042,0.0025081150233745575
mlp_4x100_gelu_dropout_l2,5,30,153,0.0030219743493944407,0.0024879295378923416
mlp_4x100_gelu_dropout_l2,5,30,154,0.0030005290172994137,0.0024687142577022314
mlp_4x100_gelu_dropout_l2,5,30,155,0.0029806988313794136,0.0024497141130268574
mlp_4x100_gelu_dropout_l2,5,30,156,0.002959928708150983,0.0024299384094774723
mlp_4x100_gelu_dropout_l2,5,30,157,0.0029403548687696457,0.002409628126770258
mlp_4x100_gelu_dropout_l2,5,30,158,0.002920671598985791,0.002391907386481762
mlp_4x100_gelu_dropout_l2,5,30,159,0.002902016043663025,0.0023728562518954277
mlp_4x100_gelu_dropout_l2,5,30,160,0.0028823595494031906,0.0023537653032690287
mlp_4x100_gelu_dropout_l2,5,30,161,0.0028637954965233803,0.0023357905447483063
mlp_4x100_gelu_dropout_l2,5,30,162,0.0028436395805329084,0.00231701391749084
mlp_4x100_gelu_dropout_l2,5,30,163,0.002825321163982153,0.0022997793275862932
mlp_4x100_gelu_dropout_l2,5,30,164,0.0028085471130907536,0.0022815477568656206
mlp_4x100_gelu_dropout_l2,5,30,165,0.002790305530652404,0.002264781156554818
mlp_4x100_gelu_dropout_l2,5,30,166,0.0027724013198167086,0.0022474469151347876
mlp_4x100_gelu_dropout_l2,5,30,167,0.0027549543883651495,0.0022298048716038465
mlp_4x100_gelu_dropout_l2,5,30,168,0.002738154958933592,0.002213361207395792
mlp_4x100_gelu_dropout_l2,5,30,169,0.0027210854459553957,0.0021975000854581594
mlp_4x100_gelu_dropout_l2,5,30,170,0.0027046019677072763,0.002181192860007286
mlp_4x100_gelu_dropout_l2,5,30,171,0.0026889066211879253,0.002164644654840231
mlp_4x100_gelu_dropout_l2,5,30,172,0.0026721840258687735,0.0021501092705875635
mlp_4x100_gelu_dropout_l2,5,30,173,0.002656777622178197,0.002134377369657159
mlp_4x100_gelu_dropout_l2,5,30,174,0.0026424441020935774,0.002119064563885331
mlp_4x100_gelu_dropout_l2,5,30,175,0.002626512199640274,0.0021042528096586466
mlp_4x100_gelu_dropout_l2,5,30,176,0.002611749107018113,0.002089804969727993
mlp_4x100_gelu_dropout_l2,5,30,177,0.0025977136101573706,0.0020758830942213535
mlp_4x100_gelu_dropout_l2,5,30,178,0.002583725843578577,0.0020628641359508038
mlp_4x100_gelu_dropout_l2,5,30,179,0.002570049138739705,0.0020487988367676735
mlp_4x100_gelu_dropout_l2,5,30,180,0.0025567193515598774,0.002035141224041581
mlp_4x100_gelu_dropout_l2,5,30,181,0.0025436386931687593,0.0020221038721501827
mlp_4x100_gelu_dropout_l2,5,30,182,0.0025306902825832367,0.002009980846196413
mlp_4x100_gelu_dropout_l2,5,30,183,0.002518512075766921,0.0019975260365754366
mlp_4x100_gelu_dropout_l2,5,30,184,0.002506666351109743,0.0019855413120239973
mlp_4x100_gelu_dropout_l2,5,30,185,0.002494208514690399,0.001973942620679736
mlp_4x100_gelu_dropout_l2,5,30,186,0.0024826053995639086,0.001963669201359153
mlp_4x100_gelu_dropout_l2,5,30,187,0.0024716220796108246,0.0019518337212502956
mlp_4x100_gelu_dropout_l2,5,30,188,0.0024612254928797483,0.0019408301450312138
mlp_4x100_gelu_dropout_l2,5,30,189,0.0024509397335350513,0.0019311433425173163
mlp_4x100_gelu_dropout_l2,5,30,190,0.0024408188182860613,0.001921250019222498
mlp_4x100_gelu_dropout_l2,5,30,191,0.0024305395781993866,0.0019112381851300597
mlp_4x100_gelu_dropout_l2,5,30,192,0.0024214733857661486,0.0019020396284759045
mlp_4x100_gelu_dropout_l2,5,30,193,0.002412085887044668,0.0018927042838186026
mlp_4x100_gelu_dropout_l2,5,30,194,0.0024029863998293877,0.0018840812845155597
mlp_4x100_gelu_dropout_l2,5,30,195,0.002394590061157942,0.0018755891360342503
mlp_4x100_gelu_dropout_l2,5,30,196,0.0023863075766712427,0.0018675974570214748
mlp_4x100_gelu_dropout_l2,5,30,197,0.0023781931959092617,0.0018595693400129676
mlp_4x100_gelu_dropout_l2,5,30,198,0.002370524685829878,0.0018514454131945968
mlp_4x100_gelu_dropout_l2,5,30,199,0.002363035921007395,0.001844377489760518
mlp_4x100_gelu_dropout_l2,5,30,200,0.0023560631088912487,0.0018378735985606909
mlp_4x100_gelu_dropout_l2,5,30,201,0.0023494791239500046,0.001831239671446383
mlp_4x100_gelu_dropout_l2,5,30,202,0.002342703752219677,0.0018246227409690619
mlp_4x100_gelu_dropout_l2,5,30,203,0.002336350502446294,0.0018181729828938842
mlp_4x100_gelu_dropout_l2,5,30,204,0.0023302147164940834,0.0018122545443475246
mlp_4x100_gelu_dropout_l2,5,30,205,0.0023246053606271744,0.0018065288895741105
mlp_4x100_gelu_dropout_l2,5,30,206,0.002319147577509284,0.0018014610977843404
mlp_4x100_gelu_dropout_l2,5,30,207,0.002313710283488035,0.0017959724646061659
mlp_4x100_gelu_dropout_l2,5,30,208,0.0023087046574801207,0.0017909063026309013
mlp_4x100_gelu_dropout_l2,5,30,209,0.002304024761542678,0.0017860883381217718
mlp_4x100_gelu_dropout_l2,5,30,210,0.0022991036530584097,0.0017818427877500653
mlp_4x100_gelu_dropout_l2,5,30,211,0.002294843317940831,0.0017772950232028961
mlp_4x100_gelu_dropout_l2,5,30,212,0.0022907142993062735,0.001772955758497119
mlp_4x100_gelu_dropout_l2,5,30,213,0.002286648377776146,0.0017694324487820268
mlp_4x100_gelu_dropout_l2,5,30,214,0.0022830001544207335,0.0017655747942626476
mlp_4x100_gelu_dropout_l2,5,30,215,0.002279480453580618,0.00176229455973953
mlp_4x100_gelu_dropout_l2,5,30,216,0.0022758450359106064,0.001758822239935398
mlp_4x100_gelu_dropout_l2,5,30,217,0.0022726973984390497,0.0017554699443280697
mlp_4x100_gelu_dropout_l2,5,30,218,0.0022695858497172594,0.0017526024021208286
mlp_4x100_gelu_dropout_l2,5,30,219,0.002266623079776764,0.001749617513269186
mlp_4x100_gelu_dropout_l2,5,30,220,0.0022638412192463875,0.0017466992139816284
mlp_4x100_gelu_dropout_l2,5,30,221,0.0022613105829805136,0.0017442674143239856
mlp_4x100_gelu_dropout_l2,5,30,222,0.0022586756385862827,0.0017421386437490582
mlp_4x100_gelu_dropout_l2,5,30,223,0.0022563636302948,0.0017398406052961946
mlp_4x100_gelu_dropout_l2,5,30,224,0.002254229038953781,0.001737668877467513
mlp_4x100_gelu_dropout_l2,5,30,225,0.002251920523121953,0.0017355597810819745
mlp_4x100_gelu_dropout_l2,5,30,226,0.00224994495511055,0.001733618788421154
mlp_4x100_gelu_dropout_l2,5,30,227,0.0022480471525341272,0.001731828204356134
mlp_4x100_gelu_dropout_l2,5,30,228,0.002246289746835828,0.001730210380628705
mlp_4x100_gelu_dropout_l2,5,30,229,0.00224446807987988,0.0017284306231886148
mlp_4x100_gelu_dropout_l2,5,30,230,0.00224286038428545,0.001726914313621819
mlp_4x100_gelu_dropout_l2,5,30,231,0.0022415928542613983,0.0017256693681702018
mlp_4x100_gelu_dropout_l2,5,30,232,0.002239872934296727,0.0017240450251847506
mlp_4x100_gelu_dropout_l2,5,30,233,0.002238574670627713,0.0017227978678420186
mlp_4x100_gelu_dropout_l2,5,30,234,0.0022374745458364487,0.0017219030996784568
mlp_4x100_gelu_dropout_l2,5,30,235,0.00223611225374043,0.0017203734023496509
mlp_4x100_gelu_dropout_l2,5,30,236,0.0022348843049257994,0.0017194917891174555
mlp_4x100_gelu_dropout_l2,5,30,237,0.0022340549621731043,0.0017183313611894846
mlp_4x100_gelu_dropout_l2,5,30,238,0.0022331341169774532,0.001717366511002183
mlp_4x100_gelu_dropout_l2,5,30,239,0.002232017694041133,0.0017165254103019834
mlp_4x100_gelu_dropout_l2,5,30,240,0.002231222577393055,0.0017159802373498678
mlp_4x100_gelu_dropout_l2,5,30,241,0.0022301962599158287,0.0017151875654235482
mlp_4x100_gelu_dropout_l2,5,30,242,0.0022295566741377115,0.001714336103759706
mlp_4x100_gelu_dropout_l2,5,30,243,0.002228650264441967,0.0017137548420578241
mlp_4x100_gelu_dropout_l2,5,30,244,0.002227968303486705,0.0017132458742707968
mlp_4x100_gelu_dropout_l2,5,30,245,0.00222733779810369,0.0017126286402344704
mlp_4x100_gelu_dropout_l2,5,30,246,0.002226710319519043,0.0017122270073741674
mlp_4x100_gelu_dropout_l2,5,30,247,0.0022262013517320156,0.0017118474934250116
mlp_4x100_gelu_dropout_l2,5,30,248,0.0022255959920585155,0.0017111091874539852
mlp_4x100_gelu_dropout_l2,5,30,249,0.0022250923793762922,0.0017108789179474115
mlp_4x100_gelu_dropout_l2,5,30,250,0.0022245030850172043,0.0017105777515098453
mlp_4x100_gelu_dropout_l2,5,30,251,0.002224066760390997,0.0017099978867918253
mlp_4x100_gelu_dropout_l2,5,30,252,0.0022236318327486515,0.0017098679672926664
mlp_4x100_gelu_dropout_l2,5,30,253,0.0022232173942029476,0.0017093609785661101
mlp_4x100_gelu_dropout_l2,5,30,254,0.002222782000899315,0.001709196949377656
mlp_4x100_gelu_dropout_l2,5,30,255,0.002222463022917509,0.0017088389722630382
mlp_4x100_gelu_dropout_l2,5,30,256,0.0022220469545572996,0.0017087397864088416
mlp_4x100_gelu_dropout_l2,5,30,257,0.002221832051873207,0.0017086194129660726
mlp_4x100_gelu_dropout_l2,5,30,258,0.0022214569617062807,0.0017086161533370614
mlp_4x100_gelu_dropout_l2,5,30,259,0.002221078611910343,0.0017083584098145366
mlp_4x100_gelu_dropout_l2,5,30,260,0.0022208611480891705,0.0017082293052226305
mlp_4x100_gelu_dropout_l2,5,30,261,0.002220588969066739,0.0017076297663152218
mlp_4x100_gelu_dropout_l2,5,30,262,0.0022203451953828335,0.0017073226626962423
mlp_4x100_gelu_dropout_l2,5,30,263,0.0022201556712388992,0.001707305433228612
mlp_4x100_gelu_dropout_l2,5,30,264,0.002219893503934145,0.001707200426608324
mlp_4x100_gelu_dropout_l2,5,30,265,0.002219824818894267,0.001707143266685307
mlp_4x100_gelu_dropout_l2,5,30,266,0.002219460206106305,0.0017070809844881296
mlp_4x100_gelu_dropout_l2,5,30,267,0.0022193314507603645,0.0017068627057597041
mlp_4x100_gelu_dropout_l2,5,30,268,0.002219236921519041,0.0017068450106307864
mlp_4x100_gelu_dropout_l2,5,30,269,0.002219024347141385,0.0017065671272575855
mlp_4x100_gelu_dropout_l2,5,30,270,0.0022188725415617228,0.001706593786366284
mlp_4x100_gelu_dropout_l2,5,30,271,0.0022186930291354656,0.0017064915737137198
mlp_4x100_gelu_dropout_l2,5,30,272,0.0022186709102243185,0.0017066077562049031
mlp_4x100_gelu_dropout_l2,5,30,273,0.0022184434346854687,0.0017061197431758046
mlp_4x100_gelu_dropout_l2,5,30,274,0.0022184306290000677,0.0017061890102922916
mlp_4x100_gelu_dropout_l2,5,30,275,0.0022183635737746954,0.0017058146186172962
mlp_4x100_gelu_dropout_l2,5,30,276,0.002218203851953149,0.0017058724770322442
mlp_4x100_gelu_dropout_l2,5,30,277,0.0022180627565830946,0.0017057788791134953
mlp_4x100_gelu_dropout_l2,5,30,278,0.002218060428276658,0.0017055945936590433
mlp_4x100_gelu_dropout_l2,5,30,279,0.0022178704384714365,0.0017053482588380575
mlp_4x100_gelu_dropout_l2,5,30,280,0.0022177305072546005,0.001705447444692254
mlp_4x100_gelu_dropout_l2,5,30,281,0.0022177586797624826,0.0017052781768143177
mlp_4x100_gelu_dropout_l2,5,30,282,0.0022176706697791815,0.0017051821341738105
mlp_4x100_gelu_dropout_l2,5,30,283,0.002217562636360526,0.0017048761947080493
mlp_4x100_gelu_dropout_l2,5,30,284,0.0022174108307808638,0.0017047759611159563
mlp_4x100_gelu_dropout_l2,5,30,285,0.0022172629833221436,0.0017047394067049026
mlp_4x100_gelu_dropout_l2,5,30,286,0.002217312576249242,0.0017047029687091708
mlp_4x100_gelu_dropout_l2,5,30,287,0.002217290922999382,0.0017045586137101054
mlp_4x100_gelu_dropout_l2,5,30,288,0.002217155182734132,0.0017041818937286735
mlp_4x100_gelu_dropout_l2,5,30,289,0.0022172187454998493,0.0017042100662365556
mlp_4x100_gelu_dropout_l2,5,30,290,0.0022170532029122114,0.0017040998209267855
mlp_4x100_gelu_dropout_l2,5,30,291,0.0022171135060489178,0.0017040349775925279
mlp_4x100_gelu_dropout_l2,5,30,292,0.0022169705480337143,0.001703781308606267
mlp_4x100_gelu_dropout_l2,5,30,293,0.0022169111762195826,0.0017036261269822717
mlp_4x100_gelu_dropout_l2,5,30,294,0.0022168480791151524,0.0017035220516845584
mlp_4x100_gelu_dropout_l2,5,30,295,0.0022168157156556845,0.0017034773482009768
mlp_4x100_gelu_dropout_l2,5,30,296,0.0022167398128658533,0.00170343357603997
mlp_4x100_gelu_dropout_l2,5,30,297,0.002216748660430312,0.001703537069261074
mlp_4x100_gelu_dropout_l2,5,30,298,0.002216662047430873,0.001703406684100628
mlp_4x100_gelu_dropout_l2,5,30,299,0.002216558437794447,0.001703437534160912
mlp_4x100_gelu_dropout_l2,5,30,300,0.0022166017442941666,0.0017034735064953566
mlp_4x100_gelu_dropout_l2,5,30,301,0.0022166073322296143,0.0017033448675647378
mlp_4x100_gelu_dropout_l2,5,30,302,0.0022165158297866583,0.0017036095960065722
mlp_4x100_gelu_dropout_l2,5,30,303,0.002216506516560912,0.0017035570926964283
mlp_4x100_gelu_dropout_l2,5,30,304,0.002216457622125745,0.0017037146026268601
mlp_4x100_gelu_dropout_l2,5,30,305,0.0022163803223520517,0.0017036638455465436
mlp_4x100_gelu_dropout_l2,5,30,306,0.002216421300545335,0.0017036953940987587
mlp_4x100_gelu_dropout_l2,5,30,307,0.002216377528384328,0.0017035885248333216
mlp_4x100_gelu_dropout_l2,5,30,308,0.0022162930108606815,0.001703631947748363
mlp_4x100_gelu_dropout_l2,5,30,309,0.002216328401118517,0.0017036005156114697
mlp_4x100_gelu_dropout_l2,5,30,310,0.0022162843961268663,0.0017034027259796858
mlp_4x100_gelu_dropout_l2,5,30,311,0.0022162841632962227,0.0017034151824191213
mlp_4x100_gelu_dropout_l2,5,30,312,0.0022162876557558775,0.0017034588381648064
mlp_4x100_gelu_dropout_l2,5,30,313,0.002216256456449628,0.0017033297335729003
mlp_4x100_gelu_dropout_l2,5,30,314,0.0022162527311593294,0.0017035244964063168
mlp_4x100_gelu_dropout_l2,5,30,315,0.00221630884334445,0.001703405985608697
mlp_4x100_gelu_dropout_l2,5,30,316,0.002216300228610635,0.0017036029603332281
mlp_4x100_gelu_dropout_l2,5,30,317,0.002216256456449628,0.0017038392834365368
mlp_4x100_gelu_dropout_l2,5,30,318,0.0022162015084177256,0.0017037306679412723
mlp_4x100_gelu_dropout_l2,5,30,319,0.0022161342203617096,0.001703830435872078
mlp_4x100_gelu_dropout_l2,5,30,320,0.002216222696006298,0.0017042245017364621
mlp_4x100_gelu_dropout_l2,5,30,321,0.002216179156675935,0.0017040262464433908
mlp_4x100_gelu_dropout_l2,5,30,322,0.0022161444649100304,0.00170406443066895
mlp_4x100_gelu_dropout_l2,5,30,323,0.0022161698434501886,0.0017040210077539086
mlp_4x100_gelu_dropout_l2,5,30,324,0.002216172870248556,0.0017039936501532793
mlp_4x100_gelu_dropout_l2,5,30,325,0.0022160238586366177,0.001704034279100597
mlp_4x100_gelu_dropout_l2,5,30,326,0.002216052496805787,0.001704026130028069
mlp_4x100_gelu_dropout_l2,5,30,327,0.002216050401329994,0.0017039022641256452
mlp_4x100_gelu_dropout_l2,5,30,328,0.0022160105872899294,0.001703721471130848
mlp_4x100_gelu_dropout_l2,5,90,1,0.16863960027694702,0.05218788981437683
mlp_4x100_gelu_dropout_l2,5,90,2,0.11281731724739075,0.039212651550769806
mlp_4x100_gelu_dropout_l2,5,90,3,0.0871351957321167,0.031011896207928658
mlp_4x100_gelu_dropout_l2,5,90,4,0.07151438295841217,0.025405846536159515
mlp_4x100_gelu_dropout_l2,5,90,5,0.060455694794654846,0.021378472447395325
mlp_4x100_gelu_dropout_l2,5,90,6,0.052332282066345215,0.018328972160816193
mlp_4x100_gelu_dropout_l2,5,90,7,0.04636506736278534,0.01601503975689411
mlp_4x100_gelu_dropout_l2,5,90,8,0.04141337797045708,0.014154602773487568
mlp_4x100_gelu_dropout_l2,5,90,9,0.0374290905892849,0.01264561340212822
mlp_4x100_gelu_dropout_l2,5,90,10,0.03424550220370293,0.011423991993069649
mlp_4x100_gelu_dropout_l2,5,90,11,0.03138614073395729,0.010426690801978111
mlp_4x100_gelu_dropout_l2,5,90,12,0.029106751084327698,0.009595279581844807
mlp_4x100_gelu_dropout_l2,5,90,13,0.02709428407251835,0.008908313699066639
mlp_4x100_gelu_dropout_l2,5,90,14,0.025314856320619583,0.008309273980557919
mlp_4x100_gelu_dropout_l2,5,90,15,0.023766864091157913,0.0077704996801912785
mlp_4x100_gelu_dropout_l2,5,90,16,0.022343451157212257,0.007329343818128109
mlp_4x100_gelu_dropout_l2,5,90,17,0.021001700311899185,0.006982860621064901
mlp_4x100_gelu_dropout_l2,5,90,18,0.019983861595392227,0.006631142925471067
mlp_4x100_gelu_dropout_l2,5,90,19,0.018943598493933678,0.006329585798084736
mlp_4x100_gelu_dropout_l2,5,90,20,0.017978040501475334,0.006090361624956131
mlp_4x100_gelu_dropout_l2,5,90,21,0.017116913571953773,0.0058001065626740456
mlp_4x100_gelu_dropout_l2,5,90,22,0.01637411303818226,0.005625783931463957
mlp_4x100_gelu_dropout_l2,5,90,23,0.015671933069825172,0.005469908472150564
mlp_4x100_gelu_dropout_l2,5,90,24,0.015018916688859463,0.005274187307804823
mlp_4x100_gelu_dropout_l2,5,90,25,0.014463754370808601,0.005134487058967352
mlp_4x100_gelu_dropout_l2,5,90,26,0.013827872462570667,0.005003646947443485
mlp_4x100_gelu_dropout_l2,5,90,27,0.013306163251399994,0.0048817228525877
mlp_4x100_gelu_dropout_l2,5,90,28,0.01284750271588564,0.0047586774453520775
mlp_4x100_gelu_dropout_l2,5,90,29,0.012369095347821712,0.004688747227191925
mlp_4x100_gelu_dropout_l2,5,90,30,0.011958335526287556,0.004578642081469297
mlp_4x100_gelu_dropout_l2,5,90,31,0.011589393950998783,0.004498070105910301
mlp_4x100_gelu_dropout_l2,5,90,32,0.011151312850415707,0.00443769246339798
mlp_4x100_gelu_dropout_l2,5,90,33,0.010808978229761124,0.004392604809254408
mlp_4x100_gelu_dropout_l2,5,90,34,0.01049641240388155,0.004281135275959969
mlp_4x100_gelu_dropout_l2,5,90,35,0.010164855048060417,0.004232197999954224
mlp_4x100_gelu_dropout_l2,5,90,36,0.009879427962005138,0.0041762967593967915
mlp_4x100_gelu_dropout_l2,5,90,37,0.009587152861058712,0.004133088979870081
mlp_4x100_gelu_dropout_l2,5,90,38,0.009305384010076523,0.004108389373868704
mlp_4x100_gelu_dropout_l2,5,90,39,0.009062270633876324,0.004053119570016861
mlp_4x100_gelu_dropout_l2,5,90,40,0.008833291009068489,0.0040367222391068935
mlp_4x100_gelu_dropout_l2,5,90,41,0.00861432682722807,0.003992033191025257
mlp_4x100_gelu_dropout_l2,5,90,42,0.008385883644223213,0.003980133216828108
mlp_4x100_gelu_dropout_l2,5,90,43,0.008187777362763882,0.0039343941025435925
mlp_4x100_gelu_dropout_l2,5,90,44,0.007987567223608494,0.003906301688402891
mlp_4x100_gelu_dropout_l2,5,90,45,0.007806755136698484,0.0038947758730500937
mlp_4x100_gelu_dropout_l2,5,90,46,0.00763574056327343,0.0038452150765806437
mlp_4x100_gelu_dropout_l2,5,90,47,0.007475478574633598,0.0038505038246512413
mlp_4x100_gelu_dropout_l2,5,90,48,0.007334135007113218,0.00379883567802608
mlp_4x100_gelu_dropout_l2,5,90,49,0.0071565816178917885,0.003792595351114869
mlp_4x100_gelu_dropout_l2,5,90,50,0.006991650443524122,0.003748883493244648
mlp_4x100_gelu_dropout_l2,5,90,51,0.00685822032392025,0.003736597253009677
mlp_4x100_gelu_dropout_l2,5,90,52,0.006721429526805878,0.0037121025379747152
mlp_4x100_gelu_dropout_l2,5,90,53,0.006584396585822105,0.003693386446684599
mlp_4x100_gelu_dropout_l2,5,90,54,0.006464036181569099,0.0036687219981104136
mlp_4x100_gelu_dropout_l2,5,90,55,0.0063441745005548,0.003651808248832822
mlp_4x100_gelu_dropout_l2,5,90,56,0.006228203419595957,0.0036266082897782326
mlp_4x100_gelu_dropout_l2,5,90,57,0.006114764139056206,0.0036094344686716795
mlp_4x100_gelu_dropout_l2,5,90,58,0.006002211943268776,0.0035981477703899145
mlp_4x100_gelu_dropout_l2,5,90,59,0.005901004653424025,0.00358003587462008
mlp_4x100_gelu_dropout_l2,5,90,60,0.005796527024358511,0.003557610558345914
mlp_4x100_gelu_dropout_l2,5,90,61,0.005698819179087877,0.003523616585880518
mlp_4x100_gelu_dropout_l2,5,90,62,0.005603608675301075,0.003513211850076914
mlp_4x100_gelu_dropout_l2,5,90,63,0.005502372048795223,0.003498744685202837
mlp_4x100_gelu_dropout_l2,5,90,64,0.005412225145846605,0.0034819201100617647
mlp_4x100_gelu_dropout_l2,5,90,65,0.005332563538104296,0.003457978367805481
mlp_4x100_gelu_dropout_l2,5,90,66,0.005241661332547665,0.003435953753069043
mlp_4x100_gelu_dropout_l2,5,90,67,0.005168300122022629,0.003429325995966792
mlp_4x100_gelu_dropout_l2,5,90,68,0.005093121901154518,0.0034137426409870386
mlp_4x100_gelu_dropout_l2,5,90,69,0.005021561402827501,0.0033855014480650425
mlp_4x100_gelu_dropout_l2,5,90,70,0.004949462600052357,0.0033780012745410204
mlp_4x100_gelu_dropout_l2,5,90,71,0.004875455051660538,0.003362774383276701
mlp_4x100_gelu_dropout_l2,5,90,72,0.004804204683750868,0.0033355262130498886
mlp_4x100_gelu_dropout_l2,5,90,73,0.004731243941932917,0.003310645930469036
mlp_4x100_gelu_dropout_l2,5,90,74,0.0046663424000144005,0.0032935929484665394
mlp_4x100_gelu_dropout_l2,5,90,75,0.004610157106071711,0.0032872320152819157
mlp_4x100_gelu_dropout_l2,5,90,76,0.004546951036900282,0.0032623703591525555
mlp_4x100_gelu_dropout_l2,5,90,77,0.004487143829464912,0.0032506755087524652
mlp_4x100_gelu_dropout_l2,5,90,78,0.0044344086199998856,0.0032318655867129564
mlp_4x100_gelu_dropout_l2,5,90,79,0.004377514123916626,0.0032140295952558517
mlp_4x100_gelu_dropout_l2,5,90,80,0.004321730695664883,0.003189532086253166
mlp_4x100_gelu_dropout_l2,5,90,81,0.004268514923751354,0.0031694555655121803
mlp_4x100_gelu_dropout_l2,5,90,82,0.004211544990539551,0.0031542135402560234
mlp_4x100_gelu_dropout_l2,5,90,83,0.004162995144724846,0.003141474211588502
mlp_4x100_gelu_dropout_l2,5,90,84,0.004116751719266176,0.003119813511148095
mlp_4x100_gelu_dropout_l2,5,90,85,0.004069541580975056,0.003100647358223796
mlp_4x100_gelu_dropout_l2,5,90,86,0.004023851826786995,0.003080642782151699
mlp_4x100_gelu_dropout_l2,5,90,87,0.003976669628173113,0.003069242462515831
mlp_4x100_gelu_dropout_l2,5,90,88,0.003936477936804295,0.0030500979628413916
mlp_4x100_gelu_dropout_l2,5,90,89,0.003898494876921177,0.0030330021400004625
mlp_4x100_gelu_dropout_l2,5,90,90,0.003851542482152581,0.0030175817664712667
mlp_4x100_gelu_dropout_l2,5,90,91,0.003813142655417323,0.002991483546793461
mlp_4x100_gelu_dropout_l2,5,90,92,0.0037737207021564245,0.002970813075080514
mlp_4x100_gelu_dropout_l2,5,90,93,0.003727956674993038,0.0029577251989394426
mlp_4x100_gelu_dropout_l2,5,90,94,0.0036965887993574142,0.002938643330708146
mlp_4x100_gelu_dropout_l2,5,90,95,0.003658776171505451,0.002923924708738923
mlp_4x100_gelu_dropout_l2,5,90,96,0.0036195917055010796,0.0029041271191090345
mlp_4x100_gelu_dropout_l2,5,90,97,0.003584916004911065,0.002885728608816862
mlp_4x100_gelu_dropout_l2,5,90,98,0.0035483462270349264,0.0028605693951249123
mlp_4x100_gelu_dropout_l2,5,90,99,0.0035168880131095648,0.0028481490444391966
mlp_4x100_gelu_dropout_l2,5,90,100,0.0034807054325938225,0.0028296601958572865
mlp_4x100_gelu_dropout_l2,5,90,101,0.0034475107677280903,0.0028078805189579725
mlp_4x100_gelu_dropout_l2,5,90,102,0.0034161354415118694,0.0027921332512050867
mlp_4x100_gelu_dropout_l2,5,90,103,0.003383818781003356,0.0027718902565538883
mlp_4x100_gelu_dropout_l2,5,90,104,0.003349974052980542,0.002751236315816641
mlp_4x100_gelu_dropout_l2,5,90,105,0.0033225223887711763,0.0027334329206496477
mlp_4x100_gelu_dropout_l2,5,90,106,0.0032899617217481136,0.0027143119368702173
mlp_4x100_gelu_dropout_l2,5,90,107,0.0032604984007775784,0.00269445963203907
mlp_4x100_gelu_dropout_l2,5,90,108,0.0032310334499925375,0.002675281371921301
mlp_4x100_gelu_dropout_l2,5,90,109,0.003203457687050104,0.0026539477985352278
mlp_4x100_gelu_dropout_l2,5,90,110,0.0031720404513180256,0.0026338829193264246
mlp_4x100_gelu_dropout_l2,5,90,111,0.0031445231288671494,0.002614498371258378
mlp_4x100_gelu_dropout_l2,5,90,112,0.003116836305707693,0.002597037935629487
mlp_4x100_gelu_dropout_l2,5,90,113,0.003085688455030322,0.0025768629275262356
mlp_4x100_gelu_dropout_l2,5,90,114,0.003061066148802638,0.0025558501947671175
mlp_4x100_gelu_dropout_l2,5,90,115,0.0030327585991472006,0.002533103572204709
mlp_4x100_gelu_dropout_l2,5,90,116,0.0030050864443182945,0.0025147960986942053
mlp_4x100_gelu_dropout_l2,5,90,117,0.002979112323373556,0.002495299093425274
mlp_4x100_gelu_dropout_l2,5,90,118,0.002952555427327752,0.0024782605469226837
mlp_4x100_gelu_dropout_l2,5,90,119,0.002926657907664776,0.002457819413393736
mlp_4x100_gelu_dropout_l2,5,90,120,0.0029017769265919924,0.0024385168217122555
mlp_4x100_gelu_dropout_l2,5,90,121,0.0028736386448144913,0.0024133354891091585
mlp_4x100_gelu_dropout_l2,5,90,122,0.002850264310836792,0.002396494150161743
mlp_4x100_gelu_dropout_l2,5,90,123,0.0028229306917637587,0.002375311218202114
mlp_4x100_gelu_dropout_l2,5,90,124,0.0027981544844806194,0.002354684052988887
mlp_4x100_gelu_dropout_l2,5,90,125,0.002773728920146823,0.0023328219540417194
mlp_4x100_gelu_dropout_l2,5,90,126,0.0027497438713908195,0.0023141438141465187
mlp_4x100_gelu_dropout_l2,5,90,127,0.0027229415718466043,0.002292035613209009
mlp_4x100_gelu_dropout_l2,5,90,128,0.0026978380046784878,0.0022724014706909657
mlp_4x100_gelu_dropout_l2,5,90,129,0.0026746380608528852,0.002250355901196599
mlp_4x100_gelu_dropout_l2,5,90,130,0.002649495843797922,0.0022312577348202467
mlp_4x100_gelu_dropout_l2,5,90,131,0.0026252272073179483,0.0022092985454946756
mlp_4x100_gelu_dropout_l2,5,90,132,0.002602327149361372,0.002190664876252413
mlp_4x100_gelu_dropout_l2,5,90,133,0.0025796040426939726,0.0021701629739254713
mlp_4x100_gelu_dropout_l2,5,90,134,0.0025542862713336945,0.002148066647350788
mlp_4x100_gelu_dropout_l2,5,90,135,0.0025315387174487114,0.002127508632838726
mlp_4x100_gelu_dropout_l2,5,90,136,0.0025082160718739033,0.0021056404802948236
mlp_4x100_gelu_dropout_l2,5,90,137,0.0024863749276846647,0.002084611915051937
mlp_4x100_gelu_dropout_l2,5,90,138,0.002462100237607956,0.002063881838694215
mlp_4x100_gelu_dropout_l2,5,90,139,0.002438426949083805,0.002045448636636138
mlp_4x100_gelu_dropout_l2,5,90,140,0.0024165413342416286,0.002022078260779381
mlp_4x100_gelu_dropout_l2,5,90,141,0.002393218921497464,0.002005060203373432
mlp_4x100_gelu_dropout_l2,5,90,142,0.002370627596974373,0.001981450943276286
mlp_4x100_gelu_dropout_l2,5,90,143,0.002348224399611354,0.001962450332939625
mlp_4x100_gelu_dropout_l2,5,90,144,0.0023259634617716074,0.001941085560247302
mlp_4x100_gelu_dropout_l2,5,90,145,0.0023038703948259354,0.0019203363917768002
mlp_4x100_gelu_dropout_l2,5,90,146,0.0022827377542853355,0.001900798175483942
mlp_4x100_gelu_dropout_l2,5,90,147,0.0022606924176216125,0.001880018855445087
mlp_4x100_gelu_dropout_l2,5,90,148,0.00223852158524096,0.0018597748130559921
mlp_4x100_gelu_dropout_l2,5,90,149,0.0022159914951771498,0.0018399445107206702
mlp_4x100_gelu_dropout_l2,5,90,150,0.0021944730542600155,0.0018204489024356008
mlp_4x100_gelu_dropout_l2,5,90,151,0.0021754330955445766,0.0017992197535932064
mlp_4x100_gelu_dropout_l2,5,90,152,0.002154272049665451,0.0017799742054194212
mlp_4x100_gelu_dropout_l2,5,90,153,0.0021325780544430017,0.0017593448283150792
mlp_4x100_gelu_dropout_l2,5,90,154,0.002111984184011817,0.001738854101859033
mlp_4x100_gelu_dropout_l2,5,90,155,0.0020920296665281057,0.001720066531561315
mlp_4x100_gelu_dropout_l2,5,90,156,0.002071460708975792,0.001700986409559846
mlp_4x100_gelu_dropout_l2,5,90,157,0.002051315736025572,0.0016824606573209167
mlp_4x100_gelu_dropout_l2,5,90,158,0.0020322164054960012,0.0016633685445412993
mlp_4x100_gelu_dropout_l2,5,90,159,0.0020126132294535637,0.0016441144980490208
mlp_4x100_gelu_dropout_l2,5,90,160,0.001993467565625906,0.0016255697701126337
mlp_4x100_gelu_dropout_l2,5,90,161,0.001974398735910654,0.0016065251547843218
mlp_4x100_gelu_dropout_l2,5,90,162,0.0019553364254534245,0.0015879999846220016
mlp_4x100_gelu_dropout_l2,5,90,163,0.0019366539781913161,0.001569740241393447
mlp_4x100_gelu_dropout_l2,5,90,164,0.0019181282259523869,0.0015518987784162164
mlp_4x100_gelu_dropout_l2,5,90,165,0.0019001790788024664,0.0015345527790486813
mlp_4x100_gelu_dropout_l2,5,90,166,0.0018820808036252856,0.001517184660769999
mlp_4x100_gelu_dropout_l2,5,90,167,0.0018634337466210127,0.001499855425208807
mlp_4x100_gelu_dropout_l2,5,90,168,0.001846322207711637,0.001482441439293325
mlp_4x100_gelu_dropout_l2,5,90,169,0.001829334069043398,0.0014660378219559789
mlp_4x100_gelu_dropout_l2,5,90,170,0.0018127813236787915,0.001448768307454884
mlp_4x100_gelu_dropout_l2,5,90,171,0.0017964531434699893,0.0014320510672405362
mlp_4x100_gelu_dropout_l2,5,90,172,0.0017799062188714743,0.0014165020547807217
mlp_4x100_gelu_dropout_l2,5,90,173,0.0017646215856075287,0.0014004998374730349
mlp_4x100_gelu_dropout_l2,5,90,174,0.0017487555742263794,0.0013845099601894617
mlp_4x100_gelu_dropout_l2,5,90,175,0.0017326097004115582,0.0013694643275812268
mlp_4x100_gelu_dropout_l2,5,90,176,0.0017173343803733587,0.0013541615335270762
mlp_4x100_gelu_dropout_l2,5,90,177,0.001702745445072651,0.0013397658476606011
mlp_4x100_gelu_dropout_l2,5,90,178,0.0016883317148312926,0.0013256312813609838
mlp_4x100_gelu_dropout_l2,5,90,179,0.0016742420848459005,0.001311057829298079
mlp_4x100_gelu_dropout_l2,5,90,180,0.0016598000656813383,0.001296584028750658
mlp_4x100_gelu_dropout_l2,5,90,181,0.0016464173095300794,0.0012837406247854233
mlp_4x100_gelu_dropout_l2,5,90,182,0.0016329595819115639,0.00127073482144624
mlp_4x100_gelu_dropout_l2,5,90,183,0.00162037112750113,0.0012576052686199546
mlp_4x100_gelu_dropout_l2,5,90,184,0.0016074299346655607,0.0012445745524019003
mlp_4x100_gelu_dropout_l2,5,90,185,0.0015950319357216358,0.0012323760893195868
mlp_4x100_gelu_dropout_l2,5,90,186,0.0015830895863473415,0.0012205718085169792
mlp_4x100_gelu_dropout_l2,5,90,187,0.0015716571360826492,0.0012092827819287777
mlp_4x100_gelu_dropout_l2,5,90,188,0.0015599837061017752,0.001197780598886311
mlp_4x100_gelu_dropout_l2,5,90,189,0.0015488739591091871,0.0011867624707520008
mlp_4x100_gelu_dropout_l2,5,90,190,0.001538222306407988,0.001175962621346116
mlp_4x100_gelu_dropout_l2,5,90,191,0.0015276407357305288,0.0011655634734779596
mlp_4x100_gelu_dropout_l2,5,90,192,0.0015175912994891405,0.0011547994799911976
mlp_4x100_gelu_dropout_l2,5,90,193,0.0015076333656907082,0.0011458200169727206
mlp_4x100_gelu_dropout_l2,5,90,194,0.0014983097789809108,0.0011361384531483054
mlp_4x100_gelu_dropout_l2,5,90,195,0.0014888518489897251,0.0011272876290604472
mlp_4x100_gelu_dropout_l2,5,90,196,0.0014799380442127585,0.0011185186449438334
mlp_4x100_gelu_dropout_l2,5,90,197,0.0014713797718286514,0.0011099018156528473
mlp_4x100_gelu_dropout_l2,5,90,198,0.0014629991492256522,0.0011020308593288064
mlp_4x100_gelu_dropout_l2,5,90,199,0.0014550455380231142,0.0010941848158836365
mlp_4x100_gelu_dropout_l2,5,90,200,0.0014473889023065567,0.0010858544846996665
mlp_4x100_gelu_dropout_l2,5,90,201,0.0014395497273653746,0.0010787287028506398
mlp_4x100_gelu_dropout_l2,5,90,202,0.0014325444353744388,0.0010721688158810139
mlp_4x100_gelu_dropout_l2,5,90,203,0.0014254827983677387,0.0010649084579199553
mlp_4x100_gelu_dropout_l2,5,90,204,0.001419086824171245,0.0010588442673906684
mlp_4x100_gelu_dropout_l2,5,90,205,0.001412686426192522,0.0010523335076868534
mlp_4x100_gelu_dropout_l2,5,90,206,0.0014065955765545368,0.00104676210321486
mlp_4x100_gelu_dropout_l2,5,90,207,0.0014007465215399861,0.0010417549638077617
mlp_4x100_gelu_dropout_l2,5,90,208,0.0013950257562100887,0.0010356528218835592
mlp_4x100_gelu_dropout_l2,5,90,209,0.0013899997575208545,0.0010309009812772274
mlp_4x100_gelu_dropout_l2,5,90,210,0.0013846131041646004,0.0010260173585265875
mlp_4x100_gelu_dropout_l2,5,90,211,0.0013797598658129573,0.0010212189517915249
mlp_4x100_gelu_dropout_l2,5,90,212,0.001375027233734727,0.0010166955180466175
mlp_4x100_gelu_dropout_l2,5,90,213,0.0013707048492506146,0.0010123074753209949
mlp_4x100_gelu_dropout_l2,5,90,214,0.0013663162244483829,0.0010083166416734457
mlp_4x100_gelu_dropout_l2,5,90,215,0.0013622497208416462,0.001004270277917385
mlp_4x100_gelu_dropout_l2,5,90,216,0.0013582211686298251,0.0010003629140555859
mlp_4x100_gelu_dropout_l2,5,90,217,0.001354555948637426,0.000997066032141447
mlp_4x100_gelu_dropout_l2,5,90,218,0.0013511024881154299,0.0009936016285791993
mlp_4x100_gelu_dropout_l2,5,90,219,0.0013477231841534376,0.0009902727324515581
mlp_4x100_gelu_dropout_l2,5,90,220,0.0013444898650050163,0.0009876731783151627
mlp_4x100_gelu_dropout_l2,5,90,221,0.0013415233697742224,0.0009847418405115604
mlp_4x100_gelu_dropout_l2,5,90,222,0.00133871182333678,0.000981591292656958
mlp_4x100_gelu_dropout_l2,5,90,223,0.00133591762278229,0.0009790161857381463
mlp_4x100_gelu_dropout_l2,5,90,224,0.0013334276154637337,0.000976698356680572
mlp_4x100_gelu_dropout_l2,5,90,225,0.001330854487605393,0.0009744607377797365
mlp_4x100_gelu_dropout_l2,5,90,226,0.001328495447523892,0.0009722805698402226
mlp_4x100_gelu_dropout_l2,5,90,227,0.0013263248838484287,0.0009702510433271527
mlp_4x100_gelu_dropout_l2,5,90,228,0.0013243929715827107,0.0009683179087005556
mlp_4x100_gelu_dropout_l2,5,90,229,0.0013223947025835514,0.0009667500853538513
mlp_4x100_gelu_dropout_l2,5,90,230,0.0013205563882365823,0.0009640714270062745
mlp_4x100_gelu_dropout_l2,5,90,231,0.00131876184605062,0.0009626815444789827
mlp_4x100_gelu_dropout_l2,5,90,232,0.0013171395985409617,0.0009610368288122118
mlp_4x100_gelu_dropout_l2,5,90,233,0.0013155032647773623,0.0009594653965905309
mlp_4x100_gelu_dropout_l2,5,90,234,0.001314107677899301,0.0009584915824234486
mlp_4x100_gelu_dropout_l2,5,90,235,0.001312754931859672,0.0009573036804795265
mlp_4x100_gelu_dropout_l2,5,90,236,0.0013113748282194138,0.0009558839374221861
mlp_4x100_gelu_dropout_l2,5,90,237,0.0013101246440783143,0.0009546825895085931
mlp_4x100_gelu_dropout_l2,5,90,238,0.0013089388376101851,0.0009535208228044212
mlp_4x100_gelu_dropout_l2,5,90,239,0.0013077874900773168,0.0009515265701338649
mlp_4x100_gelu_dropout_l2,5,90,240,0.0013067525578662753,0.000951233843807131
mlp_4x100_gelu_dropout_l2,5,90,241,0.001305770012550056,0.0009503215551376343
mlp_4x100_gelu_dropout_l2,5,90,242,0.0013048725668340921,0.0009491135133430362
mlp_4x100_gelu_dropout_l2,5,90,243,0.001303941011428833,0.0009483504691161215
mlp_4x100_gelu_dropout_l2,5,90,244,0.001303051132708788,0.0009475279948674142
mlp_4x100_gelu_dropout_l2,5,90,245,0.0013022947823628783,0.0009471673402003944
mlp_4x100_gelu_dropout_l2,5,90,246,0.001301514683291316,0.000946260814089328
mlp_4x100_gelu_dropout_l2,5,90,247,0.001300839358009398,0.0009456402622163296
mlp_4x100_gelu_dropout_l2,5,90,248,0.0013001118786633015,0.0009447946795262396
mlp_4x100_gelu_dropout_l2,5,90,249,0.0012994644930586219,0.0009443017770536244
mlp_4x100_gelu_dropout_l2,5,90,250,0.0012988473754376173,0.0009438889683224261
mlp_4x100_gelu_dropout_l2,5,90,251,0.0012983035994693637,0.0009433369268663228
mlp_4x100_gelu_dropout_l2,5,90,252,0.0012977548176422715,0.000942825514357537
mlp_4x100_gelu_dropout_l2,5,90,253,0.0012972811236977577,0.0009420622372999787
mlp_4x100_gelu_dropout_l2,5,90,254,0.0012966644717380404,0.0009415607200935483
mlp_4x100_gelu_dropout_l2,5,90,255,0.001296346657909453,0.0009413412190042436
mlp_4x100_gelu_dropout_l2,5,90,256,0.0012959830928593874,0.0009411010541953146
mlp_4x100_gelu_dropout_l2,5,90,257,0.0012955102138221264,0.0009407398756593466
mlp_4x100_gelu_dropout_l2,5,90,258,0.0012951443204656243,0.000940226367674768
mlp_4x100_gelu_dropout_l2,5,90,259,0.0012946703936904669,0.0009403073927387595
mlp_4x100_gelu_dropout_l2,5,90,260,0.0012943415204063058,0.0009399986593052745
mlp_4x100_gelu_dropout_l2,5,90,261,0.0012940734159201384,0.0009394930093549192
mlp_4x100_gelu_dropout_l2,5,90,262,0.001293772249482572,0.0009393130894750357
mlp_4x100_gelu_dropout_l2,5,90,263,0.0012934224214404821,0.0009387387544848025
mlp_4x100_gelu_dropout_l2,5,90,264,0.0012931270757690072,0.0009387413156218827
mlp_4x100_gelu_dropout_l2,5,90,265,0.001292944885790348,0.0009386438177898526
mlp_4x100_gelu_dropout_l2,5,90,266,0.0012927186908200383,0.000938659068197012
mlp_4x100_gelu_dropout_l2,5,90,267,0.0012925047194585204,0.0009383864817209542
mlp_4x100_gelu_dropout_l2,5,90,268,0.0012922248570248485,0.0009377269307151437
mlp_4x100_gelu_dropout_l2,5,90,269,0.0012919146101921797,0.0009377752430737019
mlp_4x100_gelu_dropout_l2,5,90,270,0.00129180948715657,0.0009375792578794062
mlp_4x100_gelu_dropout_l2,5,90,271,0.0012915884144604206,0.0009376391535624862
mlp_4x100_gelu_dropout_l2,5,90,272,0.0012914154212921858,0.0009371032356284559
mlp_4x100_gelu_dropout_l2,5,90,273,0.001291236374527216,0.0009369364124722779
mlp_4x100_gelu_dropout_l2,5,90,274,0.001291091670282185,0.0009371227351948619
mlp_4x100_gelu_dropout_l2,5,90,275,0.0012908956268802285,0.0009365181904286146
mlp_4x100_gelu_dropout_l2,5,90,276,0.0012907995842397213,0.0009365392616018653
mlp_4x100_gelu_dropout_l2,5,90,277,0.0012906832853332162,0.0009364404832012951
mlp_4x100_gelu_dropout_l2,5,90,278,0.0012905285693705082,0.0009365241276100278
mlp_4x100_gelu_dropout_l2,5,90,279,0.0012904324103146791,0.0009363141725771129
mlp_4x100_gelu_dropout_l2,5,90,280,0.0012903478927910328,0.0009357233066111803
mlp_4x100_gelu_dropout_l2,5,90,281,0.0012901987647637725,0.0009359346004202962
mlp_4x100_gelu_dropout_l2,5,90,282,0.0012900078436359763,0.0009355820366181433
mlp_4x100_gelu_dropout_l2,5,90,283,0.0012899709399789572,0.0009354995563626289
mlp_4x100_gelu_dropout_l2,5,90,284,0.0012898583663627505,0.0009353209170512855
mlp_4x100_gelu_dropout_l2,5,90,285,0.0012897863052785397,0.0009356390801258385
mlp_4x100_gelu_dropout_l2,5,90,286,0.0012896825792267919,0.0009354452486149967
mlp_4x100_gelu_dropout_l2,5,90,287,0.0012895440449938178,0.000935122836381197
mlp_4x100_gelu_dropout_l2,5,90,288,0.001289490843191743,0.0009350560139864683
mlp_4x100_gelu_dropout_l2,5,90,289,0.0012894697720184922,0.0009354582289233804
mlp_4x100_gelu_dropout_l2,5,90,290,0.0012894368264824152,0.000935336749535054
mlp_4x100_gelu_dropout_l2,5,90,291,0.0012893319362774491,0.0009349808096885681
mlp_4x100_gelu_dropout_l2,5,90,292,0.001289181294851005,0.0009348457679152489
mlp_4x100_gelu_dropout_l2,5,90,293,0.001289123552851379,0.000934845651499927
mlp_4x100_gelu_dropout_l2,5,90,294,0.0012890523066744208,0.0009345568832941353
mlp_4x100_gelu_dropout_l2,5,90,295,0.0012889639474451542,0.0009344390127807856
mlp_4x100_gelu_dropout_l2,5,90,296,0.0012889502104371786,0.0009344665450043976
mlp_4x100_gelu_dropout_l2,5,90,297,0.00128881074488163,0.0009344517602585256
mlp_4x100_gelu_dropout_l2,5,90,298,0.001288853818550706,0.0009347214945591986
mlp_4x100_gelu_dropout_l2,5,90,299,0.0012888136552646756,0.000934589421376586
mlp_4x100_gelu_dropout_l2,5,90,300,0.0012887048069387674,0.0009347265586256981
mlp_4x100_gelu_dropout_l2,5,90,301,0.0012886479962617159,0.0009342899429611862
mlp_4x100_gelu_dropout_l2,5,90,302,0.001288519473746419,0.000934193201828748
mlp_4x100_gelu_dropout_l2,5,90,303,0.0012885325122624636,0.0009342824341729283
mlp_4x100_gelu_dropout_l2,5,90,304,0.0012884465977549553,0.0009343504207208753
mlp_4x100_gelu_dropout_l2,5,90,305,0.001288435305468738,0.0009342798148281872
mlp_4x100_gelu_dropout_l2,5,90,306,0.0012884412426501513,0.0009341150871478021
mlp_4x100_gelu_dropout_l2,5,90,307,0.0012883087620139122,0.000933971896301955
mlp_4x100_gelu_dropout_l2,5,90,308,0.0012883191229775548,0.0009340062388218939
mlp_4x100_gelu_dropout_l2,5,90,309,0.001288228901103139,0.0009337567607872188
mlp_4x100_gelu_dropout_l2,5,90,310,0.0012882277369499207,0.0009339535026811063
mlp_4x100_gelu_dropout_l2,5,90,311,0.0012882008450105786,0.0009340937831439078
mlp_4x100_gelu_dropout_l2,5,90,312,0.0012880827998742461,0.0009338670060969889
mlp_4x100_gelu_dropout_l2,5,90,313,0.0012881291331723332,0.0009340772521682084
mlp_4x100_gelu_dropout_l2,5,90,314,0.0012880527647212148,0.0009340166579931974
mlp_4x100_gelu_dropout_l2,5,90,315,0.0012880144640803337,0.0009339870885014534
mlp_4x100_gelu_dropout_l2,5,90,316,0.0012879918795078993,0.000933733070269227
mlp_4x100_gelu_dropout_l2,5,90,317,0.001287981285713613,0.0009336630464531481
mlp_4x100_gelu_dropout_l2,5,90,318,0.0012878997949883342,0.0009335179929621518
mlp_4x100_gelu_dropout_l2,5,90,319,0.001287901308387518,0.0009338786476291716
mlp_4x100_gelu_dropout_l2,5,90,320,0.0012878895504400134,0.0009335674112662673
mlp_4x100_gelu_dropout_l2,5,90,321,0.0012878470588475466,0.0009337295778095722
mlp_4x100_gelu_dropout_l2,5,90,322,0.0012877603294327855,0.0009335542563349009
mlp_4x100_gelu_dropout_l2,5,90,323,0.001287759281694889,0.0009337204392068088
mlp_4x100_gelu_dropout_l2,5,90,324,0.001287681283429265,0.0009338855161331594
mlp_4x100_gelu_dropout_l2,5,90,325,0.0012876782566308975,0.0009334791684523225
mlp_4x100_gelu_dropout_l2,5,90,326,0.0012876405380666256,0.0009337062365375459
mlp_4x100_gelu_dropout_l2,5,90,327,0.0012876184191554785,0.0009334452915936708
mlp_4x100_gelu_dropout_l2,5,90,328,0.0012876598630100489,0.0009332294575870037
mlp_4x100_gelu_dropout_l2,5,90,329,0.0012876179534941912,0.0009335925569757819
mlp_4x100_gelu_dropout_l2,5,90,330,0.0012875524116680026,0.0009335073991678655
mlp_4x100_gelu_dropout_l2,5,90,331,0.0012876208638772368,0.0009335458162240684
mlp_4x100_gelu_dropout_l2,5,90,332,0.0012874744134023786,0.0009335287613794208
mlp_4x100_gelu_dropout_l2,5,90,333,0.0012875122483819723,0.0009335360373370349
mlp_4x100_gelu_dropout_l2,5,90,334,0.0012874128296971321,0.0009337134542874992
mlp_4x100_gelu_dropout_l2,5,90,335,0.0012874186504632235,0.0009336278308182955
mlp_4x100_gelu_dropout_l2,5,90,336,0.0012873895466327667,0.0009335878421552479
mlp_4x100_gelu_dropout_l2,5,90,337,0.0012873897794634104,0.0009332865593023598
mlp_4x100_gelu_dropout_l2,5,90,338,0.0012873598607257009,0.0009331917972303927
mlp_4x100_gelu_dropout_l2,5,90,339,0.0012873532250523567,0.0009330266620963812
mlp_4x100_gelu_dropout_l2,5,90,340,0.0012873240048065782,0.0009330130415037274
mlp_4x100_gelu_dropout_l2,5,90,341,0.0012873804662376642,0.0009331909823231399
mlp_4x100_gelu_dropout_l2,5,90,342,0.0012873188825324178,0.0009334083879366517
mlp_4x100_gelu_dropout_l2,5,90,343,0.0012872731313109398,0.000933306582737714
mlp_4x100_gelu_dropout_l2,5,90,344,0.0012872964143753052,0.0009332922636531293
mlp_4x100_gelu_dropout_l2,5,90,345,0.0012872422812506557,0.0009331234032288194
mlp_4x100_gelu_dropout_l2,5,90,346,0.0012872499646618962,0.0009332841145806015
mlp_4x100_gelu_dropout_l2,5,90,347,0.0012872850056737661,0.0009334228234365582
mlp_4x100_gelu_dropout_l2,5,90,348,0.0012873016530647874,0.0009331959881819785
mlp_4x100_gelu_dropout_l2,5,90,349,0.0012872230727225542,0.0009330473840236664
mlp_4x100_gelu_dropout_l2,5,90,350,0.0012871533399447799,0.0009331060573458672
mlp_4x100_gelu_dropout_l2,5,90,351,0.0012871641665697098,0.0009330417960882187
mlp_4x100_gelu_dropout_l2,5,90,352,0.0012871666112914681,0.0009329499443992972
mlp_4x100_gelu_dropout_l2,5,90,353,0.0012871392536908388,0.0009331714827567339
mlp_4x100_gelu_dropout_l2,5,90,354,0.001287141814827919,0.0009331538458354771
mlp_4x100_gelu_dropout_l2,5,90,355,0.001287211081944406,0.0009332799818366766
mlp_4x100_gelu_dropout_l2,5,90,356,0.0012871385551989079,0.0009329477907158434
mlp_4x100_gelu_dropout_l2,5,90,357,0.0012871278449892998,0.0009331621113233268
mlp_4x100_gelu_dropout_l2,5,90,358,0.0012871272629126906,0.0009332848130725324
mlp_4x100_gelu_dropout_l2,5,90,359,0.0012870499631389976,0.0009331402834504843
mlp_4x100_gelu_dropout_l2,5,90,360,0.0012870209757238626,0.000933053030166775
mlp_4x100_gelu_dropout_l2,5,90,361,0.0012870841892436147,0.0009331412729807198
mlp_4x100_gelu_dropout_l2,5,90,362,0.001287055783905089,0.0009328845189884305
mlp_4x100_gelu_dropout_l2,5,90,363,0.0012870694044977427,0.000932995812036097
mlp_4x100_gelu_dropout_l2,5,90,364,0.0012870226055383682,0.0009333103662356734
mlp_4x100_gelu_dropout_l2,5,90,365,0.0012870519421994686,0.0009331667679361999
mlp_4x100_gelu_dropout_l2,5,90,366,0.0012870421633124352,0.0009329214226454496
mlp_4x100_gelu_dropout_l2,5,90,367,0.001287044957280159,0.0009331750916317105
mlp_4x100_gelu_dropout_l2,5,90,368,0.0012870350619778037,0.0009330688044428825
mlp_4x100_gelu_dropout_l2,5,90,369,0.0012870040955021977,0.0009332186891697347
mlp_4x100_gelu_dropout_l2,5,90,370,0.0012870009522885084,0.0009329984313808382
mlp_4x100_gelu_dropout_l2,5,90,371,0.0012869691709056497,0.0009329281747341156
mlp_4x100_gelu_dropout_l2,5,90,372,0.0012869692873209715,0.0009330415050499141
mlp_4x100_gelu_dropout_l2,5,90,373,0.0012869691709056497,0.0009329273598268628
mlp_4x100_gelu_dropout_l2,5,90,374,0.0012869680067524314,0.0009329718886874616
mlp_4x100_gelu_dropout_l2,5,90,375,0.0012869986239820719,0.0009330838802270591
mlp_4x100_gelu_dropout_l2,5,90,376,0.00128695007879287,0.0009327806765213609
mlp_4x100_gelu_dropout_l2,5,90,377,0.001286906423047185,0.0009328403393737972
mlp_4x100_gelu_dropout_l2,5,90,378,0.0012869542697444558,0.0009332331828773022
mlp_4x100_gelu_dropout_l2,5,90,379,0.0012868831399828196,0.0009330479661002755
mlp_4x100_gelu_dropout_l2,5,90,380,0.0012868735939264297,0.0009330598986707628
mlp_4x100_gelu_dropout_l2,5,90,381,0.0012869199272245169,0.0009332301560789347
mlp_4x100_gelu_dropout_l2,5,90,382,0.0012868584599345922,0.0009329175809398293
mlp_4x100_gelu_dropout_l2,5,90,383,0.00128692586440593,0.0009327716543339193
mlp_4x100_gelu_dropout_l2,5,90,384,0.0012869475176557899,0.0009327561710961163
mlp_4x100_gelu_dropout_l2,5,90,385,0.0012869159691035748,0.0009329169988632202
mlp_4x100_gelu_dropout_l2,5,90,386,0.0012868574121966958,0.0009327417938038707
mlp_4x100_gelu_dropout_l2,5,90,387,0.0012867675395682454,0.0009329479653388262
mlp_4x100_gelu_dropout_l2,5,90,388,0.0012867931509390473,0.0009330527391284704
mlp_4x100_gelu_dropout_l2,5,90,389,0.0012868710327893496,0.0009332168847322464
mlp_4x100_gelu_dropout_l2,5,90,390,0.0012869384372606874,0.000933390692807734
mlp_4x100_gelu_dropout_l2,5,90,391,0.001286876737140119,0.0009328204905614257
mlp_4x100_gelu_dropout_l2,5,90,392,0.0012868652120232582,0.0009327314328402281
mlp_4x100_gelu_dropout_l2,5,90,393,0.001286849845200777,0.0009327174047939479
mlp_4x100_gelu_dropout_l2,5,90,394,0.0012867809273302555,0.0009328015148639679
mlp_4x100_gelu_dropout_l2,5,90,395,0.001286781975068152,0.0009326885337941349
mlp_4x100_gelu_dropout_l2,5,90,396,0.001286885584704578,0.0009329093736596406
mlp_4x100_gelu_dropout_l2,5,90,397,0.0012868120102211833,0.0009332215995527804
mlp_4x100_gelu_dropout_l2,5,90,398,0.0012868378544226289,0.0009332369663752615
mlp_4x100_gelu_dropout_l2,5,90,399,0.0012868531048297882,0.0009332341724075377
mlp_4x100_gelu_dropout_l2,5,90,400,0.0012868705671280622,0.0009329513413831592
mlp_4x100_gelu_dropout_l2,5,90,401,0.0012868082849308848,0.00093264871975407
mlp_4x100_gelu_dropout_l2,5,90,402,0.0012867397163063288,0.0009325509890913963
mlp_4x100_gelu_dropout_l2,5,90,403,0.0012867858167737722,0.0009328887099400163
mlp_4x100_gelu_dropout_l2,5,90,404,0.0012867586920037866,0.0009328643791377544
mlp_4x100_gelu_dropout_l2,5,90,405,0.0012867518234997988,0.0009329838212579489
mlp_4x100_gelu_dropout_l2,5,90,406,0.0012868246994912624,0.0009328664746135473
mlp_4x100_gelu_dropout_l2,5,90,407,0.001286848564632237,0.0009329670574516058
mlp_4x100_gelu_dropout_l2,5,90,408,0.0012868387857452035,0.0009332053596153855
mlp_4x100_gelu_dropout_l2,5,90,409,0.00128676847089082,0.0009328499436378479
mlp_4x100_gelu_dropout_l2,5,90,410,0.0012867932673543692,0.0009330385364592075
mlp_4x100_gelu_dropout_l2,5,90,411,0.0012867538025602698,0.0009330970351584256
mlp_4x100_gelu_dropout_l2,5,90,412,0.0012868057237938046,0.0009330007014796138
mlp_4x100_gelu_dropout_l2,5,90,413,0.0012868324993178248,0.0009328831802122295
mlp_4x100_gelu_dropout_l2,5,90,414,0.001286743558011949,0.0009329392341896892
mlp_4x100_gelu_dropout_l2,5,90,415,0.0012867808109149337,0.0009326497092843056
mlp_4x100_gelu_dropout_l2,5,90,416,0.001286806887947023,0.0009325784048996866
mlp_4x100_gelu_dropout_l2,5,90,417,0.0012868447229266167,0.0009327654843218625
mlp_4x100_gelu_dropout_l2,5,90,418,0.0012868057237938046,0.0009328055311925709
mlp_4x100_gelu_dropout_l2,5,90,419,0.0012867464683949947,0.000933061062823981
mlp_4x100_gelu_dropout_l2,5,90,420,0.0012866677716374397,0.0009330412140116096
mlp_4x100_gelu_dropout_l2,5,90,421,0.001286692451685667,0.0009328504675067961
mlp_4x100_gelu_dropout_l2,5,90,422,0.0012866499600932002,0.0009328482556156814
mlp_4x100_gelu_dropout_l2,5,90,423,0.001286683022044599,0.0009328537271358073
mlp_4x100_gelu_dropout_l2,5,90,424,0.001286805490963161,0.000932995812036097
mlp_4x100_gelu_dropout_l2,5,90,425,0.0012868511257693172,0.0009331238106824458
mlp_4x100_gelu_dropout_l2,5,90,426,0.0012867889599874616,0.0009330901084467769
mlp_4x100_gelu_dropout_l2,5,90,427,0.0012867761543020606,0.0009326720028184354
mlp_4x100_gelu_dropout_l2,5,90,428,0.0012867701007053256,0.0009329685708507895
mlp_4x100_gelu_dropout_l2,5,90,429,0.0012867585755884647,0.0009327743318863213
mlp_4x100_gelu_dropout_l2,5,90,430,0.0012867081677541137,0.0009329341119155288
mlp_4x100_gelu_dropout_l2,5,90,431,0.0012867077020928264,0.0009327124571427703
mlp_4x100_gelu_dropout_l2,10,1,1,0.20575793087482452,0.0648520216345787
mlp_4x100_gelu_dropout_l2,10,1,2,0.13448625802993774,0.04935111477971077
mlp_4x100_gelu_dropout_l2,10,1,3,0.103905588388443,0.03972537815570831
mlp_4x100_gelu_dropout_l2,10,1,4,0.08464188128709793,0.03310811519622803
mlp_4x100_gelu_dropout_l2,10,1,5,0.07158216834068298,0.0283456202596426
mlp_4x100_gelu_dropout_l2,10,1,6,0.06219227612018585,0.024842476472258568
mlp_4x100_gelu_dropout_l2,10,1,7,0.05515648052096367,0.022261178120970726
mlp_4x100_gelu_dropout_l2,10,1,8,0.04952671751379967,0.020273476839065552
mlp_4x100_gelu_dropout_l2,10,1,9,0.04506180062890053,0.018777670338749886
mlp_4x100_gelu_dropout_l2,10,1,10,0.04157299920916557,0.017601333558559418
mlp_4x100_gelu_dropout_l2,10,1,11,0.03873242065310478,0.016659924760460854
mlp_4x100_gelu_dropout_l2,10,1,12,0.03611572086811066,0.015939833596348763
mlp_4x100_gelu_dropout_l2,10,1,13,0.03406659513711929,0.015353417955338955
mlp_4x100_gelu_dropout_l2,10,1,14,0.03220650926232338,0.014917082153260708
mlp_4x100_gelu_dropout_l2,10,1,15,0.03053223341703415,0.014525777660310268
mlp_4x100_gelu_dropout_l2,10,1,16,0.029241476207971573,0.014210706576704979
mlp_4x100_gelu_dropout_l2,10,1,17,0.028083963319659233,0.013966338708996773
mlp_4x100_gelu_dropout_l2,10,1,18,0.026961222290992737,0.013759147375822067
mlp_4x100_gelu_dropout_l2,10,1,19,0.026018401607871056,0.013565771281719208
mlp_4x100_gelu_dropout_l2,10,1,20,0.025207947939634323,0.013412375934422016
mlp_4x100_gelu_dropout_l2,10,1,21,0.024391649290919304,0.013287268579006195
mlp_4x100_gelu_dropout_l2,10,1,22,0.023725075647234917,0.01317578088492155
mlp_4x100_gelu_dropout_l2,10,1,23,0.023042557761073112,0.013084357604384422
mlp_4x100_gelu_dropout_l2,10,1,24,0.022527188062667847,0.012996683828532696
mlp_4x100_gelu_dropout_l2,10,1,25,0.021995559334754944,0.012936471030116081
mlp_4x100_gelu_dropout_l2,10,1,26,0.021543394774198532,0.012869358994066715
mlp_4x100_gelu_dropout_l2,10,1,27,0.02114115282893181,0.012804312631487846
mlp_4x100_gelu_dropout_l2,10,1,28,0.020765911787748337,0.012764925137162209
mlp_4x100_gelu_dropout_l2,10,1,29,0.020388036966323853,0.01271504070609808
mlp_4x100_gelu_dropout_l2,10,1,30,0.020041774958372116,0.01266971230506897
mlp_4x100_gelu_dropout_l2,10,1,31,0.019716057926416397,0.012636342085897923
mlp_4x100_gelu_dropout_l2,10,1,32,0.019457010552287102,0.012599353678524494
mlp_4x100_gelu_dropout_l2,10,1,33,0.019198842346668243,0.012571582570672035
mlp_4x100_gelu_dropout_l2,10,1,34,0.018938908353447914,0.01254117302596569
mlp_4x100_gelu_dropout_l2,10,1,35,0.018735026940703392,0.012518414296209812
mlp_4x100_gelu_dropout_l2,10,1,36,0.01856076903641224,0.01248981337994337
mlp_4x100_gelu_dropout_l2,10,1,37,0.01828652434051037,0.012463639490306377
mlp_4x100_gelu_dropout_l2,10,1,38,0.018145043402910233,0.012437500059604645
mlp_4x100_gelu_dropout_l2,10,1,39,0.017984982579946518,0.01242256909608841
mlp_4x100_gelu_dropout_l2,10,1,40,0.017828060314059258,0.012392600066959858
mlp_4x100_gelu_dropout_l2,10,1,41,0.01767827570438385,0.012377508915960789
mlp_4x100_gelu_dropout_l2,10,1,42,0.017520783469080925,0.012357915751636028
mlp_4x100_gelu_dropout_l2,10,1,43,0.017400085926055908,0.012343103997409344
mlp_4x100_gelu_dropout_l2,10,1,44,0.01728758215904236,0.012317870743572712
mlp_4x100_gelu_dropout_l2,10,1,45,0.017162954434752464,0.012304295785725117
mlp_4x100_gelu_dropout_l2,10,1,46,0.017072442919015884,0.012286251410841942
mlp_4x100_gelu_dropout_l2,10,1,47,0.016952648758888245,0.012269128113985062
mlp_4x100_gelu_dropout_l2,10,1,48,0.01684611476957798,0.012248950079083443
mlp_4x100_gelu_dropout_l2,10,1,49,0.016762694343924522,0.012232781387865543
mlp_4x100_gelu_dropout_l2,10,1,50,0.01666893996298313,0.012214535847306252
mlp_4x100_gelu_dropout_l2,10,1,51,0.016583802178502083,0.01220552995800972
mlp_4x100_gelu_dropout_l2,10,1,52,0.016482330858707428,0.012185939587652683
mlp_4x100_gelu_dropout_l2,10,1,53,0.016411801800131798,0.012170790694653988
mlp_4x100_gelu_dropout_l2,10,1,54,0.016359863802790642,0.012148981913924217
mlp_4x100_gelu_dropout_l2,10,1,55,0.01627601869404316,0.012138063088059425
mlp_4x100_gelu_dropout_l2,10,1,56,0.01622285693883896,0.012123686261475086
mlp_4x100_gelu_dropout_l2,10,1,57,0.016145462170243263,0.012105751782655716
mlp_4x100_gelu_dropout_l2,10,1,58,0.01607561483979225,0.012093151919543743
mlp_4x100_gelu_dropout_l2,10,1,59,0.016019875183701515,0.012076552957296371
mlp_4x100_gelu_dropout_l2,10,1,60,0.01595843769609928,0.012059681117534637
mlp_4x100_gelu_dropout_l2,10,1,61,0.015908226370811462,0.012050469405949116
mlp_4x100_gelu_dropout_l2,10,1,62,0.015838274732232094,0.012030648067593575
mlp_4x100_gelu_dropout_l2,10,1,63,0.015796247869729996,0.012011739425361156
mlp_4x100_gelu_dropout_l2,10,1,64,0.01575109362602234,0.011999850161373615
mlp_4x100_gelu_dropout_l2,10,1,65,0.015692569315433502,0.011981996707618237
mlp_4x100_gelu_dropout_l2,10,1,66,0.015646319836378098,0.011965986341238022
mlp_4x100_gelu_dropout_l2,10,1,67,0.015603036619722843,0.011952386237680912
mlp_4x100_gelu_dropout_l2,10,1,68,0.015548140741884708,0.011934371665120125
mlp_4x100_gelu_dropout_l2,10,1,69,0.015510600060224533,0.011919844895601273
mlp_4x100_gelu_dropout_l2,10,1,70,0.015467440709471703,0.011902214027941227
mlp_4x100_gelu_dropout_l2,10,1,71,0.015423023141920567,0.011884056963026524
mlp_4x100_gelu_dropout_l2,10,1,72,0.015385988168418407,0.01187403965741396
mlp_4x100_gelu_dropout_l2,10,1,73,0.015343408100306988,0.011856313794851303
mlp_4x100_gelu_dropout_l2,10,1,74,0.015306751243770123,0.011837740428745747
mlp_4x100_gelu_dropout_l2,10,1,75,0.015267029404640198,0.01182066835463047
mlp_4x100_gelu_dropout_l2,10,1,76,0.015232627280056477,0.011804423294961452
mlp_4x100_gelu_dropout_l2,10,1,77,0.015191400423645973,0.01179024763405323
mlp_4x100_gelu_dropout_l2,10,1,78,0.015154813416302204,0.011769364587962627
mlp_4x100_gelu_dropout_l2,10,1,79,0.015118798241019249,0.011756344698369503
mlp_4x100_gelu_dropout_l2,10,1,80,0.015085145831108093,0.011739520356059074
mlp_4x100_gelu_dropout_l2,10,1,81,0.015059870667755604,0.011718160472810268
mlp_4x100_gelu_dropout_l2,10,1,82,0.015011874958872795,0.011699924245476723
mlp_4x100_gelu_dropout_l2,10,1,83,0.014979341067373753,0.011683949269354343
mlp_4x100_gelu_dropout_l2,10,1,84,0.014947478659451008,0.01166503131389618
mlp_4x100_gelu_dropout_l2,10,1,85,0.014920695684850216,0.011650272645056248
mlp_4x100_gelu_dropout_l2,10,1,86,0.01487900409847498,0.01162941474467516
mlp_4x100_gelu_dropout_l2,10,1,87,0.01485686656087637,0.011610127985477448
mlp_4x100_gelu_dropout_l2,10,1,88,0.014822359196841717,0.011593593284487724
mlp_4x100_gelu_dropout_l2,10,1,89,0.014782886020839214,0.011575358919799328
mlp_4x100_gelu_dropout_l2,10,1,90,0.014758951961994171,0.011558706872165203
mlp_4x100_gelu_dropout_l2,10,1,91,0.014723016880452633,0.011538316495716572
mlp_4x100_gelu_dropout_l2,10,1,92,0.014693429693579674,0.011517639271914959
mlp_4x100_gelu_dropout_l2,10,1,93,0.014669782482087612,0.011498001404106617
mlp_4x100_gelu_dropout_l2,10,1,94,0.014634556137025356,0.01148028951138258
mlp_4x100_gelu_dropout_l2,10,1,95,0.014607058838009834,0.011461539193987846
mlp_4x100_gelu_dropout_l2,10,1,96,0.014571418054401875,0.011439275927841663
mlp_4x100_gelu_dropout_l2,10,1,97,0.014542353339493275,0.01142058428376913
mlp_4x100_gelu_dropout_l2,10,1,98,0.014509359374642372,0.01139969564974308
mlp_4x100_gelu_dropout_l2,10,1,99,0.014480572193861008,0.01137823797762394
mlp_4x100_gelu_dropout_l2,10,1,100,0.014450650662183762,0.011356656439602375
mlp_4x100_gelu_dropout_l2,10,1,101,0.0144221605733037,0.0113379443064332
mlp_4x100_gelu_dropout_l2,10,1,102,0.014393049292266369,0.01131707988679409
mlp_4x100_gelu_dropout_l2,10,1,103,0.014369598589837551,0.01129656471312046
mlp_4x100_gelu_dropout_l2,10,1,104,0.014332718215882778,0.011277616955339909
mlp_4x100_gelu_dropout_l2,10,1,105,0.014312071725726128,0.011254195123910904
mlp_4x100_gelu_dropout_l2,10,1,106,0.014281447976827621,0.01123305968940258
mlp_4x100_gelu_dropout_l2,10,1,107,0.014255469664931297,0.011209295131266117
mlp_4x100_gelu_dropout_l2,10,1,108,0.014220680110156536,0.011188644915819168
mlp_4x100_gelu_dropout_l2,10,1,109,0.014191051945090294,0.011165938340127468
mlp_4x100_gelu_dropout_l2,10,1,110,0.01416240818798542,0.011141952127218246
mlp_4x100_gelu_dropout_l2,10,1,111,0.014142559841275215,0.011120909824967384
mlp_4x100_gelu_dropout_l2,10,1,112,0.014104860834777355,0.01109856367111206
mlp_4x100_gelu_dropout_l2,10,1,113,0.014074334874749184,0.011075231246650219
mlp_4x100_gelu_dropout_l2,10,1,114,0.014047258533537388,0.011053789407014847
mlp_4x100_gelu_dropout_l2,10,1,115,0.014023574069142342,0.011029878631234169
mlp_4x100_gelu_dropout_l2,10,1,116,0.013990995474159718,0.011006463319063187
mlp_4x100_gelu_dropout_l2,10,1,117,0.013961603865027428,0.010982674546539783
mlp_4x100_gelu_dropout_l2,10,1,118,0.013937932439148426,0.010959124192595482
mlp_4x100_gelu_dropout_l2,10,1,119,0.013907110318541527,0.010935548692941666
mlp_4x100_gelu_dropout_l2,10,1,120,0.01388212013989687,0.010911766439676285
mlp_4x100_gelu_dropout_l2,10,1,121,0.0138447480276227,0.01088770106434822
mlp_4x100_gelu_dropout_l2,10,1,122,0.013827873393893242,0.010862214490771294
mlp_4x100_gelu_dropout_l2,10,1,123,0.013788650743663311,0.010838725604116917
mlp_4x100_gelu_dropout_l2,10,1,124,0.013765805400907993,0.010814708657562733
mlp_4x100_gelu_dropout_l2,10,1,125,0.013729993253946304,0.010789794847369194
mlp_4x100_gelu_dropout_l2,10,1,126,0.013704287819564342,0.010765494778752327
mlp_4x100_gelu_dropout_l2,10,1,127,0.013675305992364883,0.010740014724433422
mlp_4x100_gelu_dropout_l2,10,1,128,0.013639017939567566,0.01071567926555872
mlp_4x100_gelu_dropout_l2,10,1,129,0.013615904375910759,0.010691964067518711
mlp_4x100_gelu_dropout_l2,10,1,130,0.013592476956546307,0.01066814735531807
mlp_4x100_gelu_dropout_l2,10,1,131,0.013558054342865944,0.010641824454069138
mlp_4x100_gelu_dropout_l2,10,1,132,0.01352892629802227,0.010616704821586609
mlp_4x100_gelu_dropout_l2,10,1,133,0.013498707674443722,0.010592971928417683
mlp_4x100_gelu_dropout_l2,10,1,134,0.013472363352775574,0.01056764181703329
mlp_4x100_gelu_dropout_l2,10,1,135,0.013443388976156712,0.010543343611061573
mlp_4x100_gelu_dropout_l2,10,1,136,0.013412083499133587,0.01051914133131504
mlp_4x100_gelu_dropout_l2,10,1,137,0.013382232747972012,0.010493539273738861
mlp_4x100_gelu_dropout_l2,10,1,138,0.013355722650885582,0.010470041073858738
mlp_4x100_gelu_dropout_l2,10,1,139,0.01332866121083498,0.010445613414049149
mlp_4x100_gelu_dropout_l2,10,1,140,0.013297642581164837,0.010420577600598335
mlp_4x100_gelu_dropout_l2,10,1,141,0.01326808799058199,0.010396329686045647
mlp_4x100_gelu_dropout_l2,10,1,142,0.013240962289273739,0.01037197932600975
mlp_4x100_gelu_dropout_l2,10,1,143,0.013214600272476673,0.01034711766988039
mlp_4x100_gelu_dropout_l2,10,1,144,0.01318623498082161,0.010323149152100086
mlp_4x100_gelu_dropout_l2,10,1,145,0.013157960027456284,0.010299528017640114
mlp_4x100_gelu_dropout_l2,10,1,146,0.01313383225351572,0.010275633074343204
mlp_4x100_gelu_dropout_l2,10,1,147,0.013103533536195755,0.010251123458147049
mlp_4x100_gelu_dropout_l2,10,1,148,0.013072559610009193,0.010228167288005352
mlp_4x100_gelu_dropout_l2,10,1,149,0.013044070452451706,0.010205160826444626
mlp_4x100_gelu_dropout_l2,10,1,150,0.013014394789934158,0.010183703154325485
mlp_4x100_gelu_dropout_l2,10,1,151,0.012988299131393433,0.010160014033317566
mlp_4x100_gelu_dropout_l2,10,1,152,0.012959356419742107,0.0101364990696311
mlp_4x100_gelu_dropout_l2,10,1,153,0.012939643114805222,0.01011379063129425
mlp_4x100_gelu_dropout_l2,10,1,154,0.012903917580842972,0.010092899203300476
mlp_4x100_gelu_dropout_l2,10,1,155,0.01287857349961996,0.010072796605527401
mlp_4x100_gelu_dropout_l2,10,1,156,0.01285674050450325,0.01004911307245493
mlp_4x100_gelu_dropout_l2,10,1,157,0.012825393117964268,0.010027064010500908
mlp_4x100_gelu_dropout_l2,10,1,158,0.012801195494830608,0.01000650692731142
mlp_4x100_gelu_dropout_l2,10,1,159,0.012778948061168194,0.009985252283513546
mlp_4x100_gelu_dropout_l2,10,1,160,0.012746993452310562,0.009964616037905216
mlp_4x100_gelu_dropout_l2,10,1,161,0.012724927626550198,0.009947127662599087
mlp_4x100_gelu_dropout_l2,10,1,162,0.012702382169663906,0.00992661714553833
mlp_4x100_gelu_dropout_l2,10,1,163,0.01267354004085064,0.009906265884637833
mlp_4x100_gelu_dropout_l2,10,1,164,0.012650024145841599,0.009887097403407097
mlp_4x100_gelu_dropout_l2,10,1,165,0.012626989744603634,0.009870624169707298
mlp_4x100_gelu_dropout_l2,10,1,166,0.012603008188307285,0.009852527640759945
mlp_4x100_gelu_dropout_l2,10,1,167,0.012586402706801891,0.009837531484663486
mlp_4x100_gelu_dropout_l2,10,1,168,0.012559197843074799,0.009818531572818756
mlp_4x100_gelu_dropout_l2,10,1,169,0.012537616305053234,0.00980248674750328
mlp_4x100_gelu_dropout_l2,10,1,170,0.01251210831105709,0.009790110401809216
mlp_4x100_gelu_dropout_l2,10,1,171,0.012499190866947174,0.009773778729140759
mlp_4x100_gelu_dropout_l2,10,1,172,0.01246090792119503,0.00976199097931385
mlp_4x100_gelu_dropout_l2,10,1,173,0.012444227933883667,0.009749078191816807
mlp_4x100_gelu_dropout_l2,10,1,174,0.012427500449120998,0.009734028950333595
mlp_4x100_gelu_dropout_l2,10,1,175,0.012405777350068092,0.009722142480313778
mlp_4x100_gelu_dropout_l2,10,1,176,0.012392289005219936,0.009709294885396957
mlp_4x100_gelu_dropout_l2,10,1,177,0.012356242164969444,0.009699948132038116
mlp_4x100_gelu_dropout_l2,10,1,178,0.012346610426902771,0.00968934502452612
mlp_4x100_gelu_dropout_l2,10,1,179,0.01232739258557558,0.009676472283899784
mlp_4x100_gelu_dropout_l2,10,1,180,0.012312297709286213,0.009665277786552906
mlp_4x100_gelu_dropout_l2,10,1,181,0.012284931726753712,0.00965896900743246
mlp_4x100_gelu_dropout_l2,10,1,182,0.01227508019655943,0.009644221514463425
mlp_4x100_gelu_dropout_l2,10,1,183,0.012258059345185757,0.009635837748646736
mlp_4x100_gelu_dropout_l2,10,1,184,0.012218568474054337,0.009627407416701317
mlp_4x100_gelu_dropout_l2,10,1,185,0.012209180742502213,0.009623071178793907
mlp_4x100_gelu_dropout_l2,10,1,186,0.012200549244880676,0.009617569856345654
mlp_4x100_gelu_dropout_l2,10,1,187,0.012173500843346119,0.009604823775589466
mlp_4x100_gelu_dropout_l2,10,1,188,0.012161671184003353,0.009601764380931854
mlp_4x100_gelu_dropout_l2,10,1,189,0.012145832180976868,0.009591838344931602
mlp_4x100_gelu_dropout_l2,10,1,190,0.01212774496525526,0.009584981016814709
mlp_4x100_gelu_dropout_l2,10,1,191,0.012105206027626991,0.0095820352435112
mlp_4x100_gelu_dropout_l2,10,1,192,0.012085136957466602,0.009571114555001259
mlp_4x100_gelu_dropout_l2,10,1,193,0.012081644497811794,0.009561781771481037
mlp_4x100_gelu_dropout_l2,10,1,194,0.012072059325873852,0.009557005949318409
mlp_4x100_gelu_dropout_l2,10,1,195,0.012052610516548157,0.009549615904688835
mlp_4x100_gelu_dropout_l2,10,1,196,0.012038048356771469,0.009544813074171543
mlp_4x100_gelu_dropout_l2,10,1,197,0.012033476494252682,0.009538603015244007
mlp_4x100_gelu_dropout_l2,10,1,198,0.012003582902252674,0.009532976895570755
mlp_4x100_gelu_dropout_l2,10,1,199,0.011987170204520226,0.009521369822323322
mlp_4x100_gelu_dropout_l2,10,1,200,0.011981850489974022,0.009526912122964859
mlp_4x100_gelu_dropout_l2,10,1,201,0.01198482234030962,0.009509620256721973
mlp_4x100_gelu_dropout_l2,10,1,202,0.011957745999097824,0.009510340169072151
mlp_4x100_gelu_dropout_l2,10,1,203,0.011952574364840984,0.009507794864475727
mlp_4x100_gelu_dropout_l2,10,1,204,0.011918745934963226,0.009506797417998314
mlp_4x100_gelu_dropout_l2,10,1,205,0.011918502859771252,0.009509318508207798
mlp_4x100_gelu_dropout_l2,10,1,206,0.011904970742762089,0.009502541273832321
mlp_4x100_gelu_dropout_l2,10,1,207,0.011889264918863773,0.009502035565674305
mlp_4x100_gelu_dropout_l2,10,1,208,0.011871334165334702,0.009498991072177887
mlp_4x100_gelu_dropout_l2,10,1,209,0.011859951540827751,0.009492128156125546
mlp_4x100_gelu_dropout_l2,10,1,210,0.011853817850351334,0.009486593306064606
mlp_4x100_gelu_dropout_l2,10,1,211,0.011854644864797592,0.009483092464506626
mlp_4x100_gelu_dropout_l2,10,1,212,0.011834237724542618,0.009489866904914379
mlp_4x100_gelu_dropout_l2,10,1,213,0.011823105625808239,0.009482065215706825
mlp_4x100_gelu_dropout_l2,10,1,214,0.011817216873168945,0.009474951773881912
mlp_4x100_gelu_dropout_l2,10,1,215,0.01182564441114664,0.00946396216750145
mlp_4x100_gelu_dropout_l2,10,1,216,0.011792724952101707,0.009460464119911194
mlp_4x100_gelu_dropout_l2,10,1,217,0.011798188090324402,0.00946310069411993
mlp_4x100_gelu_dropout_l2,10,1,218,0.011793351732194424,0.009467439725995064
mlp_4x100_gelu_dropout_l2,10,1,219,0.011788059957325459,0.009456198662519455
mlp_4x100_gelu_dropout_l2,10,1,220,0.011762820184230804,0.009461392648518085
mlp_4x100_gelu_dropout_l2,10,1,221,0.011761347763240337,0.009451597929000854
mlp_4x100_gelu_dropout_l2,10,1,222,0.011762295849621296,0.00944868940860033
mlp_4x100_gelu_dropout_l2,10,1,223,0.011746877804398537,0.009449303150177002
mlp_4x100_gelu_dropout_l2,10,1,224,0.011738096363842487,0.009442062117159367
mlp_4x100_gelu_dropout_l2,10,1,225,0.011718026362359524,0.009453917853534222
mlp_4x100_gelu_dropout_l2,10,1,226,0.011712182313203812,0.009452504105865955
mlp_4x100_gelu_dropout_l2,10,1,227,0.011707727797329426,0.00944796297699213
mlp_4x100_gelu_dropout_l2,10,1,228,0.011711743660271168,0.00945303589105606
mlp_4x100_gelu_dropout_l2,10,1,229,0.011711214669048786,0.009434439241886139
mlp_4x100_gelu_dropout_l2,10,1,230,0.011675742454826832,0.009449072182178497
mlp_4x100_gelu_dropout_l2,10,1,231,0.011680101044476032,0.009441502392292023
mlp_4x100_gelu_dropout_l2,10,1,232,0.011678733862936497,0.009432568214833736
mlp_4x100_gelu_dropout_l2,10,1,233,0.011664162389934063,0.009454254060983658
mlp_4x100_gelu_dropout_l2,10,1,234,0.011664526537060738,0.009428252466022968
mlp_4x100_gelu_dropout_l2,10,1,235,0.011652998626232147,0.009445088915526867
mlp_4x100_gelu_dropout_l2,10,1,236,0.011650283820927143,0.009436947293579578
mlp_4x100_gelu_dropout_l2,10,1,237,0.011653009802103043,0.00942769180983305
mlp_4x100_gelu_dropout_l2,10,1,238,0.011626390740275383,0.009433742612600327
mlp_4x100_gelu_dropout_l2,10,1,239,0.011631433852016926,0.00943399965763092
mlp_4x100_gelu_dropout_l2,10,1,240,0.011623730883002281,0.009430238045752048
mlp_4x100_gelu_dropout_l2,10,1,241,0.011625698767602444,0.009429249912500381
mlp_4x100_gelu_dropout_l2,10,1,242,0.01161918230354786,0.009428172372281551
mlp_4x100_gelu_dropout_l2,10,1,243,0.01160716637969017,0.009421962313354015
mlp_4x100_gelu_dropout_l2,10,1,244,0.011613481678068638,0.00941907986998558
mlp_4x100_gelu_dropout_l2,10,1,245,0.011588778346776962,0.00942546408623457
mlp_4x100_gelu_dropout_l2,10,1,246,0.011615588329732418,0.00942519772797823
mlp_4x100_gelu_dropout_l2,10,1,247,0.011575406417250633,0.009427318349480629
mlp_4x100_gelu_dropout_l2,10,1,248,0.011595473624765873,0.00941902119666338
mlp_4x100_gelu_dropout_l2,10,1,249,0.011584021151065826,0.009421762079000473
mlp_4x100_gelu_dropout_l2,10,1,250,0.011566916480660439,0.009431612677872181
mlp_4x100_gelu_dropout_l2,10,1,251,0.011545171029865742,0.009422151371836662
mlp_4x100_gelu_dropout_l2,10,1,252,0.01155881118029356,0.009424746967852116
mlp_4x100_gelu_dropout_l2,10,1,253,0.01156566385179758,0.009425071999430656
mlp_4x100_gelu_dropout_l2,10,1,254,0.01155742909759283,0.009415794163942337
mlp_4x100_gelu_dropout_l2,10,1,255,0.011545661836862564,0.009438428096473217
mlp_4x100_gelu_dropout_l2,10,1,256,0.011549415998160839,0.009427521377801895
mlp_4x100_gelu_dropout_l2,10,1,257,0.011547859758138657,0.009431605227291584
mlp_4x100_gelu_dropout_l2,10,1,258,0.011544635519385338,0.009421974420547485
mlp_4x100_gelu_dropout_l2,10,1,259,0.011529099196195602,0.009425648488104343
mlp_4x100_gelu_dropout_l2,10,1,260,0.011545238085091114,0.009416816756129265
mlp_4x100_gelu_dropout_l2,10,1,261,0.01152739766985178,0.009431502781808376
mlp_4x100_gelu_dropout_l2,10,1,262,0.011513099074363708,0.009432770311832428
mlp_4x100_gelu_dropout_l2,10,1,263,0.011503242887556553,0.00942924153059721
mlp_4x100_gelu_dropout_l2,10,1,264,0.011520801112055779,0.009421992115676403
mlp_4x100_gelu_dropout_l2,10,1,265,0.011508200317621231,0.009420295245945454
mlp_4x100_gelu_dropout_l2,10,1,266,0.011509454809129238,0.00943951029330492
mlp_4x100_gelu_dropout_l2,10,1,267,0.011508025228977203,0.009422156028449535
mlp_4x100_gelu_dropout_l2,10,1,268,0.011506365612149239,0.00941560324281454
mlp_4x100_gelu_dropout_l2,10,1,269,0.011492189019918442,0.009424926713109016
mlp_4x100_gelu_dropout_l2,10,1,270,0.01149219460785389,0.009434913285076618
mlp_4x100_gelu_dropout_l2,10,1,271,0.011503833346068859,0.009416552260518074
mlp_4x100_gelu_dropout_l2,10,1,272,0.011489789001643658,0.009416962042450905
mlp_4x100_gelu_dropout_l2,10,1,273,0.01149093359708786,0.009434284642338753
mlp_4x100_gelu_dropout_l2,10,1,274,0.011493930593132973,0.009432204067707062
mlp_4x100_gelu_dropout_l2,10,1,275,0.011472218669950962,0.00942686852067709
mlp_4x100_gelu_dropout_l2,10,1,276,0.011463770642876625,0.009419510141015053
mlp_4x100_gelu_dropout_l2,10,1,277,0.011453650891780853,0.00941964890807867
mlp_4x100_gelu_dropout_l2,10,1,278,0.011479374021291733,0.009412359446287155
mlp_4x100_gelu_dropout_l2,10,1,279,0.011468888260424137,0.009404865093529224
mlp_4x100_gelu_dropout_l2,10,1,280,0.011456197127699852,0.009417759254574776
mlp_4x100_gelu_dropout_l2,10,1,281,0.011449126526713371,0.009424213320016861
mlp_4x100_gelu_dropout_l2,10,1,282,0.011454233899712563,0.009429914876818657
mlp_4x100_gelu_dropout_l2,10,1,283,0.011446408927440643,0.009430564939975739
mlp_4x100_gelu_dropout_l2,10,1,284,0.011453015729784966,0.009437263011932373
mlp_4x100_gelu_dropout_l2,10,1,285,0.011438599787652493,0.009423203766345978
mlp_4x100_gelu_dropout_l2,10,1,286,0.011437022127211094,0.009416048415005207
mlp_4x100_gelu_dropout_l2,10,1,287,0.011453335173428059,0.009417958557605743
mlp_4x100_gelu_dropout_l2,10,1,288,0.011417260393500328,0.009444777853786945
mlp_4x100_gelu_dropout_l2,10,1,289,0.011442065238952637,0.009423768147826195
mlp_4x100_gelu_dropout_l2,10,1,290,0.011442260816693306,0.009404352866113186
mlp_4x100_gelu_dropout_l2,10,1,291,0.01140971202403307,0.009432302787899971
mlp_4x100_gelu_dropout_l2,10,1,292,0.011420833878219128,0.00941680558025837
mlp_4x100_gelu_dropout_l2,10,1,293,0.011425493285059929,0.009419120848178864
mlp_4x100_gelu_dropout_l2,10,1,294,0.011411505751311779,0.009432912804186344
mlp_4x100_gelu_dropout_l2,10,1,295,0.011410247534513474,0.009424448013305664
mlp_4x100_gelu_dropout_l2,10,1,296,0.011415176093578339,0.009424952790141106
mlp_4x100_gelu_dropout_l2,10,1,297,0.0113997682929039,0.009435215964913368
mlp_4x100_gelu_dropout_l2,10,1,298,0.011419891379773617,0.009419035166501999
mlp_4x100_gelu_dropout_l2,10,1,299,0.011393372900784016,0.009436499327421188
mlp_4x100_gelu_dropout_l2,10,1,300,0.011411063373088837,0.009411086328327656
mlp_4x100_gelu_dropout_l2,10,1,301,0.011405442841351032,0.00942825898528099
mlp_4x100_gelu_dropout_l2,10,1,302,0.01139195915311575,0.009420927613973618
mlp_4x100_gelu_dropout_l2,10,1,303,0.011393969878554344,0.00941692478954792
mlp_4x100_gelu_dropout_l2,10,1,304,0.011394178494811058,0.009431055746972561
mlp_4x100_gelu_dropout_l2,10,1,305,0.011383439414203167,0.009424597956240177
mlp_4x100_gelu_dropout_l2,10,1,306,0.011391404084861279,0.009421288035809994
mlp_4x100_gelu_dropout_l2,10,1,307,0.011374810710549355,0.009434585459530354
mlp_4x100_gelu_dropout_l2,10,1,308,0.01139806304126978,0.00944592896848917
mlp_4x100_gelu_dropout_l2,10,1,309,0.01137379091233015,0.009429632686078548
mlp_4x100_gelu_dropout_l2,10,1,310,0.01137779001146555,0.009424273855984211
mlp_4x100_gelu_dropout_l2,10,1,311,0.011368595995008945,0.0094404686242342
mlp_4x100_gelu_dropout_l2,10,1,312,0.011372653767466545,0.009426106698811054
mlp_4x100_gelu_dropout_l2,10,1,313,0.011362080462276936,0.00944600347429514
mlp_4x100_gelu_dropout_l2,10,1,314,0.011368589475750923,0.00943070650100708
mlp_4x100_gelu_dropout_l2,10,1,315,0.011360528878867626,0.009438312612473965
mlp_4x100_gelu_dropout_l2,10,1,316,0.011375327594578266,0.009446974843740463
mlp_4x100_gelu_dropout_l2,10,1,317,0.011368055827915668,0.009435052052140236
mlp_4x100_gelu_dropout_l2,10,1,318,0.01136694010347128,0.009442741982638836
mlp_4x100_gelu_dropout_l2,10,1,319,0.011362528428435326,0.009446500800549984
mlp_4x100_gelu_dropout_l2,10,1,320,0.011357143521308899,0.009423895739018917
mlp_4x100_gelu_dropout_l2,10,5,1,0.20536257326602936,0.06422893702983856
mlp_4x100_gelu_dropout_l2,10,5,2,0.1338934749364853,0.04844503104686737
mlp_4x100_gelu_dropout_l2,10,5,3,0.1030629426240921,0.03855612874031067
mlp_4x100_gelu_dropout_l2,10,5,4,0.08357550203800201,0.03160605952143669
mlp_4x100_gelu_dropout_l2,10,5,5,0.07032483071088791,0.026563681662082672
mlp_4x100_gelu_dropout_l2,10,5,6,0.06074805557727814,0.02276558429002762
mlp_4x100_gelu_dropout_l2,10,5,7,0.05351240560412407,0.019898956641554832
mlp_4x100_gelu_dropout_l2,10,5,8,0.04765961691737175,0.017646905034780502
mlp_4x100_gelu_dropout_l2,10,5,9,0.04302826151251793,0.01590185984969139
mlp_4x100_gelu_dropout_l2,10,5,10,0.039327189326286316,0.014500820077955723
mlp_4x100_gelu_dropout_l2,10,5,11,0.03631097823381424,0.01335272565484047
mlp_4x100_gelu_dropout_l2,10,5,12,0.03350690007209778,0.012448751367628574
mlp_4x100_gelu_dropout_l2,10,5,13,0.03121635690331459,0.011685947887599468
mlp_4x100_gelu_dropout_l2,10,5,14,0.02921452932059765,0.011092406697571278
mlp_4x100_gelu_dropout_l2,10,5,15,0.02741854079067707,0.010566981509327888
mlp_4x100_gelu_dropout_l2,10,5,16,0.02596069499850273,0.01012685801833868
mlp_4x100_gelu_dropout_l2,10,5,17,0.02459843084216118,0.009770365431904793
mlp_4x100_gelu_dropout_l2,10,5,18,0.023358725011348724,0.00947685819119215
mlp_4x100_gelu_dropout_l2,10,5,19,0.02222704142332077,0.009188569150865078
mlp_4x100_gelu_dropout_l2,10,5,20,0.021286191418766975,0.008961484767496586
mlp_4x100_gelu_dropout_l2,10,5,21,0.020352110266685486,0.008788407780230045
mlp_4x100_gelu_dropout_l2,10,5,22,0.01957125961780548,0.008610312826931477
mlp_4x100_gelu_dropout_l2,10,5,23,0.018754201009869576,0.008460420183837414
mlp_4x100_gelu_dropout_l2,10,5,24,0.018120277673006058,0.008346056565642357
mlp_4x100_gelu_dropout_l2,10,5,25,0.01747952401638031,0.008254501968622208
mlp_4x100_gelu_dropout_l2,10,5,26,0.016900086775422096,0.008148571476340294
mlp_4x100_gelu_dropout_l2,10,5,27,0.01637214794754982,0.008059064857661724
mlp_4x100_gelu_dropout_l2,10,5,28,0.01593523845076561,0.007998804561793804
mlp_4x100_gelu_dropout_l2,10,5,29,0.01541964989155531,0.00791386142373085
mlp_4x100_gelu_dropout_l2,10,5,30,0.015004213899374008,0.007867438718676567
mlp_4x100_gelu_dropout_l2,10,5,31,0.014649846591055393,0.0078048547729849815
mlp_4x100_gelu_dropout_l2,10,5,32,0.01429792307317257,0.0077693890780210495
mlp_4x100_gelu_dropout_l2,10,5,33,0.013951616361737251,0.0077213444747030735
mlp_4x100_gelu_dropout_l2,10,5,34,0.013636820949614048,0.007680530194193125
mlp_4x100_gelu_dropout_l2,10,5,35,0.01338154822587967,0.007646785117685795
mlp_4x100_gelu_dropout_l2,10,5,36,0.013132906518876553,0.007611279375851154
mlp_4x100_gelu_dropout_l2,10,5,37,0.012839759700000286,0.007582475896924734
mlp_4x100_gelu_dropout_l2,10,5,38,0.012592294253408909,0.007547564338892698
mlp_4x100_gelu_dropout_l2,10,5,39,0.012407854199409485,0.007533740252256393
mlp_4x100_gelu_dropout_l2,10,5,40,0.012204471044242382,0.007508132141083479
mlp_4x100_gelu_dropout_l2,10,5,41,0.011997221037745476,0.007481827866286039
mlp_4x100_gelu_dropout_l2,10,5,42,0.01180360745638609,0.007453113328665495
mlp_4x100_gelu_dropout_l2,10,5,43,0.01166839525103569,0.0074407607316970825
mlp_4x100_gelu_dropout_l2,10,5,44,0.011490128003060818,0.007408063393086195
mlp_4x100_gelu_dropout_l2,10,5,45,0.011340444907546043,0.007388839032500982
mlp_4x100_gelu_dropout_l2,10,5,46,0.011217538267374039,0.007373790256679058
mlp_4x100_gelu_dropout_l2,10,5,47,0.011090272106230259,0.007354514207690954
mlp_4x100_gelu_dropout_l2,10,5,48,0.010956093668937683,0.007336447015404701
mlp_4x100_gelu_dropout_l2,10,5,49,0.010819721035659313,0.00731692323461175
mlp_4x100_gelu_dropout_l2,10,5,50,0.010702401399612427,0.007301746401935816
mlp_4x100_gelu_dropout_l2,10,5,51,0.010600674897432327,0.007284622173756361
mlp_4x100_gelu_dropout_l2,10,5,52,0.01046721637248993,0.007264959160238504
mlp_4x100_gelu_dropout_l2,10,5,53,0.010373723693192005,0.007248533423990011
mlp_4x100_gelu_dropout_l2,10,5,54,0.01029244251549244,0.007231590803712606
mlp_4x100_gelu_dropout_l2,10,5,55,0.010197034105658531,0.0072187380865216255
mlp_4x100_gelu_dropout_l2,10,5,56,0.01012225542217493,0.007205624599009752
mlp_4x100_gelu_dropout_l2,10,5,57,0.010009887628257275,0.0071846432983875275
mlp_4x100_gelu_dropout_l2,10,5,58,0.009950823150575161,0.007170991972088814
mlp_4x100_gelu_dropout_l2,10,5,59,0.009853183291852474,0.007151566445827484
mlp_4x100_gelu_dropout_l2,10,5,60,0.009795001707971096,0.00713446456938982
mlp_4x100_gelu_dropout_l2,10,5,61,0.009735171683132648,0.007122547831386328
mlp_4x100_gelu_dropout_l2,10,5,62,0.009655441157519817,0.007105223368853331
mlp_4x100_gelu_dropout_l2,10,5,63,0.009593539871275425,0.007086895871907473
mlp_4x100_gelu_dropout_l2,10,5,64,0.009531541727483273,0.007073013577610254
mlp_4x100_gelu_dropout_l2,10,5,65,0.009474469348788261,0.007055549416691065
mlp_4x100_gelu_dropout_l2,10,5,66,0.009418753907084465,0.007038945332169533
mlp_4x100_gelu_dropout_l2,10,5,67,0.009364052675664425,0.007024950813502073
mlp_4x100_gelu_dropout_l2,10,5,68,0.009293721057474613,0.007008511107414961
mlp_4x100_gelu_dropout_l2,10,5,69,0.009250285103917122,0.0069953626953065395
mlp_4x100_gelu_dropout_l2,10,5,70,0.009191911667585373,0.006978255696594715
mlp_4x100_gelu_dropout_l2,10,5,71,0.009130547754466534,0.006961229722946882
mlp_4x100_gelu_dropout_l2,10,5,72,0.009081916883587837,0.00693994015455246
mlp_4x100_gelu_dropout_l2,10,5,73,0.00904858112335205,0.006926119793206453
mlp_4x100_gelu_dropout_l2,10,5,74,0.008991651237010956,0.00690802838653326
mlp_4x100_gelu_dropout_l2,10,5,75,0.008939632214605808,0.006892602890729904
mlp_4x100_gelu_dropout_l2,10,5,76,0.008901314809918404,0.006874077953398228
mlp_4x100_gelu_dropout_l2,10,5,77,0.008859928697347641,0.006861926056444645
mlp_4x100_gelu_dropout_l2,10,5,78,0.0088181272149086,0.006842992268502712
mlp_4x100_gelu_dropout_l2,10,5,79,0.008773048408329487,0.006828132551163435
mlp_4x100_gelu_dropout_l2,10,5,80,0.008738563396036625,0.006805543787777424
mlp_4x100_gelu_dropout_l2,10,5,81,0.008701203390955925,0.006791066378355026
mlp_4x100_gelu_dropout_l2,10,5,82,0.008658203296363354,0.006771063432097435
mlp_4x100_gelu_dropout_l2,10,5,83,0.00861342716962099,0.00675728777423501
mlp_4x100_gelu_dropout_l2,10,5,84,0.008570598438382149,0.006736456882208586
mlp_4x100_gelu_dropout_l2,10,5,85,0.0085375951603055,0.006719836033880711
mlp_4x100_gelu_dropout_l2,10,5,86,0.00850906502455473,0.00669964449480176
mlp_4x100_gelu_dropout_l2,10,5,87,0.008473220281302929,0.006682395935058594
mlp_4x100_gelu_dropout_l2,10,5,88,0.008439483121037483,0.006663401145488024
mlp_4x100_gelu_dropout_l2,10,5,89,0.00840249564498663,0.006648214999586344
mlp_4x100_gelu_dropout_l2,10,5,90,0.008367478847503662,0.0066265519708395
mlp_4x100_gelu_dropout_l2,10,5,91,0.008332417346537113,0.006609227973967791
mlp_4x100_gelu_dropout_l2,10,5,92,0.008291971869766712,0.006588613148778677
mlp_4x100_gelu_dropout_l2,10,5,93,0.008266516961157322,0.006571017671376467
mlp_4x100_gelu_dropout_l2,10,5,94,0.008232899941504002,0.006548592355102301
mlp_4x100_gelu_dropout_l2,10,5,95,0.008201810531318188,0.006531188264489174
mlp_4x100_gelu_dropout_l2,10,5,96,0.008164100348949432,0.0065111019648611546
mlp_4x100_gelu_dropout_l2,10,5,97,0.008133957162499428,0.00649086432531476
mlp_4x100_gelu_dropout_l2,10,5,98,0.008108261041343212,0.0064691342413425446
mlp_4x100_gelu_dropout_l2,10,5,99,0.00806962326169014,0.0064506144262850285
mlp_4x100_gelu_dropout_l2,10,5,100,0.008042941801249981,0.006432087626308203
mlp_4x100_gelu_dropout_l2,10,5,101,0.008009485900402069,0.006411853712052107
mlp_4x100_gelu_dropout_l2,10,5,102,0.007980884984135628,0.006388277281075716
mlp_4x100_gelu_dropout_l2,10,5,103,0.007955650798976421,0.006368036847561598
mlp_4x100_gelu_dropout_l2,10,5,104,0.007923507131636143,0.006347070913761854
mlp_4x100_gelu_dropout_l2,10,5,105,0.007889920845627785,0.006322592496871948
mlp_4x100_gelu_dropout_l2,10,5,106,0.007864519022405148,0.006301192566752434
mlp_4x100_gelu_dropout_l2,10,5,107,0.007829477079212666,0.0062797521241009235
mlp_4x100_gelu_dropout_l2,10,5,108,0.007798267528414726,0.006258012261241674
mlp_4x100_gelu_dropout_l2,10,5,109,0.007768705952912569,0.00623616948723793
mlp_4x100_gelu_dropout_l2,10,5,110,0.007740263361483812,0.006213713902980089
mlp_4x100_gelu_dropout_l2,10,5,111,0.007715270854532719,0.006193109788000584
mlp_4x100_gelu_dropout_l2,10,5,112,0.0076866550371050835,0.006168575491756201
mlp_4x100_gelu_dropout_l2,10,5,113,0.007650583982467651,0.006145454943180084
mlp_4x100_gelu_dropout_l2,10,5,114,0.007627988699823618,0.00612226827070117
mlp_4x100_gelu_dropout_l2,10,5,115,0.007596489507704973,0.006098617799580097
mlp_4x100_gelu_dropout_l2,10,5,116,0.007566614542156458,0.006075454410165548
mlp_4x100_gelu_dropout_l2,10,5,117,0.007539283484220505,0.006052415352314711
mlp_4x100_gelu_dropout_l2,10,5,118,0.007512669079005718,0.00602888036519289
mlp_4x100_gelu_dropout_l2,10,5,119,0.007479949854314327,0.006006436422467232
mlp_4x100_gelu_dropout_l2,10,5,120,0.0074518658220767975,0.005980087909847498
mlp_4x100_gelu_dropout_l2,10,5,121,0.007417444139719009,0.005957546643912792
mlp_4x100_gelu_dropout_l2,10,5,122,0.00739706726744771,0.005932070314884186
mlp_4x100_gelu_dropout_l2,10,5,123,0.007362500298768282,0.005906902719289064
mlp_4x100_gelu_dropout_l2,10,5,124,0.007334566675126553,0.005883010569959879
mlp_4x100_gelu_dropout_l2,10,5,125,0.007309098728001118,0.005858168471604586
mlp_4x100_gelu_dropout_l2,10,5,126,0.007277762051671743,0.005833405070006847
mlp_4x100_gelu_dropout_l2,10,5,127,0.007248220033943653,0.005807902663946152
mlp_4x100_gelu_dropout_l2,10,5,128,0.00721971457824111,0.0057829925790429115
mlp_4x100_gelu_dropout_l2,10,5,129,0.007189879193902016,0.005758272483944893
mlp_4x100_gelu_dropout_l2,10,5,130,0.007165652699768543,0.005733196157962084
mlp_4x100_gelu_dropout_l2,10,5,131,0.007135442923754454,0.005708085838705301
mlp_4x100_gelu_dropout_l2,10,5,132,0.0071066636592149734,0.005682134069502354
mlp_4x100_gelu_dropout_l2,10,5,133,0.007077195215970278,0.005658184178173542
mlp_4x100_gelu_dropout_l2,10,5,134,0.007051791530102491,0.00563148083165288
mlp_4x100_gelu_dropout_l2,10,5,135,0.007016523275524378,0.005605902057141066
mlp_4x100_gelu_dropout_l2,10,5,136,0.006992620415985584,0.005581647157669067
mlp_4x100_gelu_dropout_l2,10,5,137,0.006960516795516014,0.005555411335080862
mlp_4x100_gelu_dropout_l2,10,5,138,0.006934607867151499,0.005529739893972874
mlp_4x100_gelu_dropout_l2,10,5,139,0.006908046081662178,0.005503703374415636
mlp_4x100_gelu_dropout_l2,10,5,140,0.006880611646920443,0.005478670820593834
mlp_4x100_gelu_dropout_l2,10,5,141,0.006850454956293106,0.0054544261656701565
mlp_4x100_gelu_dropout_l2,10,5,142,0.006823938339948654,0.005428806412965059
mlp_4x100_gelu_dropout_l2,10,5,143,0.006797583308070898,0.005402796436101198
mlp_4x100_gelu_dropout_l2,10,5,144,0.006771035958081484,0.0053764833137393
mlp_4x100_gelu_dropout_l2,10,5,145,0.006738768424838781,0.005352991167455912
mlp_4x100_gelu_dropout_l2,10,5,146,0.006714549846947193,0.005326390732079744
mlp_4x100_gelu_dropout_l2,10,5,147,0.006688887719064951,0.005300327204167843
mlp_4x100_gelu_dropout_l2,10,5,148,0.006657758262008429,0.005275635980069637
mlp_4x100_gelu_dropout_l2,10,5,149,0.006633359007537365,0.005252811126410961
mlp_4x100_gelu_dropout_l2,10,5,150,0.006605453323572874,0.005226572509855032
mlp_4x100_gelu_dropout_l2,10,5,151,0.006580788642168045,0.0052018011920154095
mlp_4x100_gelu_dropout_l2,10,5,152,0.006552482023835182,0.005177405662834644
mlp_4x100_gelu_dropout_l2,10,5,153,0.006527088116854429,0.005152959376573563
mlp_4x100_gelu_dropout_l2,10,5,154,0.006502166856080294,0.005129690282046795
mlp_4x100_gelu_dropout_l2,10,5,155,0.006476867478340864,0.005104985553771257
mlp_4x100_gelu_dropout_l2,10,5,156,0.006451522000133991,0.0050814272835850716
mlp_4x100_gelu_dropout_l2,10,5,157,0.0064262039959430695,0.005057970527559519
mlp_4x100_gelu_dropout_l2,10,5,158,0.006402038503438234,0.005034455098211765
mlp_4x100_gelu_dropout_l2,10,5,159,0.006376065779477358,0.005010631866753101
mlp_4x100_gelu_dropout_l2,10,5,160,0.006352940108627081,0.004989070352166891
mlp_4x100_gelu_dropout_l2,10,5,161,0.006329571362584829,0.004966183565557003
mlp_4x100_gelu_dropout_l2,10,5,162,0.0063054864294826984,0.004944026470184326
mlp_4x100_gelu_dropout_l2,10,5,163,0.006281288806349039,0.0049225566908717155
mlp_4x100_gelu_dropout_l2,10,5,164,0.006259532645344734,0.004900820553302765
mlp_4x100_gelu_dropout_l2,10,5,165,0.006236580200493336,0.0048791468143463135
mlp_4x100_gelu_dropout_l2,10,5,166,0.0062140170484781265,0.004858931060880423
mlp_4x100_gelu_dropout_l2,10,5,167,0.006190708372741938,0.004838126711547375
mlp_4x100_gelu_dropout_l2,10,5,168,0.006167980842292309,0.004817655310034752
mlp_4x100_gelu_dropout_l2,10,5,169,0.006147435866296291,0.004797664936631918
mlp_4x100_gelu_dropout_l2,10,5,170,0.006126953288912773,0.004778559319674969
mlp_4x100_gelu_dropout_l2,10,5,171,0.006103593856096268,0.004759735427796841
mlp_4x100_gelu_dropout_l2,10,5,172,0.006084905471652746,0.004740831907838583
mlp_4x100_gelu_dropout_l2,10,5,173,0.006063286680728197,0.00472380593419075
mlp_4x100_gelu_dropout_l2,10,5,174,0.006043767090886831,0.004707318730652332
mlp_4x100_gelu_dropout_l2,10,5,175,0.006022252142429352,0.004690247587859631
mlp_4x100_gelu_dropout_l2,10,5,176,0.006005487404763699,0.004673771094530821
mlp_4x100_gelu_dropout_l2,10,5,177,0.005987254902720451,0.004658326040953398
mlp_4x100_gelu_dropout_l2,10,5,178,0.005967733450233936,0.004643246065825224
mlp_4x100_gelu_dropout_l2,10,5,179,0.00594884529709816,0.004629622213542461
mlp_4x100_gelu_dropout_l2,10,5,180,0.005932984407991171,0.004615284968167543
mlp_4x100_gelu_dropout_l2,10,5,181,0.005913511849939823,0.004602182190865278
mlp_4x100_gelu_dropout_l2,10,5,182,0.0058980113826692104,0.004589905496686697
mlp_4x100_gelu_dropout_l2,10,5,183,0.005880273412913084,0.004574811551719904
mlp_4x100_gelu_dropout_l2,10,5,184,0.005865154322236776,0.004564202856272459
mlp_4x100_gelu_dropout_l2,10,5,185,0.005850791931152344,0.004552070051431656
mlp_4x100_gelu_dropout_l2,10,5,186,0.0058377948589622974,0.004539660178124905
mlp_4x100_gelu_dropout_l2,10,5,187,0.005820936523377895,0.004529115278273821
mlp_4x100_gelu_dropout_l2,10,5,188,0.005806992761790752,0.0045166038908064365
mlp_4x100_gelu_dropout_l2,10,5,189,0.005794239230453968,0.004505999386310577
mlp_4x100_gelu_dropout_l2,10,5,190,0.005778538528829813,0.004497149959206581
mlp_4x100_gelu_dropout_l2,10,5,191,0.005768297705799341,0.00448555639013648
mlp_4x100_gelu_dropout_l2,10,5,192,0.005757169798016548,0.004475452471524477
mlp_4x100_gelu_dropout_l2,10,5,193,0.005741634871810675,0.0044677164405584335
mlp_4x100_gelu_dropout_l2,10,5,194,0.0057292841374874115,0.00445878691971302
mlp_4x100_gelu_dropout_l2,10,5,195,0.005724005401134491,0.004451493266969919
mlp_4x100_gelu_dropout_l2,10,5,196,0.005708109121769667,0.0044420380145311356
mlp_4x100_gelu_dropout_l2,10,5,197,0.005698292050510645,0.004433854017406702
mlp_4x100_gelu_dropout_l2,10,5,198,0.005685651674866676,0.004426899366080761
mlp_4x100_gelu_dropout_l2,10,5,199,0.005676137283444405,0.004418517928570509
mlp_4x100_gelu_dropout_l2,10,5,200,0.005664799362421036,0.004413805436342955
mlp_4x100_gelu_dropout_l2,10,5,201,0.005659745540469885,0.00440503703430295
mlp_4x100_gelu_dropout_l2,10,5,202,0.005648191086947918,0.00439854571595788
mlp_4x100_gelu_dropout_l2,10,5,203,0.005636654328554869,0.004394699353724718
mlp_4x100_gelu_dropout_l2,10,5,204,0.005630859173834324,0.004387855064123869
mlp_4x100_gelu_dropout_l2,10,5,205,0.005618872586637735,0.00437892833724618
mlp_4x100_gelu_dropout_l2,10,5,206,0.0056150066666305065,0.004374355543404818
mlp_4x100_gelu_dropout_l2,10,5,207,0.00560407480224967,0.00436574500054121
mlp_4x100_gelu_dropout_l2,10,5,208,0.005592517554759979,0.004362114705145359
mlp_4x100_gelu_dropout_l2,10,5,209,0.005588158965110779,0.004355991259217262
mlp_4x100_gelu_dropout_l2,10,5,210,0.0055810026824474335,0.004353897646069527
mlp_4x100_gelu_dropout_l2,10,5,211,0.005569519940763712,0.004348199348896742
mlp_4x100_gelu_dropout_l2,10,5,212,0.0055558402091264725,0.004346832633018494
mlp_4x100_gelu_dropout_l2,10,5,213,0.005565190222114325,0.0043434686958789825
mlp_4x100_gelu_dropout_l2,10,5,214,0.00555173447355628,0.004339713137596846
mlp_4x100_gelu_dropout_l2,10,5,215,0.005539001431316137,0.0043341428972780704
mlp_4x100_gelu_dropout_l2,10,5,216,0.005539568141102791,0.004331733100116253
mlp_4x100_gelu_dropout_l2,10,5,217,0.005527137778699398,0.004323216620832682
mlp_4x100_gelu_dropout_l2,10,5,218,0.0055311257019639015,0.004323064815253019
mlp_4x100_gelu_dropout_l2,10,5,219,0.005522281862795353,0.004321939777582884
mlp_4x100_gelu_dropout_l2,10,5,220,0.005521076265722513,0.0043173981830477715
mlp_4x100_gelu_dropout_l2,10,5,221,0.005505595821887255,0.004319970030337572
mlp_4x100_gelu_dropout_l2,10,5,222,0.005503921303898096,0.004315810743719339
mlp_4x100_gelu_dropout_l2,10,5,223,0.00549805024638772,0.004309272393584251
mlp_4x100_gelu_dropout_l2,10,5,224,0.005489857401698828,0.004307687748223543
mlp_4x100_gelu_dropout_l2,10,5,225,0.005481779109686613,0.004305718932300806
mlp_4x100_gelu_dropout_l2,10,5,226,0.005482155364006758,0.00430099805817008
mlp_4x100_gelu_dropout_l2,10,5,227,0.005475048907101154,0.004297228530049324
mlp_4x100_gelu_dropout_l2,10,5,228,0.005473203491419554,0.0043030427768826485
mlp_4x100_gelu_dropout_l2,10,5,229,0.0054798428900539875,0.004302375949919224
mlp_4x100_gelu_dropout_l2,10,5,230,0.005461499560624361,0.0042980629950761795
mlp_4x100_gelu_dropout_l2,10,5,231,0.00546108465641737,0.004300535190850496
mlp_4x100_gelu_dropout_l2,10,5,232,0.00545489601790905,0.004292866215109825
mlp_4x100_gelu_dropout_l2,10,5,233,0.005456212908029556,0.004295383580029011
mlp_4x100_gelu_dropout_l2,10,5,234,0.0054484098218381405,0.004288156516849995
mlp_4x100_gelu_dropout_l2,10,5,235,0.005451702978461981,0.004285184200853109
mlp_4x100_gelu_dropout_l2,10,5,236,0.005448916926980019,0.004288352094590664
mlp_4x100_gelu_dropout_l2,10,5,237,0.00543947471305728,0.0042871092446148396
mlp_4x100_gelu_dropout_l2,10,5,238,0.005430086050182581,0.0042873709462583065
mlp_4x100_gelu_dropout_l2,10,5,239,0.005429655313491821,0.004283017013221979
mlp_4x100_gelu_dropout_l2,10,5,240,0.005425762385129929,0.0042828721925616264
mlp_4x100_gelu_dropout_l2,10,5,241,0.0054224953055381775,0.00427979463711381
mlp_4x100_gelu_dropout_l2,10,5,242,0.005424293223768473,0.004280915483832359
mlp_4x100_gelu_dropout_l2,10,5,243,0.005418115295469761,0.004281357862055302
mlp_4x100_gelu_dropout_l2,10,5,244,0.005418074782937765,0.004279734566807747
mlp_4x100_gelu_dropout_l2,10,5,245,0.005414857529103756,0.004281285684555769
mlp_4x100_gelu_dropout_l2,10,5,246,0.005407524295151234,0.004272701218724251
mlp_4x100_gelu_dropout_l2,10,5,247,0.005409614648669958,0.004276713356375694
mlp_4x100_gelu_dropout_l2,10,5,248,0.005407416727393866,0.004276728723198175
mlp_4x100_gelu_dropout_l2,10,5,249,0.005410545971244574,0.004272100515663624
mlp_4x100_gelu_dropout_l2,10,5,250,0.005402210168540478,0.00427806144580245
mlp_4x100_gelu_dropout_l2,10,5,251,0.0054049198515713215,0.004273500293493271
mlp_4x100_gelu_dropout_l2,10,5,252,0.005394702777266502,0.004278842359781265
mlp_4x100_gelu_dropout_l2,10,5,253,0.005399051122367382,0.004272446967661381
mlp_4x100_gelu_dropout_l2,10,5,254,0.005391325335949659,0.004273989237844944
mlp_4x100_gelu_dropout_l2,10,5,255,0.005388624034821987,0.004273677244782448
mlp_4x100_gelu_dropout_l2,10,5,256,0.005396953318268061,0.004275585524737835
mlp_4x100_gelu_dropout_l2,10,5,257,0.005397611763328314,0.004273209720849991
mlp_4x100_gelu_dropout_l2,10,5,258,0.00538491178303957,0.004276742227375507
mlp_4x100_gelu_dropout_l2,10,5,259,0.005379027687013149,0.0042695957235991955
mlp_4x100_gelu_dropout_l2,10,5,260,0.005389890633523464,0.004269335884600878
mlp_4x100_gelu_dropout_l2,10,5,261,0.005382296163588762,0.004266451112926006
mlp_4x100_gelu_dropout_l2,10,5,262,0.0053850081749260426,0.004270309116691351
mlp_4x100_gelu_dropout_l2,10,5,263,0.005375556647777557,0.004271180834621191
mlp_4x100_gelu_dropout_l2,10,5,264,0.005377680528908968,0.004275341518223286
mlp_4x100_gelu_dropout_l2,10,5,265,0.0053695631213486195,0.0042706020176410675
mlp_4x100_gelu_dropout_l2,10,5,266,0.005373337306082249,0.0042688907124102116
mlp_4x100_gelu_dropout_l2,10,5,267,0.005368609447032213,0.004271028097718954
mlp_4x100_gelu_dropout_l2,10,5,268,0.00536411302164197,0.0042699528858065605
mlp_4x100_gelu_dropout_l2,10,5,269,0.0053710732609033585,0.004267501644790173
mlp_4x100_gelu_dropout_l2,10,5,270,0.00536695122718811,0.004267155658453703
mlp_4x100_gelu_dropout_l2,10,5,271,0.0053664012812078,0.004269023425877094
mlp_4x100_gelu_dropout_l2,10,5,272,0.005359787493944168,0.004270514473319054
mlp_4x100_gelu_dropout_l2,10,5,273,0.005360062699764967,0.004266598727554083
mlp_4x100_gelu_dropout_l2,10,5,274,0.005362884607166052,0.004271409939974546
mlp_4x100_gelu_dropout_l2,10,5,275,0.00535769946873188,0.004267178475856781
mlp_4x100_gelu_dropout_l2,10,5,276,0.005355685483664274,0.004267595242708921
mlp_4x100_gelu_dropout_l2,10,5,277,0.005357388406991959,0.0042678858153522015
mlp_4x100_gelu_dropout_l2,10,5,278,0.005358040798455477,0.004268544260412455
mlp_4x100_gelu_dropout_l2,10,5,279,0.005353329703211784,0.004268069751560688
mlp_4x100_gelu_dropout_l2,10,5,280,0.0053587243892252445,0.004267513751983643
mlp_4x100_gelu_dropout_l2,10,5,281,0.005354033783078194,0.004267779178917408
mlp_4x100_gelu_dropout_l2,10,5,282,0.005342446733266115,0.004267164506018162
mlp_4x100_gelu_dropout_l2,10,5,283,0.005344566889107227,0.00427440507337451
mlp_4x100_gelu_dropout_l2,10,5,284,0.005341182928532362,0.004276222549378872
mlp_4x100_gelu_dropout_l2,10,5,285,0.005341330077499151,0.004268670920282602
mlp_4x100_gelu_dropout_l2,10,5,286,0.005352374166250229,0.004268938675522804
mlp_4x100_gelu_dropout_l2,10,5,287,0.005345575511455536,0.004272726830095053
mlp_4x100_gelu_dropout_l2,10,5,288,0.005345448385924101,0.004271640907973051
mlp_4x100_gelu_dropout_l2,10,5,289,0.005331181455403566,0.004267807584255934
mlp_4x100_gelu_dropout_l2,10,5,290,0.005335362162441015,0.004273324739187956
mlp_4x100_gelu_dropout_l2,10,5,291,0.005336747970432043,0.004272093530744314
mlp_4x100_gelu_dropout_l2,10,30,1,0.20538583397865295,0.06351680308580399
mlp_4x100_gelu_dropout_l2,10,30,2,0.13388469815254211,0.04789504036307335
mlp_4x100_gelu_dropout_l2,10,30,3,0.10297655314207077,0.038049567490816116
mlp_4x100_gelu_dropout_l2,10,30,4,0.08342184126377106,0.03110351786017418
mlp_4x100_gelu_dropout_l2,10,30,5,0.070123091340065,0.026014262810349464
mlp_4x100_gelu_dropout_l2,10,30,6,0.06049862131476402,0.02215886488556862
mlp_4x100_gelu_dropout_l2,10,30,7,0.05320600047707558,0.019232753664255142
mlp_4x100_gelu_dropout_l2,10,30,8,0.047285664826631546,0.01690577156841755
mlp_4x100_gelu_dropout_l2,10,30,9,0.04260370135307312,0.015067989006638527
mlp_4x100_gelu_dropout_l2,10,30,10,0.03883534297347069,0.013586618937551975
mlp_4x100_gelu_dropout_l2,10,30,11,0.03576471656560898,0.012332269921898842
mlp_4x100_gelu_dropout_l2,10,30,12,0.0329216867685318,0.011332068592309952
mlp_4x100_gelu_dropout_l2,10,30,13,0.03054926171898842,0.010489695705473423
mlp_4x100_gelu_dropout_l2,10,30,14,0.028514781966805458,0.00981296319514513
mlp_4x100_gelu_dropout_l2,10,30,15,0.0266574714332819,0.009200114756822586
mlp_4x100_gelu_dropout_l2,10,30,16,0.025146860629320145,0.008650152012705803
mlp_4x100_gelu_dropout_l2,10,30,17,0.023703156039118767,0.008242448791861534
mlp_4x100_gelu_dropout_l2,10,30,18,0.02241554856300354,0.00786241702735424
mlp_4x100_gelu_dropout_l2,10,30,19,0.02121942676603794,0.007495022378861904
mlp_4x100_gelu_dropout_l2,10,30,20,0.020209060981869698,0.007194467820227146
mlp_4x100_gelu_dropout_l2,10,30,21,0.019199313595891,0.006941268220543861
mlp_4x100_gelu_dropout_l2,10,30,22,0.018373945727944374,0.0067064641043543816
mlp_4x100_gelu_dropout_l2,10,30,23,0.01749717816710472,0.006495191249996424
mlp_4x100_gelu_dropout_l2,10,30,24,0.016797060146927834,0.006330592557787895
mlp_4x100_gelu_dropout_l2,10,30,25,0.01609628275036812,0.006198555696755648
mlp_4x100_gelu_dropout_l2,10,30,26,0.015442169271409512,0.006034459453076124
mlp_4x100_gelu_dropout_l2,10,30,27,0.01486924011260271,0.005913069471716881
mlp_4x100_gelu_dropout_l2,10,30,28,0.014365172013640404,0.005818840116262436
mlp_4x100_gelu_dropout_l2,10,30,29,0.01380500290542841,0.005710269790142775
mlp_4x100_gelu_dropout_l2,10,30,30,0.013333368115127087,0.005627012811601162
mlp_4x100_gelu_dropout_l2,10,30,31,0.012918262742459774,0.005550413392484188
mlp_4x100_gelu_dropout_l2,10,30,32,0.012521591037511826,0.005470899399369955
mlp_4x100_gelu_dropout_l2,10,30,33,0.012112022377550602,0.005407277029007673
mlp_4x100_gelu_dropout_l2,10,30,34,0.011746286414563656,0.005357256159186363
mlp_4x100_gelu_dropout_l2,10,30,35,0.011431202292442322,0.005309214349836111
mlp_4x100_gelu_dropout_l2,10,30,36,0.011153963394463062,0.005262256599962711
mlp_4x100_gelu_dropout_l2,10,30,37,0.010795904323458672,0.0052177333272993565
mlp_4x100_gelu_dropout_l2,10,30,38,0.010522382333874702,0.0051653687842190266
mlp_4x100_gelu_dropout_l2,10,30,39,0.010285665281116962,0.005148081108927727
mlp_4x100_gelu_dropout_l2,10,30,40,0.010038156062364578,0.00510821770876646
mlp_4x100_gelu_dropout_l2,10,30,41,0.009783545508980751,0.0050835805013775826
mlp_4x100_gelu_dropout_l2,10,30,42,0.009548603557050228,0.005043001379817724
mlp_4x100_gelu_dropout_l2,10,30,43,0.00938036385923624,0.005029880907386541
mlp_4x100_gelu_dropout_l2,10,30,44,0.009164135903120041,0.004998860415071249
mlp_4x100_gelu_dropout_l2,10,30,45,0.008977496065199375,0.004969749134033918
mlp_4x100_gelu_dropout_l2,10,30,46,0.008819750510156155,0.00494273379445076
mlp_4x100_gelu_dropout_l2,10,30,47,0.008641460910439491,0.0049269055016338825
mlp_4x100_gelu_dropout_l2,10,30,48,0.008474819362163544,0.004900543950498104
mlp_4x100_gelu_dropout_l2,10,30,49,0.008311574347317219,0.004879782907664776
mlp_4x100_gelu_dropout_l2,10,30,50,0.008167141117155552,0.004853195045143366
mlp_4x100_gelu_dropout_l2,10,30,51,0.008015749044716358,0.004846510943025351
mlp_4x100_gelu_dropout_l2,10,30,52,0.007892598398029804,0.004821265581995249
mlp_4x100_gelu_dropout_l2,10,30,53,0.007751755882054567,0.004801759496331215
mlp_4x100_gelu_dropout_l2,10,30,54,0.007642451673746109,0.004779985174536705
mlp_4x100_gelu_dropout_l2,10,30,55,0.007518902886658907,0.004776993300765753
mlp_4x100_gelu_dropout_l2,10,30,56,0.0074210986495018005,0.00475059961900115
mlp_4x100_gelu_dropout_l2,10,30,57,0.007290548179298639,0.0047310576774179935
mlp_4x100_gelu_dropout_l2,10,30,58,0.007194471079856157,0.004715712275356054
mlp_4x100_gelu_dropout_l2,10,30,59,0.007097851485013962,0.00469493493437767
mlp_4x100_gelu_dropout_l2,10,30,60,0.007000922691076994,0.004682366270571947
mlp_4x100_gelu_dropout_l2,10,30,61,0.006909262854605913,0.004668517969548702
mlp_4x100_gelu_dropout_l2,10,30,62,0.00681803934276104,0.004645991139113903
mlp_4x100_gelu_dropout_l2,10,30,63,0.006733879446983337,0.00462820241227746
mlp_4x100_gelu_dropout_l2,10,30,64,0.006644149776548147,0.004614321514964104
mlp_4x100_gelu_dropout_l2,10,30,65,0.006558199413120747,0.004595612641423941
mlp_4x100_gelu_dropout_l2,10,30,66,0.006496275309473276,0.0045747957192361355
mlp_4x100_gelu_dropout_l2,10,30,67,0.006412471644580364,0.004564445931464434
mlp_4x100_gelu_dropout_l2,10,30,68,0.00633160350844264,0.004550778307020664
mlp_4x100_gelu_dropout_l2,10,30,69,0.006277591921389103,0.0045309653505682945
mlp_4x100_gelu_dropout_l2,10,30,70,0.0061887954361736774,0.004512910731136799
mlp_4x100_gelu_dropout_l2,10,30,71,0.006128760986030102,0.0044929557479918
mlp_4x100_gelu_dropout_l2,10,30,72,0.006068733055144548,0.004480022471398115
mlp_4x100_gelu_dropout_l2,10,30,73,0.006011761724948883,0.004462276119738817
mlp_4x100_gelu_dropout_l2,10,30,74,0.005942365620285273,0.004445973783731461
mlp_4x100_gelu_dropout_l2,10,30,75,0.005885106977075338,0.004427546169608831
mlp_4x100_gelu_dropout_l2,10,30,76,0.005838631186634302,0.004407746717333794
mlp_4x100_gelu_dropout_l2,10,30,77,0.005776198115199804,0.004396769683808088
mlp_4x100_gelu_dropout_l2,10,30,78,0.005721919238567352,0.004374448210000992
mlp_4x100_gelu_dropout_l2,10,30,79,0.005671939346939325,0.004364619962871075
mlp_4x100_gelu_dropout_l2,10,30,80,0.005621484946459532,0.0043416074477136135
mlp_4x100_gelu_dropout_l2,10,30,81,0.005570404231548309,0.0043236748315393925
mlp_4x100_gelu_dropout_l2,10,30,82,0.005521774757653475,0.004309920594096184
mlp_4x100_gelu_dropout_l2,10,30,83,0.005470018833875656,0.00428812624886632
mlp_4x100_gelu_dropout_l2,10,30,84,0.005420910660177469,0.00427081948146224
mlp_4x100_gelu_dropout_l2,10,30,85,0.0053774951957166195,0.004252273589372635
mlp_4x100_gelu_dropout_l2,10,30,86,0.005339681636542082,0.004231634084135294
mlp_4x100_gelu_dropout_l2,10,30,87,0.005297160241752863,0.004210832994431257
mlp_4x100_gelu_dropout_l2,10,30,88,0.005249275825917721,0.004196502268314362
mlp_4x100_gelu_dropout_l2,10,30,89,0.005212879274040461,0.004179925192147493
mlp_4x100_gelu_dropout_l2,10,30,90,0.005170476157218218,0.004162644036114216
mlp_4x100_gelu_dropout_l2,10,30,91,0.005126026924699545,0.004142114892601967
mlp_4x100_gelu_dropout_l2,10,30,92,0.0050874431617558,0.004120218567550182
mlp_4x100_gelu_dropout_l2,10,30,93,0.005056665278971195,0.00410372344776988
mlp_4x100_gelu_dropout_l2,10,30,94,0.00501748314127326,0.004086681641638279
mlp_4x100_gelu_dropout_l2,10,30,95,0.004982029087841511,0.004065770655870438
mlp_4x100_gelu_dropout_l2,10,30,96,0.004941665567457676,0.004046122543513775
mlp_4x100_gelu_dropout_l2,10,30,97,0.004902919288724661,0.0040238406509160995
mlp_4x100_gelu_dropout_l2,10,30,98,0.004868858028203249,0.0040037003345787525
mlp_4x100_gelu_dropout_l2,10,30,99,0.004836216103285551,0.003982451278716326
mlp_4x100_gelu_dropout_l2,10,30,100,0.004802650306373835,0.003964882344007492
mlp_4x100_gelu_dropout_l2,10,30,101,0.0047670044004917145,0.003944302909076214
mlp_4x100_gelu_dropout_l2,10,30,102,0.004734063986688852,0.003922953736037016
mlp_4x100_gelu_dropout_l2,10,30,103,0.004702815320342779,0.0039043123833835125
mlp_4x100_gelu_dropout_l2,10,30,104,0.004671096336096525,0.003883350407704711
mlp_4x100_gelu_dropout_l2,10,30,105,0.004635618533939123,0.0038570191245526075
mlp_4x100_gelu_dropout_l2,10,30,106,0.004605893511325121,0.0038394848816096783
mlp_4x100_gelu_dropout_l2,10,30,107,0.004572798032313585,0.003816403215751052
mlp_4x100_gelu_dropout_l2,10,30,108,0.004538221284747124,0.0037937622983008623
mlp_4x100_gelu_dropout_l2,10,30,109,0.0045072706416249275,0.003773475531488657
mlp_4x100_gelu_dropout_l2,10,30,110,0.004475351423025131,0.0037497568409889936
mlp_4x100_gelu_dropout_l2,10,30,111,0.004445585422217846,0.0037289217580109835
mlp_4x100_gelu_dropout_l2,10,30,112,0.0044173733331263065,0.0037069153040647507
mlp_4x100_gelu_dropout_l2,10,30,113,0.00438530882820487,0.0036846811417490244
mlp_4x100_gelu_dropout_l2,10,30,114,0.00435699662193656,0.0036615715362131596
mlp_4x100_gelu_dropout_l2,10,30,115,0.004326018039137125,0.0036376239731907845
mlp_4x100_gelu_dropout_l2,10,30,116,0.004292087163776159,0.003613982582464814
mlp_4x100_gelu_dropout_l2,10,30,117,0.0042656767182052135,0.0035917365457862616
mlp_4x100_gelu_dropout_l2,10,30,118,0.004231488797813654,0.003566630883142352
mlp_4x100_gelu_dropout_l2,10,30,119,0.00420388113707304,0.003546594176441431
mlp_4x100_gelu_dropout_l2,10,30,120,0.004178694915026426,0.003518587676808238
mlp_4x100_gelu_dropout_l2,10,30,121,0.004141248296946287,0.0034938796889036894
mlp_4x100_gelu_dropout_l2,10,30,122,0.00411649327725172,0.0034700948745012283
mlp_4x100_gelu_dropout_l2,10,30,123,0.004087576176971197,0.003446254413574934
mlp_4x100_gelu_dropout_l2,10,30,124,0.0040552872233092785,0.0034215752966701984
mlp_4x100_gelu_dropout_l2,10,30,125,0.0040257577784359455,0.003398632165044546
mlp_4x100_gelu_dropout_l2,10,30,126,0.003998687025159597,0.0033730273135006428
mlp_4x100_gelu_dropout_l2,10,30,127,0.0039664083160459995,0.0033483318984508514
mlp_4x100_gelu_dropout_l2,10,30,128,0.003936611581593752,0.003323414595797658
mlp_4x100_gelu_dropout_l2,10,30,129,0.00390945328399539,0.0032988362945616245
mlp_4x100_gelu_dropout_l2,10,30,130,0.003881494514644146,0.003273212816566229
mlp_4x100_gelu_dropout_l2,10,30,131,0.0038532535545527935,0.003247583517804742
mlp_4x100_gelu_dropout_l2,10,30,132,0.003821127349510789,0.003222225233912468
mlp_4x100_gelu_dropout_l2,10,30,133,0.0037934044376015663,0.003199032973498106
mlp_4x100_gelu_dropout_l2,10,30,134,0.0037651406601071358,0.0031749361660331488
mlp_4x100_gelu_dropout_l2,10,30,135,0.0037362638395279646,0.00314734666608274
mlp_4x100_gelu_dropout_l2,10,30,136,0.003707564901560545,0.0031210065353661776
mlp_4x100_gelu_dropout_l2,10,30,137,0.003677889471873641,0.003095462219789624
mlp_4x100_gelu_dropout_l2,10,30,138,0.0036497849505394697,0.003070520469918847
mlp_4x100_gelu_dropout_l2,10,30,139,0.0036238874308764935,0.0030454329680651426
mlp_4x100_gelu_dropout_l2,10,30,140,0.003595931688323617,0.0030196034349501133
mlp_4x100_gelu_dropout_l2,10,30,141,0.0035667987540364265,0.002994234673678875
mlp_4x100_gelu_dropout_l2,10,30,142,0.0035392066929489374,0.002968388609588146
mlp_4x100_gelu_dropout_l2,10,30,143,0.003511980175971985,0.0029436827171593904
mlp_4x100_gelu_dropout_l2,10,30,144,0.0034852370154112577,0.002919273916631937
mlp_4x100_gelu_dropout_l2,10,30,145,0.0034540588967502117,0.002893835538998246
mlp_4x100_gelu_dropout_l2,10,30,146,0.0034278722014278173,0.002867858624085784
mlp_4x100_gelu_dropout_l2,10,30,147,0.0034006566274911165,0.0028422377072274685
mlp_4x100_gelu_dropout_l2,10,30,148,0.003373432671651244,0.002817171858623624
mlp_4x100_gelu_dropout_l2,10,30,149,0.0033475751988589764,0.0027932331431657076
mlp_4x100_gelu_dropout_l2,10,30,150,0.0033212651032954454,0.0027688457630574703
mlp_4x100_gelu_dropout_l2,10,30,151,0.003294682828709483,0.002742432989180088
mlp_4x100_gelu_dropout_l2,10,30,152,0.003267470747232437,0.0027181734330952168
mlp_4x100_gelu_dropout_l2,10,30,153,0.0032435283064842224,0.0026936084032058716
mlp_4x100_gelu_dropout_l2,10,30,154,0.003215790493413806,0.0026689674705266953
mlp_4x100_gelu_dropout_l2,10,30,155,0.003191657830029726,0.002646305598318577
mlp_4x100_gelu_dropout_l2,10,30,156,0.003165584523230791,0.002621279563754797
mlp_4x100_gelu_dropout_l2,10,30,157,0.003141207853332162,0.0025971150025725365
mlp_4x100_gelu_dropout_l2,10,30,158,0.003116822801530361,0.002574251964688301
mlp_4x100_gelu_dropout_l2,10,30,159,0.003093309700489044,0.0025521176867187023
mlp_4x100_gelu_dropout_l2,10,30,160,0.003068413818255067,0.002528589451685548
mlp_4x100_gelu_dropout_l2,10,30,161,0.0030445451848208904,0.0025073534343391657
mlp_4x100_gelu_dropout_l2,10,30,162,0.0030204583890736103,0.002483900636434555
mlp_4x100_gelu_dropout_l2,10,30,163,0.0029981753323227167,0.0024611663538962603
mlp_4x100_gelu_dropout_l2,10,30,164,0.0029754056595265865,0.002439347794279456
mlp_4x100_gelu_dropout_l2,10,30,165,0.0029530648607760668,0.0024172759149223566
mlp_4x100_gelu_dropout_l2,10,30,166,0.002930921269580722,0.002397410338744521
mlp_4x100_gelu_dropout_l2,10,30,167,0.002908391645178199,0.002375552896410227
mlp_4x100_gelu_dropout_l2,10,30,168,0.0028881097678095102,0.002355754841119051
mlp_4x100_gelu_dropout_l2,10,30,169,0.0028656197246164083,0.002335555851459503
mlp_4x100_gelu_dropout_l2,10,30,170,0.0028453352861106396,0.002315633464604616
mlp_4x100_gelu_dropout_l2,10,30,171,0.002825529547408223,0.00229501910507679
mlp_4x100_gelu_dropout_l2,10,30,172,0.0028054569847881794,0.0022768042981624603
mlp_4x100_gelu_dropout_l2,10,30,173,0.0027858337853103876,0.002257248153910041
mlp_4x100_gelu_dropout_l2,10,30,174,0.0027673060540109873,0.0022390380036085844
mlp_4x100_gelu_dropout_l2,10,30,175,0.0027479701675474644,0.002220600377768278
mlp_4x100_gelu_dropout_l2,10,30,176,0.0027299649082124233,0.0022021871991455555
mlp_4x100_gelu_dropout_l2,10,30,177,0.0027117894496768713,0.002184885321184993
mlp_4x100_gelu_dropout_l2,10,30,178,0.0026940067764371634,0.0021681860089302063
mlp_4x100_gelu_dropout_l2,10,30,179,0.002677908167243004,0.0021519025322049856
mlp_4x100_gelu_dropout_l2,10,30,180,0.0026611858047544956,0.0021354614291340113
mlp_4x100_gelu_dropout_l2,10,30,181,0.0026446457486599684,0.002119399607181549
mlp_4x100_gelu_dropout_l2,10,30,182,0.0026280328165739775,0.0021046034526079893
mlp_4x100_gelu_dropout_l2,10,30,183,0.0026125346776098013,0.002088564680889249
mlp_4x100_gelu_dropout_l2,10,30,184,0.0025981769431382418,0.0020743478089571
mlp_4x100_gelu_dropout_l2,10,30,185,0.0025828250218182802,0.002059685532003641
mlp_4x100_gelu_dropout_l2,10,30,186,0.0025684284046292305,0.0020455634221434593
mlp_4x100_gelu_dropout_l2,10,30,187,0.0025540960486978292,0.002031891606748104
mlp_4x100_gelu_dropout_l2,10,30,188,0.0025411678943783045,0.002018741564825177
mlp_4x100_gelu_dropout_l2,10,30,189,0.0025281449779868126,0.002006096299737692
mlp_4x100_gelu_dropout_l2,10,30,190,0.0025149567518383265,0.0019932708237320185
mlp_4x100_gelu_dropout_l2,10,30,191,0.002502916846424341,0.001981300301849842
mlp_4x100_gelu_dropout_l2,10,30,192,0.0024911670479923487,0.001969757489860058
mlp_4x100_gelu_dropout_l2,10,30,193,0.0024790936149656773,0.0019587823189795017
mlp_4x100_gelu_dropout_l2,10,30,194,0.0024678462650626898,0.0019476637244224548
mlp_4x100_gelu_dropout_l2,10,30,195,0.002457009395584464,0.001936944667249918
mlp_4x100_gelu_dropout_l2,10,30,196,0.0024469385389238596,0.0019269715994596481
mlp_4x100_gelu_dropout_l2,10,30,197,0.002436746144667268,0.001917269080877304
mlp_4x100_gelu_dropout_l2,10,30,198,0.002426755614578724,0.0019075090531259775
mlp_4x100_gelu_dropout_l2,10,30,199,0.0024173876736313105,0.001898292452096939
mlp_4x100_gelu_dropout_l2,10,30,200,0.002408733358606696,0.001889664214104414
mlp_4x100_gelu_dropout_l2,10,30,201,0.002399764023721218,0.0018807962769642472
mlp_4x100_gelu_dropout_l2,10,30,202,0.0023914470802992582,0.0018725862028077245
mlp_4x100_gelu_dropout_l2,10,30,203,0.0023831611033529043,0.0018652111757546663
mlp_4x100_gelu_dropout_l2,10,30,204,0.0023752988781780005,0.0018573000561445951
mlp_4x100_gelu_dropout_l2,10,30,205,0.0023680878803133965,0.0018502813763916492
mlp_4x100_gelu_dropout_l2,10,30,206,0.0023611094802618027,0.0018431912176311016
mlp_4x100_gelu_dropout_l2,10,30,207,0.002353711985051632,0.0018362372647970915
mlp_4x100_gelu_dropout_l2,10,30,208,0.002347442554309964,0.0018301528180018067
mlp_4x100_gelu_dropout_l2,10,30,209,0.002341236686334014,0.0018240840872749686
mlp_4x100_gelu_dropout_l2,10,30,210,0.002335191471502185,0.0018181456252932549
mlp_4x100_gelu_dropout_l2,10,30,211,0.0023297725711017847,0.001812749425880611
mlp_4x100_gelu_dropout_l2,10,30,212,0.0023237094283103943,0.0018071617232635617
mlp_4x100_gelu_dropout_l2,10,30,213,0.002318976679816842,0.0018019387498497963
mlp_4x100_gelu_dropout_l2,10,30,214,0.0023141067940741777,0.0017969821346923709
mlp_4x100_gelu_dropout_l2,10,30,215,0.00230898754671216,0.0017928502056747675
mlp_4x100_gelu_dropout_l2,10,30,216,0.002304521156474948,0.0017884769476950169
mlp_4x100_gelu_dropout_l2,10,30,217,0.0022999881766736507,0.001784475171007216
mlp_4x100_gelu_dropout_l2,10,30,218,0.0022956570610404015,0.0017800990026444197
mlp_4x100_gelu_dropout_l2,10,30,219,0.0022918113972991705,0.00177625787910074
mlp_4x100_gelu_dropout_l2,10,30,220,0.0022886237129569054,0.001772628747858107
mlp_4x100_gelu_dropout_l2,10,30,221,0.002285083755850792,0.0017694600392132998
mlp_4x100_gelu_dropout_l2,10,30,222,0.0022810481023043394,0.0017658972647041082
mlp_4x100_gelu_dropout_l2,10,30,223,0.002278313273563981,0.001762695494107902
mlp_4x100_gelu_dropout_l2,10,30,224,0.0022752461954951286,0.001759977894835174
mlp_4x100_gelu_dropout_l2,10,30,225,0.0022715844679623842,0.0017573118675500154
mlp_4x100_gelu_dropout_l2,10,30,226,0.002269444288685918,0.001754246186465025
mlp_4x100_gelu_dropout_l2,10,30,227,0.0022664389107376337,0.0017516666557639837
mlp_4x100_gelu_dropout_l2,10,30,228,0.002263413043692708,0.0017494973726570606
mlp_4x100_gelu_dropout_l2,10,30,229,0.0022613853216171265,0.0017468786099925637
mlp_4x100_gelu_dropout_l2,10,30,230,0.0022594856563955545,0.001744427951052785
mlp_4x100_gelu_dropout_l2,10,30,231,0.002257236512377858,0.0017424938268959522
mlp_4x100_gelu_dropout_l2,10,30,232,0.0022547892294824123,0.0017407212872058153
mlp_4x100_gelu_dropout_l2,10,30,233,0.0022530925925821066,0.0017385822720825672
mlp_4x100_gelu_dropout_l2,10,30,234,0.002251247176900506,0.0017369239358231425
mlp_4x100_gelu_dropout_l2,10,30,235,0.0022502571810036898,0.0017350699054077268
mlp_4x100_gelu_dropout_l2,10,30,236,0.002247269032523036,0.0017337579047307372
mlp_4x100_gelu_dropout_l2,10,30,237,0.002246738411486149,0.001732691889628768
mlp_4x100_gelu_dropout_l2,10,30,238,0.002245367271825671,0.0017309603281319141
mlp_4x100_gelu_dropout_l2,10,30,239,0.002243639202788472,0.0017303144559264183
mlp_4x100_gelu_dropout_l2,10,30,240,0.0022422217298299074,0.0017286667134612799
mlp_4x100_gelu_dropout_l2,10,30,241,0.0022410082165151834,0.001726957387290895
mlp_4x100_gelu_dropout_l2,10,30,242,0.0022397651337087154,0.0017258502775803208
mlp_4x100_gelu_dropout_l2,10,30,243,0.002239048946648836,0.0017247131327167153
mlp_4x100_gelu_dropout_l2,10,30,244,0.0022369332145899534,0.001723887282423675
mlp_4x100_gelu_dropout_l2,10,30,245,0.002236145082861185,0.001722513698041439
mlp_4x100_gelu_dropout_l2,10,30,246,0.0022361217997968197,0.0017218063585460186
mlp_4x100_gelu_dropout_l2,10,30,247,0.002234251005575061,0.0017213355749845505
mlp_4x100_gelu_dropout_l2,10,30,248,0.0022338926792144775,0.0017201133305206895
mlp_4x100_gelu_dropout_l2,10,30,249,0.002233177190646529,0.0017193540697917342
mlp_4x100_gelu_dropout_l2,10,30,250,0.002231848193332553,0.0017185587203130126
mlp_4x100_gelu_dropout_l2,10,30,251,0.002231324091553688,0.0017182701267302036
mlp_4x100_gelu_dropout_l2,10,30,252,0.002231110818684101,0.0017179931746795774
mlp_4x100_gelu_dropout_l2,10,30,253,0.0022302812431007624,0.001716483267955482
mlp_4x100_gelu_dropout_l2,10,30,254,0.0022295850794762373,0.001716569997370243
mlp_4x100_gelu_dropout_l2,10,30,255,0.00222889450378716,0.0017159631242975593
mlp_4x100_gelu_dropout_l2,10,30,256,0.002228726167231798,0.0017156100366264582
mlp_4x100_gelu_dropout_l2,10,30,257,0.0022281957790255547,0.0017149541527032852
mlp_4x100_gelu_dropout_l2,10,30,258,0.0022274681832641363,0.0017143039731308818
mlp_4x100_gelu_dropout_l2,10,30,259,0.0022263815626502037,0.0017139553092420101
mlp_4x100_gelu_dropout_l2,10,30,260,0.0022261750418692827,0.0017141909338533878
mlp_4x100_gelu_dropout_l2,10,30,261,0.0022259335964918137,0.001713485806249082
mlp_4x100_gelu_dropout_l2,10,30,262,0.0022251340560615063,0.0017128849867731333
mlp_4x100_gelu_dropout_l2,10,30,263,0.0022251352202147245,0.0017125988379120827
mlp_4x100_gelu_dropout_l2,10,30,264,0.0022249468602240086,0.0017127164173871279
mlp_4x100_gelu_dropout_l2,10,30,265,0.002223636955022812,0.001712645636871457
mlp_4x100_gelu_dropout_l2,10,30,266,0.002224164782091975,0.0017121605342254043
mlp_4x100_gelu_dropout_l2,10,30,267,0.002223868854343891,0.0017118453979492188
mlp_4x100_gelu_dropout_l2,10,30,268,0.002223289804533124,0.0017121720593422651
mlp_4x100_gelu_dropout_l2,10,30,269,0.0022227850276976824,0.0017117290990427136
mlp_4x100_gelu_dropout_l2,10,30,270,0.0022228299640119076,0.0017115913797169924
mlp_4x100_gelu_dropout_l2,10,30,271,0.0022224122658371925,0.0017110370099544525
mlp_4x100_gelu_dropout_l2,10,30,272,0.002222273265942931,0.0017111783381551504
mlp_4x100_gelu_dropout_l2,10,30,273,0.002221912844106555,0.0017107244348153472
mlp_4x100_gelu_dropout_l2,10,30,274,0.0022215554490685463,0.0017108266474679112
mlp_4x100_gelu_dropout_l2,10,30,275,0.002221271861344576,0.001710353884845972
mlp_4x100_gelu_dropout_l2,10,30,276,0.0022205945570021868,0.0017103663412854075
mlp_4x100_gelu_dropout_l2,10,30,277,0.0022212795447558165,0.0017103764694184065
mlp_4x100_gelu_dropout_l2,10,30,278,0.002221234142780304,0.0017097067320719361
mlp_4x100_gelu_dropout_l2,10,30,279,0.002220296999439597,0.001709749805741012
mlp_4x100_gelu_dropout_l2,10,30,280,0.0022205482237040997,0.0017101234989240766
mlp_4x100_gelu_dropout_l2,10,30,281,0.002220684662461281,0.0017099118558689952
mlp_4x100_gelu_dropout_l2,10,30,282,0.0022206406574696302,0.0017103664577007294
mlp_4x100_gelu_dropout_l2,10,30,283,0.002219937741756439,0.0017099983524531126
mlp_4x100_gelu_dropout_l2,10,30,284,0.0022195924539119005,0.001709604519419372
mlp_4x100_gelu_dropout_l2,10,30,285,0.002219805959612131,0.0017097181407734752
mlp_4x100_gelu_dropout_l2,10,30,286,0.002220063703134656,0.0017098268726840615
mlp_4x100_gelu_dropout_l2,10,30,287,0.002219602931290865,0.0017090553883463144
mlp_4x100_gelu_dropout_l2,10,30,288,0.0022195156197994947,0.0017093998612836003
mlp_4x100_gelu_dropout_l2,10,30,289,0.0022190946619957685,0.0017101013800129294
mlp_4x100_gelu_dropout_l2,10,30,290,0.0022187961731106043,0.001709543401375413
mlp_4x100_gelu_dropout_l2,10,30,291,0.0022184213157743216,0.0017092942725867033
mlp_4x100_gelu_dropout_l2,10,30,292,0.0022183589171618223,0.0017090964829549193
mlp_4x100_gelu_dropout_l2,10,30,293,0.0022188019938766956,0.00170852430164814
mlp_4x100_gelu_dropout_l2,10,30,294,0.0022189777810126543,0.0017090709879994392
mlp_4x100_gelu_dropout_l2,10,30,295,0.0022179202642291784,0.001708904397673905
mlp_4x100_gelu_dropout_l2,10,30,296,0.0022176981437951326,0.0017091421177610755
mlp_4x100_gelu_dropout_l2,10,30,297,0.0022184127010405064,0.0017088381573557854
mlp_4x100_gelu_dropout_l2,10,30,298,0.002218182198703289,0.0017085537547245622
mlp_4x100_gelu_dropout_l2,10,30,299,0.002217417350038886,0.0017088517779484391
mlp_4x100_gelu_dropout_l2,10,30,300,0.0022176255006343126,0.001707913470454514
mlp_4x100_gelu_dropout_l2,10,30,301,0.0022173370234668255,0.0017090659821406007
mlp_4x100_gelu_dropout_l2,10,30,302,0.002216721186414361,0.0017090790206566453
mlp_4x100_gelu_dropout_l2,10,30,303,0.002217437606304884,0.0017088270979002118
mlp_4x100_gelu_dropout_l2,10,30,304,0.0022170022130012512,0.0017086482839658856
mlp_4x100_gelu_dropout_l2,10,30,305,0.002217266010120511,0.0017080210382118821
mlp_4x100_gelu_dropout_l2,10,30,306,0.0022160420194268227,0.0017082525882869959
mlp_4x100_gelu_dropout_l2,10,30,307,0.002216869266703725,0.0017087269807234406
mlp_4x100_gelu_dropout_l2,10,30,308,0.00221618777140975,0.0017084553837776184
mlp_4x100_gelu_dropout_l2,10,30,309,0.002215838525444269,0.0017085997387766838
mlp_4x100_gelu_dropout_l2,10,30,310,0.0022157770581543446,0.00170840322971344
mlp_4x100_gelu_dropout_l2,10,30,311,0.0022162303794175386,0.0017083081183955073
mlp_4x100_gelu_dropout_l2,10,30,312,0.0022160173393785954,0.0017082755221053958
mlp_4x100_gelu_dropout_l2,10,30,313,0.002216300694271922,0.0017078218515962362
mlp_4x100_gelu_dropout_l2,10,30,314,0.002216182416304946,0.001708040595985949
mlp_4x100_gelu_dropout_l2,10,30,315,0.0022166024427860975,0.00170770229306072
mlp_4x100_gelu_dropout_l2,10,30,316,0.002215905115008354,0.0017077815718948841
mlp_4x100_gelu_dropout_l2,10,30,317,0.002215390093624592,0.0017078270902857184
mlp_4x100_gelu_dropout_l2,10,30,318,0.0022156608756631613,0.001707760151475668
mlp_4x100_gelu_dropout_l2,10,30,319,0.0022159714717417955,0.0017082012491300702
mlp_4x100_gelu_dropout_l2,10,30,320,0.002215232001617551,0.0017076171934604645
mlp_4x100_gelu_dropout_l2,10,30,321,0.002214620355516672,0.0017081128899008036
mlp_4x100_gelu_dropout_l2,10,30,322,0.0022154112812131643,0.0017082567792385817
mlp_4x100_gelu_dropout_l2,10,30,323,0.0022155947517603636,0.001708004274405539
mlp_4x100_gelu_dropout_l2,10,30,324,0.0022158955689519644,0.0017077319789677858
mlp_4x100_gelu_dropout_l2,10,30,325,0.002214597538113594,0.0017076863441616297
mlp_4x100_gelu_dropout_l2,10,30,326,0.002215462038293481,0.0017081387341022491
mlp_4x100_gelu_dropout_l2,10,30,327,0.0022146611008793116,0.0017080953111872077
mlp_4x100_gelu_dropout_l2,10,30,328,0.002215813146904111,0.0017081120749935508
mlp_4x100_gelu_dropout_l2,10,30,329,0.0022152666933834553,0.0017078204546123743
mlp_4x100_gelu_dropout_l2,10,30,330,0.002215204294770956,0.0017077670199796557
mlp_4x100_gelu_dropout_l2,10,30,331,0.0022140343207865953,0.001707838848233223
mlp_4x100_gelu_dropout_l2,10,30,332,0.002214539097622037,0.0017080757534131408
mlp_4x100_gelu_dropout_l2,10,30,333,0.0022151488810777664,0.0017077112570405006
mlp_4x100_gelu_dropout_l2,10,30,334,0.002214726060628891,0.0017079762183129787
mlp_4x100_gelu_dropout_l2,10,30,335,0.002214181236922741,0.0017079118406400084
mlp_4x100_gelu_dropout_l2,10,30,336,0.0022139991633594036,0.0017083727288991213
mlp_4x100_gelu_dropout_l2,10,30,337,0.0022138352505862713,0.0017076015938073397
mlp_4x100_gelu_dropout_l2,10,30,338,0.0022144103422760963,0.0017082274425774813
mlp_4x100_gelu_dropout_l2,10,30,339,0.0022135667968541384,0.0017082341946661472
mlp_4x100_gelu_dropout_l2,10,30,340,0.0022136594634503126,0.0017079001991078258
mlp_4x100_gelu_dropout_l2,10,30,341,0.002215050160884857,0.001707623596303165
mlp_4x100_gelu_dropout_l2,10,30,342,0.0022143558599054813,0.0017074128845706582
mlp_4x100_gelu_dropout_l2,10,30,343,0.002212920691817999,0.001707770279608667
mlp_4x100_gelu_dropout_l2,10,30,344,0.002213776344433427,0.0017076818039640784
mlp_4x100_gelu_dropout_l2,10,30,345,0.0022139998618513346,0.0017077476950362325
mlp_4x100_gelu_dropout_l2,10,30,346,0.00221334770321846,0.0017080602701753378
mlp_4x100_gelu_dropout_l2,10,30,347,0.002213479019701481,0.0017079742392525077
mlp_4x100_gelu_dropout_l2,10,30,348,0.0022127090487629175,0.0017081174300983548
mlp_4x100_gelu_dropout_l2,10,30,349,0.0022137316409498453,0.0017083140555769205
mlp_4x100_gelu_dropout_l2,10,30,350,0.002213620813563466,0.0017080765683203936
mlp_4x100_gelu_dropout_l2,10,30,351,0.0022127979900687933,0.0017090358305722475
mlp_4x100_gelu_dropout_l2,10,30,352,0.0022135411854833364,0.0017086326843127608
mlp_4x100_gelu_dropout_l2,10,30,353,0.002212300430983305,0.0017090658657252789
mlp_4x100_gelu_dropout_l2,10,30,354,0.002213431987911463,0.0017086667940020561
mlp_4x100_gelu_dropout_l2,10,30,355,0.0022131092846393585,0.0017083504935726523
mlp_4x100_gelu_dropout_l2,10,30,356,0.0022130925208330154,0.00170836818870157
mlp_4x100_gelu_dropout_l2,10,30,357,0.00221321452409029,0.0017077985685318708
mlp_4x100_gelu_dropout_l2,10,30,358,0.002212608465924859,0.0017085910076275468
mlp_4x100_gelu_dropout_l2,10,30,359,0.00221256329677999,0.0017082293052226305
mlp_4x100_gelu_dropout_l2,10,30,360,0.002212671097368002,0.0017084339633584023
mlp_4x100_gelu_dropout_l2,10,30,361,0.0022115998435765505,0.0017084633000195026
mlp_4x100_gelu_dropout_l2,10,30,362,0.002212171908468008,0.0017090380424633622
mlp_4x100_gelu_dropout_l2,10,30,363,0.0022126028779894114,0.0017090376932173967
mlp_4x100_gelu_dropout_l2,10,30,364,0.002211320213973522,0.0017089304747059941
mlp_4x100_gelu_dropout_l2,10,30,365,0.0022126883268356323,0.0017097408417612314
mlp_4x100_gelu_dropout_l2,10,30,366,0.0022132983431220055,0.0017094422364607453
mlp_4x100_gelu_dropout_l2,10,30,367,0.0022120808716863394,0.001709032105281949
mlp_4x100_gelu_dropout_l2,10,30,368,0.0022112890146672726,0.0017097563249990344
mlp_4x100_gelu_dropout_l2,10,30,369,0.0022127130068838596,0.0017100941622629762
mlp_4x100_gelu_dropout_l2,10,30,370,0.002212138846516609,0.0017098721582442522
mlp_4x100_gelu_dropout_l2,10,30,371,0.0022122878581285477,0.001709558768197894
mlp_4x100_gelu_dropout_l2,10,30,372,0.0022115784231573343,0.0017092182533815503
mlp_4x100_gelu_dropout_l2,10,90,1,0.20571891963481903,0.06287015229463577
mlp_4x100_gelu_dropout_l2,10,90,2,0.1349964737892151,0.047553226351737976
mlp_4x100_gelu_dropout_l2,10,90,3,0.10372854024171829,0.03774035722017288
mlp_4x100_gelu_dropout_l2,10,90,4,0.0843709260225296,0.03096015378832817
mlp_4x100_gelu_dropout_l2,10,90,5,0.07078012824058533,0.025956813246011734
mlp_4x100_gelu_dropout_l2,10,90,6,0.060921214520931244,0.022162972018122673
mlp_4x100_gelu_dropout_l2,10,90,7,0.05364430323243141,0.019235102459788322
mlp_4x100_gelu_dropout_l2,10,90,8,0.04776567220687866,0.016909439116716385
mlp_4x100_gelu_dropout_l2,10,90,9,0.042978812009096146,0.015006589703261852
mlp_4x100_gelu_dropout_l2,10,90,10,0.03913949057459831,0.013504687696695328
mlp_4x100_gelu_dropout_l2,10,90,11,0.035896506160497665,0.012268139980733395
mlp_4x100_gelu_dropout_l2,10,90,12,0.03314982354640961,0.011227192357182503
mlp_4x100_gelu_dropout_l2,10,90,13,0.030855713412165642,0.010378102771937847
mlp_4x100_gelu_dropout_l2,10,90,14,0.02872309461236,0.009632832370698452
mlp_4x100_gelu_dropout_l2,10,90,15,0.026875993236899376,0.0090116485953331
mlp_4x100_gelu_dropout_l2,10,90,16,0.025230735540390015,0.008473946712911129
mlp_4x100_gelu_dropout_l2,10,90,17,0.02372681349515915,0.008025327697396278
mlp_4x100_gelu_dropout_l2,10,90,18,0.022500086575746536,0.007588646374642849
mlp_4x100_gelu_dropout_l2,10,90,19,0.02123156562447548,0.0072301882319152355
mlp_4x100_gelu_dropout_l2,10,90,20,0.02019926905632019,0.0068952105939388275
mlp_4x100_gelu_dropout_l2,10,90,21,0.01920522004365921,0.00661448435857892
mlp_4x100_gelu_dropout_l2,10,90,22,0.01832975447177887,0.006384591571986675
mlp_4x100_gelu_dropout_l2,10,90,23,0.017571981996297836,0.006139852572232485
mlp_4x100_gelu_dropout_l2,10,90,24,0.01676104962825775,0.005940432660281658
mlp_4x100_gelu_dropout_l2,10,90,25,0.016083240509033203,0.005770723335444927
mlp_4x100_gelu_dropout_l2,10,90,26,0.015447061508893967,0.005624711979180574
mlp_4x100_gelu_dropout_l2,10,90,27,0.014778802171349525,0.005474752280861139
mlp_4x100_gelu_dropout_l2,10,90,28,0.01427208911627531,0.005323795601725578
mlp_4x100_gelu_dropout_l2,10,90,29,0.01370984222739935,0.005208205431699753
mlp_4x100_gelu_dropout_l2,10,90,30,0.013276465237140656,0.005129922181367874
mlp_4x100_gelu_dropout_l2,10,90,31,0.012819996103644371,0.0050068143755197525
mlp_4x100_gelu_dropout_l2,10,90,32,0.012357662431895733,0.004921792075037956
mlp_4x100_gelu_dropout_l2,10,90,33,0.011973201297223568,0.004876935388892889
mlp_4x100_gelu_dropout_l2,10,90,34,0.011623702012002468,0.00478728162124753
mlp_4x100_gelu_dropout_l2,10,90,35,0.011260229162871838,0.004719802178442478
mlp_4x100_gelu_dropout_l2,10,90,36,0.010897625237703323,0.004643832333385944
mlp_4x100_gelu_dropout_l2,10,90,37,0.010602915659546852,0.004586881026625633
mlp_4x100_gelu_dropout_l2,10,90,38,0.010306326672434807,0.004538801498711109
mlp_4x100_gelu_dropout_l2,10,90,39,0.010049249976873398,0.004474008921533823
mlp_4x100_gelu_dropout_l2,10,90,40,0.009770436212420464,0.004437037277966738
mlp_4x100_gelu_dropout_l2,10,90,41,0.009539813734591007,0.0044052391313016415
mlp_4x100_gelu_dropout_l2,10,90,42,0.00928543508052826,0.0043601104989647865
mlp_4x100_gelu_dropout_l2,10,90,43,0.009051826782524586,0.00434035062789917
mlp_4x100_gelu_dropout_l2,10,90,44,0.008857082575559616,0.004305610433220863
mlp_4x100_gelu_dropout_l2,10,90,45,0.008671051822602749,0.004276852589100599
mlp_4x100_gelu_dropout_l2,10,90,46,0.00847597699612379,0.004241136368364096
mlp_4x100_gelu_dropout_l2,10,90,47,0.008299903012812138,0.004226594232022762
mlp_4x100_gelu_dropout_l2,10,90,48,0.008123243227601051,0.004182149656116962
mlp_4x100_gelu_dropout_l2,10,90,49,0.007948045618832111,0.00417278241366148
mlp_4x100_gelu_dropout_l2,10,90,50,0.00776486424729228,0.0041334801353514194
mlp_4x100_gelu_dropout_l2,10,90,51,0.007629543077200651,0.004125347826629877
mlp_4x100_gelu_dropout_l2,10,90,52,0.0074780965223908424,0.0041021243669092655
mlp_4x100_gelu_dropout_l2,10,90,53,0.007342657074332237,0.00408064154908061
mlp_4x100_gelu_dropout_l2,10,90,54,0.007208532653748989,0.004049391020089388
mlp_4x100_gelu_dropout_l2,10,90,55,0.0070699164643883705,0.004045654088258743
mlp_4x100_gelu_dropout_l2,10,90,56,0.006949057802557945,0.004016397520899773
mlp_4x100_gelu_dropout_l2,10,90,57,0.006811593193560839,0.003998304717242718
mlp_4x100_gelu_dropout_l2,10,90,58,0.006705474574118853,0.003979736939072609
mlp_4x100_gelu_dropout_l2,10,90,59,0.0066003152169287205,0.00396650331094861
mlp_4x100_gelu_dropout_l2,10,90,60,0.006488089449703693,0.003949553705751896
mlp_4x100_gelu_dropout_l2,10,90,61,0.006381065584719181,0.003927783574908972
mlp_4x100_gelu_dropout_l2,10,90,62,0.006278901360929012,0.003906210185959935
mlp_4x100_gelu_dropout_l2,10,90,63,0.006182669661939144,0.0039034525398164988
mlp_4x100_gelu_dropout_l2,10,90,64,0.006079309154301882,0.0038768628146499395
mlp_4x100_gelu_dropout_l2,10,90,65,0.0060103838331997395,0.003861389821395278
mlp_4x100_gelu_dropout_l2,10,90,66,0.0059012770652771,0.003836700227111578
mlp_4x100_gelu_dropout_l2,10,90,67,0.005822293926030397,0.0038332613185048103
mlp_4x100_gelu_dropout_l2,10,90,68,0.005734787322580814,0.0038097614888101816
mlp_4x100_gelu_dropout_l2,10,90,69,0.0056552579626441,0.0037908577360212803
mlp_4x100_gelu_dropout_l2,10,90,70,0.00559015991166234,0.003771098330616951
mlp_4x100_gelu_dropout_l2,10,90,71,0.005510601680725813,0.003754847450181842
mlp_4x100_gelu_dropout_l2,10,90,72,0.0054305377416312695,0.003735179081559181
mlp_4x100_gelu_dropout_l2,10,90,73,0.005354795604944229,0.0037096228916198015
mlp_4x100_gelu_dropout_l2,10,90,74,0.005287173204123974,0.003700507804751396
mlp_4x100_gelu_dropout_l2,10,90,75,0.005212023854255676,0.0036933200899511576
mlp_4x100_gelu_dropout_l2,10,90,76,0.005154724232852459,0.0036621468607336283
mlp_4x100_gelu_dropout_l2,10,90,77,0.005088556092232466,0.003649910679087043
mlp_4x100_gelu_dropout_l2,10,90,78,0.005031706765294075,0.003634074470028281
mlp_4x100_gelu_dropout_l2,10,90,79,0.0049699461087584496,0.0036250839475542307
mlp_4x100_gelu_dropout_l2,10,90,80,0.004906510002911091,0.003595429938286543
mlp_4x100_gelu_dropout_l2,10,90,81,0.004845124203711748,0.0035729657392948866
mlp_4x100_gelu_dropout_l2,10,90,82,0.004788798280060291,0.003559027099981904
mlp_4x100_gelu_dropout_l2,10,90,83,0.004735975991934538,0.0035488465800881386
mlp_4x100_gelu_dropout_l2,10,90,84,0.0046870168298482895,0.003528520930558443
mlp_4x100_gelu_dropout_l2,10,90,85,0.004631512798368931,0.003512119874358177
mlp_4x100_gelu_dropout_l2,10,90,86,0.004585971590131521,0.0034883145708590746
mlp_4x100_gelu_dropout_l2,10,90,87,0.00453336862847209,0.00347323389723897
mlp_4x100_gelu_dropout_l2,10,90,88,0.004490377381443977,0.0034524633083492517
mlp_4x100_gelu_dropout_l2,10,90,89,0.004444011952728033,0.003441072767600417
mlp_4x100_gelu_dropout_l2,10,90,90,0.004395429044961929,0.003419045126065612
mlp_4x100_gelu_dropout_l2,10,90,91,0.004347414243966341,0.0033984805922955275
mlp_4x100_gelu_dropout_l2,10,90,92,0.004301102831959724,0.003380155423656106
mlp_4x100_gelu_dropout_l2,10,90,93,0.004256212152540684,0.003361067734658718
mlp_4x100_gelu_dropout_l2,10,90,94,0.004221080802381039,0.0033415937796235085
mlp_4x100_gelu_dropout_l2,10,90,95,0.004174248781055212,0.003320095594972372
mlp_4x100_gelu_dropout_l2,10,90,96,0.004135447088629007,0.0033022325951606035
mlp_4x100_gelu_dropout_l2,10,90,97,0.004093077499419451,0.0032828112598508596
mlp_4x100_gelu_dropout_l2,10,90,98,0.004053768236190081,0.003260835539549589
mlp_4x100_gelu_dropout_l2,10,90,99,0.0040189786814153194,0.0032448917627334595
mlp_4x100_gelu_dropout_l2,10,90,100,0.0039800130762159824,0.0032317021396011114
mlp_4x100_gelu_dropout_l2,10,90,101,0.003943427465856075,0.003201737767085433
mlp_4x100_gelu_dropout_l2,10,90,102,0.0039029025938361883,0.0031849609222263098
mlp_4x100_gelu_dropout_l2,10,90,103,0.003869118168950081,0.003163529559969902
mlp_4x100_gelu_dropout_l2,10,90,104,0.0038275886327028275,0.0031400173902511597
mlp_4x100_gelu_dropout_l2,10,90,105,0.0037986193783581257,0.003120021428912878
mlp_4x100_gelu_dropout_l2,10,90,106,0.00376004702411592,0.003102421062067151
mlp_4x100_gelu_dropout_l2,10,90,107,0.0037280740216374397,0.003078998066484928
mlp_4x100_gelu_dropout_l2,10,90,108,0.0036912737414240837,0.0030592181719839573
mlp_4x100_gelu_dropout_l2,10,90,109,0.0036596490535885096,0.0030356307979673147
mlp_4x100_gelu_dropout_l2,10,90,110,0.0036278082989156246,0.0030118573922663927
mlp_4x100_gelu_dropout_l2,10,90,111,0.003593513509258628,0.002992159454151988
mlp_4x100_gelu_dropout_l2,10,90,112,0.003563912818208337,0.0029723052866756916
mlp_4x100_gelu_dropout_l2,10,90,113,0.003523707389831543,0.00294787110760808
mlp_4x100_gelu_dropout_l2,10,90,114,0.0034970950800925493,0.002926845336332917
mlp_4x100_gelu_dropout_l2,10,90,115,0.003464686218649149,0.002905027475208044
mlp_4x100_gelu_dropout_l2,10,90,116,0.0034323192667216063,0.0028791341464966536
mlp_4x100_gelu_dropout_l2,10,90,117,0.003401876660063863,0.002856486476957798
mlp_4x100_gelu_dropout_l2,10,90,118,0.0033694386947900057,0.0028366923797875643
mlp_4x100_gelu_dropout_l2,10,90,119,0.0033373951446264982,0.002814084989950061
mlp_4x100_gelu_dropout_l2,10,90,120,0.003309647785499692,0.002790948608890176
mlp_4x100_gelu_dropout_l2,10,90,121,0.0032756468281149864,0.0027642170898616314
mlp_4x100_gelu_dropout_l2,10,90,122,0.0032474729232490063,0.0027417540550231934
mlp_4x100_gelu_dropout_l2,10,90,123,0.003215978154912591,0.002716714283451438
mlp_4x100_gelu_dropout_l2,10,90,124,0.0031865958590060472,0.0026940247043967247
mlp_4x100_gelu_dropout_l2,10,90,125,0.003158126026391983,0.002668671542778611
mlp_4x100_gelu_dropout_l2,10,90,126,0.0031276110094040632,0.0026452885940670967
mlp_4x100_gelu_dropout_l2,10,90,127,0.003095954889431596,0.0026224921457469463
mlp_4x100_gelu_dropout_l2,10,90,128,0.0030693188309669495,0.002598162740468979
mlp_4x100_gelu_dropout_l2,10,90,129,0.003038854105398059,0.0025722766295075417
mlp_4x100_gelu_dropout_l2,10,90,130,0.0030090336222201586,0.0025469628162682056
mlp_4x100_gelu_dropout_l2,10,90,131,0.0029791463166475296,0.0025225477293133736
mlp_4x100_gelu_dropout_l2,10,90,132,0.0029492643661797047,0.002499543596059084
mlp_4x100_gelu_dropout_l2,10,90,133,0.002923566149547696,0.0024742817040532827
mlp_4x100_gelu_dropout_l2,10,90,134,0.0028927361126989126,0.0024487467017024755
mlp_4x100_gelu_dropout_l2,10,90,135,0.002865021349862218,0.0024253586307168007
mlp_4x100_gelu_dropout_l2,10,90,136,0.002834416227415204,0.0023986969608813524
mlp_4x100_gelu_dropout_l2,10,90,137,0.002807829063385725,0.002373681403696537
mlp_4x100_gelu_dropout_l2,10,90,138,0.0027788991574198008,0.002348545705899596
mlp_4x100_gelu_dropout_l2,10,90,139,0.0027492474764585495,0.0023241518065333366
mlp_4x100_gelu_dropout_l2,10,90,140,0.0027209892868995667,0.0022957753390073776
mlp_4x100_gelu_dropout_l2,10,90,141,0.0026925881393253803,0.0022730825003236532
mlp_4x100_gelu_dropout_l2,10,90,142,0.0026655164547264576,0.002246764488518238
mlp_4x100_gelu_dropout_l2,10,90,143,0.0026374105364084244,0.002221662551164627
mlp_4x100_gelu_dropout_l2,10,90,144,0.002609553514048457,0.0021979135926812887
mlp_4x100_gelu_dropout_l2,10,90,145,0.0025798531714826822,0.0021726847626268864
mlp_4x100_gelu_dropout_l2,10,90,146,0.002554904902353883,0.0021490827202796936
mlp_4x100_gelu_dropout_l2,10,90,147,0.002527090488001704,0.002123139100149274
mlp_4x100_gelu_dropout_l2,10,90,148,0.0024999859742820263,0.0020976548548787832
mlp_4x100_gelu_dropout_l2,10,90,149,0.0024727710988372564,0.0020731957629323006
mlp_4x100_gelu_dropout_l2,10,90,150,0.0024446514435112476,0.002046609530225396
mlp_4x100_gelu_dropout_l2,10,90,151,0.002419932745397091,0.0020233807153999805
mlp_4x100_gelu_dropout_l2,10,90,152,0.0023946003057062626,0.00200060335919261
mlp_4x100_gelu_dropout_l2,10,90,153,0.0023656650446355343,0.0019774676766246557
mlp_4x100_gelu_dropout_l2,10,90,154,0.0023399568162858486,0.0019511174177750945
mlp_4x100_gelu_dropout_l2,10,90,155,0.0023151368368417025,0.0019263271242380142
mlp_4x100_gelu_dropout_l2,10,90,156,0.0022899555042386055,0.0019049823749810457
mlp_4x100_gelu_dropout_l2,10,90,157,0.0022644922137260437,0.0018811943009495735
mlp_4x100_gelu_dropout_l2,10,90,158,0.0022401970345526934,0.0018583422061055899
mlp_4x100_gelu_dropout_l2,10,90,159,0.0022162317764014006,0.0018337337533012033
mlp_4x100_gelu_dropout_l2,10,90,160,0.0021911582443863153,0.0018106773495674133
mlp_4x100_gelu_dropout_l2,10,90,161,0.0021676213946193457,0.0017885545967146754
mlp_4x100_gelu_dropout_l2,10,90,162,0.0021438002586364746,0.0017655923729762435
mlp_4x100_gelu_dropout_l2,10,90,163,0.0021209432743489742,0.001742724678479135
mlp_4x100_gelu_dropout_l2,10,90,164,0.0020971382036805153,0.0017223701579496264
mlp_4x100_gelu_dropout_l2,10,90,165,0.002075180411338806,0.00170091912150383
mlp_4x100_gelu_dropout_l2,10,90,166,0.0020527599845081568,0.0016789829824119806
mlp_4x100_gelu_dropout_l2,10,90,167,0.0020291174296289682,0.0016585710691288114
mlp_4x100_gelu_dropout_l2,10,90,168,0.002007974311709404,0.0016366608906537294
mlp_4x100_gelu_dropout_l2,10,90,169,0.0019860444590449333,0.0016173138283193111
mlp_4x100_gelu_dropout_l2,10,90,170,0.001965233823284507,0.0015965438215062022
mlp_4x100_gelu_dropout_l2,10,90,171,0.0019444169010967016,0.001575430273078382
mlp_4x100_gelu_dropout_l2,10,90,172,0.0019234683131799102,0.0015554064884781837
mlp_4x100_gelu_dropout_l2,10,90,173,0.0019039554754272103,0.0015361050609499216
mlp_4x100_gelu_dropout_l2,10,90,174,0.0018845796585083008,0.0015168341342359781
mlp_4x100_gelu_dropout_l2,10,90,175,0.0018644932424649596,0.0014992146752774715
mlp_4x100_gelu_dropout_l2,10,90,176,0.0018455454846844077,0.0014799587661400437
mlp_4x100_gelu_dropout_l2,10,90,177,0.001826995168812573,0.0014617661945521832
mlp_4x100_gelu_dropout_l2,10,90,178,0.0018089398508891463,0.0014441933017224073
mlp_4x100_gelu_dropout_l2,10,90,179,0.0017912309849634767,0.0014256468275561929
mlp_4x100_gelu_dropout_l2,10,90,180,0.0017732670530676842,0.0014088333118706942
mlp_4x100_gelu_dropout_l2,10,90,181,0.0017567723989486694,0.001392030855640769
mlp_4x100_gelu_dropout_l2,10,90,182,0.0017392345471307635,0.0013762221205979586
mlp_4x100_gelu_dropout_l2,10,90,183,0.0017236453713849187,0.0013601684477180243
mlp_4x100_gelu_dropout_l2,10,90,184,0.0017075290670618415,0.0013444384094327688
mlp_4x100_gelu_dropout_l2,10,90,185,0.0016915390733629465,0.0013286239700391889
mlp_4x100_gelu_dropout_l2,10,90,186,0.0016768444329500198,0.0013134340988472104
mlp_4x100_gelu_dropout_l2,10,90,187,0.0016619922826066613,0.0012991642579436302
mlp_4x100_gelu_dropout_l2,10,90,188,0.0016474663279950619,0.0012854767264798284
mlp_4x100_gelu_dropout_l2,10,90,189,0.001633574371226132,0.0012711088638752699
mlp_4x100_gelu_dropout_l2,10,90,190,0.0016200802056118846,0.0012574507854878902
mlp_4x100_gelu_dropout_l2,10,90,191,0.001606713398359716,0.0012443878222256899
mlp_4x100_gelu_dropout_l2,10,90,192,0.0015940836165100336,0.0012321171816438437
mlp_4x100_gelu_dropout_l2,10,90,193,0.0015814198413863778,0.001219296595081687
mlp_4x100_gelu_dropout_l2,10,90,194,0.0015699113719165325,0.0012073722900822759
mlp_4x100_gelu_dropout_l2,10,90,195,0.0015579070895910263,0.0011957356473430991
mlp_4x100_gelu_dropout_l2,10,90,196,0.0015466938493773341,0.0011852080933749676
mlp_4x100_gelu_dropout_l2,10,90,197,0.0015358038945123553,0.0011743409559130669
mlp_4x100_gelu_dropout_l2,10,90,198,0.0015251999720931053,0.00116324657574296
mlp_4x100_gelu_dropout_l2,10,90,199,0.0015149059472605586,0.0011534770019352436
mlp_4x100_gelu_dropout_l2,10,90,200,0.0015053245006129146,0.0011442251270636916
mlp_4x100_gelu_dropout_l2,10,90,201,0.00149516889359802,0.0011345410021021962
mlp_4x100_gelu_dropout_l2,10,90,202,0.0014862609095871449,0.0011252302210777998
mlp_4x100_gelu_dropout_l2,10,90,203,0.001477326499298215,0.0011163402814418077
mlp_4x100_gelu_dropout_l2,10,90,204,0.0014687959337607026,0.0011085551232099533
mlp_4x100_gelu_dropout_l2,10,90,205,0.0014608143828809261,0.0011001874227076769
mlp_4x100_gelu_dropout_l2,10,90,206,0.0014527657767757773,0.0010922978399321437
mlp_4x100_gelu_dropout_l2,10,90,207,0.00144515885040164,0.0010852275881916285
mlp_4x100_gelu_dropout_l2,10,90,208,0.0014380270149558783,0.001077944878488779
mlp_4x100_gelu_dropout_l2,10,90,209,0.001431122305803001,0.0010714450618252158
mlp_4x100_gelu_dropout_l2,10,90,210,0.001424281275831163,0.001064531970769167
mlp_4x100_gelu_dropout_l2,10,90,211,0.0014177927514538169,0.0010579446097835898
mlp_4x100_gelu_dropout_l2,10,90,212,0.0014115266967564821,0.001052092295140028
mlp_4x100_gelu_dropout_l2,10,90,213,0.0014058249071240425,0.0010468115797266364
mlp_4x100_gelu_dropout_l2,10,90,214,0.0014001567615196109,0.0010411173570901155
mlp_4x100_gelu_dropout_l2,10,90,215,0.0013946924591436982,0.0010356787825003266
mlp_4x100_gelu_dropout_l2,10,90,216,0.0013893580762669444,0.0010304191382601857
mlp_4x100_gelu_dropout_l2,10,90,217,0.0013846749207004905,0.001025957870297134
mlp_4x100_gelu_dropout_l2,10,90,218,0.0013795964187011123,0.0010215130168944597
mlp_4x100_gelu_dropout_l2,10,90,219,0.0013753945240750909,0.0010173917980864644
mlp_4x100_gelu_dropout_l2,10,90,220,0.001370952813886106,0.0010129938600584865
mlp_4x100_gelu_dropout_l2,10,90,221,0.0013668989995494485,0.0010096183978021145
mlp_4x100_gelu_dropout_l2,10,90,222,0.0013627799926325679,0.0010052903089672327
mlp_4x100_gelu_dropout_l2,10,90,223,0.0013590065063908696,0.001002051285468042
mlp_4x100_gelu_dropout_l2,10,90,224,0.0013557001948356628,0.0009981539333239198
mlp_4x100_gelu_dropout_l2,10,90,225,0.0013521614018827677,0.0009953674161806703
mlp_4x100_gelu_dropout_l2,10,90,226,0.0013487685937434435,0.0009921153541654348
mlp_4x100_gelu_dropout_l2,10,90,227,0.0013458655448630452,0.0009892672533169389
mlp_4x100_gelu_dropout_l2,10,90,228,0.0013428741367533803,0.0009863302111625671
mlp_4x100_gelu_dropout_l2,10,90,229,0.0013401344185695052,0.0009835065575316548
mlp_4x100_gelu_dropout_l2,10,90,230,0.001337457331828773,0.0009810196934267879
mlp_4x100_gelu_dropout_l2,10,90,231,0.001334908651188016,0.0009784861467778683
mlp_4x100_gelu_dropout_l2,10,90,232,0.0013326163170859218,0.0009768950985744596
mlp_4x100_gelu_dropout_l2,10,90,233,0.0013302714796736836,0.0009741930989548564
mlp_4x100_gelu_dropout_l2,10,90,234,0.0013279863633215427,0.0009723156108520925
mlp_4x100_gelu_dropout_l2,10,90,235,0.001326056313700974,0.0009700605878606439
mlp_4x100_gelu_dropout_l2,10,90,236,0.001324051059782505,0.0009682771633379161
mlp_4x100_gelu_dropout_l2,10,90,237,0.0013221310218796134,0.0009662120137363672
mlp_4x100_gelu_dropout_l2,10,90,238,0.0013202609261497855,0.0009648748091422021
mlp_4x100_gelu_dropout_l2,10,90,239,0.0013186747673898935,0.0009627792169339955
mlp_4x100_gelu_dropout_l2,10,90,240,0.0013170301681384444,0.0009613102884031832
mlp_4x100_gelu_dropout_l2,10,90,241,0.0013157007051631808,0.0009599494514986873
mlp_4x100_gelu_dropout_l2,10,90,242,0.0013141812523826957,0.000958586111664772
mlp_4x100_gelu_dropout_l2,10,90,243,0.0013128374703228474,0.0009575599106028676
mlp_4x100_gelu_dropout_l2,10,90,244,0.0013115496840327978,0.0009557928424328566
mlp_4x100_gelu_dropout_l2,10,90,245,0.0013103547971695662,0.000954624789301306
mlp_4x100_gelu_dropout_l2,10,90,246,0.0013090262655168772,0.0009535666322335601
mlp_4x100_gelu_dropout_l2,10,90,247,0.0013081522192806005,0.0009523998014628887
mlp_4x100_gelu_dropout_l2,10,90,248,0.0013069265987724066,0.0009513935656286776
mlp_4x100_gelu_dropout_l2,10,90,249,0.001305932062678039,0.0009507709182798862
mlp_4x100_gelu_dropout_l2,10,90,250,0.0013049331028014421,0.0009497106075286865
mlp_4x100_gelu_dropout_l2,10,90,251,0.0013040716294199228,0.0009487867937423289
mlp_4x100_gelu_dropout_l2,10,90,252,0.0013032517163082957,0.0009481027373112738
mlp_4x100_gelu_dropout_l2,10,90,253,0.0013024304062128067,0.000947234861087054
mlp_4x100_gelu_dropout_l2,10,90,254,0.0013016591547057033,0.0009462720481678843
mlp_4x100_gelu_dropout_l2,10,90,255,0.0013008423848077655,0.0009456968400627375
mlp_4x100_gelu_dropout_l2,10,90,256,0.0013003434287384152,0.0009452287340536714
mlp_4x100_gelu_dropout_l2,10,90,257,0.0012996125733479857,0.0009447085321880877
mlp_4x100_gelu_dropout_l2,10,90,258,0.0012989556416869164,0.0009436996770091355
mlp_4x100_gelu_dropout_l2,10,90,259,0.001298492425121367,0.0009432031656615436
mlp_4x100_gelu_dropout_l2,10,90,260,0.001297874259762466,0.0009430855279788375
mlp_4x100_gelu_dropout_l2,10,90,261,0.0012974628480151296,0.000942994374781847
mlp_4x100_gelu_dropout_l2,10,90,262,0.0012968757655471563,0.0009421405266039073
mlp_4x100_gelu_dropout_l2,10,90,263,0.0012962500331923366,0.0009412038489244878
mlp_4x100_gelu_dropout_l2,10,90,264,0.0012958573643118143,0.000941138481721282
mlp_4x100_gelu_dropout_l2,10,90,265,0.0012955303536728024,0.0009408053010702133
mlp_4x100_gelu_dropout_l2,10,90,266,0.001295051071792841,0.0009404767770320177
mlp_4x100_gelu_dropout_l2,10,90,267,0.0012946994975209236,0.0009398615220561624
mlp_4x100_gelu_dropout_l2,10,90,268,0.0012943277833983302,0.0009398905676789582
mlp_4x100_gelu_dropout_l2,10,90,269,0.0012940778397023678,0.0009392599458806217
mlp_4x100_gelu_dropout_l2,10,90,270,0.0012937391875311732,0.0009390103514306247
mlp_4x100_gelu_dropout_l2,10,90,271,0.0012934228871017694,0.0009387062746100128
mlp_4x100_gelu_dropout_l2,10,90,272,0.0012930427910760045,0.0009389323531650007
mlp_4x100_gelu_dropout_l2,10,90,273,0.0012928559444844723,0.0009385673911310732
mlp_4x100_gelu_dropout_l2,10,90,274,0.0012926135677844286,0.0009383595897816122
mlp_4x100_gelu_dropout_l2,10,90,275,0.001292320084758103,0.0009382032440043986
mlp_4x100_gelu_dropout_l2,10,90,276,0.0012919895816594362,0.0009376379894092679
mlp_4x100_gelu_dropout_l2,10,90,277,0.001291893539018929,0.0009377793176099658
mlp_4x100_gelu_dropout_l2,10,90,278,0.0012916135601699352,0.0009375591762363911
mlp_4x100_gelu_dropout_l2,10,90,279,0.001291431370191276,0.0009373457869514823
mlp_4x100_gelu_dropout_l2,10,90,280,0.0012912839883938432,0.0009368772152811289
mlp_4x100_gelu_dropout_l2,10,90,281,0.001291128690354526,0.0009372241911478341
mlp_4x100_gelu_dropout_l2,10,90,282,0.0012909227516502142,0.0009367800666950643
mlp_4x100_gelu_dropout_l2,10,90,283,0.0012907731579616666,0.000936415686737746
mlp_4x100_gelu_dropout_l2,10,90,284,0.001290580490604043,0.000936680706217885
mlp_4x100_gelu_dropout_l2,10,90,285,0.0012905687326565385,0.0009362698183394969
mlp_4x100_gelu_dropout_l2,10,90,286,0.0012903022579848766,0.0009361907141283154
mlp_4x100_gelu_dropout_l2,10,90,287,0.0012902099406346679,0.0009360785479657352
mlp_4x100_gelu_dropout_l2,10,90,288,0.001290053827688098,0.0009359006071463227
mlp_4x100_gelu_dropout_l2,10,90,289,0.001290026819333434,0.0009361569536849856
mlp_4x100_gelu_dropout_l2,10,90,290,0.001289894338697195,0.0009358940878883004
mlp_4x100_gelu_dropout_l2,10,90,291,0.001289695966988802,0.0009356342488899827
mlp_4x100_gelu_dropout_l2,10,90,292,0.0012895792024210095,0.0009356751688756049
mlp_4x100_gelu_dropout_l2,10,90,293,0.001289621228352189,0.0009350982145406306
mlp_4x100_gelu_dropout_l2,10,90,294,0.0012894566170871258,0.0009350769105367362
mlp_4x100_gelu_dropout_l2,10,90,295,0.001289449748583138,0.0009352591587230563
mlp_4x100_gelu_dropout_l2,10,90,296,0.001289400621317327,0.0009352091583423316
mlp_4x100_gelu_dropout_l2,10,90,297,0.0012892093509435654,0.0009349261526949704
mlp_4x100_gelu_dropout_l2,10,90,298,0.0012892148224636912,0.0009351077023893595
mlp_4x100_gelu_dropout_l2,10,90,299,0.0012891334481537342,0.0009349037427455187
mlp_4x100_gelu_dropout_l2,10,90,300,0.0012890235520899296,0.000934886047616601
mlp_4x100_gelu_dropout_l2,10,90,301,0.0012889993377029896,0.0009348054300062358
mlp_4x100_gelu_dropout_l2,10,90,302,0.0012888822238892317,0.0009345811558887362
mlp_4x100_gelu_dropout_l2,10,90,303,0.001288887346163392,0.0009346017614006996
mlp_4x100_gelu_dropout_l2,10,90,304,0.0012887658085674047,0.0009345070575363934
mlp_4x100_gelu_dropout_l2,10,90,305,0.001288641826249659,0.000934577954467386
mlp_4x100_gelu_dropout_l2,10,90,306,0.0012886514887213707,0.0009344532154500484
mlp_4x100_gelu_dropout_l2,10,90,307,0.0012884443858638406,0.0009341056575067341
mlp_4x100_gelu_dropout_l2,10,90,308,0.0012884876923635602,0.000934269861318171
mlp_4x100_gelu_dropout_l2,10,90,309,0.0012884543975815177,0.000934319628868252
mlp_4x100_gelu_dropout_l2,10,90,310,0.001288376864977181,0.0009342652629129589
mlp_4x100_gelu_dropout_l2,10,90,311,0.0012883113231509924,0.0009343958809040487
mlp_4x100_gelu_dropout_l2,10,90,312,0.001288215396925807,0.0009344199206680059
mlp_4x100_gelu_dropout_l2,10,90,313,0.0012882222654297948,0.0009342316770926118
mlp_4x100_gelu_dropout_l2,10,90,314,0.0012882472947239876,0.0009342018165625632
mlp_4x100_gelu_dropout_l2,10,90,315,0.0012881465954706073,0.0009340511169284582
mlp_4x100_gelu_dropout_l2,10,90,316,0.0012880443828180432,0.0009336532675661147
mlp_4x100_gelu_dropout_l2,10,90,317,0.0012879959540441632,0.000933634175453335
mlp_4x100_gelu_dropout_l2,10,90,318,0.001288004918023944,0.0009337469236925244
mlp_4x100_gelu_dropout_l2,10,90,319,0.0012879852438345551,0.0009339860989712179
mlp_4x100_gelu_dropout_l2,10,90,320,0.0012879334390163422,0.0009338375530205667
mlp_4x100_gelu_dropout_l2,10,90,321,0.001287931576371193,0.0009341357508674264
mlp_4x100_gelu_dropout_l2,10,90,322,0.0012878387933596969,0.0009337526862509549
mlp_4x100_gelu_dropout_l2,10,90,323,0.001287819817662239,0.0009338282980024815
mlp_4x100_gelu_dropout_l2,10,90,324,0.0012877722037956119,0.0009340113610960543
mlp_4x100_gelu_dropout_l2,10,90,325,0.0012877624249085784,0.0009335782960988581
mlp_4x100_gelu_dropout_l2,10,90,326,0.0012877273838967085,0.0009338443633168936
mlp_4x100_gelu_dropout_l2,10,90,327,0.0012876966502517462,0.0009338532690890133
mlp_4x100_gelu_dropout_l2,10,90,328,0.0012876391410827637,0.0009336938965134323
mlp_4x100_gelu_dropout_l2,10,90,329,0.0012876387918367982,0.000933622126467526
mlp_4x100_gelu_dropout_l2,10,90,330,0.0012875371612608433,0.0009334873757325113
mlp_4x100_gelu_dropout_l2,10,90,331,0.0012875930406153202,0.0009336376097053289
mlp_4x100_gelu_dropout_l2,10,90,332,0.0012875667307525873,0.0009334268979728222
mlp_4x100_gelu_dropout_l2,10,90,333,0.0012875720858573914,0.000933540053665638
mlp_4x100_gelu_dropout_l2,10,90,334,0.0012874716194346547,0.0009333822526969016
mlp_4x100_gelu_dropout_l2,10,90,335,0.0012874460080638528,0.0009334877249784768
mlp_4x100_gelu_dropout_l2,10,90,336,0.0012873923406004906,0.000933419622015208
mlp_4x100_gelu_dropout_l2,10,90,337,0.001287377905100584,0.0009332288755103946
mlp_4x100_gelu_dropout_l2,10,90,338,0.0012873836094513535,0.0009334990754723549
mlp_4x100_gelu_dropout_l2,10,90,339,0.0012874065432697535,0.0009330376051366329
mlp_4x100_gelu_dropout_l2,10,90,340,0.0012873058440163732,0.0009332203189842403
mlp_4x100_gelu_dropout_l2,10,90,341,0.0012873003724962473,0.0009332998306490481
mlp_4x100_gelu_dropout_l2,10,90,342,0.0012872775550931692,0.0009335009381175041
mlp_4x100_gelu_dropout_l2,10,90,343,0.0012872498482465744,0.0009335530921816826
mlp_4x100_gelu_dropout_l2,10,90,344,0.0012872505467385054,0.0009333736961707473
mlp_4x100_gelu_dropout_l2,10,90,345,0.0012872159713879228,0.0009333762573078275
mlp_4x100_gelu_dropout_l2,10,90,346,0.0012872254010289907,0.0009332734625786543
mlp_4x100_gelu_dropout_l2,10,90,347,0.0012871307553723454,0.0009332012268714607
mlp_4x100_gelu_dropout_l2,10,90,348,0.0012871684739366174,0.000933156639803201
mlp_4x100_gelu_dropout_l2,10,90,349,0.0012871224898844957,0.0009330316679552197
mlp_4x100_gelu_dropout_l2,10,90,350,0.001287070568650961,0.0009330091415904462
mlp_4x100_gelu_dropout_l2,10,90,351,0.0012870620703324676,0.0009330154280178249
mlp_4x100_gelu_dropout_l2,10,90,352,0.001287046237848699,0.0009329691529273987
mlp_4x100_gelu_dropout_l2,10,90,353,0.0012871252838522196,0.000932991795707494
mlp_4x100_gelu_dropout_l2,10,90,354,0.0012870437931269407,0.0009330996545031667
mlp_4x100_gelu_dropout_l2,10,90,355,0.0012870564823970199,0.0009332135668955743
mlp_4x100_gelu_dropout_l2,10,90,356,0.0012870191130787134,0.0009331667679361999
mlp_4x100_gelu_dropout_l2,10,90,357,0.0012870210921391845,0.0009332194458693266
mlp_4x100_gelu_dropout_l2,10,90,358,0.00128699850756675,0.0009330734028480947
mlp_4x100_gelu_dropout_l2,10,90,359,0.0012869982747361064,0.0009328656014986336
mlp_4x100_gelu_dropout_l2,10,90,360,0.001286903629079461,0.0009329880122095346
mlp_4x100_gelu_dropout_l2,10,90,361,0.001286951475776732,0.0009328318410553038
mlp_4x100_gelu_dropout_l2,10,90,362,0.0012869553174823523,0.0009327956358902156
mlp_4x100_gelu_dropout_l2,10,90,363,0.0012869120109826326,0.0009331239270977676
mlp_4x100_gelu_dropout_l2,10,90,364,0.0012869127094745636,0.000932981027290225
mlp_4x100_gelu_dropout_l2,10,90,365,0.0012869120109826326,0.0009330493048764765
mlp_4x100_gelu_dropout_l2,10,90,366,0.0012869230704382062,0.0009330357424914837
mlp_4x100_gelu_dropout_l2,10,90,367,0.001286891521885991,0.00093320437008515
mlp_4x100_gelu_dropout_l2,10,90,368,0.0012868043268099427,0.0009330380125902593
mlp_4x100_gelu_dropout_l2,10,90,369,0.0012868073536083102,0.0009329586173407733
mlp_4x100_gelu_dropout_l2,10,90,370,0.001286853919737041,0.0009328643791377544
mlp_4x100_gelu_dropout_l2,10,90,371,0.001286828308366239,0.0009328946471214294
mlp_4x100_gelu_dropout_l2,10,90,372,0.0012867894256487489,0.0009328610613010824
mlp_4x100_gelu_dropout_l2,10,90,373,0.0012868333142250776,0.0009331926703453064
mlp_4x100_gelu_dropout_l2,10,90,374,0.0012868053745478392,0.0009329402237199247
mlp_4x100_gelu_dropout_l2,10,90,375,0.0012868066551163793,0.0009330775355920196
mlp_4x100_gelu_dropout_l2,10,90,376,0.0012867935001850128,0.0009328260202892125
mlp_4x100_gelu_dropout_l2,10,90,377,0.001286813523620367,0.0009328039013780653
mlp_4x100_gelu_dropout_l2,10,90,378,0.0012868059566244483,0.0009326831786893308
mlp_4x100_gelu_dropout_l2,10,90,379,0.0012867589248344302,0.0009327848092652857
mlp_4x100_gelu_dropout_l2,10,90,380,0.0012867030454799533,0.0009328135056421161
mlp_4x100_gelu_dropout_l2,10,90,381,0.001286725397221744,0.0009328363230451941
mlp_4x100_gelu_dropout_l2,10,90,382,0.0012867373879998922,0.0009326825384050608
mlp_4x100_gelu_dropout_l2,10,90,383,0.001286712009459734,0.0009328877786174417
mlp_4x100_gelu_dropout_l2,10,90,384,0.0012868031626567245,0.0009331969195045531
mlp_4x100_gelu_dropout_l2,10,90,385,0.0012867179466411471,0.0009328281739726663
mlp_4x100_gelu_dropout_l2,10,90,386,0.001286711310967803,0.0009329544263891876
mlp_4x100_gelu_dropout_l2,10,90,387,0.001286699203774333,0.0009328963351435959
mlp_4x100_gelu_dropout_l2,10,90,388,0.0012866545002907515,0.0009327737498097122
mlp_4x100_gelu_dropout_l2,10,90,389,0.0012866549659520388,0.0009328315500169992
mlp_4x100_gelu_dropout_l2,10,90,390,0.0012866237666457891,0.000932797382120043
mlp_4x100_gelu_dropout_l2,10,90,391,0.0012866697506979108,0.0009326571016572416
mlp_4x100_gelu_dropout_l2,10,90,392,0.0012867000186815858,0.0009326841682195663
mlp_4x100_gelu_dropout_l2,10,90,393,0.0012866929173469543,0.0009326721774414182
mlp_4x100_gelu_dropout_l2,10,90,394,0.001286619808524847,0.0009330774191766977
mlp_4x100_gelu_dropout_l2,10,90,395,0.0012866831384599209,0.0009329016320407391
mlp_4x100_gelu_dropout_l2,10,90,396,0.0012866574106737971,0.0009326450526714325
mlp_4x100_gelu_dropout_l2,10,90,397,0.0012865990865975618,0.0009329963941127062
mlp_4x100_gelu_dropout_l2,10,90,398,0.001286574057303369,0.0009327359148301184
mlp_4x100_gelu_dropout_l2,10,90,399,0.00128661235794425,0.0009328117594122887
mlp_4x100_gelu_dropout_l2,10,90,400,0.001286680344492197,0.0009326370200142264
mlp_4x100_gelu_dropout_l2,10,90,401,0.0012865802273154259,0.0009325632709078491
mlp_4x100_gelu_dropout_l2,10,90,402,0.001286615151911974,0.0009327959269285202
mlp_4x100_gelu_dropout_l2,10,90,403,0.0012866624165326357,0.0009328798041678965
mlp_4x100_gelu_dropout_l2,10,90,404,0.001286603626795113,0.0009326420840807259
mlp_4x100_gelu_dropout_l2,10,90,405,0.0012865971075370908,0.0009328111191280186
mlp_4x100_gelu_dropout_l2,10,90,406,0.0012865610187873244,0.0009327991283498704
mlp_4x100_gelu_dropout_l2,10,90,407,0.0012865394819527864,0.000932897615712136
mlp_4x100_gelu_dropout_l2,10,90,408,0.0012865901226177812,0.0009327129228040576
mlp_4x100_gelu_dropout_l2,10,90,409,0.0012865628814324737,0.0009325011051259935
mlp_4x100_gelu_dropout_l2,10,90,410,0.0012866436736658216,0.0009327862644568086
mlp_4x100_gelu_dropout_l2,10,90,411,0.001286586164496839,0.0009326981962658465
mlp_4x100_gelu_dropout_l2,10,90,412,0.0012865811586380005,0.0009330163011327386
mlp_4x100_gelu_dropout_l2,10,90,413,0.0012865685857832432,0.0009330120519734919
mlp_4x100_gelu_dropout_l2,10,90,414,0.0012865358730778098,0.0009328338201157749
mlp_4x100_gelu_dropout_l2,10,90,415,0.0012865622993558645,0.0009326094877906144
mlp_4x100_gelu_dropout_l2,10,90,416,0.001286579528823495,0.0009324562852270901
mlp_4x100_gelu_dropout_l2,10,90,417,0.0012866153847426176,0.0009325965074822307
mlp_4x100_gelu_dropout_l2,10,90,418,0.00128658558242023,0.0009327030857093632
mlp_4x100_gelu_dropout_l2,10,90,419,0.001286554615944624,0.0009328520973213017
mlp_4x100_gelu_dropout_l2,10,90,420,0.0012865496100857854,0.0009328554151579738
mlp_4x100_gelu_dropout_l2,10,90,421,0.0012865441385656595,0.0009329136228188872
mlp_4x100_gelu_dropout_l2,10,90,422,0.001286483951844275,0.0009326351573690772
mlp_4x100_gelu_dropout_l2,10,90,423,0.001286503509618342,0.0009326548897661269
mlp_4x100_gelu_dropout_l2,10,90,424,0.0012865335447713733,0.0009326210129074752
mlp_4x100_gelu_dropout_l2,10,90,425,0.0012865911703556776,0.0009327930165454745
mlp_4x100_gelu_dropout_l2,10,90,426,0.0012865685857832432,0.0009329715394414961
mlp_4x100_gelu_dropout_l2,10,90,427,0.0012865702155977488,0.0009326437721028924
mlp_4x100_gelu_dropout_l2,10,90,428,0.0012865046737715602,0.0009329314925707877
mlp_4x100_gelu_dropout_l2,10,90,429,0.0012865121243521571,0.0009325766004621983
mlp_4x100_gelu_dropout_l2,10,90,430,0.0012865110766142607,0.0009326402796432376
mlp_4x100_gelu_dropout_l2,10,90,431,0.001286467770114541,0.0009325537830591202
mlp_4x100_gelu_dropout_l2,10,90,432,0.0012864978052675724,0.0009325642604380846
mlp_4x100_gelu_dropout_l2,10,90,433,0.0012865228345617652,0.0009325839928351343
mlp_4x100_gelu_dropout_l2,10,90,434,0.0012865583412349224,0.0009326146682724357
mlp_4x100_gelu_dropout_l2,10,90,435,0.0012865344760939479,0.0009328449377790093
mlp_4x100_gelu_dropout_l2,10,90,436,0.0012865177122876048,0.0009329271269962192
mlp_4x100_gelu_dropout_l2,10,90,437,0.0012865251628682017,0.0009329422609880567
mlp_4x100_gelu_dropout_l2,10,90,438,0.0012864406453445554,0.0009329830063506961
mlp_4x100_gelu_dropout_l2,10,90,439,0.001286481972783804,0.0009326832951046526
mlp_4x100_gelu_dropout_l2,10,90,440,0.00128651421982795,0.0009324636776000261
mlp_4x100_gelu_dropout_l2,10,90,441,0.00128651550039649,0.0009327151346951723
mlp_4x100_gelu_dropout_l2,10,90,442,0.001286533079110086,0.0009326375438831747
mlp_4x100_gelu_dropout_l2,10,90,443,0.0012865690514445305,0.000932671595364809
mlp_4x100_gelu_dropout_l2,10,90,444,0.001286532380618155,0.0009325665305368602
mlp_4x100_gelu_dropout_l2,10,90,445,0.0012864674208685756,0.0009324848651885986
mlp_4x100_gelu_dropout_l2,10,90,446,0.0012863478623330593,0.000932730850763619
mlp_4x100_gelu_dropout_l2,30,1,1,0.24634195864200592,0.07516782730817795
mlp_4x100_gelu_dropout_l2,30,1,2,0.15631848573684692,0.05659535899758339
mlp_4x100_gelu_dropout_l2,30,1,3,0.11971194297075272,0.045348864048719406
mlp_4x100_gelu_dropout_l2,30,1,4,0.09686531126499176,0.03760131075978279
mlp_4x100_gelu_dropout_l2,30,1,5,0.08085964620113373,0.03199315443634987
mlp_4x100_gelu_dropout_l2,30,1,6,0.07026036828756332,0.027860498055815697
mlp_4x100_gelu_dropout_l2,30,1,7,0.061412230134010315,0.024770462885499
mlp_4x100_gelu_dropout_l2,30,1,8,0.05506699159741402,0.022386573255062103
mlp_4x100_gelu_dropout_l2,30,1,9,0.05001135170459747,0.020550819113850594
mlp_4x100_gelu_dropout_l2,30,1,10,0.04600565880537033,0.01909852772951126
mlp_4x100_gelu_dropout_l2,30,1,11,0.042543791234493256,0.017969897016882896
mlp_4x100_gelu_dropout_l2,30,1,12,0.03953083977103233,0.01709585450589657
mlp_4x100_gelu_dropout_l2,30,1,13,0.03705868497490883,0.01638820767402649
mlp_4x100_gelu_dropout_l2,30,1,14,0.03505277633666992,0.015820082277059555
mlp_4x100_gelu_dropout_l2,30,1,15,0.033247675746679306,0.015341712161898613
mlp_4x100_gelu_dropout_l2,30,1,16,0.0316443145275116,0.014953632839024067
mlp_4x100_gelu_dropout_l2,30,1,17,0.03025668114423752,0.014661801047623158
mlp_4x100_gelu_dropout_l2,30,1,18,0.02909896895289421,0.01440088078379631
mlp_4x100_gelu_dropout_l2,30,1,19,0.027820687741041183,0.014165417291224003
mlp_4x100_gelu_dropout_l2,30,1,20,0.026974113658070564,0.01398975495249033
mlp_4x100_gelu_dropout_l2,30,1,21,0.02605249546468258,0.01381412148475647
mlp_4x100_gelu_dropout_l2,30,1,22,0.025308873504400253,0.013680006377398968
mlp_4x100_gelu_dropout_l2,30,1,23,0.02456546388566494,0.013562019914388657
mlp_4x100_gelu_dropout_l2,30,1,24,0.023900169879198074,0.013462275266647339
mlp_4x100_gelu_dropout_l2,30,1,25,0.023229196667671204,0.01339116320014
mlp_4x100_gelu_dropout_l2,30,1,26,0.022745223715901375,0.013307205401360989
mlp_4x100_gelu_dropout_l2,30,1,27,0.02226201258599758,0.01322941854596138
mlp_4x100_gelu_dropout_l2,30,1,28,0.021813223138451576,0.01317315548658371
mlp_4x100_gelu_dropout_l2,30,1,29,0.02136717550456524,0.013122810050845146
mlp_4x100_gelu_dropout_l2,30,1,30,0.021039482206106186,0.01307496428489685
mlp_4x100_gelu_dropout_l2,30,1,31,0.020712051540613174,0.01302739605307579
mlp_4x100_gelu_dropout_l2,30,1,32,0.02034858800470829,0.012991974130272865
mlp_4x100_gelu_dropout_l2,30,1,33,0.02005801722407341,0.01295458059757948
mlp_4x100_gelu_dropout_l2,30,1,34,0.01974891871213913,0.012917542830109596
mlp_4x100_gelu_dropout_l2,30,1,35,0.019514739513397217,0.012887520715594292
mlp_4x100_gelu_dropout_l2,30,1,36,0.01925818622112274,0.012857810594141483
mlp_4x100_gelu_dropout_l2,30,1,37,0.0190602894872427,0.012829897925257683
mlp_4x100_gelu_dropout_l2,30,1,38,0.01883787102997303,0.012804687023162842
mlp_4x100_gelu_dropout_l2,30,1,39,0.018652571365237236,0.012780444696545601
mlp_4x100_gelu_dropout_l2,30,1,40,0.018474843353033066,0.012752433307468891
mlp_4x100_gelu_dropout_l2,30,1,41,0.01828351430594921,0.012736154720187187
mlp_4x100_gelu_dropout_l2,30,1,42,0.01816512458026409,0.012713697738945484
mlp_4x100_gelu_dropout_l2,30,1,43,0.01804858073592186,0.012697745114564896
mlp_4x100_gelu_dropout_l2,30,1,44,0.017888035625219345,0.012677621096372604
mlp_4x100_gelu_dropout_l2,30,1,45,0.017743445932865143,0.012658113613724709
mlp_4x100_gelu_dropout_l2,30,1,46,0.017634760588407516,0.01264235656708479
mlp_4x100_gelu_dropout_l2,30,1,47,0.01753971539437771,0.012625860050320625
mlp_4x100_gelu_dropout_l2,30,1,48,0.01741783320903778,0.012609357014298439
mlp_4x100_gelu_dropout_l2,30,1,49,0.017310062423348427,0.012589794583618641
mlp_4x100_gelu_dropout_l2,30,1,50,0.017224811017513275,0.01257349643856287
mlp_4x100_gelu_dropout_l2,30,1,51,0.017114924266934395,0.01255542691797018
mlp_4x100_gelu_dropout_l2,30,1,52,0.017013369128108025,0.012542199343442917
mlp_4x100_gelu_dropout_l2,30,1,53,0.016942542046308517,0.012527146376669407
mlp_4x100_gelu_dropout_l2,30,1,54,0.016885481774806976,0.012507964856922626
mlp_4x100_gelu_dropout_l2,30,1,55,0.016779914498329163,0.012491448782384396
mlp_4x100_gelu_dropout_l2,30,1,56,0.016697827726602554,0.012480651028454304
mlp_4x100_gelu_dropout_l2,30,1,57,0.016652755439281464,0.012462444603443146
mlp_4x100_gelu_dropout_l2,30,1,58,0.016573216766119003,0.012447617016732693
mlp_4x100_gelu_dropout_l2,30,1,59,0.01651538349688053,0.01243060827255249
mlp_4x100_gelu_dropout_l2,30,1,60,0.016457177698612213,0.012416296638548374
mlp_4x100_gelu_dropout_l2,30,1,61,0.016406269744038582,0.01240363996475935
mlp_4x100_gelu_dropout_l2,30,1,62,0.016332188621163368,0.012385137379169464
mlp_4x100_gelu_dropout_l2,30,1,63,0.016282768920063972,0.01236581988632679
mlp_4x100_gelu_dropout_l2,30,1,64,0.0162108913064003,0.012350618839263916
mlp_4x100_gelu_dropout_l2,30,1,65,0.016156630590558052,0.012336194515228271
mlp_4x100_gelu_dropout_l2,30,1,66,0.016132844612002373,0.012321730144321918
mlp_4x100_gelu_dropout_l2,30,1,67,0.016050858423113823,0.012307669967412949
mlp_4x100_gelu_dropout_l2,30,1,68,0.01602627895772457,0.012291700579226017
mlp_4x100_gelu_dropout_l2,30,1,69,0.01596909388899803,0.01227415818721056
mlp_4x100_gelu_dropout_l2,30,1,70,0.015927227213978767,0.01225964818149805
mlp_4x100_gelu_dropout_l2,30,1,71,0.01587148942053318,0.012242126278579235
mlp_4x100_gelu_dropout_l2,30,1,72,0.015825653448700905,0.012227990664541721
mlp_4x100_gelu_dropout_l2,30,1,73,0.01579740084707737,0.012208597734570503
mlp_4x100_gelu_dropout_l2,30,1,74,0.015748677775263786,0.012196578085422516
mlp_4x100_gelu_dropout_l2,30,1,75,0.01569468528032303,0.012175425887107849
mlp_4x100_gelu_dropout_l2,30,1,76,0.015653390437364578,0.012157697230577469
mlp_4x100_gelu_dropout_l2,30,1,77,0.015623663552105427,0.012144871056079865
mlp_4x100_gelu_dropout_l2,30,1,78,0.015581377781927586,0.012124806642532349
mlp_4x100_gelu_dropout_l2,30,1,79,0.015557029284536839,0.01210834365338087
mlp_4x100_gelu_dropout_l2,30,1,80,0.015517674386501312,0.012090676464140415
mlp_4x100_gelu_dropout_l2,30,1,81,0.015469005331397057,0.01206999458372593
mlp_4x100_gelu_dropout_l2,30,1,82,0.015442929230630398,0.01205241959542036
mlp_4x100_gelu_dropout_l2,30,1,83,0.015403109602630138,0.012037013657391071
mlp_4x100_gelu_dropout_l2,30,1,84,0.015362313017249107,0.012017399072647095
mlp_4x100_gelu_dropout_l2,30,1,85,0.015342787839472294,0.011998199857771397
mlp_4x100_gelu_dropout_l2,30,1,86,0.015300710685551167,0.01197848655283451
mlp_4x100_gelu_dropout_l2,30,1,87,0.015270860865712166,0.011961597017943859
mlp_4x100_gelu_dropout_l2,30,1,88,0.015239951200783253,0.011941072531044483
mlp_4x100_gelu_dropout_l2,30,1,89,0.015200055204331875,0.011923945508897305
mlp_4x100_gelu_dropout_l2,30,1,90,0.015168224461376667,0.011906529776751995
mlp_4x100_gelu_dropout_l2,30,1,91,0.015133771114051342,0.011883500032126904
mlp_4x100_gelu_dropout_l2,30,1,92,0.015091031789779663,0.01186368614435196
mlp_4x100_gelu_dropout_l2,30,1,93,0.015073160640895367,0.011843053624033928
mlp_4x100_gelu_dropout_l2,30,1,94,0.015023582614958286,0.011823239736258984
mlp_4x100_gelu_dropout_l2,30,1,95,0.015004007145762444,0.011803296394646168
mlp_4x100_gelu_dropout_l2,30,1,96,0.01497154776006937,0.01178141962736845
mlp_4x100_gelu_dropout_l2,30,1,97,0.014936982654035091,0.011760782450437546
mlp_4x100_gelu_dropout_l2,30,1,98,0.014905573800206184,0.011740247718989849
mlp_4x100_gelu_dropout_l2,30,1,99,0.014868118800222874,0.011720960028469563
mlp_4x100_gelu_dropout_l2,30,1,100,0.01485030073672533,0.011697538197040558
mlp_4x100_gelu_dropout_l2,30,1,101,0.014820179902017117,0.011675032787024975
mlp_4x100_gelu_dropout_l2,30,1,102,0.01478666067123413,0.011652141809463501
mlp_4x100_gelu_dropout_l2,30,1,103,0.014737787656486034,0.011629619635641575
mlp_4x100_gelu_dropout_l2,30,1,104,0.014718273654580116,0.01160663552582264
mlp_4x100_gelu_dropout_l2,30,1,105,0.014686777256429195,0.01158381812274456
mlp_4x100_gelu_dropout_l2,30,1,106,0.014655121602118015,0.01156013086438179
mlp_4x100_gelu_dropout_l2,30,1,107,0.014628292061388493,0.011537570506334305
mlp_4x100_gelu_dropout_l2,30,1,108,0.014583909884095192,0.011516246013343334
mlp_4x100_gelu_dropout_l2,30,1,109,0.014559737406671047,0.011490433476865292
mlp_4x100_gelu_dropout_l2,30,1,110,0.014539206400513649,0.011467346921563148
mlp_4x100_gelu_dropout_l2,30,1,111,0.01449533924460411,0.011441756039857864
mlp_4x100_gelu_dropout_l2,30,1,112,0.014469319954514503,0.011417648755013943
mlp_4x100_gelu_dropout_l2,30,1,113,0.014440521597862244,0.011393828317523003
mlp_4x100_gelu_dropout_l2,30,1,114,0.0144092608243227,0.011368168517947197
mlp_4x100_gelu_dropout_l2,30,1,115,0.01437381561845541,0.01134505681693554
mlp_4x100_gelu_dropout_l2,30,1,116,0.01433703862130642,0.011319455690681934
mlp_4x100_gelu_dropout_l2,30,1,117,0.014304129406809807,0.011295182630419731
mlp_4x100_gelu_dropout_l2,30,1,118,0.014276601374149323,0.011267547495663166
mlp_4x100_gelu_dropout_l2,30,1,119,0.014242235571146011,0.011245908215641975
mlp_4x100_gelu_dropout_l2,30,1,120,0.014213286340236664,0.01121861208230257
mlp_4x100_gelu_dropout_l2,30,1,121,0.014178610406816006,0.011194398626685143
mlp_4x100_gelu_dropout_l2,30,1,122,0.014143416658043861,0.011165030300617218
mlp_4x100_gelu_dropout_l2,30,1,123,0.014121021144092083,0.011141031980514526
mlp_4x100_gelu_dropout_l2,30,1,124,0.014082182198762894,0.01111561618745327
mlp_4x100_gelu_dropout_l2,30,1,125,0.0140455337241292,0.011088484898209572
mlp_4x100_gelu_dropout_l2,30,1,126,0.014019571244716644,0.011062740348279476
mlp_4x100_gelu_dropout_l2,30,1,127,0.01396841648966074,0.011036543175578117
mlp_4x100_gelu_dropout_l2,30,1,128,0.013946269638836384,0.01101525966078043
mlp_4x100_gelu_dropout_l2,30,1,129,0.013916469179093838,0.010987729765474796
mlp_4x100_gelu_dropout_l2,30,1,130,0.013865796849131584,0.01096320804208517
mlp_4x100_gelu_dropout_l2,30,1,131,0.01382354088127613,0.010938428342342377
mlp_4x100_gelu_dropout_l2,30,1,132,0.013789325952529907,0.010911797173321247
mlp_4x100_gelu_dropout_l2,30,1,133,0.013752668164670467,0.010887171141803265
mlp_4x100_gelu_dropout_l2,30,1,134,0.01372042577713728,0.01086149550974369
mlp_4x100_gelu_dropout_l2,30,1,135,0.01367413904517889,0.010839181952178478
mlp_4x100_gelu_dropout_l2,30,1,136,0.013648934662342072,0.01081132423132658
mlp_4x100_gelu_dropout_l2,30,1,137,0.013600517995655537,0.010786596685647964
mlp_4x100_gelu_dropout_l2,30,1,138,0.013568395748734474,0.010768502950668335
mlp_4x100_gelu_dropout_l2,30,1,139,0.013532547280192375,0.01073665264993906
mlp_4x100_gelu_dropout_l2,30,1,140,0.013481858186423779,0.010714009404182434
mlp_4x100_gelu_dropout_l2,30,1,141,0.013442844152450562,0.010690285824239254
mlp_4x100_gelu_dropout_l2,30,1,142,0.013403457589447498,0.010666993446648121
mlp_4x100_gelu_dropout_l2,30,1,143,0.013387499377131462,0.010641433298587799
mlp_4x100_gelu_dropout_l2,30,1,144,0.013323647901415825,0.01061786338686943
mlp_4x100_gelu_dropout_l2,30,1,145,0.013282385654747486,0.010596809908747673
mlp_4x100_gelu_dropout_l2,30,1,146,0.013243315741419792,0.010580068454146385
mlp_4x100_gelu_dropout_l2,30,1,147,0.013222187757492065,0.01054956205189228
mlp_4x100_gelu_dropout_l2,30,1,148,0.013168089091777802,0.010529544204473495
mlp_4x100_gelu_dropout_l2,30,1,149,0.013129559345543385,0.010514386929571629
mlp_4x100_gelu_dropout_l2,30,1,150,0.013081427663564682,0.01049512904137373
mlp_4x100_gelu_dropout_l2,30,1,151,0.013043219223618507,0.01047101803123951
mlp_4x100_gelu_dropout_l2,30,1,152,0.013013333082199097,0.010450588539242744
mlp_4x100_gelu_dropout_l2,30,1,153,0.012969724833965302,0.010422350838780403
mlp_4x100_gelu_dropout_l2,30,1,154,0.01292884536087513,0.010415534488856792
mlp_4x100_gelu_dropout_l2,30,1,155,0.01288930419832468,0.010396759957075119
mlp_4x100_gelu_dropout_l2,30,1,156,0.012856005690991879,0.01037584152072668
mlp_4x100_gelu_dropout_l2,30,1,157,0.01281596440821886,0.010364050045609474
mlp_4x100_gelu_dropout_l2,30,1,158,0.012773895636200905,0.010351361706852913
mlp_4x100_gelu_dropout_l2,30,1,159,0.012744085863232613,0.010343245230615139
mlp_4x100_gelu_dropout_l2,30,1,160,0.01269050408154726,0.010320129804313183
mlp_4x100_gelu_dropout_l2,30,1,161,0.012677866034209728,0.010305069386959076
mlp_4x100_gelu_dropout_l2,30,1,162,0.012622117064893246,0.010289245285093784
mlp_4x100_gelu_dropout_l2,30,1,163,0.012589242309331894,0.01027591060847044
mlp_4x100_gelu_dropout_l2,30,1,164,0.01254891324788332,0.010265552438795567
mlp_4x100_gelu_dropout_l2,30,1,165,0.012500688433647156,0.010263348929584026
mlp_4x100_gelu_dropout_l2,30,1,166,0.012479919008910656,0.010245917364954948
mlp_4x100_gelu_dropout_l2,30,1,167,0.012430579401552677,0.01023657526820898
mlp_4x100_gelu_dropout_l2,30,1,168,0.012414640747010708,0.01021602563560009
mlp_4x100_gelu_dropout_l2,30,1,169,0.012377673760056496,0.010206028819084167
mlp_4x100_gelu_dropout_l2,30,1,170,0.012345283292233944,0.010191535577178001
mlp_4x100_gelu_dropout_l2,30,1,171,0.012301081791520119,0.010184993967413902
mlp_4x100_gelu_dropout_l2,30,1,172,0.012268501333892345,0.010176110081374645
mlp_4x100_gelu_dropout_l2,30,1,173,0.012229394167661667,0.01017831452190876
mlp_4x100_gelu_dropout_l2,30,1,174,0.012183130718767643,0.010172207839787006
mlp_4x100_gelu_dropout_l2,30,1,175,0.012156330049037933,0.010148875415325165
mlp_4x100_gelu_dropout_l2,30,1,176,0.012147637084126472,0.010138842277228832
mlp_4x100_gelu_dropout_l2,30,1,177,0.012103214859962463,0.01014341227710247
mlp_4x100_gelu_dropout_l2,30,1,178,0.012086735107004642,0.01013149879872799
mlp_4x100_gelu_dropout_l2,30,1,179,0.012028439901769161,0.010132580064237118
mlp_4x100_gelu_dropout_l2,30,1,180,0.012019103392958641,0.010111047886312008
mlp_4x100_gelu_dropout_l2,30,1,181,0.011971557512879372,0.010104970075190067
mlp_4x100_gelu_dropout_l2,30,1,182,0.011944332160055637,0.010119310580193996
mlp_4x100_gelu_dropout_l2,30,1,183,0.011943195015192032,0.0100790960714221
mlp_4x100_gelu_dropout_l2,30,1,184,0.011915833689272404,0.010078353807330132
mlp_4x100_gelu_dropout_l2,30,1,185,0.011870979331433773,0.010090912692248821
mlp_4x100_gelu_dropout_l2,30,1,186,0.011837555095553398,0.010075327008962631
mlp_4x100_gelu_dropout_l2,30,1,187,0.011840478517115116,0.010069897398352623
mlp_4x100_gelu_dropout_l2,30,1,188,0.011791376397013664,0.010074839927256107
mlp_4x100_gelu_dropout_l2,30,1,189,0.011782978661358356,0.010054848156869411
mlp_4x100_gelu_dropout_l2,30,1,190,0.011743348091840744,0.010058080777525902
mlp_4x100_gelu_dropout_l2,30,1,191,0.011716006323695183,0.010037337429821491
mlp_4x100_gelu_dropout_l2,30,1,192,0.011709209531545639,0.010029544122517109
mlp_4x100_gelu_dropout_l2,30,1,193,0.011696984991431236,0.010028626769781113
mlp_4x100_gelu_dropout_l2,30,1,194,0.011650779284536839,0.010029228404164314
mlp_4x100_gelu_dropout_l2,30,1,195,0.011640259064733982,0.010015446692705154
mlp_4x100_gelu_dropout_l2,30,1,196,0.011630749329924583,0.010016346350312233
mlp_4x100_gelu_dropout_l2,30,1,197,0.011613228358328342,0.009991793893277645
mlp_4x100_gelu_dropout_l2,30,1,198,0.011564183048903942,0.010004657320678234
mlp_4x100_gelu_dropout_l2,30,1,199,0.011594870127737522,0.00998706929385662
mlp_4x100_gelu_dropout_l2,30,1,200,0.011521133594214916,0.01000081654638052
mlp_4x100_gelu_dropout_l2,30,1,201,0.011539561673998833,0.009983711875975132
mlp_4x100_gelu_dropout_l2,30,1,202,0.01151550654321909,0.009977323934435844
mlp_4x100_gelu_dropout_l2,30,1,203,0.011505905538797379,0.009960833005607128
mlp_4x100_gelu_dropout_l2,30,1,204,0.011477606371045113,0.00997309759259224
mlp_4x100_gelu_dropout_l2,30,1,205,0.011455181054770947,0.009948087856173515
mlp_4x100_gelu_dropout_l2,30,1,206,0.011447040364146233,0.009961023926734924
mlp_4x100_gelu_dropout_l2,30,1,207,0.011424987576901913,0.009956051595509052
mlp_4x100_gelu_dropout_l2,30,1,208,0.011427005752921104,0.009959850460290909
mlp_4x100_gelu_dropout_l2,30,1,209,0.011393722146749496,0.009938453324139118
mlp_4x100_gelu_dropout_l2,30,1,210,0.01137588918209076,0.009934638626873493
mlp_4x100_gelu_dropout_l2,30,1,211,0.01136573776602745,0.009943143464624882
mlp_4x100_gelu_dropout_l2,30,1,212,0.011336339637637138,0.009927655570209026
mlp_4x100_gelu_dropout_l2,30,1,213,0.011326426640152931,0.009938097558915615
mlp_4x100_gelu_dropout_l2,30,1,214,0.011333056725561619,0.009906615130603313
mlp_4x100_gelu_dropout_l2,30,1,215,0.011307494714856148,0.009917276911437511
mlp_4x100_gelu_dropout_l2,30,1,216,0.011283524334430695,0.009918603114783764
mlp_4x100_gelu_dropout_l2,30,1,217,0.01129265408962965,0.009923046454787254
mlp_4x100_gelu_dropout_l2,30,1,218,0.011281348764896393,0.009893623180687428
mlp_4x100_gelu_dropout_l2,30,1,219,0.011259542778134346,0.009883861057460308
mlp_4x100_gelu_dropout_l2,30,1,220,0.011239584535360336,0.009904633276164532
mlp_4x100_gelu_dropout_l2,30,1,221,0.011226373724639416,0.00992242619395256
mlp_4x100_gelu_dropout_l2,30,1,222,0.011239847168326378,0.0098977480083704
mlp_4x100_gelu_dropout_l2,30,1,223,0.011220990680158138,0.00988946482539177
mlp_4x100_gelu_dropout_l2,30,1,224,0.011193130165338516,0.009903056547045708
mlp_4x100_gelu_dropout_l2,30,1,225,0.011186426505446434,0.009874209761619568
mlp_4x100_gelu_dropout_l2,30,1,226,0.011178405024111271,0.009884694591164589
mlp_4x100_gelu_dropout_l2,30,1,227,0.011169194243848324,0.009872488677501678
mlp_4x100_gelu_dropout_l2,30,1,228,0.011143850162625313,0.009900957345962524
mlp_4x100_gelu_dropout_l2,30,1,229,0.01112059224396944,0.009871094487607479
mlp_4x100_gelu_dropout_l2,30,1,230,0.011123929172754288,0.00986441783607006
mlp_4x100_gelu_dropout_l2,30,1,231,0.011129084974527359,0.009871108457446098
mlp_4x100_gelu_dropout_l2,30,1,232,0.011095426045358181,0.009866762906312943
mlp_4x100_gelu_dropout_l2,30,1,233,0.011100386269390583,0.009850156493484974
mlp_4x100_gelu_dropout_l2,30,1,234,0.011088298633694649,0.009847362525761127
mlp_4x100_gelu_dropout_l2,30,1,235,0.011083490215241909,0.009856617078185081
mlp_4x100_gelu_dropout_l2,30,1,236,0.011067741550505161,0.009856953285634518
mlp_4x100_gelu_dropout_l2,30,1,237,0.011068725027143955,0.009871521033346653
mlp_4x100_gelu_dropout_l2,30,1,238,0.011032173410058022,0.009861389175057411
mlp_4x100_gelu_dropout_l2,30,1,239,0.011037996038794518,0.009840578772127628
mlp_4x100_gelu_dropout_l2,30,1,240,0.011019779369235039,0.009856507182121277
mlp_4x100_gelu_dropout_l2,30,1,241,0.011030707508325577,0.009841413237154484
mlp_4x100_gelu_dropout_l2,30,1,242,0.011024764738976955,0.009842838160693645
mlp_4x100_gelu_dropout_l2,30,1,243,0.011005185544490814,0.009862210601568222
mlp_4x100_gelu_dropout_l2,30,1,244,0.011003349907696247,0.009837977588176727
mlp_4x100_gelu_dropout_l2,30,1,245,0.011000859551131725,0.009849327616393566
mlp_4x100_gelu_dropout_l2,30,1,246,0.010979297570884228,0.009863177314400673
mlp_4x100_gelu_dropout_l2,30,1,247,0.010965640656650066,0.009824240580201149
mlp_4x100_gelu_dropout_l2,30,1,248,0.010985108092427254,0.009825608693063259
mlp_4x100_gelu_dropout_l2,30,1,249,0.010954169556498528,0.00980917178094387
mlp_4x100_gelu_dropout_l2,30,1,250,0.010972324758768082,0.009841419756412506
mlp_4x100_gelu_dropout_l2,30,1,251,0.010958458296954632,0.009832723066210747
mlp_4x100_gelu_dropout_l2,30,1,252,0.01094858068972826,0.009812691248953342
mlp_4x100_gelu_dropout_l2,30,1,253,0.010928265750408173,0.009810077957808971
mlp_4x100_gelu_dropout_l2,30,1,254,0.010926160030066967,0.0097984429448843
mlp_4x100_gelu_dropout_l2,30,1,255,0.010916498489677906,0.00980465579777956
mlp_4x100_gelu_dropout_l2,30,1,256,0.0109022818505764,0.009830261580646038
mlp_4x100_gelu_dropout_l2,30,1,257,0.010904914699494839,0.009815766476094723
mlp_4x100_gelu_dropout_l2,30,1,258,0.010897542349994183,0.009824558161199093
mlp_4x100_gelu_dropout_l2,30,1,259,0.010909222066402435,0.009819677099585533
mlp_4x100_gelu_dropout_l2,30,1,260,0.010887540876865387,0.009819615632295609
mlp_4x100_gelu_dropout_l2,30,1,261,0.010893728584051132,0.009817153215408325
mlp_4x100_gelu_dropout_l2,30,1,262,0.010880551300942898,0.009788695722818375
mlp_4x100_gelu_dropout_l2,30,1,263,0.010870841331779957,0.009807719849050045
mlp_4x100_gelu_dropout_l2,30,1,264,0.01087151002138853,0.009805751964449883
mlp_4x100_gelu_dropout_l2,30,1,265,0.010857958346605301,0.0098082534968853
mlp_4x100_gelu_dropout_l2,30,1,266,0.010865574702620506,0.009805153124034405
mlp_4x100_gelu_dropout_l2,30,1,267,0.010854474268853664,0.009796763770282269
mlp_4x100_gelu_dropout_l2,30,1,268,0.010832401923835278,0.00978503841906786
mlp_4x100_gelu_dropout_l2,30,1,269,0.010843870230019093,0.009798436425626278
mlp_4x100_gelu_dropout_l2,30,1,270,0.010824606753885746,0.00978634599596262
mlp_4x100_gelu_dropout_l2,30,1,271,0.010839075781404972,0.009806875139474869
mlp_4x100_gelu_dropout_l2,30,1,272,0.010827315039932728,0.00979454442858696
mlp_4x100_gelu_dropout_l2,30,1,273,0.01082396786659956,0.00980908703058958
mlp_4x100_gelu_dropout_l2,30,1,274,0.010813099332153797,0.009773986414074898
mlp_4x100_gelu_dropout_l2,30,1,275,0.010795600712299347,0.009785215370357037
mlp_4x100_gelu_dropout_l2,30,1,276,0.010798000730574131,0.009770827367901802
mlp_4x100_gelu_dropout_l2,30,1,277,0.010794357396662235,0.009790636599063873
mlp_4x100_gelu_dropout_l2,30,1,278,0.0107815470546484,0.009791490621864796
mlp_4x100_gelu_dropout_l2,30,1,279,0.010764763690531254,0.00976772140711546
mlp_4x100_gelu_dropout_l2,30,1,280,0.010785413905978203,0.00977193284779787
mlp_4x100_gelu_dropout_l2,30,1,281,0.010775435715913773,0.009778051637113094
mlp_4x100_gelu_dropout_l2,30,1,282,0.010774641297757626,0.009781173430383205
mlp_4x100_gelu_dropout_l2,30,1,283,0.010755585506558418,0.009775902144610882
mlp_4x100_gelu_dropout_l2,30,1,284,0.010763941332697868,0.009783652611076832
mlp_4x100_gelu_dropout_l2,30,1,285,0.010771195404231548,0.009775564074516296
mlp_4x100_gelu_dropout_l2,30,1,286,0.010755203664302826,0.009791278280317783
mlp_4x100_gelu_dropout_l2,30,1,287,0.010744630359113216,0.009771238081157207
mlp_4x100_gelu_dropout_l2,30,1,288,0.010744791477918625,0.00979524850845337
mlp_4x100_gelu_dropout_l2,30,1,289,0.010736851952970028,0.009800389409065247
mlp_4x100_gelu_dropout_l2,30,1,290,0.010746004991233349,0.009783865883946419
mlp_4x100_gelu_dropout_l2,30,1,291,0.01073550246655941,0.009781542234122753
mlp_4x100_gelu_dropout_l2,30,1,292,0.01072714664041996,0.009768721647560596
mlp_4x100_gelu_dropout_l2,30,1,293,0.01071495097130537,0.009762530215084553
mlp_4x100_gelu_dropout_l2,30,1,294,0.010724177584052086,0.009799372404813766
mlp_4x100_gelu_dropout_l2,30,1,295,0.010730857029557228,0.00978564191609621
mlp_4x100_gelu_dropout_l2,30,1,296,0.010712959803640842,0.009793829172849655
mlp_4x100_gelu_dropout_l2,30,1,297,0.010710274800658226,0.009815803728997707
mlp_4x100_gelu_dropout_l2,30,1,298,0.010702976956963539,0.009779398329555988
mlp_4x100_gelu_dropout_l2,30,1,299,0.010705864988267422,0.009789637289941311
mlp_4x100_gelu_dropout_l2,30,1,300,0.010703629814088345,0.009778335690498352
mlp_4x100_gelu_dropout_l2,30,1,301,0.010693247430026531,0.009784365072846413
mlp_4x100_gelu_dropout_l2,30,1,302,0.01069045439362526,0.00977259874343872
mlp_4x100_gelu_dropout_l2,30,1,303,0.010681532323360443,0.009736486710608006
mlp_4x100_gelu_dropout_l2,30,1,304,0.01068410649895668,0.009774734266102314
mlp_4x100_gelu_dropout_l2,30,1,305,0.010686751455068588,0.00976733211427927
mlp_4x100_gelu_dropout_l2,30,1,306,0.010671633295714855,0.009777897037565708
mlp_4x100_gelu_dropout_l2,30,1,307,0.010690323077142239,0.00977234449237585
mlp_4x100_gelu_dropout_l2,30,1,308,0.010673245415091515,0.009777362458407879
mlp_4x100_gelu_dropout_l2,30,1,309,0.010673905722796917,0.009776659309864044
mlp_4x100_gelu_dropout_l2,30,1,310,0.010662327520549297,0.009752296842634678
mlp_4x100_gelu_dropout_l2,30,1,311,0.010669094510376453,0.009753945283591747
mlp_4x100_gelu_dropout_l2,30,1,312,0.010652262717485428,0.0097813094034791
mlp_4x100_gelu_dropout_l2,30,1,313,0.010657746344804764,0.009765285067260265
mlp_4x100_gelu_dropout_l2,30,1,314,0.010654625482857227,0.009763088077306747
mlp_4x100_gelu_dropout_l2,30,1,315,0.010643755085766315,0.009774313308298588
mlp_4x100_gelu_dropout_l2,30,1,316,0.010649050585925579,0.00977321993559599
mlp_4x100_gelu_dropout_l2,30,1,317,0.010637248866260052,0.009747741743922234
mlp_4x100_gelu_dropout_l2,30,1,318,0.010638820938766003,0.009788554161787033
mlp_4x100_gelu_dropout_l2,30,1,319,0.010632884688675404,0.009766241535544395
mlp_4x100_gelu_dropout_l2,30,1,320,0.0106346495449543,0.009753157384693623
mlp_4x100_gelu_dropout_l2,30,1,321,0.010610079392790794,0.009787959977984428
mlp_4x100_gelu_dropout_l2,30,1,322,0.010629065334796906,0.009768919087946415
mlp_4x100_gelu_dropout_l2,30,1,323,0.010615073144435883,0.009771626442670822
mlp_4x100_gelu_dropout_l2,30,1,324,0.010624450631439686,0.009755829349160194
mlp_4x100_gelu_dropout_l2,30,1,325,0.010610389523208141,0.009770558215677738
mlp_4x100_gelu_dropout_l2,30,1,326,0.010629904456436634,0.009794257581233978
mlp_4x100_gelu_dropout_l2,30,1,327,0.010621892288327217,0.00979510135948658
mlp_4x100_gelu_dropout_l2,30,1,328,0.010608749464154243,0.009788425639271736
mlp_4x100_gelu_dropout_l2,30,1,329,0.010606737807393074,0.009757140651345253
mlp_4x100_gelu_dropout_l2,30,1,330,0.010613693855702877,0.009752422571182251
mlp_4x100_gelu_dropout_l2,30,1,331,0.010601348243653774,0.00975413341075182
mlp_4x100_gelu_dropout_l2,30,1,332,0.010584931820631027,0.009754062630236149
mlp_4x100_gelu_dropout_l2,30,1,333,0.010590474121272564,0.009766984730958939
mlp_4x100_gelu_dropout_l2,30,5,1,0.24600231647491455,0.0744553953409195
mlp_4x100_gelu_dropout_l2,30,5,2,0.1557636857032776,0.055714741349220276
mlp_4x100_gelu_dropout_l2,30,5,3,0.11897620558738708,0.044252198189496994
mlp_4x100_gelu_dropout_l2,30,5,4,0.09592564404010773,0.03624356538057327
mlp_4x100_gelu_dropout_l2,30,5,5,0.07974302023649216,0.030416466295719147
mlp_4x100_gelu_dropout_l2,30,5,6,0.06888468563556671,0.02600986883044243
mlp_4x100_gelu_dropout_l2,30,5,7,0.05991209298372269,0.022643588483333588
mlp_4x100_gelu_dropout_l2,30,5,8,0.0533665232360363,0.020018311217427254
mlp_4x100_gelu_dropout_l2,30,5,9,0.048089779913425446,0.017936060205101967
mlp_4x100_gelu_dropout_l2,30,5,10,0.043933771550655365,0.016225559636950493
mlp_4x100_gelu_dropout_l2,30,5,11,0.04031265899538994,0.014890983700752258
mlp_4x100_gelu_dropout_l2,30,5,12,0.037079568952322006,0.013821210712194443
mlp_4x100_gelu_dropout_l2,30,5,13,0.03445258364081383,0.01293301023542881
mlp_4x100_gelu_dropout_l2,30,5,14,0.032249126583337784,0.012209650129079819
mlp_4x100_gelu_dropout_l2,30,5,15,0.030312713235616684,0.01155147235840559
mlp_4x100_gelu_dropout_l2,30,5,16,0.028527600690722466,0.011034588329494
mlp_4x100_gelu_dropout_l2,30,5,17,0.027010753750801086,0.010638892650604248
mlp_4x100_gelu_dropout_l2,30,5,18,0.025678325444459915,0.010260330513119698
mlp_4x100_gelu_dropout_l2,30,5,19,0.02428782731294632,0.009924665093421936
mlp_4x100_gelu_dropout_l2,30,5,20,0.023216234520077705,0.009651237167418003
mlp_4x100_gelu_dropout_l2,30,5,21,0.022230520844459534,0.009407185949385166
mlp_4x100_gelu_dropout_l2,30,5,22,0.021314697340130806,0.009204093366861343
mlp_4x100_gelu_dropout_l2,30,5,23,0.020417500287294388,0.009027829393744469
mlp_4x100_gelu_dropout_l2,30,5,24,0.019618229940533638,0.008873960003256798
mlp_4x100_gelu_dropout_l2,30,5,25,0.018865173682570457,0.008777535520493984
mlp_4x100_gelu_dropout_l2,30,5,26,0.018275659531354904,0.008633021265268326
mlp_4x100_gelu_dropout_l2,30,5,27,0.01764039508998394,0.008527028374373913
mlp_4x100_gelu_dropout_l2,30,5,28,0.01709853857755661,0.008442078717052937
mlp_4x100_gelu_dropout_l2,30,5,29,0.016581382602453232,0.008367428556084633
mlp_4x100_gelu_dropout_l2,30,5,30,0.01612401381134987,0.00829493347555399
mlp_4x100_gelu_dropout_l2,30,5,31,0.015708250924944878,0.008236153051257133
mlp_4x100_gelu_dropout_l2,30,5,32,0.01531592570245266,0.00818560179322958
mlp_4x100_gelu_dropout_l2,30,5,33,0.014894332736730576,0.008133191615343094
mlp_4x100_gelu_dropout_l2,30,5,34,0.014550729654729366,0.008081314153969288
mlp_4x100_gelu_dropout_l2,30,5,35,0.014246379025280476,0.008045706897974014
mlp_4x100_gelu_dropout_l2,30,5,36,0.013925785198807716,0.008007042109966278
mlp_4x100_gelu_dropout_l2,30,5,37,0.013665744103491306,0.007966670207679272
mlp_4x100_gelu_dropout_l2,30,5,38,0.013412044383585453,0.007936639711260796
mlp_4x100_gelu_dropout_l2,30,5,39,0.013172082602977753,0.007907922379672527
mlp_4x100_gelu_dropout_l2,30,5,40,0.012944216839969158,0.00787706021219492
mlp_4x100_gelu_dropout_l2,30,5,41,0.012694831006228924,0.007859691046178341
mlp_4x100_gelu_dropout_l2,30,5,42,0.01253405213356018,0.007834146730601788
mlp_4x100_gelu_dropout_l2,30,5,43,0.012366488575935364,0.007809203118085861
mlp_4x100_gelu_dropout_l2,30,5,44,0.012155032716691494,0.007792570628225803
mlp_4x100_gelu_dropout_l2,30,5,45,0.012017365545034409,0.007766802329570055
mlp_4x100_gelu_dropout_l2,30,5,46,0.011854304000735283,0.007749335374683142
mlp_4x100_gelu_dropout_l2,30,5,47,0.011725611984729767,0.007726458366960287
mlp_4x100_gelu_dropout_l2,30,5,48,0.011576461605727673,0.007712936494499445
mlp_4x100_gelu_dropout_l2,30,5,49,0.011442002840340137,0.0076937382109463215
mlp_4x100_gelu_dropout_l2,30,5,50,0.01131867803633213,0.007672945037484169
mlp_4x100_gelu_dropout_l2,30,5,51,0.011198623105883598,0.007655290421098471
mlp_4x100_gelu_dropout_l2,30,5,52,0.011066246777772903,0.007640737574547529
mlp_4x100_gelu_dropout_l2,30,5,53,0.010986634530127048,0.007622297387570143
mlp_4x100_gelu_dropout_l2,30,5,54,0.010874176397919655,0.007604952901601791
mlp_4x100_gelu_dropout_l2,30,5,55,0.010777286253869534,0.007583951577544212
mlp_4x100_gelu_dropout_l2,30,5,56,0.010670006275177002,0.007575227878987789
mlp_4x100_gelu_dropout_l2,30,5,57,0.010594905354082584,0.007557109463959932
mlp_4x100_gelu_dropout_l2,30,5,58,0.010498028248548508,0.007547716144472361
mlp_4x100_gelu_dropout_l2,30,5,59,0.01041877456009388,0.007521164603531361
mlp_4x100_gelu_dropout_l2,30,5,60,0.010342399589717388,0.007512025535106659
mlp_4x100_gelu_dropout_l2,30,5,61,0.010278837755322456,0.007492758799344301
mlp_4x100_gelu_dropout_l2,30,5,62,0.010198405012488365,0.007479854393750429
mlp_4x100_gelu_dropout_l2,30,5,63,0.010127793997526169,0.007455822080373764
mlp_4x100_gelu_dropout_l2,30,5,64,0.01004137471318245,0.00744263082742691
mlp_4x100_gelu_dropout_l2,30,5,65,0.009985220618546009,0.007427462842315435
mlp_4x100_gelu_dropout_l2,30,5,66,0.009926659986376762,0.007408880162984133
mlp_4x100_gelu_dropout_l2,30,5,67,0.009853458032011986,0.007397072855383158
mlp_4x100_gelu_dropout_l2,30,5,68,0.009805427864193916,0.007380669005215168
mlp_4x100_gelu_dropout_l2,30,5,69,0.009754220955073833,0.007361702620983124
mlp_4x100_gelu_dropout_l2,30,5,70,0.009682764299213886,0.007346950937062502
mlp_4x100_gelu_dropout_l2,30,5,71,0.009630881249904633,0.0073296912014484406
mlp_4x100_gelu_dropout_l2,30,5,72,0.009576763957738876,0.007314274087548256
mlp_4x100_gelu_dropout_l2,30,5,73,0.009535938501358032,0.007298652548342943
mlp_4x100_gelu_dropout_l2,30,5,74,0.009479212574660778,0.0072817313484847546
mlp_4x100_gelu_dropout_l2,30,5,75,0.009424183517694473,0.007262982428073883
mlp_4x100_gelu_dropout_l2,30,5,76,0.00938909500837326,0.007249103393405676
mlp_4x100_gelu_dropout_l2,30,5,77,0.009343707002699375,0.0072333128191530704
mlp_4x100_gelu_dropout_l2,30,5,78,0.009292847476899624,0.007209941744804382
mlp_4x100_gelu_dropout_l2,30,5,79,0.009250639006495476,0.0072021144442260265
mlp_4x100_gelu_dropout_l2,30,5,80,0.009202055633068085,0.007178116589784622
mlp_4x100_gelu_dropout_l2,30,5,81,0.009160477668046951,0.00715986080467701
mlp_4x100_gelu_dropout_l2,30,5,82,0.009121156297624111,0.007141016889363527
mlp_4x100_gelu_dropout_l2,30,5,83,0.009069861844182014,0.007125571835786104
mlp_4x100_gelu_dropout_l2,30,5,84,0.00904110912233591,0.0071057467721402645
mlp_4x100_gelu_dropout_l2,30,5,85,0.008995073847472668,0.007091353181749582
mlp_4x100_gelu_dropout_l2,30,5,86,0.008957031182944775,0.007066213525831699
mlp_4x100_gelu_dropout_l2,30,5,87,0.008933337405323982,0.007048691622912884
mlp_4x100_gelu_dropout_l2,30,5,88,0.008894585072994232,0.007028692401945591
mlp_4x100_gelu_dropout_l2,30,5,89,0.008848017081618309,0.007010588888078928
mlp_4x100_gelu_dropout_l2,30,5,90,0.008807219564914703,0.006991131231188774
mlp_4x100_gelu_dropout_l2,30,5,91,0.008770833723247051,0.0069717238657176495
mlp_4x100_gelu_dropout_l2,30,5,92,0.008725669234991074,0.006950770504772663
mlp_4x100_gelu_dropout_l2,30,5,93,0.008701722137629986,0.0069295549765229225
mlp_4x100_gelu_dropout_l2,30,5,94,0.008657881990075111,0.006908105220645666
mlp_4x100_gelu_dropout_l2,30,5,95,0.00863321777433157,0.006886641029268503
mlp_4x100_gelu_dropout_l2,30,5,96,0.008594106882810593,0.006869460456073284
mlp_4x100_gelu_dropout_l2,30,5,97,0.00855164509266615,0.006848638877272606
mlp_4x100_gelu_dropout_l2,30,5,98,0.008528994396328926,0.006826688069850206
mlp_4x100_gelu_dropout_l2,30,5,99,0.008490880019962788,0.006806205026805401
mlp_4x100_gelu_dropout_l2,30,5,100,0.008458441123366356,0.006784430705010891
mlp_4x100_gelu_dropout_l2,30,5,101,0.008426073007285595,0.0067608291283249855
mlp_4x100_gelu_dropout_l2,30,5,102,0.008393383584916592,0.00674014026299119
mlp_4x100_gelu_dropout_l2,30,5,103,0.008353568613529205,0.006716229487210512
mlp_4x100_gelu_dropout_l2,30,5,104,0.008325610309839249,0.006692310329526663
mlp_4x100_gelu_dropout_l2,30,5,105,0.008293998427689075,0.0066708773374557495
mlp_4x100_gelu_dropout_l2,30,5,106,0.008262594230473042,0.006648716051131487
mlp_4x100_gelu_dropout_l2,30,5,107,0.008224745281040668,0.0066245198249816895
mlp_4x100_gelu_dropout_l2,30,5,108,0.008195425383746624,0.006600489374250174
mlp_4x100_gelu_dropout_l2,30,5,109,0.008165432140231133,0.006576038431376219
mlp_4x100_gelu_dropout_l2,30,5,110,0.008133557625114918,0.006552207283675671
mlp_4x100_gelu_dropout_l2,30,5,111,0.008093999698758125,0.006529157981276512
mlp_4x100_gelu_dropout_l2,30,5,112,0.008067992515861988,0.006500644609332085
mlp_4x100_gelu_dropout_l2,30,5,113,0.008030046708881855,0.006477029528468847
mlp_4x100_gelu_dropout_l2,30,5,114,0.008004914037883282,0.006453155539929867
mlp_4x100_gelu_dropout_l2,30,5,115,0.007970868609845638,0.006426099222153425
mlp_4x100_gelu_dropout_l2,30,5,116,0.007933327928185463,0.006400034297257662
mlp_4x100_gelu_dropout_l2,30,5,117,0.007911921478807926,0.006376687437295914
mlp_4x100_gelu_dropout_l2,30,5,118,0.007869362831115723,0.006349095143377781
mlp_4x100_gelu_dropout_l2,30,5,119,0.007838742807507515,0.006324841640889645
mlp_4x100_gelu_dropout_l2,30,5,120,0.007805320434272289,0.00629779789596796
mlp_4x100_gelu_dropout_l2,30,5,121,0.00777451740577817,0.006270110607147217
mlp_4x100_gelu_dropout_l2,30,5,122,0.007744038477540016,0.006242985371500254
mlp_4x100_gelu_dropout_l2,30,5,123,0.0077093252912163734,0.0062160976231098175
mlp_4x100_gelu_dropout_l2,30,5,124,0.007680248003453016,0.006188634317368269
mlp_4x100_gelu_dropout_l2,30,5,125,0.007647351361811161,0.006161687895655632
mlp_4x100_gelu_dropout_l2,30,5,126,0.007621400058269501,0.006134129595011473
mlp_4x100_gelu_dropout_l2,30,5,127,0.007582126185297966,0.006105458363890648
mlp_4x100_gelu_dropout_l2,30,5,128,0.007548226974904537,0.006080630235373974
mlp_4x100_gelu_dropout_l2,30,5,129,0.007516845595091581,0.0060506658628582954
mlp_4x100_gelu_dropout_l2,30,5,130,0.007485299836844206,0.006022073794156313
mlp_4x100_gelu_dropout_l2,30,5,131,0.007448920980095863,0.005991995334625244
mlp_4x100_gelu_dropout_l2,30,5,132,0.007418242748826742,0.005964277312159538
mlp_4x100_gelu_dropout_l2,30,5,133,0.007387261372059584,0.005935585591942072
mlp_4x100_gelu_dropout_l2,30,5,134,0.007355647161602974,0.005907406564801931
mlp_4x100_gelu_dropout_l2,30,5,135,0.007324120961129665,0.00587781798094511
mlp_4x100_gelu_dropout_l2,30,5,136,0.00728951022028923,0.005848925095051527
mlp_4x100_gelu_dropout_l2,30,5,137,0.007257618010044098,0.005818753503262997
mlp_4x100_gelu_dropout_l2,30,5,138,0.0072236573323607445,0.005790901370346546
mlp_4x100_gelu_dropout_l2,30,5,139,0.007192499935626984,0.005759545136243105
mlp_4x100_gelu_dropout_l2,30,5,140,0.007158615626394749,0.005732694175094366
mlp_4x100_gelu_dropout_l2,30,5,141,0.0071294573135674,0.005703355185687542
mlp_4x100_gelu_dropout_l2,30,5,142,0.007094911299645901,0.005672453437000513
mlp_4x100_gelu_dropout_l2,30,5,143,0.00706283887848258,0.005644325166940689
mlp_4x100_gelu_dropout_l2,30,5,144,0.00703542772680521,0.005613458342850208
mlp_4x100_gelu_dropout_l2,30,5,145,0.0069968244060873985,0.005585432518273592
mlp_4x100_gelu_dropout_l2,30,5,146,0.00696597108617425,0.005555151030421257
mlp_4x100_gelu_dropout_l2,30,5,147,0.006936811376363039,0.005526972468942404
mlp_4x100_gelu_dropout_l2,30,5,148,0.0069024087861180305,0.005497703328728676
mlp_4x100_gelu_dropout_l2,30,5,149,0.006873869337141514,0.005467517301440239
mlp_4x100_gelu_dropout_l2,30,5,150,0.006840873509645462,0.005440110806375742
mlp_4x100_gelu_dropout_l2,30,5,151,0.006808944512158632,0.005411557853221893
mlp_4x100_gelu_dropout_l2,30,5,152,0.006781325675547123,0.00538186589255929
mlp_4x100_gelu_dropout_l2,30,5,153,0.006747480947524309,0.005351967643946409
mlp_4x100_gelu_dropout_l2,30,5,154,0.006719982251524925,0.005324387922883034
mlp_4x100_gelu_dropout_l2,30,5,155,0.006688978988677263,0.005296320654451847
mlp_4x100_gelu_dropout_l2,30,5,156,0.006655592005699873,0.005268601700663567
mlp_4x100_gelu_dropout_l2,30,5,157,0.006625417619943619,0.005240307189524174
mlp_4x100_gelu_dropout_l2,30,5,158,0.006597157567739487,0.005211628973484039
mlp_4x100_gelu_dropout_l2,30,5,159,0.006567658856511116,0.005185375921428204
mlp_4x100_gelu_dropout_l2,30,5,160,0.006536313332617283,0.005158785730600357
mlp_4x100_gelu_dropout_l2,30,5,161,0.006504318676888943,0.005131996236741543
mlp_4x100_gelu_dropout_l2,30,5,162,0.006477126386016607,0.005106283817440271
mlp_4x100_gelu_dropout_l2,30,5,163,0.006445902865380049,0.00507949898019433
mlp_4x100_gelu_dropout_l2,30,5,164,0.00641894806176424,0.005055233370512724
mlp_4x100_gelu_dropout_l2,30,5,165,0.006389081943780184,0.00503056775778532
mlp_4x100_gelu_dropout_l2,30,5,166,0.0063566770404577255,0.005007055588066578
mlp_4x100_gelu_dropout_l2,30,5,167,0.006328727584332228,0.0049836779944598675
mlp_4x100_gelu_dropout_l2,30,5,168,0.006298621650785208,0.004963426385074854
mlp_4x100_gelu_dropout_l2,30,5,169,0.0062679327093064785,0.004943028558045626
mlp_4x100_gelu_dropout_l2,30,5,170,0.00623687356710434,0.00492563983425498
mlp_4x100_gelu_dropout_l2,30,5,171,0.006206017918884754,0.004908952862024307
mlp_4x100_gelu_dropout_l2,30,5,172,0.006173443514853716,0.004890298005193472
mlp_4x100_gelu_dropout_l2,30,5,173,0.006144309416413307,0.004874716512858868
mlp_4x100_gelu_dropout_l2,30,5,174,0.00611477717757225,0.0048609524965286255
mlp_4x100_gelu_dropout_l2,30,5,175,0.006081702653318644,0.004845791030675173
mlp_4x100_gelu_dropout_l2,30,5,176,0.0060554854571819305,0.004834181163460016
mlp_4x100_gelu_dropout_l2,30,5,177,0.006030259188264608,0.004816779401153326
mlp_4x100_gelu_dropout_l2,30,5,178,0.006002196576446295,0.004803039599210024
mlp_4x100_gelu_dropout_l2,30,5,179,0.005974998231977224,0.004796065855771303
mlp_4x100_gelu_dropout_l2,30,5,180,0.00593827897682786,0.004784285090863705
mlp_4x100_gelu_dropout_l2,30,5,181,0.005922961048781872,0.0047659012489020824
mlp_4x100_gelu_dropout_l2,30,5,182,0.005901225842535496,0.004752572625875473
mlp_4x100_gelu_dropout_l2,30,5,183,0.0058684139512479305,0.0047503309324383736
mlp_4x100_gelu_dropout_l2,30,5,184,0.005848529748618603,0.004731004126369953
mlp_4x100_gelu_dropout_l2,30,5,185,0.0058233668096363544,0.004727884661406279
mlp_4x100_gelu_dropout_l2,30,5,186,0.005798598285764456,0.004710291046649218
mlp_4x100_gelu_dropout_l2,30,5,187,0.00578063540160656,0.004711482208222151
mlp_4x100_gelu_dropout_l2,30,5,188,0.0057479264214634895,0.004693313967436552
mlp_4x100_gelu_dropout_l2,30,5,189,0.005728152580559254,0.004691650625318289
mlp_4x100_gelu_dropout_l2,30,5,190,0.005703706759959459,0.004674806259572506
mlp_4x100_gelu_dropout_l2,30,5,191,0.005686761345714331,0.004663192667067051
mlp_4x100_gelu_dropout_l2,30,5,192,0.0056662792339921,0.004658970050513744
mlp_4x100_gelu_dropout_l2,30,5,193,0.00564761646091938,0.004658039193600416
mlp_4x100_gelu_dropout_l2,30,5,194,0.005625978112220764,0.004642962943762541
mlp_4x100_gelu_dropout_l2,30,5,195,0.00560159794986248,0.004637849051505327
mlp_4x100_gelu_dropout_l2,30,5,196,0.005587048828601837,0.004632003139704466
mlp_4x100_gelu_dropout_l2,30,5,197,0.005572664085775614,0.0046187336556613445
mlp_4x100_gelu_dropout_l2,30,5,198,0.005558519624173641,0.004613808821886778
mlp_4x100_gelu_dropout_l2,30,5,199,0.005542416591197252,0.004612467251718044
mlp_4x100_gelu_dropout_l2,30,5,200,0.005516428034752607,0.004600591957569122
mlp_4x100_gelu_dropout_l2,30,5,201,0.005507991649210453,0.004596376325935125
mlp_4x100_gelu_dropout_l2,30,5,202,0.00548732141032815,0.004584363661706448
mlp_4x100_gelu_dropout_l2,30,5,203,0.005472715478390455,0.004586942493915558
mlp_4x100_gelu_dropout_l2,30,5,204,0.005463859532028437,0.004569506738334894
mlp_4x100_gelu_dropout_l2,30,5,205,0.005439666099846363,0.0045684403739869595
mlp_4x100_gelu_dropout_l2,30,5,206,0.00543364230543375,0.004561029840260744
mlp_4x100_gelu_dropout_l2,30,5,207,0.005432156380265951,0.004554411396384239
mlp_4x100_gelu_dropout_l2,30,5,208,0.0054132966324687,0.0045585171319544315
mlp_4x100_gelu_dropout_l2,30,5,209,0.005394854117184877,0.004547628574073315
mlp_4x100_gelu_dropout_l2,30,5,210,0.005382687784731388,0.00454478757455945
mlp_4x100_gelu_dropout_l2,30,5,211,0.0053789932280778885,0.004538732580840588
mlp_4x100_gelu_dropout_l2,30,5,212,0.005366435740143061,0.004529918078333139
mlp_4x100_gelu_dropout_l2,30,5,213,0.005344977602362633,0.004531433340162039
mlp_4x100_gelu_dropout_l2,30,5,214,0.005340090487152338,0.004521587863564491
mlp_4x100_gelu_dropout_l2,30,5,215,0.005335137248039246,0.004530083853751421
mlp_4x100_gelu_dropout_l2,30,5,216,0.005329542327672243,0.004516595508903265
mlp_4x100_gelu_dropout_l2,30,5,217,0.005312144756317139,0.004500047769397497
mlp_4x100_gelu_dropout_l2,30,5,218,0.0053148651495575905,0.004498984664678574
mlp_4x100_gelu_dropout_l2,30,5,219,0.005298042204231024,0.004507184959948063
mlp_4x100_gelu_dropout_l2,30,5,220,0.005292184185236692,0.004504824988543987
mlp_4x100_gelu_dropout_l2,30,5,221,0.005282582715153694,0.0044945478439331055
mlp_4x100_gelu_dropout_l2,30,5,222,0.005279199220240116,0.004486583173274994
mlp_4x100_gelu_dropout_l2,30,5,223,0.005273863207548857,0.004489101469516754
mlp_4x100_gelu_dropout_l2,30,5,224,0.005249123089015484,0.004486088640987873
mlp_4x100_gelu_dropout_l2,30,5,225,0.00524738896638155,0.004471071530133486
mlp_4x100_gelu_dropout_l2,30,5,226,0.005241625476628542,0.004483140539377928
mlp_4x100_gelu_dropout_l2,30,5,227,0.005223594605922699,0.004474293906241655
mlp_4x100_gelu_dropout_l2,30,5,228,0.005222863517701626,0.0044654058292508125
mlp_4x100_gelu_dropout_l2,30,5,229,0.005216922145336866,0.00447772117331624
mlp_4x100_gelu_dropout_l2,30,5,230,0.005204075947403908,0.00447086663916707
mlp_4x100_gelu_dropout_l2,30,5,231,0.00520127359777689,0.004468482919037342
mlp_4x100_gelu_dropout_l2,30,5,232,0.00518876314163208,0.0044714780524373055
mlp_4x100_gelu_dropout_l2,30,5,233,0.005193156655877829,0.004462920129299164
mlp_4x100_gelu_dropout_l2,30,5,234,0.005180932581424713,0.004461182747036219
mlp_4x100_gelu_dropout_l2,30,5,235,0.005189106799662113,0.004460680764168501
mlp_4x100_gelu_dropout_l2,30,5,236,0.005168454255908728,0.004456858150660992
mlp_4x100_gelu_dropout_l2,30,5,237,0.005171653348952532,0.004456887487322092
mlp_4x100_gelu_dropout_l2,30,5,238,0.005170110147446394,0.004451329354196787
mlp_4x100_gelu_dropout_l2,30,5,239,0.005168290808796883,0.004443148151040077
mlp_4x100_gelu_dropout_l2,30,5,240,0.005152070429176092,0.004439872223883867
mlp_4x100_gelu_dropout_l2,30,5,241,0.0051402742974460125,0.004439853597432375
mlp_4x100_gelu_dropout_l2,30,5,242,0.005138553213328123,0.004448286257684231
mlp_4x100_gelu_dropout_l2,30,5,243,0.005137755069881678,0.004451831802725792
mlp_4x100_gelu_dropout_l2,30,5,244,0.005130569450557232,0.004442853853106499
mlp_4x100_gelu_dropout_l2,30,5,245,0.0051284474320709705,0.004445911385118961
mlp_4x100_gelu_dropout_l2,30,5,246,0.005126594565808773,0.004433367867022753
mlp_4x100_gelu_dropout_l2,30,5,247,0.005121766123920679,0.0044405339285731316
mlp_4x100_gelu_dropout_l2,30,5,248,0.005118020344525576,0.004434254020452499
mlp_4x100_gelu_dropout_l2,30,5,249,0.00511754397302866,0.00442825723439455
mlp_4x100_gelu_dropout_l2,30,5,250,0.005113261751830578,0.004424714017659426
mlp_4x100_gelu_dropout_l2,30,5,251,0.005101402755826712,0.004434041678905487
mlp_4x100_gelu_dropout_l2,30,5,252,0.005097891669720411,0.004417977761477232
mlp_4x100_gelu_dropout_l2,30,5,253,0.005091874394565821,0.004424241371452808
mlp_4x100_gelu_dropout_l2,30,5,254,0.005088695324957371,0.004439511802047491
mlp_4x100_gelu_dropout_l2,30,5,255,0.005084449891000986,0.00442161550745368
mlp_4x100_gelu_dropout_l2,30,5,256,0.005078790243715048,0.004429680295288563
mlp_4x100_gelu_dropout_l2,30,5,257,0.005074936896562576,0.004424260929226875
mlp_4x100_gelu_dropout_l2,30,5,258,0.005078701768070459,0.00442153075709939
mlp_4x100_gelu_dropout_l2,30,5,259,0.005064439959824085,0.0044288611970841885
mlp_4x100_gelu_dropout_l2,30,5,260,0.005065086297690868,0.004414932802319527
mlp_4x100_gelu_dropout_l2,30,5,261,0.005059871822595596,0.0044209910556674
mlp_4x100_gelu_dropout_l2,30,5,262,0.005066675134003162,0.00441549438983202
mlp_4x100_gelu_dropout_l2,30,5,263,0.005054539069533348,0.004422066733241081
mlp_4x100_gelu_dropout_l2,30,5,264,0.005047532729804516,0.0044111330062150955
mlp_4x100_gelu_dropout_l2,30,5,265,0.0050520277582108974,0.0044097029604017735
mlp_4x100_gelu_dropout_l2,30,5,266,0.005057313945144415,0.0044132680632174015
mlp_4x100_gelu_dropout_l2,30,5,267,0.005041015334427357,0.004415606614202261
mlp_4x100_gelu_dropout_l2,30,5,268,0.005027522332966328,0.004411424044519663
mlp_4x100_gelu_dropout_l2,30,5,269,0.005043144803494215,0.004418198484927416
mlp_4x100_gelu_dropout_l2,30,5,270,0.005032587796449661,0.004408031702041626
mlp_4x100_gelu_dropout_l2,30,5,271,0.005036803428083658,0.004413613583892584
mlp_4x100_gelu_dropout_l2,30,5,272,0.005033609922975302,0.004409474320709705
mlp_4x100_gelu_dropout_l2,30,5,273,0.005035398527979851,0.004405804444104433
mlp_4x100_gelu_dropout_l2,30,5,274,0.005034207832068205,0.004420050885528326
mlp_4x100_gelu_dropout_l2,30,5,275,0.005030532833188772,0.004401516169309616
mlp_4x100_gelu_dropout_l2,30,5,276,0.005024177487939596,0.004412769339978695
mlp_4x100_gelu_dropout_l2,30,5,277,0.005022982135415077,0.0044019101187586784
mlp_4x100_gelu_dropout_l2,30,5,278,0.005014721769839525,0.004409203305840492
mlp_4x100_gelu_dropout_l2,30,5,279,0.005016508046537638,0.004410890396684408
mlp_4x100_gelu_dropout_l2,30,5,280,0.005014630034565926,0.004420017823576927
mlp_4x100_gelu_dropout_l2,30,5,281,0.005010699387639761,0.0044124312698841095
mlp_4x100_gelu_dropout_l2,30,5,282,0.005008865613490343,0.004416742827743292
mlp_4x100_gelu_dropout_l2,30,5,283,0.005013733170926571,0.004414835479110479
mlp_4x100_gelu_dropout_l2,30,5,284,0.005003426223993301,0.004404036328196526
mlp_4x100_gelu_dropout_l2,30,5,285,0.004998556338250637,0.004407747182995081
mlp_4x100_gelu_dropout_l2,30,5,286,0.004993738140910864,0.004416454117745161
mlp_4x100_gelu_dropout_l2,30,5,287,0.0050007314421236515,0.004425298422574997
mlp_4x100_gelu_dropout_l2,30,5,288,0.00498952018097043,0.004421339835971594
mlp_4x100_gelu_dropout_l2,30,5,289,0.004986261948943138,0.004413652699440718
mlp_4x100_gelu_dropout_l2,30,5,290,0.004994943272322416,0.004404284991323948
mlp_4x100_gelu_dropout_l2,30,5,291,0.004994148388504982,0.004411477129906416
mlp_4x100_gelu_dropout_l2,30,5,292,0.004980983212590218,0.004404827952384949
mlp_4x100_gelu_dropout_l2,30,5,293,0.0049870675429701805,0.004408242180943489
mlp_4x100_gelu_dropout_l2,30,5,294,0.004986756946891546,0.004410582594573498
mlp_4x100_gelu_dropout_l2,30,5,295,0.004986182786524296,0.004400460980832577
mlp_4x100_gelu_dropout_l2,30,5,296,0.004979629069566727,0.0044067129492759705
mlp_4x100_gelu_dropout_l2,30,5,297,0.004981190897524357,0.0044030253775417805
mlp_4x100_gelu_dropout_l2,30,5,298,0.0049730646423995495,0.004404634237289429
mlp_4x100_gelu_dropout_l2,30,5,299,0.004981054924428463,0.004407789558172226
mlp_4x100_gelu_dropout_l2,30,5,300,0.00498279370367527,0.004420422483235598
mlp_4x100_gelu_dropout_l2,30,5,301,0.004973001778125763,0.004402371123433113
mlp_4x100_gelu_dropout_l2,30,5,302,0.00496272137388587,0.004398730583488941
mlp_4x100_gelu_dropout_l2,30,5,303,0.0049703833647072315,0.004410692490637302
mlp_4x100_gelu_dropout_l2,30,5,304,0.004966124892234802,0.004419971257448196
mlp_4x100_gelu_dropout_l2,30,5,305,0.0049675386399030685,0.004413209855556488
mlp_4x100_gelu_dropout_l2,30,5,306,0.004973681643605232,0.0043996600434184074
mlp_4x100_gelu_dropout_l2,30,5,307,0.0049621774815022945,0.004392942879348993
mlp_4x100_gelu_dropout_l2,30,5,308,0.004963181912899017,0.004404501989483833
mlp_4x100_gelu_dropout_l2,30,5,309,0.004960938356816769,0.004423276986926794
mlp_4x100_gelu_dropout_l2,30,5,310,0.004959155339747667,0.004393474664539099
mlp_4x100_gelu_dropout_l2,30,5,311,0.004961634986102581,0.004421728663146496
mlp_4x100_gelu_dropout_l2,30,5,312,0.00495348684489727,0.004402278456836939
mlp_4x100_gelu_dropout_l2,30,5,313,0.004947659093886614,0.004404983017593622
mlp_4x100_gelu_dropout_l2,30,5,314,0.004955097567290068,0.004403454717248678
mlp_4x100_gelu_dropout_l2,30,5,315,0.004948705900460482,0.00440953066572547
mlp_4x100_gelu_dropout_l2,30,5,316,0.004949960857629776,0.0043955110013484955
mlp_4x100_gelu_dropout_l2,30,5,317,0.0049596186727285385,0.004394233226776123
mlp_4x100_gelu_dropout_l2,30,5,318,0.0049483394250273705,0.004407696425914764
mlp_4x100_gelu_dropout_l2,30,5,319,0.004945017863065004,0.0044064694084227085
mlp_4x100_gelu_dropout_l2,30,5,320,0.004941676277667284,0.0043916646391153336
mlp_4x100_gelu_dropout_l2,30,5,321,0.0049400595016777515,0.004411924630403519
mlp_4x100_gelu_dropout_l2,30,5,322,0.0049383328296244144,0.0044061122462153435
mlp_4x100_gelu_dropout_l2,30,5,323,0.00493871234357357,0.004408908076584339
mlp_4x100_gelu_dropout_l2,30,5,324,0.004936299752444029,0.004411415662616491
mlp_4x100_gelu_dropout_l2,30,5,325,0.00494035379961133,0.004406010266393423
mlp_4x100_gelu_dropout_l2,30,5,326,0.004937061574310064,0.004411491099745035
mlp_4x100_gelu_dropout_l2,30,5,327,0.0049306731671094894,0.004402501974254847
mlp_4x100_gelu_dropout_l2,30,5,328,0.004935485776513815,0.004403125494718552
mlp_4x100_gelu_dropout_l2,30,5,329,0.00493630301207304,0.0043872324749827385
mlp_4x100_gelu_dropout_l2,30,5,330,0.004933264572173357,0.004402618855237961
mlp_4x100_gelu_dropout_l2,30,5,331,0.004929929040372372,0.004428439307957888
mlp_4x100_gelu_dropout_l2,30,5,332,0.004926494788378477,0.004412764683365822
mlp_4x100_gelu_dropout_l2,30,5,333,0.004920878913253546,0.0044113569892942905
mlp_4x100_gelu_dropout_l2,30,5,334,0.004926891997456551,0.004398576449602842
mlp_4x100_gelu_dropout_l2,30,5,335,0.004936187993735075,0.004413680639117956
mlp_4x100_gelu_dropout_l2,30,5,336,0.004922682419419289,0.0044074649922549725
mlp_4x100_gelu_dropout_l2,30,5,337,0.004920692648738623,0.004421320278197527
mlp_4x100_gelu_dropout_l2,30,5,338,0.004926281049847603,0.004401601385325193
mlp_4x100_gelu_dropout_l2,30,5,339,0.004923854023218155,0.004405978601425886
mlp_4x100_gelu_dropout_l2,30,5,340,0.004921162500977516,0.004407643340528011
mlp_4x100_gelu_dropout_l2,30,5,341,0.004918614402413368,0.004413594491779804
mlp_4x100_gelu_dropout_l2,30,5,342,0.004916531499475241,0.0044165803119540215
mlp_4x100_gelu_dropout_l2,30,5,343,0.004915135912597179,0.004398374352604151
mlp_4x100_gelu_dropout_l2,30,5,344,0.004919760394841433,0.0044078282080590725
mlp_4x100_gelu_dropout_l2,30,5,345,0.004920311737805605,0.00440932484343648
mlp_4x100_gelu_dropout_l2,30,5,346,0.004919636994600296,0.004413473419845104
mlp_4x100_gelu_dropout_l2,30,5,347,0.004909083712846041,0.004410405643284321
mlp_4x100_gelu_dropout_l2,30,5,348,0.004915223456919193,0.004411167465150356
mlp_4x100_gelu_dropout_l2,30,5,349,0.00492095248773694,0.004403392784297466
mlp_4x100_gelu_dropout_l2,30,5,350,0.004903057124465704,0.004413595423102379
mlp_4x100_gelu_dropout_l2,30,5,351,0.0049026114866137505,0.004423932172358036
mlp_4x100_gelu_dropout_l2,30,5,352,0.004913509823381901,0.004413705784827471
mlp_4x100_gelu_dropout_l2,30,5,353,0.00490999361500144,0.0044151064939796925
mlp_4x100_gelu_dropout_l2,30,5,354,0.004901196341961622,0.0044077858328819275
mlp_4x100_gelu_dropout_l2,30,5,355,0.004907289985567331,0.004403156694024801
mlp_4x100_gelu_dropout_l2,30,5,356,0.004911703988909721,0.004417689051479101
mlp_4x100_gelu_dropout_l2,30,5,357,0.004909726325422525,0.0044083017855882645
mlp_4x100_gelu_dropout_l2,30,5,358,0.004905792884528637,0.004403442610055208
mlp_4x100_gelu_dropout_l2,30,5,359,0.004906610585749149,0.0044116913340985775
mlp_4x100_gelu_dropout_l2,30,30,1,0.24611777067184448,0.07392661273479462
mlp_4x100_gelu_dropout_l2,30,30,2,0.15587478876113892,0.055371031165122986
mlp_4x100_gelu_dropout_l2,30,30,3,0.11913372576236725,0.04398089274764061
mlp_4x100_gelu_dropout_l2,30,30,4,0.09602051973342896,0.03595012053847313
mlp_4x100_gelu_dropout_l2,30,30,5,0.07980293035507202,0.0300571471452713
mlp_4x100_gelu_dropout_l2,30,30,6,0.06887286901473999,0.02563142403960228
mlp_4x100_gelu_dropout_l2,30,30,7,0.059858113527297974,0.02220296859741211
mlp_4x100_gelu_dropout_l2,30,30,8,0.05319395288825035,0.019499586895108223
mlp_4x100_gelu_dropout_l2,30,30,9,0.04789861664175987,0.01734318770468235
mlp_4x100_gelu_dropout_l2,30,30,10,0.04367107152938843,0.01555037684738636
mlp_4x100_gelu_dropout_l2,30,30,11,0.03999669849872589,0.014117809012532234
mlp_4x100_gelu_dropout_l2,30,30,12,0.036692023277282715,0.012956788763403893
mlp_4x100_gelu_dropout_l2,30,30,13,0.0339958555996418,0.011964544653892517
mlp_4x100_gelu_dropout_l2,30,30,14,0.03173913434147835,0.011128357611596584
mlp_4x100_gelu_dropout_l2,30,30,15,0.029716305434703827,0.010380580089986324
mlp_4x100_gelu_dropout_l2,30,30,16,0.02789020910859108,0.009774510748684406
mlp_4x100_gelu_dropout_l2,30,30,17,0.026303721591830254,0.009285562671720982
mlp_4x100_gelu_dropout_l2,30,30,18,0.024899041280150414,0.008831532672047615
mlp_4x100_gelu_dropout_l2,30,30,19,0.023463424295186996,0.008415468968451023
mlp_4x100_gelu_dropout_l2,30,30,20,0.022322289645671844,0.008054240606725216
mlp_4x100_gelu_dropout_l2,30,30,21,0.021269453689455986,0.007736324332654476
mlp_4x100_gelu_dropout_l2,30,30,22,0.020286180078983307,0.007446011994034052
mlp_4x100_gelu_dropout_l2,30,30,23,0.01931881345808506,0.007204951718449593
mlp_4x100_gelu_dropout_l2,30,30,24,0.018474960699677467,0.006988434586673975
mlp_4x100_gelu_dropout_l2,30,30,25,0.017664823681116104,0.006839199457317591
mlp_4x100_gelu_dropout_l2,30,30,26,0.01700322888791561,0.006641134154051542
mlp_4x100_gelu_dropout_l2,30,30,27,0.016296960413455963,0.006484810262918472
mlp_4x100_gelu_dropout_l2,30,30,28,0.015664342790842056,0.006358488462865353
mlp_4x100_gelu_dropout_l2,30,30,29,0.015112614259123802,0.0062493025325238705
mlp_4x100_gelu_dropout_l2,30,30,30,0.014588264748454094,0.0061423443257808685
mlp_4x100_gelu_dropout_l2,30,30,31,0.014109822921454906,0.006044881418347359
mlp_4x100_gelu_dropout_l2,30,30,32,0.013687611557543278,0.0059709311462938786
mlp_4x100_gelu_dropout_l2,30,30,33,0.013205287978053093,0.005889764055609703
mlp_4x100_gelu_dropout_l2,30,30,34,0.012801576405763626,0.005823290906846523
mlp_4x100_gelu_dropout_l2,30,30,35,0.01242575328797102,0.005764084868133068
mlp_4x100_gelu_dropout_l2,30,30,36,0.012061003595590591,0.005710074212402105
mlp_4x100_gelu_dropout_l2,30,30,37,0.011756854131817818,0.005644884426146746
mlp_4x100_gelu_dropout_l2,30,30,38,0.011448124423623085,0.0055970698595047
mlp_4x100_gelu_dropout_l2,30,30,39,0.011161232367157936,0.0055609699338674545
mlp_4x100_gelu_dropout_l2,30,30,40,0.010889307595789433,0.00551827484741807
mlp_4x100_gelu_dropout_l2,30,30,41,0.010613304562866688,0.0054937382228672504
mlp_4x100_gelu_dropout_l2,30,30,42,0.010405857115983963,0.005472188349813223
mlp_4x100_gelu_dropout_l2,30,30,43,0.010175223462283611,0.005428450182080269
mlp_4x100_gelu_dropout_l2,30,30,44,0.009943244978785515,0.005395865999162197
mlp_4x100_gelu_dropout_l2,30,30,45,0.009756229817867279,0.005374575965106487
mlp_4x100_gelu_dropout_l2,30,30,46,0.009572970680892467,0.005341805052012205
mlp_4x100_gelu_dropout_l2,30,30,47,0.009414098225533962,0.005316181108355522
mlp_4x100_gelu_dropout_l2,30,30,48,0.00922312680631876,0.005300148855894804
mlp_4x100_gelu_dropout_l2,30,30,49,0.00904308445751667,0.0052796462550759315
mlp_4x100_gelu_dropout_l2,30,30,50,0.008907787501811981,0.005257516633719206
mlp_4x100_gelu_dropout_l2,30,30,51,0.008747878484427929,0.005240629427134991
mlp_4x100_gelu_dropout_l2,30,30,52,0.008594296872615814,0.005220052320510149
mlp_4x100_gelu_dropout_l2,30,30,53,0.008476871997117996,0.005187974311411381
mlp_4x100_gelu_dropout_l2,30,30,54,0.008337406441569328,0.005178108811378479
mlp_4x100_gelu_dropout_l2,30,30,55,0.008222918957471848,0.0051573412492871284
mlp_4x100_gelu_dropout_l2,30,30,56,0.008087357506155968,0.005148280877619982
mlp_4x100_gelu_dropout_l2,30,30,57,0.007972612977027893,0.005130934063345194
mlp_4x100_gelu_dropout_l2,30,30,58,0.007855821400880814,0.005110805854201317
mlp_4x100_gelu_dropout_l2,30,30,59,0.007750896271318197,0.00509197311475873
mlp_4x100_gelu_dropout_l2,30,30,60,0.0076581817120313644,0.005071199964731932
mlp_4x100_gelu_dropout_l2,30,30,61,0.00756176607683301,0.005058909300714731
mlp_4x100_gelu_dropout_l2,30,30,62,0.007459764368832111,0.0050414204597473145
mlp_4x100_gelu_dropout_l2,30,30,63,0.007361383643001318,0.0050160689279437065
mlp_4x100_gelu_dropout_l2,30,30,64,0.0072698649019002914,0.004999730736017227
mlp_4x100_gelu_dropout_l2,30,30,65,0.00718353595584631,0.004991602152585983
mlp_4x100_gelu_dropout_l2,30,30,66,0.0071048312820494175,0.004966397304087877
mlp_4x100_gelu_dropout_l2,30,30,67,0.007013356313109398,0.004957528784871101
mlp_4x100_gelu_dropout_l2,30,30,68,0.006959464866667986,0.004942258819937706
mlp_4x100_gelu_dropout_l2,30,30,69,0.006884362082928419,0.0049210102297365665
mlp_4x100_gelu_dropout_l2,30,30,70,0.006788755301386118,0.0049048298969864845
mlp_4x100_gelu_dropout_l2,30,30,71,0.006727329920977354,0.004886868875473738
mlp_4x100_gelu_dropout_l2,30,30,72,0.006655332166701555,0.004871250595897436
mlp_4x100_gelu_dropout_l2,30,30,73,0.00659423042088747,0.004855205770581961
mlp_4x100_gelu_dropout_l2,30,30,74,0.00652539636939764,0.004840311128646135
mlp_4x100_gelu_dropout_l2,30,30,75,0.0064600673504173756,0.004820276517421007
mlp_4x100_gelu_dropout_l2,30,30,76,0.006412430666387081,0.004805960226804018
mlp_4x100_gelu_dropout_l2,30,30,77,0.006347894202917814,0.00479683605954051
mlp_4x100_gelu_dropout_l2,30,30,78,0.006287767551839352,0.004774191882461309
mlp_4x100_gelu_dropout_l2,30,30,79,0.0062359473668038845,0.0047583431005477905
mlp_4x100_gelu_dropout_l2,30,30,80,0.006169749889522791,0.004736389499157667
mlp_4x100_gelu_dropout_l2,30,30,81,0.006119374185800552,0.004715816583484411
mlp_4x100_gelu_dropout_l2,30,30,82,0.006065682508051395,0.004697033204138279
mlp_4x100_gelu_dropout_l2,30,30,83,0.006016439758241177,0.004685983993113041
mlp_4x100_gelu_dropout_l2,30,30,84,0.005962769500911236,0.00466639781370759
mlp_4x100_gelu_dropout_l2,30,30,85,0.00591938104480505,0.004649236798286438
mlp_4x100_gelu_dropout_l2,30,30,86,0.005866282153874636,0.004627044778317213
mlp_4x100_gelu_dropout_l2,30,30,87,0.005831789691001177,0.004606804810464382
mlp_4x100_gelu_dropout_l2,30,30,88,0.005778235848993063,0.004586422350257635
mlp_4x100_gelu_dropout_l2,30,30,89,0.005728809628635645,0.004572316538542509
mlp_4x100_gelu_dropout_l2,30,30,90,0.005681264214217663,0.004554104525595903
mlp_4x100_gelu_dropout_l2,30,30,91,0.005641367752104998,0.004532208200544119
mlp_4x100_gelu_dropout_l2,30,30,92,0.005599791184067726,0.004511420149356127
mlp_4x100_gelu_dropout_l2,30,30,93,0.005559070035815239,0.004493775777518749
mlp_4x100_gelu_dropout_l2,30,30,94,0.005514266900718212,0.004472898785024881
mlp_4x100_gelu_dropout_l2,30,30,95,0.005476388614624739,0.0044515966437757015
mlp_4x100_gelu_dropout_l2,30,30,96,0.005436411593109369,0.004430881701409817
mlp_4x100_gelu_dropout_l2,30,30,97,0.0053900438360869884,0.004409772343933582
mlp_4x100_gelu_dropout_l2,30,30,98,0.0053541939705610275,0.004390611778944731
mlp_4x100_gelu_dropout_l2,30,30,99,0.005316408351063728,0.004371838644146919
mlp_4x100_gelu_dropout_l2,30,30,100,0.005278158001601696,0.004348466172814369
mlp_4x100_gelu_dropout_l2,30,30,101,0.005239155143499374,0.004324381705373526
mlp_4x100_gelu_dropout_l2,30,30,102,0.005203061271458864,0.004302521701902151
mlp_4x100_gelu_dropout_l2,30,30,103,0.005165994632989168,0.00428045867010951
mlp_4x100_gelu_dropout_l2,30,30,104,0.0051345969550311565,0.004259338136762381
mlp_4x100_gelu_dropout_l2,30,30,105,0.005098494701087475,0.0042371624149382114
mlp_4x100_gelu_dropout_l2,30,30,106,0.005060084164142609,0.004216602072119713
mlp_4x100_gelu_dropout_l2,30,30,107,0.005026443395763636,0.004192516207695007
mlp_4x100_gelu_dropout_l2,30,30,108,0.004987550899386406,0.004168301820755005
mlp_4x100_gelu_dropout_l2,30,30,109,0.004950478207319975,0.00414624297991395
mlp_4x100_gelu_dropout_l2,30,30,110,0.004916851874440908,0.004117434378713369
mlp_4x100_gelu_dropout_l2,30,30,111,0.004881965462118387,0.004095694050192833
mlp_4x100_gelu_dropout_l2,30,30,112,0.004849166609346867,0.004070182330906391
mlp_4x100_gelu_dropout_l2,30,30,113,0.00481269508600235,0.004046834539622068
mlp_4x100_gelu_dropout_l2,30,30,114,0.004783184267580509,0.004023027140647173
mlp_4x100_gelu_dropout_l2,30,30,115,0.004746757913380861,0.0039973012171685696
mlp_4x100_gelu_dropout_l2,30,30,116,0.004711150657385588,0.0039717331528663635
mlp_4x100_gelu_dropout_l2,30,30,117,0.004682102706283331,0.0039452058263123035
mlp_4x100_gelu_dropout_l2,30,30,118,0.004641728475689888,0.003920395392924547
mlp_4x100_gelu_dropout_l2,30,30,119,0.004610128700733185,0.0038944685366004705
mlp_4x100_gelu_dropout_l2,30,30,120,0.004577513784170151,0.003868966130539775
mlp_4x100_gelu_dropout_l2,30,30,121,0.004545184317976236,0.0038416676688939333
mlp_4x100_gelu_dropout_l2,30,30,122,0.004507934674620628,0.0038160684052854776
mlp_4x100_gelu_dropout_l2,30,30,123,0.004480227828025818,0.003787374822422862
mlp_4x100_gelu_dropout_l2,30,30,124,0.004445088095963001,0.0037600307259708643
mlp_4x100_gelu_dropout_l2,30,30,125,0.00440820911899209,0.003734211204573512
mlp_4x100_gelu_dropout_l2,30,30,126,0.004379964433610439,0.003705910872668028
mlp_4x100_gelu_dropout_l2,30,30,127,0.004343699663877487,0.0036774224136024714
mlp_4x100_gelu_dropout_l2,30,30,128,0.00430640485137701,0.003652233863249421
mlp_4x100_gelu_dropout_l2,30,30,129,0.0042777941562235355,0.003621957264840603
mlp_4x100_gelu_dropout_l2,30,30,130,0.004242379684001207,0.0035919712390750647
mlp_4x100_gelu_dropout_l2,30,30,131,0.0042088706977665424,0.003565344028174877
mlp_4x100_gelu_dropout_l2,30,30,132,0.004173972178250551,0.0035367030650377274
mlp_4x100_gelu_dropout_l2,30,30,133,0.00414201058447361,0.0035092937760055065
mlp_4x100_gelu_dropout_l2,30,30,134,0.004109472502022982,0.0034787962213158607
mlp_4x100_gelu_dropout_l2,30,30,135,0.004076397977769375,0.003449789946898818
mlp_4x100_gelu_dropout_l2,30,30,136,0.004042028449475765,0.003421023953706026
mlp_4x100_gelu_dropout_l2,30,30,137,0.004010583274066448,0.003390911500900984
mlp_4x100_gelu_dropout_l2,30,30,138,0.003975832834839821,0.0033628486562520266
mlp_4x100_gelu_dropout_l2,30,30,139,0.003944606054574251,0.003333835629746318
mlp_4x100_gelu_dropout_l2,30,30,140,0.003910078201442957,0.003305052639916539
mlp_4x100_gelu_dropout_l2,30,30,141,0.0038772861007601023,0.003273238427937031
mlp_4x100_gelu_dropout_l2,30,30,142,0.003845461178570986,0.0032453080639243126
mlp_4x100_gelu_dropout_l2,30,30,143,0.003812829963862896,0.0032139511313289404
mlp_4x100_gelu_dropout_l2,30,30,144,0.0037792325019836426,0.0031844160985201597
mlp_4x100_gelu_dropout_l2,30,30,145,0.0037474806886166334,0.003155600279569626
mlp_4x100_gelu_dropout_l2,30,30,146,0.0037133400328457355,0.0031256095971912146
mlp_4x100_gelu_dropout_l2,30,30,147,0.0036816017236560583,0.003096538595855236
mlp_4x100_gelu_dropout_l2,30,30,148,0.003649946302175522,0.003065031487494707
mlp_4x100_gelu_dropout_l2,30,30,149,0.003617013804614544,0.0030365304555743933
mlp_4x100_gelu_dropout_l2,30,30,150,0.003584464080631733,0.003008477156981826
mlp_4x100_gelu_dropout_l2,30,30,151,0.0035536913201212883,0.002978704869747162
mlp_4x100_gelu_dropout_l2,30,30,152,0.003523132298141718,0.0029510376043617725
mlp_4x100_gelu_dropout_l2,30,30,153,0.003490704344585538,0.0029202436562627554
mlp_4x100_gelu_dropout_l2,30,30,154,0.0034610999282449484,0.0028922907076776028
mlp_4x100_gelu_dropout_l2,30,30,155,0.0034304880537092686,0.0028640171512961388
mlp_4x100_gelu_dropout_l2,30,30,156,0.0033984167966991663,0.0028360984288156033
mlp_4x100_gelu_dropout_l2,30,30,157,0.0033679574262350798,0.0028072295244783163
mlp_4x100_gelu_dropout_l2,30,30,158,0.0033389683812856674,0.002779352245852351
mlp_4x100_gelu_dropout_l2,30,30,159,0.00330810877494514,0.00275065703317523
mlp_4x100_gelu_dropout_l2,30,30,160,0.0032798368483781815,0.0027233841829001904
mlp_4x100_gelu_dropout_l2,30,30,161,0.0032514247577637434,0.0026961087714880705
mlp_4x100_gelu_dropout_l2,30,30,162,0.0032217088155448437,0.0026699192821979523
mlp_4x100_gelu_dropout_l2,30,30,163,0.0031928429380059242,0.002643538173288107
mlp_4x100_gelu_dropout_l2,30,30,164,0.0031654092017561197,0.002616751939058304
mlp_4x100_gelu_dropout_l2,30,30,165,0.0031387649942189455,0.0025910751428455114
mlp_4x100_gelu_dropout_l2,30,30,166,0.003112390637397766,0.002564998809248209
mlp_4x100_gelu_dropout_l2,30,30,167,0.0030842451378703117,0.0025400007143616676
mlp_4x100_gelu_dropout_l2,30,30,168,0.0030597264412790537,0.0025155760813504457
mlp_4x100_gelu_dropout_l2,30,30,169,0.0030335879418998957,0.002491913503035903
mlp_4x100_gelu_dropout_l2,30,30,170,0.003007409628480673,0.002467162674292922
mlp_4x100_gelu_dropout_l2,30,30,171,0.002983055543154478,0.00244325608946383
mlp_4x100_gelu_dropout_l2,30,30,172,0.002958565717563033,0.002419781405478716
mlp_4x100_gelu_dropout_l2,30,30,173,0.0029345774091780186,0.002397293457761407
mlp_4x100_gelu_dropout_l2,30,30,174,0.0029117295052856207,0.002374254632741213
mlp_4x100_gelu_dropout_l2,30,30,175,0.0028875384014099836,0.00235353852622211
mlp_4x100_gelu_dropout_l2,30,30,176,0.0028659687377512455,0.0023317979648709297
mlp_4x100_gelu_dropout_l2,30,30,177,0.002844562754034996,0.0023104138672351837
mlp_4x100_gelu_dropout_l2,30,30,178,0.0028220501262694597,0.0022899687755852938
mlp_4x100_gelu_dropout_l2,30,30,179,0.002801616210490465,0.0022697546519339085
mlp_4x100_gelu_dropout_l2,30,30,180,0.0027811217587441206,0.0022490695118904114
mlp_4x100_gelu_dropout_l2,30,30,181,0.0027606862131506205,0.0022301294375211
mlp_4x100_gelu_dropout_l2,30,30,182,0.002741931937634945,0.0022118152119219303
mlp_4x100_gelu_dropout_l2,30,30,183,0.0027230256237089634,0.002193343359977007
mlp_4x100_gelu_dropout_l2,30,30,184,0.002703600563108921,0.002175631234422326
mlp_4x100_gelu_dropout_l2,30,30,185,0.002686381107196212,0.002157837152481079
mlp_4x100_gelu_dropout_l2,30,30,186,0.002668237779289484,0.0021406703162938356
mlp_4x100_gelu_dropout_l2,30,30,187,0.0026518022641539574,0.002124288585036993
mlp_4x100_gelu_dropout_l2,30,30,188,0.002634752541780472,0.0021079862490296364
mlp_4x100_gelu_dropout_l2,30,30,189,0.0026178406551480293,0.00209275190718472
mlp_4x100_gelu_dropout_l2,30,30,190,0.0026027315761893988,0.0020779017359018326
mlp_4x100_gelu_dropout_l2,30,30,191,0.002587150316685438,0.002062629908323288
mlp_4x100_gelu_dropout_l2,30,30,192,0.002571751130744815,0.0020487005822360516
mlp_4x100_gelu_dropout_l2,30,30,193,0.002557967556640506,0.002034447155892849
mlp_4x100_gelu_dropout_l2,30,30,194,0.0025427399668842554,0.0020203697495162487
mlp_4x100_gelu_dropout_l2,30,30,195,0.002529845340177417,0.0020073584746569395
mlp_4x100_gelu_dropout_l2,30,30,196,0.002516956999897957,0.0019954161252826452
mlp_4x100_gelu_dropout_l2,30,30,197,0.0025032630655914545,0.001983316382393241
mlp_4x100_gelu_dropout_l2,30,30,198,0.0024911609943956137,0.001971669029444456
mlp_4x100_gelu_dropout_l2,30,30,199,0.002477457281202078,0.001959806075319648
mlp_4x100_gelu_dropout_l2,30,30,200,0.0024664674419909716,0.0019498857436701655
mlp_4x100_gelu_dropout_l2,30,30,201,0.002455484587699175,0.0019405285129323602
mlp_4x100_gelu_dropout_l2,30,30,202,0.002443276811391115,0.0019308329792693257
mlp_4x100_gelu_dropout_l2,30,30,203,0.002434537746012211,0.001920824171975255
mlp_4x100_gelu_dropout_l2,30,30,204,0.00242363172583282,0.0019127004779875278
mlp_4x100_gelu_dropout_l2,30,30,205,0.0024127871729433537,0.0019045975059270859
mlp_4x100_gelu_dropout_l2,30,30,206,0.002403371036052704,0.001896972069516778
mlp_4x100_gelu_dropout_l2,30,30,207,0.0023952643387019634,0.001890136394649744
mlp_4x100_gelu_dropout_l2,30,30,208,0.002386376028880477,0.001882549375295639
mlp_4x100_gelu_dropout_l2,30,30,209,0.002375897252932191,0.0018764929845929146
mlp_4x100_gelu_dropout_l2,30,30,210,0.002368360059335828,0.0018693911843001842
mlp_4x100_gelu_dropout_l2,30,30,211,0.002360155340284109,0.0018640749622136354
mlp_4x100_gelu_dropout_l2,30,30,212,0.0023522658739238977,0.0018589317332953215
mlp_4x100_gelu_dropout_l2,30,30,213,0.0023445645347237587,0.0018536823336035013
mlp_4x100_gelu_dropout_l2,30,30,214,0.0023380741477012634,0.0018489283975213766
mlp_4x100_gelu_dropout_l2,30,30,215,0.002332521602511406,0.0018434901721775532
mlp_4x100_gelu_dropout_l2,30,30,216,0.002324296161532402,0.0018408731557428837
mlp_4x100_gelu_dropout_l2,30,30,217,0.002320231171324849,0.0018356662476435304
mlp_4x100_gelu_dropout_l2,30,30,218,0.002312776632606983,0.0018327629659324884
mlp_4x100_gelu_dropout_l2,30,30,219,0.002303937217220664,0.0018298901850357652
mlp_4x100_gelu_dropout_l2,30,30,220,0.0023004256654530764,0.0018259999342262745
mlp_4x100_gelu_dropout_l2,30,30,221,0.002294977894052863,0.0018232926959171891
mlp_4x100_gelu_dropout_l2,30,30,222,0.002288950840011239,0.00182039150968194
mlp_4x100_gelu_dropout_l2,30,30,223,0.0022799992002546787,0.0018188218818977475
mlp_4x100_gelu_dropout_l2,30,30,224,0.0022756631951779127,0.0018145085778087378
mlp_4x100_gelu_dropout_l2,30,30,225,0.00227163708768785,0.0018132585100829601
mlp_4x100_gelu_dropout_l2,30,30,226,0.002263974631205201,0.0018111246172338724
mlp_4x100_gelu_dropout_l2,30,30,227,0.0022583745885640383,0.0018086812924593687
mlp_4x100_gelu_dropout_l2,30,30,228,0.0022551484871655703,0.0018066278425976634
mlp_4x100_gelu_dropout_l2,30,30,229,0.002253804123029113,0.0018045183969661593
mlp_4x100_gelu_dropout_l2,30,30,230,0.002250345889478922,0.00180076714605093
mlp_4x100_gelu_dropout_l2,30,30,231,0.002242840826511383,0.0018015153473243117
mlp_4x100_gelu_dropout_l2,30,30,232,0.0022390885278582573,0.0017999488627538085
mlp_4x100_gelu_dropout_l2,30,30,233,0.002236262196674943,0.0017991497879847884
mlp_4x100_gelu_dropout_l2,30,30,234,0.002232949249446392,0.0017975617665797472
mlp_4x100_gelu_dropout_l2,30,30,235,0.0022289485204964876,0.0017972922651097178
mlp_4x100_gelu_dropout_l2,30,30,236,0.0022195610217750072,0.0017957143718376756
mlp_4x100_gelu_dropout_l2,30,30,237,0.002214951440691948,0.0017953109927475452
mlp_4x100_gelu_dropout_l2,30,30,238,0.0022168548312038183,0.0017931829206645489
mlp_4x100_gelu_dropout_l2,30,30,239,0.002211543032899499,0.0017915326170623302
mlp_4x100_gelu_dropout_l2,30,30,240,0.002206743462011218,0.001795675023458898
mlp_4x100_gelu_dropout_l2,30,30,241,0.0022072428837418556,0.0017949821194633842
mlp_4x100_gelu_dropout_l2,30,30,242,0.0021999303717166185,0.001791907474398613
mlp_4x100_gelu_dropout_l2,30,30,243,0.002198619768023491,0.0017933982890099287
mlp_4x100_gelu_dropout_l2,30,30,244,0.002197660505771637,0.0017887427238747478
mlp_4x100_gelu_dropout_l2,30,30,245,0.002195081440731883,0.0017885224660858512
mlp_4x100_gelu_dropout_l2,30,30,246,0.0021938674617558718,0.001787493354640901
mlp_4x100_gelu_dropout_l2,30,30,247,0.0021887931507080793,0.0017865917179733515
mlp_4x100_gelu_dropout_l2,30,30,248,0.002185245743021369,0.0017886207206174731
mlp_4x100_gelu_dropout_l2,30,30,249,0.002188174519687891,0.0017877122154459357
mlp_4x100_gelu_dropout_l2,30,30,250,0.002181567484512925,0.0017862843815237284
mlp_4x100_gelu_dropout_l2,30,30,251,0.002177122049033642,0.0017882059328258038
mlp_4x100_gelu_dropout_l2,30,30,252,0.00217576720751822,0.00178879639133811
mlp_4x100_gelu_dropout_l2,30,30,253,0.0021749413572251797,0.00178823946043849
mlp_4x100_gelu_dropout_l2,30,30,254,0.0021709585562348366,0.0017846020637080073
mlp_4x100_gelu_dropout_l2,30,30,255,0.002170713385567069,0.0017853507306426764
mlp_4x100_gelu_dropout_l2,30,30,256,0.0021674283780157566,0.0017877931240946054
mlp_4x100_gelu_dropout_l2,30,30,257,0.0021675718016922474,0.0017856939230114222
mlp_4x100_gelu_dropout_l2,30,30,258,0.002163075841963291,0.0017860279185697436
mlp_4x100_gelu_dropout_l2,30,30,259,0.0021580078173428774,0.0017867885762825608
mlp_4x100_gelu_dropout_l2,30,30,260,0.002163542900234461,0.0017839987995103002
mlp_4x100_gelu_dropout_l2,30,30,261,0.002160653006285429,0.0017869644798338413
mlp_4x100_gelu_dropout_l2,30,30,262,0.0021540119778364897,0.0017864527180790901
mlp_4x100_gelu_dropout_l2,30,30,263,0.0021554226987063885,0.0017858556238934398
mlp_4x100_gelu_dropout_l2,30,30,264,0.0021538210567086935,0.0017866009147837758
mlp_4x100_gelu_dropout_l2,30,30,265,0.002154743764549494,0.0017869308358058333
mlp_4x100_gelu_dropout_l2,30,30,266,0.002155119087547064,0.0017849120777100325
mlp_4x100_gelu_dropout_l2,30,30,267,0.002148826140910387,0.0017877096543088555
mlp_4x100_gelu_dropout_l2,30,30,268,0.0021461655851453543,0.0017886641435325146
mlp_4x100_gelu_dropout_l2,30,30,269,0.0021458491683006287,0.0017877690261229873
mlp_4x100_gelu_dropout_l2,30,30,270,0.002142665209248662,0.00178698287345469
mlp_4x100_gelu_dropout_l2,30,30,271,0.0021438824478536844,0.0017878019716590643
mlp_4x100_gelu_dropout_l2,30,30,272,0.0021425785962492228,0.001786331064067781
mlp_4x100_gelu_dropout_l2,30,30,273,0.0021461995784193277,0.0017862176755443215
mlp_4x100_gelu_dropout_l2,30,30,274,0.002141137607395649,0.0017885280540212989
mlp_4x100_gelu_dropout_l2,30,30,275,0.0021401511039584875,0.0017866668058559299
mlp_4x100_gelu_dropout_l2,30,30,276,0.0021413136273622513,0.0017866394482553005
mlp_4x100_gelu_dropout_l2,30,30,277,0.0021396668162196875,0.0017858881037682295
mlp_4x100_gelu_dropout_l2,30,30,278,0.002132995054125786,0.001790825161151588
mlp_4x100_gelu_dropout_l2,30,30,279,0.0021334574557840824,0.0017868620343506336
mlp_4x100_gelu_dropout_l2,30,30,280,0.0021294441539794207,0.0017893229378387332
mlp_4x100_gelu_dropout_l2,30,30,281,0.0021366963628679514,0.0017843700479716063
mlp_4x100_gelu_dropout_l2,30,30,282,0.002133083762601018,0.0017905599670484662
mlp_4x100_gelu_dropout_l2,30,30,283,0.00212909490801394,0.001791489659808576
mlp_4x100_gelu_dropout_l2,30,30,284,0.0021291410084813833,0.0017863393295556307
mlp_4x100_gelu_dropout_l2,30,30,285,0.002127033658325672,0.001788986730389297
mlp_4x100_gelu_dropout_l2,30,30,286,0.0021293596364557743,0.0017886545974761248
mlp_4x100_gelu_dropout_l2,30,30,287,0.002126788953319192,0.001794098992832005
mlp_4x100_gelu_dropout_l2,30,30,288,0.0021272534504532814,0.0017925333231687546
mlp_4x100_gelu_dropout_l2,30,30,289,0.00212122336961329,0.0017930507892742753
mlp_4x100_gelu_dropout_l2,30,30,290,0.0021259950008243322,0.0017926993314176798
mlp_4x100_gelu_dropout_l2,30,90,1,0.2464752197265625,0.0733548104763031
mlp_4x100_gelu_dropout_l2,30,90,2,0.156461700797081,0.055051613599061966
mlp_4x100_gelu_dropout_l2,30,90,3,0.11946702003479004,0.043667327612638474
mlp_4x100_gelu_dropout_l2,30,90,4,0.09637537598609924,0.035761792212724686
mlp_4x100_gelu_dropout_l2,30,90,5,0.08059947937726974,0.029957763850688934
mlp_4x100_gelu_dropout_l2,30,90,6,0.06893975287675858,0.025534914806485176
mlp_4x100_gelu_dropout_l2,30,90,7,0.06043558940291405,0.02206658013164997
mlp_4x100_gelu_dropout_l2,30,90,8,0.053697582334280014,0.019385239109396935
mlp_4x100_gelu_dropout_l2,30,90,9,0.047957275062799454,0.01719304360449314
mlp_4x100_gelu_dropout_l2,30,90,10,0.043786562979221344,0.01543740089982748
mlp_4x100_gelu_dropout_l2,30,90,11,0.040066540241241455,0.013986318372189999
mlp_4x100_gelu_dropout_l2,30,90,12,0.036940038204193115,0.012776861898601055
mlp_4x100_gelu_dropout_l2,30,90,13,0.034181877970695496,0.011784915812313557
mlp_4x100_gelu_dropout_l2,30,90,14,0.03194699063897133,0.010930174961686134
mlp_4x100_gelu_dropout_l2,30,90,15,0.029852325096726418,0.010194740258157253
mlp_4x100_gelu_dropout_l2,30,90,16,0.028013069182634354,0.009570612572133541
mlp_4x100_gelu_dropout_l2,30,90,17,0.026371749117970467,0.00904892198741436
mlp_4x100_gelu_dropout_l2,30,90,18,0.02487163245677948,0.008563254959881306
mlp_4x100_gelu_dropout_l2,30,90,19,0.02354762703180313,0.00813392736017704
mlp_4x100_gelu_dropout_l2,30,90,20,0.02235492318868637,0.007768027950078249
mlp_4x100_gelu_dropout_l2,30,90,21,0.02120358869433403,0.00743438582867384
mlp_4x100_gelu_dropout_l2,30,90,22,0.02018524333834648,0.0071378001011908054
mlp_4x100_gelu_dropout_l2,30,90,23,0.019271207973361015,0.006867633666843176
mlp_4x100_gelu_dropout_l2,30,90,24,0.01841510832309723,0.006639434490352869
mlp_4x100_gelu_dropout_l2,30,90,25,0.017622798681259155,0.006404092535376549
mlp_4x100_gelu_dropout_l2,30,90,26,0.016894826665520668,0.006240151356905699
mlp_4x100_gelu_dropout_l2,30,90,27,0.016222123056650162,0.006034540012478828
mlp_4x100_gelu_dropout_l2,30,90,28,0.015556957572698593,0.005905353929847479
mlp_4x100_gelu_dropout_l2,30,90,29,0.014989971183240414,0.0057576121762394905
mlp_4x100_gelu_dropout_l2,30,90,30,0.014462572522461414,0.005621641408652067
mlp_4x100_gelu_dropout_l2,30,90,31,0.01395339984446764,0.005528727546334267
mlp_4x100_gelu_dropout_l2,30,90,32,0.013455539010465145,0.0054235984571278095
mlp_4x100_gelu_dropout_l2,30,90,33,0.0130230113863945,0.005331416614353657
mlp_4x100_gelu_dropout_l2,30,90,34,0.012619853019714355,0.005240823142230511
mlp_4x100_gelu_dropout_l2,30,90,35,0.012223453260958195,0.005146665498614311
mlp_4x100_gelu_dropout_l2,30,90,36,0.011869937181472778,0.005064038559794426
mlp_4x100_gelu_dropout_l2,30,90,37,0.011492736637592316,0.0050168526358902454
mlp_4x100_gelu_dropout_l2,30,90,38,0.011184265837073326,0.004985404200851917
mlp_4x100_gelu_dropout_l2,30,90,39,0.010894213803112507,0.004915957804769278
mlp_4x100_gelu_dropout_l2,30,90,40,0.010641905479133129,0.004864506423473358
mlp_4x100_gelu_dropout_l2,30,90,41,0.010350779630243778,0.0048091476783156395
mlp_4x100_gelu_dropout_l2,30,90,42,0.010072378441691399,0.004770131781697273
mlp_4x100_gelu_dropout_l2,30,90,43,0.00984351709485054,0.004744349978864193
mlp_4x100_gelu_dropout_l2,30,90,44,0.009612198919057846,0.004710376728326082
mlp_4x100_gelu_dropout_l2,30,90,45,0.009416390210390091,0.004680352285504341
mlp_4x100_gelu_dropout_l2,30,90,46,0.009224817156791687,0.004649834707379341
mlp_4x100_gelu_dropout_l2,30,90,47,0.009007605724036694,0.0046171508729457855
mlp_4x100_gelu_dropout_l2,30,90,48,0.008826292119920254,0.004578218795359135
mlp_4x100_gelu_dropout_l2,30,90,49,0.008657597936689854,0.004562029615044594
mlp_4x100_gelu_dropout_l2,30,90,50,0.008454232476651669,0.004532007034868002
mlp_4x100_gelu_dropout_l2,30,90,51,0.008312070742249489,0.004526303615421057
mlp_4x100_gelu_dropout_l2,30,90,52,0.008167894557118416,0.004494115244597197
mlp_4x100_gelu_dropout_l2,30,90,53,0.007998263463377953,0.0044799018651247025
mlp_4x100_gelu_dropout_l2,30,90,54,0.007869159802794456,0.00445698294788599
mlp_4x100_gelu_dropout_l2,30,90,55,0.007734963204711676,0.004432248882949352
mlp_4x100_gelu_dropout_l2,30,90,56,0.007605655584484339,0.004395902156829834
mlp_4x100_gelu_dropout_l2,30,90,57,0.007460369728505611,0.004391199443489313
mlp_4x100_gelu_dropout_l2,30,90,58,0.007358947303146124,0.004378311336040497
mlp_4x100_gelu_dropout_l2,30,90,59,0.0072406078688800335,0.0043582916259765625
mlp_4x100_gelu_dropout_l2,30,90,60,0.007118054199963808,0.004326933529227972
mlp_4x100_gelu_dropout_l2,30,90,61,0.007006960920989513,0.004321972839534283
mlp_4x100_gelu_dropout_l2,30,90,62,0.006895367056131363,0.0042903851717710495
mlp_4x100_gelu_dropout_l2,30,90,63,0.006805530749261379,0.004285119473934174
mlp_4x100_gelu_dropout_l2,30,90,64,0.006696235854178667,0.004257111344486475
mlp_4x100_gelu_dropout_l2,30,90,65,0.006612555123865604,0.004243615083396435
mlp_4x100_gelu_dropout_l2,30,90,66,0.006509945262223482,0.0042181918397545815
mlp_4x100_gelu_dropout_l2,30,90,67,0.006429648958146572,0.0042111752554774284
mlp_4x100_gelu_dropout_l2,30,90,68,0.006326110567897558,0.0041954778134822845
mlp_4x100_gelu_dropout_l2,30,90,69,0.0062556336633861065,0.0041798255406320095
mlp_4x100_gelu_dropout_l2,30,90,70,0.006169341970235109,0.004166301339864731
mlp_4x100_gelu_dropout_l2,30,90,71,0.006088476628065109,0.004148373380303383
mlp_4x100_gelu_dropout_l2,30,90,72,0.0060078902170062065,0.004121677950024605
mlp_4x100_gelu_dropout_l2,30,90,73,0.005927437916398048,0.004102612379938364
mlp_4x100_gelu_dropout_l2,30,90,74,0.00585668021813035,0.00408112071454525
mlp_4x100_gelu_dropout_l2,30,90,75,0.0057777841575443745,0.004078290890902281
mlp_4x100_gelu_dropout_l2,30,90,76,0.005711794830858707,0.004057923331856728
mlp_4x100_gelu_dropout_l2,30,90,77,0.005633912514895201,0.004035755060613155
mlp_4x100_gelu_dropout_l2,30,90,78,0.005582543555647135,0.004022988490760326
mlp_4x100_gelu_dropout_l2,30,90,79,0.0055147320963442326,0.00401013158261776
mlp_4x100_gelu_dropout_l2,30,90,80,0.005451567936688662,0.003984253853559494
mlp_4x100_gelu_dropout_l2,30,90,81,0.005383676383644342,0.003967465367168188
mlp_4x100_gelu_dropout_l2,30,90,82,0.00532802427187562,0.003947582095861435
mlp_4x100_gelu_dropout_l2,30,90,83,0.005265532992780209,0.003937361296266317
mlp_4x100_gelu_dropout_l2,30,90,84,0.005219567567110062,0.003906582947820425
mlp_4x100_gelu_dropout_l2,30,90,85,0.005159122869372368,0.003890172578394413
mlp_4x100_gelu_dropout_l2,30,90,86,0.005095538683235645,0.0038658357225358486
mlp_4x100_gelu_dropout_l2,30,90,87,0.00504729337990284,0.0038520824164152145
mlp_4x100_gelu_dropout_l2,30,90,88,0.005002192221581936,0.0038365081418305635
mlp_4x100_gelu_dropout_l2,30,90,89,0.004943301435559988,0.0038185359444469213
mlp_4x100_gelu_dropout_l2,30,90,90,0.0048955148085951805,0.0038025067187845707
mlp_4x100_gelu_dropout_l2,30,90,91,0.004842947702854872,0.0037735258229076862
mlp_4x100_gelu_dropout_l2,30,90,92,0.00479426933452487,0.0037533247377723455
mlp_4x100_gelu_dropout_l2,30,90,93,0.004751586355268955,0.003735101781785488
mlp_4x100_gelu_dropout_l2,30,90,94,0.004700643476098776,0.0037158529739826918
mlp_4x100_gelu_dropout_l2,30,90,95,0.004657752811908722,0.003695455379784107
mlp_4x100_gelu_dropout_l2,30,90,96,0.004613217897713184,0.003673053812235594
mlp_4x100_gelu_dropout_l2,30,90,97,0.004572046454995871,0.003658466273918748
mlp_4x100_gelu_dropout_l2,30,90,98,0.0045277997851371765,0.003632130566984415
mlp_4x100_gelu_dropout_l2,30,90,99,0.004487257916480303,0.0036183299962431192
mlp_4x100_gelu_dropout_l2,30,90,100,0.0044431984424591064,0.0035979037638753653
mlp_4x100_gelu_dropout_l2,30,90,101,0.004404542502015829,0.0035713689867407084
mlp_4x100_gelu_dropout_l2,30,90,102,0.004363182932138443,0.0035542836412787437
mlp_4x100_gelu_dropout_l2,30,90,103,0.004321329761296511,0.003524214494973421
mlp_4x100_gelu_dropout_l2,30,90,104,0.004276715684682131,0.0035044015385210514
mlp_4x100_gelu_dropout_l2,30,90,105,0.004239305853843689,0.0034858589060604572
mlp_4x100_gelu_dropout_l2,30,90,106,0.004200071562081575,0.0034646790008991957
mlp_4x100_gelu_dropout_l2,30,90,107,0.004165192134678364,0.0034378261771053076
mlp_4x100_gelu_dropout_l2,30,90,108,0.004121857695281506,0.0034142371732741594
mlp_4x100_gelu_dropout_l2,30,90,109,0.004087009001523256,0.003397325286641717
mlp_4x100_gelu_dropout_l2,30,90,110,0.004048592410981655,0.0033670219127088785
mlp_4x100_gelu_dropout_l2,30,90,111,0.004012576770037413,0.0033468035981059074
mlp_4x100_gelu_dropout_l2,30,90,112,0.003979097120463848,0.003322828095406294
mlp_4x100_gelu_dropout_l2,30,90,113,0.003938423004001379,0.0032993268687278032
mlp_4x100_gelu_dropout_l2,30,90,114,0.00390809727832675,0.0032703333999961615
mlp_4x100_gelu_dropout_l2,30,90,115,0.0038680618163198233,0.0032496238127350807
mlp_4x100_gelu_dropout_l2,30,90,116,0.0038332708645612,0.0032229297794401646
mlp_4x100_gelu_dropout_l2,30,90,117,0.003797337878495455,0.0031960587948560715
mlp_4x100_gelu_dropout_l2,30,90,118,0.003762988606467843,0.0031735021620988846
mlp_4x100_gelu_dropout_l2,30,90,119,0.0037269005551934242,0.0031517264433205128
mlp_4x100_gelu_dropout_l2,30,90,120,0.0036955818068236113,0.003124621929600835
mlp_4x100_gelu_dropout_l2,30,90,121,0.003656163578853011,0.003092764411121607
mlp_4x100_gelu_dropout_l2,30,90,122,0.0036261428613215685,0.003070981940254569
mlp_4x100_gelu_dropout_l2,30,90,123,0.0035889339633286,0.003045392455533147
mlp_4x100_gelu_dropout_l2,30,90,124,0.0035553339403122663,0.0030167018994688988
mlp_4x100_gelu_dropout_l2,30,90,125,0.00352085311897099,0.00298814638517797
mlp_4x100_gelu_dropout_l2,30,90,126,0.0034874489065259695,0.0029642758890986443
mlp_4x100_gelu_dropout_l2,30,90,127,0.0034520027693361044,0.002935006283223629
mlp_4x100_gelu_dropout_l2,30,90,128,0.00341795408166945,0.002908199094235897
mlp_4x100_gelu_dropout_l2,30,90,129,0.0033848534803837538,0.0028806154150515795
mlp_4x100_gelu_dropout_l2,30,90,130,0.0033522117882966995,0.0028518366161733866
mlp_4x100_gelu_dropout_l2,30,90,131,0.0033166357316076756,0.0028240233659744263
mlp_4x100_gelu_dropout_l2,30,90,132,0.0032822394277900457,0.002796583343297243
mlp_4x100_gelu_dropout_l2,30,90,133,0.003249682951718569,0.0027672378346323967
mlp_4x100_gelu_dropout_l2,30,90,134,0.0032165709417313337,0.0027372362092137337
mlp_4x100_gelu_dropout_l2,30,90,135,0.003185270819813013,0.00271020014770329
mlp_4x100_gelu_dropout_l2,30,90,136,0.003148525021970272,0.0026846693363040686
mlp_4x100_gelu_dropout_l2,30,90,137,0.003120479406788945,0.0026538013480603695
mlp_4x100_gelu_dropout_l2,30,90,138,0.003084371564909816,0.0026240204460918903
mlp_4x100_gelu_dropout_l2,30,90,139,0.003048851853236556,0.0025957918260246515
mlp_4x100_gelu_dropout_l2,30,90,140,0.0030175589490681887,0.0025651780888438225
mlp_4x100_gelu_dropout_l2,30,90,141,0.002982927253469825,0.0025383071042597294
mlp_4x100_gelu_dropout_l2,30,90,142,0.002952361013740301,0.0025078740436583757
mlp_4x100_gelu_dropout_l2,30,90,143,0.002920241793617606,0.002478856360539794
mlp_4x100_gelu_dropout_l2,30,90,144,0.0028858452569693327,0.002448809100314975
mlp_4x100_gelu_dropout_l2,30,90,145,0.0028519947081804276,0.002417131559923291
mlp_4x100_gelu_dropout_l2,30,90,146,0.002819987013936043,0.0023880512453615665
mlp_4x100_gelu_dropout_l2,30,90,147,0.0027897635009139776,0.0023576910607516766
mlp_4x100_gelu_dropout_l2,30,90,148,0.002756060566753149,0.002330736257135868
mlp_4x100_gelu_dropout_l2,30,90,149,0.002723518991842866,0.0023012817837297916
mlp_4x100_gelu_dropout_l2,30,90,150,0.002691414440050721,0.002273234073072672
mlp_4x100_gelu_dropout_l2,30,90,151,0.0026615613605827093,0.0022445861250162125
mlp_4x100_gelu_dropout_l2,30,90,152,0.002629617229104042,0.0022147034760564566
mlp_4x100_gelu_dropout_l2,30,90,153,0.002597553888335824,0.0021880874410271645
mlp_4x100_gelu_dropout_l2,30,90,154,0.0025665105786174536,0.0021566811483353376
mlp_4x100_gelu_dropout_l2,30,90,155,0.0025352109223604202,0.00212856475263834
mlp_4x100_gelu_dropout_l2,30,90,156,0.0025048269890248775,0.002101300284266472
mlp_4x100_gelu_dropout_l2,30,90,157,0.002473382744938135,0.002071310533210635
mlp_4x100_gelu_dropout_l2,30,90,158,0.002444301964715123,0.002043518703430891
mlp_4x100_gelu_dropout_l2,30,90,159,0.002414377173408866,0.0020185336470603943
mlp_4x100_gelu_dropout_l2,30,90,160,0.0023849860299378633,0.001990458695217967
mlp_4x100_gelu_dropout_l2,30,90,161,0.0023562898859381676,0.001963661517947912
mlp_4x100_gelu_dropout_l2,30,90,162,0.0023277760483324528,0.001933929044753313
mlp_4x100_gelu_dropout_l2,30,90,163,0.0022990272846072912,0.0019081063801422715
mlp_4x100_gelu_dropout_l2,30,90,164,0.002271013567224145,0.0018832898931577802
mlp_4x100_gelu_dropout_l2,30,90,165,0.002243674360215664,0.001858798204921186
mlp_4x100_gelu_dropout_l2,30,90,166,0.0022153924219310284,0.0018330515595152974
mlp_4x100_gelu_dropout_l2,30,90,167,0.0021886269096285105,0.0018084683688357472
mlp_4x100_gelu_dropout_l2,30,90,168,0.002161941025406122,0.0017841426888480783
mlp_4x100_gelu_dropout_l2,30,90,169,0.002136333379894495,0.001759956358000636
mlp_4x100_gelu_dropout_l2,30,90,170,0.0021113345865160227,0.0017355757299810648
mlp_4x100_gelu_dropout_l2,30,90,171,0.0020861090160906315,0.001710628974251449
mlp_4x100_gelu_dropout_l2,30,90,172,0.002061752136796713,0.0016891321865841746
mlp_4x100_gelu_dropout_l2,30,90,173,0.002037969883531332,0.0016668833559378982
mlp_4x100_gelu_dropout_l2,30,90,174,0.002014788333326578,0.001641890499740839
mlp_4x100_gelu_dropout_l2,30,90,175,0.0019907441455870867,0.0016209116438403726
mlp_4x100_gelu_dropout_l2,30,90,176,0.001967432675883174,0.0015994474524632096
mlp_4x100_gelu_dropout_l2,30,90,177,0.0019458761671558022,0.001578758703544736
mlp_4x100_gelu_dropout_l2,30,90,178,0.001923943986184895,0.001557098119519651
mlp_4x100_gelu_dropout_l2,30,90,179,0.0019022290362045169,0.0015359824756160378
mlp_4x100_gelu_dropout_l2,30,90,180,0.001881058793514967,0.0015153223648667336
mlp_4x100_gelu_dropout_l2,30,90,181,0.001861270982772112,0.0014973182696849108
mlp_4x100_gelu_dropout_l2,30,90,182,0.0018403735011816025,0.0014773494331166148
mlp_4x100_gelu_dropout_l2,30,90,183,0.0018211653223261237,0.001459302264265716
mlp_4x100_gelu_dropout_l2,30,90,184,0.0018026581965386868,0.0014402174856513739
mlp_4x100_gelu_dropout_l2,30,90,185,0.0017838615458458662,0.0014215332921594381
mlp_4x100_gelu_dropout_l2,30,90,186,0.0017656410345807672,0.001404068898409605
mlp_4x100_gelu_dropout_l2,30,90,187,0.001748463953845203,0.0013875484000891447
mlp_4x100_gelu_dropout_l2,30,90,188,0.0017311377450823784,0.001370963640511036
mlp_4x100_gelu_dropout_l2,30,90,189,0.001714705373160541,0.0013545791152864695
mlp_4x100_gelu_dropout_l2,30,90,190,0.0016983324894681573,0.0013387256767600775
mlp_4x100_gelu_dropout_l2,30,90,191,0.0016830731183290482,0.0013231101911514997
mlp_4x100_gelu_dropout_l2,30,90,192,0.0016673618229106069,0.0013091907603666186
mlp_4x100_gelu_dropout_l2,30,90,193,0.001652320148423314,0.0012934698024764657
mlp_4x100_gelu_dropout_l2,30,90,194,0.0016382286557927728,0.0012797858798876405
mlp_4x100_gelu_dropout_l2,30,90,195,0.0016244801227003336,0.0012662564404308796
mlp_4x100_gelu_dropout_l2,30,90,196,0.0016113754827529192,0.0012534523848444223
mlp_4x100_gelu_dropout_l2,30,90,197,0.0015978425508365035,0.0012403352884575725
mlp_4x100_gelu_dropout_l2,30,90,198,0.0015851063653826714,0.0012279629008844495
mlp_4x100_gelu_dropout_l2,30,90,199,0.001573030254803598,0.0012160512851551175
mlp_4x100_gelu_dropout_l2,30,90,200,0.001561658107675612,0.001204685540869832
mlp_4x100_gelu_dropout_l2,30,90,201,0.00154982996173203,0.0011939727701246738
mlp_4x100_gelu_dropout_l2,30,90,202,0.0015388821484521031,0.001183047192171216
mlp_4x100_gelu_dropout_l2,30,90,203,0.0015284119872376323,0.0011723274365067482
mlp_4x100_gelu_dropout_l2,30,90,204,0.001517945434898138,0.0011615558760240674
mlp_4x100_gelu_dropout_l2,30,90,205,0.0015080248704180121,0.00115287397056818
mlp_4x100_gelu_dropout_l2,30,90,206,0.0014989315532147884,0.0011431343154981732
mlp_4x100_gelu_dropout_l2,30,90,207,0.0014893915504217148,0.0011344706872478127
mlp_4x100_gelu_dropout_l2,30,90,208,0.0014804519014433026,0.0011260645696893334
mlp_4x100_gelu_dropout_l2,30,90,209,0.0014724554494023323,0.001118047977797687
mlp_4x100_gelu_dropout_l2,30,90,210,0.001463796361349523,0.0011102028656750917
mlp_4x100_gelu_dropout_l2,30,90,211,0.001456742873415351,0.0011020329548045993
mlp_4x100_gelu_dropout_l2,30,90,212,0.0014486723812296987,0.0010945175308734179
mlp_4x100_gelu_dropout_l2,30,90,213,0.0014418326318264008,0.0010883432114496827
mlp_4x100_gelu_dropout_l2,30,90,214,0.0014350754208862782,0.0010812856489792466
mlp_4x100_gelu_dropout_l2,30,90,215,0.001428228453733027,0.0010749032953754067
mlp_4x100_gelu_dropout_l2,30,90,216,0.001421637600287795,0.0010687413159757853
mlp_4x100_gelu_dropout_l2,30,90,217,0.0014156365068629384,0.0010626721195876598
mlp_4x100_gelu_dropout_l2,30,90,218,0.001409178483299911,0.0010573576437309384
mlp_4x100_gelu_dropout_l2,30,90,219,0.0014042820548638701,0.0010520273353904486
mlp_4x100_gelu_dropout_l2,30,90,220,0.0013987092534080148,0.0010468877153471112
mlp_4x100_gelu_dropout_l2,30,90,221,0.0013939260970801115,0.0010421719634905457
mlp_4x100_gelu_dropout_l2,30,90,222,0.001388315693475306,0.0010372920660302043
mlp_4x100_gelu_dropout_l2,30,90,223,0.0013842231128364801,0.0010331178782507777
mlp_4x100_gelu_dropout_l2,30,90,224,0.001379287103191018,0.0010287112090736628
mlp_4x100_gelu_dropout_l2,30,90,225,0.0013755526160821319,0.0010251933708786964
mlp_4x100_gelu_dropout_l2,30,90,226,0.0013709577033296227,0.0010209521278738976
mlp_4x100_gelu_dropout_l2,30,90,227,0.0013674850342795253,0.0010179582750424743
mlp_4x100_gelu_dropout_l2,30,90,228,0.001363597926683724,0.0010142857208848
mlp_4x100_gelu_dropout_l2,30,90,229,0.0013594868360087276,0.001010711072012782
mlp_4x100_gelu_dropout_l2,30,90,230,0.001356379478238523,0.0010074992896988988
mlp_4x100_gelu_dropout_l2,30,90,231,0.0013524419628083706,0.001004302641376853
mlp_4x100_gelu_dropout_l2,30,90,232,0.001349975704215467,0.0010019057663157582
mlp_4x100_gelu_dropout_l2,30,90,233,0.0013472744030877948,0.0009993966668844223
mlp_4x100_gelu_dropout_l2,30,90,234,0.0013433325802907348,0.000996791641227901
mlp_4x100_gelu_dropout_l2,30,90,235,0.0013404777273535728,0.0009941327152773738
mlp_4x100_gelu_dropout_l2,30,90,236,0.0013378210132941604,0.0009925002232193947
mlp_4x100_gelu_dropout_l2,30,90,237,0.0013354563852772117,0.000989890075288713
mlp_4x100_gelu_dropout_l2,30,90,238,0.0013332878006622195,0.000987643958069384
mlp_4x100_gelu_dropout_l2,30,90,239,0.001330288010649383,0.0009849884081631899
mlp_4x100_gelu_dropout_l2,30,90,240,0.0013280777493491769,0.000984231592155993
mlp_4x100_gelu_dropout_l2,30,90,241,0.0013245540903881192,0.0009821230778470635
mlp_4x100_gelu_dropout_l2,30,90,242,0.0013235266087576747,0.0009804778965190053
mlp_4x100_gelu_dropout_l2,30,90,243,0.0013219439424574375,0.0009785229340195656
mlp_4x100_gelu_dropout_l2,30,90,244,0.001319446717388928,0.0009770352626219392
mlp_4x100_gelu_dropout_l2,30,90,245,0.0013178259832784534,0.0009759688982740045
mlp_4x100_gelu_dropout_l2,30,90,246,0.0013161198003217578,0.0009743661503307521
mlp_4x100_gelu_dropout_l2,30,90,247,0.001313904533162713,0.0009736806969158351
mlp_4x100_gelu_dropout_l2,30,90,248,0.0013114780886098742,0.0009721724200062454
mlp_4x100_gelu_dropout_l2,30,90,249,0.001309200655668974,0.0009714489569887519
mlp_4x100_gelu_dropout_l2,30,90,250,0.001308928127400577,0.0009705573902465403
mlp_4x100_gelu_dropout_l2,30,90,251,0.001307042082771659,0.0009701097151264548
mlp_4x100_gelu_dropout_l2,30,90,252,0.0013052303111180663,0.0009692080784589052
mlp_4x100_gelu_dropout_l2,30,90,253,0.0013032567221671343,0.0009687040583230555
mlp_4x100_gelu_dropout_l2,30,90,254,0.0013021170161664486,0.000967262196354568
mlp_4x100_gelu_dropout_l2,30,90,255,0.0013008089736104012,0.0009663316886872053
mlp_4x100_gelu_dropout_l2,30,90,256,0.001300891861319542,0.0009665191755630076
mlp_4x100_gelu_dropout_l2,30,90,257,0.0013001159531995654,0.0009658789495006204
mlp_4x100_gelu_dropout_l2,30,90,258,0.0012980742612853646,0.0009653546730987728
mlp_4x100_gelu_dropout_l2,30,90,259,0.0012978597078472376,0.0009651043219491839
mlp_4x100_gelu_dropout_l2,30,90,260,0.0012967317597940564,0.000964291044510901
mlp_4x100_gelu_dropout_l2,30,90,261,0.0012956717982888222,0.0009638643823564053
mlp_4x100_gelu_dropout_l2,30,90,262,0.001296103815548122,0.0009633279405534267
mlp_4x100_gelu_dropout_l2,30,90,263,0.0012920084409415722,0.00096252461662516
mlp_4x100_gelu_dropout_l2,30,90,264,0.001293468289077282,0.0009626544779166579
mlp_4x100_gelu_dropout_l2,30,90,265,0.001291933935135603,0.0009625809034332633
mlp_4x100_gelu_dropout_l2,30,90,266,0.0012904265895485878,0.0009620130294933915
mlp_4x100_gelu_dropout_l2,30,90,267,0.0012885502073913813,0.0009621736826375127
mlp_4x100_gelu_dropout_l2,30,90,268,0.0012887164484709501,0.0009615159942768514
mlp_4x100_gelu_dropout_l2,30,90,269,0.0012873883824795485,0.0009617404430173337
mlp_4x100_gelu_dropout_l2,30,90,270,0.0012866576435044408,0.0009618461481295526
mlp_4x100_gelu_dropout_l2,30,90,271,0.0012864986201748252,0.0009615440503694117
mlp_4x100_gelu_dropout_l2,30,90,272,0.0012867955956608057,0.0009611463756300509
mlp_4x100_gelu_dropout_l2,30,90,273,0.0012853004736825824,0.0009600733174011111
mlp_4x100_gelu_dropout_l2,30,90,274,0.0012847090838477015,0.0009605517261661589
mlp_4x100_gelu_dropout_l2,30,90,275,0.0012829209445044398,0.0009605271043255925
mlp_4x100_gelu_dropout_l2,30,90,276,0.0012831900967285037,0.0009612692520022392
mlp_4x100_gelu_dropout_l2,30,90,277,0.0012823306024074554,0.0009607350220903754
mlp_4x100_gelu_dropout_l2,30,90,278,0.0012826247839257121,0.0009601954952813685
mlp_4x100_gelu_dropout_l2,30,90,279,0.0012811693595722318,0.0009611708228476346
mlp_4x100_gelu_dropout_l2,30,90,280,0.0012818595860153437,0.0009605769882909954
mlp_4x100_gelu_dropout_l2,30,90,281,0.0012792128836736083,0.0009609593544155359
mlp_4x100_gelu_dropout_l2,30,90,282,0.0012789882021024823,0.0009611733839847147
mlp_4x100_gelu_dropout_l2,30,90,283,0.0012796055525541306,0.0009609147673472762
mlp_4x100_gelu_dropout_l2,30,90,284,0.0012787728337571025,0.0009606005623936653
mlp_4x100_gelu_dropout_l2,30,90,285,0.0012775796931236982,0.0009606080711819232
mlp_4x100_gelu_dropout_l2,30,90,286,0.0012778918026015162,0.0009608506225049496
mlp_4x100_gelu_dropout_l2,30,90,287,0.0012771920301020145,0.0009615538874641061
mlp_4x100_gelu_dropout_l2,30,90,288,0.0012761064572259784,0.0009615246672183275
mlp_4x100_gelu_dropout_l2,30,90,289,0.0012748485896736383,0.0009620427736081183
mlp_4x100_gelu_dropout_l2,30,90,290,0.0012737460201606154,0.0009615729213692248
mlp_4x100_gelu_dropout_l2,30,90,291,0.0012766201980412006,0.000961695215664804
mlp_4x100_gelu_dropout_l2,30,90,292,0.0012730114394798875,0.0009615302551537752
mlp_4x100_gelu_dropout_l2,30,90,293,0.0012735676718875766,0.0009614727459847927
mlp_4x100_gelu_dropout_l2,30,90,294,0.0012719884980469942,0.0009614724549464881
mlp_4x100_gelu_dropout_l2,30,90,295,0.0012730995658785105,0.0009622364887036383
mlp_4x100_gelu_dropout_l2,30,90,296,0.0012726143468171358,0.0009621969074942172
mlp_4x100_gelu_dropout_l2,30,90,297,0.0012730907183140516,0.0009620449272915721
mlp_4x100_gelu_dropout_l2,30,90,298,0.0012717562494799495,0.0009637204348109663
mlp_4x100_gelu_dropout_l2,30,90,299,0.0012713393662124872,0.0009629367268644273
mlp_4x100_gelu_dropout_l2,30,90,300,0.0012692296877503395,0.0009627542458474636
mlp_4x100_gelu_dropout_l2,30,90,301,0.001268847961910069,0.0009624160011298954
mlp_4x100_gelu_dropout_l2,30,90,302,0.001269394881092012,0.0009637553594075143
mlp_4x100_gelu_dropout_l2,30,90,303,0.0012689756695181131,0.0009637501207180321
mlp_4x100_gelu_dropout_l2,90,1,1,0.2698113024234772,0.08103304356336594
mlp_4x100_gelu_dropout_l2,90,1,2,0.16717429459095,0.06100411340594292
mlp_4x100_gelu_dropout_l2,90,1,3,0.12588520348072052,0.04890985041856766
mlp_4x100_gelu_dropout_l2,90,1,4,0.10185342282056808,0.040515001863241196
mlp_4x100_gelu_dropout_l2,90,1,5,0.08558986335992813,0.03447159007191658
mlp_4x100_gelu_dropout_l2,90,1,6,0.07336998730897903,0.029919303953647614
mlp_4x100_gelu_dropout_l2,90,1,7,0.06417514383792877,0.02651914395391941
mlp_4x100_gelu_dropout_l2,90,1,8,0.05743234232068062,0.023870058357715607
mlp_4x100_gelu_dropout_l2,90,1,9,0.051910754293203354,0.021876677870750427
mlp_4x100_gelu_dropout_l2,90,1,10,0.047426916658878326,0.02032369002699852
mlp_4x100_gelu_dropout_l2,90,1,11,0.043908797204494476,0.019082335755228996
mlp_4x100_gelu_dropout_l2,90,1,12,0.040829069912433624,0.018076591193675995
mlp_4x100_gelu_dropout_l2,90,1,13,0.03841868415474892,0.017268000170588493
mlp_4x100_gelu_dropout_l2,90,1,14,0.0362892709672451,0.016626285389065742
mlp_4x100_gelu_dropout_l2,90,1,15,0.03423618897795677,0.016088733449578285
mlp_4x100_gelu_dropout_l2,90,1,16,0.03271873667836189,0.015651168301701546
mlp_4x100_gelu_dropout_l2,90,1,17,0.031151600182056427,0.015275588259100914
mlp_4x100_gelu_dropout_l2,90,1,18,0.02976527251303196,0.014973193407058716
mlp_4x100_gelu_dropout_l2,90,1,19,0.028653619810938835,0.014712978154420853
mlp_4x100_gelu_dropout_l2,90,1,20,0.02763744816184044,0.0144798019900918
mlp_4x100_gelu_dropout_l2,90,1,21,0.026674848049879074,0.01428965199738741
mlp_4x100_gelu_dropout_l2,90,1,22,0.025884851813316345,0.014129601418972015
mlp_4x100_gelu_dropout_l2,90,1,23,0.025146134197711945,0.013992656953632832
mlp_4x100_gelu_dropout_l2,90,1,24,0.024410782381892204,0.01386711373925209
mlp_4x100_gelu_dropout_l2,90,1,25,0.023823188617825508,0.013747433200478554
mlp_4x100_gelu_dropout_l2,90,1,26,0.023237882182002068,0.013661056756973267
mlp_4x100_gelu_dropout_l2,90,1,27,0.022714361548423767,0.013571678660809994
mlp_4x100_gelu_dropout_l2,90,1,28,0.02218681201338768,0.013501731678843498
mlp_4x100_gelu_dropout_l2,90,1,29,0.021785791963338852,0.013426883146166801
mlp_4x100_gelu_dropout_l2,90,1,30,0.021369842812418938,0.013378484174609184
mlp_4x100_gelu_dropout_l2,90,1,31,0.021050361916422844,0.013320982456207275
mlp_4x100_gelu_dropout_l2,90,1,32,0.020712150260806084,0.013269787654280663
mlp_4x100_gelu_dropout_l2,90,1,33,0.020415104925632477,0.013225855305790901
mlp_4x100_gelu_dropout_l2,90,1,34,0.02009662054479122,0.013188027776777744
mlp_4x100_gelu_dropout_l2,90,1,35,0.019841423258185387,0.013149474747478962
mlp_4x100_gelu_dropout_l2,90,1,36,0.019602559506893158,0.013116029091179371
mlp_4x100_gelu_dropout_l2,90,1,37,0.019343512132763863,0.013087036088109016
mlp_4x100_gelu_dropout_l2,90,1,38,0.019171224907040596,0.013058741576969624
mlp_4x100_gelu_dropout_l2,90,1,39,0.018969129770994186,0.01302986778318882
mlp_4x100_gelu_dropout_l2,90,1,40,0.01879935897886753,0.01300355326384306
mlp_4x100_gelu_dropout_l2,90,1,41,0.01864108256995678,0.012980088591575623
mlp_4x100_gelu_dropout_l2,90,1,42,0.018457723781466484,0.012963179498910904
mlp_4x100_gelu_dropout_l2,90,1,43,0.01830712892115116,0.012939813546836376
mlp_4x100_gelu_dropout_l2,90,1,44,0.01817588321864605,0.012918312102556229
mlp_4x100_gelu_dropout_l2,90,1,45,0.01806570403277874,0.012897669337689877
mlp_4x100_gelu_dropout_l2,90,1,46,0.017917294055223465,0.012874600477516651
mlp_4x100_gelu_dropout_l2,90,1,47,0.017835047096014023,0.012859207578003407
mlp_4x100_gelu_dropout_l2,90,1,48,0.01771599054336548,0.012840270064771175
mlp_4x100_gelu_dropout_l2,90,1,49,0.017569098621606827,0.012824696488678455
mlp_4x100_gelu_dropout_l2,90,1,50,0.017491737380623817,0.012803317978978157
mlp_4x100_gelu_dropout_l2,90,1,51,0.017400871962308884,0.01278794277459383
mlp_4x100_gelu_dropout_l2,90,1,52,0.017312215641140938,0.01277339830994606
mlp_4x100_gelu_dropout_l2,90,1,53,0.017223749309778214,0.012754197232425213
mlp_4x100_gelu_dropout_l2,90,1,54,0.017134353518486023,0.012738588266074657
mlp_4x100_gelu_dropout_l2,90,1,55,0.01705802045762539,0.01272009126842022
mlp_4x100_gelu_dropout_l2,90,1,56,0.016998736187815666,0.012702957727015018
mlp_4x100_gelu_dropout_l2,90,1,57,0.01689009554684162,0.012687355279922485
mlp_4x100_gelu_dropout_l2,90,1,58,0.01684749498963356,0.012675533071160316
mlp_4x100_gelu_dropout_l2,90,1,59,0.016792362555861473,0.012659456580877304
mlp_4x100_gelu_dropout_l2,90,1,60,0.016716284677386284,0.012646243907511234
mlp_4x100_gelu_dropout_l2,90,1,61,0.016650695353746414,0.012628530152142048
mlp_4x100_gelu_dropout_l2,90,1,62,0.016599714756011963,0.012609793804585934
mlp_4x100_gelu_dropout_l2,90,1,63,0.01654750481247902,0.012595538049936295
mlp_4x100_gelu_dropout_l2,90,1,64,0.0165045578032732,0.012580877169966698
mlp_4x100_gelu_dropout_l2,90,1,65,0.016415605321526527,0.01256141159683466
mlp_4x100_gelu_dropout_l2,90,1,66,0.01639322191476822,0.012547234073281288
mlp_4x100_gelu_dropout_l2,90,1,67,0.01632852293550968,0.01253228634595871
mlp_4x100_gelu_dropout_l2,90,1,68,0.016269106417894363,0.012517265044152737
mlp_4x100_gelu_dropout_l2,90,1,69,0.01623852550983429,0.012500057928264141
mlp_4x100_gelu_dropout_l2,90,1,70,0.01618998683989048,0.012485661543905735
mlp_4x100_gelu_dropout_l2,90,1,71,0.016137490049004555,0.012466255575418472
mlp_4x100_gelu_dropout_l2,90,1,72,0.016090579330921173,0.012447682209312916
mlp_4x100_gelu_dropout_l2,90,1,73,0.016037972643971443,0.012434097938239574
mlp_4x100_gelu_dropout_l2,90,1,74,0.01601317897439003,0.012416980229318142
mlp_4x100_gelu_dropout_l2,90,1,75,0.015956509858369827,0.012400037609040737
mlp_4x100_gelu_dropout_l2,90,1,76,0.0159356240183115,0.012379685416817665
mlp_4x100_gelu_dropout_l2,90,1,77,0.015878450125455856,0.012368313036859035
mlp_4x100_gelu_dropout_l2,90,1,78,0.01585048995912075,0.012349477037787437
mlp_4x100_gelu_dropout_l2,90,1,79,0.015812739729881287,0.012335644103586674
mlp_4x100_gelu_dropout_l2,90,1,80,0.015776630491018295,0.012317472137510777
mlp_4x100_gelu_dropout_l2,90,1,81,0.015716446563601494,0.012297314591705799
mlp_4x100_gelu_dropout_l2,90,1,82,0.015681562945246696,0.012280669063329697
mlp_4x100_gelu_dropout_l2,90,1,83,0.015640925616025925,0.012267062440514565
mlp_4x100_gelu_dropout_l2,90,1,84,0.01560499332845211,0.012247961945831776
mlp_4x100_gelu_dropout_l2,90,1,85,0.015567168593406677,0.012228152714669704
mlp_4x100_gelu_dropout_l2,90,1,86,0.015531026758253574,0.012209512293338776
mlp_4x100_gelu_dropout_l2,90,1,87,0.015487543307244778,0.012192635796964169
mlp_4x100_gelu_dropout_l2,90,1,88,0.01547006331384182,0.012175345793366432
mlp_4x100_gelu_dropout_l2,90,1,89,0.015427770093083382,0.012155023403465748
mlp_4x100_gelu_dropout_l2,90,1,90,0.01539316400885582,0.012137356214225292
mlp_4x100_gelu_dropout_l2,90,1,91,0.015359231270849705,0.012115341611206532
mlp_4x100_gelu_dropout_l2,90,1,92,0.015318023972213268,0.012096402235329151
mlp_4x100_gelu_dropout_l2,90,1,93,0.015290082432329655,0.0120764235034585
mlp_4x100_gelu_dropout_l2,90,1,94,0.015256540849804878,0.01205526851117611
mlp_4x100_gelu_dropout_l2,90,1,95,0.015221034176647663,0.012038957327604294
mlp_4x100_gelu_dropout_l2,90,1,96,0.015182144939899445,0.0120182354003191
mlp_4x100_gelu_dropout_l2,90,1,97,0.01514655165374279,0.011997600086033344
mlp_4x100_gelu_dropout_l2,90,1,98,0.015101092867553234,0.011977555230259895
mlp_4x100_gelu_dropout_l2,90,1,99,0.01506624836474657,0.011960180476307869
mlp_4x100_gelu_dropout_l2,90,1,100,0.015019800513982773,0.011939063668251038
mlp_4x100_gelu_dropout_l2,90,1,101,0.014986196532845497,0.011919716373085976
mlp_4x100_gelu_dropout_l2,90,1,102,0.01493905857205391,0.011902126483619213
mlp_4x100_gelu_dropout_l2,90,1,103,0.014910746365785599,0.01188206858932972
mlp_4x100_gelu_dropout_l2,90,1,104,0.014871993102133274,0.011863832361996174
mlp_4x100_gelu_dropout_l2,90,1,105,0.01483816746622324,0.011844991706311703
mlp_4x100_gelu_dropout_l2,90,1,106,0.014779160730540752,0.011827684938907623
mlp_4x100_gelu_dropout_l2,90,1,107,0.014728839509189129,0.011809805408120155
mlp_4x100_gelu_dropout_l2,90,1,108,0.014689741656184196,0.011793232522904873
mlp_4x100_gelu_dropout_l2,90,1,109,0.014639469794929028,0.011776796542108059
mlp_4x100_gelu_dropout_l2,90,1,110,0.014572597108781338,0.011756526306271553
mlp_4x100_gelu_dropout_l2,90,1,111,0.014528460800647736,0.0117447255179286
mlp_4x100_gelu_dropout_l2,90,1,112,0.014474520459771156,0.011730535887181759
mlp_4x100_gelu_dropout_l2,90,1,113,0.014432351104915142,0.011719999834895134
mlp_4x100_gelu_dropout_l2,90,1,114,0.014363431371748447,0.011701079085469246
mlp_4x100_gelu_dropout_l2,90,1,115,0.014319561421871185,0.011681691743433475
mlp_4x100_gelu_dropout_l2,90,1,116,0.014250414445996284,0.011671625077724457
mlp_4x100_gelu_dropout_l2,90,1,117,0.014182004146277905,0.01165788620710373
mlp_4x100_gelu_dropout_l2,90,1,118,0.014125634916126728,0.011636032722890377
mlp_4x100_gelu_dropout_l2,90,1,119,0.014071900397539139,0.011625771410763264
mlp_4x100_gelu_dropout_l2,90,1,120,0.014024256728589535,0.011605839245021343
mlp_4x100_gelu_dropout_l2,90,1,121,0.01395594421774149,0.011605368927121162
mlp_4x100_gelu_dropout_l2,90,1,122,0.013880189508199692,0.011575940996408463
mlp_4x100_gelu_dropout_l2,90,1,123,0.013826540671288967,0.011571800336241722
mlp_4x100_gelu_dropout_l2,90,1,124,0.013784206472337246,0.01155118364840746
mlp_4x100_gelu_dropout_l2,90,1,125,0.013719516806304455,0.011528780683875084
mlp_4x100_gelu_dropout_l2,90,1,126,0.01367871556431055,0.011521180160343647
mlp_4x100_gelu_dropout_l2,90,1,127,0.013611195608973503,0.011497072875499725
mlp_4x100_gelu_dropout_l2,90,1,128,0.013551724143326283,0.011493348516523838
mlp_4x100_gelu_dropout_l2,90,1,129,0.013495049439370632,0.011467657051980495
mlp_4x100_gelu_dropout_l2,90,1,130,0.013429700396955013,0.01146004255861044
mlp_4x100_gelu_dropout_l2,90,1,131,0.01336333341896534,0.01144320797175169
mlp_4x100_gelu_dropout_l2,90,1,132,0.013310790061950684,0.011432270519435406
mlp_4x100_gelu_dropout_l2,90,1,133,0.013268719427287579,0.011396155692636967
mlp_4x100_gelu_dropout_l2,90,1,134,0.01321481540799141,0.01140630804002285
mlp_4x100_gelu_dropout_l2,90,1,135,0.013157650828361511,0.011386577039957047
mlp_4x100_gelu_dropout_l2,90,1,136,0.013114607892930508,0.011371931992471218
mlp_4x100_gelu_dropout_l2,90,1,137,0.013058431446552277,0.011345213279128075
mlp_4x100_gelu_dropout_l2,90,1,138,0.013003500178456306,0.011334779672324657
mlp_4x100_gelu_dropout_l2,90,1,139,0.01299339160323143,0.011307173408567905
mlp_4x100_gelu_dropout_l2,90,1,140,0.012911506928503513,0.011297691613435745
mlp_4x100_gelu_dropout_l2,90,1,141,0.012876185588538647,0.011280755512416363
mlp_4x100_gelu_dropout_l2,90,1,142,0.012833626940846443,0.011272040195763111
mlp_4x100_gelu_dropout_l2,90,1,143,0.01280248537659645,0.011238806881010532
mlp_4x100_gelu_dropout_l2,90,1,144,0.012771688401699066,0.011258801445364952
mlp_4x100_gelu_dropout_l2,90,1,145,0.01271219365298748,0.011235897429287434
mlp_4x100_gelu_dropout_l2,90,1,146,0.012670579366385937,0.011221886612474918
mlp_4x100_gelu_dropout_l2,90,1,147,0.012643668800592422,0.01119750551879406
mlp_4x100_gelu_dropout_l2,90,1,148,0.012587710283696651,0.011177537962794304
mlp_4x100_gelu_dropout_l2,90,1,149,0.012554995715618134,0.011160142719745636
mlp_4x100_gelu_dropout_l2,90,1,150,0.012487614527344704,0.011169006116688251
mlp_4x100_gelu_dropout_l2,90,1,151,0.012467796914279461,0.01113815139979124
mlp_4x100_gelu_dropout_l2,90,1,152,0.012430928647518158,0.011116741225123405
mlp_4x100_gelu_dropout_l2,90,1,153,0.012406167574226856,0.01109288726001978
mlp_4x100_gelu_dropout_l2,90,1,154,0.01234779879450798,0.011093337088823318
mlp_4x100_gelu_dropout_l2,90,1,155,0.012342019937932491,0.011073234491050243
mlp_4x100_gelu_dropout_l2,90,1,156,0.012293539009988308,0.011045634746551514
mlp_4x100_gelu_dropout_l2,90,1,157,0.012240836396813393,0.011024778708815575
mlp_4x100_gelu_dropout_l2,90,1,158,0.012238582596182823,0.011013722978532314
mlp_4x100_gelu_dropout_l2,90,1,159,0.012189758010208607,0.01098907832056284
mlp_4x100_gelu_dropout_l2,90,1,160,0.012170186266303062,0.010969290509819984
mlp_4x100_gelu_dropout_l2,90,1,161,0.012123080901801586,0.01096776407212019
mlp_4x100_gelu_dropout_l2,90,1,162,0.012096807360649109,0.010946355760097504
mlp_4x100_gelu_dropout_l2,90,1,163,0.012054841965436935,0.010930628515779972
mlp_4x100_gelu_dropout_l2,90,1,164,0.01203126274049282,0.010917296633124352
mlp_4x100_gelu_dropout_l2,90,1,165,0.012006857432425022,0.010906027629971504
mlp_4x100_gelu_dropout_l2,90,1,166,0.011989635415375233,0.01089560054242611
mlp_4x100_gelu_dropout_l2,90,1,167,0.011931162327528,0.010886249132454395
mlp_4x100_gelu_dropout_l2,90,1,168,0.011910872533917427,0.010861450806260109
mlp_4x100_gelu_dropout_l2,90,1,169,0.01188385859131813,0.010851223021745682
mlp_4x100_gelu_dropout_l2,90,1,170,0.011859053745865822,0.010834607295691967
mlp_4x100_gelu_dropout_l2,90,1,171,0.011823086999356747,0.010818964801728725
mlp_4x100_gelu_dropout_l2,90,1,172,0.011821162886917591,0.01078218873590231
mlp_4x100_gelu_dropout_l2,90,1,173,0.011777554638683796,0.01079589780420065
mlp_4x100_gelu_dropout_l2,90,1,174,0.011754103936254978,0.01077791303396225
mlp_4x100_gelu_dropout_l2,90,1,175,0.01171963568776846,0.01077016070485115
mlp_4x100_gelu_dropout_l2,90,1,176,0.011727690696716309,0.010741951875388622
mlp_4x100_gelu_dropout_l2,90,1,177,0.011695061810314655,0.010713914409279823
mlp_4x100_gelu_dropout_l2,90,1,178,0.011641811579465866,0.010722524486482143
mlp_4x100_gelu_dropout_l2,90,1,179,0.011633285321295261,0.010716930963099003
mlp_4x100_gelu_dropout_l2,90,1,180,0.011592659167945385,0.01069060992449522
mlp_4x100_gelu_dropout_l2,90,1,181,0.01159434113651514,0.010703790932893753
mlp_4x100_gelu_dropout_l2,90,1,182,0.011577204801142216,0.010685709305107594
mlp_4x100_gelu_dropout_l2,90,1,183,0.011539447121322155,0.010647074319422245
mlp_4x100_gelu_dropout_l2,90,1,184,0.011521881446242332,0.010662921704351902
mlp_4x100_gelu_dropout_l2,90,1,185,0.011501599103212357,0.01065441407263279
mlp_4x100_gelu_dropout_l2,90,1,186,0.011480912566184998,0.010608453303575516
mlp_4x100_gelu_dropout_l2,90,1,187,0.011436210945248604,0.010593939572572708
mlp_4x100_gelu_dropout_l2,90,1,188,0.01143750362098217,0.010582972317934036
mlp_4x100_gelu_dropout_l2,90,1,189,0.011411638930439949,0.010579950176179409
mlp_4x100_gelu_dropout_l2,90,1,190,0.011395939625799656,0.010579985566437244
mlp_4x100_gelu_dropout_l2,90,1,191,0.01136807817965746,0.010555915534496307
mlp_4x100_gelu_dropout_l2,90,1,192,0.011350269429385662,0.010530591011047363
mlp_4x100_gelu_dropout_l2,90,1,193,0.011323489248752594,0.010526356287300587
mlp_4x100_gelu_dropout_l2,90,1,194,0.011322075501084328,0.010496176779270172
mlp_4x100_gelu_dropout_l2,90,1,195,0.011290479451417923,0.010505976155400276
mlp_4x100_gelu_dropout_l2,90,1,196,0.011292053386569023,0.010492905043065548
mlp_4x100_gelu_dropout_l2,90,1,197,0.011251593939960003,0.010494024492800236
mlp_4x100_gelu_dropout_l2,90,1,198,0.0112605644389987,0.010483055375516415
mlp_4x100_gelu_dropout_l2,90,1,199,0.011229029856622219,0.010477188974618912
mlp_4x100_gelu_dropout_l2,90,1,200,0.011210443452000618,0.010467269457876682
mlp_4x100_gelu_dropout_l2,90,1,201,0.011197051964700222,0.010456476360559464
mlp_4x100_gelu_dropout_l2,90,1,202,0.011185864917933941,0.010428467765450478
mlp_4x100_gelu_dropout_l2,90,1,203,0.011146267876029015,0.010416537523269653
mlp_4x100_gelu_dropout_l2,90,1,204,0.011157314293086529,0.010415875352919102
mlp_4x100_gelu_dropout_l2,90,1,205,0.011128171347081661,0.010397353209555149
mlp_4x100_gelu_dropout_l2,90,1,206,0.011117919348180294,0.010431712493300438
mlp_4x100_gelu_dropout_l2,90,1,207,0.011092646047472954,0.010405588895082474
mlp_4x100_gelu_dropout_l2,90,1,208,0.011078817769885063,0.010378841310739517
mlp_4x100_gelu_dropout_l2,90,1,209,0.011072356253862381,0.01034487783908844
mlp_4x100_gelu_dropout_l2,90,1,210,0.011049521155655384,0.010363512672483921
mlp_4x100_gelu_dropout_l2,90,1,211,0.01102596614509821,0.0103706493973732
mlp_4x100_gelu_dropout_l2,90,1,212,0.011037526652216911,0.010315824300050735
mlp_4x100_gelu_dropout_l2,90,1,213,0.011030073277652264,0.010345624759793282
mlp_4x100_gelu_dropout_l2,90,1,214,0.011008094064891338,0.01032210886478424
mlp_4x100_gelu_dropout_l2,90,1,215,0.010977237485349178,0.01031842827796936
mlp_4x100_gelu_dropout_l2,90,1,216,0.010971851646900177,0.010301675647497177
mlp_4x100_gelu_dropout_l2,90,1,217,0.010950670577585697,0.010291893035173416
mlp_4x100_gelu_dropout_l2,90,1,218,0.010945886373519897,0.010316658765077591
mlp_4x100_gelu_dropout_l2,90,1,219,0.010921387001872063,0.010301090776920319
mlp_4x100_gelu_dropout_l2,90,1,220,0.01090335939079523,0.010301932692527771
mlp_4x100_gelu_dropout_l2,90,1,221,0.010911800898611546,0.010278383269906044
mlp_4x100_gelu_dropout_l2,90,1,222,0.01090282667428255,0.010275254026055336
mlp_4x100_gelu_dropout_l2,90,1,223,0.01088184304535389,0.010277793742716312
mlp_4x100_gelu_dropout_l2,90,1,224,0.01086166687309742,0.010292273946106434
mlp_4x100_gelu_dropout_l2,90,1,225,0.010845721699297428,0.0102652907371521
mlp_4x100_gelu_dropout_l2,90,1,226,0.01084961462765932,0.010272138752043247
mlp_4x100_gelu_dropout_l2,90,1,227,0.010832494124770164,0.010250592604279518
mlp_4x100_gelu_dropout_l2,90,1,228,0.010818746872246265,0.010254383087158203
mlp_4x100_gelu_dropout_l2,90,1,229,0.01080252230167389,0.010249091312289238
mlp_4x100_gelu_dropout_l2,90,1,230,0.010796451941132545,0.010235120542347431
mlp_4x100_gelu_dropout_l2,90,1,231,0.0107726464048028,0.010227322578430176
mlp_4x100_gelu_dropout_l2,90,1,232,0.010780852288007736,0.010215661488473415
mlp_4x100_gelu_dropout_l2,90,1,233,0.010774048045277596,0.010206962935626507
mlp_4x100_gelu_dropout_l2,90,1,234,0.01074130553752184,0.010211935266852379
mlp_4x100_gelu_dropout_l2,90,1,235,0.010724635794758797,0.010208525694906712
mlp_4x100_gelu_dropout_l2,90,1,236,0.010724102146923542,0.010187163949012756
mlp_4x100_gelu_dropout_l2,90,1,237,0.010716772638261318,0.01022439543157816
mlp_4x100_gelu_dropout_l2,90,1,238,0.0107039799913764,0.010203304700553417
mlp_4x100_gelu_dropout_l2,90,1,239,0.010680906474590302,0.01018296554684639
mlp_4x100_gelu_dropout_l2,90,1,240,0.01067175343632698,0.01016823947429657
mlp_4x100_gelu_dropout_l2,90,1,241,0.010680864565074444,0.010157689452171326
mlp_4x100_gelu_dropout_l2,90,1,242,0.01065861713141203,0.010173731483519077
mlp_4x100_gelu_dropout_l2,90,1,243,0.010643010959029198,0.01016516424715519
mlp_4x100_gelu_dropout_l2,90,1,244,0.010634969919919968,0.010180986486375332
mlp_4x100_gelu_dropout_l2,90,1,245,0.01063662488013506,0.01016610860824585
mlp_4x100_gelu_dropout_l2,90,1,246,0.010614064522087574,0.010188905522227287
mlp_4x100_gelu_dropout_l2,90,1,247,0.010616183280944824,0.010186607949435711
mlp_4x100_gelu_dropout_l2,90,1,248,0.010596944950520992,0.010188039392232895
mlp_4x100_gelu_dropout_l2,90,1,249,0.010570964775979519,0.010184023529291153
mlp_4x100_gelu_dropout_l2,90,1,250,0.010575820691883564,0.010189881548285484
mlp_4x100_gelu_dropout_l2,90,1,251,0.010542265139520168,0.010185182094573975
mlp_4x100_gelu_dropout_l2,90,1,252,0.010531655512750149,0.010155506432056427
mlp_4x100_gelu_dropout_l2,90,1,253,0.010538004338741302,0.010173045098781586
mlp_4x100_gelu_dropout_l2,90,1,254,0.010521234944462776,0.01015557162463665
mlp_4x100_gelu_dropout_l2,90,1,255,0.01050660666078329,0.010181216523051262
mlp_4x100_gelu_dropout_l2,90,1,256,0.010495726019144058,0.010147311724722385
mlp_4x100_gelu_dropout_l2,90,1,257,0.01050509698688984,0.010168319568037987
mlp_4x100_gelu_dropout_l2,90,1,258,0.01046738401055336,0.01015152595937252
mlp_4x100_gelu_dropout_l2,90,1,259,0.010464229620993137,0.010159054771065712
mlp_4x100_gelu_dropout_l2,90,1,260,0.01044780295342207,0.010161208920180798
mlp_4x100_gelu_dropout_l2,90,1,261,0.010438588447868824,0.01014312356710434
mlp_4x100_gelu_dropout_l2,90,1,262,0.010422891937196255,0.010149052366614342
mlp_4x100_gelu_dropout_l2,90,1,263,0.010424385778605938,0.010146032087504864
mlp_4x100_gelu_dropout_l2,90,1,264,0.010416146367788315,0.010164539329707623
mlp_4x100_gelu_dropout_l2,90,1,265,0.010402620770037174,0.01014520600438118
mlp_4x100_gelu_dropout_l2,90,1,266,0.010385090485215187,0.010156990960240364
mlp_4x100_gelu_dropout_l2,90,1,267,0.010384807363152504,0.010156488977372646
mlp_4x100_gelu_dropout_l2,90,1,268,0.01036962028592825,0.010161405429244041
mlp_4x100_gelu_dropout_l2,90,1,269,0.010358255356550217,0.010147452354431152
mlp_4x100_gelu_dropout_l2,90,1,270,0.010353217832744122,0.01013638824224472
mlp_4x100_gelu_dropout_l2,90,1,271,0.010341586545109749,0.010142209939658642
mlp_4x100_gelu_dropout_l2,90,1,272,0.01032772846519947,0.010148296132683754
mlp_4x100_gelu_dropout_l2,90,1,273,0.010305334813892841,0.010116619057953358
mlp_4x100_gelu_dropout_l2,90,1,274,0.010315660387277603,0.010148907080292702
mlp_4x100_gelu_dropout_l2,90,1,275,0.01030371617525816,0.01014556922018528
mlp_4x100_gelu_dropout_l2,90,1,276,0.01030733436346054,0.010137942619621754
mlp_4x100_gelu_dropout_l2,90,1,277,0.01027510967105627,0.010122465901076794
mlp_4x100_gelu_dropout_l2,90,1,278,0.010274364612996578,0.010125056840479374
mlp_4x100_gelu_dropout_l2,90,1,279,0.01027495414018631,0.010150739923119545
mlp_4x100_gelu_dropout_l2,90,1,280,0.010259512811899185,0.010139290243387222
mlp_4x100_gelu_dropout_l2,90,1,281,0.010248427279293537,0.010120589286088943
mlp_4x100_gelu_dropout_l2,90,1,282,0.010233872570097446,0.010113595053553581
mlp_4x100_gelu_dropout_l2,90,1,283,0.01023055985569954,0.010126125998795033
mlp_4x100_gelu_dropout_l2,90,1,284,0.010222803801298141,0.0101050129160285
mlp_4x100_gelu_dropout_l2,90,1,285,0.010211385786533356,0.010133435018360615
mlp_4x100_gelu_dropout_l2,90,1,286,0.010206612758338451,0.01013469323515892
mlp_4x100_gelu_dropout_l2,90,1,287,0.010210132226347923,0.01015446800738573
mlp_4x100_gelu_dropout_l2,90,1,288,0.010189787484705448,0.010162865743041039
mlp_4x100_gelu_dropout_l2,90,1,289,0.010186512023210526,0.010116016492247581
mlp_4x100_gelu_dropout_l2,90,1,290,0.01017565093934536,0.010098963044583797
mlp_4x100_gelu_dropout_l2,90,1,291,0.010158088058233261,0.010113973170518875
mlp_4x100_gelu_dropout_l2,90,1,292,0.010151970200240612,0.010138303972780704
mlp_4x100_gelu_dropout_l2,90,1,293,0.010138151235878468,0.010151593014597893
mlp_4x100_gelu_dropout_l2,90,1,294,0.010130083188414574,0.010140941478312016
mlp_4x100_gelu_dropout_l2,90,1,295,0.010134239681065083,0.01014366839081049
mlp_4x100_gelu_dropout_l2,90,1,296,0.010118340142071247,0.010140969417989254
mlp_4x100_gelu_dropout_l2,90,1,297,0.010109931230545044,0.010133493691682816
mlp_4x100_gelu_dropout_l2,90,1,298,0.010094914585351944,0.010154669173061848
mlp_4x100_gelu_dropout_l2,90,1,299,0.010104241780936718,0.010135960765182972
mlp_4x100_gelu_dropout_l2,90,1,300,0.010088467970490456,0.010140575468540192
mlp_4x100_gelu_dropout_l2,90,1,301,0.010094048455357552,0.01013155747205019
mlp_4x100_gelu_dropout_l2,90,1,302,0.01008655596524477,0.010126292705535889
mlp_4x100_gelu_dropout_l2,90,1,303,0.010069278068840504,0.010124209336936474
mlp_4x100_gelu_dropout_l2,90,1,304,0.01004812866449356,0.010133492760360241
mlp_4x100_gelu_dropout_l2,90,1,305,0.010056296363472939,0.010145503096282482
mlp_4x100_gelu_dropout_l2,90,1,306,0.010077240876853466,0.010144730098545551
mlp_4x100_gelu_dropout_l2,90,1,307,0.010042198933660984,0.01013748999685049
mlp_4x100_gelu_dropout_l2,90,1,308,0.010041049681603909,0.010117601603269577
mlp_4x100_gelu_dropout_l2,90,1,309,0.010023538954555988,0.010169166140258312
mlp_4x100_gelu_dropout_l2,90,1,310,0.010037241503596306,0.010148556903004646
mlp_4x100_gelu_dropout_l2,90,1,311,0.010003949515521526,0.010112454183399677
mlp_4x100_gelu_dropout_l2,90,1,312,0.010012895800173283,0.01012389175593853
mlp_4x100_gelu_dropout_l2,90,1,313,0.010013431310653687,0.010150404646992683
mlp_4x100_gelu_dropout_l2,90,1,314,0.009987961500883102,0.010112570598721504
mlp_4x100_gelu_dropout_l2,90,1,315,0.00998958945274353,0.010119304992258549
mlp_4x100_gelu_dropout_l2,90,1,316,0.009980919770896435,0.010115740820765495
mlp_4x100_gelu_dropout_l2,90,1,317,0.009966540150344372,0.010120570659637451
mlp_4x100_gelu_dropout_l2,90,1,318,0.009969202801585197,0.010160288773477077
mlp_4x100_gelu_dropout_l2,90,1,319,0.00996291171759367,0.010119070298969746
mlp_4x100_gelu_dropout_l2,90,1,320,0.009961534291505814,0.010134301148355007
mlp_4x100_gelu_dropout_l2,90,5,1,0.26953837275505066,0.08039053529500961
mlp_4x100_gelu_dropout_l2,90,5,2,0.16664108633995056,0.060180600732564926
mlp_4x100_gelu_dropout_l2,90,5,3,0.12516269087791443,0.047856997698545456
mlp_4x100_gelu_dropout_l2,90,5,4,0.10097256302833557,0.039257414638996124
mlp_4x100_gelu_dropout_l2,90,5,5,0.08438912034034729,0.03297622501850128
mlp_4x100_gelu_dropout_l2,90,5,6,0.07204949855804443,0.02817501686513424
mlp_4x100_gelu_dropout_l2,90,5,7,0.06270284950733185,0.024527790024876595
mlp_4x100_gelu_dropout_l2,90,5,8,0.055723000317811966,0.021646972745656967
mlp_4x100_gelu_dropout_l2,90,5,9,0.05004919692873955,0.01938658580183983
mlp_4x100_gelu_dropout_l2,90,5,10,0.04532891511917114,0.017595333978533745
mlp_4x100_gelu_dropout_l2,90,5,11,0.041677895933389664,0.0161465834826231
mlp_4x100_gelu_dropout_l2,90,5,12,0.03846922516822815,0.014948833733797073
mlp_4x100_gelu_dropout_l2,90,5,13,0.03583431616425514,0.013937938027083874
mlp_4x100_gelu_dropout_l2,90,5,14,0.03352351486682892,0.013116387650370598
mlp_4x100_gelu_dropout_l2,90,5,15,0.031323134899139404,0.012444945983588696
mlp_4x100_gelu_dropout_l2,90,5,16,0.029694050550460815,0.011878959834575653
mlp_4x100_gelu_dropout_l2,90,5,17,0.02793171815574169,0.011355782859027386
mlp_4x100_gelu_dropout_l2,90,5,18,0.02642521634697914,0.010951463133096695
mlp_4x100_gelu_dropout_l2,90,5,19,0.02513347752392292,0.010584886185824871
mlp_4x100_gelu_dropout_l2,90,5,20,0.02395830675959587,0.010258759371936321
mlp_4x100_gelu_dropout_l2,90,5,21,0.022866446524858475,0.009991874918341637
mlp_4x100_gelu_dropout_l2,90,5,22,0.021933604031801224,0.009762064553797245
mlp_4x100_gelu_dropout_l2,90,5,23,0.021070372313261032,0.009559711441397667
mlp_4x100_gelu_dropout_l2,90,5,24,0.020188618451356888,0.009367101825773716
mlp_4x100_gelu_dropout_l2,90,5,25,0.019498629495501518,0.009199440479278564
mlp_4x100_gelu_dropout_l2,90,5,26,0.018794309347867966,0.009081513620913029
mlp_4x100_gelu_dropout_l2,90,5,27,0.018152771517634392,0.008927070535719395
mlp_4x100_gelu_dropout_l2,90,5,28,0.017543043941259384,0.008817138150334358
mlp_4x100_gelu_dropout_l2,90,5,29,0.01701768860220909,0.008714091032743454
mlp_4x100_gelu_dropout_l2,90,5,30,0.016501961275935173,0.008643300272524357
mlp_4x100_gelu_dropout_l2,90,5,31,0.01609869860112667,0.008569490164518356
mlp_4x100_gelu_dropout_l2,90,5,32,0.01568489335477352,0.008494088426232338
mlp_4x100_gelu_dropout_l2,90,5,33,0.015298793092370033,0.00843410100787878
mlp_4x100_gelu_dropout_l2,90,5,34,0.014943077228963375,0.008377066813409328
mlp_4x100_gelu_dropout_l2,90,5,35,0.014603030867874622,0.008328950963914394
mlp_4x100_gelu_dropout_l2,90,5,36,0.014325203374028206,0.008287455886602402
mlp_4x100_gelu_dropout_l2,90,5,37,0.013996932655572891,0.008247774094343185
mlp_4x100_gelu_dropout_l2,90,5,38,0.013762136921286583,0.008210603147745132
mlp_4x100_gelu_dropout_l2,90,5,39,0.0135164400562644,0.008165987208485603
mlp_4x100_gelu_dropout_l2,90,5,40,0.013291600160300732,0.00813244003802538
mlp_4x100_gelu_dropout_l2,90,5,41,0.013102075085043907,0.008106372319161892
mlp_4x100_gelu_dropout_l2,90,5,42,0.012856729328632355,0.00808191578835249
mlp_4x100_gelu_dropout_l2,90,5,43,0.012687386944890022,0.008057698607444763
mlp_4x100_gelu_dropout_l2,90,5,44,0.012523633427917957,0.008036710321903229
mlp_4x100_gelu_dropout_l2,90,5,45,0.012361183762550354,0.008001557551324368
mlp_4x100_gelu_dropout_l2,90,5,46,0.012190103530883789,0.007976838387548923
mlp_4x100_gelu_dropout_l2,90,5,47,0.012075483798980713,0.007963120937347412
mlp_4x100_gelu_dropout_l2,90,5,48,0.011916473507881165,0.007940493524074554
mlp_4x100_gelu_dropout_l2,90,5,49,0.011760976165533066,0.007921974174678326
mlp_4x100_gelu_dropout_l2,90,5,50,0.01164176780730486,0.007891729474067688
mlp_4x100_gelu_dropout_l2,90,5,51,0.011528442613780499,0.007877218537032604
mlp_4x100_gelu_dropout_l2,90,5,52,0.011404966935515404,0.007856287062168121
mlp_4x100_gelu_dropout_l2,90,5,53,0.011284325271844864,0.00784684531390667
mlp_4x100_gelu_dropout_l2,90,5,54,0.011176343075931072,0.007828819565474987
mlp_4x100_gelu_dropout_l2,90,5,55,0.011100058443844318,0.007805430795997381
mlp_4x100_gelu_dropout_l2,90,5,56,0.011011067777872086,0.007789441850036383
mlp_4x100_gelu_dropout_l2,90,5,57,0.010892565362155437,0.007771060802042484
mlp_4x100_gelu_dropout_l2,90,5,58,0.01082333642989397,0.0077622816897928715
mlp_4x100_gelu_dropout_l2,90,5,59,0.01074294839054346,0.007739272899925709
mlp_4x100_gelu_dropout_l2,90,5,60,0.010654469951987267,0.007727698888629675
mlp_4x100_gelu_dropout_l2,90,5,61,0.010577504523098469,0.007710796315222979
mlp_4x100_gelu_dropout_l2,90,5,62,0.010505094192922115,0.007685858756303787
mlp_4x100_gelu_dropout_l2,90,5,63,0.010441979393362999,0.007675379980355501
mlp_4x100_gelu_dropout_l2,90,5,64,0.010379874147474766,0.007659155409783125
mlp_4x100_gelu_dropout_l2,90,5,65,0.010297889821231365,0.007640303112566471
mlp_4x100_gelu_dropout_l2,90,5,66,0.01023564487695694,0.007629138417541981
mlp_4x100_gelu_dropout_l2,90,5,67,0.010162466205656528,0.007612362038344145
mlp_4x100_gelu_dropout_l2,90,5,68,0.010099178180098534,0.007591431029140949
mlp_4x100_gelu_dropout_l2,90,5,69,0.010053268633782864,0.007583026308566332
mlp_4x100_gelu_dropout_l2,90,5,70,0.009996341541409492,0.007566236890852451
mlp_4x100_gelu_dropout_l2,90,5,71,0.009923025034368038,0.007544186431914568
mlp_4x100_gelu_dropout_l2,90,5,72,0.009880434721708298,0.007528180722147226
mlp_4x100_gelu_dropout_l2,90,5,73,0.009824072010815144,0.007515477016568184
mlp_4x100_gelu_dropout_l2,90,5,74,0.00978169497102499,0.00749752763658762
mlp_4x100_gelu_dropout_l2,90,5,75,0.00971158780157566,0.007479100488126278
mlp_4x100_gelu_dropout_l2,90,5,76,0.009673699736595154,0.007461657281965017
mlp_4x100_gelu_dropout_l2,90,5,77,0.00961958896368742,0.007445623632520437
mlp_4x100_gelu_dropout_l2,90,5,78,0.009573787450790405,0.00742849288508296
mlp_4x100_gelu_dropout_l2,90,5,79,0.009533663280308247,0.007408495992422104
mlp_4x100_gelu_dropout_l2,90,5,80,0.009487909264862537,0.007391409017145634
mlp_4x100_gelu_dropout_l2,90,5,81,0.009436550550162792,0.0073728179559111595
mlp_4x100_gelu_dropout_l2,90,5,82,0.009402312338352203,0.007359466981142759
mlp_4x100_gelu_dropout_l2,90,5,83,0.009358635172247887,0.007338333874940872
mlp_4x100_gelu_dropout_l2,90,5,84,0.009309998713433743,0.0073210010305047035
mlp_4x100_gelu_dropout_l2,90,5,85,0.009266753681004047,0.007303785532712936
mlp_4x100_gelu_dropout_l2,90,5,86,0.009221857413649559,0.007282433565706015
mlp_4x100_gelu_dropout_l2,90,5,87,0.009177807718515396,0.0072607859037816525
mlp_4x100_gelu_dropout_l2,90,5,88,0.009154935367405415,0.007242599036544561
mlp_4x100_gelu_dropout_l2,90,5,89,0.009102711454033852,0.007225973065942526
mlp_4x100_gelu_dropout_l2,90,5,90,0.00907275453209877,0.007206340320408344
mlp_4x100_gelu_dropout_l2,90,5,91,0.009036988019943237,0.007184111047536135
mlp_4x100_gelu_dropout_l2,90,5,92,0.008996970020234585,0.0071639143861830235
mlp_4x100_gelu_dropout_l2,90,5,93,0.00895862840116024,0.007144445087760687
mlp_4x100_gelu_dropout_l2,90,5,94,0.00891902856528759,0.00712423212826252
mlp_4x100_gelu_dropout_l2,90,5,95,0.008888063952326775,0.007106027565896511
mlp_4x100_gelu_dropout_l2,90,5,96,0.008847161196172237,0.007079963106662035
mlp_4x100_gelu_dropout_l2,90,5,97,0.008812923915684223,0.007061569485813379
mlp_4x100_gelu_dropout_l2,90,5,98,0.008768820203840733,0.007041999604552984
mlp_4x100_gelu_dropout_l2,90,5,99,0.008743424899876118,0.0070190466940402985
mlp_4x100_gelu_dropout_l2,90,5,100,0.00870716106146574,0.006999387871474028
mlp_4x100_gelu_dropout_l2,90,5,101,0.008671462535858154,0.006975620985031128
mlp_4x100_gelu_dropout_l2,90,5,102,0.008639675565063953,0.0069509162567555904
mlp_4x100_gelu_dropout_l2,90,5,103,0.008606279268860817,0.006929435301572084
mlp_4x100_gelu_dropout_l2,90,5,104,0.008564433082938194,0.006906082853674889
mlp_4x100_gelu_dropout_l2,90,5,105,0.008537198416888714,0.0068806977942585945
mlp_4x100_gelu_dropout_l2,90,5,106,0.008496362715959549,0.006860876455903053
mlp_4x100_gelu_dropout_l2,90,5,107,0.008472416549921036,0.006835576146841049
mlp_4x100_gelu_dropout_l2,90,5,108,0.008431333117187023,0.0068121980875730515
mlp_4x100_gelu_dropout_l2,90,5,109,0.008398221805691719,0.006790075451135635
mlp_4x100_gelu_dropout_l2,90,5,110,0.008368808776140213,0.006764190271496773
mlp_4x100_gelu_dropout_l2,90,5,111,0.008328249678015709,0.006742254365235567
mlp_4x100_gelu_dropout_l2,90,5,112,0.00830066204071045,0.006716191302984953
mlp_4x100_gelu_dropout_l2,90,5,113,0.008273428305983543,0.006689455360174179
mlp_4x100_gelu_dropout_l2,90,5,114,0.008233304135501385,0.006663938518613577
mlp_4x100_gelu_dropout_l2,90,5,115,0.008200016804039478,0.006637990474700928
mlp_4x100_gelu_dropout_l2,90,5,116,0.00816807895898819,0.006614739075303078
mlp_4x100_gelu_dropout_l2,90,5,117,0.008131646551191807,0.0065856450237333775
mlp_4x100_gelu_dropout_l2,90,5,118,0.008101489394903183,0.006561171263456345
mlp_4x100_gelu_dropout_l2,90,5,119,0.008067886345088482,0.006534971296787262
mlp_4x100_gelu_dropout_l2,90,5,120,0.008032609708607197,0.006506182719022036
mlp_4x100_gelu_dropout_l2,90,5,121,0.007995170541107655,0.006479613948613405
mlp_4x100_gelu_dropout_l2,90,5,122,0.007962057366967201,0.0064543914049863815
mlp_4x100_gelu_dropout_l2,90,5,123,0.007927638478577137,0.00642617791891098
mlp_4x100_gelu_dropout_l2,90,5,124,0.007899806834757328,0.006397244520485401
mlp_4x100_gelu_dropout_l2,90,5,125,0.00785873457789421,0.006367828696966171
mlp_4x100_gelu_dropout_l2,90,5,126,0.007832789793610573,0.006340190768241882
mlp_4x100_gelu_dropout_l2,90,5,127,0.00779335992410779,0.00631333701312542
mlp_4x100_gelu_dropout_l2,90,5,128,0.007762315217405558,0.0062846834771335125
mlp_4x100_gelu_dropout_l2,90,5,129,0.0077307638712227345,0.006256548222154379
mlp_4x100_gelu_dropout_l2,90,5,130,0.007691188249737024,0.006226707249879837
mlp_4x100_gelu_dropout_l2,90,5,131,0.007662732619792223,0.0061994995921850204
mlp_4x100_gelu_dropout_l2,90,5,132,0.007619841955602169,0.006169592961668968
mlp_4x100_gelu_dropout_l2,90,5,133,0.007591943722218275,0.006141930352896452
mlp_4x100_gelu_dropout_l2,90,5,134,0.007557345554232597,0.0061096022836863995
mlp_4x100_gelu_dropout_l2,90,5,135,0.007521180901676416,0.00608326680958271
mlp_4x100_gelu_dropout_l2,90,5,136,0.007481046486645937,0.006056586280465126
mlp_4x100_gelu_dropout_l2,90,5,137,0.0074449083767831326,0.006025410257279873
mlp_4x100_gelu_dropout_l2,90,5,138,0.007415757980197668,0.005995972082018852
mlp_4x100_gelu_dropout_l2,90,5,139,0.0073709324933588505,0.005966944620013237
mlp_4x100_gelu_dropout_l2,90,5,140,0.0073356362991034985,0.005938930902630091
mlp_4x100_gelu_dropout_l2,90,5,141,0.00729990703985095,0.0059114135801792145
mlp_4x100_gelu_dropout_l2,90,5,142,0.007267216686159372,0.005881692748516798
mlp_4x100_gelu_dropout_l2,90,5,143,0.007218051236122847,0.005855536088347435
mlp_4x100_gelu_dropout_l2,90,5,144,0.00717972731217742,0.005828451830893755
mlp_4x100_gelu_dropout_l2,90,5,145,0.0071381935849785805,0.005801522638648748
mlp_4x100_gelu_dropout_l2,90,5,146,0.007094327826052904,0.005777527578175068
mlp_4x100_gelu_dropout_l2,90,5,147,0.0070535182021558285,0.005753400735557079
mlp_4x100_gelu_dropout_l2,90,5,148,0.007003330625593662,0.005729830823838711
mlp_4x100_gelu_dropout_l2,90,5,149,0.006954617332667112,0.005708480719476938
mlp_4x100_gelu_dropout_l2,90,5,150,0.006909684743732214,0.005684534553438425
mlp_4x100_gelu_dropout_l2,90,5,151,0.006861250847578049,0.005668840371072292
mlp_4x100_gelu_dropout_l2,90,5,152,0.006810062099248171,0.005645464174449444
mlp_4x100_gelu_dropout_l2,90,5,153,0.006762766279280186,0.005622147116810083
mlp_4x100_gelu_dropout_l2,90,5,154,0.006701458711177111,0.0056062377989292145
mlp_4x100_gelu_dropout_l2,90,5,155,0.006658834405243397,0.0055891298688948154
mlp_4x100_gelu_dropout_l2,90,5,156,0.0066130803897976875,0.005566490814089775
mlp_4x100_gelu_dropout_l2,90,5,157,0.006560231558978558,0.005551148671656847
mlp_4x100_gelu_dropout_l2,90,5,158,0.006527719087898731,0.005526422057300806
mlp_4x100_gelu_dropout_l2,90,5,159,0.006474332883954048,0.0055098095908761024
mlp_4x100_gelu_dropout_l2,90,5,160,0.0064368536695837975,0.005498382728546858
mlp_4x100_gelu_dropout_l2,90,5,161,0.006377448793500662,0.005477405618876219
mlp_4x100_gelu_dropout_l2,90,5,162,0.006335015874356031,0.005460464861243963
mlp_4x100_gelu_dropout_l2,90,5,163,0.0062887161038815975,0.005447534844279289
mlp_4x100_gelu_dropout_l2,90,5,164,0.006254670210182667,0.005428000818938017
mlp_4x100_gelu_dropout_l2,90,5,165,0.006212360225617886,0.005411786958575249
mlp_4x100_gelu_dropout_l2,90,5,166,0.0061760577373206615,0.005400468595325947
mlp_4x100_gelu_dropout_l2,90,5,167,0.006127685774117708,0.005385091528296471
mlp_4x100_gelu_dropout_l2,90,5,168,0.006098383571952581,0.00536360964179039
mlp_4x100_gelu_dropout_l2,90,5,169,0.006066754460334778,0.0053439997136592865
mlp_4x100_gelu_dropout_l2,90,5,170,0.006030631717294455,0.0053396522998809814
mlp_4x100_gelu_dropout_l2,90,5,171,0.005990222096443176,0.005320603493601084
mlp_4x100_gelu_dropout_l2,90,5,172,0.00597642594948411,0.0053005157969892025
mlp_4x100_gelu_dropout_l2,90,5,173,0.005927516613155603,0.0052946400828659534
mlp_4x100_gelu_dropout_l2,90,5,174,0.005899939686059952,0.005265769083052874
mlp_4x100_gelu_dropout_l2,90,5,175,0.005877205170691013,0.005252875853329897
mlp_4x100_gelu_dropout_l2,90,5,176,0.005844403989613056,0.005233065225183964
mlp_4x100_gelu_dropout_l2,90,5,177,0.005817587021738291,0.005221995525062084
mlp_4x100_gelu_dropout_l2,90,5,178,0.005794357508420944,0.005210781469941139
mlp_4x100_gelu_dropout_l2,90,5,179,0.005761998705565929,0.005201310850679874
mlp_4x100_gelu_dropout_l2,90,5,180,0.0057362280786037445,0.0051686083897948265
mlp_4x100_gelu_dropout_l2,90,5,181,0.005710845347493887,0.005164610221982002
mlp_4x100_gelu_dropout_l2,90,5,182,0.005688149016350508,0.005141381174325943
mlp_4x100_gelu_dropout_l2,90,5,183,0.005660821218043566,0.005131172016263008
mlp_4x100_gelu_dropout_l2,90,5,184,0.005629742983728647,0.005123252049088478
mlp_4x100_gelu_dropout_l2,90,5,185,0.005616555921733379,0.005113402381539345
mlp_4x100_gelu_dropout_l2,90,5,186,0.005597693845629692,0.0050967298448085785
mlp_4x100_gelu_dropout_l2,90,5,187,0.005573317874222994,0.0050771040841937065
mlp_4x100_gelu_dropout_l2,90,5,188,0.005556406453251839,0.005063410848379135
mlp_4x100_gelu_dropout_l2,90,5,189,0.005546910222619772,0.005045841448009014
mlp_4x100_gelu_dropout_l2,90,5,190,0.0055116633884608746,0.005045037716627121
mlp_4x100_gelu_dropout_l2,90,5,191,0.005495480261743069,0.005040351301431656
mlp_4x100_gelu_dropout_l2,90,5,192,0.005481959320604801,0.0050246394239366055
mlp_4x100_gelu_dropout_l2,90,5,193,0.005454597529023886,0.005004589445888996
mlp_4x100_gelu_dropout_l2,90,5,194,0.005435578990727663,0.004990857560187578
mlp_4x100_gelu_dropout_l2,90,5,195,0.005421875044703484,0.004982311744242907
mlp_4x100_gelu_dropout_l2,90,5,196,0.005411466117948294,0.004978041164577007
mlp_4x100_gelu_dropout_l2,90,5,197,0.005382416304200888,0.004964728839695454
mlp_4x100_gelu_dropout_l2,90,5,198,0.005370326340198517,0.004949314519762993
mlp_4x100_gelu_dropout_l2,90,5,199,0.005357587244361639,0.004935674834996462
mlp_4x100_gelu_dropout_l2,90,5,200,0.005343951750546694,0.0049258205108344555
mlp_4x100_gelu_dropout_l2,90,5,201,0.0053372071124613285,0.004925706889480352
mlp_4x100_gelu_dropout_l2,90,5,202,0.005309880245476961,0.0049033742398023605
mlp_4x100_gelu_dropout_l2,90,5,203,0.005296332761645317,0.004901431966573
mlp_4x100_gelu_dropout_l2,90,5,204,0.0052782385610044,0.004884729161858559
mlp_4x100_gelu_dropout_l2,90,5,205,0.00527454586699605,0.004877174738794565
mlp_4x100_gelu_dropout_l2,90,5,206,0.005261499900370836,0.004868697375059128
mlp_4x100_gelu_dropout_l2,90,5,207,0.005245273932814598,0.004858360625803471
mlp_4x100_gelu_dropout_l2,90,5,208,0.0052270363084971905,0.004841362126171589
mlp_4x100_gelu_dropout_l2,90,5,209,0.005221783183515072,0.004838672932237387
mlp_4x100_gelu_dropout_l2,90,5,210,0.005204986315220594,0.004835114348679781
mlp_4x100_gelu_dropout_l2,90,5,211,0.005194271914660931,0.004835824016481638
mlp_4x100_gelu_dropout_l2,90,5,212,0.005183041095733643,0.0048095728270709515
mlp_4x100_gelu_dropout_l2,90,5,213,0.0051732962019741535,0.0048161838203668594
mlp_4x100_gelu_dropout_l2,90,5,214,0.005164810456335545,0.004795948509126902
mlp_4x100_gelu_dropout_l2,90,5,215,0.005143875256180763,0.004790137987583876
mlp_4x100_gelu_dropout_l2,90,5,216,0.005137992091476917,0.004770648665726185
mlp_4x100_gelu_dropout_l2,90,5,217,0.005128560122102499,0.0047773090191185474
mlp_4x100_gelu_dropout_l2,90,5,218,0.005118377041071653,0.004779111128300428
mlp_4x100_gelu_dropout_l2,90,5,219,0.005105710122734308,0.004756311886012554
mlp_4x100_gelu_dropout_l2,90,5,220,0.005097889341413975,0.004752770531922579
mlp_4x100_gelu_dropout_l2,90,5,221,0.005090250167995691,0.004746540915220976
mlp_4x100_gelu_dropout_l2,90,5,222,0.0050792689435184,0.004746849648654461
mlp_4x100_gelu_dropout_l2,90,5,223,0.005072772968560457,0.004730592481791973
mlp_4x100_gelu_dropout_l2,90,5,224,0.005063238553702831,0.004729530308395624
mlp_4x100_gelu_dropout_l2,90,5,225,0.005045164376497269,0.004719521850347519
mlp_4x100_gelu_dropout_l2,90,5,226,0.005037053022533655,0.0047148955054581165
mlp_4x100_gelu_dropout_l2,90,5,227,0.005029389634728432,0.004710993263870478
mlp_4x100_gelu_dropout_l2,90,5,228,0.005022367462515831,0.00469901692122221
mlp_4x100_gelu_dropout_l2,90,5,229,0.00501292385160923,0.004694195929914713
mlp_4x100_gelu_dropout_l2,90,5,230,0.005001651123166084,0.004695426672697067
mlp_4x100_gelu_dropout_l2,90,5,231,0.00500130420550704,0.004695695359259844
mlp_4x100_gelu_dropout_l2,90,5,232,0.004991758614778519,0.004688173532485962
mlp_4x100_gelu_dropout_l2,90,5,233,0.00498951505869627,0.004697102587670088
mlp_4x100_gelu_dropout_l2,90,5,234,0.004971626214683056,0.004684940446168184
mlp_4x100_gelu_dropout_l2,90,5,235,0.004973697941750288,0.00469033932313323
mlp_4x100_gelu_dropout_l2,90,5,236,0.004965472035109997,0.004678457044064999
mlp_4x100_gelu_dropout_l2,90,5,237,0.004956535995006561,0.0046667857095599174
mlp_4x100_gelu_dropout_l2,90,5,238,0.004949303809553385,0.004662077873945236
mlp_4x100_gelu_dropout_l2,90,5,239,0.004937143996357918,0.004656859673559666
mlp_4x100_gelu_dropout_l2,90,5,240,0.00492585776373744,0.004658672492951155
mlp_4x100_gelu_dropout_l2,90,5,241,0.004927120637148619,0.004648361820727587
mlp_4x100_gelu_dropout_l2,90,5,242,0.004922689404338598,0.004658726043999195
mlp_4x100_gelu_dropout_l2,90,5,243,0.004905160516500473,0.0046515921130776405
mlp_4x100_gelu_dropout_l2,90,5,244,0.004905718378722668,0.0046493844129145145
mlp_4x100_gelu_dropout_l2,90,5,245,0.004893449600785971,0.004645817447453737
mlp_4x100_gelu_dropout_l2,90,5,246,0.004887515679001808,0.004634619224816561
mlp_4x100_gelu_dropout_l2,90,5,247,0.004886338021606207,0.004636503290385008
mlp_4x100_gelu_dropout_l2,90,5,248,0.004865124821662903,0.0046448311768472195
mlp_4x100_gelu_dropout_l2,90,5,249,0.004872707650065422,0.004632673691958189
mlp_4x100_gelu_dropout_l2,90,5,250,0.004871408920735121,0.004631235264241695
mlp_4x100_gelu_dropout_l2,90,5,251,0.00485590286552906,0.004649160895496607
mlp_4x100_gelu_dropout_l2,90,5,252,0.004848039709031582,0.004624729044735432
mlp_4x100_gelu_dropout_l2,90,5,253,0.004838909488171339,0.004632687196135521
mlp_4x100_gelu_dropout_l2,90,5,254,0.00483766058459878,0.004621291067451239
mlp_4x100_gelu_dropout_l2,90,5,255,0.004833683371543884,0.004624796565622091
mlp_4x100_gelu_dropout_l2,90,5,256,0.004823229741305113,0.004606904927641153
mlp_4x100_gelu_dropout_l2,90,5,257,0.004821470472961664,0.004617263097316027
mlp_4x100_gelu_dropout_l2,90,5,258,0.004824798554182053,0.004618207924067974
mlp_4x100_gelu_dropout_l2,90,5,259,0.004809602629393339,0.004622600041329861
mlp_4x100_gelu_dropout_l2,90,5,260,0.004805329255759716,0.004631873220205307
mlp_4x100_gelu_dropout_l2,90,5,261,0.004803624469786882,0.004602237604558468
mlp_4x100_gelu_dropout_l2,90,5,262,0.004801199771463871,0.00460361922159791
mlp_4x100_gelu_dropout_l2,90,5,263,0.004782309290021658,0.004617452621459961
mlp_4x100_gelu_dropout_l2,90,5,264,0.004793064668774605,0.004607158713042736
mlp_4x100_gelu_dropout_l2,90,5,265,0.004784328863024712,0.004614636301994324
mlp_4x100_gelu_dropout_l2,90,5,266,0.004780521150678396,0.004597846884280443
mlp_4x100_gelu_dropout_l2,90,5,267,0.004778075963258743,0.004594939295202494
mlp_4x100_gelu_dropout_l2,90,5,268,0.004765779711306095,0.004598703235387802
mlp_4x100_gelu_dropout_l2,90,5,269,0.004762408789247274,0.004594654310494661
mlp_4x100_gelu_dropout_l2,90,5,270,0.004767243750393391,0.004590649623423815
mlp_4x100_gelu_dropout_l2,90,5,271,0.004766439087688923,0.004618237726390362
mlp_4x100_gelu_dropout_l2,90,5,272,0.004757395945489407,0.004591543227434158
mlp_4x100_gelu_dropout_l2,90,5,273,0.004753638990223408,0.004608798772096634
mlp_4x100_gelu_dropout_l2,90,5,274,0.004749129991978407,0.00462720450013876
mlp_4x100_gelu_dropout_l2,90,5,275,0.004747420083731413,0.004630883689969778
mlp_4x100_gelu_dropout_l2,90,5,276,0.004747288301587105,0.004618746228516102
mlp_4x100_gelu_dropout_l2,90,5,277,0.004739537835121155,0.004625190049409866
mlp_4x100_gelu_dropout_l2,90,5,278,0.004747234284877777,0.004617447033524513
mlp_4x100_gelu_dropout_l2,90,5,279,0.004741908982396126,0.0045953672379255295
mlp_4x100_gelu_dropout_l2,90,5,280,0.004737380892038345,0.00460819061845541
mlp_4x100_gelu_dropout_l2,90,5,281,0.0047373296692967415,0.004609480034559965
mlp_4x100_gelu_dropout_l2,90,5,282,0.004728997591882944,0.004604007117450237
mlp_4x100_gelu_dropout_l2,90,5,283,0.004722439218312502,0.004626662004739046
mlp_4x100_gelu_dropout_l2,90,5,284,0.00472018588334322,0.004648220259696245
mlp_4x100_gelu_dropout_l2,90,5,285,0.004717562813311815,0.004640005528926849
mlp_4x100_gelu_dropout_l2,90,5,286,0.0047013117000460625,0.004633590113371611
mlp_4x100_gelu_dropout_l2,90,5,287,0.004706537816673517,0.004605816677212715
mlp_4x100_gelu_dropout_l2,90,5,288,0.004702533129602671,0.00459286430850625
mlp_4x100_gelu_dropout_l2,90,5,289,0.004691897425800562,0.004595701117068529
mlp_4x100_gelu_dropout_l2,90,5,290,0.004687332082539797,0.0045828185975551605
mlp_4x100_gelu_dropout_l2,90,5,291,0.00468421820551157,0.004586420021951199
mlp_4x100_gelu_dropout_l2,90,5,292,0.004682715050876141,0.00458790035918355
mlp_4x100_gelu_dropout_l2,90,5,293,0.00468247476965189,0.004591143690049648
mlp_4x100_gelu_dropout_l2,90,5,294,0.004665782675147057,0.004598916042596102
mlp_4x100_gelu_dropout_l2,90,5,295,0.004665778949856758,0.004575295373797417
mlp_4x100_gelu_dropout_l2,90,5,296,0.004668710753321648,0.004580741282552481
mlp_4x100_gelu_dropout_l2,90,5,297,0.004658771678805351,0.004581044893711805
mlp_4x100_gelu_dropout_l2,90,5,298,0.004656411707401276,0.004589938558638096
mlp_4x100_gelu_dropout_l2,90,5,299,0.0046448116190731525,0.004579440224915743
mlp_4x100_gelu_dropout_l2,90,5,300,0.004651101306080818,0.004606524482369423
mlp_4x100_gelu_dropout_l2,90,5,301,0.0046480568125844,0.004588557407259941
mlp_4x100_gelu_dropout_l2,90,5,302,0.004648326430469751,0.004607889801263809
mlp_4x100_gelu_dropout_l2,90,5,303,0.004642728250473738,0.004595647100359201
mlp_4x100_gelu_dropout_l2,90,5,304,0.004633678123354912,0.004581316374242306
mlp_4x100_gelu_dropout_l2,90,5,305,0.004635524470359087,0.004592811688780785
mlp_4x100_gelu_dropout_l2,90,5,306,0.004626958630979061,0.004593453370034695
mlp_4x100_gelu_dropout_l2,90,5,307,0.00462852418422699,0.0045846328139305115
mlp_4x100_gelu_dropout_l2,90,5,308,0.004629321396350861,0.004598368890583515
mlp_4x100_gelu_dropout_l2,90,5,309,0.004627000540494919,0.0045746732503175735
mlp_4x100_gelu_dropout_l2,90,5,310,0.004622235894203186,0.004595284815877676
mlp_4x100_gelu_dropout_l2,90,5,311,0.004615979269146919,0.004587454721331596
mlp_4x100_gelu_dropout_l2,90,5,312,0.004617081489413977,0.004597426392138004
mlp_4x100_gelu_dropout_l2,90,5,313,0.004612768534570932,0.004581407643854618
mlp_4x100_gelu_dropout_l2,90,5,314,0.004605642054229975,0.004580229055136442
mlp_4x100_gelu_dropout_l2,90,5,315,0.004615138750523329,0.004559544380754232
mlp_4x100_gelu_dropout_l2,90,5,316,0.004606203176081181,0.0045726909302175045
mlp_4x100_gelu_dropout_l2,90,5,317,0.004606698639690876,0.0045865364372730255
mlp_4x100_gelu_dropout_l2,90,5,318,0.0045958892442286015,0.004564356990158558
mlp_4x100_gelu_dropout_l2,90,5,319,0.004605118650943041,0.004572222009301186
mlp_4x100_gelu_dropout_l2,90,5,320,0.0045977090485394,0.00457986444234848
mlp_4x100_gelu_dropout_l2,90,5,321,0.0045952280052006245,0.004575422499328852
mlp_4x100_gelu_dropout_l2,90,5,322,0.004590264987200499,0.0045841834507882595
mlp_4x100_gelu_dropout_l2,90,5,323,0.00459383986890316,0.004587740637362003
mlp_4x100_gelu_dropout_l2,90,5,324,0.004589899443089962,0.004589398857206106
mlp_4x100_gelu_dropout_l2,90,5,325,0.004590846598148346,0.004596828017383814
mlp_4x100_gelu_dropout_l2,90,5,326,0.0045834919437766075,0.004576830193400383
mlp_4x100_gelu_dropout_l2,90,5,327,0.004587404429912567,0.004587613977491856
mlp_4x100_gelu_dropout_l2,90,5,328,0.004583224654197693,0.004591408185660839
mlp_4x100_gelu_dropout_l2,90,5,329,0.004572716541588306,0.0045769396238029
mlp_4x100_gelu_dropout_l2,90,5,330,0.004565170966088772,0.004585824906826019
mlp_4x100_gelu_dropout_l2,90,5,331,0.004576211795210838,0.00458255922421813
mlp_4x100_gelu_dropout_l2,90,5,332,0.004579491913318634,0.004597489722073078
mlp_4x100_gelu_dropout_l2,90,5,333,0.004565095528960228,0.004594740457832813
mlp_4x100_gelu_dropout_l2,90,5,334,0.00456494465470314,0.0046013216488063335
mlp_4x100_gelu_dropout_l2,90,5,335,0.004567025229334831,0.004615418612957001
mlp_4x100_gelu_dropout_l2,90,5,336,0.004563948605209589,0.00460843788459897
mlp_4x100_gelu_dropout_l2,90,5,337,0.004575506784021854,0.004624619614332914
mlp_4x100_gelu_dropout_l2,90,5,338,0.004564558621495962,0.004613155033439398
mlp_4x100_gelu_dropout_l2,90,5,339,0.004565675277262926,0.004620963241904974
mlp_4x100_gelu_dropout_l2,90,5,340,0.0045682452619075775,0.00461535295471549
mlp_4x100_gelu_dropout_l2,90,5,341,0.004566187970340252,0.004627739079296589
mlp_4x100_gelu_dropout_l2,90,5,342,0.0045629385858774185,0.00459701381623745
mlp_4x100_gelu_dropout_l2,90,5,343,0.004561473149806261,0.004579165484756231
mlp_4x100_gelu_dropout_l2,90,5,344,0.004570458550006151,0.004571264144033194
mlp_4x100_gelu_dropout_l2,90,5,345,0.004556720145046711,0.004567314870655537
mlp_4x100_gelu_dropout_l2,90,30,1,0.26964351534843445,0.07977912575006485
mlp_4x100_gelu_dropout_l2,90,30,2,0.1665733903646469,0.059703946113586426
mlp_4x100_gelu_dropout_l2,90,30,3,0.1250617653131485,0.04741901159286499
mlp_4x100_gelu_dropout_l2,90,30,4,0.10081662237644196,0.03880690038204193
mlp_4x100_gelu_dropout_l2,90,30,5,0.08415284007787704,0.03250156715512276
mlp_4x100_gelu_dropout_l2,90,30,6,0.07176747918128967,0.027645941823720932
mlp_4x100_gelu_dropout_l2,90,30,7,0.06236938759684563,0.023936539888381958
mlp_4x100_gelu_dropout_l2,90,30,8,0.055356767028570175,0.020972294732928276
mlp_4x100_gelu_dropout_l2,90,30,9,0.04964347183704376,0.018641404807567596
mlp_4x100_gelu_dropout_l2,90,30,10,0.04486224055290222,0.01677013374865055
mlp_4x100_gelu_dropout_l2,90,30,11,0.041141215711832047,0.015254862606525421
mlp_4x100_gelu_dropout_l2,90,30,12,0.037891797721385956,0.013967449776828289
mlp_4x100_gelu_dropout_l2,90,30,13,0.03520326316356659,0.012872394174337387
mlp_4x100_gelu_dropout_l2,90,30,14,0.03284564986824989,0.01197662204504013
mlp_4x100_gelu_dropout_l2,90,30,15,0.030621128156781197,0.011230147443711758
mlp_4x100_gelu_dropout_l2,90,30,16,0.028909744694828987,0.010576142929494381
mlp_4x100_gelu_dropout_l2,90,30,17,0.027090618386864662,0.009977052919566631
mlp_4x100_gelu_dropout_l2,90,30,18,0.025532279163599014,0.009497145190834999
mlp_4x100_gelu_dropout_l2,90,30,19,0.02418077178299427,0.009054825641214848
mlp_4x100_gelu_dropout_l2,90,30,20,0.022941842675209045,0.00864769984036684
mlp_4x100_gelu_dropout_l2,90,30,21,0.02176762744784355,0.008314874954521656
mlp_4x100_gelu_dropout_l2,90,30,22,0.02081526629626751,0.008013098500669003
mlp_4x100_gelu_dropout_l2,90,30,23,0.019854290410876274,0.007761273067444563
mlp_4x100_gelu_dropout_l2,90,30,24,0.018938027322292328,0.007538713049143553
mlp_4x100_gelu_dropout_l2,90,30,25,0.01818660832941532,0.007287387736141682
mlp_4x100_gelu_dropout_l2,90,30,26,0.017406564205884933,0.007106595207005739
mlp_4x100_gelu_dropout_l2,90,30,27,0.01670646294951439,0.006904112175107002
mlp_4x100_gelu_dropout_l2,90,30,28,0.01603270135819912,0.00675708195194602
mlp_4x100_gelu_dropout_l2,90,30,29,0.015452750958502293,0.006623054388910532
mlp_4x100_gelu_dropout_l2,90,30,30,0.014887074008584023,0.006501275114715099
mlp_4x100_gelu_dropout_l2,90,30,31,0.014455526135861874,0.006401458289474249
mlp_4x100_gelu_dropout_l2,90,30,32,0.013973857276141644,0.00628710025921464
mlp_4x100_gelu_dropout_l2,90,30,33,0.013535495847463608,0.006201561074703932
mlp_4x100_gelu_dropout_l2,90,30,34,0.013134973123669624,0.0061197467148303986
mlp_4x100_gelu_dropout_l2,90,30,35,0.012732909992337227,0.006052044220268726
mlp_4x100_gelu_dropout_l2,90,30,36,0.012415994890034199,0.005983240436762571
mlp_4x100_gelu_dropout_l2,90,30,37,0.012047646567225456,0.00592731311917305
mlp_4x100_gelu_dropout_l2,90,30,38,0.011741787195205688,0.005879302509129047
mlp_4x100_gelu_dropout_l2,90,30,39,0.011464972048997879,0.005819222424179316
mlp_4x100_gelu_dropout_l2,90,30,40,0.011205101385712624,0.005792985670268536
mlp_4x100_gelu_dropout_l2,90,30,41,0.010985003784298897,0.0057350690476596355
mlp_4x100_gelu_dropout_l2,90,30,42,0.010683674365282059,0.005706776399165392
mlp_4x100_gelu_dropout_l2,90,30,43,0.01047438569366932,0.00566678075119853
mlp_4x100_gelu_dropout_l2,90,30,44,0.01027192734181881,0.005642215255647898
mlp_4x100_gelu_dropout_l2,90,30,45,0.010094481520354748,0.005604524631053209
mlp_4x100_gelu_dropout_l2,90,30,46,0.009892533533275127,0.005578483920544386
mlp_4x100_gelu_dropout_l2,90,30,47,0.009733956307172775,0.005545299965888262
mlp_4x100_gelu_dropout_l2,90,30,48,0.009538990445435047,0.005529472138732672
mlp_4x100_gelu_dropout_l2,90,30,49,0.009351768530905247,0.00551074743270874
mlp_4x100_gelu_dropout_l2,90,30,50,0.009217549115419388,0.0054593775421381
mlp_4x100_gelu_dropout_l2,90,30,51,0.009056560695171356,0.005457015708088875
mlp_4x100_gelu_dropout_l2,90,30,52,0.008917508646845818,0.0054337866604328156
mlp_4x100_gelu_dropout_l2,90,30,53,0.008776291273534298,0.005422322079539299
mlp_4x100_gelu_dropout_l2,90,30,54,0.008634372614324093,0.005398523062467575
mlp_4x100_gelu_dropout_l2,90,30,55,0.008525848388671875,0.005368485581129789
mlp_4x100_gelu_dropout_l2,90,30,56,0.008400903083384037,0.005346731282770634
mlp_4x100_gelu_dropout_l2,90,30,57,0.00826356839388609,0.005330623593181372
mlp_4x100_gelu_dropout_l2,90,30,58,0.008169436827301979,0.0053158532828092575
mlp_4x100_gelu_dropout_l2,90,30,59,0.008071349933743477,0.005291956476867199
mlp_4x100_gelu_dropout_l2,90,30,60,0.007952334359288216,0.005283116362988949
mlp_4x100_gelu_dropout_l2,90,30,61,0.007860653102397919,0.005267114844173193
mlp_4x100_gelu_dropout_l2,90,30,62,0.00776981096714735,0.0052366177551448345
mlp_4x100_gelu_dropout_l2,90,30,63,0.007678537629544735,0.0052273692563176155
mlp_4x100_gelu_dropout_l2,90,30,64,0.007582967635244131,0.005203688517212868
mlp_4x100_gelu_dropout_l2,90,30,65,0.007487344555556774,0.005190303083509207
mlp_4x100_gelu_dropout_l2,90,30,66,0.007421574089676142,0.005173795856535435
mlp_4x100_gelu_dropout_l2,90,30,67,0.00731973210349679,0.005158322397619486
mlp_4x100_gelu_dropout_l2,90,30,68,0.007234168704599142,0.0051374416798353195
mlp_4x100_gelu_dropout_l2,90,30,69,0.0071769095957279205,0.005125351715832949
mlp_4x100_gelu_dropout_l2,90,30,70,0.00709796417504549,0.005118509288877249
mlp_4x100_gelu_dropout_l2,90,30,71,0.007017049007117748,0.0050915819592773914
mlp_4x100_gelu_dropout_l2,90,30,72,0.006950370967388153,0.00507277762517333
mlp_4x100_gelu_dropout_l2,90,30,73,0.00687383720651269,0.005057689733803272
mlp_4x100_gelu_dropout_l2,90,30,74,0.006819163449108601,0.00503926957026124
mlp_4x100_gelu_dropout_l2,90,30,75,0.006734368856996298,0.005022708792239428
mlp_4x100_gelu_dropout_l2,90,30,76,0.0066830976866185665,0.00500416848808527
mlp_4x100_gelu_dropout_l2,90,30,77,0.006623216904699802,0.004990219138562679
mlp_4x100_gelu_dropout_l2,90,30,78,0.0065659936517477036,0.0049744537100195885
mlp_4x100_gelu_dropout_l2,90,30,79,0.006505830213427544,0.004955825861543417
mlp_4x100_gelu_dropout_l2,90,30,80,0.00644592335447669,0.004933270160108805
mlp_4x100_gelu_dropout_l2,90,30,81,0.0063870870508253574,0.004914893303066492
mlp_4x100_gelu_dropout_l2,90,30,82,0.00633105356246233,0.004899244289845228
mlp_4x100_gelu_dropout_l2,90,30,83,0.006278882268816233,0.004880860447883606
mlp_4x100_gelu_dropout_l2,90,30,84,0.006228310987353325,0.00485820509493351
mlp_4x100_gelu_dropout_l2,90,30,85,0.0061722490936517715,0.004845054820179939
mlp_4x100_gelu_dropout_l2,90,30,86,0.006120217964053154,0.0048234956339001656
mlp_4x100_gelu_dropout_l2,90,30,87,0.006075457204133272,0.004802701063454151
mlp_4x100_gelu_dropout_l2,90,30,88,0.0060311900451779366,0.004788768943399191
mlp_4x100_gelu_dropout_l2,90,30,89,0.005977580323815346,0.004768030717968941
mlp_4x100_gelu_dropout_l2,90,30,90,0.005937531590461731,0.004752407781779766
mlp_4x100_gelu_dropout_l2,90,30,91,0.005889349617063999,0.004724625963717699
mlp_4x100_gelu_dropout_l2,90,30,92,0.005839289166033268,0.004704247694462538
mlp_4x100_gelu_dropout_l2,90,30,93,0.005797743797302246,0.004684089217334986
mlp_4x100_gelu_dropout_l2,90,30,94,0.005756009835749865,0.004664878826588392
mlp_4x100_gelu_dropout_l2,90,30,95,0.005716044921427965,0.004645950626581907
mlp_4x100_gelu_dropout_l2,90,30,96,0.0056765140034258366,0.00462234066799283
mlp_4x100_gelu_dropout_l2,90,30,97,0.0056292349472641945,0.004606293048709631
mlp_4x100_gelu_dropout_l2,90,30,98,0.005586259067058563,0.004583227448165417
mlp_4x100_gelu_dropout_l2,90,30,99,0.005551175680011511,0.004563098773360252
mlp_4x100_gelu_dropout_l2,90,30,100,0.005507092922925949,0.00454021617770195
mlp_4x100_gelu_dropout_l2,90,30,101,0.00546981068328023,0.004518864676356316
mlp_4x100_gelu_dropout_l2,90,30,102,0.00543159618973732,0.00449787825345993
mlp_4x100_gelu_dropout_l2,90,30,103,0.00539243221282959,0.0044728838838636875
mlp_4x100_gelu_dropout_l2,90,30,104,0.005348652135580778,0.004448676481842995
mlp_4x100_gelu_dropout_l2,90,30,105,0.0053138332441449165,0.004426117055118084
mlp_4x100_gelu_dropout_l2,90,30,106,0.005269813816994429,0.004404821433126926
mlp_4x100_gelu_dropout_l2,90,30,107,0.005243823863565922,0.00437889713793993
mlp_4x100_gelu_dropout_l2,90,30,108,0.005200037267059088,0.004357744008302689
mlp_4x100_gelu_dropout_l2,90,30,109,0.00516194012016058,0.004334819968789816
mlp_4x100_gelu_dropout_l2,90,30,110,0.0051315282471477985,0.0043071722611784935
mlp_4x100_gelu_dropout_l2,90,30,111,0.0050898268818855286,0.004285336472094059
mlp_4x100_gelu_dropout_l2,90,30,112,0.005058621987700462,0.004260447341948748
mlp_4x100_gelu_dropout_l2,90,30,113,0.005022754892706871,0.0042329346761107445
mlp_4x100_gelu_dropout_l2,90,30,114,0.004985397681593895,0.0042096092365682125
mlp_4x100_gelu_dropout_l2,90,30,115,0.0049483939073979855,0.004182595293968916
mlp_4x100_gelu_dropout_l2,90,30,116,0.004916737787425518,0.00416063005104661
mlp_4x100_gelu_dropout_l2,90,30,117,0.004879359621554613,0.004131315276026726
mlp_4x100_gelu_dropout_l2,90,30,118,0.004845849703997374,0.004105522762984037
mlp_4x100_gelu_dropout_l2,90,30,119,0.0048087178729474545,0.0040802680887281895
mlp_4x100_gelu_dropout_l2,90,30,120,0.004774090833961964,0.00405107019469142
mlp_4x100_gelu_dropout_l2,90,30,121,0.004737203940749168,0.0040244972333312035
mlp_4x100_gelu_dropout_l2,90,30,122,0.004702046979218721,0.00399496266618371
mlp_4x100_gelu_dropout_l2,90,30,123,0.004667435307055712,0.003967877011746168
mlp_4x100_gelu_dropout_l2,90,30,124,0.004633610136806965,0.003942154347896576
mlp_4x100_gelu_dropout_l2,90,30,125,0.004597270395606756,0.003912041429430246
mlp_4x100_gelu_dropout_l2,90,30,126,0.004563743248581886,0.003885779296979308
mlp_4x100_gelu_dropout_l2,90,30,127,0.004528113640844822,0.003857092699036002
mlp_4x100_gelu_dropout_l2,90,30,128,0.004492833279073238,0.003826832165941596
mlp_4x100_gelu_dropout_l2,90,30,129,0.004461188334971666,0.003798902966082096
mlp_4x100_gelu_dropout_l2,90,30,130,0.004423824138939381,0.003768752794712782
mlp_4x100_gelu_dropout_l2,90,30,131,0.004388791974633932,0.003738926723599434
mlp_4x100_gelu_dropout_l2,90,30,132,0.00435284897685051,0.0037109912373125553
mlp_4x100_gelu_dropout_l2,90,30,133,0.004321357235312462,0.0036800189409404993
mlp_4x100_gelu_dropout_l2,90,30,134,0.0042845336720347404,0.0036487348843365908
mlp_4x100_gelu_dropout_l2,90,30,135,0.004251261707395315,0.003619262482970953
mlp_4x100_gelu_dropout_l2,90,30,136,0.004213963635265827,0.0035875586327165365
mlp_4x100_gelu_dropout_l2,90,30,137,0.0041788723319768906,0.003558499040082097
mlp_4x100_gelu_dropout_l2,90,30,138,0.004145058803260326,0.003527448745444417
mlp_4x100_gelu_dropout_l2,90,30,139,0.004109223838895559,0.0034978347830474377
mlp_4x100_gelu_dropout_l2,90,30,140,0.0040762759745121,0.0034664024133235216
mlp_4x100_gelu_dropout_l2,90,30,141,0.004039711318910122,0.0034370890352874994
mlp_4x100_gelu_dropout_l2,90,30,142,0.004007652401924133,0.0034038617741316557
mlp_4x100_gelu_dropout_l2,90,30,143,0.003972135484218597,0.0033747595734894276
mlp_4x100_gelu_dropout_l2,90,30,144,0.003938309382647276,0.003343672724440694
mlp_4x100_gelu_dropout_l2,90,30,145,0.0039032488130033016,0.0033091758377850056
mlp_4x100_gelu_dropout_l2,90,30,146,0.0038688662461936474,0.0032806540839374065
mlp_4x100_gelu_dropout_l2,90,30,147,0.0038374769501388073,0.003249598667025566
mlp_4x100_gelu_dropout_l2,90,30,148,0.003800214733928442,0.0032183858565986156
mlp_4x100_gelu_dropout_l2,90,30,149,0.0037674973718822002,0.003187228227034211
mlp_4x100_gelu_dropout_l2,90,30,150,0.003733803518116474,0.0031566875986754894
mlp_4x100_gelu_dropout_l2,90,30,151,0.0036995289847254753,0.0031249893363565207
mlp_4x100_gelu_dropout_l2,90,30,152,0.0036663657519966364,0.0030949581414461136
mlp_4x100_gelu_dropout_l2,90,30,153,0.003632912877947092,0.0030644165817648172
mlp_4x100_gelu_dropout_l2,90,30,154,0.003599156392738223,0.0030333232134580612
mlp_4x100_gelu_dropout_l2,90,30,155,0.003564955200999975,0.003004038240760565
mlp_4x100_gelu_dropout_l2,90,30,156,0.0035346620716154575,0.0029735055286437273
mlp_4x100_gelu_dropout_l2,90,30,157,0.0035010352730751038,0.0029426233377307653
mlp_4x100_gelu_dropout_l2,90,30,158,0.0034695903304964304,0.0029112298507243395
mlp_4x100_gelu_dropout_l2,90,30,159,0.0034368576016277075,0.0028821511659771204
mlp_4x100_gelu_dropout_l2,90,30,160,0.003406302072107792,0.0028534752782434225
mlp_4x100_gelu_dropout_l2,90,30,161,0.003373457584530115,0.002823105314746499
mlp_4x100_gelu_dropout_l2,90,30,162,0.003342947456985712,0.002793742809444666
mlp_4x100_gelu_dropout_l2,90,30,163,0.0033116666600108147,0.002766063902527094
mlp_4x100_gelu_dropout_l2,90,30,164,0.0032826708629727364,0.0027383717242628336
mlp_4x100_gelu_dropout_l2,90,30,165,0.003252018243074417,0.0027118688449263573
mlp_4x100_gelu_dropout_l2,90,30,166,0.003222975879907608,0.002682275837287307
mlp_4x100_gelu_dropout_l2,90,30,167,0.0031933283898979425,0.0026554991491138935
mlp_4x100_gelu_dropout_l2,90,30,168,0.0031634692568331957,0.002630018861964345
mlp_4x100_gelu_dropout_l2,90,30,169,0.0031370704527944326,0.0026019951328635216
mlp_4x100_gelu_dropout_l2,90,30,170,0.003108138684183359,0.0025761486031115055
mlp_4x100_gelu_dropout_l2,90,30,171,0.0030812190379947424,0.0025500617921352386
mlp_4x100_gelu_dropout_l2,90,30,172,0.003054594388231635,0.0025235223583877087
mlp_4x100_gelu_dropout_l2,90,30,173,0.0030273855663836002,0.0024996923748403788
mlp_4x100_gelu_dropout_l2,90,30,174,0.0030010207556188107,0.0024747413117438555
mlp_4x100_gelu_dropout_l2,90,30,175,0.0029771323315799236,0.0024519243743270636
mlp_4x100_gelu_dropout_l2,90,30,176,0.002952329348772764,0.0024268601555377245
mlp_4x100_gelu_dropout_l2,90,30,177,0.0029263608157634735,0.002403747523203492
mlp_4x100_gelu_dropout_l2,90,30,178,0.002901836298406124,0.0023812581785023212
mlp_4x100_gelu_dropout_l2,90,30,179,0.002877985592931509,0.0023605762980878353
mlp_4x100_gelu_dropout_l2,90,30,180,0.002855300437659025,0.002337727230042219
mlp_4x100_gelu_dropout_l2,90,30,181,0.0028325608000159264,0.0023160637356340885
mlp_4x100_gelu_dropout_l2,90,30,182,0.0028080062475055456,0.0022953518200665712
mlp_4x100_gelu_dropout_l2,90,30,183,0.0027848132885992527,0.0022751945070922375
mlp_4x100_gelu_dropout_l2,90,30,184,0.002761500421911478,0.0022554772440344095
mlp_4x100_gelu_dropout_l2,90,30,185,0.002738016890361905,0.0022364265751093626
mlp_4x100_gelu_dropout_l2,90,30,186,0.002714070724323392,0.0022194343619048595
mlp_4x100_gelu_dropout_l2,90,30,187,0.0026899550575762987,0.0022028705570846796
mlp_4x100_gelu_dropout_l2,90,30,188,0.0026624882593750954,0.002187360543757677
mlp_4x100_gelu_dropout_l2,90,30,189,0.0026372962165623903,0.0021774957422167063
mlp_4x100_gelu_dropout_l2,90,30,190,0.0026117542292922735,0.0021652798168361187
mlp_4x100_gelu_dropout_l2,90,30,191,0.002584545174613595,0.002156429225578904
mlp_4x100_gelu_dropout_l2,90,30,192,0.0025589680299162865,0.002144851488992572
mlp_4x100_gelu_dropout_l2,90,30,193,0.002536315703764558,0.0021381147671490908
mlp_4x100_gelu_dropout_l2,90,30,194,0.002516024513170123,0.0021281950175762177
mlp_4x100_gelu_dropout_l2,90,30,195,0.0024900862481445074,0.0021194610744714737
mlp_4x100_gelu_dropout_l2,90,30,196,0.002474070293828845,0.0021090032532811165
mlp_4x100_gelu_dropout_l2,90,30,197,0.0024524317122995853,0.0021048777271062136
mlp_4x100_gelu_dropout_l2,90,30,198,0.0024312781170010567,0.0020923116244375706
mlp_4x100_gelu_dropout_l2,90,30,199,0.0024158500600606203,0.0020845141261816025
mlp_4x100_gelu_dropout_l2,90,30,200,0.0023980350233614445,0.0020793224684894085
mlp_4x100_gelu_dropout_l2,90,30,201,0.0023822474759072065,0.002070097951218486
mlp_4x100_gelu_dropout_l2,90,30,202,0.002367596607655287,0.0020644983742386103
mlp_4x100_gelu_dropout_l2,90,30,203,0.002350196475163102,0.002057836391031742
mlp_4x100_gelu_dropout_l2,90,30,204,0.0023364240769296885,0.002048920141533017
mlp_4x100_gelu_dropout_l2,90,30,205,0.00232661422342062,0.002035883255302906
mlp_4x100_gelu_dropout_l2,90,30,206,0.0023055532947182655,0.0020373808220028877
mlp_4x100_gelu_dropout_l2,90,30,207,0.0022955669555813074,0.002029230585321784
mlp_4x100_gelu_dropout_l2,90,30,208,0.0022827445063740015,0.002016302663832903
mlp_4x100_gelu_dropout_l2,90,30,209,0.0022743381559848785,0.0020125845912843943
mlp_4x100_gelu_dropout_l2,90,30,210,0.00225838297046721,0.0020148232579231262
mlp_4x100_gelu_dropout_l2,90,30,211,0.002247411059215665,0.0020033796317875385
mlp_4x100_gelu_dropout_l2,90,30,212,0.00223949970677495,0.001997888321056962
mlp_4x100_gelu_dropout_l2,90,30,213,0.002229170175269246,0.001995829166844487
mlp_4x100_gelu_dropout_l2,90,30,214,0.0022188941948115826,0.001989853335544467
mlp_4x100_gelu_dropout_l2,90,30,215,0.0022127910051494837,0.001983600202947855
mlp_4x100_gelu_dropout_l2,90,30,216,0.002197008579969406,0.001977612031623721
mlp_4x100_gelu_dropout_l2,90,30,217,0.0021933671087026596,0.0019740501884371042
mlp_4x100_gelu_dropout_l2,90,30,218,0.002182028256356716,0.001970360055565834
mlp_4x100_gelu_dropout_l2,90,30,219,0.0021737529896199703,0.001967544201761484
mlp_4x100_gelu_dropout_l2,90,30,220,0.0021666758693754673,0.0019646978471428156
mlp_4x100_gelu_dropout_l2,90,30,221,0.0021593866404145956,0.0019601809326559305
mlp_4x100_gelu_dropout_l2,90,30,222,0.002153057372197509,0.00195727264508605
mlp_4x100_gelu_dropout_l2,90,30,223,0.002147413557395339,0.0019483669893816113
mlp_4x100_gelu_dropout_l2,90,30,224,0.0021436552051454782,0.0019471158739179373
mlp_4x100_gelu_dropout_l2,90,30,225,0.002132038353011012,0.0019421412143856287
mlp_4x100_gelu_dropout_l2,90,30,226,0.0021241784561425447,0.001941616996191442
mlp_4x100_gelu_dropout_l2,90,30,227,0.002119951881468296,0.0019412655383348465
mlp_4x100_gelu_dropout_l2,90,30,228,0.002110482659190893,0.0019363599130883813
mlp_4x100_gelu_dropout_l2,90,30,229,0.0021063433960080147,0.001933271181769669
mlp_4x100_gelu_dropout_l2,90,30,230,0.0021008204203099012,0.0019355375552549958
mlp_4x100_gelu_dropout_l2,90,30,231,0.002097086049616337,0.0019296655664220452
mlp_4x100_gelu_dropout_l2,90,30,232,0.002092100912705064,0.001926695927977562
mlp_4x100_gelu_dropout_l2,90,30,233,0.0020873225294053555,0.0019271624041721225
mlp_4x100_gelu_dropout_l2,90,30,234,0.002080713165923953,0.001927272998727858
mlp_4x100_gelu_dropout_l2,90,30,235,0.0020749270915985107,0.0019209643360227346
mlp_4x100_gelu_dropout_l2,90,30,236,0.0020703980699181557,0.0019167624413967133
mlp_4x100_gelu_dropout_l2,90,30,237,0.002066955901682377,0.0019157985225319862
mlp_4x100_gelu_dropout_l2,90,30,238,0.002063232706859708,0.001915506785735488
mlp_4x100_gelu_dropout_l2,90,30,239,0.0020547567401081324,0.00191505195107311
mlp_4x100_gelu_dropout_l2,90,30,240,0.002053432632237673,0.0019120118813589215
mlp_4x100_gelu_dropout_l2,90,30,241,0.0020477967336773872,0.0019115627510473132
mlp_4x100_gelu_dropout_l2,90,30,242,0.002047543879598379,0.0019046181114390492
mlp_4x100_gelu_dropout_l2,90,30,243,0.002039543120190501,0.0019103559898212552
mlp_4x100_gelu_dropout_l2,90,30,244,0.0020382062066346407,0.0019026799127459526
mlp_4x100_gelu_dropout_l2,90,30,245,0.00203420571051538,0.0019040699116885662
mlp_4x100_gelu_dropout_l2,90,30,246,0.002032181713730097,0.0019011290278285742
mlp_4x100_gelu_dropout_l2,90,30,247,0.0020273812115192413,0.0019005597569048405
mlp_4x100_gelu_dropout_l2,90,30,248,0.0020239620935171843,0.0018994439160451293
mlp_4x100_gelu_dropout_l2,90,30,249,0.0020190139766782522,0.0019033241551369429
mlp_4x100_gelu_dropout_l2,90,30,250,0.00201795413158834,0.0018959295703098178
mlp_4x100_gelu_dropout_l2,90,30,251,0.002012184588238597,0.0018943919567391276
mlp_4x100_gelu_dropout_l2,90,30,252,0.0020093645434826612,0.0018955975538119674
mlp_4x100_gelu_dropout_l2,90,30,253,0.0020080863032490015,0.0018937628483399749
mlp_4x100_gelu_dropout_l2,90,30,254,0.0020081091206520796,0.0018910960061475635
mlp_4x100_gelu_dropout_l2,90,30,255,0.0020051326137036085,0.0018951550591737032
mlp_4x100_gelu_dropout_l2,90,30,256,0.001996621722355485,0.0018863289151340723
mlp_4x100_gelu_dropout_l2,90,30,257,0.0019962037913501263,0.0018909184727817774
mlp_4x100_gelu_dropout_l2,90,30,258,0.001992161851376295,0.0018898876151069999
mlp_4x100_gelu_dropout_l2,90,30,259,0.0019923781510442495,0.0018931165104731917
mlp_4x100_gelu_dropout_l2,90,30,260,0.0019900454208254814,0.0018833266803994775
mlp_4x100_gelu_dropout_l2,90,30,261,0.0019853238482028246,0.0018864773446694016
mlp_4x100_gelu_dropout_l2,90,30,262,0.0019804418552666903,0.0018871624488383532
mlp_4x100_gelu_dropout_l2,90,30,263,0.001981929875910282,0.0018881014548242092
mlp_4x100_gelu_dropout_l2,90,30,264,0.001981876790523529,0.0018890725914388895
mlp_4x100_gelu_dropout_l2,90,30,265,0.0019736960530281067,0.0018860099371522665
mlp_4x100_gelu_dropout_l2,90,30,266,0.0019741212017834187,0.0018854751251637936
mlp_4x100_gelu_dropout_l2,90,30,267,0.001975445542484522,0.0018860650015994906
mlp_4x100_gelu_dropout_l2,90,30,268,0.0019702452700585127,0.0018836675444617867
mlp_4x100_gelu_dropout_l2,90,30,269,0.0019661192782223225,0.0018804180435836315
mlp_4x100_gelu_dropout_l2,90,30,270,0.0019691993948072195,0.0018798087257891893
mlp_4x100_gelu_dropout_l2,90,30,271,0.0019630491733551025,0.001880197785794735
mlp_4x100_gelu_dropout_l2,90,30,272,0.0019604405388236046,0.0018792017363011837
mlp_4x100_gelu_dropout_l2,90,30,273,0.001960461027920246,0.001880205818451941
mlp_4x100_gelu_dropout_l2,90,30,274,0.0019560251384973526,0.00188228499609977
mlp_4x100_gelu_dropout_l2,90,30,275,0.0019579590298235416,0.0018834215588867664
mlp_4x100_gelu_dropout_l2,90,30,276,0.001955476589500904,0.0018797448137775064
mlp_4x100_gelu_dropout_l2,90,30,277,0.0019553399179130793,0.0018805767176672816
mlp_4x100_gelu_dropout_l2,90,30,278,0.0019524836679920554,0.0018833886133506894
mlp_4x100_gelu_dropout_l2,90,30,279,0.0019519907655194402,0.001878062030300498
mlp_4x100_gelu_dropout_l2,90,30,280,0.0019451098050922155,0.0018776037031784654
mlp_4x100_gelu_dropout_l2,90,30,281,0.0019446187652647495,0.00188257300760597
mlp_4x100_gelu_dropout_l2,90,30,282,0.0019435478607192636,0.001880133175291121
mlp_4x100_gelu_dropout_l2,90,30,283,0.001940301968716085,0.0018810584442690015
mlp_4x100_gelu_dropout_l2,90,30,284,0.0019418958108872175,0.0018778707599267364
mlp_4x100_gelu_dropout_l2,90,30,285,0.0019430220127105713,0.0018813316710293293
mlp_4x100_gelu_dropout_l2,90,30,286,0.00193736981600523,0.0018773904303088784
mlp_4x100_gelu_dropout_l2,90,30,287,0.0019382250029593706,0.0018776494543999434
mlp_4x100_gelu_dropout_l2,90,30,288,0.0019372910028323531,0.001875471556559205
mlp_4x100_gelu_dropout_l2,90,30,289,0.0019335695542395115,0.0018830918706953526
mlp_4x100_gelu_dropout_l2,90,30,290,0.0019335359102115035,0.001883027027361095
mlp_4x100_gelu_dropout_l2,90,30,291,0.001933308900333941,0.0018830866320058703
mlp_4x100_gelu_dropout_l2,90,30,292,0.0019313800148665905,0.0018715752521529794
mlp_4x100_gelu_dropout_l2,90,30,293,0.0019300100393593311,0.0018758219666779041
mlp_4x100_gelu_dropout_l2,90,30,294,0.001928876037709415,0.0018747294088825583
mlp_4x100_gelu_dropout_l2,90,30,295,0.0019273895304650068,0.0018753791227936745
mlp_4x100_gelu_dropout_l2,90,30,296,0.0019246703013777733,0.0018760161474347115
mlp_4x100_gelu_dropout_l2,90,30,297,0.0019258143147453666,0.0018800507532432675
mlp_4x100_gelu_dropout_l2,90,30,298,0.0019237762317061424,0.00187737459782511
mlp_4x100_gelu_dropout_l2,90,30,299,0.0019219762180000544,0.0018737594364210963
mlp_4x100_gelu_dropout_l2,90,30,300,0.001920307520776987,0.0018846305320039392
mlp_4x100_gelu_dropout_l2,90,30,301,0.0019160129595547915,0.0018825010629370809
mlp_4x100_gelu_dropout_l2,90,30,302,0.0019166540587320924,0.0018849814077839255
mlp_4x100_gelu_dropout_l2,90,30,303,0.0019158873474225402,0.0018825804581865668
mlp_4x100_gelu_dropout_l2,90,30,304,0.0019160748925060034,0.0018824610160663724
mlp_4x100_gelu_dropout_l2,90,30,305,0.0019123123493045568,0.0018815792864188552
mlp_4x100_gelu_dropout_l2,90,30,306,0.0019092247821390629,0.001874560839496553
mlp_4x100_gelu_dropout_l2,90,30,307,0.0019154890906065702,0.0018774751806631684
mlp_4x100_gelu_dropout_l2,90,30,308,0.0019137673079967499,0.0018736880738288164
mlp_4x100_gelu_dropout_l2,90,30,309,0.001908567501232028,0.001881657401099801
mlp_4x100_gelu_dropout_l2,90,30,310,0.00190445885527879,0.0018796937074512243
mlp_4x100_gelu_dropout_l2,90,30,311,0.001905303681269288,0.0018776161596179008
mlp_4x100_gelu_dropout_l2,90,30,312,0.0019092158181592822,0.001878670183941722
mlp_4x100_gelu_dropout_l2,90,30,313,0.0019059680635109544,0.0018804088467732072
mlp_4x100_gelu_dropout_l2,90,30,314,0.0019057042663916945,0.0018818678800016642
mlp_4x100_gelu_dropout_l2,90,30,315,0.001902236370369792,0.0018743315013125539
mlp_4x100_gelu_dropout_l2,90,30,316,0.0019032062264159322,0.00187383231241256
mlp_4x100_gelu_dropout_l2,90,30,317,0.001900630653835833,0.001874930807389319
mlp_4x100_gelu_dropout_l2,90,30,318,0.0019018438179045916,0.001876956899650395
mlp_4x100_gelu_dropout_l2,90,30,319,0.0018981300527229905,0.001874279580079019
mlp_4x100_gelu_dropout_l2,90,30,320,0.0019017711747437716,0.0018793048802763224
mlp_4x100_gelu_dropout_l2,90,30,321,0.0018995222635567188,0.0018805807922035456
mlp_4x100_gelu_dropout_l2,90,30,322,0.0018944957992061973,0.0018828223692253232
mlp_4x100_gelu_dropout_l2,90,90,1,0.2699786424636841,0.07864195853471756
mlp_4x100_gelu_dropout_l2,90,90,2,0.16672402620315552,0.05897197127342224
mlp_4x100_gelu_dropout_l2,90,90,3,0.125165194272995,0.046889688819646835
mlp_4x100_gelu_dropout_l2,90,90,4,0.10086282342672348,0.038387760519981384
mlp_4x100_gelu_dropout_l2,90,90,5,0.08419445902109146,0.03217017650604248
mlp_4x100_gelu_dropout_l2,90,90,6,0.07179590314626694,0.02736801467835903
mlp_4x100_gelu_dropout_l2,90,90,7,0.062374599277973175,0.023696057498455048
mlp_4x100_gelu_dropout_l2,90,90,8,0.05535141006112099,0.020741404965519905
mlp_4x100_gelu_dropout_l2,90,90,9,0.04962315410375595,0.01842948980629444
mlp_4x100_gelu_dropout_l2,90,90,10,0.0448295883834362,0.016557125374674797
mlp_4x100_gelu_dropout_l2,90,90,11,0.041108231991529465,0.01504263561218977
mlp_4x100_gelu_dropout_l2,90,90,12,0.0378350131213665,0.01375613734126091
mlp_4x100_gelu_dropout_l2,90,90,13,0.03514533117413521,0.012644282542169094
mlp_4x100_gelu_dropout_l2,90,90,14,0.032780010253190994,0.011744108982384205
mlp_4x100_gelu_dropout_l2,90,90,15,0.030544940382242203,0.0109931081533432
mlp_4x100_gelu_dropout_l2,90,90,16,0.028815478086471558,0.010324738919734955
mlp_4x100_gelu_dropout_l2,90,90,17,0.026992779225111008,0.009711353108286858
mlp_4x100_gelu_dropout_l2,90,90,18,0.025434095412492752,0.009218931198120117
mlp_4x100_gelu_dropout_l2,90,90,19,0.024067707359790802,0.008756913244724274
mlp_4x100_gelu_dropout_l2,90,90,20,0.02282007597386837,0.008342918939888477
mlp_4x100_gelu_dropout_l2,90,90,21,0.02164083905518055,0.00797971524298191
mlp_4x100_gelu_dropout_l2,90,90,22,0.02066870965063572,0.007661254610866308
mlp_4x100_gelu_dropout_l2,90,90,23,0.01969136670231819,0.007387296762317419
mlp_4x100_gelu_dropout_l2,90,90,24,0.018769988790154457,0.007137739565223455
mlp_4x100_gelu_dropout_l2,90,90,25,0.0180111825466156,0.0068709575571119785
mlp_4x100_gelu_dropout_l2,90,90,26,0.017220687121152878,0.006686116103082895
mlp_4x100_gelu_dropout_l2,90,90,27,0.016499467194080353,0.00645436579361558
mlp_4x100_gelu_dropout_l2,90,90,28,0.015825586393475533,0.006286792457103729
mlp_4x100_gelu_dropout_l2,90,90,29,0.015232877805829048,0.006141462828963995
mlp_4x100_gelu_dropout_l2,90,90,30,0.014653961174190044,0.00599350780248642
mlp_4x100_gelu_dropout_l2,90,90,31,0.014204784296452999,0.005888350307941437
mlp_4x100_gelu_dropout_l2,90,90,32,0.013717330992221832,0.0057487706653773785
mlp_4x100_gelu_dropout_l2,90,90,33,0.013260348699986935,0.005647675134241581
mlp_4x100_gelu_dropout_l2,90,90,34,0.012862765230238438,0.005542377941310406
mlp_4x100_gelu_dropout_l2,90,90,35,0.01244015246629715,0.005460719112306833
mlp_4x100_gelu_dropout_l2,90,90,36,0.012112943455576897,0.005373982712626457
mlp_4x100_gelu_dropout_l2,90,90,37,0.011733002960681915,0.005305688828229904
mlp_4x100_gelu_dropout_l2,90,90,38,0.011420357041060925,0.0052421498112380505
mlp_4x100_gelu_dropout_l2,90,90,39,0.011131931096315384,0.005180086474865675
mlp_4x100_gelu_dropout_l2,90,90,40,0.010862702503800392,0.005141608417034149
mlp_4x100_gelu_dropout_l2,90,90,41,0.01062886044383049,0.00507778488099575
mlp_4x100_gelu_dropout_l2,90,90,42,0.010319226421415806,0.005050481762737036
mlp_4x100_gelu_dropout_l2,90,90,43,0.010095340199768543,0.004980751778930426
mlp_4x100_gelu_dropout_l2,90,90,44,0.009880660101771355,0.004963347222656012
mlp_4x100_gelu_dropout_l2,90,90,45,0.009694783017039299,0.004917270503938198
mlp_4x100_gelu_dropout_l2,90,90,46,0.009484631940722466,0.004876216407865286
mlp_4x100_gelu_dropout_l2,90,90,47,0.00931249838322401,0.004850437864661217
mlp_4x100_gelu_dropout_l2,90,90,48,0.009106515906751156,0.0048231384716928005
mlp_4x100_gelu_dropout_l2,90,90,49,0.008909743279218674,0.004796002060174942
mlp_4x100_gelu_dropout_l2,90,90,50,0.008762871846556664,0.004753132350742817
mlp_4x100_gelu_dropout_l2,90,90,51,0.008595882914960384,0.00473924120888114
mlp_4x100_gelu_dropout_l2,90,90,52,0.00844535231590271,0.004703636281192303
mlp_4x100_gelu_dropout_l2,90,90,53,0.008294407278299332,0.004699258599430323
mlp_4x100_gelu_dropout_l2,90,90,54,0.008142211474478245,0.00465440796688199
mlp_4x100_gelu_dropout_l2,90,90,55,0.008025658316910267,0.004630854818969965
mlp_4x100_gelu_dropout_l2,90,90,56,0.007891111075878143,0.004602725617587566
mlp_4x100_gelu_dropout_l2,90,90,57,0.007742668502032757,0.004600632470101118
mlp_4x100_gelu_dropout_l2,90,90,58,0.007638393901288509,0.0045869117602705956
mlp_4x100_gelu_dropout_l2,90,90,59,0.0075333453714847565,0.004544299095869064
mlp_4x100_gelu_dropout_l2,90,90,60,0.007405906915664673,0.004530813544988632
mlp_4x100_gelu_dropout_l2,90,90,61,0.007302347104996443,0.004517408553510904
mlp_4x100_gelu_dropout_l2,90,90,62,0.007196636404842138,0.004485498182475567
mlp_4x100_gelu_dropout_l2,90,90,63,0.007101641967892647,0.004478019196540117
mlp_4x100_gelu_dropout_l2,90,90,64,0.00699601648375392,0.004463625606149435
mlp_4x100_gelu_dropout_l2,90,90,65,0.006888714153319597,0.004438481293618679
mlp_4x100_gelu_dropout_l2,90,90,66,0.006808027625083923,0.004422178491950035
mlp_4x100_gelu_dropout_l2,90,90,67,0.006705401930958033,0.0044184476137161255
mlp_4x100_gelu_dropout_l2,90,90,68,0.006609213538467884,0.0043775951489806175
mlp_4x100_gelu_dropout_l2,90,90,69,0.006540813483297825,0.004370405804365873
mlp_4x100_gelu_dropout_l2,90,90,70,0.006458528805524111,0.004359214100986719
mlp_4x100_gelu_dropout_l2,90,90,71,0.006366970483213663,0.0043325116857886314
mlp_4x100_gelu_dropout_l2,90,90,72,0.006290842778980732,0.004304513800889254
mlp_4x100_gelu_dropout_l2,90,90,73,0.006207454018294811,0.004297261592000723
mlp_4x100_gelu_dropout_l2,90,90,74,0.0061401608400046825,0.004277671221643686
mlp_4x100_gelu_dropout_l2,90,90,75,0.006053620483726263,0.004260750487446785
mlp_4x100_gelu_dropout_l2,90,90,76,0.005988778080791235,0.004244113806635141
mlp_4x100_gelu_dropout_l2,90,90,77,0.005925401579588652,0.004234190098941326
mlp_4x100_gelu_dropout_l2,90,90,78,0.005856105592101812,0.00421214010566473
mlp_4x100_gelu_dropout_l2,90,90,79,0.005790998227894306,0.004190734587609768
mlp_4x100_gelu_dropout_l2,90,90,80,0.005723246838897467,0.004169299732893705
mlp_4x100_gelu_dropout_l2,90,90,81,0.00565694086253643,0.004152760375291109
mlp_4x100_gelu_dropout_l2,90,90,82,0.0055916933342814445,0.004136381205171347
mlp_4x100_gelu_dropout_l2,90,90,83,0.005530547816306353,0.004118768963962793
mlp_4x100_gelu_dropout_l2,90,90,84,0.005478176288306713,0.004093910567462444
mlp_4x100_gelu_dropout_l2,90,90,85,0.005412884056568146,0.004084644839167595
mlp_4x100_gelu_dropout_l2,90,90,86,0.005357861053198576,0.004059018567204475
mlp_4x100_gelu_dropout_l2,90,90,87,0.005305760074406862,0.004032573662698269
mlp_4x100_gelu_dropout_l2,90,90,88,0.005253399256616831,0.004026010632514954
mlp_4x100_gelu_dropout_l2,90,90,89,0.005198249593377113,0.004000747576355934
mlp_4x100_gelu_dropout_l2,90,90,90,0.005148233845829964,0.003987956792116165
mlp_4x100_gelu_dropout_l2,90,90,91,0.005092102102935314,0.0039605931378901005
mlp_4x100_gelu_dropout_l2,90,90,92,0.005039427895098925,0.003934263251721859
mlp_4x100_gelu_dropout_l2,90,90,93,0.004989835899323225,0.0039176917634904385
mlp_4x100_gelu_dropout_l2,90,90,94,0.004941869527101517,0.0038986694999039173
mlp_4x100_gelu_dropout_l2,90,90,95,0.004901443608105183,0.003875608090311289
mlp_4x100_gelu_dropout_l2,90,90,96,0.004850079771131277,0.003860550234094262
mlp_4x100_gelu_dropout_l2,90,90,97,0.004804156254976988,0.003837664844468236
mlp_4x100_gelu_dropout_l2,90,90,98,0.004754999186843634,0.003811510745435953
mlp_4x100_gelu_dropout_l2,90,90,99,0.004714207723736763,0.003798062913119793
mlp_4x100_gelu_dropout_l2,90,90,100,0.004667606670409441,0.0037739844992756844
mlp_4x100_gelu_dropout_l2,90,90,101,0.0046236151829361916,0.003749796422198415
mlp_4x100_gelu_dropout_l2,90,90,102,0.004580298438668251,0.003736017504706979
mlp_4x100_gelu_dropout_l2,90,90,103,0.00454078521579504,0.0036990519147366285
mlp_4x100_gelu_dropout_l2,90,90,104,0.004488279111683369,0.003679092973470688
mlp_4x100_gelu_dropout_l2,90,90,105,0.004457829985767603,0.0036574385594576597
mlp_4x100_gelu_dropout_l2,90,90,106,0.004408450797200203,0.0036352716851979494
mlp_4x100_gelu_dropout_l2,90,90,107,0.004375743214040995,0.003611984197050333
mlp_4x100_gelu_dropout_l2,90,90,108,0.004333235789090395,0.0035894482862204313
mlp_4x100_gelu_dropout_l2,90,90,109,0.0042925309389829636,0.003564499318599701
mlp_4x100_gelu_dropout_l2,90,90,110,0.004255565814673901,0.0035383652430027723
mlp_4x100_gelu_dropout_l2,90,90,111,0.004214549902826548,0.0035144879948347807
mlp_4x100_gelu_dropout_l2,90,90,112,0.0041769142262637615,0.0034913646522909403
mlp_4x100_gelu_dropout_l2,90,90,113,0.004138434771448374,0.003462451510131359
mlp_4x100_gelu_dropout_l2,90,90,114,0.0040991660207509995,0.003438234096392989
mlp_4x100_gelu_dropout_l2,90,90,115,0.004060775972902775,0.003414558246731758
mlp_4x100_gelu_dropout_l2,90,90,116,0.004023032728582621,0.0033895026426762342
mlp_4x100_gelu_dropout_l2,90,90,117,0.003986172843724489,0.0033627445809543133
mlp_4x100_gelu_dropout_l2,90,90,118,0.003951557911932468,0.003338579321280122
mlp_4x100_gelu_dropout_l2,90,90,119,0.003915034234523773,0.003309545572847128
mlp_4x100_gelu_dropout_l2,90,90,120,0.0038740388117730618,0.00328260101377964
mlp_4x100_gelu_dropout_l2,90,90,121,0.003837449010461569,0.003253986593335867
mlp_4x100_gelu_dropout_l2,90,90,122,0.0038046417757868767,0.0032276723068207502
mlp_4x100_gelu_dropout_l2,90,90,123,0.003763440065085888,0.003200686536729336
mlp_4x100_gelu_dropout_l2,90,90,124,0.0037302589043974876,0.003169541247189045
mlp_4x100_gelu_dropout_l2,90,90,125,0.0036920905113220215,0.003140954067930579
mlp_4x100_gelu_dropout_l2,90,90,126,0.0036595789715647697,0.0031140258070081472
mlp_4x100_gelu_dropout_l2,90,90,127,0.003619386348873377,0.003086042357608676
mlp_4x100_gelu_dropout_l2,90,90,128,0.003584454068914056,0.0030580665916204453
mlp_4x100_gelu_dropout_l2,90,90,129,0.003548520617187023,0.0030288060661405325
mlp_4x100_gelu_dropout_l2,90,90,130,0.003512697760015726,0.0029966230504214764
mlp_4x100_gelu_dropout_l2,90,90,131,0.0034758704714477062,0.0029681820888072252
mlp_4x100_gelu_dropout_l2,90,90,132,0.003436911851167679,0.002940418664366007
mlp_4x100_gelu_dropout_l2,90,90,133,0.003406248288229108,0.002908411668613553
mlp_4x100_gelu_dropout_l2,90,90,134,0.0033684796653687954,0.002879201201722026
mlp_4x100_gelu_dropout_l2,90,90,135,0.0033364417031407356,0.0028471460100263357
mlp_4x100_gelu_dropout_l2,90,90,136,0.0032951347529888153,0.002819145331159234
mlp_4x100_gelu_dropout_l2,90,90,137,0.0032624390441924334,0.0027859811671078205
mlp_4x100_gelu_dropout_l2,90,90,138,0.0032275947742164135,0.002753940876573324
mlp_4x100_gelu_dropout_l2,90,90,139,0.0031902864575386047,0.0027253355365246534
mlp_4x100_gelu_dropout_l2,90,90,140,0.003158374922350049,0.002693233545869589
mlp_4x100_gelu_dropout_l2,90,90,141,0.003120827255770564,0.002664404222741723
mlp_4x100_gelu_dropout_l2,90,90,142,0.0030868046451359987,0.002633417723700404
mlp_4x100_gelu_dropout_l2,90,90,143,0.003052889369428158,0.0026025506667792797
mlp_4x100_gelu_dropout_l2,90,90,144,0.0030152620747685432,0.002570168348029256
mlp_4x100_gelu_dropout_l2,90,90,145,0.0029814320150762796,0.0025361801963299513
mlp_4x100_gelu_dropout_l2,90,90,146,0.0029455258045345545,0.0025061117485165596
mlp_4x100_gelu_dropout_l2,90,90,147,0.002913172822445631,0.0024767254944890738
mlp_4x100_gelu_dropout_l2,90,90,148,0.0028737825341522694,0.00244390987791121
mlp_4x100_gelu_dropout_l2,90,90,149,0.0028408390935510397,0.002411838388070464
mlp_4x100_gelu_dropout_l2,90,90,150,0.0028083105571568012,0.00238351384177804
mlp_4x100_gelu_dropout_l2,90,90,151,0.0027751880697906017,0.0023492486216127872
mlp_4x100_gelu_dropout_l2,90,90,152,0.0027403677813708782,0.0023212279193103313
mlp_4x100_gelu_dropout_l2,90,90,153,0.0027057325933128595,0.0022901271004229784
mlp_4x100_gelu_dropout_l2,90,90,154,0.002670310204848647,0.0022582898382097483
mlp_4x100_gelu_dropout_l2,90,90,155,0.0026374419685453176,0.0022258295211941004
mlp_4x100_gelu_dropout_l2,90,90,156,0.002605610527098179,0.0021956453565508127
mlp_4x100_gelu_dropout_l2,90,90,157,0.0025725257582962513,0.0021628367248922586
mlp_4x100_gelu_dropout_l2,90,90,158,0.002541270572692156,0.0021346102003008127
mlp_4x100_gelu_dropout_l2,90,90,159,0.0025069748517125845,0.0021064640022814274
mlp_4x100_gelu_dropout_l2,90,90,160,0.002476008841767907,0.002078090328723192
mlp_4x100_gelu_dropout_l2,90,90,161,0.002443260746076703,0.002047636779025197
mlp_4x100_gelu_dropout_l2,90,90,162,0.002411516848951578,0.002017306163907051
mlp_4x100_gelu_dropout_l2,90,90,163,0.0023811303544789553,0.001989622600376606
mlp_4x100_gelu_dropout_l2,90,90,164,0.002350874012336135,0.001960603054612875
mlp_4x100_gelu_dropout_l2,90,90,165,0.002320722909644246,0.0019339905120432377
mlp_4x100_gelu_dropout_l2,90,90,166,0.0022922197822481394,0.0019067652756348252
mlp_4x100_gelu_dropout_l2,90,90,167,0.002260618144646287,0.0018789803143590689
mlp_4x100_gelu_dropout_l2,90,90,168,0.002232498722150922,0.0018509705550968647
mlp_4x100_gelu_dropout_l2,90,90,169,0.002204571384936571,0.001824742997996509
mlp_4x100_gelu_dropout_l2,90,90,170,0.00217585195787251,0.001799141988158226
mlp_4x100_gelu_dropout_l2,90,90,171,0.0021492450032383204,0.0017732268897816539
mlp_4x100_gelu_dropout_l2,90,90,172,0.002122533740475774,0.0017481133108958602
mlp_4x100_gelu_dropout_l2,90,90,173,0.0020971037447452545,0.0017239315202459693
mlp_4x100_gelu_dropout_l2,90,90,174,0.002069957787171006,0.001701496192254126
mlp_4x100_gelu_dropout_l2,90,90,175,0.002045936416834593,0.0016757025150582194
mlp_4x100_gelu_dropout_l2,90,90,176,0.002019808627665043,0.0016532783629372716
mlp_4x100_gelu_dropout_l2,90,90,177,0.0019956910982728004,0.0016293349908664823
mlp_4x100_gelu_dropout_l2,90,90,178,0.001972269034013152,0.001606182660907507
mlp_4x100_gelu_dropout_l2,90,90,179,0.0019484295044094324,0.001583748497068882
mlp_4x100_gelu_dropout_l2,90,90,180,0.0019263002322986722,0.0015628128312528133
mlp_4x100_gelu_dropout_l2,90,90,181,0.0019046691013500094,0.0015442848671227694
mlp_4x100_gelu_dropout_l2,90,90,182,0.0018825833685696125,0.0015227640978991985
mlp_4x100_gelu_dropout_l2,90,90,183,0.00186156143900007,0.001502656377851963
mlp_4x100_gelu_dropout_l2,90,90,184,0.001840199576690793,0.0014829686842858791
mlp_4x100_gelu_dropout_l2,90,90,185,0.0018207910470664501,0.0014635000843554735
mlp_4x100_gelu_dropout_l2,90,90,186,0.0018011453794315457,0.0014454677002504468
mlp_4x100_gelu_dropout_l2,90,90,187,0.0017820918001234531,0.0014282516203820705
mlp_4x100_gelu_dropout_l2,90,90,188,0.001764137065038085,0.0014103187713772058
mlp_4x100_gelu_dropout_l2,90,90,189,0.001745695830322802,0.001392860896885395
mlp_4x100_gelu_dropout_l2,90,90,190,0.0017280337633565068,0.0013763674069195986
mlp_4x100_gelu_dropout_l2,90,90,191,0.0017109463224187493,0.0013592604082077742
mlp_4x100_gelu_dropout_l2,90,90,192,0.0016950123244896531,0.0013445321237668395
mlp_4x100_gelu_dropout_l2,90,90,193,0.0016782263992354274,0.0013295579701662064
mlp_4x100_gelu_dropout_l2,90,90,194,0.001662806491367519,0.0013147329445928335
mlp_4x100_gelu_dropout_l2,90,90,195,0.0016473528230562806,0.0013009356334805489
mlp_4x100_gelu_dropout_l2,90,90,196,0.0016329321078956127,0.001288172323256731
mlp_4x100_gelu_dropout_l2,90,90,197,0.0016175293130800128,0.001275547780096531
mlp_4x100_gelu_dropout_l2,90,90,198,0.0016035832231864333,0.0012618432519957423
mlp_4x100_gelu_dropout_l2,90,90,199,0.0015901365550234914,0.0012507237261161208
mlp_4x100_gelu_dropout_l2,90,90,200,0.0015767753357067704,0.0012384229339659214
mlp_4x100_gelu_dropout_l2,90,90,201,0.0015628569526597857,0.0012268953723832965
mlp_4x100_gelu_dropout_l2,90,90,202,0.0015501974849030375,0.0012158669997006655
mlp_4x100_gelu_dropout_l2,90,90,203,0.0015368192689493299,0.0012068283976987004
mlp_4x100_gelu_dropout_l2,90,90,204,0.0015243533998727798,0.0011969141196459532
mlp_4x100_gelu_dropout_l2,90,90,205,0.0015115546993911266,0.001188374124467373
mlp_4x100_gelu_dropout_l2,90,90,206,0.0014968925388529897,0.0011817094637081027
mlp_4x100_gelu_dropout_l2,90,90,207,0.0014851958258077502,0.0011749697150662541
mlp_4x100_gelu_dropout_l2,90,90,208,0.001472942065447569,0.0011692800326272845
mlp_4x100_gelu_dropout_l2,90,90,209,0.0014612044906243682,0.0011653727851808071
mlp_4x100_gelu_dropout_l2,90,90,210,0.001449835253879428,0.0011596535332500935
mlp_4x100_gelu_dropout_l2,90,90,211,0.0014391004806384444,0.0011558086844161153
mlp_4x100_gelu_dropout_l2,90,90,212,0.0014297573361545801,0.0011519595282152295
mlp_4x100_gelu_dropout_l2,90,90,213,0.0014174695825204253,0.0011506133014336228
mlp_4x100_gelu_dropout_l2,90,90,214,0.0014107460156083107,0.0011445310665294528
mlp_4x100_gelu_dropout_l2,90,90,215,0.0014000949449837208,0.0011398793430998921
mlp_4x100_gelu_dropout_l2,90,90,216,0.0013926899991929531,0.0011378523195162416
mlp_4x100_gelu_dropout_l2,90,90,217,0.0013843950582668185,0.0011289610993117094
mlp_4x100_gelu_dropout_l2,90,90,218,0.0013769801007583737,0.0011256205616518855
mlp_4x100_gelu_dropout_l2,90,90,219,0.001368872937746346,0.0011269260430708528
mlp_4x100_gelu_dropout_l2,90,90,220,0.0013609450543299317,0.0011196936247870326
mlp_4x100_gelu_dropout_l2,90,90,221,0.0013555632904171944,0.0011180038563907146
mlp_4x100_gelu_dropout_l2,90,90,222,0.0013487407704815269,0.0011131555074825883
mlp_4x100_gelu_dropout_l2,90,90,223,0.0013395227724686265,0.0011076903901994228
mlp_4x100_gelu_dropout_l2,90,90,224,0.0013361182063817978,0.0011072870111092925
mlp_4x100_gelu_dropout_l2,90,90,225,0.0013285562163218856,0.0010995398042723536
mlp_4x100_gelu_dropout_l2,90,90,226,0.0013231262564659119,0.0011004433035850525
mlp_4x100_gelu_dropout_l2,90,90,227,0.0013178325025364757,0.0010959753999486566
mlp_4x100_gelu_dropout_l2,90,90,228,0.0013117194175720215,0.001092748250812292
mlp_4x100_gelu_dropout_l2,90,90,229,0.0013093756278976798,0.0010917040053755045
mlp_4x100_gelu_dropout_l2,90,90,230,0.001302899676375091,0.0010878045577555895
mlp_4x100_gelu_dropout_l2,90,90,231,0.0012972994009032845,0.0010865418007597327
mlp_4x100_gelu_dropout_l2,90,90,232,0.0012944912305101752,0.0010819921735674143
mlp_4x100_gelu_dropout_l2,90,90,233,0.0012891112128272653,0.0010798829607665539
mlp_4x100_gelu_dropout_l2,90,90,234,0.0012823821743950248,0.001076743472367525
mlp_4x100_gelu_dropout_l2,90,90,235,0.0012793188216164708,0.0010761949233710766
mlp_4x100_gelu_dropout_l2,90,90,236,0.0012747771106660366,0.0010720486752688885
mlp_4x100_gelu_dropout_l2,90,90,237,0.0012688993010669947,0.0010740362340584397
mlp_4x100_gelu_dropout_l2,90,90,238,0.0012696310877799988,0.00107098207809031
mlp_4x100_gelu_dropout_l2,90,90,239,0.001262535690329969,0.0010693727526813745
mlp_4x100_gelu_dropout_l2,90,90,240,0.001260683173313737,0.001068580662831664
mlp_4x100_gelu_dropout_l2,90,90,241,0.0012569524114951491,0.001065859105437994
mlp_4x100_gelu_dropout_l2,90,90,242,0.0012536401627585292,0.0010646632872521877
mlp_4x100_gelu_dropout_l2,90,90,243,0.0012491272063925862,0.00106086116284132
mlp_4x100_gelu_dropout_l2,90,90,244,0.0012495034607127309,0.0010612764162942767
mlp_4x100_gelu_dropout_l2,90,90,245,0.00124390481505543,0.00106144102755934
mlp_4x100_gelu_dropout_l2,90,90,246,0.001240159384906292,0.0010584932751953602
mlp_4x100_gelu_dropout_l2,90,90,247,0.0012370204785838723,0.001057875924743712
mlp_4x100_gelu_dropout_l2,90,90,248,0.001236848533153534,0.0010562245734035969
mlp_4x100_gelu_dropout_l2,90,90,249,0.0012320305686444044,0.0010565266711637378
mlp_4x100_gelu_dropout_l2,90,90,250,0.0012308487202972174,0.001054926193319261
mlp_4x100_gelu_dropout_l2,90,90,251,0.0012256251648068428,0.001051213126629591
mlp_4x100_gelu_dropout_l2,90,90,252,0.0012242350494489074,0.0010539904469624162
mlp_4x100_gelu_dropout_l2,90,90,253,0.0012237164191901684,0.0010511152213439345
mlp_4x100_gelu_dropout_l2,90,90,254,0.001220277277752757,0.0010508508421480656
mlp_4x100_gelu_dropout_l2,90,90,255,0.0012198167387396097,0.0010507265105843544
mlp_4x100_gelu_dropout_l2,90,90,256,0.00121500960085541,0.0010508120758458972
mlp_4x100_gelu_dropout_l2,90,90,257,0.001213639508932829,0.001049557002261281
mlp_4x100_gelu_dropout_l2,90,90,258,0.0012143409112468362,0.0010499366326257586
mlp_4x100_gelu_dropout_l2,90,90,259,0.0012114271521568298,0.0010492352303117514
mlp_4x100_gelu_dropout_l2,90,90,260,0.0012094760313630104,0.0010450654663145542
mlp_4x100_gelu_dropout_l2,90,90,261,0.0012056841515004635,0.001046363147906959
mlp_4x100_gelu_dropout_l2,90,90,262,0.0012032072991132736,0.0010448731482028961
mlp_4x100_gelu_dropout_l2,90,90,263,0.0012030634097754955,0.00104713742621243
mlp_4x100_gelu_dropout_l2,90,90,264,0.0012015321990475059,0.0010472976136952639
mlp_4x100_gelu_dropout_l2,90,90,265,0.0012020054273307323,0.0010439961915835738
mlp_4x100_gelu_dropout_l2,90,90,266,0.0012005693279206753,0.0010492241708561778
mlp_4x100_gelu_dropout_l2,90,90,267,0.0011977406684309244,0.0010450341505929828
mlp_4x100_gelu_dropout_l2,90,90,268,0.001196272554807365,0.001043027499690652
mlp_4x100_gelu_dropout_l2,90,90,269,0.0011964611476287246,0.0010428042151033878
mlp_4x100_gelu_dropout_l2,90,90,270,0.0011927898740395904,0.0010424662614241242
mlp_4x100_gelu_dropout_l2,90,90,271,0.0011919817188754678,0.0010426613735035062
mlp_4x100_gelu_dropout_l2,90,90,272,0.0011880407109856606,0.001042596180923283
mlp_4x100_gelu_dropout_l2,90,90,273,0.001188606140203774,0.0010417141020298004
mlp_4x100_gelu_dropout_l2,90,90,274,0.0011898340890184045,0.001041273819282651
mlp_4x100_gelu_dropout_l2,90,90,275,0.0011855724733322859,0.0010418761521577835
mlp_4x100_gelu_dropout_l2,90,90,276,0.0011852821335196495,0.0010399556485936046
mlp_4x100_gelu_dropout_l2,90,90,277,0.0011823991080746055,0.0010427965316921473
mlp_4x100_gelu_dropout_l2,90,90,278,0.0011858552461490035,0.00104161212220788
mlp_4x100_gelu_dropout_l2,90,90,279,0.0011825114488601685,0.0010426880326122046
mlp_4x100_gelu_dropout_l2,90,90,280,0.0011810911819338799,0.0010429017711430788
mlp_4x100_gelu_dropout_l2,90,90,281,0.001179883605800569,0.0010412263218313456
mlp_4x100_gelu_dropout_l2,90,90,282,0.0011803442612290382,0.0010425710352137685
mlp_4x100_gelu_dropout_l2,90,90,283,0.001179241226054728,0.0010415507713332772
mlp_4x100_gelu_dropout_l2,90,90,284,0.0011771304998546839,0.0010409103706479073
mlp_4x100_gelu_dropout_l2,90,90,285,0.001176479272544384,0.00104423554148525
mlp_4x100_gelu_dropout_l2,90,90,286,0.0011735489824786782,0.0010421271435916424
mlp_4x100_gelu_dropout_l2,90,90,287,0.0011755003361031413,0.0010413402924314141
mlp_4x100_gelu_dropout_l2,90,90,288,0.0011719551403075457,0.0010420868638902903
mlp_4x100_gelu_dropout_l2,90,90,289,0.0011733535211533308,0.0010423151543363929
mlp_4x100_gelu_dropout_l2,90,90,290,0.0011713425628840923,0.0010404214262962341
mlp_4x100_gelu_dropout_l2,90,90,291,0.001173460274003446,0.001041590585373342
mlp_4x100_gelu_dropout_l2,90,90,292,0.0011710310354828835,0.0010416036238893867
mlp_4x100_gelu_dropout_l2,90,90,293,0.0011698061134666204,0.0010425928048789501
mlp_4x100_gelu_dropout_l2,90,90,294,0.0011681675678119063,0.001040163915604353
mlp_4x100_gelu_dropout_l2,90,90,295,0.00116819329559803,0.0010413004783913493
mlp_4x100_gelu_dropout_l2,90,90,296,0.0011684508062899113,0.0010428872192278504
mlp_4x100_gelu_dropout_l2,90,90,297,0.0011677693109959364,0.0010437649907544255
mlp_4x100_gelu_dropout_l2,90,90,298,0.001167127164080739,0.0010396994184702635
mlp_4x100_gelu_dropout_l2,90,90,299,0.001166553352959454,0.0010429112007841468
mlp_4x100_gelu_dropout_l2,90,90,300,0.0011634101392701268,0.0010408909292891622
mlp_4x100_gelu_dropout_l2,90,90,301,0.0011643836041912436,0.0010434986324980855
mlp_4x100_gelu_dropout_l2,90,90,302,0.0011621731100603938,0.0010429245885461569
mlp_4x100_gelu_dropout_l2,90,90,303,0.001163390465080738,0.0010424843057990074
mlp_4x100_gelu_dropout_l2,90,90,304,0.0011630937224254012,0.0010442860657349229
mlp_4x100_gelu_dropout_l2,90,90,305,0.0011616282863542438,0.0010385549394413829
mlp_4x100_gelu_dropout_l2,90,90,306,0.0011619118740782142,0.0010406769579276443
mlp_4x100_gelu_dropout_l2,90,90,307,0.0011618961580097675,0.0010411010589450598
mlp_4x100_gelu_dropout_l2,90,90,308,0.0011603676248341799,0.0010421477491036057
mlp_4x100_gelu_dropout_l2,90,90,309,0.0011580998543649912,0.0010430291295051575
mlp_4x100_gelu_dropout_l2,90,90,310,0.0011600129073485732,0.0010420838370919228
mlp_4x100_gelu_dropout_l2,90,90,311,0.001156704151071608,0.0010440213372930884
mlp_4x100_gelu_dropout_l2,90,90,312,0.001159051200374961,0.0010431481059640646
mlp_4x100_gelu_dropout_l2,90,90,313,0.001156279700808227,0.0010425461223348975
mlp_4x100_gelu_dropout_l2,90,90,314,0.0011581160360947251,0.0010398570448160172
mlp_4x100_gelu_dropout_l2,90,90,315,0.0011584495659917593,0.0010396685684099793
mlp_4x100_gelu_dropout_l2,90,90,316,0.0011563500156626105,0.0010391046525910497
mlp_4x100_gelu_dropout_l2,90,90,317,0.001155937323346734,0.0010399718303233385
mlp_4x100_gelu_dropout_l2,90,90,318,0.0011564161395654082,0.0010430043330416083
mlp_4x100_gelu_dropout_l2,90,90,319,0.0011525211157277226,0.001040951581671834
mlp_4x100_gelu_dropout_l2,90,90,320,0.0011522952700033784,0.0010447184322401881
mlp_4x100_gelu_dropout_l2,90,90,321,0.0011521200649440289,0.0010432599810883403
mlp_4x100_gelu_dropout_l2,90,90,322,0.001152407261542976,0.0010435000294819474
mlp_4x100_gelu_dropout_l2,90,90,323,0.0011532444041222334,0.0010399429593235254
mlp_4x100_gelu_dropout_l2,90,90,324,0.0011505861766636372,0.0010426887311041355
mlp_4x100_gelu_dropout_l2,90,90,325,0.0011512370547279716,0.0010403194464743137
mlp_4x100_gelu_dropout_l2,90,90,326,0.001153075136244297,0.0010420673061162233
mlp_4x100_gelu_dropout_l2,90,90,327,0.0011500082910060883,0.0010404054773971438
mlp_4x100_gelu_dropout_l2,90,90,328,0.0011487295851111412,0.0010389171075075865
mlp_4x100_gelu_dropout_l2,90,90,329,0.001150048803538084,0.001042217598296702
mlp_4x100_gelu_dropout_l2,90,90,330,0.0011475509963929653,0.0010380480671301484
mlp_4x100_gelu_dropout_l2,90,90,331,0.0011483057169243693,0.00104163633659482
mlp_4x100_gelu_dropout_l2,90,90,332,0.001148869632743299,0.0010425250511616468
mlp_4x100_gelu_dropout_l2,90,90,333,0.0011487986193969846,0.0010412990814074874
mlp_4x100_gelu_dropout_l2,90,90,334,0.00114584737457335,0.0010417195735499263
mlp_4x100_gelu_dropout_l2,90,90,335,0.0011469428427517414,0.0010438847821205854
mlp_4x100_gelu_dropout_l2,90,90,336,0.0011455653002485633,0.0010433840798214078
mlp_4x100_gelu_dropout_l2,90,90,337,0.0011446241987869143,0.001041787676513195
mlp_4x100_gelu_dropout_l2,90,90,338,0.001144906971603632,0.001040840637870133
mlp_4x100_gelu_dropout_l2,90,90,339,0.0011464277049526572,0.0010390518000349402
mlp_4x100_gelu_dropout_l2,90,90,340,0.0011442947434261441,0.001042739488184452
mlp_4x100_gelu_dropout_l2,90,90,341,0.0011449501616880298,0.001041723066009581
mlp_4x100_gelu_dropout_l2,90,90,342,0.0011443430557847023,0.0010387565707787871
mlp_4x100_gelu_dropout_l2,90,90,343,0.0011445035925135016,0.001040872884914279
mlp_4x100_gelu_dropout_l2,90,90,344,0.001142004388384521,0.0010422109626233578
mlp_4x100_gelu_dropout_l2,90,90,345,0.0011423887917771935,0.001042673597112298
mlp_4x100_gelu_dropout_l2,90,90,346,0.0011434872867539525,0.0010420340113341808
mlp_4x100_gelu_dropout_l2,90,90,347,0.0011405603727325797,0.0010396309662610292
mlp_4x100_gelu_dropout_l2,90,90,348,0.0011412252206355333,0.001043236698023975
mlp_4x100_gelu_dropout_l2,90,90,349,0.0011400401126593351,0.0010453058639541268
mlp_4x100_gelu_dropout_l2,90,90,350,0.001140849431976676,0.0010456736199557781
mlp_4x100_gelu_dropout_l2,90,90,351,0.0011422054376453161,0.0010428715031594038
mlp_4x100_gelu_dropout_l2,90,90,352,0.0011414194013923407,0.0010409654350951314
mlp_4x100_gelu_dropout_l2,90,90,353,0.0011385113466531038,0.0010435751173645258
mlp_4x100_gelu_dropout_l2,90,90,354,0.0011373884044587612,0.0010432824492454529
mlp_4x100_gelu_dropout_l2,90,90,355,0.0011406205594539642,0.0010412202682346106
mlp_4x100_gelu_dropout_l2,90,90,356,0.0011397827183827758,0.001043251482769847
mlp_4x100_gelu_dropout_l2,90,90,357,0.0011380781652405858,0.0010450825793668628
mlp_4x100_gelu_dropout_l2,90,90,358,0.0011355325113981962,0.0010442290222272277
mlp_4x100_gelu_dropout_l2,90,90,359,0.0011371857253834605,0.0010475554736331105
mlp_4x100_gelu_dropout_l2,90,90,360,0.0011400736402720213,0.0010452825808897614
