model_name,input_window,output_window,epoch,loss,val_loss
mlp_1x100_relu,5,1,1,0.33152514696121216,0.14518585801124573
mlp_1x100_relu,5,1,2,0.1406121701002121,0.07996541261672974
mlp_1x100_relu,5,1,3,0.08006259799003601,0.04624445363879204
mlp_1x100_relu,5,1,4,0.04708486795425415,0.028399154543876648
mlp_1x100_relu,5,1,5,0.029831938445568085,0.019151169806718826
mlp_1x100_relu,5,1,6,0.02111470140516758,0.014688216149806976
mlp_1x100_relu,5,1,7,0.01697433926165104,0.012563919648528099
mlp_1x100_relu,5,1,8,0.014933428727090359,0.011245439760386944
mlp_1x100_relu,5,1,9,0.013813809491693974,0.01065108273178339
mlp_1x100_relu,5,1,10,0.013220726512372494,0.010302611626684666
mlp_1x100_relu,5,1,11,0.012866777367889881,0.009938093833625317
mlp_1x100_relu,5,1,12,0.012635145336389542,0.009863738901913166
mlp_1x100_relu,5,1,13,0.012572210282087326,0.009890610352158546
mlp_1x100_relu,5,1,14,0.012440629303455353,0.009573222137987614
mlp_1x100_relu,5,1,15,0.012323638424277306,0.009629505686461926
mlp_1x100_relu,5,1,16,0.012287857942283154,0.00955645926296711
mlp_1x100_relu,5,1,17,0.0122371232137084,0.00943111814558506
mlp_1x100_relu,5,1,18,0.012190098874270916,0.009488641284406185
mlp_1x100_relu,5,1,19,0.012137227691709995,0.00945347361266613
mlp_1x100_relu,5,1,20,0.012125751934945583,0.009495986625552177
mlp_1x100_relu,5,1,21,0.012101951986551285,0.009480697102844715
mlp_1x100_relu,5,1,22,0.01208291295915842,0.009546605870127678
mlp_1x100_relu,5,1,23,0.012032154016196728,0.009472241625189781
mlp_1x100_relu,5,1,24,0.011983678676187992,0.00949123129248619
mlp_1x100_relu,5,1,25,0.011927615851163864,0.009473816491663456
mlp_1x100_relu,5,1,26,0.01190800778567791,0.009479986503720284
mlp_1x100_relu,5,1,27,0.011875217780470848,0.009466082789003849
mlp_1x100_relu,5,1,28,0.011816496960818768,0.009494119323790073
mlp_1x100_relu,5,1,29,0.011786676943302155,0.009504478424787521
mlp_1x100_relu,5,1,30,0.011761127039790154,0.00950581580400467
mlp_1x100_relu,5,1,31,0.011717633344233036,0.009535098448395729
mlp_1x100_relu,5,1,32,0.011687120422720909,0.009541754610836506
mlp_1x100_relu,5,1,33,0.011650867760181427,0.00956771895289421
mlp_1x100_relu,5,1,34,0.01160656102001667,0.00957062654197216
mlp_1x100_relu,5,1,35,0.011581497266888618,0.009563429281115532
mlp_1x100_relu,5,1,36,0.011542006395757198,0.009585876017808914
mlp_1x100_relu,5,1,37,0.011507236398756504,0.009597303345799446
mlp_1x100_relu,5,1,38,0.011456861160695553,0.009635020047426224
mlp_1x100_relu,5,1,39,0.011444423347711563,0.009653271175920963
mlp_1x100_relu,5,1,40,0.011431477963924408,0.009674238041043282
mlp_1x100_relu,5,1,41,0.011369463987648487,0.009686312638223171
mlp_1x100_relu,5,1,42,0.011337176896631718,0.009758012369275093
mlp_1x100_relu,5,1,43,0.01133311353623867,0.009728324599564075
mlp_1x100_relu,5,1,44,0.011333220638334751,0.00969274528324604
mlp_1x100_relu,5,1,45,0.011313535273075104,0.009751273319125175
mlp_1x100_relu,5,1,46,0.011359212920069695,0.009713557548820972
mlp_1x100_relu,5,1,47,0.011350453831255436,0.009737125597894192
mlp_1x100_relu,5,1,48,0.011334248818457127,0.009814421646296978
mlp_1x100_relu,5,1,49,0.011263850145041943,0.00984959863126278
mlp_1x100_relu,5,1,50,0.011228188872337341,0.009945105761289597
mlp_1x100_relu,5,1,51,0.011177808046340942,0.009885156527161598
mlp_1x100_relu,5,1,52,0.011182270012795925,0.009848575107753277
mlp_1x100_relu,5,1,53,0.011205573566257954,0.00983487069606781
mlp_1x100_relu,5,1,54,0.01122251059859991,0.009941969998180866
mlp_1x100_relu,5,1,55,0.01128704845905304,0.009844375774264336
mlp_1x100_relu,5,1,56,0.011203491128981113,0.009932371787726879
mlp_1x100_relu,5,1,57,0.01113054621964693,0.00976625457406044
mlp_1x100_relu,5,1,58,0.011096599511802197,0.009836476296186447
mlp_1x100_relu,5,1,59,0.011139808222651482,0.009893721900880337
mlp_1x100_relu,5,1,60,0.011241908185184002,0.010002593509852886
mlp_1x100_relu,5,1,61,0.011170493438839912,0.010022502392530441
mlp_1x100_relu,5,1,62,0.011107834987342358,0.0099440086632967
mlp_1x100_relu,5,1,63,0.011097216978669167,0.00983037892729044
mlp_1x100_relu,5,1,64,0.011132595129311085,0.010129585862159729
mlp_1x100_relu,5,1,65,0.01126075442880392,0.010089374147355556
mlp_1x100_relu,5,1,66,0.011126574128866196,0.009717580862343311
mlp_1x100_relu,5,1,67,0.01106258388608694,0.009952563792467117
mlp_1x100_relu,5,1,68,0.011117003858089447,0.010044120252132416
mlp_1x100_relu,5,1,69,0.011128640733659267,0.009896880015730858
mlp_1x100_relu,5,1,70,0.010995544493198395,0.009799469262361526
mlp_1x100_relu,5,1,71,0.011034964583814144,0.00988854467868805
mlp_1x100_relu,5,1,72,0.011082278564572334,0.00980089046061039
mlp_1x100_relu,5,1,73,0.01113874465227127,0.009972505271434784
mlp_1x100_relu,5,1,74,0.011117956601083279,0.010192486457526684
mlp_1x100_relu,5,1,75,0.011042268015444279,0.009884991683065891
mlp_1x100_relu,5,1,76,0.011033488437533379,0.009945567697286606
mlp_1x100_relu,5,1,77,0.011107153259217739,0.009898118674755096
mlp_1x100_relu,5,1,78,0.011145209893584251,0.010197071358561516
mlp_1x100_relu,5,1,79,0.011173192411661148,0.009969470091164112
mlp_1x100_relu,5,1,80,0.011032086797058582,0.00992397591471672
mlp_1x100_relu,5,1,81,0.01111181266605854,0.010083957575261593
mlp_1x100_relu,5,1,82,0.011073173955082893,0.009886369109153748
mlp_1x100_relu,5,1,83,0.010993975214660168,0.010492256842553616
mlp_1x100_relu,5,1,84,0.011156597174704075,0.010144339874386787
mlp_1x100_relu,5,1,85,0.011097115464508533,0.009856161661446095
mlp_1x100_relu,5,1,86,0.011027582921087742,0.00997509341686964
mlp_1x100_relu,5,1,87,0.011052850633859634,0.010076169855892658
mlp_1x100_relu,5,1,88,0.011111238971352577,0.010102305561304092
mlp_1x100_relu,5,1,89,0.011088625527918339,0.009808842092752457
mlp_1x100_relu,5,1,90,0.01096902135759592,0.01005876250565052
mlp_1x100_relu,5,1,91,0.011011792346835136,0.009669843129813671
mlp_1x100_relu,5,1,92,0.010907184332609177,0.009873256087303162
mlp_1x100_relu,5,1,93,0.010946017690002918,0.009955928660929203
mlp_1x100_relu,5,1,94,0.01100322138518095,0.010146193206310272
mlp_1x100_relu,5,1,95,0.011142566800117493,0.010172220878303051
mlp_1x100_relu,5,1,96,0.011082371696829796,0.009886806830763817
mlp_1x100_relu,5,1,97,0.010950766503810883,0.01025534886866808
mlp_1x100_relu,5,1,98,0.011157799512147903,0.009946180507540703
mlp_1x100_relu,5,1,99,0.011175401508808136,0.010191925801336765
mlp_1x100_relu,5,1,100,0.011185952462255955,0.009835184551775455
mlp_1x100_relu,5,1,101,0.010953376069664955,0.010251692496240139
mlp_1x100_relu,5,1,102,0.011069121770560741,0.009853570722043514
mlp_1x100_relu,5,1,103,0.010986474342644215,0.009818632155656815
mlp_1x100_relu,5,1,104,0.010930233635008335,0.010036989115178585
mlp_1x100_relu,5,1,105,0.011011118069291115,0.010251994244754314
mlp_1x100_relu,5,1,106,0.01107369177043438,0.00970874447375536
mlp_1x100_relu,5,1,107,0.010948807001113892,0.009927877224981785
mlp_1x100_relu,5,1,108,0.010963192209601402,0.009924531914293766
mlp_1x100_relu,5,1,109,0.011030892841517925,0.010034377686679363
mlp_1x100_relu,5,1,110,0.011012542992830276,0.01003093458712101
mlp_1x100_relu,5,1,111,0.010961047373712063,0.010133444331586361
mlp_1x100_relu,5,1,112,0.011069782078266144,0.009909221902489662
mlp_1x100_relu,5,1,113,0.010986581444740295,0.009909544140100479
mlp_1x100_relu,5,1,114,0.011054467409849167,0.009806620888411999
mlp_1x100_relu,5,1,115,0.010946070775389671,0.010094556957483292
mlp_1x100_relu,5,1,116,0.011079185642302036,0.009796971455216408
mlp_1x100_relu,5,1,117,0.01103251613676548,0.010024936869740486
mlp_1x100_relu,5,1,118,0.011059570126235485,0.009687859565019608
mlp_1x100_relu,5,1,119,0.010987713001668453,0.009832956828176975
mlp_1x100_relu,5,1,120,0.010965242050588131,0.009722420014441013
mlp_1x100_relu,5,1,121,0.010872415266931057,0.009824265725910664
mlp_1x100_relu,5,1,122,0.010900979861617088,0.009787936694920063
mlp_1x100_relu,5,1,123,0.010907860472798347,0.0099516361951828
mlp_1x100_relu,5,1,124,0.010958557948470116,0.00980554148554802
mlp_1x100_relu,5,1,125,0.010918903164565563,0.009943113662302494
mlp_1x100_relu,5,1,126,0.010993840172886848,0.00993041880428791
mlp_1x100_relu,5,1,127,0.01108634378761053,0.010008728131651878
mlp_1x100_relu,5,1,128,0.01108559314161539,0.009855552576482296
mlp_1x100_relu,5,1,129,0.010951836593449116,0.010075343772768974
mlp_1x100_relu,5,1,130,0.011038527823984623,0.009852638468146324
mlp_1x100_relu,5,1,131,0.010899192653596401,0.009987987577915192
mlp_1x100_relu,5,1,132,0.010935812257230282,0.009837770834565163
mlp_1x100_relu,5,1,133,0.010984393768012524,0.009851057082414627
mlp_1x100_relu,5,1,134,0.01091414038091898,0.009776551276445389
mlp_1x100_relu,5,1,135,0.010855528526008129,0.009920253418385983
mlp_1x100_relu,5,1,136,0.01092258095741272,0.00991178397089243
mlp_1x100_relu,5,1,137,0.010944711975753307,0.009795544669032097
mlp_1x100_relu,5,1,138,0.010843190364539623,0.0098764318972826
mlp_1x100_relu,5,1,139,0.010932338424026966,0.009835141710937023
mlp_1x100_relu,5,1,140,0.010978044010698795,0.009831851348280907
mlp_1x100_relu,5,1,141,0.010873330757021904,0.009767821058630943
mlp_1x100_relu,5,1,142,0.010893533937633038,0.009782563894987106
mlp_1x100_relu,5,1,143,0.010920551605522633,0.010038082487881184
mlp_1x100_relu,5,1,144,0.0109916552901268,0.009875314310193062
mlp_1x100_relu,5,1,145,0.01096223946660757,0.009925403632223606
mlp_1x100_relu,5,1,146,0.010940653271973133,0.009764366783201694
mlp_1x100_relu,5,1,147,0.010898503474891186,0.010010583326220512
mlp_1x100_relu,5,1,148,0.010997593402862549,0.009756994433701038
mlp_1x100_relu,5,1,149,0.01107493881136179,0.010069982148706913
mlp_1x100_relu,5,1,150,0.011238763108849525,0.00975078996270895
mlp_1x100_relu,5,1,151,0.011084477417171001,0.009794319979846478
mlp_1x100_relu,5,1,152,0.010994630865752697,0.009774374775588512
mlp_1x100_relu,5,1,153,0.010972917079925537,0.009882229380309582
mlp_1x100_relu,5,1,154,0.010941848158836365,0.00968190934509039
mlp_1x100_relu,5,1,155,0.010876521468162537,0.009756932966411114
mlp_1x100_relu,5,1,156,0.010866880416870117,0.009731099009513855
mlp_1x100_relu,5,1,157,0.01100695040076971,0.009930700063705444
mlp_1x100_relu,5,1,158,0.010911385528743267,0.009911742992699146
mlp_1x100_relu,5,1,159,0.011117097921669483,0.009881325997412205
mlp_1x100_relu,5,1,160,0.011092765256762505,0.009779972955584526
mlp_1x100_relu,5,1,161,0.011033766902983189,0.009830289520323277
mlp_1x100_relu,5,1,162,0.010958402417600155,0.009730682708323002
mlp_1x100_relu,5,1,163,0.010848215781152248,0.009771734476089478
mlp_1x100_relu,5,1,164,0.010906701907515526,0.00967961736023426
mlp_1x100_relu,5,1,165,0.010840047150850296,0.009803746826946735
mlp_1x100_relu,5,1,166,0.010895318351686,0.009995794855058193
mlp_1x100_relu,5,1,167,0.011061578057706356,0.009769161231815815
mlp_1x100_relu,5,1,168,0.010995185934007168,0.009890801273286343
mlp_1x100_relu,5,1,169,0.011006788350641727,0.00980810634791851
mlp_1x100_relu,5,1,170,0.010933026671409607,0.009817240759730339
mlp_1x100_relu,5,1,171,0.010825884528458118,0.009796897880733013
mlp_1x100_relu,5,1,172,0.010803431272506714,0.009795415215194225
mlp_1x100_relu,5,1,173,0.010807611979544163,0.009796359576284885
mlp_1x100_relu,5,1,174,0.010856613516807556,0.009908299893140793
mlp_1x100_relu,5,1,175,0.010948505252599716,0.009901032783091068
mlp_1x100_relu,5,1,176,0.011018510907888412,0.00974991638213396
mlp_1x100_relu,5,1,177,0.010824671015143394,0.009837423451244831
mlp_1x100_relu,5,1,178,0.010887807235121727,0.009998342022299767
mlp_1x100_relu,5,1,179,0.010983693413436413,0.009921155869960785
mlp_1x100_relu,5,1,180,0.010843642055988312,0.009794699028134346
mlp_1x100_relu,5,1,181,0.010891399346292019,0.009646514430642128
mlp_1x100_relu,5,1,182,0.010831889696419239,0.009807148948311806
mlp_1x100_relu,5,1,183,0.010839034803211689,0.009741740301251411
mlp_1x100_relu,5,1,184,0.010764162987470627,0.009769943542778492
mlp_1x100_relu,5,1,185,0.010759512893855572,0.009814444929361343
mlp_1x100_relu,5,1,186,0.010776531882584095,0.009791657328605652
mlp_1x100_relu,5,1,187,0.010785860940814018,0.009980905801057816
mlp_1x100_relu,5,1,188,0.010907790623605251,0.009957332164049149
mlp_1x100_relu,5,1,189,0.010965129360556602,0.009823990985751152
mlp_1x100_relu,5,1,190,0.01107544545084238,0.009939467534422874
mlp_1x100_relu,5,1,191,0.011182313784956932,0.009964198805391788
mlp_1x100_relu,5,1,192,0.011075446382164955,0.009764140471816063
mlp_1x100_relu,5,1,193,0.010841871611773968,0.009817827492952347
mlp_1x100_relu,5,1,194,0.010817967355251312,0.00989331305027008
mlp_1x100_relu,5,1,195,0.010903719812631607,0.009809911251068115
mlp_1x100_relu,5,1,196,0.010896946303546429,0.009798449464142323
mlp_1x100_relu,5,1,197,0.010851248167455196,0.009806311689317226
mlp_1x100_relu,5,1,198,0.010903492569923401,0.009983810596168041
mlp_1x100_relu,5,1,199,0.010932772420346737,0.00975348986685276
mlp_1x100_relu,5,1,200,0.010795237496495247,0.009869668632745743
mlp_1x100_relu,5,1,201,0.01083917636424303,0.009718147106468678
mlp_1x100_relu,5,1,202,0.010785206221044064,0.00974744651466608
mlp_1x100_relu,5,1,203,0.010873225517570972,0.009911663830280304
mlp_1x100_relu,5,1,204,0.010915377177298069,0.009714903309941292
mlp_1x100_relu,5,1,205,0.010807927697896957,0.009845463559031487
mlp_1x100_relu,5,1,206,0.0109117915853858,0.009837387129664421
mlp_1x100_relu,5,1,207,0.010912390425801277,0.009688936173915863
mlp_1x100_relu,5,1,208,0.010822382755577564,0.009774863719940186
mlp_1x100_relu,5,1,209,0.01077463198453188,0.009893069043755531
mlp_1x100_relu,5,1,210,0.010880827903747559,0.009809519164264202
mlp_1x100_relu,5,1,211,0.01085860375314951,0.009759513661265373
mlp_1x100_relu,5,1,212,0.01087719202041626,0.009863801300525665
mlp_1x100_relu,5,1,213,0.010837340727448463,0.00973965972661972
mlp_1x100_relu,5,1,214,0.010726163163781166,0.009892185218632221
mlp_1x100_relu,5,1,215,0.010903248563408852,0.0098927803337574
mlp_1x100_relu,5,1,216,0.010886523872613907,0.009741473011672497
mlp_1x100_relu,5,1,217,0.01081591285765171,0.009716715663671494
mlp_1x100_relu,5,1,218,0.010901748202741146,0.009937699884176254
mlp_1x100_relu,5,1,219,0.011052197776734829,0.009803674183785915
mlp_1x100_relu,5,1,220,0.010865353047847748,0.009710815735161304
mlp_1x100_relu,5,1,221,0.010890311561524868,0.009899629279971123
mlp_1x100_relu,5,1,222,0.010898549109697342,0.009807711467146873
mlp_1x100_relu,5,1,223,0.010881719179451466,0.009771443903446198
mlp_1x100_relu,5,1,224,0.011178570799529552,0.009735898114740849
mlp_1x100_relu,5,1,225,0.011097150854766369,0.009712452068924904
mlp_1x100_relu,5,1,226,0.010922747664153576,0.009693377651274204
mlp_1x100_relu,5,1,227,0.01086242962628603,0.009663952514529228
mlp_1x100_relu,5,1,228,0.010790901258587837,0.009776058606803417
mlp_1x100_relu,5,1,229,0.010761560872197151,0.009700020775198936
mlp_1x100_relu,5,1,230,0.010766390711069107,0.009784173220396042
mlp_1x100_relu,5,1,231,0.01077771931886673,0.009836680255830288
mlp_1x100_relu,5,1,232,0.010863573290407658,0.009740100242197514
mlp_1x100_relu,5,1,233,0.010789291933178902,0.00985274463891983
mlp_1x100_relu,5,1,234,0.010970480740070343,0.009836329147219658
mlp_1x100_relu,5,1,235,0.011112922802567482,0.009708302095532417
mlp_1x100_relu,5,1,236,0.010799175128340721,0.009862790815532207
mlp_1x100_relu,5,1,237,0.010857760906219482,0.009842108935117722
mlp_1x100_relu,5,1,238,0.010862171649932861,0.009661160409450531
mlp_1x100_relu,5,1,239,0.010801360942423344,0.009762910194694996
mlp_1x100_relu,5,1,240,0.01081900391727686,0.00967213325202465
mlp_1x100_relu,5,1,241,0.010751338675618172,0.009805520065128803
mlp_1x100_relu,5,1,242,0.010708906687796116,0.009726633317768574
mlp_1x100_relu,5,1,243,0.010800538584589958,0.009903001599013805
mlp_1x100_relu,5,1,244,0.010823234915733337,0.009647139348089695
mlp_1x100_relu,5,1,245,0.010801379568874836,0.009782189503312111
mlp_1x100_relu,5,1,246,0.010797873139381409,0.009730801917612553
mlp_1x100_relu,5,1,247,0.010838842019438744,0.00981381069868803
mlp_1x100_relu,5,1,248,0.010893873870372772,0.00969004351645708
mlp_1x100_relu,5,1,249,0.01079497393220663,0.009824604727327824
mlp_1x100_relu,5,1,250,0.010807686485350132,0.009842379949986935
mlp_1x100_relu,5,1,251,0.011013034731149673,0.009594031609594822
mlp_1x100_relu,5,1,252,0.010868577286601067,0.009742788039147854
mlp_1x100_relu,5,1,253,0.010903862304985523,0.009883363731205463
mlp_1x100_relu,5,1,254,0.010890861973166466,0.00971860159188509
mlp_1x100_relu,5,1,255,0.010974125936627388,0.009794577024877071
mlp_1x100_relu,5,1,256,0.010906410403549671,0.009767841547727585
mlp_1x100_relu,5,1,257,0.010837925598025322,0.009741025976836681
mlp_1x100_relu,5,1,258,0.01074870303273201,0.009696668945252895
mlp_1x100_relu,5,1,259,0.01081090234220028,0.009780862368643284
mlp_1x100_relu,5,1,260,0.01090986281633377,0.009792190045118332
mlp_1x100_relu,5,1,261,0.010863391682505608,0.009650731459259987
mlp_1x100_relu,5,1,262,0.01069899182766676,0.009731833823025227
mlp_1x100_relu,5,1,263,0.010781013406813145,0.00968903861939907
mlp_1x100_relu,5,1,264,0.01083056628704071,0.009640516713261604
mlp_1x100_relu,5,1,265,0.010810114443302155,0.009654090739786625
mlp_1x100_relu,5,1,266,0.010780424810945988,0.009808310307562351
mlp_1x100_relu,5,1,267,0.010833022184669971,0.00977336335927248
mlp_1x100_relu,5,1,268,0.010885543189942837,0.009636945091187954
mlp_1x100_relu,5,1,269,0.010932608507573605,0.00970430951565504
mlp_1x100_relu,5,1,270,0.010857946239411831,0.009726217947900295
mlp_1x100_relu,5,1,271,0.010806451551616192,0.009715917520225048
mlp_1x100_relu,5,1,272,0.010808423161506653,0.009743639267981052
mlp_1x100_relu,5,1,273,0.010911339893937111,0.009841871447861195
mlp_1x100_relu,5,1,274,0.010829897597432137,0.009742063470184803
mlp_1x100_relu,5,1,275,0.010796183720231056,0.009711319580674171
mlp_1x100_relu,5,1,276,0.010835348628461361,0.009695256128907204
mlp_1x100_relu,5,1,277,0.01081946212798357,0.009722567163407803
mlp_1x100_relu,5,1,278,0.010667134076356888,0.009787715040147305
mlp_1x100_relu,5,1,279,0.010762227699160576,0.009778001345694065
mlp_1x100_relu,5,1,280,0.010762220248579979,0.009764181450009346
mlp_1x100_relu,5,1,281,0.010821663774549961,0.009711118414998055
mlp_1x100_relu,5,1,282,0.010802592150866985,0.009664732031524181
mlp_1x100_relu,5,1,283,0.010819965042173862,0.009830544702708721
mlp_1x100_relu,5,1,284,0.010909811593592167,0.00971909798681736
mlp_1x100_relu,5,1,285,0.010976241901516914,0.009681406430900097
mlp_1x100_relu,5,1,286,0.010869831778109074,0.009724483825266361
mlp_1x100_relu,5,1,287,0.010809277184307575,0.009656090289354324
mlp_1x100_relu,5,1,288,0.010797254741191864,0.009725513868033886
mlp_1x100_relu,5,1,289,0.010707452893257141,0.009743612259626389
mlp_1x100_relu,5,1,290,0.010720877908170223,0.009752308018505573
mlp_1x100_relu,5,1,291,0.010784067213535309,0.009709835983812809
mlp_1x100_relu,5,1,292,0.010745298117399216,0.009654461406171322
mlp_1x100_relu,5,1,293,0.01084979623556137,0.009770418517291546
mlp_1x100_relu,5,1,294,0.010862285271286964,0.009647426195442677
mlp_1x100_relu,5,1,295,0.010751168243587017,0.00978594459593296
mlp_1x100_relu,5,1,296,0.010926133953034878,0.00988017488270998
mlp_1x100_relu,5,1,297,0.011042580008506775,0.009655146859586239
mlp_1x100_relu,5,1,298,0.010944726876914501,0.009749127551913261
mlp_1x100_relu,5,1,299,0.010913721285760403,0.009670786559581757
mlp_1x100_relu,5,1,300,0.010754955001175404,0.009688962250947952
mlp_1x100_relu,5,1,301,0.010759895667433739,0.009738614782691002
mlp_1x100_relu,5,1,302,0.010849086567759514,0.009753123857080936
mlp_1x100_relu,5,1,303,0.010841751471161842,0.009679929353296757
mlp_1x100_relu,5,1,304,0.010812463238835335,0.0097038047388196
mlp_1x100_relu,5,1,305,0.010842623189091682,0.00965766329318285
mlp_1x100_relu,5,1,306,0.01072948332875967,0.009787549264729023
mlp_1x100_relu,5,1,307,0.010761639103293419,0.009838948957622051
mlp_1x100_relu,5,1,308,0.010802811942994595,0.0096743768081069
mlp_1x100_relu,5,1,309,0.010778476484119892,0.009693631902337074
mlp_1x100_relu,5,1,310,0.01073777861893177,0.009783742018043995
mlp_1x100_relu,5,1,311,0.01067435648292303,0.009793956764042377
mlp_1x100_relu,5,1,312,0.010736809112131596,0.009654239751398563
mlp_1x100_relu,5,1,313,0.010771095752716064,0.009755460545420647
mlp_1x100_relu,5,1,314,0.010703502222895622,0.009699631482362747
mlp_1x100_relu,5,1,315,0.010764067061245441,0.009825274348258972
mlp_1x100_relu,5,1,316,0.010790325701236725,0.009717272594571114
mlp_1x100_relu,5,1,317,0.010744552128016949,0.009789302945137024
mlp_1x100_relu,5,1,318,0.010815603658556938,0.009699958376586437
mlp_1x100_relu,5,1,319,0.010876287706196308,0.009660854935646057
mlp_1x100_relu,5,1,320,0.010793730616569519,0.009685900062322617
mlp_1x100_relu,5,1,321,0.010692866519093513,0.009737232699990273
mlp_1x100_relu,5,1,322,0.010727673768997192,0.00981460977345705
mlp_1x100_relu,5,1,323,0.010886448435485363,0.009640795178711414
mlp_1x100_relu,5,1,324,0.010840526781976223,0.00977107509970665
mlp_1x100_relu,5,1,325,0.010794177651405334,0.009727326221764088
mlp_1x100_relu,5,1,326,0.010834305547177792,0.00974622555077076
mlp_1x100_relu,5,1,327,0.010833436623215675,0.009641156531870365
mlp_1x100_relu,5,1,328,0.010816927067935467,0.009733280166983604
mlp_1x100_relu,5,1,329,0.010786773636937141,0.009674295783042908
mlp_1x100_relu,5,1,330,0.01075839251279831,0.009751753881573677
mlp_1x100_relu,5,1,331,0.010815181769430637,0.009674152359366417
mlp_1x100_relu,5,1,332,0.010825632140040398,0.009644663892686367
mlp_1x100_relu,5,1,333,0.010650197975337505,0.009701474569737911
mlp_1x100_relu,5,1,334,0.010685383342206478,0.009785427711904049
mlp_1x100_relu,5,1,335,0.010751775465905666,0.009746124036610126
mlp_1x100_relu,5,1,336,0.010799678042531013,0.009787183254957199
mlp_1x100_relu,5,1,337,0.010863996110856533,0.009799997322261333
mlp_1x100_relu,5,1,338,0.01095527783036232,0.009614980779588223
mlp_1x100_relu,5,1,339,0.01079708244651556,0.009746062569320202
mlp_1x100_relu,5,1,340,0.010890001431107521,0.009705482982099056
mlp_1x100_relu,5,1,341,0.010979117825627327,0.009679602459073067
mlp_1x100_relu,5,1,342,0.010914257727563381,0.009648163802921772
mlp_1x100_relu,5,1,343,0.010783958248794079,0.009683727286756039
mlp_1x100_relu,5,1,344,0.010789536871016026,0.009691601619124413
mlp_1x100_relu,5,1,345,0.010829512029886246,0.009649556130170822
mlp_1x100_relu,5,1,346,0.010768617503345013,0.00962394941598177
mlp_1x100_relu,5,1,347,0.010758312419056892,0.00963466614484787
mlp_1x100_relu,5,1,348,0.010770510882139206,0.009725430980324745
mlp_1x100_relu,5,1,349,0.010842676274478436,0.009696933440864086
mlp_1x100_relu,5,1,350,0.010741624049842358,0.009709300473332405
mlp_1x100_relu,5,1,351,0.010754581540822983,0.009721070528030396
mlp_1x100_relu,5,1,352,0.01071973517537117,0.009706661105155945
mlp_1x100_relu,5,1,353,0.01073507871478796,0.009711728431284428
mlp_1x100_relu,5,1,354,0.01075505930930376,0.009684844873845577
mlp_1x100_relu,5,1,355,0.010772648267447948,0.009695800952613354
mlp_1x100_relu,5,1,356,0.010868662968277931,0.009789232164621353
mlp_1x100_relu,5,1,357,0.010824702680110931,0.009702686220407486
mlp_1x100_relu,5,1,358,0.010815903544425964,0.009620693512260914
mlp_1x100_relu,5,1,359,0.010739016346633434,0.009690332226455212
mlp_1x100_relu,5,1,360,0.010794812813401222,0.009636123664677143
mlp_1x100_relu,5,1,361,0.010711911134421825,0.00971019547432661
mlp_1x100_relu,5,1,362,0.010702554136514664,0.009687400422990322
mlp_1x100_relu,5,1,363,0.010781596414744854,0.009670748375356197
mlp_1x100_relu,5,1,364,0.010811198502779007,0.009729542769491673
mlp_1x100_relu,5,1,365,0.010763059370219707,0.009731990285217762
mlp_1x100_relu,5,1,366,0.01074985321611166,0.009697900153696537
mlp_1x100_relu,5,1,367,0.010731744579970837,0.009699837304651737
mlp_1x100_relu,5,1,368,0.01078907959163189,0.009783892892301083
mlp_1x100_relu,5,1,369,0.010746169835329056,0.00970296747982502
mlp_1x100_relu,5,1,370,0.010735888965427876,0.009664922021329403
mlp_1x100_relu,5,1,371,0.010752731002867222,0.00969336275011301
mlp_1x100_relu,5,1,372,0.010703416541218758,0.009703213348984718
mlp_1x100_relu,5,1,373,0.010707085020840168,0.009698855690658092
mlp_1x100_relu,5,1,374,0.010766047053039074,0.009740778245031834
mlp_1x100_relu,5,1,375,0.010802110657095909,0.009642276912927628
mlp_1x100_relu,5,1,376,0.010793210007250309,0.009718667715787888
mlp_1x100_relu,5,1,377,0.010743698105216026,0.009759481996297836
mlp_1x100_relu,5,1,378,0.010780631564557552,0.009769034571945667
mlp_1x100_relu,5,1,379,0.01076984591782093,0.009664534591138363
mlp_1x100_relu,5,1,380,0.010750947520136833,0.009696679189801216
mlp_1x100_relu,5,1,381,0.010758597403764725,0.009742009453475475
mlp_1x100_relu,5,1,382,0.010855302214622498,0.009764080867171288
mlp_1x100_relu,5,1,383,0.010837441310286522,0.00966739933937788
mlp_1x100_relu,5,1,384,0.010745738632977009,0.009756010957062244
mlp_1x100_relu,5,1,385,0.010780159384012222,0.009774266742169857
mlp_1x100_relu,5,1,386,0.010823136195540428,0.009771868586540222
mlp_1x100_relu,5,1,387,0.010730044916272163,0.009728784672915936
mlp_1x100_relu,5,1,388,0.01070696022361517,0.009753350168466568
mlp_1x100_relu,5,1,389,0.010650853626430035,0.009754125960171223
mlp_1x100_relu,5,1,390,0.010768875479698181,0.009705968201160431
mlp_1x100_relu,5,1,391,0.010718371719121933,0.009746860712766647
mlp_1x100_relu,5,1,392,0.010735376738011837,0.00968626793473959
mlp_1x100_relu,5,1,393,0.010760804638266563,0.009756948798894882
mlp_1x100_relu,5,1,394,0.010696752928197384,0.009775982238352299
mlp_1x100_relu,5,1,395,0.010684979148209095,0.009689844213426113
mlp_1x100_relu,5,1,396,0.010712205432355404,0.009697983972728252
mlp_1x100_relu,5,1,397,0.010756845586001873,0.009682630188763142
mlp_1x100_relu,5,1,398,0.010763170197606087,0.009804412722587585
mlp_1x100_relu,5,1,399,0.010816569440066814,0.009653297252953053
mlp_1x100_relu,5,1,400,0.010778727941215038,0.009741485118865967
mlp_1x100_relu,5,1,401,0.010777154937386513,0.009646189399063587
mlp_1x100_relu,5,1,402,0.01066452357918024,0.009759530425071716
mlp_1x100_relu,5,1,403,0.010744504630565643,0.009669756516814232
mlp_1x100_relu,5,1,404,0.01083617378026247,0.009726353920996189
mlp_1x100_relu,5,1,405,0.010788451880216599,0.009692681021988392
mlp_1x100_relu,5,1,406,0.010689744725823402,0.009692645631730556
mlp_1x100_relu,5,1,407,0.010738730430603027,0.009794032201170921
mlp_1x100_relu,5,1,408,0.010769112035632133,0.0097665311768651
mlp_1x100_relu,5,1,409,0.010738421231508255,0.009701686911284924
mlp_1x100_relu,5,1,410,0.010699340142309666,0.009702927432954311
mlp_1x100_relu,5,1,411,0.010625655762851238,0.009817777201533318
mlp_1x100_relu,5,1,412,0.010684072971343994,0.009733626618981361
mlp_1x100_relu,5,1,413,0.010724501684308052,0.009693656116724014
mlp_1x100_relu,5,1,414,0.010754091665148735,0.009744452312588692
mlp_1x100_relu,5,1,415,0.010660707019269466,0.009759440086781979
mlp_1x100_relu,5,1,416,0.010758955962955952,0.00976476725190878
mlp_1x100_relu,5,1,417,0.010852241888642311,0.009743164293467999
mlp_1x100_relu,5,1,418,0.01074563805013895,0.009711240418255329
mlp_1x100_relu,5,1,419,0.01076874416321516,0.009745115414261818
mlp_1x100_relu,5,1,420,0.010687879286706448,0.009739927016198635
mlp_1x100_relu,5,1,421,0.010779917240142822,0.009754551574587822
mlp_1x100_relu,5,1,422,0.010774814523756504,0.00972877349704504
mlp_1x100_relu,5,1,423,0.01075840089470148,0.009671555832028389
mlp_1x100_relu,5,1,424,0.010702783241868019,0.009715386666357517
mlp_1x100_relu,5,1,425,0.010609323158860207,0.009738280437886715
mlp_1x100_relu,5,1,426,0.010671968571841717,0.00979025848209858
mlp_1x100_relu,5,1,427,0.010769850574433804,0.009716318920254707
mlp_1x100_relu,5,1,428,0.010764901526272297,0.00969762820750475
mlp_1x100_relu,5,1,429,0.010791392996907234,0.009709115140140057
mlp_1x100_relu,5,1,430,0.01083883736282587,0.00980805791914463
mlp_1x100_relu,5,1,431,0.010826284065842628,0.00967143103480339
mlp_1x100_relu,5,1,432,0.010728651657700539,0.009675360284745693
mlp_1x100_relu,5,1,433,0.010731503367424011,0.009731658734381199
mlp_1x100_relu,5,1,434,0.010643457062542439,0.00968302320688963
mlp_1x100_relu,5,1,435,0.010657276958227158,0.00972095038741827
mlp_1x100_relu,5,1,436,0.010695930570363998,0.009746577590703964
mlp_1x100_relu,5,1,437,0.010759259574115276,0.009724033996462822
mlp_1x100_relu,5,1,438,0.010786503553390503,0.009699748829007149
mlp_1x100_relu,5,1,439,0.010797054506838322,0.009695317596197128
mlp_1x100_relu,5,1,440,0.010714211501181126,0.00971924513578415
mlp_1x100_relu,5,1,441,0.010685871355235577,0.009757625870406628
mlp_1x100_relu,5,1,442,0.010702652856707573,0.009746803902089596
mlp_1x100_relu,5,1,443,0.010727562010288239,0.009724732488393784
mlp_1x100_relu,5,1,444,0.010704351589083672,0.009766004979610443
mlp_1x100_relu,5,1,445,0.010733464732766151,0.009670420549809933
mlp_1x100_relu,5,1,446,0.010698227211833,0.009728267788887024
mlp_1x100_relu,5,1,447,0.010690062306821346,0.009813857264816761
mlp_1x100_relu,5,1,448,0.010711133480072021,0.00973855797201395
mlp_1x100_relu,5,1,449,0.010661239735782146,0.009694050066173077
mlp_1x100_relu,5,1,450,0.010645000264048576,0.00978522002696991
mlp_1x100_relu,5,1,451,0.010644164867699146,0.009804805740714073
mlp_1x100_relu,5,1,452,0.010676100850105286,0.009729782119393349
mlp_1x100_relu,5,1,453,0.01071357261389494,0.009688468649983406
mlp_1x100_relu,5,1,454,0.010699808597564697,0.009751145727932453
mlp_1x100_relu,5,1,455,0.010711263865232468,0.009735343977808952
mlp_1x100_relu,5,1,456,0.010641919448971748,0.009833939373493195
mlp_1x100_relu,5,1,457,0.010795002803206444,0.009663242846727371
mlp_1x100_relu,5,1,458,0.010770447552204132,0.009750349447131157
mlp_1x100_relu,5,1,459,0.01072576642036438,0.009763204492628574
mlp_1x100_relu,5,1,460,0.010664920322597027,0.009843994863331318
mlp_1x100_relu,5,1,461,0.010760925710201263,0.009733976796269417
mlp_1x100_relu,5,1,462,0.010689008980989456,0.009835762903094292
mlp_1x100_relu,5,1,463,0.010840405710041523,0.009690564125776291
mlp_1x100_relu,5,1,464,0.01076739002019167,0.00970934983342886
mlp_1x100_relu,5,1,465,0.010796592570841312,0.009756768122315407
mlp_1x100_relu,5,1,466,0.010724608786404133,0.009701674804091454
mlp_1x100_relu,5,1,467,0.010708587244153023,0.00970369204878807
mlp_1x100_relu,5,1,468,0.010619771666824818,0.009780360385775566
mlp_1x100_relu,5,1,469,0.01060664001852274,0.009758319705724716
mlp_1x100_relu,5,1,470,0.010735470801591873,0.00966607965528965
mlp_1x100_relu,5,1,471,0.010761401616036892,0.009764101356267929
mlp_1x100_relu,5,1,472,0.010715902782976627,0.009708818979561329
mlp_1x100_relu,5,1,473,0.010674839839339256,0.009725521318614483
mlp_1x100_relu,5,1,474,0.010710503906011581,0.009750433266162872
mlp_1x100_relu,5,1,475,0.010720256716012955,0.009796173311769962
mlp_1x100_relu,5,1,476,0.01070409081876278,0.009720050729811192
mlp_1x100_relu,5,1,477,0.010647285729646683,0.009797226637601852
mlp_1x100_relu,5,1,478,0.010660291649401188,0.009823848493397236
mlp_1x100_relu,5,1,479,0.010640825144946575,0.00973423570394516
mlp_1x100_relu,5,1,480,0.010654362849891186,0.009745366871356964
mlp_1x100_relu,5,1,481,0.010685209184885025,0.0097874840721488
mlp_1x100_relu,5,1,482,0.010730301961302757,0.009676206856966019
mlp_1x100_relu,5,1,483,0.010665873065590858,0.009779051877558231
mlp_1x100_relu,5,1,484,0.010747692547738552,0.009736171923577785
mlp_1x100_relu,5,1,485,0.010832094587385654,0.009757849387824535
mlp_1x100_relu,5,1,486,0.010763661004602909,0.009790647774934769
mlp_1x100_relu,5,1,487,0.010646818205714226,0.009766933508217335
mlp_1x100_relu,5,1,488,0.010642335750162601,0.009774674661457539
mlp_1x100_relu,5,1,489,0.010705926455557346,0.009771550074219704
mlp_1x100_relu,5,1,490,0.010771525092422962,0.009670001454651356
mlp_1x100_relu,5,1,491,0.01069552544504404,0.009740890003740788
mlp_1x100_relu,5,1,492,0.01077265664935112,0.009695813059806824
mlp_1x100_relu,5,1,493,0.010732585564255714,0.00980608444660902
mlp_1x100_relu,5,1,494,0.010708974674344063,0.009714916348457336
mlp_1x100_relu,5,1,495,0.010618683882057667,0.009731564670801163
mlp_1x100_relu,5,1,496,0.010669686831533909,0.00973534770309925
mlp_1x100_relu,5,1,497,0.010634170845150948,0.009724593721330166
mlp_1x100_relu,5,1,498,0.010621820576488972,0.00978277437388897
mlp_1x100_relu,5,1,499,0.010704207234084606,0.009711557067930698
mlp_1x100_relu,5,1,500,0.010735702700912952,0.009810800664126873
mlp_1x100_relu,5,5,1,0.3313262462615967,0.14482009410858154
mlp_1x100_relu,5,5,2,0.13989868760108948,0.07920663058757782
mlp_1x100_relu,5,5,3,0.07871736586093903,0.04480608180165291
mlp_1x100_relu,5,5,4,0.04457809031009674,0.025382284075021744
mlp_1x100_relu,5,5,5,0.026152968406677246,0.016466865316033363
mlp_1x100_relu,5,5,6,0.017070099711418152,0.011224533431231976
mlp_1x100_relu,5,5,7,0.012440276332199574,0.00871417298913002
mlp_1x100_relu,5,5,8,0.009839816018939018,0.0069877877831459045
mlp_1x100_relu,5,5,9,0.008415736258029938,0.006784002296626568
mlp_1x100_relu,5,5,10,0.007526357192546129,0.005771402735263109
mlp_1x100_relu,5,5,11,0.0069557176902890205,0.005558060947805643
mlp_1x100_relu,5,5,12,0.006645417772233486,0.005654867738485336
mlp_1x100_relu,5,5,13,0.006388342939317226,0.004985857289284468
mlp_1x100_relu,5,5,14,0.006188218016177416,0.0048480527475476265
mlp_1x100_relu,5,5,15,0.006109105423092842,0.005241509061306715
mlp_1x100_relu,5,5,16,0.006073647644370794,0.00507150636985898
mlp_1x100_relu,5,5,17,0.005982378032058477,0.004880950320512056
mlp_1x100_relu,5,5,18,0.006010944955050945,0.004937482997775078
mlp_1x100_relu,5,5,19,0.005957480054348707,0.004722582641988993
mlp_1x100_relu,5,5,20,0.005874089431017637,0.004645807668566704
mlp_1x100_relu,5,5,21,0.0058344099670648575,0.00462081003934145
mlp_1x100_relu,5,5,22,0.005812614690512419,0.0044679781422019005
mlp_1x100_relu,5,5,23,0.005769793875515461,0.004386061802506447
mlp_1x100_relu,5,5,24,0.0057594263926148415,0.00442331051453948
mlp_1x100_relu,5,5,25,0.005734020844101906,0.004449221771210432
mlp_1x100_relu,5,5,26,0.005697096232324839,0.00447659520432353
mlp_1x100_relu,5,5,27,0.00568076316267252,0.0044729565270245075
mlp_1x100_relu,5,5,28,0.005640885792672634,0.004451414104551077
mlp_1x100_relu,5,5,29,0.005627915263175964,0.004488659556955099
mlp_1x100_relu,5,5,30,0.005606050603091717,0.004493522923439741
mlp_1x100_relu,5,5,31,0.005579863674938679,0.004485512152314186
mlp_1x100_relu,5,5,32,0.00556087726727128,0.0045022000558674335
mlp_1x100_relu,5,5,33,0.005543773528188467,0.004527709446847439
mlp_1x100_relu,5,5,34,0.005537118762731552,0.004540708381682634
mlp_1x100_relu,5,5,35,0.00551649322733283,0.004495703149586916
mlp_1x100_relu,5,5,36,0.00547667546197772,0.004464294761419296
mlp_1x100_relu,5,5,37,0.005440616514533758,0.004442986566573381
mlp_1x100_relu,5,5,38,0.0054178740829229355,0.004437730647623539
mlp_1x100_relu,5,5,39,0.005388982594013214,0.004460236523300409
mlp_1x100_relu,5,5,40,0.00536990026012063,0.0044732848182320595
mlp_1x100_relu,5,5,41,0.005337795242667198,0.0044899289496243
mlp_1x100_relu,5,5,42,0.0053154462948441505,0.004481163807213306
mlp_1x100_relu,5,5,43,0.005289502441883087,0.004565302282571793
mlp_1x100_relu,5,5,44,0.005289510358124971,0.0044847275130450726
mlp_1x100_relu,5,5,45,0.005273206625133753,0.0045197210274636745
mlp_1x100_relu,5,5,46,0.00526180025190115,0.004478993825614452
mlp_1x100_relu,5,5,47,0.005251421593129635,0.004560758825391531
mlp_1x100_relu,5,5,48,0.0052750264294445515,0.004550699144601822
mlp_1x100_relu,5,5,49,0.0052640242502093315,0.004438539035618305
mlp_1x100_relu,5,5,50,0.005226446781307459,0.004575460217893124
mlp_1x100_relu,5,5,51,0.0052062044851481915,0.004482984077185392
mlp_1x100_relu,5,5,52,0.005217135418206453,0.004539915826171637
mlp_1x100_relu,5,5,53,0.005251712631434202,0.004533470142632723
mlp_1x100_relu,5,5,54,0.005239981692284346,0.004665749613195658
mlp_1x100_relu,5,5,55,0.005236712284386158,0.004513908643275499
mlp_1x100_relu,5,5,56,0.005238330457359552,0.0047072917222976685
mlp_1x100_relu,5,5,57,0.005295446142554283,0.004715960938483477
mlp_1x100_relu,5,5,58,0.005284967366605997,0.004603527020663023
mlp_1x100_relu,5,5,59,0.0052265506237745285,0.0045377714559435844
mlp_1x100_relu,5,5,60,0.005199538078159094,0.004632742144167423
mlp_1x100_relu,5,5,61,0.005225572735071182,0.0045201885513961315
mlp_1x100_relu,5,5,62,0.005237600300461054,0.0045133852399885654
mlp_1x100_relu,5,5,63,0.00525570148602128,0.004718825686722994
mlp_1x100_relu,5,5,64,0.005259482190012932,0.004420471377670765
mlp_1x100_relu,5,5,65,0.005204701330512762,0.004602822940796614
mlp_1x100_relu,5,5,66,0.005255314987152815,0.004488174803555012
mlp_1x100_relu,5,5,67,0.0052363076247274876,0.004522260278463364
mlp_1x100_relu,5,5,68,0.005216369871050119,0.004523811396211386
mlp_1x100_relu,5,5,69,0.0052339015528559685,0.0045494441874325275
mlp_1x100_relu,5,5,70,0.005253227427601814,0.004462793469429016
mlp_1x100_relu,5,5,71,0.005241551902145147,0.004456727299839258
mlp_1x100_relu,5,5,72,0.005282246507704258,0.004612152464687824
mlp_1x100_relu,5,5,73,0.005294689442962408,0.004504420328885317
mlp_1x100_relu,5,5,74,0.005234712269157171,0.00447578402236104
mlp_1x100_relu,5,5,75,0.005271030589938164,0.004491826519370079
mlp_1x100_relu,5,5,76,0.005300011020153761,0.00451447581872344
mlp_1x100_relu,5,5,77,0.00525915389880538,0.004357871599495411
mlp_1x100_relu,5,5,78,0.005225456785410643,0.0045035602524876595
mlp_1x100_relu,5,5,79,0.005250147543847561,0.004429462365806103
mlp_1x100_relu,5,5,80,0.0052633704617619514,0.004519426729530096
mlp_1x100_relu,5,5,81,0.005299681331962347,0.004411731380969286
mlp_1x100_relu,5,5,82,0.005250866524875164,0.004561739042401314
mlp_1x100_relu,5,5,83,0.005366820376366377,0.004404839128255844
mlp_1x100_relu,5,5,84,0.005270849913358688,0.004381957929581404
mlp_1x100_relu,5,5,85,0.005226158071309328,0.004563973285257816
mlp_1x100_relu,5,5,86,0.005324239376932383,0.004416836425662041
mlp_1x100_relu,5,5,87,0.00525583466514945,0.004424274433404207
mlp_1x100_relu,5,5,88,0.0052767787128686905,0.004421863704919815
mlp_1x100_relu,5,5,89,0.005288286134600639,0.004358223639428616
mlp_1x100_relu,5,5,90,0.005246930755674839,0.004508335143327713
mlp_1x100_relu,5,5,91,0.00532739982008934,0.004332112614065409
mlp_1x100_relu,5,5,92,0.005244861356914043,0.00436042994260788
mlp_1x100_relu,5,5,93,0.005243990570306778,0.004435909911990166
mlp_1x100_relu,5,5,94,0.00532152783125639,0.004366056062281132
mlp_1x100_relu,5,5,95,0.005271967966109514,0.004364673048257828
mlp_1x100_relu,5,5,96,0.005291844252496958,0.004344809800386429
mlp_1x100_relu,5,5,97,0.005332717671990395,0.004334813449531794
mlp_1x100_relu,5,5,98,0.005314727779477835,0.004369881469756365
mlp_1x100_relu,5,5,99,0.005351811181753874,0.00434470921754837
mlp_1x100_relu,5,5,100,0.005295053590089083,0.004351204726845026
mlp_1x100_relu,5,5,101,0.005289467982947826,0.0043360344134271145
mlp_1x100_relu,5,5,102,0.00524306483566761,0.004297579172998667
mlp_1x100_relu,5,5,103,0.005237608216702938,0.004340323153883219
mlp_1x100_relu,5,5,104,0.00525524839758873,0.004354069475084543
mlp_1x100_relu,5,5,105,0.00527431583032012,0.004313306882977486
mlp_1x100_relu,5,5,106,0.0052437554113566875,0.004354939796030521
mlp_1x100_relu,5,5,107,0.0052749644964933395,0.0042991116642951965
mlp_1x100_relu,5,5,108,0.005218230187892914,0.004331875126808882
mlp_1x100_relu,5,5,109,0.005266603082418442,0.004329403396695852
mlp_1x100_relu,5,5,110,0.005274967290461063,0.0043299500830471516
mlp_1x100_relu,5,5,111,0.005296611227095127,0.00431619631126523
mlp_1x100_relu,5,5,112,0.005262895952910185,0.004322911612689495
mlp_1x100_relu,5,5,113,0.005233483389019966,0.004306631628423929
mlp_1x100_relu,5,5,114,0.005237344652414322,0.004320836625993252
mlp_1x100_relu,5,5,115,0.005271323956549168,0.004379853140562773
mlp_1x100_relu,5,5,116,0.0053235306404531,0.004402071703225374
mlp_1x100_relu,5,5,117,0.005316467490047216,0.00431479886174202
mlp_1x100_relu,5,5,118,0.005300873424857855,0.004355916753411293
mlp_1x100_relu,5,5,119,0.0053376369178295135,0.004326310008764267
mlp_1x100_relu,5,5,120,0.005292209330946207,0.0043302783742547035
mlp_1x100_relu,5,5,121,0.005320272874087095,0.00430527376011014
mlp_1x100_relu,5,5,122,0.00527470326051116,0.004336366429924965
mlp_1x100_relu,5,5,123,0.0052747586742043495,0.004298021085560322
mlp_1x100_relu,5,5,124,0.005257501266896725,0.004320256412029266
mlp_1x100_relu,5,5,125,0.005237036384642124,0.0043510813266038895
mlp_1x100_relu,5,5,126,0.005287581123411655,0.004341184627264738
mlp_1x100_relu,5,5,127,0.00529590155929327,0.004324550740420818
mlp_1x100_relu,5,5,128,0.005294082686305046,0.004299108404666185
mlp_1x100_relu,5,5,129,0.005282416474074125,0.004312395583838224
mlp_1x100_relu,5,5,130,0.00527915358543396,0.004379821475595236
mlp_1x100_relu,5,5,131,0.0053304387256503105,0.004334133584052324
mlp_1x100_relu,5,5,132,0.005261658690869808,0.004276515915989876
mlp_1x100_relu,5,5,133,0.0052706715650856495,0.004291238728910685
mlp_1x100_relu,5,5,134,0.005220095627009869,0.004303217865526676
mlp_1x100_relu,5,5,135,0.0052130380645394325,0.004334939178079367
mlp_1x100_relu,5,5,136,0.005216394085437059,0.00433926610276103
mlp_1x100_relu,5,5,137,0.005250934045761824,0.004368580412119627
mlp_1x100_relu,5,5,138,0.00524511793628335,0.00431016692891717
mlp_1x100_relu,5,5,139,0.005241983104497194,0.004288798663765192
mlp_1x100_relu,5,5,140,0.005205447319895029,0.004287772346287966
mlp_1x100_relu,5,5,141,0.005267790053039789,0.004306616727262735
mlp_1x100_relu,5,5,142,0.005314356181770563,0.004310837015509605
mlp_1x100_relu,5,5,143,0.005276931915432215,0.004292760044336319
mlp_1x100_relu,5,5,144,0.005274088587611914,0.004340140614658594
mlp_1x100_relu,5,5,145,0.005291459616273642,0.00430433452129364
mlp_1x100_relu,5,5,146,0.0052698515355587006,0.004280918277800083
mlp_1x100_relu,5,5,147,0.005290546920150518,0.004289286211133003
mlp_1x100_relu,5,5,148,0.0052292016334831715,0.00435591908171773
mlp_1x100_relu,5,5,149,0.00527910003438592,0.0043486664071679115
mlp_1x100_relu,5,5,150,0.005300744436681271,0.004295533522963524
mlp_1x100_relu,5,5,151,0.005281858146190643,0.0043084388598799706
mlp_1x100_relu,5,5,152,0.0052192118018865585,0.004334347788244486
mlp_1x100_relu,5,5,153,0.005216906778514385,0.004302344284951687
mlp_1x100_relu,5,5,154,0.005204265005886555,0.004299727268517017
mlp_1x100_relu,5,5,155,0.005234941840171814,0.004335946869105101
mlp_1x100_relu,5,5,156,0.00525447865948081,0.004358575213700533
mlp_1x100_relu,5,5,157,0.005286271683871746,0.00431630527600646
mlp_1x100_relu,5,5,158,0.005211298353970051,0.004329564515501261
mlp_1x100_relu,5,5,159,0.005235325079411268,0.00432316679507494
mlp_1x100_relu,5,5,160,0.005209228489547968,0.0043419101275503635
mlp_1x100_relu,5,5,161,0.005221961531788111,0.004333505406975746
mlp_1x100_relu,5,5,162,0.005231576040387154,0.004353104159235954
mlp_1x100_relu,5,5,163,0.0052514891140162945,0.004353477619588375
mlp_1x100_relu,5,5,164,0.0052744257263839245,0.004335779696702957
mlp_1x100_relu,5,5,165,0.005247201770544052,0.004352744203060865
mlp_1x100_relu,5,5,166,0.005250703543424606,0.0043514021672308445
mlp_1x100_relu,5,5,167,0.00519734900444746,0.00434093689545989
mlp_1x100_relu,5,5,168,0.005193803925067186,0.004340523853898048
mlp_1x100_relu,5,5,169,0.005219815298914909,0.004338789731264114
mlp_1x100_relu,5,5,170,0.005202650558203459,0.004335925914347172
mlp_1x100_relu,5,5,171,0.0052642677910625935,0.004285265691578388
mlp_1x100_relu,5,5,172,0.005243586376309395,0.0043382588773965836
mlp_1x100_relu,5,5,173,0.005244011525064707,0.004326962865889072
mlp_1x100_relu,5,5,174,0.005175733473151922,0.004321107640862465
mlp_1x100_relu,5,5,175,0.005179638508707285,0.004345852881669998
mlp_1x100_relu,5,5,176,0.0052032265812158585,0.004359264392405748
mlp_1x100_relu,5,5,177,0.0052064042538404465,0.00432999012991786
mlp_1x100_relu,5,5,178,0.005173793528228998,0.004342229105532169
mlp_1x100_relu,5,5,179,0.005190856754779816,0.004332524258643389
mlp_1x100_relu,5,5,180,0.005216611549258232,0.004352858755737543
mlp_1x100_relu,5,5,181,0.0052558062598109245,0.004318955820053816
mlp_1x100_relu,5,5,182,0.005215480457991362,0.0043383329175412655
mlp_1x100_relu,5,5,183,0.005225101485848427,0.004345467314124107
mlp_1x100_relu,5,5,184,0.005205020774155855,0.004360550548881292
mlp_1x100_relu,5,5,185,0.005240160506218672,0.004313587211072445
mlp_1x100_relu,5,5,186,0.005225047003477812,0.004367164336144924
mlp_1x100_relu,5,5,187,0.00518444087356329,0.004314729478210211
mlp_1x100_relu,5,5,188,0.005191595759242773,0.004369182512164116
mlp_1x100_relu,5,5,189,0.005242402199655771,0.004334543365985155
mlp_1x100_relu,5,5,190,0.005184720735996962,0.004370986949652433
mlp_1x100_relu,5,5,191,0.005199799779802561,0.004344610497355461
mlp_1x100_relu,5,5,192,0.005171789787709713,0.004354408010840416
mlp_1x100_relu,5,5,193,0.00521095423027873,0.00430474104359746
mlp_1x100_relu,5,5,194,0.0052103521302342415,0.004368407651782036
mlp_1x100_relu,5,5,195,0.005200203508138657,0.0043221451342105865
mlp_1x100_relu,5,5,196,0.005173847544938326,0.004353657364845276
mlp_1x100_relu,5,5,197,0.005180173087865114,0.004343173932284117
mlp_1x100_relu,5,5,198,0.005176988430321217,0.004346158821135759
mlp_1x100_relu,5,5,199,0.005176099948585033,0.004377944860607386
mlp_1x100_relu,5,5,200,0.005207580514252186,0.004374902229756117
mlp_1x100_relu,5,5,201,0.005224545486271381,0.004308368545025587
mlp_1x100_relu,5,5,202,0.0051874215714633465,0.004373474512249231
mlp_1x100_relu,5,5,203,0.005176193080842495,0.004374216310679913
mlp_1x100_relu,5,5,204,0.005176256876438856,0.004371444694697857
mlp_1x100_relu,5,5,205,0.005198393948376179,0.004329613875597715
mlp_1x100_relu,5,5,206,0.005182425491511822,0.004398016259074211
mlp_1x100_relu,5,5,207,0.005216212477535009,0.004342001397162676
mlp_1x100_relu,5,5,208,0.005176881793886423,0.004369564354419708
mlp_1x100_relu,5,5,209,0.005183751694858074,0.004354302771389484
mlp_1x100_relu,5,5,210,0.005195431876927614,0.004367494489997625
mlp_1x100_relu,5,5,211,0.005159393884241581,0.004348155111074448
mlp_1x100_relu,5,5,212,0.005192527547478676,0.004367841873317957
mlp_1x100_relu,5,5,213,0.005178313236683607,0.004341838415712118
mlp_1x100_relu,5,5,214,0.00516878254711628,0.004408081062138081
mlp_1x100_relu,5,5,215,0.005169391632080078,0.0043341065756976604
mlp_1x100_relu,5,5,216,0.005161434877663851,0.004369087517261505
mlp_1x100_relu,5,5,217,0.005172062199562788,0.004402740392833948
mlp_1x100_relu,5,5,218,0.0051922365091741085,0.004347749520093203
mlp_1x100_relu,5,5,219,0.005198991391807795,0.004335384350270033
mlp_1x100_relu,5,5,220,0.005176374223083258,0.004349877126514912
mlp_1x100_relu,5,5,221,0.005195797421038151,0.004369746427983046
mlp_1x100_relu,5,5,222,0.005208877846598625,0.00433385232463479
mlp_1x100_relu,5,5,223,0.005180009640753269,0.004343867301940918
mlp_1x100_relu,5,5,224,0.005160716827958822,0.004357292316854
mlp_1x100_relu,5,5,225,0.005149526055902243,0.004379664082080126
mlp_1x100_relu,5,5,226,0.005191681440919638,0.004378151148557663
mlp_1x100_relu,5,5,227,0.005157743114978075,0.004423679318279028
mlp_1x100_relu,5,5,228,0.0051776389591395855,0.0043623195961117744
mlp_1x100_relu,5,5,229,0.005207681562751532,0.0043280175887048244
mlp_1x100_relu,5,5,230,0.005160757340490818,0.0043655564077198505
mlp_1x100_relu,5,5,231,0.0051496936939656734,0.004395505413413048
mlp_1x100_relu,5,5,232,0.0052223531529307365,0.004365148022770882
mlp_1x100_relu,5,5,233,0.005174756050109863,0.004356884863227606
mlp_1x100_relu,5,5,234,0.005160486791282892,0.004320821724832058
mlp_1x100_relu,5,5,235,0.005191382952034473,0.0043521360494196415
mlp_1x100_relu,5,5,236,0.005159574560821056,0.004382775165140629
mlp_1x100_relu,5,5,237,0.005171074997633696,0.004317531827837229
mlp_1x100_relu,5,5,238,0.005182452965527773,0.0043498859740793705
mlp_1x100_relu,5,5,239,0.005180328153073788,0.00436228234320879
mlp_1x100_relu,5,5,240,0.00515165226534009,0.004385245498269796
mlp_1x100_relu,5,5,241,0.005195527337491512,0.00433015963062644
mlp_1x100_relu,5,5,242,0.00520381098613143,0.004337633028626442
mlp_1x100_relu,5,5,243,0.005164815578609705,0.004349303897470236
mlp_1x100_relu,5,5,244,0.005173468496650457,0.004361257888376713
mlp_1x100_relu,5,5,245,0.00515910005196929,0.0043520512990653515
mlp_1x100_relu,5,5,246,0.00516500836238265,0.004381603095680475
mlp_1x100_relu,5,5,247,0.00514090433716774,0.00433481577783823
mlp_1x100_relu,5,5,248,0.0051522934809327126,0.004368565510958433
mlp_1x100_relu,5,5,249,0.00516623817384243,0.004319379571825266
mlp_1x100_relu,5,5,250,0.0051810238510370255,0.004405580461025238
mlp_1x100_relu,5,5,251,0.005179439205676317,0.004355986602604389
mlp_1x100_relu,5,5,252,0.005148201249539852,0.004412086680531502
mlp_1x100_relu,5,5,253,0.005172541365027428,0.004355608019977808
mlp_1x100_relu,5,5,254,0.005198931321501732,0.004331601317971945
mlp_1x100_relu,5,5,255,0.005163643974810839,0.004360744263976812
mlp_1x100_relu,5,5,256,0.005158212501555681,0.004416998475790024
mlp_1x100_relu,5,5,257,0.0051596821285784245,0.0043632835149765015
mlp_1x100_relu,5,5,258,0.0051860804669559,0.0043650539591908455
mlp_1x100_relu,5,5,259,0.005163426045328379,0.004361925646662712
mlp_1x100_relu,5,5,260,0.005137731321156025,0.004415065515786409
mlp_1x100_relu,5,5,261,0.005170010030269623,0.004388842266052961
mlp_1x100_relu,5,5,262,0.00517117278650403,0.004371759481728077
mlp_1x100_relu,5,5,263,0.005181967280805111,0.004373257979750633
mlp_1x100_relu,5,5,264,0.005180348642170429,0.004364959429949522
mlp_1x100_relu,5,5,265,0.005172478035092354,0.004320687614381313
mlp_1x100_relu,5,5,266,0.005167973693460226,0.004367112182080746
mlp_1x100_relu,5,5,267,0.005157403647899628,0.004351756535470486
mlp_1x100_relu,5,5,268,0.005156440660357475,0.004368177615106106
mlp_1x100_relu,5,5,269,0.005140798166394234,0.004363586660474539
mlp_1x100_relu,5,5,270,0.005163263063877821,0.004357966128736734
mlp_1x100_relu,5,5,271,0.005189621355384588,0.004365074913948774
mlp_1x100_relu,5,5,272,0.00514556746929884,0.004365085158497095
mlp_1x100_relu,5,5,273,0.005130585283041,0.0043970923870801926
mlp_1x100_relu,5,5,274,0.005129304714500904,0.00439775176346302
mlp_1x100_relu,5,5,275,0.005109584890305996,0.004362077917903662
mlp_1x100_relu,5,5,276,0.005111669190227985,0.004402583930641413
mlp_1x100_relu,5,5,277,0.005138578824698925,0.004372655879706144
mlp_1x100_relu,5,5,278,0.005137014668434858,0.004360882565379143
mlp_1x100_relu,5,5,279,0.005131690297275782,0.004388757981359959
mlp_1x100_relu,5,5,280,0.005110975820571184,0.004372189287096262
mlp_1x100_relu,5,5,281,0.005126919597387314,0.004400314297527075
mlp_1x100_relu,5,5,282,0.00517080444842577,0.0043710037134587765
mlp_1x100_relu,5,5,283,0.005177212413400412,0.004324251785874367
mlp_1x100_relu,5,5,284,0.005138675216585398,0.004351673647761345
mlp_1x100_relu,5,5,285,0.005167318973690271,0.004344683140516281
mlp_1x100_relu,5,5,286,0.005133466795086861,0.004389239940792322
mlp_1x100_relu,5,5,287,0.0051301405765116215,0.004331550560891628
mlp_1x100_relu,5,5,288,0.005172455217689276,0.004357253201305866
mlp_1x100_relu,5,5,289,0.005165517330169678,0.004389723762869835
mlp_1x100_relu,5,5,290,0.005170770455151796,0.004355466924607754
mlp_1x100_relu,5,5,291,0.005116343032568693,0.004380655009299517
mlp_1x100_relu,5,5,292,0.0051260218024253845,0.004352960269898176
mlp_1x100_relu,5,5,293,0.005150059703737497,0.004356915596872568
mlp_1x100_relu,5,5,294,0.005143812391906977,0.00434716185554862
mlp_1x100_relu,5,5,295,0.0051414878107607365,0.004378896672278643
mlp_1x100_relu,5,5,296,0.005171122495085001,0.004369095433503389
mlp_1x100_relu,5,5,297,0.005139145068824291,0.0043924953788518906
mlp_1x100_relu,5,5,298,0.005166286136955023,0.004338041413575411
mlp_1x100_relu,5,5,299,0.0051493290811777115,0.0043781897984445095
mlp_1x100_relu,5,5,300,0.00515455799177289,0.004343861248344183
mlp_1x100_relu,5,5,301,0.00514219980686903,0.004340643063187599
mlp_1x100_relu,5,5,302,0.005101353395730257,0.004396144766360521
mlp_1x100_relu,5,5,303,0.005129493772983551,0.00435910327360034
mlp_1x100_relu,5,5,304,0.005133993458002806,0.00440074410289526
mlp_1x100_relu,5,5,305,0.0051407949067652225,0.004370750859379768
mlp_1x100_relu,5,5,306,0.005125024355947971,0.004367855843156576
mlp_1x100_relu,5,5,307,0.0051493216305971146,0.00436692638322711
mlp_1x100_relu,5,5,308,0.005122857168316841,0.004410301800817251
mlp_1x100_relu,5,5,309,0.0051297093741595745,0.004368834663182497
mlp_1x100_relu,5,5,310,0.005147885996848345,0.0043684314005076885
mlp_1x100_relu,5,5,311,0.005152310710400343,0.004334488417953253
mlp_1x100_relu,5,5,312,0.005138347391039133,0.004396362695842981
mlp_1x100_relu,5,5,313,0.005138524807989597,0.004398897290229797
mlp_1x100_relu,5,5,314,0.005119758658111095,0.00437951972708106
mlp_1x100_relu,5,5,315,0.005123504903167486,0.004319356754422188
mlp_1x100_relu,5,5,316,0.0051321592181921005,0.004368877969682217
mlp_1x100_relu,5,5,317,0.005125174764543772,0.004355183802545071
mlp_1x100_relu,5,5,318,0.005151678342372179,0.0043729860335588455
mlp_1x100_relu,5,5,319,0.005164708476513624,0.0043265437707304955
mlp_1x100_relu,5,5,320,0.005162579007446766,0.0043739513494074345
mlp_1x100_relu,5,5,321,0.005113907624036074,0.00438336655497551
mlp_1x100_relu,5,5,322,0.005127971991896629,0.004405719693750143
mlp_1x100_relu,5,5,323,0.0051304856315255165,0.004377139266580343
mlp_1x100_relu,5,5,324,0.005117679946124554,0.004380060359835625
mlp_1x100_relu,5,5,325,0.005082728341221809,0.004374812822788954
mlp_1x100_relu,5,5,326,0.005122292321175337,0.0043724300339818
mlp_1x100_relu,5,5,327,0.005112973041832447,0.004379771184176207
mlp_1x100_relu,5,5,328,0.0051168883219361305,0.004397071897983551
mlp_1x100_relu,5,5,329,0.005176376551389694,0.004357010126113892
mlp_1x100_relu,5,5,330,0.005132315680384636,0.004418893251568079
mlp_1x100_relu,5,5,331,0.005151547957211733,0.004371111746877432
mlp_1x100_relu,5,5,332,0.005154568701982498,0.0043864985927939415
mlp_1x100_relu,5,5,333,0.005125084891915321,0.0043651033192873
mlp_1x100_relu,5,5,334,0.005092674866318703,0.004407206550240517
mlp_1x100_relu,5,5,335,0.005116219166666269,0.004383360035717487
mlp_1x100_relu,5,5,336,0.005151916760951281,0.004348411224782467
mlp_1x100_relu,5,5,337,0.005201417487114668,0.004374992568045855
mlp_1x100_relu,5,5,338,0.005139157176017761,0.004374048672616482
mlp_1x100_relu,5,5,339,0.0051357741467654705,0.00436478853225708
mlp_1x100_relu,5,5,340,0.005167817231267691,0.004351300187408924
mlp_1x100_relu,5,5,341,0.005167761351913214,0.0043695117346942425
mlp_1x100_relu,5,5,342,0.005151908844709396,0.004376514349132776
mlp_1x100_relu,5,5,343,0.005150507669895887,0.004359994549304247
mlp_1x100_relu,5,5,344,0.005136121995747089,0.00436781020835042
mlp_1x100_relu,5,5,345,0.0051363022066652775,0.004377769306302071
mlp_1x100_relu,5,5,346,0.005114605650305748,0.0043745748698711395
mlp_1x100_relu,5,5,347,0.005090213846415281,0.004411160014569759
mlp_1x100_relu,5,5,348,0.0051072523929178715,0.004405472427606583
mlp_1x100_relu,5,5,349,0.005108347162604332,0.004383069463074207
mlp_1x100_relu,5,5,350,0.0050979796797037125,0.004383994732052088
mlp_1x100_relu,5,5,351,0.005121832713484764,0.0043536038137972355
mlp_1x100_relu,5,5,352,0.005087003111839294,0.004419324453920126
mlp_1x100_relu,5,5,353,0.005098979454487562,0.004398259334266186
mlp_1x100_relu,5,5,354,0.005120152607560158,0.004375389777123928
mlp_1x100_relu,5,5,355,0.005114872008562088,0.004403487779200077
mlp_1x100_relu,5,5,356,0.005139700602740049,0.004367985762655735
mlp_1x100_relu,5,5,357,0.005132670048624277,0.004376046359539032
mlp_1x100_relu,5,5,358,0.005126681178808212,0.004382418468594551
mlp_1x100_relu,5,5,359,0.005145411938428879,0.004376352299004793
mlp_1x100_relu,5,5,360,0.005123217590153217,0.004371090326458216
mlp_1x100_relu,5,5,361,0.005136607214808464,0.004384980536997318
mlp_1x100_relu,5,5,362,0.005129209253937006,0.0043710023164749146
mlp_1x100_relu,5,5,363,0.005136286374181509,0.004355135839432478
mlp_1x100_relu,5,5,364,0.005129220895469189,0.0043882825411856174
mlp_1x100_relu,5,5,365,0.005133950151503086,0.004398892633616924
mlp_1x100_relu,5,5,366,0.005125907249748707,0.004385972861200571
mlp_1x100_relu,5,5,367,0.005124721210449934,0.004395673982799053
mlp_1x100_relu,5,5,368,0.00510200671851635,0.004396465141326189
mlp_1x100_relu,5,5,369,0.0051096840761601925,0.004373152274638414
mlp_1x100_relu,5,5,370,0.005091256927698851,0.00440977094694972
mlp_1x100_relu,5,5,371,0.005094324238598347,0.004430158995091915
mlp_1x100_relu,5,5,372,0.005118206609040499,0.004404329229146242
mlp_1x100_relu,5,5,373,0.00512709841132164,0.004390302114188671
mlp_1x100_relu,5,5,374,0.005125959869474173,0.004376165568828583
mlp_1x100_relu,5,5,375,0.005118198227137327,0.004368188325315714
mlp_1x100_relu,5,5,376,0.005129336845129728,0.004379615653306246
mlp_1x100_relu,5,5,377,0.005153990816324949,0.00435303570702672
mlp_1x100_relu,5,5,378,0.005127245094627142,0.0044038244523108006
mlp_1x100_relu,5,5,379,0.005122921895235777,0.004394566174596548
mlp_1x100_relu,5,5,380,0.005145418923348188,0.004372662398964167
mlp_1x100_relu,5,5,381,0.00511725852265954,0.004363831598311663
mlp_1x100_relu,5,5,382,0.005113767925649881,0.0043788873590528965
mlp_1x100_relu,5,5,383,0.005100858397781849,0.004406270105391741
mlp_1x100_relu,5,5,384,0.005100314971059561,0.0043852198868989944
mlp_1x100_relu,5,5,385,0.005096068140119314,0.004419063683599234
mlp_1x100_relu,5,5,386,0.005110871512442827,0.004358948208391666
mlp_1x100_relu,5,5,387,0.005124665331095457,0.004384251777082682
mlp_1x100_relu,5,5,388,0.00509520573541522,0.004386352375149727
mlp_1x100_relu,5,5,389,0.005116452928632498,0.004400588572025299
mlp_1x100_relu,5,5,390,0.005110746715217829,0.004380015190690756
mlp_1x100_relu,5,5,391,0.005109473597258329,0.004372505005449057
mlp_1x100_relu,5,5,392,0.005110825411975384,0.004410835448652506
mlp_1x100_relu,5,5,393,0.0051065427251160145,0.004379643127322197
mlp_1x100_relu,5,5,394,0.005149636883288622,0.004431865643709898
mlp_1x100_relu,5,5,395,0.00511900382116437,0.004368073772639036
mlp_1x100_relu,5,5,396,0.005120931193232536,0.0044182962737977505
mlp_1x100_relu,5,5,397,0.0051288180984556675,0.004415565636008978
mlp_1x100_relu,5,5,398,0.0051167672500014305,0.0043780202977359295
mlp_1x100_relu,5,5,399,0.005117414984852076,0.0044251419603824615
mlp_1x100_relu,5,5,400,0.005100558046251535,0.004388558678328991
mlp_1x100_relu,5,5,401,0.0050957403145730495,0.00444682827219367
mlp_1x100_relu,5,5,402,0.005096711218357086,0.0044260029681026936
mlp_1x100_relu,5,5,403,0.005125910975039005,0.004418403375893831
mlp_1x100_relu,5,5,404,0.005160211119800806,0.004361385479569435
mlp_1x100_relu,5,5,405,0.005109371617436409,0.004412507638335228
mlp_1x100_relu,5,5,406,0.005089395213872194,0.004434083588421345
mlp_1x100_relu,5,5,407,0.005071643274277449,0.004408473614603281
mlp_1x100_relu,5,5,408,0.005115858744829893,0.004407692234963179
mlp_1x100_relu,5,5,409,0.005134006962180138,0.00440807081758976
mlp_1x100_relu,5,5,410,0.005155848804861307,0.004419523291289806
mlp_1x100_relu,5,5,411,0.005132718477398157,0.004424970597028732
mlp_1x100_relu,5,5,412,0.005147096700966358,0.004389610141515732
mlp_1x100_relu,5,5,413,0.005108266603201628,0.004422486759722233
mlp_1x100_relu,5,5,414,0.005105994641780853,0.004415766801685095
mlp_1x100_relu,5,5,415,0.0050802347250282764,0.00443200021982193
mlp_1x100_relu,5,5,416,0.005092053674161434,0.004468129016458988
mlp_1x100_relu,5,5,417,0.005095120519399643,0.004448932129889727
mlp_1x100_relu,5,5,418,0.00510432431474328,0.004418929573148489
mlp_1x100_relu,5,5,419,0.0051129646599292755,0.00441668601706624
mlp_1x100_relu,5,5,420,0.0051243240013718605,0.004407242406159639
mlp_1x100_relu,5,5,421,0.0051187495701014996,0.004420490004122257
mlp_1x100_relu,5,5,422,0.005111524369567633,0.004414151888340712
mlp_1x100_relu,5,5,423,0.005083450581878424,0.004456595983356237
mlp_1x100_relu,5,5,424,0.0050954669713974,0.004403132479637861
mlp_1x100_relu,5,5,425,0.005076663102954626,0.004456149414181709
mlp_1x100_relu,5,5,426,0.005139545537531376,0.00443952577188611
mlp_1x100_relu,5,5,427,0.005125000607222319,0.004410136956721544
mlp_1x100_relu,5,5,428,0.005103917792439461,0.0044115521013736725
mlp_1x100_relu,5,5,429,0.005093933083117008,0.0044689602218568325
mlp_1x100_relu,5,5,430,0.005128615070134401,0.004411640111356974
mlp_1x100_relu,5,5,431,0.005147150252014399,0.004414097871631384
mlp_1x100_relu,5,5,432,0.005119882989674807,0.004420575685799122
mlp_1x100_relu,5,5,433,0.0050864010117948055,0.004432384856045246
mlp_1x100_relu,5,5,434,0.005116837564855814,0.004431482404470444
mlp_1x100_relu,5,5,435,0.005116693209856749,0.004428353160619736
mlp_1x100_relu,5,5,436,0.005123812239617109,0.004419085569679737
mlp_1x100_relu,5,5,437,0.005118859466165304,0.004417726770043373
mlp_1x100_relu,5,5,438,0.005116050131618977,0.004429491702467203
mlp_1x100_relu,5,5,439,0.005086439196020365,0.004433444235473871
mlp_1x100_relu,5,5,440,0.005095706786960363,0.004452129360288382
mlp_1x100_relu,5,5,441,0.005088159814476967,0.004440971650183201
mlp_1x100_relu,5,5,442,0.005084241274744272,0.004415086470544338
mlp_1x100_relu,5,5,443,0.005070853978395462,0.004436683841049671
mlp_1x100_relu,5,5,444,0.0050933086313307285,0.004413589369505644
mlp_1x100_relu,5,5,445,0.005092029459774494,0.00443410687148571
mlp_1x100_relu,5,5,446,0.005081621930003166,0.004427322186529636
mlp_1x100_relu,5,5,447,0.005085506476461887,0.004424941260367632
mlp_1x100_relu,5,5,448,0.005082564894109964,0.0044487956911325455
mlp_1x100_relu,5,5,449,0.005102409515529871,0.0044243899174034595
mlp_1x100_relu,5,5,450,0.0051050675101578236,0.0044188122265040874
mlp_1x100_relu,5,5,451,0.005106565076857805,0.004429453052580357
mlp_1x100_relu,5,5,452,0.005096097942441702,0.004419334698468447
mlp_1x100_relu,5,5,453,0.005087029654532671,0.004441945813596249
mlp_1x100_relu,5,5,454,0.00509585440158844,0.004429140128195286
mlp_1x100_relu,5,5,455,0.005095700733363628,0.004452033434063196
mlp_1x100_relu,5,5,456,0.005102827679365873,0.00440327450633049
mlp_1x100_relu,5,5,457,0.005118289962410927,0.00445212097838521
mlp_1x100_relu,5,5,458,0.005099259316921234,0.004429121967405081
mlp_1x100_relu,5,5,459,0.00508879916742444,0.004419807810336351
mlp_1x100_relu,5,5,460,0.005100415553897619,0.004429597407579422
mlp_1x100_relu,5,5,461,0.005147311370819807,0.0043973298743367195
mlp_1x100_relu,5,5,462,0.005132982507348061,0.004431178793311119
mlp_1x100_relu,5,5,463,0.005110186990350485,0.004432330373674631
mlp_1x100_relu,5,5,464,0.005095123779028654,0.004401667974889278
mlp_1x100_relu,5,5,465,0.005095896776765585,0.004434780217707157
mlp_1x100_relu,5,5,466,0.005110585130751133,0.004431391600519419
mlp_1x100_relu,5,5,467,0.0051114680245518684,0.0044221761636435986
mlp_1x100_relu,5,5,468,0.005123977083712816,0.004417222924530506
mlp_1x100_relu,5,5,469,0.005106691271066666,0.004420520272105932
mlp_1x100_relu,5,5,470,0.005090760998427868,0.00443949643522501
mlp_1x100_relu,5,5,471,0.005078744143247604,0.0044435374438762665
mlp_1x100_relu,5,5,472,0.005077024456113577,0.004452264402061701
mlp_1x100_relu,5,5,473,0.005089768674224615,0.004453935660421848
mlp_1x100_relu,5,5,474,0.005102736875414848,0.004443500656634569
mlp_1x100_relu,5,5,475,0.005093466490507126,0.0044089979492127895
mlp_1x100_relu,5,5,476,0.005104412324726582,0.004453692585229874
mlp_1x100_relu,5,5,477,0.005096323788166046,0.00440671993419528
mlp_1x100_relu,5,5,478,0.005063377786427736,0.004462346434593201
mlp_1x100_relu,5,5,479,0.005081150680780411,0.004445269238203764
mlp_1x100_relu,5,5,480,0.0051095737144351006,0.004431120585650206
mlp_1x100_relu,5,5,481,0.005092519801110029,0.00444767065346241
mlp_1x100_relu,5,5,482,0.005087416619062424,0.004415550269186497
mlp_1x100_relu,5,5,483,0.0050962259992957115,0.004407236818224192
mlp_1x100_relu,5,5,484,0.005079829599708319,0.004440780263394117
mlp_1x100_relu,5,5,485,0.0050902655348181725,0.004402743652462959
mlp_1x100_relu,5,5,486,0.00511006498709321,0.0044195326045155525
mlp_1x100_relu,5,5,487,0.005127693992108107,0.004425076302140951
mlp_1x100_relu,5,5,488,0.005082743242383003,0.004437395371496677
mlp_1x100_relu,5,5,489,0.005092522595077753,0.004431737121194601
mlp_1x100_relu,5,5,490,0.005086550489068031,0.004434925504028797
mlp_1x100_relu,5,5,491,0.0050956266932189465,0.0044599249958992004
mlp_1x100_relu,5,5,492,0.005108277313411236,0.004421704914420843
mlp_1x100_relu,5,5,493,0.005088571459054947,0.004426348954439163
mlp_1x100_relu,5,5,494,0.005092646460980177,0.004405315034091473
mlp_1x100_relu,5,5,495,0.0050995247438549995,0.004425385966897011
mlp_1x100_relu,5,5,496,0.005107684060931206,0.004401109647005796
mlp_1x100_relu,5,5,497,0.0051013026386499405,0.004390655551105738
mlp_1x100_relu,5,5,498,0.005096804350614548,0.004417192190885544
mlp_1x100_relu,5,5,499,0.005106198601424694,0.00442926399409771
mlp_1x100_relu,5,5,500,0.005127327982336283,0.004425094462931156
mlp_1x100_relu,5,30,1,0.3316323161125183,0.14340656995773315
mlp_1x100_relu,5,30,2,0.14002081751823425,0.07828357815742493
mlp_1x100_relu,5,30,3,0.07856007665395737,0.044118039309978485
mlp_1x100_relu,5,30,4,0.04425833001732826,0.024675391614437103
mlp_1x100_relu,5,30,5,0.02542039565742016,0.01561607513576746
mlp_1x100_relu,5,30,6,0.01600549928843975,0.01097229402512312
mlp_1x100_relu,5,30,7,0.011121020652353764,0.009509735740721226
mlp_1x100_relu,5,30,8,0.0083360830321908,0.00683888653293252
mlp_1x100_relu,5,30,9,0.0064840312115848064,0.007285489700734615
mlp_1x100_relu,5,30,10,0.0054023051634430885,0.004830534569919109
mlp_1x100_relu,5,30,11,0.004599662031978369,0.004434213973581791
mlp_1x100_relu,5,30,12,0.004070534836500883,0.00448230654001236
mlp_1x100_relu,5,30,13,0.0037441481836140156,0.0035246305633336306
mlp_1x100_relu,5,30,14,0.0033672202844172716,0.002745547331869602
mlp_1x100_relu,5,30,15,0.0032400679774582386,0.0029314670246094465
mlp_1x100_relu,5,30,16,0.0031657761428505182,0.0026573280338197947
mlp_1x100_relu,5,30,17,0.0031107517424970865,0.002565590664744377
mlp_1x100_relu,5,30,18,0.0029463227838277817,0.0022121036890894175
mlp_1x100_relu,5,30,19,0.0028348250780254602,0.00212686974555254
mlp_1x100_relu,5,30,20,0.0027523315511643887,0.0020414397586137056
mlp_1x100_relu,5,30,21,0.0027098108548671007,0.002063516993075609
mlp_1x100_relu,5,30,22,0.0026768569368869066,0.0021605666261166334
mlp_1x100_relu,5,30,23,0.002635160693898797,0.002189448568969965
mlp_1x100_relu,5,30,24,0.0026291534304618835,0.0021636183373630047
mlp_1x100_relu,5,30,25,0.002615436213091016,0.0021493593230843544
mlp_1x100_relu,5,30,26,0.0026001145597547293,0.002122813370078802
mlp_1x100_relu,5,30,27,0.002584095811471343,0.002132134046405554
mlp_1x100_relu,5,30,28,0.0025598760694265366,0.0020962832495570183
mlp_1x100_relu,5,30,29,0.002551900688558817,0.0020516065414994955
mlp_1x100_relu,5,30,30,0.0025369070935994387,0.0020148386247456074
mlp_1x100_relu,5,30,31,0.002496462082490325,0.0019796632695943117
mlp_1x100_relu,5,30,32,0.0024756542406976223,0.0019709940534085035
mlp_1x100_relu,5,30,33,0.002444520127028227,0.0019511927384883165
mlp_1x100_relu,5,30,34,0.002419284777715802,0.001926816999912262
mlp_1x100_relu,5,30,35,0.0023951828479766846,0.0019091679714620113
mlp_1x100_relu,5,30,36,0.002376594813540578,0.0019048418616876006
mlp_1x100_relu,5,30,37,0.002358031924813986,0.001899939845316112
mlp_1x100_relu,5,30,38,0.0023378978949040174,0.0018774325726553798
mlp_1x100_relu,5,30,39,0.0023204139433801174,0.0018630311824381351
mlp_1x100_relu,5,30,40,0.002306081587448716,0.0018543620826676488
mlp_1x100_relu,5,30,41,0.0022934211883693933,0.001834397902712226
mlp_1x100_relu,5,30,42,0.0022777351550757885,0.0018435862148180604
mlp_1x100_relu,5,30,43,0.0022688352037221193,0.0018333041807636619
mlp_1x100_relu,5,30,44,0.002252959879115224,0.0018516146810725331
mlp_1x100_relu,5,30,45,0.002251707948744297,0.0018339529633522034
mlp_1x100_relu,5,30,46,0.002236307132989168,0.0018800166435539722
mlp_1x100_relu,5,30,47,0.00223437137901783,0.0018579444149509072
mlp_1x100_relu,5,30,48,0.0022225980646908283,0.0018669335404410958
mlp_1x100_relu,5,30,49,0.002220114227384329,0.0018712814198806882
mlp_1x100_relu,5,30,50,0.00221743481233716,0.0018976712599396706
mlp_1x100_relu,5,30,51,0.0022194271441549063,0.0018582689808681607
mlp_1x100_relu,5,30,52,0.0022045255172997713,0.0018869334599003196
mlp_1x100_relu,5,30,53,0.002212867373600602,0.0019191879546269774
mlp_1x100_relu,5,30,54,0.0022235247306525707,0.001894353306852281
mlp_1x100_relu,5,30,55,0.002217911183834076,0.0018505081534385681
mlp_1x100_relu,5,30,56,0.0022133684251457453,0.0019136311020702124
mlp_1x100_relu,5,30,57,0.002235178602859378,0.0018441093852743506
mlp_1x100_relu,5,30,58,0.0021993485279381275,0.0019043618813157082
mlp_1x100_relu,5,30,59,0.002214754931628704,0.0018694376340135932
mlp_1x100_relu,5,30,60,0.00221274490468204,0.0018960227025672793
mlp_1x100_relu,5,30,61,0.0022177714854478836,0.0018522621830925345
mlp_1x100_relu,5,30,62,0.0022231938783079386,0.0018946852069348097
mlp_1x100_relu,5,30,63,0.002232746686786413,0.0018481810111552477
mlp_1x100_relu,5,30,64,0.002216261113062501,0.0018565707141533494
mlp_1x100_relu,5,30,65,0.002228162018582225,0.0018754580523818731
mlp_1x100_relu,5,30,66,0.002246587537229061,0.001848823856562376
mlp_1x100_relu,5,30,67,0.0022221002727746964,0.0018582202028483152
mlp_1x100_relu,5,30,68,0.002245403127744794,0.0018489742651581764
mlp_1x100_relu,5,30,69,0.0022299764677882195,0.001833357266150415
mlp_1x100_relu,5,30,70,0.0022437756415456533,0.0018988519441336393
mlp_1x100_relu,5,30,71,0.0022539892233908176,0.0018670165445655584
mlp_1x100_relu,5,30,72,0.002247951924800873,0.0018780318787321448
mlp_1x100_relu,5,30,73,0.0022470036055892706,0.0018475083634257317
mlp_1x100_relu,5,30,74,0.00223584845662117,0.001828970154747367
mlp_1x100_relu,5,30,75,0.002244600560516119,0.0018436112441122532
mlp_1x100_relu,5,30,76,0.002258394379168749,0.0018272146116942167
mlp_1x100_relu,5,30,77,0.00225459854118526,0.0018264472018927336
mlp_1x100_relu,5,30,78,0.002259057480841875,0.0018279404612258077
mlp_1x100_relu,5,30,79,0.002262597670778632,0.0018599980976432562
mlp_1x100_relu,5,30,80,0.002249930752441287,0.0018288445426151156
mlp_1x100_relu,5,30,81,0.0022503933869302273,0.0018333661137148738
mlp_1x100_relu,5,30,82,0.0022659888491034508,0.0018205663654953241
mlp_1x100_relu,5,30,83,0.002247680677101016,0.0018429827177897096
mlp_1x100_relu,5,30,84,0.0022498155012726784,0.0018181047635152936
mlp_1x100_relu,5,30,85,0.0022649418096989393,0.001826446852646768
mlp_1x100_relu,5,30,86,0.00226848223246634,0.0018364728894084692
mlp_1x100_relu,5,30,87,0.00227660802192986,0.0018209267873317003
mlp_1x100_relu,5,30,88,0.002247847383841872,0.0018173372372984886
mlp_1x100_relu,5,30,89,0.002266022376716137,0.0018038698472082615
mlp_1x100_relu,5,30,90,0.002266460098326206,0.0018432487268000841
mlp_1x100_relu,5,30,91,0.0022791242226958275,0.0018051426159217954
mlp_1x100_relu,5,30,92,0.0022629795130342245,0.0018648469122126698
mlp_1x100_relu,5,30,93,0.002285855123773217,0.0018017033580690622
mlp_1x100_relu,5,30,94,0.00226100767031312,0.0018254893366247416
mlp_1x100_relu,5,30,95,0.0022481298074126244,0.001810725312680006
mlp_1x100_relu,5,30,96,0.002259044209495187,0.0018061971059069037
mlp_1x100_relu,5,30,97,0.002260581124573946,0.0018233570735901594
mlp_1x100_relu,5,30,98,0.0022675287909805775,0.0018278410425409675
mlp_1x100_relu,5,30,99,0.0022813992109149694,0.0018195104785263538
mlp_1x100_relu,5,30,100,0.0022779912687838078,0.0017960479017347097
mlp_1x100_relu,5,30,101,0.0022586958948522806,0.00181525235529989
mlp_1x100_relu,5,30,102,0.0022752664517611265,0.0018213031580671668
mlp_1x100_relu,5,30,103,0.002278955653309822,0.001800757716409862
mlp_1x100_relu,5,30,104,0.002270693890750408,0.0018186877714470029
mlp_1x100_relu,5,30,105,0.0022682228591293097,0.0018036809051409364
mlp_1x100_relu,5,30,106,0.0022711430210620165,0.0018165039364248514
mlp_1x100_relu,5,30,107,0.00226856442168355,0.0018054699758067727
mlp_1x100_relu,5,30,108,0.0022652377374470234,0.0018287140410393476
mlp_1x100_relu,5,30,109,0.0022710724733769894,0.0018234862945973873
mlp_1x100_relu,5,30,110,0.002267766511067748,0.0018082027090713382
mlp_1x100_relu,5,30,111,0.002273415680974722,0.001814402756281197
mlp_1x100_relu,5,30,112,0.0022811535745859146,0.0018130539683625102
mlp_1x100_relu,5,30,113,0.0022653136402368546,0.0018090587109327316
mlp_1x100_relu,5,30,114,0.0022754890378564596,0.0018022843869403005
mlp_1x100_relu,5,30,115,0.0022722261492162943,0.0018311450257897377
mlp_1x100_relu,5,30,116,0.002286848146468401,0.0017971453489735723
mlp_1x100_relu,5,30,117,0.002270980505272746,0.0017993510700762272
mlp_1x100_relu,5,30,118,0.0022948661353439093,0.001817468088120222
mlp_1x100_relu,5,30,119,0.0022865068167448044,0.0018080391455441713
mlp_1x100_relu,5,30,120,0.0022871510591357946,0.0017894826596602798
mlp_1x100_relu,5,30,121,0.002280688611790538,0.001833903370425105
mlp_1x100_relu,5,30,122,0.0022778387647122145,0.0017970995977520943
mlp_1x100_relu,5,30,123,0.0022897471208125353,0.0017926283180713654
mlp_1x100_relu,5,30,124,0.0022762687876820564,0.0018058778950944543
mlp_1x100_relu,5,30,125,0.0022703614085912704,0.0018086038762703538
mlp_1x100_relu,5,30,126,0.002275763778015971,0.0017998036928474903
mlp_1x100_relu,5,30,127,0.002264268696308136,0.0017983241705223918
mlp_1x100_relu,5,30,128,0.0022655732464045286,0.0018103718757629395
mlp_1x100_relu,5,30,129,0.002267148345708847,0.0018094644183292985
mlp_1x100_relu,5,30,130,0.0022679392714053392,0.0018040953436866403
mlp_1x100_relu,5,30,131,0.002260220469906926,0.0017913520568981767
mlp_1x100_relu,5,30,132,0.002262229798361659,0.0018035609973594546
mlp_1x100_relu,5,30,133,0.002259602304548025,0.001805524923838675
mlp_1x100_relu,5,30,134,0.0022547338157892227,0.0017935083014890552
mlp_1x100_relu,5,30,135,0.0022442906629294157,0.0017981806304305792
mlp_1x100_relu,5,30,136,0.002248745644465089,0.0018208399415016174
mlp_1x100_relu,5,30,137,0.002255238126963377,0.0018078151624649763
mlp_1x100_relu,5,30,138,0.0022583503741770983,0.0018106342758983374
mlp_1x100_relu,5,30,139,0.002257054205983877,0.001807765569537878
mlp_1x100_relu,5,30,140,0.00228728330694139,0.0018094292609021068
mlp_1x100_relu,5,30,141,0.0022699395194649696,0.001801991369575262
mlp_1x100_relu,5,30,142,0.0022681939881294966,0.001810339163057506
mlp_1x100_relu,5,30,143,0.0022488741669803858,0.0018022586591541767
mlp_1x100_relu,5,30,144,0.002245168434455991,0.001815449446439743
mlp_1x100_relu,5,30,145,0.0022552732843905687,0.0018098964355885983
mlp_1x100_relu,5,30,146,0.002246757270768285,0.001810048008337617
mlp_1x100_relu,5,30,147,0.002258341759443283,0.0018003875156864524
mlp_1x100_relu,5,30,148,0.002247267635539174,0.001807284657843411
mlp_1x100_relu,5,30,149,0.002250826917588711,0.0017966656014323235
mlp_1x100_relu,5,30,150,0.0022443842608481646,0.001820865087211132
mlp_1x100_relu,5,30,151,0.002249768702313304,0.0018048733472824097
mlp_1x100_relu,5,30,152,0.002242419868707657,0.0018258416093885899
mlp_1x100_relu,5,30,153,0.0022428997326642275,0.0018067192286252975
mlp_1x100_relu,5,30,154,0.002243702532723546,0.0017994946101680398
mlp_1x100_relu,5,30,155,0.0022405413910746574,0.0018160291947424412
mlp_1x100_relu,5,30,156,0.002245590090751648,0.0018162417691200972
mlp_1x100_relu,5,30,157,0.002236250089481473,0.0018119000596925616
mlp_1x100_relu,5,30,158,0.002234002808108926,0.0018105823546648026
mlp_1x100_relu,5,30,159,0.00225124997086823,0.001801150618121028
mlp_1x100_relu,5,30,160,0.002236091997474432,0.0018117750296369195
mlp_1x100_relu,5,30,161,0.002241662936285138,0.0018067427445203066
mlp_1x100_relu,5,30,162,0.0022455137223005295,0.0018010082421824336
mlp_1x100_relu,5,30,163,0.0022449519019573927,0.0018087233183905482
mlp_1x100_relu,5,30,164,0.002240325091406703,0.001808734959922731
mlp_1x100_relu,5,30,165,0.002228886354714632,0.0018074701074510813
mlp_1x100_relu,5,30,166,0.0022267375607043505,0.0018132926197722554
mlp_1x100_relu,5,30,167,0.002231946215033531,0.0018062322633340955
mlp_1x100_relu,5,30,168,0.002252156613394618,0.0018068721983581781
mlp_1x100_relu,5,30,169,0.002236712956801057,0.001796799711883068
mlp_1x100_relu,5,30,170,0.0022475782316178083,0.0017982498975470662
mlp_1x100_relu,5,30,171,0.0022442175541073084,0.0017997246468439698
mlp_1x100_relu,5,30,172,0.0022385797929018736,0.0018080540467053652
mlp_1x100_relu,5,30,173,0.0022398747969418764,0.0018135950667783618
mlp_1x100_relu,5,30,174,0.002236460568383336,0.0017972032073885202
mlp_1x100_relu,5,30,175,0.0022384831681847572,0.0018129573436453938
mlp_1x100_relu,5,30,176,0.0022436282597482204,0.0018173682037740946
mlp_1x100_relu,5,30,177,0.002239370718598366,0.0018097967840731144
mlp_1x100_relu,5,30,178,0.002238703891634941,0.0017995781963691115
mlp_1x100_relu,5,30,179,0.0022445740178227425,0.0018007963662967086
mlp_1x100_relu,5,30,180,0.0022361946757882833,0.0018040717113763094
mlp_1x100_relu,5,30,181,0.0022472019772976637,0.0018043788149952888
mlp_1x100_relu,5,30,182,0.0022354794200509787,0.001807212014682591
mlp_1x100_relu,5,30,183,0.0022282858844846487,0.0018050279468297958
mlp_1x100_relu,5,30,184,0.0022431074175983667,0.0018108225194737315
mlp_1x100_relu,5,30,185,0.00223103491589427,0.0018068659119307995
mlp_1x100_relu,5,30,186,0.0022280660923570395,0.0018106169300153852
mlp_1x100_relu,5,30,187,0.002227331046015024,0.0018142038024961948
mlp_1x100_relu,5,30,188,0.0022361527662724257,0.001814715564250946
mlp_1x100_relu,5,30,189,0.002235451713204384,0.0017975643277168274
mlp_1x100_relu,5,30,190,0.002239552792161703,0.0018039625138044357
mlp_1x100_relu,5,30,191,0.0022306391038000584,0.0018051792867481709
mlp_1x100_relu,5,30,192,0.0022264220751821995,0.0018061923328787088
mlp_1x100_relu,5,30,193,0.002225751057267189,0.0018041576258838177
mlp_1x100_relu,5,30,194,0.002231078688055277,0.0018029517959803343
mlp_1x100_relu,5,30,195,0.0022358382120728493,0.0018088410142809153
mlp_1x100_relu,5,30,196,0.002226333599537611,0.0018197675235569477
mlp_1x100_relu,5,30,197,0.0022293468937277794,0.0018016146495938301
mlp_1x100_relu,5,30,198,0.002227467717602849,0.001804630970582366
mlp_1x100_relu,5,30,199,0.0022247680462896824,0.0018113357946276665
mlp_1x100_relu,5,30,200,0.002225438831374049,0.0018020079005509615
mlp_1x100_relu,5,30,201,0.002219851128757,0.0018065489130094647
mlp_1x100_relu,5,30,202,0.0022223051637411118,0.0018053908133879304
mlp_1x100_relu,5,30,203,0.0022257082164287567,0.001803706050850451
mlp_1x100_relu,5,30,204,0.0022326905746012926,0.0018072215607389808
mlp_1x100_relu,5,30,205,0.002223458606749773,0.0018034770619124174
mlp_1x100_relu,5,30,206,0.0022330658975988626,0.0018067786004394293
mlp_1x100_relu,5,30,207,0.0022208711598068476,0.0018021123250946403
mlp_1x100_relu,5,30,208,0.0022172897588461637,0.0018102239118888974
mlp_1x100_relu,5,30,209,0.002212270861491561,0.001810451503843069
mlp_1x100_relu,5,30,210,0.002223124960437417,0.0018090519588440657
mlp_1x100_relu,5,30,211,0.002219235524535179,0.001813376322388649
mlp_1x100_relu,5,30,212,0.0022337231785058975,0.001807359280064702
mlp_1x100_relu,5,30,213,0.002227721270173788,0.0018033426022157073
mlp_1x100_relu,5,30,214,0.0022263191640377045,0.001808876171708107
mlp_1x100_relu,5,30,215,0.002221212489530444,0.001803135615773499
mlp_1x100_relu,5,30,216,0.0022259580437093973,0.0018018828704953194
mlp_1x100_relu,5,30,217,0.002233898499980569,0.001800826285034418
mlp_1x100_relu,5,30,218,0.0022386135533452034,0.0018049613572657108
mlp_1x100_relu,5,30,219,0.002227094955742359,0.0018085686024278402
mlp_1x100_relu,5,30,220,0.0022182115353643894,0.001810439396649599
mlp_1x100_relu,5,30,221,0.002215851563960314,0.0018033676315099
mlp_1x100_relu,5,30,222,0.002221526578068733,0.0018100864253938198
mlp_1x100_relu,5,30,223,0.002221957314759493,0.0018115728162229061
mlp_1x100_relu,5,30,224,0.0022152478341013193,0.0018205269007012248
mlp_1x100_relu,5,30,225,0.002219789195805788,0.00181473046541214
mlp_1x100_relu,5,30,226,0.0022164424881339073,0.0018215128220617771
mlp_1x100_relu,5,30,227,0.0022264751605689526,0.0018202695064246655
mlp_1x100_relu,5,30,228,0.002220714930444956,0.0018118071602657437
mlp_1x100_relu,5,30,229,0.0022231717593967915,0.0018123917980119586
mlp_1x100_relu,5,30,230,0.0022254541981965303,0.001810259185731411
mlp_1x100_relu,5,30,231,0.0022297296673059464,0.0018113418482244015
mlp_1x100_relu,5,30,232,0.0022261228878051043,0.0018181450432166457
mlp_1x100_relu,5,30,233,0.0022166871931403875,0.001812028349377215
mlp_1x100_relu,5,30,234,0.002215150510892272,0.0018109864322468638
mlp_1x100_relu,5,30,235,0.002212527208030224,0.001815633848309517
mlp_1x100_relu,5,30,236,0.0022237778175622225,0.0018173236167058349
mlp_1x100_relu,5,30,237,0.0022267072927206755,0.001807743450626731
mlp_1x100_relu,5,30,238,0.002223243471235037,0.0018183058127760887
mlp_1x100_relu,5,30,239,0.0022139823995530605,0.0018099069129675627
mlp_1x100_relu,5,30,240,0.0022190611343830824,0.00181820266880095
mlp_1x100_relu,5,30,241,0.0022204983979463577,0.001816884963773191
mlp_1x100_relu,5,30,242,0.002228548051789403,0.0018117660656571388
mlp_1x100_relu,5,30,243,0.0022196464706212282,0.0018111264798790216
mlp_1x100_relu,5,30,244,0.002223083283752203,0.0018278128700330853
mlp_1x100_relu,5,30,245,0.0022188713774085045,0.001810625079087913
mlp_1x100_relu,5,30,246,0.0022263857536017895,0.0018056712578982115
mlp_1x100_relu,5,30,247,0.002231454709544778,0.0018150432733818889
mlp_1x100_relu,5,30,248,0.0022302602883428335,0.0018120056483894587
mlp_1x100_relu,5,30,249,0.002213038271293044,0.0018195611191913486
mlp_1x100_relu,5,30,250,0.00221440801396966,0.0018184196669608355
mlp_1x100_relu,5,30,251,0.002217682311311364,0.001813680399209261
mlp_1x100_relu,5,30,252,0.002221618313342333,0.0018266791012138128
mlp_1x100_relu,5,30,253,0.0022128894925117493,0.0018142773769795895
mlp_1x100_relu,5,30,254,0.002221685368567705,0.0018139075255021453
mlp_1x100_relu,5,30,255,0.002219145419076085,0.0018206678796559572
mlp_1x100_relu,5,30,256,0.0022247107699513435,0.0018252269364893436
mlp_1x100_relu,5,30,257,0.0022222946863621473,0.0018216944299638271
mlp_1x100_relu,5,30,258,0.0022126648109406233,0.0018168761162087321
mlp_1x100_relu,5,30,259,0.002213490894064307,0.0018179408507421613
mlp_1x100_relu,5,30,260,0.00221931841224432,0.0018226329702883959
mlp_1x100_relu,5,30,261,0.0022295983508229256,0.0018033100059255958
mlp_1x100_relu,5,30,262,0.0022230606991797686,0.0018184977816417813
mlp_1x100_relu,5,30,263,0.0022239077370613813,0.001809735200367868
mlp_1x100_relu,5,30,264,0.0022338496055454016,0.0018163170898333192
mlp_1x100_relu,5,30,265,0.002215295098721981,0.0018206933746114373
mlp_1x100_relu,5,30,266,0.00221309089101851,0.0018314514309167862
mlp_1x100_relu,5,30,267,0.0022209438029676676,0.0018243517260998487
mlp_1x100_relu,5,30,268,0.002218656474724412,0.0018030720530077815
mlp_1x100_relu,5,30,269,0.002218476729467511,0.0018254416063427925
mlp_1x100_relu,5,30,270,0.002220676513388753,0.0018260570941492915
mlp_1x100_relu,5,30,271,0.0022131153382360935,0.0018216699827462435
mlp_1x100_relu,5,30,272,0.0022203605622053146,0.0018143363995477557
mlp_1x100_relu,5,30,273,0.0022298896219581366,0.001813115319237113
mlp_1x100_relu,5,30,274,0.0022263824939727783,0.0018141656182706356
mlp_1x100_relu,5,30,275,0.0022160978987812996,0.0018193169962614775
mlp_1x100_relu,5,30,276,0.002213273663073778,0.0018171581905335188
mlp_1x100_relu,5,30,277,0.002218683948740363,0.0018156220903620124
mlp_1x100_relu,5,30,278,0.002222764305770397,0.0018180159386247396
mlp_1x100_relu,5,30,279,0.002217624569311738,0.0018287928542122245
mlp_1x100_relu,5,30,280,0.002215984743088484,0.001820738660171628
mlp_1x100_relu,5,30,281,0.0022121425718069077,0.0018281537340953946
mlp_1x100_relu,5,30,282,0.002218481618911028,0.0018199199112132192
mlp_1x100_relu,5,30,283,0.002229188336059451,0.0018210476264357567
mlp_1x100_relu,5,30,284,0.002218301873654127,0.0018109929515048862
mlp_1x100_relu,5,30,285,0.0022134375758469105,0.0018256023759022355
mlp_1x100_relu,5,30,286,0.0022188927978277206,0.0018223803490400314
mlp_1x100_relu,5,30,287,0.0022150741424411535,0.0018180799670517445
mlp_1x100_relu,5,30,288,0.0022139083594083786,0.00182385987136513
mlp_1x100_relu,5,30,289,0.002217961475253105,0.0018243363592773676
mlp_1x100_relu,5,30,290,0.002212704159319401,0.0018242206424474716
mlp_1x100_relu,5,30,291,0.002217161701992154,0.001825476298108697
mlp_1x100_relu,5,30,292,0.002221439965069294,0.0018311681924387813
mlp_1x100_relu,5,30,293,0.0022223249543458223,0.0018204154912382364
mlp_1x100_relu,5,30,294,0.002211176324635744,0.0018187444657087326
mlp_1x100_relu,5,30,295,0.0022142084781080484,0.0018262715311720967
mlp_1x100_relu,5,30,296,0.0022144585382193327,0.0018182613421231508
mlp_1x100_relu,5,30,297,0.002215506276115775,0.001816374366171658
mlp_1x100_relu,5,30,298,0.002218969166278839,0.0018207794055342674
mlp_1x100_relu,5,30,299,0.0022190010640770197,0.001809897250495851
mlp_1x100_relu,5,30,300,0.002213339786976576,0.0018237424083054066
mlp_1x100_relu,5,30,301,0.0022135034669190645,0.0018109435914084315
mlp_1x100_relu,5,30,302,0.002213403582572937,0.001828503329306841
mlp_1x100_relu,5,30,303,0.0022169994190335274,0.00181893864646554
mlp_1x100_relu,5,30,304,0.0022099046036601067,0.0018272058805450797
mlp_1x100_relu,5,30,305,0.002207485493272543,0.001820108387619257
mlp_1x100_relu,5,30,306,0.0022137402556836605,0.0018121981993317604
mlp_1x100_relu,5,30,307,0.0022149207070469856,0.0018218618351966143
mlp_1x100_relu,5,30,308,0.002214804058894515,0.0018125809729099274
mlp_1x100_relu,5,30,309,0.0022196827922016382,0.0018214635783806443
mlp_1x100_relu,5,30,310,0.002217785455286503,0.0018262300873175263
mlp_1x100_relu,5,30,311,0.002212782157585025,0.0018288326682522893
mlp_1x100_relu,5,30,312,0.0022138026542961597,0.001828651176765561
mlp_1x100_relu,5,30,313,0.0022120976354926825,0.0018271880690008402
mlp_1x100_relu,5,30,314,0.002210303209722042,0.001821884885430336
mlp_1x100_relu,5,30,315,0.0022130822762846947,0.0018261258956044912
mlp_1x100_relu,5,30,316,0.0022140538785606623,0.0018222841899842024
mlp_1x100_relu,5,30,317,0.00221699639223516,0.0018200797494500875
mlp_1x100_relu,5,30,318,0.0022131321020424366,0.0018218520563095808
mlp_1x100_relu,5,30,319,0.002215009182691574,0.0018359435489401221
mlp_1x100_relu,5,30,320,0.002211080864071846,0.001831507426686585
mlp_1x100_relu,5,30,321,0.002217552624642849,0.0018221561331301928
mlp_1x100_relu,5,30,322,0.0022151614539325237,0.0018217884935438633
mlp_1x100_relu,5,30,323,0.0022158462088555098,0.0018188080284744501
mlp_1x100_relu,5,30,324,0.0022149481810629368,0.0018158917082473636
mlp_1x100_relu,5,30,325,0.0022121642250567675,0.001818765071220696
mlp_1x100_relu,5,30,326,0.0022108072880655527,0.0018248690757900476
mlp_1x100_relu,5,30,327,0.0022082205396145582,0.0018323722761124372
mlp_1x100_relu,5,30,328,0.0022146403789520264,0.0018218721961602569
mlp_1x100_relu,5,30,329,0.002211448037996888,0.0018135100835934281
mlp_1x100_relu,5,30,330,0.002214019885286689,0.0018224684754386544
mlp_1x100_relu,5,30,331,0.002208746038377285,0.0018174448050558567
mlp_1x100_relu,5,30,332,0.0022158322390168905,0.0018231008434668183
mlp_1x100_relu,5,30,333,0.0022186962887644768,0.0018234996823593974
mlp_1x100_relu,5,30,334,0.0022139574866741896,0.0018219128251075745
mlp_1x100_relu,5,30,335,0.002215912099927664,0.0018244842067360878
mlp_1x100_relu,5,30,336,0.002217598957940936,0.001830245484597981
mlp_1x100_relu,5,30,337,0.0022097062319517136,0.0018149949610233307
mlp_1x100_relu,5,30,338,0.0022131591103971004,0.0018145315116271377
mlp_1x100_relu,5,30,339,0.0022135418839752674,0.0018180211773142219
mlp_1x100_relu,5,30,340,0.0022105532698333263,0.0018116839928552508
mlp_1x100_relu,5,30,341,0.0022104454692453146,0.0018202977953478694
mlp_1x100_relu,5,30,342,0.0022105423267930746,0.0018209362169727683
mlp_1x100_relu,5,30,343,0.0022067734971642494,0.0018238305347040296
mlp_1x100_relu,5,30,344,0.0022095052991062403,0.001817363896407187
mlp_1x100_relu,5,30,345,0.0022235317155718803,0.001807085471227765
mlp_1x100_relu,5,30,346,0.002223075833171606,0.001809248118661344
mlp_1x100_relu,5,30,347,0.002221405506134033,0.001824473380111158
mlp_1x100_relu,5,30,348,0.0022125705145299435,0.0018287753919139504
mlp_1x100_relu,5,30,349,0.0022130536381155252,0.0018219690537080169
mlp_1x100_relu,5,30,350,0.0022111160214990377,0.0018132360419258475
mlp_1x100_relu,5,30,351,0.0022096631582826376,0.0018230894347652793
mlp_1x100_relu,5,30,352,0.0022062312345951796,0.001820746110752225
mlp_1x100_relu,5,30,353,0.0022157137282192707,0.0018296365160495043
mlp_1x100_relu,5,30,354,0.0022292600478976965,0.0018245495157316327
mlp_1x100_relu,5,30,355,0.0022146638948470354,0.0018254052847623825
mlp_1x100_relu,5,30,356,0.0022123991511762142,0.001823606202378869
mlp_1x100_relu,5,30,357,0.002213298575952649,0.0018135833088308573
mlp_1x100_relu,5,30,358,0.0022111712023615837,0.001822769409045577
mlp_1x100_relu,5,30,359,0.0022138371132314205,0.0018146098591387272
mlp_1x100_relu,5,30,360,0.0022208979353308678,0.0018205223605036736
mlp_1x100_relu,5,30,361,0.0022118769120424986,0.0018261037766933441
mlp_1x100_relu,5,30,362,0.0022127239499241114,0.001829243148677051
mlp_1x100_relu,5,30,363,0.0022140690125524998,0.00182954384945333
mlp_1x100_relu,5,30,364,0.0022117705084383488,0.0018182497005909681
mlp_1x100_relu,5,30,365,0.002206183969974518,0.0018356072250753641
mlp_1x100_relu,5,30,366,0.0022236346267163754,0.0018184036016464233
mlp_1x100_relu,5,30,367,0.0022095402237027884,0.001820267061702907
mlp_1x100_relu,5,30,368,0.0022119435016065836,0.0018220222555100918
mlp_1x100_relu,5,30,369,0.0022088324185460806,0.0018235562602058053
mlp_1x100_relu,5,30,370,0.002218956593424082,0.0018185918452218175
mlp_1x100_relu,5,30,371,0.002212155144661665,0.001824344857595861
mlp_1x100_relu,5,30,372,0.0022085392847657204,0.0018193346913903952
mlp_1x100_relu,5,30,373,0.002213767496868968,0.0018256461480632424
mlp_1x100_relu,5,30,374,0.0022078114561736584,0.0018160095205530524
mlp_1x100_relu,5,30,375,0.0022102820221334696,0.0018319592345505953
mlp_1x100_relu,5,30,376,0.0022094750311225653,0.0018218312179669738
mlp_1x100_relu,5,30,377,0.002214212901890278,0.0018216780154034495
mlp_1x100_relu,5,30,378,0.0022159439977258444,0.001822091406211257
mlp_1x100_relu,5,30,379,0.0022208464797586203,0.0018181748455390334
mlp_1x100_relu,5,30,380,0.0022149248979985714,0.00181926554068923
mlp_1x100_relu,5,30,381,0.0022105430252850056,0.0018242370570078492
mlp_1x100_relu,5,30,382,0.002210792386904359,0.0018195293378084898
mlp_1x100_relu,5,30,383,0.002207869431003928,0.0018232568399980664
mlp_1x100_relu,5,30,384,0.0022136762272566557,0.0018217592732980847
mlp_1x100_relu,5,30,385,0.0022073190193623304,0.0018156603910028934
mlp_1x100_relu,5,30,386,0.0022204206325113773,0.0018245442770421505
mlp_1x100_relu,5,30,387,0.0022149954456835985,0.0018305500270798802
mlp_1x100_relu,5,30,388,0.002216287422925234,0.001834409893490374
mlp_1x100_relu,5,30,389,0.0022099975030869246,0.0018271958688274026
mlp_1x100_relu,5,30,390,0.002207065001130104,0.0018285256810486317
mlp_1x100_relu,5,30,391,0.002210302511230111,0.0018283709650859237
mlp_1x100_relu,5,30,392,0.0022101369686424732,0.0018180927727371454
mlp_1x100_relu,5,30,393,0.0022123423404991627,0.001828606124036014
mlp_1x100_relu,5,30,394,0.0022032842971384525,0.0018311128951609135
mlp_1x100_relu,5,30,395,0.0022050621919333935,0.0018262573285028338
mlp_1x100_relu,5,30,396,0.002213565167039633,0.0018279451178386807
mlp_1x100_relu,5,30,397,0.0022235310170799494,0.0018040509894490242
mlp_1x100_relu,5,30,398,0.0022215088829398155,0.0018131241668015718
mlp_1x100_relu,5,30,399,0.0022079648915678263,0.0018186927773058414
mlp_1x100_relu,5,30,400,0.002213220577687025,0.001820507226511836
mlp_1x100_relu,5,30,401,0.0022134478203952312,0.0018333065090700984
mlp_1x100_relu,5,30,402,0.0022100540809333324,0.001819765311665833
mlp_1x100_relu,5,30,403,0.0022080137860029936,0.0018307314021512866
mlp_1x100_relu,5,30,404,0.0022071530111134052,0.0018185334047302604
mlp_1x100_relu,5,30,405,0.0022074724547564983,0.0018149038078263402
mlp_1x100_relu,5,30,406,0.002209673635661602,0.0018270030850544572
mlp_1x100_relu,5,30,407,0.002205644268542528,0.0018258183263242245
mlp_1x100_relu,5,30,408,0.0022176739294081926,0.001833370071835816
mlp_1x100_relu,5,30,409,0.0022136487532407045,0.001825859653763473
mlp_1x100_relu,5,30,410,0.0022061436902731657,0.0018439957639202476
mlp_1x100_relu,5,30,411,0.002209864789620042,0.0018217689357697964
mlp_1x100_relu,5,30,412,0.0022147311829030514,0.001814839313738048
mlp_1x100_relu,5,30,413,0.0022107164841145277,0.0018293563043698668
mlp_1x100_relu,5,30,414,0.0022078719921410084,0.0018226479878649116
mlp_1x100_relu,5,30,415,0.002208530670031905,0.001830774126574397
mlp_1x100_relu,5,30,416,0.0022103723604232073,0.0018234220333397388
mlp_1x100_relu,5,30,417,0.0022090179845690727,0.0018274860922247171
mlp_1x100_relu,5,30,418,0.0022094890009611845,0.0018220249330624938
mlp_1x100_relu,5,30,419,0.002203461481258273,0.0018387918826192617
mlp_1x100_relu,5,30,420,0.002211288781836629,0.0018285446567460895
mlp_1x100_relu,5,30,421,0.0022128536365926266,0.001831835019402206
mlp_1x100_relu,5,30,422,0.0022084766533225775,0.0018287203274667263
mlp_1x100_relu,5,30,423,0.0022138028871268034,0.0018215338932350278
mlp_1x100_relu,5,30,424,0.0022153330501168966,0.001828470965847373
mlp_1x100_relu,5,30,425,0.0022171989548951387,0.0018236776813864708
mlp_1x100_relu,5,30,426,0.002209907630458474,0.0018244771054014564
mlp_1x100_relu,5,30,427,0.0022081430070102215,0.0018146495567634702
mlp_1x100_relu,5,30,428,0.002213008003309369,0.0018126219511032104
mlp_1x100_relu,5,30,429,0.002204958815127611,0.0018250498687848449
mlp_1x100_relu,5,30,430,0.0022137966006994247,0.0018256634939461946
mlp_1x100_relu,5,30,431,0.002208852907642722,0.0018221581121906638
mlp_1x100_relu,5,30,432,0.00220725079998374,0.001825355109758675
mlp_1x100_relu,5,30,433,0.0022050165571272373,0.001826283405534923
mlp_1x100_relu,5,30,434,0.0022107961121946573,0.0018306452548131347
mlp_1x100_relu,5,30,435,0.0022182322572916746,0.0018298026407137513
mlp_1x100_relu,5,30,436,0.0022033555433154106,0.001835052389651537
mlp_1x100_relu,5,30,437,0.0022049935068935156,0.0018147517694160342
mlp_1x100_relu,5,30,438,0.002209376310929656,0.0018327597063034773
mlp_1x100_relu,5,30,439,0.00220675440505147,0.0018191124545410275
mlp_1x100_relu,5,30,440,0.0022106978576630354,0.001826234394684434
mlp_1x100_relu,5,30,441,0.0022111274302005768,0.0018162340857088566
mlp_1x100_relu,5,30,442,0.0022120955400168896,0.001835525850765407
mlp_1x100_relu,5,30,443,0.0022132019512355328,0.0018396746600046754
mlp_1x100_relu,5,30,444,0.0022127064876258373,0.001823070808313787
mlp_1x100_relu,5,30,445,0.0022072577849030495,0.0018370148027315736
mlp_1x100_relu,5,30,446,0.0022102724760770798,0.0018300709780305624
mlp_1x100_relu,5,30,447,0.0022143139503896236,0.0018264837563037872
mlp_1x100_relu,5,30,448,0.002210027538239956,0.0018357801018282771
mlp_1x100_relu,5,30,449,0.0022097155451774597,0.0018204576335847378
mlp_1x100_relu,5,30,450,0.0022076598834246397,0.0018332407344132662
mlp_1x100_relu,5,30,451,0.002206944627687335,0.0018282317323610187
mlp_1x100_relu,5,30,452,0.002207505749538541,0.0018367599695920944
mlp_1x100_relu,5,30,453,0.002206636592745781,0.0018217596225440502
mlp_1x100_relu,5,30,454,0.002206198638305068,0.0018284623511135578
mlp_1x100_relu,5,30,455,0.002202165313065052,0.0018302196403965354
mlp_1x100_relu,5,30,456,0.002208083402365446,0.0018335803179070354
mlp_1x100_relu,5,30,457,0.002213584491983056,0.001831713947467506
mlp_1x100_relu,5,30,458,0.002213750034570694,0.0018344653071835637
mlp_1x100_relu,5,30,459,0.002202934119850397,0.0018344870768487453
mlp_1x100_relu,5,30,460,0.002209300873801112,0.0018276794580742717
mlp_1x100_relu,5,30,461,0.0022071553394198418,0.0018294702749699354
mlp_1x100_relu,5,30,462,0.0022129572462290525,0.0018207376124337316
mlp_1x100_relu,5,30,463,0.0022106587421149015,0.0018251267028972507
mlp_1x100_relu,5,30,464,0.0022081672213971615,0.0018259779317304492
mlp_1x100_relu,5,30,465,0.00220891903154552,0.0018419957486912608
mlp_1x100_relu,5,30,466,0.0022085269447416067,0.0018141096225008368
mlp_1x100_relu,5,30,467,0.0022117672488093376,0.001826555817387998
mlp_1x100_relu,5,30,468,0.0022009843960404396,0.0018256708281114697
mlp_1x100_relu,5,30,469,0.0022057294845581055,0.0018227562541142106
mlp_1x100_relu,5,30,470,0.0022052431013435125,0.0018378890817984939
mlp_1x100_relu,5,30,471,0.0022059499751776457,0.0018264579121023417
mlp_1x100_relu,5,30,472,0.0022052598651498556,0.0018360285321250558
mlp_1x100_relu,5,30,473,0.002206092234700918,0.0018268231069669127
mlp_1x100_relu,5,30,474,0.002210125792771578,0.0018259943462908268
mlp_1x100_relu,5,30,475,0.0022140771616250277,0.0018398690735921264
mlp_1x100_relu,5,30,476,0.0022041553165763617,0.0018317286157980561
mlp_1x100_relu,5,30,477,0.002202556701377034,0.001823606202378869
mlp_1x100_relu,5,30,478,0.0022055229637771845,0.001826994470320642
mlp_1x100_relu,5,30,479,0.0022128093987703323,0.0018310828600078821
mlp_1x100_relu,5,30,480,0.0022079020272940397,0.0018238165648654103
mlp_1x100_relu,5,30,481,0.0022042980417609215,0.001826259307563305
mlp_1x100_relu,5,30,482,0.002207984682172537,0.0018222990911453962
mlp_1x100_relu,5,30,483,0.0022116773761808872,0.0018191068666055799
mlp_1x100_relu,5,30,484,0.0022073404397815466,0.0018358450615778565
mlp_1x100_relu,5,30,485,0.0022061027120798826,0.0018275902839377522
mlp_1x100_relu,5,30,486,0.002203325042501092,0.0018212096765637398
mlp_1x100_relu,5,30,487,0.002214521635323763,0.0018179124454036355
mlp_1x100_relu,5,30,488,0.002215164713561535,0.001820179051719606
mlp_1x100_relu,5,30,489,0.0022085928358137608,0.0018141483888030052
mlp_1x100_relu,5,30,490,0.0022095399908721447,0.001834340626373887
mlp_1x100_relu,5,30,491,0.0022062305361032486,0.001824834500439465
mlp_1x100_relu,5,30,492,0.00220488547347486,0.001821711310185492
mlp_1x100_relu,5,30,493,0.002210731618106365,0.0018343052361160517
mlp_1x100_relu,5,30,494,0.002207280835136771,0.0018256048206239939
mlp_1x100_relu,5,30,495,0.002210823819041252,0.0018240991048514843
mlp_1x100_relu,5,30,496,0.002209234982728958,0.0018157700542360544
mlp_1x100_relu,5,30,497,0.002207208424806595,0.0018198334146291018
mlp_1x100_relu,5,30,498,0.002210513688623905,0.0018270723521709442
mlp_1x100_relu,5,30,499,0.002206337871029973,0.0018226528773084283
mlp_1x100_relu,5,30,500,0.0022097749169915915,0.0018126663053408265
mlp_1x100_relu,5,90,1,0.33227428793907166,0.14267675578594208
mlp_1x100_relu,5,90,2,0.14087525010108948,0.07798035442829132
mlp_1x100_relu,5,90,3,0.07933404296636581,0.04398578777909279
mlp_1x100_relu,5,90,4,0.044681187719106674,0.02485986053943634
mlp_1x100_relu,5,90,5,0.025611648336052895,0.01602422259747982
mlp_1x100_relu,5,90,6,0.015931405127048492,0.010569003410637379
mlp_1x100_relu,5,90,7,0.010887937620282173,0.010006856173276901
mlp_1x100_relu,5,90,8,0.008088960312306881,0.007750432938337326
mlp_1x100_relu,5,90,9,0.006270082667469978,0.007499706000089645
mlp_1x100_relu,5,90,10,0.005064583383500576,0.005002316553145647
mlp_1x100_relu,5,90,11,0.004026057198643684,0.004137811716645956
mlp_1x100_relu,5,90,12,0.0035676914267241955,0.003863338613882661
mlp_1x100_relu,5,90,13,0.003145552007481456,0.0033852877095341682
mlp_1x100_relu,5,90,14,0.0028204433619976044,0.002613101154565811
mlp_1x100_relu,5,90,15,0.002607444068416953,0.0020583414006978273
mlp_1x100_relu,5,90,16,0.002507452853024006,0.0019300569547340274
mlp_1x100_relu,5,90,17,0.0023307346273213625,0.0015544774942100048
mlp_1x100_relu,5,90,18,0.002156177768483758,0.001499186852015555
mlp_1x100_relu,5,90,19,0.002085357438772917,0.0015228581614792347
mlp_1x100_relu,5,90,20,0.00197735708206892,0.0015529824886471033
mlp_1x100_relu,5,90,21,0.0019484848016873002,0.0016415052814409137
mlp_1x100_relu,5,90,22,0.001902911113575101,0.0015242499066516757
mlp_1x100_relu,5,90,23,0.0018960373708978295,0.001448644557967782
mlp_1x100_relu,5,90,24,0.0018441270804032683,0.0014187667984515429
mlp_1x100_relu,5,90,25,0.0018160034669563174,0.0013739007990807295
mlp_1x100_relu,5,90,26,0.0017911294708028436,0.001311668660491705
mlp_1x100_relu,5,90,27,0.0017581924330443144,0.0013061400968581438
mlp_1x100_relu,5,90,28,0.0017254395643249154,0.0012886298354715109
mlp_1x100_relu,5,90,29,0.0016846653306856751,0.0012551620602607727
mlp_1x100_relu,5,90,30,0.001639279187656939,0.001266219886019826
mlp_1x100_relu,5,90,31,0.0016201339894905686,0.0012307631550356746
mlp_1x100_relu,5,90,32,0.001591414213180542,0.0012042566668242216
mlp_1x100_relu,5,90,33,0.0015662549994885921,0.0011530992342159152
mlp_1x100_relu,5,90,34,0.0015419982373714447,0.0011137595865875483
mlp_1x100_relu,5,90,35,0.0015204631490632892,0.001107753487303853
mlp_1x100_relu,5,90,36,0.0015050072688609362,0.0010839431779459119
mlp_1x100_relu,5,90,37,0.0014941008994355798,0.0010786136845126748
mlp_1x100_relu,5,90,38,0.0014838320203125477,0.001064025447703898
mlp_1x100_relu,5,90,39,0.0014645712217316031,0.0010498202173039317
mlp_1x100_relu,5,90,40,0.0014549432089552283,0.0010535414330661297
mlp_1x100_relu,5,90,41,0.0014444596599787474,0.0010578454239293933
mlp_1x100_relu,5,90,42,0.0014349379343912005,0.0010471513960510492
mlp_1x100_relu,5,90,43,0.0014188614441081882,0.0010693486547097564
mlp_1x100_relu,5,90,44,0.001415143720805645,0.0010794169502332807
mlp_1x100_relu,5,90,45,0.001404428156092763,0.0010870164260268211
mlp_1x100_relu,5,90,46,0.0014017835492268205,0.0010895857121795416
mlp_1x100_relu,5,90,47,0.001398438704200089,0.0010912999277934432
mlp_1x100_relu,5,90,48,0.001395164872519672,0.0010954313911497593
mlp_1x100_relu,5,90,49,0.0013925377279520035,0.0010993769392371178
mlp_1x100_relu,5,90,50,0.0013857738813385367,0.001106252078898251
mlp_1x100_relu,5,90,51,0.0013889408437535167,0.0011074229842051864
mlp_1x100_relu,5,90,52,0.0013811964308843017,0.0011093009961768985
mlp_1x100_relu,5,90,53,0.0013934987364336848,0.0010953586315736175
mlp_1x100_relu,5,90,54,0.0013742694864049554,0.0010905135422945023
mlp_1x100_relu,5,90,55,0.001371509162709117,0.0010998740326613188
mlp_1x100_relu,5,90,56,0.0013736208202317357,0.0010960393119603395
mlp_1x100_relu,5,90,57,0.0013821766478940845,0.0011200752342119813
mlp_1x100_relu,5,90,58,0.0013894609874114394,0.0010689405025914311
mlp_1x100_relu,5,90,59,0.0013700906420126557,0.001097366795875132
mlp_1x100_relu,5,90,60,0.0013800987508147955,0.0010826875222846866
mlp_1x100_relu,5,90,61,0.0013813016703352332,0.0011057163355872035
mlp_1x100_relu,5,90,62,0.0013769881334155798,0.0010850123362615705
mlp_1x100_relu,5,90,63,0.0013846778310835361,0.001093577011488378
mlp_1x100_relu,5,90,64,0.001391874859109521,0.0010901845525950193
mlp_1x100_relu,5,90,65,0.0013821698958054185,0.0010675449157133698
mlp_1x100_relu,5,90,66,0.0013936333125457168,0.0011182214366272092
mlp_1x100_relu,5,90,67,0.0013914178125560284,0.0010750986402854323
mlp_1x100_relu,5,90,68,0.0013973112218081951,0.0010829371167346835
mlp_1x100_relu,5,90,69,0.0013945575337857008,0.001085378578864038
mlp_1x100_relu,5,90,70,0.001390312798321247,0.0010876113083213568
mlp_1x100_relu,5,90,71,0.0014006027486175299,0.0010917786275967956
mlp_1x100_relu,5,90,72,0.0013913892908021808,0.0010798946022987366
mlp_1x100_relu,5,90,73,0.0013916089665144682,0.0010735527612268925
mlp_1x100_relu,5,90,74,0.0013972026063129306,0.0010759001597762108
mlp_1x100_relu,5,90,75,0.0013881557388231158,0.0010897812899202108
mlp_1x100_relu,5,90,76,0.001394003164023161,0.0010814752895385027
mlp_1x100_relu,5,90,77,0.001410236582159996,0.0010950610740110278
mlp_1x100_relu,5,90,78,0.0014095513615757227,0.0010786225320771337
mlp_1x100_relu,5,90,79,0.0014095822116360068,0.0010907312389463186
mlp_1x100_relu,5,90,80,0.0014013858744874597,0.0010641043772920966
mlp_1x100_relu,5,90,81,0.0014156362740322948,0.0010944805108010769
mlp_1x100_relu,5,90,82,0.0014130419585853815,0.0010777519783005118
mlp_1x100_relu,5,90,83,0.0014100194675847888,0.0010906389215961099
mlp_1x100_relu,5,90,84,0.0014152030926197767,0.0010784408077597618
mlp_1x100_relu,5,90,85,0.0014102294808253646,0.0010887088719755411
mlp_1x100_relu,5,90,86,0.0014117732644081116,0.001068162266165018
mlp_1x100_relu,5,90,87,0.0014117815298959613,0.0011080896947532892
mlp_1x100_relu,5,90,88,0.0014256624272093177,0.0010558960493654013
mlp_1x100_relu,5,90,89,0.001418972504325211,0.0010655205696821213
mlp_1x100_relu,5,90,90,0.0014267488149926066,0.001095183426514268
mlp_1x100_relu,5,90,91,0.0014231042005121708,0.0010644589783623815
mlp_1x100_relu,5,90,92,0.0014246455393731594,0.0010919440537691116
mlp_1x100_relu,5,90,93,0.0014224228216335177,0.0010656778467819095
mlp_1x100_relu,5,90,94,0.0014169039204716682,0.0010878985049203038
mlp_1x100_relu,5,90,95,0.0014203956816345453,0.0010624739807099104
mlp_1x100_relu,5,90,96,0.001416073297150433,0.0010711842915043235
mlp_1x100_relu,5,90,97,0.001410040888004005,0.0010789443040266633
mlp_1x100_relu,5,90,98,0.0014265049248933792,0.0011021406389772892
mlp_1x100_relu,5,90,99,0.0014261403121054173,0.0010723858140408993
mlp_1x100_relu,5,90,100,0.0014262341428548098,0.0010814291890710592
mlp_1x100_relu,5,90,101,0.0014126002788543701,0.0010834457352757454
mlp_1x100_relu,5,90,102,0.0014273780398070812,0.001084012328647077
mlp_1x100_relu,5,90,103,0.0014380175853148103,0.001076606335118413
mlp_1x100_relu,5,90,104,0.0014231823151931167,0.0010790734086185694
mlp_1x100_relu,5,90,105,0.0014218175783753395,0.0010825388599187136
mlp_1x100_relu,5,90,106,0.0014200019650161266,0.0010711762588471174
mlp_1x100_relu,5,90,107,0.0014360202476382256,0.0010785677004605532
mlp_1x100_relu,5,90,108,0.0014231940731406212,0.0010849921964108944
mlp_1x100_relu,5,90,109,0.0014258780283853412,0.001076995744369924
mlp_1x100_relu,5,90,110,0.001426368486136198,0.0010717218974605203
mlp_1x100_relu,5,90,111,0.0014320268528535962,0.0010704501764848828
mlp_1x100_relu,5,90,112,0.0014209768269211054,0.0010744051542133093
mlp_1x100_relu,5,90,113,0.0014193739043548703,0.0010790195083245635
mlp_1x100_relu,5,90,114,0.0014288577949628234,0.001071221544407308
mlp_1x100_relu,5,90,115,0.001419055974110961,0.00108032685238868
mlp_1x100_relu,5,90,116,0.0014203786849975586,0.0010814452543854713
mlp_1x100_relu,5,90,117,0.001419528853148222,0.001084677642211318
mlp_1x100_relu,5,90,118,0.0014168962370604277,0.0010721702128648758
mlp_1x100_relu,5,90,119,0.0014150913339108229,0.001088804448954761
mlp_1x100_relu,5,90,120,0.0014216983690857887,0.0010901967762038112
mlp_1x100_relu,5,90,121,0.001423765323124826,0.001075409003533423
mlp_1x100_relu,5,90,122,0.0014187174383550882,0.001069311867468059
mlp_1x100_relu,5,90,123,0.001419981475919485,0.0010646495502442122
mlp_1x100_relu,5,90,124,0.0014242868637666106,0.0010903901420533657
mlp_1x100_relu,5,90,125,0.0014227137435227633,0.0010638210223987699
mlp_1x100_relu,5,90,126,0.0014145576860755682,0.001065380871295929
mlp_1x100_relu,5,90,127,0.0014156431425362825,0.001068762969225645
mlp_1x100_relu,5,90,128,0.001422537607140839,0.0010726879118010402
mlp_1x100_relu,5,90,129,0.0014166561886668205,0.0010662373388186097
mlp_1x100_relu,5,90,130,0.0014201359590515494,0.0010754227405413985
mlp_1x100_relu,5,90,131,0.0014195152325555682,0.0010711539071053267
mlp_1x100_relu,5,90,132,0.0014083152636885643,0.0010679883416742086
mlp_1x100_relu,5,90,133,0.0014088687021285295,0.0010699363192543387
mlp_1x100_relu,5,90,134,0.0014135242672637105,0.0010760837467387319
mlp_1x100_relu,5,90,135,0.0014168028719723225,0.0010642118286341429
mlp_1x100_relu,5,90,136,0.0014161717845126987,0.0010722717270255089
mlp_1x100_relu,5,90,137,0.0014115703525021672,0.001063157687895
mlp_1x100_relu,5,90,138,0.0014084213180467486,0.001067818608134985
mlp_1x100_relu,5,90,139,0.0014104163274168968,0.0010680047562345862
mlp_1x100_relu,5,90,140,0.0014021889073774219,0.0010764988837763667
mlp_1x100_relu,5,90,141,0.0014115030644461513,0.0010688805487006903
mlp_1x100_relu,5,90,142,0.0014116308884695172,0.0010634888894855976
mlp_1x100_relu,5,90,143,0.001416518003679812,0.00106893724296242
mlp_1x100_relu,5,90,144,0.0014087727759033442,0.0010677538812160492
mlp_1x100_relu,5,90,145,0.0014110893243923783,0.0010749130742624402
mlp_1x100_relu,5,90,146,0.0014107777969911695,0.0010608111042529345
mlp_1x100_relu,5,90,147,0.0014136011013761163,0.0010866527445614338
mlp_1x100_relu,5,90,148,0.001412436249665916,0.0010804352350533009
mlp_1x100_relu,5,90,149,0.0014092386700212955,0.0010792756220325828
mlp_1x100_relu,5,90,150,0.0014086879091337323,0.0010583059629425406
mlp_1x100_relu,5,90,151,0.0014192677335813642,0.0010660572443157434
mlp_1x100_relu,5,90,152,0.0014121569693088531,0.0010744464816525578
mlp_1x100_relu,5,90,153,0.001410110155120492,0.0010671011405065656
mlp_1x100_relu,5,90,154,0.0014072770718485117,0.0010698445839807391
mlp_1x100_relu,5,90,155,0.0014087548479437828,0.001075970591045916
mlp_1x100_relu,5,90,156,0.001403767499141395,0.0010766529012471437
mlp_1x100_relu,5,90,157,0.0014034667983651161,0.001072061713784933
mlp_1x100_relu,5,90,158,0.0014016033383086324,0.0010784291662275791
mlp_1x100_relu,5,90,159,0.0014076647348701954,0.0010778700234368443
mlp_1x100_relu,5,90,160,0.0014123392757028341,0.0010658926330506802
mlp_1x100_relu,5,90,161,0.001409979653544724,0.0010765293845906854
mlp_1x100_relu,5,90,162,0.0014058848610147834,0.0010663744760677218
mlp_1x100_relu,5,90,163,0.0014080289984121919,0.0010786514030769467
mlp_1x100_relu,5,90,164,0.0014076433144509792,0.0010685886954888701
mlp_1x100_relu,5,90,165,0.0014064755523577332,0.0010620227549225092
mlp_1x100_relu,5,90,166,0.0014022300019860268,0.0010634178761392832
mlp_1x100_relu,5,90,167,0.0014066249132156372,0.0010801164899021387
mlp_1x100_relu,5,90,168,0.0014032875187695026,0.001078533474355936
mlp_1x100_relu,5,90,169,0.0014024998527020216,0.0010722668375819921
mlp_1x100_relu,5,90,170,0.0014090770855545998,0.0010615537175908685
mlp_1x100_relu,5,90,171,0.001407409319654107,0.0010827763471752405
mlp_1x100_relu,5,90,172,0.0014016189379617572,0.0010688608745113015
mlp_1x100_relu,5,90,173,0.001402013236656785,0.0010705945314839482
mlp_1x100_relu,5,90,174,0.0014057353837415576,0.0010711780050769448
mlp_1x100_relu,5,90,175,0.0014075315557420254,0.0010667137103155255
mlp_1x100_relu,5,90,176,0.0013993948232382536,0.0010813563130795956
mlp_1x100_relu,5,90,177,0.0014047501608729362,0.0010653991485014558
mlp_1x100_relu,5,90,178,0.0014038028893992305,0.0010716479737311602
mlp_1x100_relu,5,90,179,0.0014010517625138164,0.001068832236342132
mlp_1x100_relu,5,90,180,0.00140848767478019,0.0010735164396464825
mlp_1x100_relu,5,90,181,0.001400926848873496,0.0010781890014186502
mlp_1x100_relu,5,90,182,0.0014056676300242543,0.0010772536043077707
mlp_1x100_relu,5,90,183,0.0014035748317837715,0.001075133914127946
mlp_1x100_relu,5,90,184,0.00139877968467772,0.0010710227070376277
mlp_1x100_relu,5,90,185,0.0013989536091685295,0.0010785070480778813
mlp_1x100_relu,5,90,186,0.0014097000239416957,0.001069271587766707
mlp_1x100_relu,5,90,187,0.0014118808321654797,0.0010792796965688467
mlp_1x100_relu,5,90,188,0.0014026500284671783,0.001081411843188107
mlp_1x100_relu,5,90,189,0.0014071798650547862,0.001069431658834219
mlp_1x100_relu,5,90,190,0.0014040395617485046,0.0010802929755300283
mlp_1x100_relu,5,90,191,0.0014023346593603492,0.001080210437066853
mlp_1x100_relu,5,90,192,0.0013990713050588965,0.0010710241040214896
mlp_1x100_relu,5,90,193,0.0014034385094419122,0.0010776158887892962
mlp_1x100_relu,5,90,194,0.001403959235176444,0.0010808726074174047
mlp_1x100_relu,5,90,195,0.0014105594018474221,0.0010722940787672997
mlp_1x100_relu,5,90,196,0.0014044743729755282,0.0010717847617343068
mlp_1x100_relu,5,90,197,0.001400159439072013,0.0010637264931574464
mlp_1x100_relu,5,90,198,0.0014049690216779709,0.0010703763691708446
mlp_1x100_relu,5,90,199,0.0014077848754823208,0.0010723191080614924
mlp_1x100_relu,5,90,200,0.0014084543799981475,0.0010670879855751991
mlp_1x100_relu,5,90,201,0.0014044689014554024,0.0010689081391319633
mlp_1x100_relu,5,90,202,0.0014013472246006131,0.001074149738997221
mlp_1x100_relu,5,90,203,0.0014052819460630417,0.0010714639211073518
mlp_1x100_relu,5,90,204,0.0014085824368521571,0.0010762183228507638
mlp_1x100_relu,5,90,205,0.001403000089339912,0.0010752887465059757
mlp_1x100_relu,5,90,206,0.0014003916876390576,0.0010731193469837308
mlp_1x100_relu,5,90,207,0.0014033274492248893,0.001076111220754683
mlp_1x100_relu,5,90,208,0.0014017060166224837,0.0010700804414227605
mlp_1x100_relu,5,90,209,0.0014022443210706115,0.001082692644558847
mlp_1x100_relu,5,90,210,0.0014018075307831168,0.0010775541886687279
mlp_1x100_relu,5,90,211,0.0014018870424479246,0.0010794228874146938
mlp_1x100_relu,5,90,212,0.001403789035975933,0.0010644403519108891
mlp_1x100_relu,5,90,213,0.0014047218719497323,0.0010792204411700368
mlp_1x100_relu,5,90,214,0.0014011012390255928,0.0010728727793321013
mlp_1x100_relu,5,90,215,0.0014025773853063583,0.0010803082259371877
mlp_1x100_relu,5,90,216,0.001403789734467864,0.0010742248268797994
mlp_1x100_relu,5,90,217,0.0014044669223949313,0.0010809109080582857
mlp_1x100_relu,5,90,218,0.0014032576000317931,0.0010804039193317294
mlp_1x100_relu,5,90,219,0.001408266369253397,0.0010753986425697803
mlp_1x100_relu,5,90,220,0.0014069282915443182,0.0010722005972638726
mlp_1x100_relu,5,90,221,0.0014013877371326089,0.0010804682970046997
mlp_1x100_relu,5,90,222,0.0014039349043741822,0.0010692774085327983
mlp_1x100_relu,5,90,223,0.0014064323622733355,0.0010721699800342321
mlp_1x100_relu,5,90,224,0.001404970302246511,0.0010694345692172647
mlp_1x100_relu,5,90,225,0.0014076895313337445,0.0010734682437032461
mlp_1x100_relu,5,90,226,0.001405362389050424,0.0010732111986726522
mlp_1x100_relu,5,90,227,0.001402999390847981,0.001074721571058035
mlp_1x100_relu,5,90,228,0.001404307782649994,0.0010808573570102453
mlp_1x100_relu,5,90,229,0.00139949272852391,0.0010777863208204508
mlp_1x100_relu,5,90,230,0.001403617556206882,0.0010737626580521464
mlp_1x100_relu,5,90,231,0.0014031826285645366,0.0010699148988351226
mlp_1x100_relu,5,90,232,0.0014023149851709604,0.001077773398719728
mlp_1x100_relu,5,90,233,0.001401734771206975,0.00107015750836581
mlp_1x100_relu,5,90,234,0.0014069525059312582,0.0010710513452067971
mlp_1x100_relu,5,90,235,0.0014025972923263907,0.00106945785228163
mlp_1x100_relu,5,90,236,0.0014051101170480251,0.0010720264399424195
mlp_1x100_relu,5,90,237,0.0014013476902619004,0.0010753236711025238
mlp_1x100_relu,5,90,238,0.001397768734022975,0.0010807258076965809
mlp_1x100_relu,5,90,239,0.001403494388796389,0.0010826956713572145
mlp_1x100_relu,5,90,240,0.0014053707709535956,0.001074093277566135
mlp_1x100_relu,5,90,241,0.0014036728534847498,0.00106693129055202
mlp_1x100_relu,5,90,242,0.0014045763527974486,0.001073109800927341
mlp_1x100_relu,5,90,243,0.0014013084582984447,0.0010810352396219969
mlp_1x100_relu,5,90,244,0.001403971342369914,0.0010724409949034452
mlp_1x100_relu,5,90,245,0.0014045132556930184,0.001061366987414658
mlp_1x100_relu,5,90,246,0.001405514543876052,0.0010810333769768476
mlp_1x100_relu,5,90,247,0.001403569127433002,0.0010783406905829906
mlp_1x100_relu,5,90,248,0.0014039701782166958,0.001077132299542427
mlp_1x100_relu,5,90,249,0.0014019686495885253,0.0010793767869472504
mlp_1x100_relu,5,90,250,0.001409695134498179,0.0010639202082529664
mlp_1x100_relu,5,90,251,0.00140268390532583,0.0010818419978022575
mlp_1x100_relu,5,90,252,0.0014019645750522614,0.0010723564773797989
mlp_1x100_relu,5,90,253,0.0014055611100047827,0.001067358534783125
mlp_1x100_relu,5,90,254,0.0014041900867596269,0.0010715656680986285
mlp_1x100_relu,5,90,255,0.001405108254402876,0.0010639168322086334
mlp_1x100_relu,5,90,256,0.0014030765742063522,0.0010666062589734793
mlp_1x100_relu,5,90,257,0.0014021197566762567,0.0010716617107391357
mlp_1x100_relu,5,90,258,0.001403033616952598,0.0010721043217927217
mlp_1x100_relu,5,90,259,0.001405766699463129,0.001074434956535697
mlp_1x100_relu,5,90,260,0.0014050613390281796,0.0010644546709954739
mlp_1x100_relu,5,90,261,0.0014016295317560434,0.0010721151484176517
mlp_1x100_relu,5,90,262,0.001404321868903935,0.0010686616878956556
mlp_1x100_relu,5,90,263,0.0014130693161860108,0.001083840848878026
mlp_1x100_relu,5,90,264,0.0014018763322383165,0.0010758357821032405
mlp_1x100_relu,5,90,265,0.0014001266099512577,0.0010717984987422824
mlp_1x100_relu,5,90,266,0.001401134068146348,0.0010780614102259278
mlp_1x100_relu,5,90,267,0.0014033014886081219,0.001075846259482205
mlp_1x100_relu,5,90,268,0.0013967264676466584,0.0010770056396722794
mlp_1x100_relu,5,90,269,0.0014032019535079598,0.0010692118667066097
mlp_1x100_relu,5,90,270,0.0014052827609702945,0.0010701764840632677
mlp_1x100_relu,5,90,271,0.001405500341206789,0.0010694547090679407
mlp_1x100_relu,5,90,272,0.0014038324588909745,0.0010715817334130406
mlp_1x100_relu,5,90,273,0.0013986126286908984,0.001069359597750008
mlp_1x100_relu,5,90,274,0.001403713133186102,0.0010728666093200445
mlp_1x100_relu,5,90,275,0.0014045595889911056,0.0010636188089847565
mlp_1x100_relu,5,90,276,0.0014022465329617262,0.0010721056023612618
mlp_1x100_relu,5,90,277,0.0014014082262292504,0.0010724349413067102
mlp_1x100_relu,5,90,278,0.0014037542277947068,0.0010651714401319623
mlp_1x100_relu,5,90,279,0.0014009933220222592,0.0010794290574267507
mlp_1x100_relu,5,90,280,0.0014026269782334566,0.0010779062286019325
mlp_1x100_relu,5,90,281,0.0014062364352867007,0.001066161785274744
mlp_1x100_relu,5,90,282,0.0014031128957867622,0.001069462625309825
mlp_1x100_relu,5,90,283,0.0014023634139448404,0.0010664371075108647
mlp_1x100_relu,5,90,284,0.0014025972923263907,0.0010809290688484907
mlp_1x100_relu,5,90,285,0.0014087437884882092,0.001073534251190722
mlp_1x100_relu,5,90,286,0.001402410794980824,0.0010686316527426243
mlp_1x100_relu,5,90,287,0.0014035695930942893,0.0010779175208881497
mlp_1x100_relu,5,90,288,0.0014015429187566042,0.0010794580448418856
mlp_1x100_relu,5,90,289,0.0014041023096069694,0.0010786419734358788
mlp_1x100_relu,5,90,290,0.0014036596985533834,0.0010675350204110146
mlp_1x100_relu,5,90,291,0.0014050763566046953,0.0010732386726886034
mlp_1x100_relu,5,90,292,0.0014037520159035921,0.0010789450025185943
mlp_1x100_relu,5,90,293,0.0014005285920575261,0.001082463888451457
mlp_1x100_relu,5,90,294,0.0013993582688272,0.0010766064515337348
mlp_1x100_relu,5,90,295,0.0014017362846061587,0.0010778459254652262
mlp_1x100_relu,5,90,296,0.0014072598423808813,0.001073904219083488
mlp_1x100_relu,5,90,297,0.0014018421061336994,0.0010705533204600215
mlp_1x100_relu,5,90,298,0.0014010014710947871,0.0010718901176005602
mlp_1x100_relu,5,90,299,0.0014001837698742747,0.0010755234397947788
mlp_1x100_relu,5,90,300,0.001400024862959981,0.0010771845700219274
mlp_1x100_relu,5,90,301,0.0014004830736666918,0.0010775040136650205
mlp_1x100_relu,5,90,302,0.0014062110567465425,0.0010714400559663773
mlp_1x100_relu,5,90,303,0.0013984792167320848,0.0010775466216728091
mlp_1x100_relu,5,90,304,0.0014041330432519317,0.0010777550050988793
mlp_1x100_relu,5,90,305,0.0014008039142936468,0.0010730706853792071
mlp_1x100_relu,5,90,306,0.0014011802850291133,0.0010755001567304134
mlp_1x100_relu,5,90,307,0.0014036591164767742,0.0010715060634538531
mlp_1x100_relu,5,90,308,0.0014043317642062902,0.0010832127882167697
mlp_1x100_relu,5,90,309,0.0014023822732269764,0.0010835162829607725
mlp_1x100_relu,5,90,310,0.0014034525956958532,0.0010774359107017517
mlp_1x100_relu,5,90,311,0.001403030357323587,0.0010726904729381204
mlp_1x100_relu,5,90,312,0.0014017245266586542,0.001075181644409895
mlp_1x100_relu,5,90,313,0.0014045826392248273,0.001080880407243967
mlp_1x100_relu,5,90,314,0.0014027090510353446,0.0010780040174722672
mlp_1x100_relu,5,90,315,0.0014029527083039284,0.0010742293670773506
mlp_1x100_relu,5,90,316,0.0014034453779459,0.0010788203217089176
mlp_1x100_relu,5,90,317,0.0014015998458489776,0.0010750492801889777
mlp_1x100_relu,5,90,318,0.00139914161991328,0.0010874404106289148
mlp_1x100_relu,5,90,319,0.0014028915902599692,0.0010700735729187727
mlp_1x100_relu,5,90,320,0.0014009540900588036,0.0010815475834533572
mlp_1x100_relu,5,90,321,0.0014024219708517194,0.001086606876924634
mlp_1x100_relu,5,90,322,0.0014007911086082458,0.001080034300684929
mlp_1x100_relu,5,90,323,0.001399940811097622,0.0010696278186514974
mlp_1x100_relu,5,90,324,0.001398344524204731,0.0010833172127604485
mlp_1x100_relu,5,90,325,0.001402541296556592,0.0010889135301113129
mlp_1x100_relu,5,90,326,0.001404869370162487,0.0010718549601733685
mlp_1x100_relu,5,90,327,0.0014032266335561872,0.0010812408290803432
mlp_1x100_relu,5,90,328,0.001404646667651832,0.001074894447810948
mlp_1x100_relu,5,90,329,0.001404731534421444,0.0010817708680406213
mlp_1x100_relu,5,90,330,0.0014012170722708106,0.0010756923584267497
mlp_1x100_relu,5,90,331,0.0013988440623506904,0.0010867251548916101
mlp_1x100_relu,5,90,332,0.0014065165305510163,0.0010803666664287448
mlp_1x100_relu,5,90,333,0.0013960187789052725,0.0010903793154284358
mlp_1x100_relu,5,90,334,0.0014009333681315184,0.0010815993882715702
mlp_1x100_relu,5,90,335,0.0014034772757440805,0.0010763528989627957
mlp_1x100_relu,5,90,336,0.0014091747580096126,0.0010686900932341814
mlp_1x100_relu,5,90,337,0.0014040583046153188,0.0010792982066050172
mlp_1x100_relu,5,90,338,0.0014027548022568226,0.001079524983651936
mlp_1x100_relu,5,90,339,0.0013996619964018464,0.00107766583096236
mlp_1x100_relu,5,90,340,0.0013994728215038776,0.001079848501831293
mlp_1x100_relu,5,90,341,0.0014008862199261785,0.001083489740267396
mlp_1x100_relu,5,90,342,0.0014006495475769043,0.0010812412947416306
mlp_1x100_relu,5,90,343,0.0014021949609741569,0.0010853183921426535
mlp_1x100_relu,5,90,344,0.0014000043738633394,0.0010833344422280788
mlp_1x100_relu,5,90,345,0.0014037389773875475,0.0010806354694068432
mlp_1x100_relu,5,90,346,0.001397805637679994,0.0010837494628503919
mlp_1x100_relu,5,90,347,0.001402602531015873,0.0010757134296000004
mlp_1x100_relu,5,90,348,0.0014014444313943386,0.0010716307442635298
mlp_1x100_relu,5,90,349,0.0014038386289030313,0.0010771637316793203
mlp_1x100_relu,5,90,350,0.001402169349603355,0.0010798759758472443
mlp_1x100_relu,5,90,351,0.0014035803033038974,0.001076267915777862
mlp_1x100_relu,5,90,352,0.001403125235810876,0.0010766774648800492
mlp_1x100_relu,5,90,353,0.0014038172084838152,0.001084798132069409
mlp_1x100_relu,5,90,354,0.001401298912242055,0.0010884653311222792
mlp_1x100_relu,5,90,355,0.0014014968182891607,0.0010819289600476623
mlp_1x100_relu,5,90,356,0.0014015480410307646,0.0010859089670702815
mlp_1x100_relu,5,90,357,0.0014009654987603426,0.0010801873868331313
mlp_1x100_relu,5,90,358,0.0014001245144754648,0.0010849222308024764
mlp_1x100_relu,5,90,359,0.001399868167936802,0.0010833481792360544
mlp_1x100_relu,5,90,360,0.0013995482586324215,0.0010757965501397848
mlp_1x100_relu,5,90,361,0.001401734771206975,0.0010699924314394593
mlp_1x100_relu,5,90,362,0.0014012432657182217,0.0010814820416271687
mlp_1x100_relu,5,90,363,0.0013994773617014289,0.0010893045691773295
mlp_1x100_relu,5,90,364,0.0014018462970852852,0.0010801900643855333
mlp_1x100_relu,5,90,365,0.0014014141634106636,0.0010799727169796824
mlp_1x100_relu,5,90,366,0.001401533605530858,0.0010799204465001822
mlp_1x100_relu,5,90,367,0.001407222356647253,0.0010687768226489425
mlp_1x100_relu,5,90,368,0.0014008566504344344,0.0010789674706757069
mlp_1x100_relu,5,90,369,0.0014037903165444732,0.0010775418486446142
mlp_1x100_relu,5,90,370,0.0014013273175805807,0.0010843054624274373
mlp_1x100_relu,5,90,371,0.0013997141504660249,0.001084649469703436
mlp_1x100_relu,5,90,372,0.0014007823774591088,0.0010856806766241789
mlp_1x100_relu,5,90,373,0.0013996065827086568,0.001084378338418901
mlp_1x100_relu,5,90,374,0.0013988395221531391,0.0010832588886842132
mlp_1x100_relu,5,90,375,0.0014062016271054745,0.0010735640535131097
mlp_1x100_relu,5,90,376,0.0014030406018719077,0.0010851819533854723
mlp_1x100_relu,5,90,377,0.0014092606725171208,0.001073417253792286
mlp_1x100_relu,5,90,378,0.0014026116114109755,0.0010868610115721822
mlp_1x100_relu,5,90,379,0.0014004041440784931,0.0010816295398399234
mlp_1x100_relu,5,90,380,0.0014003588585183024,0.00108055560849607
mlp_1x100_relu,5,90,381,0.0013999959919601679,0.001078446744941175
mlp_1x100_relu,5,90,382,0.001399346743710339,0.0010728375054895878
mlp_1x100_relu,5,90,383,0.0014033671468496323,0.0010836044093593955
mlp_1x100_relu,5,90,384,0.0014033970655873418,0.0010723293526098132
mlp_1x100_relu,5,90,385,0.001402114750817418,0.0010854166466742754
mlp_1x100_relu,5,90,386,0.0014023934490978718,0.0010745181934908032
mlp_1x100_relu,5,90,387,0.001398321706801653,0.001092830440029502
mlp_1x100_relu,5,90,388,0.0014030929887667298,0.0010812173131853342
mlp_1x100_relu,5,90,389,0.001400150591507554,0.0010754510294646025
mlp_1x100_relu,5,90,390,0.001399381784722209,0.001085848081856966
mlp_1x100_relu,5,90,391,0.001404474605806172,0.0010860984912142158
mlp_1x100_relu,5,90,392,0.0013976721093058586,0.0010834041750058532
mlp_1x100_relu,5,90,393,0.0013999644434079528,0.0010726467007771134
mlp_1x100_relu,5,90,394,0.0014007590943947434,0.0010717250406742096
mlp_1x100_relu,5,90,395,0.00140577822457999,0.0010759520810097456
mlp_1x100_relu,5,90,396,0.0014003301039338112,0.0010728739434853196
mlp_1x100_relu,5,90,397,0.0014025985728949308,0.001075153355486691
mlp_1x100_relu,5,90,398,0.0014001805102452636,0.0010824404889717698
mlp_1x100_relu,5,90,399,0.0014008873840793967,0.00107960298191756
mlp_1x100_relu,5,90,400,0.0014018566580489278,0.0010731421643868089
mlp_1x100_relu,5,90,401,0.0014004969270899892,0.0010790989035740495
mlp_1x100_relu,5,90,402,0.0014043222181499004,0.001079510897397995
mlp_1x100_relu,5,90,403,0.0013989994768053293,0.001083249575458467
mlp_1x100_relu,5,90,404,0.0014043477131053805,0.001076525659300387
mlp_1x100_relu,5,90,405,0.0014014950720593333,0.0010845561046153307
mlp_1x100_relu,5,90,406,0.0014002848183736205,0.001077525899745524
mlp_1x100_relu,5,90,407,0.001398115768097341,0.001076255924999714
mlp_1x100_relu,5,90,408,0.0014058152446523309,0.0010786091443151236
mlp_1x100_relu,5,90,409,0.00140502885915339,0.001083196490071714
mlp_1x100_relu,5,90,410,0.0013987928396090865,0.001078898087143898
mlp_1x100_relu,5,90,411,0.001403848989866674,0.001080449903383851
mlp_1x100_relu,5,90,412,0.0013997452333569527,0.0010802418692037463
mlp_1x100_relu,5,90,413,0.0014022506074979901,0.001079980400390923
mlp_1x100_relu,5,90,414,0.0013981219381093979,0.0010870107216760516
mlp_1x100_relu,5,90,415,0.001403522095642984,0.0010742803569883108
mlp_1x100_relu,5,90,416,0.0014033919433131814,0.0010669128969311714
mlp_1x100_relu,5,90,417,0.0014000395312905312,0.0010797256836667657
mlp_1x100_relu,5,90,418,0.0014030843740329146,0.0010782061144709587
mlp_1x100_relu,5,90,419,0.0014037353685125709,0.0010776640847325325
mlp_1x100_relu,5,90,420,0.0014020918169990182,0.0010809047380462289
mlp_1x100_relu,5,90,421,0.0013986427802592516,0.00108023127540946
mlp_1x100_relu,5,90,422,0.0014008790021762252,0.0010761079611256719
mlp_1x100_relu,5,90,423,0.00140031473711133,0.0010743256425485015
mlp_1x100_relu,5,90,424,0.0013995467452332377,0.0010862444760277867
mlp_1x100_relu,5,90,425,0.0013995355693623424,0.0010845143115147948
mlp_1x100_relu,5,90,426,0.0014040309470146894,0.0010804105550050735
mlp_1x100_relu,5,90,427,0.0014014291809871793,0.001071727485395968
mlp_1x100_relu,5,90,428,0.0014038382796570659,0.001081405789591372
mlp_1x100_relu,5,90,429,0.0013979044742882252,0.001090443111024797
mlp_1x100_relu,5,90,430,0.001399944070726633,0.001081536989659071
mlp_1x100_relu,5,90,431,0.0014009881997480989,0.001073557767085731
mlp_1x100_relu,5,90,432,0.0014020433882251382,0.0010736898984760046
mlp_1x100_relu,5,90,433,0.001403459464199841,0.0010871078120544553
mlp_1x100_relu,5,90,434,0.0014014486223459244,0.0010720317950472236
mlp_1x100_relu,5,90,435,0.0014011727180331945,0.0010804908815771341
mlp_1x100_relu,5,90,436,0.0013984284596517682,0.0010861004702746868
mlp_1x100_relu,5,90,437,0.0013999550137668848,0.0010807357029989362
mlp_1x100_relu,5,90,438,0.0014014170737937093,0.0010795999551191926
mlp_1x100_relu,5,90,439,0.001401496003381908,0.0010727172484621406
mlp_1x100_relu,5,90,440,0.001405256218276918,0.001074043451808393
mlp_1x100_relu,5,90,441,0.0014005705015733838,0.0010828678496181965
mlp_1x100_relu,5,90,442,0.001403766917064786,0.001073524821549654
mlp_1x100_relu,5,90,443,0.0014018046204000711,0.0010854044230654836
mlp_1x100_relu,5,90,444,0.0014038757653906941,0.001081965514458716
mlp_1x100_relu,5,90,445,0.0014041231479495764,0.001079790759831667
mlp_1x100_relu,5,90,446,0.0014045365387573838,0.00107405090238899
mlp_1x100_relu,5,90,447,0.00140314397867769,0.0010820262832567096
mlp_1x100_relu,5,90,448,0.0014036630745977163,0.0010678947437554598
mlp_1x100_relu,5,90,449,0.001408005366101861,0.001068730023689568
mlp_1x100_relu,5,90,450,0.001400577719323337,0.0010792497778311372
mlp_1x100_relu,5,90,451,0.0013975577894598246,0.001078649191185832
mlp_1x100_relu,5,90,452,0.00140285212546587,0.0010810010135173798
mlp_1x100_relu,5,90,453,0.001398919615894556,0.0010805714409798384
mlp_1x100_relu,5,90,454,0.0014034664491191506,0.0010851757833734155
mlp_1x100_relu,5,90,455,0.0013986093690618873,0.0010889265686273575
mlp_1x100_relu,5,90,456,0.0014022799441590905,0.0010797479189932346
mlp_1x100_relu,5,90,457,0.0014012418687343597,0.0010796099668368697
mlp_1x100_relu,5,90,458,0.0013993121683597565,0.0010812401305884123
mlp_1x100_relu,5,90,459,0.0014020297676324844,0.0010744318133220077
mlp_1x100_relu,5,90,460,0.001400612760335207,0.001082114176824689
mlp_1x100_relu,5,90,461,0.001400680048391223,0.001081431400962174
mlp_1x100_relu,5,90,462,0.0013994501205161214,0.0010831654071807861
mlp_1x100_relu,5,90,463,0.0014027344295755029,0.0010825067292898893
mlp_1x100_relu,5,90,464,0.0014020988019183278,0.001083065290004015
mlp_1x100_relu,5,90,465,0.0014046381693333387,0.0010771893430501223
mlp_1x100_relu,5,90,466,0.0014030783204361796,0.0010740604484453797
mlp_1x100_relu,5,90,467,0.001405252143740654,0.0010728357592597604
mlp_1x100_relu,5,90,468,0.0014011274324730039,0.0010834746062755585
mlp_1x100_relu,5,90,469,0.0014041947433725,0.001079294364899397
mlp_1x100_relu,5,90,470,0.0013989590806886554,0.0010815507266670465
mlp_1x100_relu,5,90,471,0.0014033532934263349,0.0010793362744152546
mlp_1x100_relu,5,90,472,0.0014035156928002834,0.0010746270418167114
mlp_1x100_relu,5,90,473,0.001403210568241775,0.0010789871448650956
mlp_1x100_relu,5,90,474,0.0013997259084135294,0.0010796115966513753
mlp_1x100_relu,5,90,475,0.0013998785289004445,0.0010877144522964954
mlp_1x100_relu,5,90,476,0.0013994312612339854,0.0010817722650244832
mlp_1x100_relu,5,90,477,0.0014030527090653777,0.001080509857274592
mlp_1x100_relu,5,90,478,0.0014012438477948308,0.0010780412703752518
mlp_1x100_relu,5,90,479,0.0014043654082342982,0.0010779143776744604
mlp_1x100_relu,5,90,480,0.0014045217540115118,0.0010823685443028808
mlp_1x100_relu,5,90,481,0.0014003702672198415,0.0010741219157353044
mlp_1x100_relu,5,90,482,0.0014014526968821883,0.0010841767070814967
mlp_1x100_relu,5,90,483,0.001399200758896768,0.0010839777532964945
mlp_1x100_relu,5,90,484,0.0014016097411513329,0.0010839850874617696
mlp_1x100_relu,5,90,485,0.0014020822709426284,0.0010792252141982317
mlp_1x100_relu,5,90,486,0.0014001118252053857,0.0010778052965179086
mlp_1x100_relu,5,90,487,0.0013984593097120523,0.0010719140991568565
mlp_1x100_relu,5,90,488,0.0014033960178494453,0.0010722361039370298
mlp_1x100_relu,5,90,489,0.0013996964553371072,0.0010801750468090177
mlp_1x100_relu,5,90,490,0.0013990370789542794,0.0010748559143394232
mlp_1x100_relu,5,90,491,0.0013981836382299662,0.0010823799530044198
mlp_1x100_relu,5,90,492,0.001398183056153357,0.001076350687071681
mlp_1x100_relu,5,90,493,0.0013991330051794648,0.0010790316155180335
mlp_1x100_relu,5,90,494,0.00139734020922333,0.0010867161909118295
mlp_1x100_relu,5,90,495,0.0014006271958351135,0.001079881563782692
mlp_1x100_relu,5,90,496,0.0013987277634441853,0.0010854239808395505
mlp_1x100_relu,5,90,497,0.0013989727012813091,0.0010786396451294422
mlp_1x100_relu,5,90,498,0.00140046002343297,0.0010884776711463928
mlp_1x100_relu,5,90,499,0.0013997054193168879,0.0010850593680515885
mlp_1x100_relu,5,90,500,0.0013985582627356052,0.0010878805769607425
mlp_1x100_relu,10,1,1,0.39049646258354187,0.17690600454807281
mlp_1x100_relu,10,1,2,0.16585130989551544,0.09636728465557098
mlp_1x100_relu,10,1,3,0.09254777431488037,0.05558856949210167
mlp_1x100_relu,10,1,4,0.052183229476213455,0.03122197836637497
mlp_1x100_relu,10,1,5,0.02897542156279087,0.017672419548034668
mlp_1x100_relu,10,1,6,0.017607515677809715,0.011808423325419426
mlp_1x100_relu,10,1,7,0.01364720519632101,0.01004826184362173
mlp_1x100_relu,10,1,8,0.012707305140793324,0.009634209796786308
mlp_1x100_relu,10,1,9,0.012522957287728786,0.00960930623114109
mlp_1x100_relu,10,1,10,0.012455952353775501,0.009627232328057289
mlp_1x100_relu,10,1,11,0.012479221448302269,0.009618697687983513
mlp_1x100_relu,10,1,12,0.012387857772409916,0.009502608329057693
mlp_1x100_relu,10,1,13,0.012407478876411915,0.009543203748762608
mlp_1x100_relu,10,1,14,0.012322532944381237,0.009569425135850906
mlp_1x100_relu,10,1,15,0.012280105613172054,0.009605920873582363
mlp_1x100_relu,10,1,16,0.012239213101565838,0.009566829539835453
mlp_1x100_relu,10,1,17,0.01219901442527771,0.009613736532628536
mlp_1x100_relu,10,1,18,0.012204744853079319,0.009696371853351593
mlp_1x100_relu,10,1,19,0.012183127924799919,0.009713678620755672
mlp_1x100_relu,10,1,20,0.012159348465502262,0.009857194498181343
mlp_1x100_relu,10,1,21,0.01212206482887268,0.009978048503398895
mlp_1x100_relu,10,1,22,0.01210049632936716,0.010104636661708355
mlp_1x100_relu,10,1,23,0.01205570250749588,0.010163628496229649
mlp_1x100_relu,10,1,24,0.011964474804699421,0.010088819079101086
mlp_1x100_relu,10,1,25,0.011883530765771866,0.009969597682356834
mlp_1x100_relu,10,1,26,0.01177473645657301,0.010021246038377285
mlp_1x100_relu,10,1,27,0.011684427037835121,0.00999332033097744
mlp_1x100_relu,10,1,28,0.011593883857131004,0.01007956825196743
mlp_1x100_relu,10,1,29,0.011517745442688465,0.010202511213719845
mlp_1x100_relu,10,1,30,0.011449426412582397,0.010386730544269085
mlp_1x100_relu,10,1,31,0.011407852172851562,0.010578148998320103
mlp_1x100_relu,10,1,32,0.011390604078769684,0.01076633483171463
mlp_1x100_relu,10,1,33,0.011412985622882843,0.010779624804854393
mlp_1x100_relu,10,1,34,0.011487827636301517,0.010565666481852531
mlp_1x100_relu,10,1,35,0.011494421400129795,0.010749995708465576
mlp_1x100_relu,10,1,36,0.011530917137861252,0.010614794678986073
mlp_1x100_relu,10,1,37,0.011280940845608711,0.010274544358253479
mlp_1x100_relu,10,1,38,0.011057225987315178,0.010218711569905281
mlp_1x100_relu,10,1,39,0.010996798984706402,0.010312236845493317
mlp_1x100_relu,10,1,40,0.011033885180950165,0.010434567928314209
mlp_1x100_relu,10,1,41,0.01103033684194088,0.010442644357681274
mlp_1x100_relu,10,1,42,0.011120373383164406,0.01070498302578926
mlp_1x100_relu,10,1,43,0.01111463364213705,0.010482458397746086
mlp_1x100_relu,10,1,44,0.011051862500607967,0.010491028428077698
mlp_1x100_relu,10,1,45,0.011068185791373253,0.010595954954624176
mlp_1x100_relu,10,1,46,0.01132524386048317,0.011042876169085503
mlp_1x100_relu,10,1,47,0.01129796914756298,0.010135797783732414
mlp_1x100_relu,10,1,48,0.01104170735925436,0.010538182221353054
mlp_1x100_relu,10,1,49,0.010963508859276772,0.010213615372776985
mlp_1x100_relu,10,1,50,0.010931258089840412,0.010382207110524178
mlp_1x100_relu,10,1,51,0.011016604490578175,0.010432613082230091
mlp_1x100_relu,10,1,52,0.01105920597910881,0.01028607226908207
mlp_1x100_relu,10,1,53,0.01086417306214571,0.010175705887377262
mlp_1x100_relu,10,1,54,0.010799569077789783,0.010397540405392647
mlp_1x100_relu,10,1,55,0.010771497152745724,0.010230259038507938
mlp_1x100_relu,10,1,56,0.0107960756868124,0.010209829546511173
mlp_1x100_relu,10,1,57,0.010839818976819515,0.010249076411128044
mlp_1x100_relu,10,1,58,0.010819027200341225,0.010327057912945747
mlp_1x100_relu,10,1,59,0.010815607383847237,0.010269460268318653
mlp_1x100_relu,10,1,60,0.010865972377359867,0.010386846959590912
mlp_1x100_relu,10,1,61,0.010870145633816719,0.010226755402982235
mlp_1x100_relu,10,1,62,0.010807727463543415,0.01037905365228653
mlp_1x100_relu,10,1,63,0.01076118927448988,0.010535790584981441
mlp_1x100_relu,10,1,64,0.010832392610609531,0.010112758725881577
mlp_1x100_relu,10,1,65,0.010845587588846684,0.010224098339676857
mlp_1x100_relu,10,1,66,0.010743155144155025,0.010173359885811806
mlp_1x100_relu,10,1,67,0.01080512348562479,0.010201224125921726
mlp_1x100_relu,10,1,68,0.010934825986623764,0.010455072857439518
mlp_1x100_relu,10,1,69,0.01081213541328907,0.010227869264781475
mlp_1x100_relu,10,1,70,0.010803763754665852,0.010198629461228848
mlp_1x100_relu,10,1,71,0.01087928470224142,0.010115220211446285
mlp_1x100_relu,10,1,72,0.010774383321404457,0.01008200366050005
mlp_1x100_relu,10,1,73,0.010789227671921253,0.010209229774773121
mlp_1x100_relu,10,1,74,0.010742436163127422,0.009955985471606255
mlp_1x100_relu,10,1,75,0.010806718841195107,0.010263253934681416
mlp_1x100_relu,10,1,76,0.01087585836648941,0.009916148148477077
mlp_1x100_relu,10,1,77,0.010649451054632664,0.010158888064324856
mlp_1x100_relu,10,1,78,0.010777505114674568,0.010067549534142017
mlp_1x100_relu,10,1,79,0.010881586000323296,0.009936749003827572
mlp_1x100_relu,10,1,80,0.01077969092875719,0.010102715343236923
mlp_1x100_relu,10,1,81,0.010683593340218067,0.009948687627911568
mlp_1x100_relu,10,1,82,0.010643799789249897,0.009944024495780468
mlp_1x100_relu,10,1,83,0.010663357563316822,0.010046183131635189
mlp_1x100_relu,10,1,84,0.010781328193843365,0.01004741620272398
mlp_1x100_relu,10,1,85,0.010851746425032616,0.010005167685449123
mlp_1x100_relu,10,1,86,0.010859198868274689,0.009935990907251835
mlp_1x100_relu,10,1,87,0.010614186525344849,0.009952805005013943
mlp_1x100_relu,10,1,88,0.010670367628335953,0.009984370321035385
mlp_1x100_relu,10,1,89,0.010732020251452923,0.010056911036372185
mlp_1x100_relu,10,1,90,0.01081760972738266,0.009931252337992191
mlp_1x100_relu,10,1,91,0.010730869136750698,0.009903669357299805
mlp_1x100_relu,10,1,92,0.010655592195689678,0.010091577656567097
mlp_1x100_relu,10,1,93,0.01068721991032362,0.010031024925410748
mlp_1x100_relu,10,1,94,0.010669855400919914,0.01005058828741312
mlp_1x100_relu,10,1,95,0.010719318874180317,0.00988144800066948
mlp_1x100_relu,10,1,96,0.010732339695096016,0.009895732626318932
mlp_1x100_relu,10,1,97,0.010710792616009712,0.009877484291791916
mlp_1x100_relu,10,1,98,0.010657219216227531,0.00979379378259182
mlp_1x100_relu,10,1,99,0.010710561648011208,0.009819401428103447
mlp_1x100_relu,10,1,100,0.010729627683758736,0.009812946431338787
mlp_1x100_relu,10,1,101,0.010617838241159916,0.009883956983685493
mlp_1x100_relu,10,1,102,0.010732118971645832,0.009908415377140045
mlp_1x100_relu,10,1,103,0.010781931690871716,0.010007570497691631
mlp_1x100_relu,10,1,104,0.010681260377168655,0.00999489426612854
mlp_1x100_relu,10,1,105,0.010710546746850014,0.009914976544678211
mlp_1x100_relu,10,1,106,0.010612699203193188,0.00992642156779766
mlp_1x100_relu,10,1,107,0.010617242194712162,0.009822109714150429
mlp_1x100_relu,10,1,108,0.010635869577527046,0.009958464652299881
mlp_1x100_relu,10,1,109,0.010721326805651188,0.009946544654667377
mlp_1x100_relu,10,1,110,0.010612305253744125,0.009920703247189522
mlp_1x100_relu,10,1,111,0.01069217175245285,0.00998513214290142
mlp_1x100_relu,10,1,112,0.010774502530694008,0.009887175634503365
mlp_1x100_relu,10,1,113,0.010674274526536465,0.009882249869406223
mlp_1x100_relu,10,1,114,0.010601652786135674,0.009902024641633034
mlp_1x100_relu,10,1,115,0.010687530040740967,0.009918665513396263
mlp_1x100_relu,10,1,116,0.010947671718895435,0.009977837093174458
mlp_1x100_relu,10,1,117,0.01087991427630186,0.00977694895118475
mlp_1x100_relu,10,1,118,0.01074257306754589,0.009760487824678421
mlp_1x100_relu,10,1,119,0.010639815591275692,0.009827252477407455
mlp_1x100_relu,10,1,120,0.010576324537396431,0.009758375585079193
mlp_1x100_relu,10,1,121,0.010505041107535362,0.009869194589555264
mlp_1x100_relu,10,1,122,0.01061086356639862,0.009777176193892956
mlp_1x100_relu,10,1,123,0.0106369499117136,0.009925180114805698
mlp_1x100_relu,10,1,124,0.010548311285674572,0.009816549718379974
mlp_1x100_relu,10,1,125,0.01058378629386425,0.009816243313252926
mlp_1x100_relu,10,1,126,0.01063559390604496,0.009870946407318115
mlp_1x100_relu,10,1,127,0.010508053004741669,0.009905404411256313
mlp_1x100_relu,10,1,128,0.010588406585156918,0.009786452166736126
mlp_1x100_relu,10,1,129,0.010539770126342773,0.009756230749189854
mlp_1x100_relu,10,1,130,0.010526864789426327,0.009835800155997276
mlp_1x100_relu,10,1,131,0.010562754236161709,0.009756835177540779
mlp_1x100_relu,10,1,132,0.010571465827524662,0.009817269630730152
mlp_1x100_relu,10,1,133,0.010592078790068626,0.009802570566534996
mlp_1x100_relu,10,1,134,0.010534673929214478,0.009766317903995514
mlp_1x100_relu,10,1,135,0.010529217310249805,0.009893185459077358
mlp_1x100_relu,10,1,136,0.01051074918359518,0.009870769456028938
mlp_1x100_relu,10,1,137,0.010537589900195599,0.009880485013127327
mlp_1x100_relu,10,1,138,0.01050206646323204,0.009852380491793156
mlp_1x100_relu,10,1,139,0.010507185012102127,0.009909220039844513
mlp_1x100_relu,10,1,140,0.010545310564339161,0.009868633933365345
mlp_1x100_relu,10,1,141,0.010553219355642796,0.009709090925753117
mlp_1x100_relu,10,1,142,0.010599253699183464,0.009972318075597286
mlp_1x100_relu,10,1,143,0.010732579976320267,0.009894348680973053
mlp_1x100_relu,10,1,144,0.010753174312412739,0.009989358484745026
mlp_1x100_relu,10,1,145,0.010737383738160133,0.009817694313824177
mlp_1x100_relu,10,1,146,0.010698101483285427,0.009901324287056923
mlp_1x100_relu,10,1,147,0.010632272809743881,0.009754333645105362
mlp_1x100_relu,10,1,148,0.010643628425896168,0.009852259419858456
mlp_1x100_relu,10,1,149,0.010634273290634155,0.009807107038795948
mlp_1x100_relu,10,1,150,0.010588908568024635,0.009762668050825596
mlp_1x100_relu,10,1,151,0.010558960027992725,0.009952666237950325
mlp_1x100_relu,10,1,152,0.010539215058088303,0.009890897199511528
mlp_1x100_relu,10,1,153,0.010612614452838898,0.009844332002103329
mlp_1x100_relu,10,1,154,0.010616888292133808,0.009774786420166492
mlp_1x100_relu,10,1,155,0.010491781868040562,0.009830363094806671
mlp_1x100_relu,10,1,156,0.010569464415311813,0.00992349162697792
mlp_1x100_relu,10,1,157,0.010534366592764854,0.009878341108560562
mlp_1x100_relu,10,1,158,0.01063435897231102,0.009949585422873497
mlp_1x100_relu,10,1,159,0.010635570622980595,0.009772446937859058
mlp_1x100_relu,10,1,160,0.010574676096439362,0.009886511601507664
mlp_1x100_relu,10,1,161,0.01052364893257618,0.009854324162006378
mlp_1x100_relu,10,1,162,0.010451951995491982,0.009807066060602665
mlp_1x100_relu,10,1,163,0.010420912876725197,0.00998417567461729
mlp_1x100_relu,10,1,164,0.010601649060845375,0.009822863154113293
mlp_1x100_relu,10,1,165,0.01061856746673584,0.009779442101716995
mlp_1x100_relu,10,1,166,0.010454713366925716,0.009870144538581371
mlp_1x100_relu,10,1,167,0.010496433824300766,0.00995045155286789
mlp_1x100_relu,10,1,168,0.010498620569705963,0.00979157630354166
mlp_1x100_relu,10,1,169,0.010540108196437359,0.009743724949657917
mlp_1x100_relu,10,1,170,0.010446134954690933,0.009844822809100151
mlp_1x100_relu,10,1,171,0.01043025590479374,0.009768744930624962
mlp_1x100_relu,10,1,172,0.010338581167161465,0.009831665083765984
mlp_1x100_relu,10,1,173,0.01041126437485218,0.009809097275137901
mlp_1x100_relu,10,1,174,0.010394392535090446,0.009890724904835224
mlp_1x100_relu,10,1,175,0.010383529588580132,0.009821874089539051
mlp_1x100_relu,10,1,176,0.010430091992020607,0.009833105839788914
mlp_1x100_relu,10,1,177,0.010447563603520393,0.009796423837542534
mlp_1x100_relu,10,1,178,0.010440614074468613,0.009853736497461796
mlp_1x100_relu,10,1,179,0.010437850840389729,0.009904913604259491
mlp_1x100_relu,10,1,180,0.010476456955075264,0.009812379255890846
mlp_1x100_relu,10,1,181,0.01040766853839159,0.00986845325678587
mlp_1x100_relu,10,1,182,0.010384438559412956,0.009873137809336185
mlp_1x100_relu,10,1,183,0.01044211070984602,0.009865879081189632
mlp_1x100_relu,10,1,184,0.01039791014045477,0.009857961907982826
mlp_1x100_relu,10,1,185,0.010433119721710682,0.009864022955298424
mlp_1x100_relu,10,1,186,0.010432105511426926,0.009905210696160793
mlp_1x100_relu,10,1,187,0.010457824915647507,0.00984652154147625
mlp_1x100_relu,10,1,188,0.010426389053463936,0.009834840893745422
mlp_1x100_relu,10,1,189,0.01036938838660717,0.009847573935985565
mlp_1x100_relu,10,1,190,0.01040275115519762,0.009987404569983482
mlp_1x100_relu,10,1,191,0.010394600220024586,0.009883204475045204
mlp_1x100_relu,10,1,192,0.010365716181695461,0.009923645295202732
mlp_1x100_relu,10,1,193,0.01039685308933258,0.00984127912670374
mlp_1x100_relu,10,1,194,0.01042818371206522,0.009842675179243088
mlp_1x100_relu,10,1,195,0.010428313165903091,0.00996481254696846
mlp_1x100_relu,10,1,196,0.010449470952153206,0.009841491468250751
mlp_1x100_relu,10,1,197,0.01037057489156723,0.009839838370680809
mlp_1x100_relu,10,1,198,0.010396081954240799,0.009854496456682682
mlp_1x100_relu,10,1,199,0.010394766926765442,0.009898751974105835
mlp_1x100_relu,10,1,200,0.010396324098110199,0.009856202639639378
mlp_1x100_relu,10,1,201,0.010384784080088139,0.00989524181932211
mlp_1x100_relu,10,1,202,0.01040542684495449,0.009846968576312065
mlp_1x100_relu,10,1,203,0.01035579014569521,0.009904507547616959
mlp_1x100_relu,10,1,204,0.010409892536699772,0.009980052709579468
mlp_1x100_relu,10,1,205,0.010473591275513172,0.009813772514462471
mlp_1x100_relu,10,1,206,0.010550159960985184,0.00978484284132719
mlp_1x100_relu,10,1,207,0.010373745113611221,0.009874564595520496
mlp_1x100_relu,10,1,208,0.010397663339972496,0.009879237040877342
mlp_1x100_relu,10,1,209,0.010470740497112274,0.009911086410284042
mlp_1x100_relu,10,1,210,0.0105068264529109,0.009878495708107948
mlp_1x100_relu,10,1,211,0.01040336862206459,0.009890161454677582
mlp_1x100_relu,10,1,212,0.0104304738342762,0.009884634986519814
mlp_1x100_relu,10,1,213,0.010392754338681698,0.009938925504684448
mlp_1x100_relu,10,1,214,0.010300451889634132,0.00989468302577734
mlp_1x100_relu,10,1,215,0.010361388325691223,0.009933765977621078
mlp_1x100_relu,10,1,216,0.010392645373940468,0.009947548620402813
mlp_1x100_relu,10,1,217,0.010304475203156471,0.009896752424538136
mlp_1x100_relu,10,1,218,0.01035044901072979,0.009789644740521908
mlp_1x100_relu,10,1,219,0.010394731536507607,0.009944254532456398
mlp_1x100_relu,10,1,220,0.010290569625794888,0.010007839649915695
mlp_1x100_relu,10,1,221,0.01038313191384077,0.009890742599964142
mlp_1x100_relu,10,1,222,0.010395499877631664,0.009883011691272259
mlp_1x100_relu,10,1,223,0.010318535380065441,0.009947138838469982
mlp_1x100_relu,10,1,224,0.010306350886821747,0.009880203753709793
mlp_1x100_relu,10,1,225,0.010375670157372952,0.009860222227871418
mlp_1x100_relu,10,1,226,0.010377103462815285,0.009875291958451271
mlp_1x100_relu,10,1,227,0.01037631370127201,0.009903364814817905
mlp_1x100_relu,10,1,228,0.01031596027314663,0.010005720891058445
mlp_1x100_relu,10,1,229,0.010447073727846146,0.009857844561338425
mlp_1x100_relu,10,1,230,0.010347317904233932,0.00986327975988388
mlp_1x100_relu,10,1,231,0.010324644856154919,0.009873997420072556
mlp_1x100_relu,10,1,232,0.01036583911627531,0.009843848645687103
mlp_1x100_relu,10,1,233,0.0103787025436759,0.009863280691206455
mlp_1x100_relu,10,1,234,0.01032851543277502,0.00991393905133009
mlp_1x100_relu,10,1,235,0.010275747627019882,0.00990209262818098
mlp_1x100_relu,10,1,236,0.010336401872336864,0.009993979707360268
mlp_1x100_relu,10,1,237,0.010402501560747623,0.009841796942055225
mlp_1x100_relu,10,1,238,0.01036975160241127,0.00998113676905632
mlp_1x100_relu,10,1,239,0.010332806035876274,0.009901853278279305
mlp_1x100_relu,10,1,240,0.01035022921860218,0.009925114922225475
mlp_1x100_relu,10,1,241,0.010357963852584362,0.0100095234811306
mlp_1x100_relu,10,1,242,0.010331079363822937,0.009941807016730309
mlp_1x100_relu,10,1,243,0.010423349216580391,0.009954151697456837
mlp_1x100_relu,10,1,244,0.010425679385662079,0.009885893203318119
mlp_1x100_relu,10,1,245,0.010441841557621956,0.00988868996500969
mlp_1x100_relu,10,1,246,0.01035988423973322,0.00986509770154953
mlp_1x100_relu,10,1,247,0.01033671386539936,0.00985889881849289
mlp_1x100_relu,10,1,248,0.010336299426853657,0.009977768175303936
mlp_1x100_relu,10,1,249,0.01030024979263544,0.00989724975079298
mlp_1x100_relu,10,1,250,0.010284235700964928,0.009908965788781643
mlp_1x100_relu,10,1,251,0.010288030840456486,0.009920872747898102
mlp_1x100_relu,10,1,252,0.010324371978640556,0.00996727030724287
mlp_1x100_relu,10,1,253,0.010397253558039665,0.009933523833751678
mlp_1x100_relu,10,1,254,0.01036055013537407,0.009840386919677258
mlp_1x100_relu,10,1,255,0.010297436267137527,0.009896738454699516
mlp_1x100_relu,10,1,256,0.010303620249032974,0.00991795863956213
mlp_1x100_relu,10,1,257,0.01029247511178255,0.009937882423400879
mlp_1x100_relu,10,1,258,0.010294299572706223,0.009913887828588486
mlp_1x100_relu,10,1,259,0.010314480401575565,0.009925094433128834
mlp_1x100_relu,10,1,260,0.010319163091480732,0.009953808970749378
mlp_1x100_relu,10,1,261,0.010333996266126633,0.009990224614739418
mlp_1x100_relu,10,1,262,0.010340134613215923,0.009884520433843136
mlp_1x100_relu,10,1,263,0.010386384092271328,0.009915201924741268
mlp_1x100_relu,10,1,264,0.010364974848926067,0.009978825226426125
mlp_1x100_relu,10,1,265,0.010344108566641808,0.009944412857294083
mlp_1x100_relu,10,1,266,0.010365908965468407,0.009913923218846321
mlp_1x100_relu,10,1,267,0.01040835864841938,0.00987622793763876
mlp_1x100_relu,10,1,268,0.010246937163174152,0.00990260485559702
mlp_1x100_relu,10,1,269,0.010206182487308979,0.009915442205965519
mlp_1x100_relu,10,1,270,0.010258094407618046,0.009990306571125984
mlp_1x100_relu,10,1,271,0.01030438207089901,0.00988785084336996
mlp_1x100_relu,10,1,272,0.010252140462398529,0.00997157022356987
mlp_1x100_relu,10,1,273,0.010287793353199959,0.009950095787644386
mlp_1x100_relu,10,1,274,0.01027002278715372,0.009975492022931576
mlp_1x100_relu,10,1,275,0.010321183130145073,0.009880383498966694
mlp_1x100_relu,10,1,276,0.010377864353358746,0.009877510368824005
mlp_1x100_relu,10,1,277,0.010395652614533901,0.009913364425301552
mlp_1x100_relu,10,1,278,0.010282927192747593,0.009877515025436878
mlp_1x100_relu,10,1,279,0.010237417183816433,0.009895196184515953
mlp_1x100_relu,10,1,280,0.010198495350778103,0.009960820898413658
mlp_1x100_relu,10,1,281,0.010286246426403522,0.009895728901028633
mlp_1x100_relu,10,1,282,0.010318734683096409,0.009952334687113762
mlp_1x100_relu,10,1,283,0.010185741819441319,0.009911010041832924
mlp_1x100_relu,10,1,284,0.01030103862285614,0.009984810836613178
mlp_1x100_relu,10,1,285,0.010306661017239094,0.009895633906126022
mlp_1x100_relu,10,1,286,0.010268401354551315,0.010046026669442654
mlp_1x100_relu,10,1,287,0.010258009657263756,0.009918770752847195
mlp_1x100_relu,10,1,288,0.01031328272074461,0.01004050299525261
mlp_1x100_relu,10,1,289,0.010343256406486034,0.009895424358546734
mlp_1x100_relu,10,1,290,0.010315550491213799,0.010035152547061443
mlp_1x100_relu,10,1,291,0.010200629942119122,0.009999047964811325
mlp_1x100_relu,10,1,292,0.010294578969478607,0.009925334714353085
mlp_1x100_relu,10,1,293,0.010273748077452183,0.009899751283228397
mlp_1x100_relu,10,1,294,0.010283690877258778,0.009900511242449284
mlp_1x100_relu,10,1,295,0.010236633010208607,0.009944792836904526
mlp_1x100_relu,10,1,296,0.01029899250715971,0.009976782836019993
mlp_1x100_relu,10,1,297,0.010303779505193233,0.009900294244289398
mlp_1x100_relu,10,1,298,0.010302458889782429,0.00987826008349657
mlp_1x100_relu,10,1,299,0.010250230319797993,0.00988389365375042
mlp_1x100_relu,10,1,300,0.010255556553602219,0.009960755705833435
mlp_1x100_relu,10,1,301,0.010239040479063988,0.009945192374289036
mlp_1x100_relu,10,1,302,0.010225369594991207,0.009971804916858673
mlp_1x100_relu,10,1,303,0.010225977748632431,0.009850084781646729
mlp_1x100_relu,10,1,304,0.010249236598610878,0.009962929412722588
mlp_1x100_relu,10,1,305,0.010300448164343834,0.010048151016235352
mlp_1x100_relu,10,1,306,0.010365566238760948,0.009979985654354095
mlp_1x100_relu,10,1,307,0.010333838872611523,0.009865345433354378
mlp_1x100_relu,10,1,308,0.010275631211698055,0.009987722150981426
mlp_1x100_relu,10,1,309,0.010291695594787598,0.01000323984771967
mlp_1x100_relu,10,1,310,0.010294739156961441,0.010075174272060394
mlp_1x100_relu,10,1,311,0.01019496750086546,0.009932933375239372
mlp_1x100_relu,10,1,312,0.010250918567180634,0.009995698928833008
mlp_1x100_relu,10,1,313,0.010265142656862736,0.009925472550094128
mlp_1x100_relu,10,1,314,0.010298502631485462,0.01001652143895626
mlp_1x100_relu,10,1,315,0.010242416523396969,0.010020813904702663
mlp_1x100_relu,10,1,316,0.01030172873288393,0.009909256361424923
mlp_1x100_relu,10,1,317,0.010322974994778633,0.009944629855453968
mlp_1x100_relu,10,1,318,0.010275307111442089,0.009919309057295322
mlp_1x100_relu,10,1,319,0.010285992175340652,0.009959411807358265
mlp_1x100_relu,10,1,320,0.010240776464343071,0.009939228184521198
mlp_1x100_relu,10,1,321,0.010184391401708126,0.009982158429920673
mlp_1x100_relu,10,1,322,0.010229581966996193,0.00999724492430687
mlp_1x100_relu,10,1,323,0.010191019624471664,0.010022839531302452
mlp_1x100_relu,10,1,324,0.010183459147810936,0.009993590414524078
mlp_1x100_relu,10,1,325,0.01018060464411974,0.009928054176270962
mlp_1x100_relu,10,1,326,0.010206477716565132,0.010025783441960812
mlp_1x100_relu,10,1,327,0.010242687538266182,0.009918125346302986
mlp_1x100_relu,10,1,328,0.010195600800216198,0.010036963038146496
mlp_1x100_relu,10,1,329,0.010167397558689117,0.009949940256774426
mlp_1x100_relu,10,1,330,0.010200582444667816,0.009996002539992332
mlp_1x100_relu,10,1,331,0.01020446140319109,0.009990549646317959
mlp_1x100_relu,10,1,332,0.010290625505149364,0.010041112080216408
mlp_1x100_relu,10,1,333,0.010394463315606117,0.009909551590681076
mlp_1x100_relu,10,1,334,0.010485896840691566,0.01001167856156826
mlp_1x100_relu,10,1,335,0.010313400067389011,0.009967315942049026
mlp_1x100_relu,10,1,336,0.010232566855847836,0.009988822974264622
mlp_1x100_relu,10,1,337,0.010205955244600773,0.009942698292434216
mlp_1x100_relu,10,1,338,0.010201435536146164,0.010041244328022003
mlp_1x100_relu,10,1,339,0.0102499695494771,0.009953228756785393
mlp_1x100_relu,10,1,340,0.01022280566394329,0.010013691149652004
mlp_1x100_relu,10,1,341,0.010266122408211231,0.009907271713018417
mlp_1x100_relu,10,1,342,0.010214718990027905,0.009989227168262005
mlp_1x100_relu,10,1,343,0.010252323001623154,0.009936622343957424
mlp_1x100_relu,10,1,344,0.01018987875431776,0.00998618733137846
mlp_1x100_relu,10,1,345,0.010259599424898624,0.009973367676138878
mlp_1x100_relu,10,1,346,0.010278696194291115,0.010022402741014957
mlp_1x100_relu,10,1,347,0.01027208473533392,0.010048731230199337
mlp_1x100_relu,10,1,348,0.010293444618582726,0.009977048262953758
mlp_1x100_relu,10,1,349,0.010291497223079205,0.009929170832037926
mlp_1x100_relu,10,1,350,0.010238572023808956,0.009943886660039425
mlp_1x100_relu,10,1,351,0.010204127989709377,0.009898052550852299
mlp_1x100_relu,10,1,352,0.010147826746106148,0.009961404837667942
mlp_1x100_relu,10,1,353,0.010204203426837921,0.009977797977626324
mlp_1x100_relu,10,1,354,0.010153952986001968,0.010011503472924232
mlp_1x100_relu,10,1,355,0.010183889418840408,0.009929384104907513
mlp_1x100_relu,10,1,356,0.010259686969220638,0.009962751530110836
mlp_1x100_relu,10,1,357,0.010227128863334656,0.009954745881259441
mlp_1x100_relu,10,1,358,0.010220066644251347,0.009968995116651058
mlp_1x100_relu,10,1,359,0.010189115069806576,0.009962263517081738
mlp_1x100_relu,10,1,360,0.010122083127498627,0.009981168434023857
mlp_1x100_relu,10,1,361,0.010194952599704266,0.009984765201807022
mlp_1x100_relu,10,1,362,0.01021040789783001,0.009974364191293716
mlp_1x100_relu,10,1,363,0.010256916284561157,0.00996644701808691
mlp_1x100_relu,10,1,364,0.010236693546175957,0.009946364909410477
mlp_1x100_relu,10,1,365,0.010209892876446247,0.010027583688497543
mlp_1x100_relu,10,1,366,0.01022010762244463,0.00999140739440918
mlp_1x100_relu,10,1,367,0.01018264889717102,0.00997599121183157
mlp_1x100_relu,10,1,368,0.010154706425964832,0.010004681535065174
mlp_1x100_relu,10,1,369,0.010190002620220184,0.010035569779574871
mlp_1x100_relu,10,1,370,0.010246625170111656,0.009901740588247776
mlp_1x100_relu,10,1,371,0.010243643075227737,0.009962131269276142
mlp_1x100_relu,10,1,372,0.010208851657807827,0.00995339173823595
mlp_1x100_relu,10,1,373,0.010188614018261433,0.009971077553927898
mlp_1x100_relu,10,1,374,0.010223504155874252,0.00995633378624916
mlp_1x100_relu,10,1,375,0.010260878130793571,0.009914682246744633
mlp_1x100_relu,10,1,376,0.010365227237343788,0.009923799894750118
mlp_1x100_relu,10,1,377,0.010234923101961613,0.009985841810703278
mlp_1x100_relu,10,1,378,0.01022612489759922,0.009882249869406223
mlp_1x100_relu,10,1,379,0.010242711752653122,0.009978041984140873
mlp_1x100_relu,10,1,380,0.01022351998835802,0.009984898380935192
mlp_1x100_relu,10,1,381,0.010157518088817596,0.00997043214738369
mlp_1x100_relu,10,1,382,0.010179267264902592,0.010008810088038445
mlp_1x100_relu,10,1,383,0.010194744914770126,0.009926033206284046
mlp_1x100_relu,10,1,384,0.010172022506594658,0.010010403580963612
mlp_1x100_relu,10,1,385,0.010187922976911068,0.00994857493788004
mlp_1x100_relu,10,1,386,0.010183602571487427,0.010017875581979752
mlp_1x100_relu,10,1,387,0.010229567997157574,0.00987008772790432
mlp_1x100_relu,10,1,388,0.010210264474153519,0.009920747950673103
mlp_1x100_relu,10,1,389,0.010172246024012566,0.010023454204201698
mlp_1x100_relu,10,1,390,0.010256040841341019,0.009934536181390285
mlp_1x100_relu,10,1,391,0.010214394889771938,0.009918082505464554
mlp_1x100_relu,10,1,392,0.01020777877420187,0.009966758079826832
mlp_1x100_relu,10,1,393,0.010248101316392422,0.00993423257023096
mlp_1x100_relu,10,1,394,0.01024352852255106,0.009952237829566002
mlp_1x100_relu,10,1,395,0.010194307193160057,0.010007722303271294
mlp_1x100_relu,10,1,396,0.01024577021598816,0.009988018311560154
mlp_1x100_relu,10,1,397,0.01022401638329029,0.009929182939231396
mlp_1x100_relu,10,1,398,0.010227908380329609,0.009985124692320824
mlp_1x100_relu,10,1,399,0.010166686028242111,0.00992494821548462
mlp_1x100_relu,10,1,400,0.010159308090806007,0.010064992122352123
mlp_1x100_relu,10,1,401,0.010240395553410053,0.009884470142424107
mlp_1x100_relu,10,1,402,0.010230042040348053,0.009995945729315281
mlp_1x100_relu,10,1,403,0.010178640484809875,0.009958150796592236
mlp_1x100_relu,10,1,404,0.010252140462398529,0.009936303831636906
mlp_1x100_relu,10,1,405,0.010222870856523514,0.009904002770781517
mlp_1x100_relu,10,1,406,0.010260005481541157,0.01000366359949112
mlp_1x100_relu,10,1,407,0.010203155688941479,0.00985885038971901
mlp_1x100_relu,10,1,408,0.010152052156627178,0.009973734617233276
mlp_1x100_relu,10,1,409,0.010162741877138615,0.009906813502311707
mlp_1x100_relu,10,1,410,0.010181671939790249,0.009993258863687515
mlp_1x100_relu,10,1,411,0.010141761042177677,0.009965311735868454
mlp_1x100_relu,10,1,412,0.010198493488132954,0.009976060129702091
mlp_1x100_relu,10,1,413,0.0102297468110919,0.009926251135766506
mlp_1x100_relu,10,1,414,0.010273553431034088,0.009935197420418262
mlp_1x100_relu,10,1,415,0.010206826031208038,0.009982297196984291
mlp_1x100_relu,10,1,416,0.010225984267890453,0.010050138458609581
mlp_1x100_relu,10,1,417,0.010214898735284805,0.01000303402543068
mlp_1x100_relu,10,1,418,0.010137956589460373,0.0099860280752182
mlp_1x100_relu,10,1,419,0.010107766836881638,0.009945357218384743
mlp_1x100_relu,10,1,420,0.010137115605175495,0.010055859573185444
mlp_1x100_relu,10,1,421,0.010170522145926952,0.01000236440449953
mlp_1x100_relu,10,1,422,0.010152159258723259,0.01003892719745636
mlp_1x100_relu,10,1,423,0.010139165446162224,0.010010471567511559
mlp_1x100_relu,10,1,424,0.010148495435714722,0.010075065307319164
mlp_1x100_relu,10,1,425,0.010128239169716835,0.010021403431892395
mlp_1x100_relu,10,1,426,0.010189317166805267,0.010003720410168171
mlp_1x100_relu,10,1,427,0.010201097466051579,0.009965111501514912
mlp_1x100_relu,10,1,428,0.010180081240832806,0.010008655488491058
mlp_1x100_relu,10,1,429,0.010162245482206345,0.010053128004074097
mlp_1x100_relu,10,1,430,0.010182784870266914,0.009973118081688881
mlp_1x100_relu,10,1,431,0.010119453072547913,0.010057616978883743
mlp_1x100_relu,10,1,432,0.010181019082665443,0.009992565959692001
mlp_1x100_relu,10,1,433,0.010187143459916115,0.010003553703427315
mlp_1x100_relu,10,1,434,0.010140268132090569,0.010002377443015575
mlp_1x100_relu,10,1,435,0.010151512920856476,0.010014054365456104
mlp_1x100_relu,10,1,436,0.010134408250451088,0.010022972710430622
mlp_1x100_relu,10,1,437,0.010166198946535587,0.010016442276537418
mlp_1x100_relu,10,1,438,0.01022314466536045,0.00999545119702816
mlp_1x100_relu,10,1,439,0.010327974334359169,0.010022544302046299
mlp_1x100_relu,10,1,440,0.010253110900521278,0.010000229813158512
mlp_1x100_relu,10,1,441,0.0102132773026824,0.00998655054718256
mlp_1x100_relu,10,1,442,0.010182240046560764,0.010051934979856014
mlp_1x100_relu,10,1,443,0.010204299353063107,0.00999317318201065
mlp_1x100_relu,10,1,444,0.010176708921790123,0.009923441335558891
mlp_1x100_relu,10,1,445,0.010155965574085712,0.009980537928640842
mlp_1x100_relu,10,1,446,0.010141059756278992,0.010040698572993279
mlp_1x100_relu,10,1,447,0.010185313411056995,0.010002914816141129
mlp_1x100_relu,10,1,448,0.010152732022106647,0.01002358365803957
mlp_1x100_relu,10,1,449,0.010155226103961468,0.009910376742482185
mlp_1x100_relu,10,1,450,0.010092115961015224,0.010130595415830612
mlp_1x100_relu,10,1,451,0.010175181552767754,0.009933109395205975
mlp_1x100_relu,10,1,452,0.010236823931336403,0.010024597868323326
mlp_1x100_relu,10,1,453,0.010183164849877357,0.009949234314262867
mlp_1x100_relu,10,1,454,0.0101803382858634,0.00997659470885992
mlp_1x100_relu,10,1,455,0.010159991681575775,0.010028485208749771
mlp_1x100_relu,10,1,456,0.010170912370085716,0.009960913099348545
mlp_1x100_relu,10,1,457,0.010188118554651737,0.01009213738143444
mlp_1x100_relu,10,1,458,0.01022356003522873,0.009981506504118443
mlp_1x100_relu,10,1,459,0.01017646212130785,0.01005677692592144
mlp_1x100_relu,10,1,460,0.010113284923136234,0.00999513827264309
mlp_1x100_relu,10,1,461,0.01014048419892788,0.01002961304038763
mlp_1x100_relu,10,1,462,0.01015637069940567,0.010069969110190868
mlp_1x100_relu,10,1,463,0.010161561891436577,0.010001539252698421
mlp_1x100_relu,10,1,464,0.010180318728089333,0.009998265653848648
mlp_1x100_relu,10,1,465,0.010188352316617966,0.009965704753994942
mlp_1x100_relu,10,1,466,0.010140975937247276,0.010068138130009174
mlp_1x100_relu,10,1,467,0.010161038488149643,0.010018845088779926
mlp_1x100_relu,10,1,468,0.010207579471170902,0.00998771097511053
mlp_1x100_relu,10,1,469,0.010235917754471302,0.01005313266068697
mlp_1x100_relu,10,1,470,0.010188302025198936,0.01001795381307602
mlp_1x100_relu,10,1,471,0.01013611163944006,0.010048511438071728
mlp_1x100_relu,10,1,472,0.01009176205843687,0.009997785091400146
mlp_1x100_relu,10,1,473,0.010107466951012611,0.010028562508523464
mlp_1x100_relu,10,1,474,0.010080699808895588,0.010042129084467888
mlp_1x100_relu,10,1,475,0.010075246915221214,0.010050316341221333
mlp_1x100_relu,10,1,476,0.010119417682290077,0.009989326819777489
mlp_1x100_relu,10,1,477,0.010247050784528255,0.010028800927102566
mlp_1x100_relu,10,1,478,0.010190211236476898,0.00995213259011507
mlp_1x100_relu,10,1,479,0.010131564922630787,0.010082459077239037
mlp_1x100_relu,10,1,480,0.010120070539414883,0.009961159899830818
mlp_1x100_relu,10,1,481,0.010148649103939533,0.01014778483659029
mlp_1x100_relu,10,1,482,0.010157229378819466,0.010033760219812393
mlp_1x100_relu,10,1,483,0.010160494595766068,0.00997802522033453
mlp_1x100_relu,10,1,484,0.010175086557865143,0.010034492239356041
mlp_1x100_relu,10,1,485,0.01012988667935133,0.010084941983222961
mlp_1x100_relu,10,1,486,0.010165061801671982,0.009997331537306309
mlp_1x100_relu,10,1,487,0.010158068500459194,0.010049660690128803
mlp_1x100_relu,10,1,488,0.010212640278041363,0.009980608709156513
mlp_1x100_relu,10,1,489,0.01013039331883192,0.01010848768055439
mlp_1x100_relu,10,1,490,0.010120061226189137,0.010033593513071537
mlp_1x100_relu,10,1,491,0.010101179592311382,0.010079759173095226
mlp_1x100_relu,10,1,492,0.0101123983040452,0.009941529482603073
mlp_1x100_relu,10,1,493,0.010102635249495506,0.010107843205332756
mlp_1x100_relu,10,1,494,0.010149520821869373,0.009996500797569752
mlp_1x100_relu,10,1,495,0.01016034372150898,0.01001869235187769
mlp_1x100_relu,10,1,496,0.0101889343932271,0.01001601479947567
mlp_1x100_relu,10,1,497,0.010102039203047752,0.01008065976202488
mlp_1x100_relu,10,1,498,0.010091250762343407,0.010006537660956383
mlp_1x100_relu,10,1,499,0.010120757855474949,0.010014095343649387
mlp_1x100_relu,10,1,500,0.010122351348400116,0.009989594109356403
mlp_1x100_relu,10,5,1,0.3903544545173645,0.17695681750774384
mlp_1x100_relu,10,5,2,0.16539861261844635,0.09580779820680618
mlp_1x100_relu,10,5,3,0.09155142307281494,0.05459257587790489
mlp_1x100_relu,10,5,4,0.05027664825320244,0.029123296961188316
mlp_1x100_relu,10,5,5,0.02548041194677353,0.014144896529614925
mlp_1x100_relu,10,5,6,0.012491009198129177,0.0073479278944432735
mlp_1x100_relu,10,5,7,0.007634983863681555,0.005232006311416626
mlp_1x100_relu,10,5,8,0.006586268078535795,0.0050395880825817585
mlp_1x100_relu,10,5,9,0.006300448905676603,0.004850266966968775
mlp_1x100_relu,10,5,10,0.0062998211942613125,0.004706453066319227
mlp_1x100_relu,10,5,11,0.00616992125287652,0.004726143088191748
mlp_1x100_relu,10,5,12,0.006114944815635681,0.004593284800648689
mlp_1x100_relu,10,5,13,0.006053008139133453,0.004532236605882645
mlp_1x100_relu,10,5,14,0.00607871962711215,0.004514448810368776
mlp_1x100_relu,10,5,15,0.006021853070706129,0.004529321100562811
mlp_1x100_relu,10,5,16,0.0059915566816926,0.004494569730013609
mlp_1x100_relu,10,5,17,0.00600309856235981,0.004567048512399197
mlp_1x100_relu,10,5,18,0.005986406002193689,0.004513720516115427
mlp_1x100_relu,10,5,19,0.0059560751542449,0.00454231072217226
mlp_1x100_relu,10,5,20,0.005934588611125946,0.004550296347588301
mlp_1x100_relu,10,5,21,0.005910655949264765,0.004608637187629938
mlp_1x100_relu,10,5,22,0.0059240940026938915,0.004677882883697748
mlp_1x100_relu,10,5,23,0.005926294717937708,0.0047750468365848064
mlp_1x100_relu,10,5,24,0.005926224868744612,0.004804971162229776
mlp_1x100_relu,10,5,25,0.00587446941062808,0.0047790962271392345
mlp_1x100_relu,10,5,26,0.005855472758412361,0.004711655899882317
mlp_1x100_relu,10,5,27,0.005822509527206421,0.0047330246306955814
mlp_1x100_relu,10,5,28,0.005809119902551174,0.004792085848748684
mlp_1x100_relu,10,5,29,0.0057723936624825,0.004772847518324852
mlp_1x100_relu,10,5,30,0.005694829858839512,0.004681859631091356
mlp_1x100_relu,10,5,31,0.005617251619696617,0.004688697401434183
mlp_1x100_relu,10,5,32,0.0055751074105501175,0.004702383186668158
mlp_1x100_relu,10,5,33,0.00553946103900671,0.004796917550265789
mlp_1x100_relu,10,5,34,0.00551191670820117,0.00484343571588397
mlp_1x100_relu,10,5,35,0.005517069716006517,0.004886294715106487
mlp_1x100_relu,10,5,36,0.005538882687687874,0.004969015717506409
mlp_1x100_relu,10,5,37,0.005478172097355127,0.0049171457067132
mlp_1x100_relu,10,5,38,0.005407164804637432,0.004917845595628023
mlp_1x100_relu,10,5,39,0.0053467219695448875,0.004802007228136063
mlp_1x100_relu,10,5,40,0.005293750669807196,0.004715287126600742
mlp_1x100_relu,10,5,41,0.005292599089443684,0.004788680002093315
mlp_1x100_relu,10,5,42,0.005304155871272087,0.0046660215593874454
mlp_1x100_relu,10,5,43,0.005224001128226519,0.00472097797319293
mlp_1x100_relu,10,5,44,0.0051618171855807304,0.0046602217480540276
mlp_1x100_relu,10,5,45,0.005125910509377718,0.004701617173850536
mlp_1x100_relu,10,5,46,0.005145780276507139,0.004859815817326307
mlp_1x100_relu,10,5,47,0.005124847870320082,0.004752703942358494
mlp_1x100_relu,10,5,48,0.005103513598442078,0.004737889859825373
mlp_1x100_relu,10,5,49,0.005106096621602774,0.004744508769363165
mlp_1x100_relu,10,5,50,0.005159090273082256,0.004852006211876869
mlp_1x100_relu,10,5,51,0.0051398249343037605,0.004659706726670265
mlp_1x100_relu,10,5,52,0.005099717061966658,0.004583391360938549
mlp_1x100_relu,10,5,53,0.005096187349408865,0.004767077974975109
mlp_1x100_relu,10,5,54,0.005189439281821251,0.004723032936453819
mlp_1x100_relu,10,5,55,0.005178519990295172,0.004533848725259304
mlp_1x100_relu,10,5,56,0.005143869202584028,0.004515207838267088
mlp_1x100_relu,10,5,57,0.005102005321532488,0.004513042513281107
mlp_1x100_relu,10,5,58,0.005110624246299267,0.004554680548608303
mlp_1x100_relu,10,5,59,0.005150346085429192,0.00446662213653326
mlp_1x100_relu,10,5,60,0.0051536550745368,0.004665391985327005
mlp_1x100_relu,10,5,61,0.00520826643332839,0.00447831442579627
mlp_1x100_relu,10,5,62,0.005174187943339348,0.004520004615187645
mlp_1x100_relu,10,5,63,0.005105632822960615,0.004549700766801834
mlp_1x100_relu,10,5,64,0.005084683652967215,0.004556073807179928
mlp_1x100_relu,10,5,65,0.005094010382890701,0.0045656017027795315
mlp_1x100_relu,10,5,66,0.005120879504829645,0.004532921593636274
mlp_1x100_relu,10,5,67,0.005116875283420086,0.004497884307056665
mlp_1x100_relu,10,5,68,0.00521570909768343,0.004604124929755926
mlp_1x100_relu,10,5,69,0.005295190494507551,0.004504245240241289
mlp_1x100_relu,10,5,70,0.005278735887259245,0.004486985504627228
mlp_1x100_relu,10,5,71,0.005115643609315157,0.004551381338387728
mlp_1x100_relu,10,5,72,0.00514786085113883,0.004474950488656759
mlp_1x100_relu,10,5,73,0.005182673688977957,0.004491861909627914
mlp_1x100_relu,10,5,74,0.005096402484923601,0.004473797976970673
mlp_1x100_relu,10,5,75,0.005115799140185118,0.004498919937759638
mlp_1x100_relu,10,5,76,0.005231483839452267,0.004448914900422096
mlp_1x100_relu,10,5,77,0.005101327784359455,0.004468319471925497
mlp_1x100_relu,10,5,78,0.00518112163990736,0.0044938987120985985
mlp_1x100_relu,10,5,79,0.005213236436247826,0.004439140670001507
mlp_1x100_relu,10,5,80,0.005178678315132856,0.004422741010785103
mlp_1x100_relu,10,5,81,0.0051706102676689625,0.004434642381966114
mlp_1x100_relu,10,5,82,0.005131529178470373,0.004438052419573069
mlp_1x100_relu,10,5,83,0.0051583354361355305,0.004374795593321323
mlp_1x100_relu,10,5,84,0.005097080022096634,0.004436184652149677
mlp_1x100_relu,10,5,85,0.005233112722635269,0.004434450529515743
mlp_1x100_relu,10,5,86,0.005162511020898819,0.0043740710243582726
mlp_1x100_relu,10,5,87,0.005163181107491255,0.004331699572503567
mlp_1x100_relu,10,5,88,0.0051913997158408165,0.004374456126242876
mlp_1x100_relu,10,5,89,0.0051776268519461155,0.00434737978503108
mlp_1x100_relu,10,5,90,0.005163790658116341,0.004378116689622402
mlp_1x100_relu,10,5,91,0.005200408864766359,0.004406346939504147
mlp_1x100_relu,10,5,92,0.005255321506410837,0.004381889943033457
mlp_1x100_relu,10,5,93,0.005281936842948198,0.004386443179100752
mlp_1x100_relu,10,5,94,0.00517051899805665,0.00437920680269599
mlp_1x100_relu,10,5,95,0.005190794821828604,0.004314954858273268
mlp_1x100_relu,10,5,96,0.0051740319468081,0.004345681052654982
mlp_1x100_relu,10,5,97,0.0051229167729616165,0.004362522158771753
mlp_1x100_relu,10,5,98,0.005122925154864788,0.004352519288659096
mlp_1x100_relu,10,5,99,0.0051358966156840324,0.0043817004188895226
mlp_1x100_relu,10,5,100,0.0051979608833789825,0.004414807073771954
mlp_1x100_relu,10,5,101,0.005214523058384657,0.004352802410721779
mlp_1x100_relu,10,5,102,0.005160090979188681,0.004339033737778664
mlp_1x100_relu,10,5,103,0.005187350325286388,0.004362408071756363
mlp_1x100_relu,10,5,104,0.0051727453246712685,0.0043265121057629585
mlp_1x100_relu,10,5,105,0.00514901103451848,0.004349104128777981
mlp_1x100_relu,10,5,106,0.005171813536435366,0.004318117629736662
mlp_1x100_relu,10,5,107,0.005162123590707779,0.004331515170633793
mlp_1x100_relu,10,5,108,0.005151643883436918,0.004337286576628685
mlp_1x100_relu,10,5,109,0.005189865827560425,0.004367404151707888
mlp_1x100_relu,10,5,110,0.005215630866587162,0.004394664894789457
mlp_1x100_relu,10,5,111,0.005194973200559616,0.004304743371903896
mlp_1x100_relu,10,5,112,0.00517619214951992,0.0043010651133954525
mlp_1x100_relu,10,5,113,0.005189160350710154,0.00430516479536891
mlp_1x100_relu,10,5,114,0.005178255494683981,0.004332010634243488
mlp_1x100_relu,10,5,115,0.005187128204852343,0.004331903997808695
mlp_1x100_relu,10,5,116,0.005175806116312742,0.004406418651342392
mlp_1x100_relu,10,5,117,0.005195016972720623,0.004274456761777401
mlp_1x100_relu,10,5,118,0.005150569137185812,0.0043429238721728325
mlp_1x100_relu,10,5,119,0.005142221227288246,0.004333063960075378
mlp_1x100_relu,10,5,120,0.005164361093193293,0.004308782983571291
mlp_1x100_relu,10,5,121,0.005146038718521595,0.004310804884880781
mlp_1x100_relu,10,5,122,0.005154033191502094,0.004360273480415344
mlp_1x100_relu,10,5,123,0.005143570713698864,0.00432818615809083
mlp_1x100_relu,10,5,124,0.005144780967384577,0.0043144915252923965
mlp_1x100_relu,10,5,125,0.005133060272783041,0.004390518181025982
mlp_1x100_relu,10,5,126,0.005172158591449261,0.0043151285499334335
mlp_1x100_relu,10,5,127,0.005140134133398533,0.004322440829128027
mlp_1x100_relu,10,5,128,0.005162068177014589,0.004321650601923466
mlp_1x100_relu,10,5,129,0.00513696763664484,0.004354026168584824
mlp_1x100_relu,10,5,130,0.005151860415935516,0.004286003764718771
mlp_1x100_relu,10,5,131,0.00513401860371232,0.004316548816859722
mlp_1x100_relu,10,5,132,0.005094761028885841,0.004303911700844765
mlp_1x100_relu,10,5,133,0.005111727397888899,0.00436059944331646
mlp_1x100_relu,10,5,134,0.005079556722193956,0.0043303752318024635
mlp_1x100_relu,10,5,135,0.005103150848299265,0.004355338867753744
mlp_1x100_relu,10,5,136,0.005094197113066912,0.004346664994955063
mlp_1x100_relu,10,5,137,0.005106164142489433,0.004324403591454029
mlp_1x100_relu,10,5,138,0.005118232220411301,0.004402773454785347
mlp_1x100_relu,10,5,139,0.005133938509970903,0.004334668628871441
mlp_1x100_relu,10,5,140,0.005167595110833645,0.004343812353909016
mlp_1x100_relu,10,5,141,0.005157927516847849,0.004371564835309982
mlp_1x100_relu,10,5,142,0.0051268902607262135,0.004333507735282183
mlp_1x100_relu,10,5,143,0.0050691100768744946,0.0043325526639819145
mlp_1x100_relu,10,5,144,0.005111433565616608,0.0043227532878518105
mlp_1x100_relu,10,5,145,0.005121259484440088,0.00434682285413146
mlp_1x100_relu,10,5,146,0.005094696767628193,0.0043592206202447414
mlp_1x100_relu,10,5,147,0.005099908448755741,0.004364695865660906
mlp_1x100_relu,10,5,148,0.0050814468413591385,0.004329505376517773
mlp_1x100_relu,10,5,149,0.005078518763184547,0.004339966922998428
mlp_1x100_relu,10,5,150,0.005041075870394707,0.004425251390784979
mlp_1x100_relu,10,5,151,0.005103434436023235,0.004308982752263546
mlp_1x100_relu,10,5,152,0.0050982222892344,0.00433445954695344
mlp_1x100_relu,10,5,153,0.005100668407976627,0.004340506158769131
mlp_1x100_relu,10,5,154,0.005082116927951574,0.004305104725062847
mlp_1x100_relu,10,5,155,0.005107450764626265,0.004337757360190153
mlp_1x100_relu,10,5,156,0.0050619179382920265,0.004363266285508871
mlp_1x100_relu,10,5,157,0.005079639609903097,0.004370119422674179
mlp_1x100_relu,10,5,158,0.00508916238322854,0.004355557728558779
mlp_1x100_relu,10,5,159,0.005056210793554783,0.0043472102843225
mlp_1x100_relu,10,5,160,0.005059449467808008,0.004374243319034576
mlp_1x100_relu,10,5,161,0.005076422356069088,0.004338694270700216
mlp_1x100_relu,10,5,162,0.005059929098933935,0.004319383762776852
mlp_1x100_relu,10,5,163,0.005075505003333092,0.004366901237517595
mlp_1x100_relu,10,5,164,0.005065723322331905,0.004329345654696226
mlp_1x100_relu,10,5,165,0.005097054410725832,0.0043618520721793175
mlp_1x100_relu,10,5,166,0.005056351888924837,0.004377491772174835
mlp_1x100_relu,10,5,167,0.005082703661173582,0.004327250178903341
mlp_1x100_relu,10,5,168,0.005078861489892006,0.004362205974757671
mlp_1x100_relu,10,5,169,0.005046086851507425,0.004338521510362625
mlp_1x100_relu,10,5,170,0.005042614880949259,0.004354996141046286
mlp_1x100_relu,10,5,171,0.005086837336421013,0.004362164065241814
mlp_1x100_relu,10,5,172,0.00507776066660881,0.004335511941462755
mlp_1x100_relu,10,5,173,0.005091914441436529,0.004348124377429485
mlp_1x100_relu,10,5,174,0.005055879708379507,0.004336555488407612
mlp_1x100_relu,10,5,175,0.005059823393821716,0.004345823545008898
mlp_1x100_relu,10,5,176,0.005037745460867882,0.004368877504020929
mlp_1x100_relu,10,5,177,0.005023071076720953,0.004314167890697718
mlp_1x100_relu,10,5,178,0.005032308399677277,0.00435276934877038
mlp_1x100_relu,10,5,179,0.005033899564296007,0.004350597970187664
mlp_1x100_relu,10,5,180,0.0050240084528923035,0.004362558480352163
mlp_1x100_relu,10,5,181,0.005026956554502249,0.004326970316469669
mlp_1x100_relu,10,5,182,0.005029786378145218,0.004366394132375717
mlp_1x100_relu,10,5,183,0.0050440458580851555,0.004330604802817106
mlp_1x100_relu,10,5,184,0.0050203618593513966,0.004365701228380203
mlp_1x100_relu,10,5,185,0.005040511954575777,0.004371313843876123
mlp_1x100_relu,10,5,186,0.005028190091252327,0.004352961201220751
mlp_1x100_relu,10,5,187,0.005035134963691235,0.004354771692305803
mlp_1x100_relu,10,5,188,0.0050145904533565044,0.004378773272037506
mlp_1x100_relu,10,5,189,0.005024741403758526,0.004377321805804968
mlp_1x100_relu,10,5,190,0.005006260704249144,0.004355066921561956
mlp_1x100_relu,10,5,191,0.005013688001781702,0.004373117350041866
mlp_1x100_relu,10,5,192,0.005051664542406797,0.00435914471745491
mlp_1x100_relu,10,5,193,0.00504481652751565,0.004333750810474157
mlp_1x100_relu,10,5,194,0.005070845130831003,0.004421105608344078
mlp_1x100_relu,10,5,195,0.005042433273047209,0.004318408668041229
mlp_1x100_relu,10,5,196,0.005004993639886379,0.004423507489264011
mlp_1x100_relu,10,5,197,0.005057082511484623,0.004357533995062113
mlp_1x100_relu,10,5,198,0.0050275991670787334,0.0043926178477704525
mlp_1x100_relu,10,5,199,0.005046298261731863,0.004377670120447874
mlp_1x100_relu,10,5,200,0.005028197541832924,0.004361606203019619
mlp_1x100_relu,10,5,201,0.005026198923587799,0.004371012561023235
mlp_1x100_relu,10,5,202,0.005006606224924326,0.004372599069029093
mlp_1x100_relu,10,5,203,0.005020586308091879,0.004381909966468811
mlp_1x100_relu,10,5,204,0.005034099332988262,0.004363004583865404
mlp_1x100_relu,10,5,205,0.005004913546144962,0.0043465388007462025
mlp_1x100_relu,10,5,206,0.005001067649573088,0.004412980284541845
mlp_1x100_relu,10,5,207,0.005011346191167831,0.004370425827801228
mlp_1x100_relu,10,5,208,0.005002717487514019,0.004406853578984737
mlp_1x100_relu,10,5,209,0.005011025816202164,0.004383292980492115
mlp_1x100_relu,10,5,210,0.005019825883209705,0.004371272400021553
mlp_1x100_relu,10,5,211,0.004986561834812164,0.0043653082102537155
mlp_1x100_relu,10,5,212,0.004985662177205086,0.004383821040391922
mlp_1x100_relu,10,5,213,0.004996859468519688,0.0043621184304356575
mlp_1x100_relu,10,5,214,0.004972252529114485,0.00437856325879693
mlp_1x100_relu,10,5,215,0.004999207798391581,0.004369164817035198
mlp_1x100_relu,10,5,216,0.004971805959939957,0.004401171114295721
mlp_1x100_relu,10,5,217,0.004979278426617384,0.0043769702315330505
mlp_1x100_relu,10,5,218,0.00500797713175416,0.004354109521955252
mlp_1x100_relu,10,5,219,0.00499738659709692,0.004380539990961552
mlp_1x100_relu,10,5,220,0.004972998984158039,0.004407818894833326
mlp_1x100_relu,10,5,221,0.004972819704562426,0.004379668273031712
mlp_1x100_relu,10,5,222,0.00498725613579154,0.004406576510518789
mlp_1x100_relu,10,5,223,0.0050101676024496555,0.004372102674096823
mlp_1x100_relu,10,5,224,0.004990631248801947,0.004386438988149166
mlp_1x100_relu,10,5,225,0.005018230527639389,0.004368665628135204
mlp_1x100_relu,10,5,226,0.0050126053392887115,0.0043630702421069145
mlp_1x100_relu,10,5,227,0.004971587564796209,0.004369075410068035
mlp_1x100_relu,10,5,228,0.004983772523701191,0.0044054011814296246
mlp_1x100_relu,10,5,229,0.004978811834007502,0.004384010098874569
mlp_1x100_relu,10,5,230,0.0049666413106024265,0.004393354523926973
mlp_1x100_relu,10,5,231,0.004976166412234306,0.0043913028202950954
mlp_1x100_relu,10,5,232,0.004953186493366957,0.004429227206856012
mlp_1x100_relu,10,5,233,0.0049867709167301655,0.00435600196942687
mlp_1x100_relu,10,5,234,0.00500783696770668,0.004395324736833572
mlp_1x100_relu,10,5,235,0.004973061382770538,0.004354757256805897
mlp_1x100_relu,10,5,236,0.004978904500603676,0.0044305212795734406
mlp_1x100_relu,10,5,237,0.004989054519683123,0.004367775749415159
mlp_1x100_relu,10,5,238,0.0049924361519515514,0.004413626156747341
mlp_1x100_relu,10,5,239,0.00499520730227232,0.004366519395262003
mlp_1x100_relu,10,5,240,0.004959362559020519,0.0043961345218122005
mlp_1x100_relu,10,5,241,0.0049862912856042385,0.004349642898887396
mlp_1x100_relu,10,5,242,0.004974914249032736,0.004384058061987162
mlp_1x100_relu,10,5,243,0.004982043523341417,0.004403781611472368
mlp_1x100_relu,10,5,244,0.004969011526554823,0.0044154757633805275
mlp_1x100_relu,10,5,245,0.004966559819877148,0.00440414110198617
mlp_1x100_relu,10,5,246,0.004990009590983391,0.004412615671753883
mlp_1x100_relu,10,5,247,0.0049962205812335014,0.004418632946908474
mlp_1x100_relu,10,5,248,0.004969505127519369,0.004415424540638924
mlp_1x100_relu,10,5,249,0.004984159953892231,0.004393185954540968
mlp_1x100_relu,10,5,250,0.004959830082952976,0.004415482748299837
mlp_1x100_relu,10,5,251,0.004958007950335741,0.004370322450995445
mlp_1x100_relu,10,5,252,0.004977098666131496,0.004423561505973339
mlp_1x100_relu,10,5,253,0.004975765012204647,0.004392002243548632
mlp_1x100_relu,10,5,254,0.004949437920004129,0.00443823728710413
mlp_1x100_relu,10,5,255,0.004967840388417244,0.004404289647936821
mlp_1x100_relu,10,5,256,0.004968145862221718,0.004433291964232922
mlp_1x100_relu,10,5,257,0.004965626634657383,0.004432167857885361
mlp_1x100_relu,10,5,258,0.00496722711250186,0.004377142991870642
mlp_1x100_relu,10,5,259,0.004957408178597689,0.0043988595716655254
mlp_1x100_relu,10,5,260,0.0049489992670714855,0.004432784393429756
mlp_1x100_relu,10,5,261,0.004983352962881327,0.0043938071466982365
mlp_1x100_relu,10,5,262,0.004964984487742186,0.004438483621925116
mlp_1x100_relu,10,5,263,0.00495493970811367,0.004400169942528009
mlp_1x100_relu,10,5,264,0.004957122262567282,0.004402657505124807
mlp_1x100_relu,10,5,265,0.0049540577456355095,0.0043821935541927814
mlp_1x100_relu,10,5,266,0.00493129575625062,0.004439622163772583
mlp_1x100_relu,10,5,267,0.004961718805134296,0.004383700899779797
mlp_1x100_relu,10,5,268,0.004959661979228258,0.004426770377904177
mlp_1x100_relu,10,5,269,0.004936554003506899,0.0044171446934342384
mlp_1x100_relu,10,5,270,0.004938256926834583,0.004411894828081131
mlp_1x100_relu,10,5,271,0.004969732835888863,0.004374630283564329
mlp_1x100_relu,10,5,272,0.004971515387296677,0.004409404005855322
mlp_1x100_relu,10,5,273,0.004947913344949484,0.004398270510137081
mlp_1x100_relu,10,5,274,0.004948736168444157,0.004380610305815935
mlp_1x100_relu,10,5,275,0.004960662219673395,0.004431230016052723
mlp_1x100_relu,10,5,276,0.004950720351189375,0.004433254711329937
mlp_1x100_relu,10,5,277,0.004946654196828604,0.004366202279925346
mlp_1x100_relu,10,5,278,0.0049377866089344025,0.0044247726909816265
mlp_1x100_relu,10,5,279,0.004957018885761499,0.004389828536659479
mlp_1x100_relu,10,5,280,0.00497822230681777,0.0043968940153717995
mlp_1x100_relu,10,5,281,0.004989442881196737,0.004442548379302025
mlp_1x100_relu,10,5,282,0.004965146072208881,0.0044115688651800156
mlp_1x100_relu,10,5,283,0.0049651311710476875,0.004366678185760975
mlp_1x100_relu,10,5,284,0.00495719350874424,0.004450417589396238
mlp_1x100_relu,10,5,285,0.004955823998898268,0.00436722906306386
mlp_1x100_relu,10,5,286,0.0049359556287527084,0.004414936061948538
mlp_1x100_relu,10,5,287,0.004942446481436491,0.004384683445096016
mlp_1x100_relu,10,5,288,0.004940312821418047,0.004395573399960995
mlp_1x100_relu,10,5,289,0.004942973610013723,0.004422171041369438
mlp_1x100_relu,10,5,290,0.004943819250911474,0.004431174602359533
mlp_1x100_relu,10,5,291,0.004954415839165449,0.004432163201272488
mlp_1x100_relu,10,5,292,0.0049805715680122375,0.004404052160680294
mlp_1x100_relu,10,5,293,0.004958301782608032,0.004431732930243015
mlp_1x100_relu,10,5,294,0.004948822781443596,0.004379536025226116
mlp_1x100_relu,10,5,295,0.0049616871401667595,0.00438807625323534
mlp_1x100_relu,10,5,296,0.0049643185921013355,0.00442914804443717
mlp_1x100_relu,10,5,297,0.004924669861793518,0.004426135681569576
mlp_1x100_relu,10,5,298,0.004930570721626282,0.004434197209775448
mlp_1x100_relu,10,5,299,0.004935591947287321,0.004469257779419422
mlp_1x100_relu,10,5,300,0.004938747733831406,0.004388708621263504
mlp_1x100_relu,10,5,301,0.004944904707372189,0.004444981459528208
mlp_1x100_relu,10,5,302,0.004923470318317413,0.004399136174470186
mlp_1x100_relu,10,5,303,0.004947021137923002,0.004400039557367563
mlp_1x100_relu,10,5,304,0.00494126183912158,0.004400155041366816
mlp_1x100_relu,10,5,305,0.004934708122164011,0.004441637080162764
mlp_1x100_relu,10,5,306,0.004965473897755146,0.0043998705223202705
mlp_1x100_relu,10,5,307,0.004963038954883814,0.004435802809894085
mlp_1x100_relu,10,5,308,0.004943076986819506,0.004428997170180082
mlp_1x100_relu,10,5,309,0.004938414320349693,0.0044435798190534115
mlp_1x100_relu,10,5,310,0.004933396354317665,0.004399850964546204
mlp_1x100_relu,10,5,311,0.0049393330700695515,0.004425357095897198
mlp_1x100_relu,10,5,312,0.004936911631375551,0.00440863287076354
mlp_1x100_relu,10,5,313,0.004952847957611084,0.00443562027066946
mlp_1x100_relu,10,5,314,0.0049315462820231915,0.004425735678523779
mlp_1x100_relu,10,5,315,0.004918865859508514,0.00441189156845212
mlp_1x100_relu,10,5,316,0.004929173272103071,0.004425160586833954
mlp_1x100_relu,10,5,317,0.004943682812154293,0.004426324740052223
mlp_1x100_relu,10,5,318,0.004936835262924433,0.0044316938146948814
mlp_1x100_relu,10,5,319,0.0049393996596336365,0.004473208449780941
mlp_1x100_relu,10,5,320,0.004931156057864428,0.004421349614858627
mlp_1x100_relu,10,5,321,0.0049178446643054485,0.004462627228349447
mlp_1x100_relu,10,5,322,0.0049261790700256824,0.004456714261323214
mlp_1x100_relu,10,5,323,0.00491327652707696,0.004439045675098896
mlp_1x100_relu,10,5,324,0.0049189371056854725,0.0044290306977927685
mlp_1x100_relu,10,5,325,0.004924784414470196,0.004464887548238039
mlp_1x100_relu,10,5,326,0.004931047558784485,0.004430622328072786
mlp_1x100_relu,10,5,327,0.0049322210252285,0.004476391710340977
mlp_1x100_relu,10,5,328,0.004946553148329258,0.004438940901309252
mlp_1x100_relu,10,5,329,0.004929300397634506,0.004429949447512627
mlp_1x100_relu,10,5,330,0.004920594394207001,0.004440033342689276
mlp_1x100_relu,10,5,331,0.004972087685018778,0.0044193691574037075
mlp_1x100_relu,10,5,332,0.00494210934266448,0.004406781867146492
mlp_1x100_relu,10,5,333,0.004937970545142889,0.004428580868989229
mlp_1x100_relu,10,5,334,0.004921226296573877,0.004444200079888105
mlp_1x100_relu,10,5,335,0.004947030916810036,0.004442149307578802
mlp_1x100_relu,10,5,336,0.004943372681736946,0.0044010719284415245
mlp_1x100_relu,10,5,337,0.004937371704727411,0.004429641179740429
mlp_1x100_relu,10,5,338,0.0049332184717059135,0.004448805004358292
mlp_1x100_relu,10,5,339,0.00493693957105279,0.004455587361007929
mlp_1x100_relu,10,5,340,0.0049167899414896965,0.00444716215133667
mlp_1x100_relu,10,5,341,0.004917671903967857,0.004481733310967684
mlp_1x100_relu,10,5,342,0.004925251938402653,0.004443294368684292
mlp_1x100_relu,10,5,343,0.004906071349978447,0.0044464790262281895
mlp_1x100_relu,10,5,344,0.004914068151265383,0.004452395252883434
mlp_1x100_relu,10,5,345,0.004896070342510939,0.00444012088701129
mlp_1x100_relu,10,5,346,0.004909484647214413,0.004479465074837208
mlp_1x100_relu,10,5,347,0.004892023745924234,0.004468061495572329
mlp_1x100_relu,10,5,348,0.004893430974334478,0.004459538031369448
mlp_1x100_relu,10,5,349,0.004920614417642355,0.004459742456674576
mlp_1x100_relu,10,5,350,0.0049407887272536755,0.004443626385182142
mlp_1x100_relu,10,5,351,0.004898088984191418,0.004511730279773474
mlp_1x100_relu,10,5,352,0.004911838099360466,0.004436916206032038
mlp_1x100_relu,10,5,353,0.004913511220365763,0.004496031906455755
mlp_1x100_relu,10,5,354,0.004896168131381273,0.004486133810132742
mlp_1x100_relu,10,5,355,0.004901998210698366,0.004482115153223276
mlp_1x100_relu,10,5,356,0.004910660907626152,0.004445549100637436
mlp_1x100_relu,10,5,357,0.004947925917804241,0.004466814920306206
mlp_1x100_relu,10,5,358,0.0049348315224051476,0.004475661553442478
mlp_1x100_relu,10,5,359,0.0049241152592003345,0.004484334494918585
mlp_1x100_relu,10,5,360,0.004914666526019573,0.004461214412003756
mlp_1x100_relu,10,5,361,0.004912810865789652,0.004437353927642107
mlp_1x100_relu,10,5,362,0.0049185846000909805,0.004458143841475248
mlp_1x100_relu,10,5,363,0.004922888707369566,0.004470224492251873
mlp_1x100_relu,10,5,364,0.004937437828630209,0.00445855176076293
mlp_1x100_relu,10,5,365,0.004939654842019081,0.0044564977288246155
mlp_1x100_relu,10,5,366,0.004906344693154097,0.004492160398513079
mlp_1x100_relu,10,5,367,0.004919998347759247,0.0044624521397054195
mlp_1x100_relu,10,5,368,0.004935529548674822,0.004470218438655138
mlp_1x100_relu,10,5,369,0.004954036325216293,0.004491180181503296
mlp_1x100_relu,10,5,370,0.004942475352436304,0.004462425597012043
mlp_1x100_relu,10,5,371,0.004938751924782991,0.004509078338742256
mlp_1x100_relu,10,5,372,0.004907601047307253,0.004480354953557253
mlp_1x100_relu,10,5,373,0.004918131045997143,0.004470161162316799
mlp_1x100_relu,10,5,374,0.0049272864125669,0.004509325139224529
mlp_1x100_relu,10,5,375,0.004937886260449886,0.00444407993927598
mlp_1x100_relu,10,5,376,0.004953694995492697,0.004466719925403595
mlp_1x100_relu,10,5,377,0.004922611638903618,0.004499970003962517
mlp_1x100_relu,10,5,378,0.00491581205278635,0.004484690260142088
mlp_1x100_relu,10,5,379,0.004917259328067303,0.004513653926551342
mlp_1x100_relu,10,5,380,0.004895331803709269,0.004457148257642984
mlp_1x100_relu,10,5,381,0.004908038303256035,0.004523834213614464
mlp_1x100_relu,10,5,382,0.004922753665596247,0.004454909823834896
mlp_1x100_relu,10,5,383,0.0049054003320634365,0.004508055746555328
mlp_1x100_relu,10,5,384,0.004915519617497921,0.004501101095229387
mlp_1x100_relu,10,5,385,0.004914984107017517,0.004500743467360735
mlp_1x100_relu,10,5,386,0.004924291279166937,0.004504616837948561
mlp_1x100_relu,10,5,387,0.0049236542545259,0.004513765685260296
mlp_1x100_relu,10,5,388,0.004913290962576866,0.0045133293606340885
mlp_1x100_relu,10,5,389,0.004900028929114342,0.004498687572777271
mlp_1x100_relu,10,5,390,0.004909320268779993,0.004541576374322176
mlp_1x100_relu,10,5,391,0.004900135099887848,0.004503716714680195
mlp_1x100_relu,10,5,392,0.004892629571259022,0.0045204139314591885
mlp_1x100_relu,10,5,393,0.0049204411916434765,0.004504511132836342
mlp_1x100_relu,10,5,394,0.004925934597849846,0.004500615876168013
mlp_1x100_relu,10,5,395,0.004927679430693388,0.004508682992309332
mlp_1x100_relu,10,5,396,0.004918904043734074,0.004473477136343718
mlp_1x100_relu,10,5,397,0.004927252419292927,0.00449199927970767
mlp_1x100_relu,10,5,398,0.004908657167106867,0.004491197876632214
mlp_1x100_relu,10,5,399,0.0048877401277422905,0.004552447237074375
mlp_1x100_relu,10,5,400,0.0049107070080935955,0.004480828531086445
mlp_1x100_relu,10,5,401,0.004912626929581165,0.004500566981732845
mlp_1x100_relu,10,5,402,0.004888838157057762,0.004532997962087393
mlp_1x100_relu,10,5,403,0.0049177599139511585,0.004520382732152939
mlp_1x100_relu,10,5,404,0.004923228640109301,0.004528155084699392
mlp_1x100_relu,10,5,405,0.00492356950417161,0.0045139179565012455
mlp_1x100_relu,10,5,406,0.004916689358651638,0.004535449668765068
mlp_1x100_relu,10,5,407,0.004905304871499538,0.00452061602845788
mlp_1x100_relu,10,5,408,0.004902412183582783,0.004496926441788673
mlp_1x100_relu,10,5,409,0.004912226460874081,0.004558086860924959
mlp_1x100_relu,10,5,410,0.004908265080302954,0.00450532091781497
mlp_1x100_relu,10,5,411,0.004906916059553623,0.004530539270490408
mlp_1x100_relu,10,5,412,0.004917662125080824,0.004502433352172375
mlp_1x100_relu,10,5,413,0.004918132442981005,0.004520284477621317
mlp_1x100_relu,10,5,414,0.004900389350950718,0.004502983298152685
mlp_1x100_relu,10,5,415,0.004883276764303446,0.004564663860946894
mlp_1x100_relu,10,5,416,0.004893467295914888,0.004500526934862137
mlp_1x100_relu,10,5,417,0.004908853210508823,0.0045358845964074135
mlp_1x100_relu,10,5,418,0.004936526995152235,0.004516923800110817
mlp_1x100_relu,10,5,419,0.004926692694425583,0.004526557866483927
mlp_1x100_relu,10,5,420,0.004905575420707464,0.004502211231738329
mlp_1x100_relu,10,5,421,0.0049105132929980755,0.004497820511460304
mlp_1x100_relu,10,5,422,0.004906277172267437,0.004490608815103769
mlp_1x100_relu,10,5,423,0.004915677011013031,0.00450889253988862
mlp_1x100_relu,10,5,424,0.00492098880931735,0.004534400533884764
mlp_1x100_relu,10,5,425,0.004903370048850775,0.004537698347121477
mlp_1x100_relu,10,5,426,0.004905731417238712,0.004513257183134556
mlp_1x100_relu,10,5,427,0.0048868912272155285,0.0045350235886871815
mlp_1x100_relu,10,5,428,0.0049057649448513985,0.004493283573538065
mlp_1x100_relu,10,5,429,0.004914816934615374,0.004569512326270342
mlp_1x100_relu,10,5,430,0.004916385747492313,0.004491440020501614
mlp_1x100_relu,10,5,431,0.004926934838294983,0.0045334342867136
mlp_1x100_relu,10,5,432,0.00490130390971899,0.004514708183705807
mlp_1x100_relu,10,5,433,0.0049120765179395676,0.004532488528639078
mlp_1x100_relu,10,5,434,0.004903103224933147,0.004501091316342354
mlp_1x100_relu,10,5,435,0.004906774032860994,0.004513907246291637
mlp_1x100_relu,10,5,436,0.004914157558232546,0.004539166111499071
mlp_1x100_relu,10,5,437,0.0048796613700687885,0.004537131637334824
mlp_1x100_relu,10,5,438,0.004898985847830772,0.004516614135354757
mlp_1x100_relu,10,5,439,0.004921550862491131,0.004534413572400808
mlp_1x100_relu,10,5,440,0.0048990556970238686,0.004531714599579573
mlp_1x100_relu,10,5,441,0.004896670579910278,0.004525877069681883
mlp_1x100_relu,10,5,442,0.004898576531559229,0.004544985946267843
mlp_1x100_relu,10,5,443,0.004912903532385826,0.004607113543897867
mlp_1x100_relu,10,5,444,0.004889206029474735,0.004548363853245974
mlp_1x100_relu,10,5,445,0.0049167233519256115,0.004550644662231207
mlp_1x100_relu,10,5,446,0.004912788048386574,0.004507151897996664
mlp_1x100_relu,10,5,447,0.004922430496662855,0.004552918951958418
mlp_1x100_relu,10,5,448,0.004928055685013533,0.00453856959939003
mlp_1x100_relu,10,5,449,0.00491787726059556,0.004543578252196312
mlp_1x100_relu,10,5,450,0.004905016161501408,0.004544329829514027
mlp_1x100_relu,10,5,451,0.004900196101516485,0.004548321012407541
mlp_1x100_relu,10,5,452,0.004893418401479721,0.004557841457426548
mlp_1x100_relu,10,5,453,0.004903790075331926,0.004521404858678579
mlp_1x100_relu,10,5,454,0.004924372769892216,0.004533207975327969
mlp_1x100_relu,10,5,455,0.004915696103125811,0.004550618585199118
mlp_1x100_relu,10,5,456,0.004898817278444767,0.00451660854741931
mlp_1x100_relu,10,5,457,0.004886134993284941,0.004555604886263609
mlp_1x100_relu,10,5,458,0.00489594042301178,0.004527226556092501
mlp_1x100_relu,10,5,459,0.004906791262328625,0.004545907955616713
mlp_1x100_relu,10,5,460,0.004912734497338533,0.0045166537165641785
mlp_1x100_relu,10,5,461,0.004900336731225252,0.004557372070848942
mlp_1x100_relu,10,5,462,0.004895240068435669,0.004538761451840401
mlp_1x100_relu,10,5,463,0.004903406370431185,0.0045331306755542755
mlp_1x100_relu,10,5,464,0.004911671858280897,0.004542359616607428
mlp_1x100_relu,10,5,465,0.004898950457572937,0.004528331570327282
mlp_1x100_relu,10,5,466,0.004883397836238146,0.004569677636027336
mlp_1x100_relu,10,5,467,0.004892728291451931,0.0045453025959432125
mlp_1x100_relu,10,5,468,0.004896629601716995,0.004584038630127907
mlp_1x100_relu,10,5,469,0.004902550019323826,0.004526030737906694
mlp_1x100_relu,10,5,470,0.004895199555903673,0.0046065207570791245
mlp_1x100_relu,10,5,471,0.004905708134174347,0.004543364513665438
mlp_1x100_relu,10,5,472,0.004917497746646404,0.004591872915625572
mlp_1x100_relu,10,5,473,0.004905940964818001,0.0044891005381941795
mlp_1x100_relu,10,5,474,0.004899444058537483,0.0045846858993172646
mlp_1x100_relu,10,5,475,0.0049125137738883495,0.004527118988335133
mlp_1x100_relu,10,5,476,0.00489853834733367,0.004583457019180059
mlp_1x100_relu,10,5,477,0.004918364807963371,0.004511808045208454
mlp_1x100_relu,10,5,478,0.004898655228316784,0.004572530277073383
mlp_1x100_relu,10,5,479,0.004897887818515301,0.004522655624896288
mlp_1x100_relu,10,5,480,0.004888954572379589,0.004576534498482943
mlp_1x100_relu,10,5,481,0.004880120977759361,0.004542498849332333
mlp_1x100_relu,10,5,482,0.0048874495550990105,0.004566813353449106
mlp_1x100_relu,10,5,483,0.004905971232801676,0.00452248053625226
mlp_1x100_relu,10,5,484,0.00488149281591177,0.004577731713652611
mlp_1x100_relu,10,5,485,0.004875611048191786,0.004585317801684141
mlp_1x100_relu,10,5,486,0.004872501362115145,0.004587673116475344
mlp_1x100_relu,10,5,487,0.00487409858033061,0.00453259376809001
mlp_1x100_relu,10,5,488,0.004899699240922928,0.004561831708997488
mlp_1x100_relu,10,5,489,0.004912198521196842,0.004532210528850555
mlp_1x100_relu,10,5,490,0.0048798141069710255,0.004533812403678894
mlp_1x100_relu,10,5,491,0.004890365991741419,0.004535865504294634
mlp_1x100_relu,10,5,492,0.004908515606075525,0.0045440057292580605
mlp_1x100_relu,10,5,493,0.00490808580070734,0.004520255606621504
mlp_1x100_relu,10,5,494,0.0049035935662686825,0.00455876998603344
mlp_1x100_relu,10,5,495,0.004913371987640858,0.00452401302754879
mlp_1x100_relu,10,5,496,0.00489735696464777,0.004560729023069143
mlp_1x100_relu,10,5,497,0.004884613677859306,0.004582507535815239
mlp_1x100_relu,10,5,498,0.004878447391092777,0.004571864847093821
mlp_1x100_relu,10,5,499,0.004873595666140318,0.004582757595926523
mlp_1x100_relu,10,5,500,0.004892352037131786,0.004576236940920353
mlp_1x100_relu,10,30,1,0.3905886709690094,0.17536978423595428
mlp_1x100_relu,10,30,2,0.1653449684381485,0.09474128484725952
mlp_1x100_relu,10,30,3,0.09160768985748291,0.0540221743285656
mlp_1x100_relu,10,30,4,0.049983326345682144,0.0284990556538105
mlp_1x100_relu,10,30,5,0.024702703580260277,0.013141511008143425
mlp_1x100_relu,10,30,6,0.011076602153480053,0.0060972413048148155
mlp_1x100_relu,10,30,7,0.005496462807059288,0.003704157890751958
mlp_1x100_relu,10,30,8,0.004156481008976698,0.002979383571073413
mlp_1x100_relu,10,30,9,0.0037399304565042257,0.002923923544585705
mlp_1x100_relu,10,30,10,0.003609652863815427,0.0027486698236316442
mlp_1x100_relu,10,30,11,0.003513146424666047,0.002552202669903636
mlp_1x100_relu,10,30,12,0.003358364338055253,0.00261211977340281
mlp_1x100_relu,10,30,13,0.003373370971530676,0.002344163367524743
mlp_1x100_relu,10,30,14,0.003236270509660244,0.0025004383642226458
mlp_1x100_relu,10,30,15,0.0031902710907161236,0.002396797528490424
mlp_1x100_relu,10,30,16,0.003199589904397726,0.0023455233313143253
mlp_1x100_relu,10,30,17,0.0031347128096967936,0.002364170039072633
mlp_1x100_relu,10,30,18,0.003167869755998254,0.002402792451903224
mlp_1x100_relu,10,30,19,0.003060215385630727,0.0023630706127732992
mlp_1x100_relu,10,30,20,0.003043812233954668,0.0023362315259873867
mlp_1x100_relu,10,30,21,0.003032031236216426,0.002447825623676181
mlp_1x100_relu,10,30,22,0.002924200613051653,0.0024560848250985146
mlp_1x100_relu,10,30,23,0.0028859132435172796,0.0024563809856772423
mlp_1x100_relu,10,30,24,0.0028597842901945114,0.0026181424036622047
mlp_1x100_relu,10,30,25,0.0028006648644804955,0.002452680841088295
mlp_1x100_relu,10,30,26,0.002766661113128066,0.0024620313197374344
mlp_1x100_relu,10,30,27,0.0027510724030435085,0.0024419326800853014
mlp_1x100_relu,10,30,28,0.0027502612210810184,0.002378927543759346
mlp_1x100_relu,10,30,29,0.0027245464734733105,0.002356420736759901
mlp_1x100_relu,10,30,30,0.0027011148631572723,0.002254091901704669
mlp_1x100_relu,10,30,31,0.002643875079229474,0.002188008278608322
mlp_1x100_relu,10,30,32,0.002613422693684697,0.0020820091012865305
mlp_1x100_relu,10,30,33,0.0025723918806761503,0.0020600510761141777
mlp_1x100_relu,10,30,34,0.002529275370761752,0.00200221361592412
mlp_1x100_relu,10,30,35,0.002480562776327133,0.001959336455911398
mlp_1x100_relu,10,30,36,0.0024331670720130205,0.0019759219139814377
mlp_1x100_relu,10,30,37,0.0023970864713191986,0.0019385017221793532
mlp_1x100_relu,10,30,38,0.002363385632634163,0.0018995321588590741
mlp_1x100_relu,10,30,39,0.0023272638209164143,0.0018912414088845253
mlp_1x100_relu,10,30,40,0.0023037856444716454,0.0018736645579338074
mlp_1x100_relu,10,30,41,0.0022778089623898268,0.0018515019910410047
mlp_1x100_relu,10,30,42,0.0022541554644703865,0.0018457547994330525
mlp_1x100_relu,10,30,43,0.002223897259682417,0.0018692020094022155
mlp_1x100_relu,10,30,44,0.0022149616852402687,0.0018813068745657802
mlp_1x100_relu,10,30,45,0.002220076508820057,0.0018674555467441678
mlp_1x100_relu,10,30,46,0.0022000125609338284,0.0019003533525392413
mlp_1x100_relu,10,30,47,0.0021942555904388428,0.00190657505299896
mlp_1x100_relu,10,30,48,0.0021902963053435087,0.0019048569956794381
mlp_1x100_relu,10,30,49,0.0021885561291128397,0.0018829694017767906
mlp_1x100_relu,10,30,50,0.0021829092875123024,0.001950254780240357
mlp_1x100_relu,10,30,51,0.002192661864683032,0.0019007767550647259
mlp_1x100_relu,10,30,52,0.0021771301981061697,0.0019234491046518087
mlp_1x100_relu,10,30,53,0.002177518093958497,0.0018875562818720937
mlp_1x100_relu,10,30,54,0.002166424412280321,0.001877743867225945
mlp_1x100_relu,10,30,55,0.0021958784200251102,0.0019127214327454567
mlp_1x100_relu,10,30,56,0.002212822437286377,0.0018751356983557343
mlp_1x100_relu,10,30,57,0.0021727648563683033,0.0018848502077162266
mlp_1x100_relu,10,30,58,0.0021895410027354956,0.0019018903840333223
mlp_1x100_relu,10,30,59,0.002194425091147423,0.0018816478550434113
mlp_1x100_relu,10,30,60,0.002199872164055705,0.0019091162830591202
mlp_1x100_relu,10,30,61,0.0022021697368472815,0.0018612899584695697
mlp_1x100_relu,10,30,62,0.0021895042154937983,0.00188131642062217
mlp_1x100_relu,10,30,63,0.002200793009251356,0.0018678511260077357
mlp_1x100_relu,10,30,64,0.0021984102204442024,0.001898601301945746
mlp_1x100_relu,10,30,65,0.0022157239727675915,0.0018347309669479728
mlp_1x100_relu,10,30,66,0.0022410941310226917,0.0018772042822092772
mlp_1x100_relu,10,30,67,0.0022149954456835985,0.0018470085924491286
mlp_1x100_relu,10,30,68,0.0022227757144719362,0.0018993924604728818
mlp_1x100_relu,10,30,69,0.0022277915850281715,0.0018940155860036612
mlp_1x100_relu,10,30,70,0.0022253929637372494,0.0018623829819262028
mlp_1x100_relu,10,30,71,0.002238125540316105,0.0018657204927876592
mlp_1x100_relu,10,30,72,0.0022477007005363703,0.0018447753973305225
mlp_1x100_relu,10,30,73,0.002248508855700493,0.0018672087462618947
mlp_1x100_relu,10,30,74,0.002234042389318347,0.0018386958399787545
mlp_1x100_relu,10,30,75,0.002235980238765478,0.0018548596417531371
mlp_1x100_relu,10,30,76,0.0022623841650784016,0.001848745858296752
mlp_1x100_relu,10,30,77,0.002249158686026931,0.0018492239760234952
mlp_1x100_relu,10,30,78,0.002246822463348508,0.0018496628617867827
mlp_1x100_relu,10,30,79,0.0022400724701583385,0.0018292834283784032
mlp_1x100_relu,10,30,80,0.002247539581730962,0.0018568276427686214
mlp_1x100_relu,10,30,81,0.0022599149961024523,0.001816288917325437
mlp_1x100_relu,10,30,82,0.0022554469760507345,0.0018534889677539468
mlp_1x100_relu,10,30,83,0.0022592071909457445,0.001838143914937973
mlp_1x100_relu,10,30,84,0.0022700175177305937,0.0018480293219909072
mlp_1x100_relu,10,30,85,0.0022488050162792206,0.0018443807493895292
mlp_1x100_relu,10,30,86,0.00227554002776742,0.0018479728605598211
mlp_1x100_relu,10,30,87,0.0022645643912255764,0.0018188853282481432
mlp_1x100_relu,10,30,88,0.002257841406390071,0.0018185554072260857
mlp_1x100_relu,10,30,89,0.002269360003992915,0.0018210781272500753
mlp_1x100_relu,10,30,90,0.0022713053040206432,0.0018350031459704041
mlp_1x100_relu,10,30,91,0.0022576937917619944,0.0018389433389529586
mlp_1x100_relu,10,30,92,0.002253336599096656,0.0018298574723303318
mlp_1x100_relu,10,30,93,0.0022630635648965836,0.00184188736602664
mlp_1x100_relu,10,30,94,0.0022567673586308956,0.0018268752610310912
mlp_1x100_relu,10,30,95,0.002253392245620489,0.0018312175525352359
mlp_1x100_relu,10,30,96,0.0022532250732183456,0.0018201549537479877
mlp_1x100_relu,10,30,97,0.0022577899508178234,0.001856827293522656
mlp_1x100_relu,10,30,98,0.002261949237436056,0.0018254249589517713
mlp_1x100_relu,10,30,99,0.0022696913219988346,0.001844455604441464
mlp_1x100_relu,10,30,100,0.002271326957270503,0.0018022931180894375
mlp_1x100_relu,10,30,101,0.002274071564897895,0.0018183671636506915
mlp_1x100_relu,10,30,102,0.002280774060636759,0.00184040074236691
mlp_1x100_relu,10,30,103,0.002269259886816144,0.0018297864589840174
mlp_1x100_relu,10,30,104,0.0022679781541228294,0.00182043865788728
mlp_1x100_relu,10,30,105,0.0022732215002179146,0.0018203258514404297
mlp_1x100_relu,10,30,106,0.0022561512887477875,0.0018275744514539838
mlp_1x100_relu,10,30,107,0.002299094572663307,0.0018237234326079488
mlp_1x100_relu,10,30,108,0.0022932456340640783,0.001830199034884572
mlp_1x100_relu,10,30,109,0.002271473640576005,0.0018260579090565443
mlp_1x100_relu,10,30,110,0.0022564418613910675,0.001838376745581627
mlp_1x100_relu,10,30,111,0.0022675059735774994,0.0018194472650066018
mlp_1x100_relu,10,30,112,0.0022599066141992807,0.001814042218029499
mlp_1x100_relu,10,30,113,0.0022704999428242445,0.001831403118558228
mlp_1x100_relu,10,30,114,0.0022768438793718815,0.0018214765004813671
mlp_1x100_relu,10,30,115,0.0022770974319428205,0.0018356455257162452
mlp_1x100_relu,10,30,116,0.002248297445476055,0.0018282766686752439
mlp_1x100_relu,10,30,117,0.002239996800199151,0.0018280796939507127
mlp_1x100_relu,10,30,118,0.0022501214407384396,0.0018394002690911293
mlp_1x100_relu,10,30,119,0.002258217427879572,0.0018345504067838192
mlp_1x100_relu,10,30,120,0.0022484075743705034,0.0018168085953220725
mlp_1x100_relu,10,30,121,0.0022393211256712675,0.0018183084903284907
mlp_1x100_relu,10,30,122,0.0022462382912635803,0.001810614950954914
mlp_1x100_relu,10,30,123,0.002259951550513506,0.0018464358290657401
mlp_1x100_relu,10,30,124,0.0022735835518687963,0.0018128398805856705
mlp_1x100_relu,10,30,125,0.00226784055121243,0.0018129327800124884
mlp_1x100_relu,10,30,126,0.002242442686110735,0.0018281848169863224
mlp_1x100_relu,10,30,127,0.0022378340363502502,0.001819889061152935
mlp_1x100_relu,10,30,128,0.0022506166715174913,0.0018106268253177404
mlp_1x100_relu,10,30,129,0.0022446648217737675,0.0018239760538563132
mlp_1x100_relu,10,30,130,0.0022426315117627382,0.0018404490547254682
mlp_1x100_relu,10,30,131,0.002256047911942005,0.0018144118366762996
mlp_1x100_relu,10,30,132,0.0022346291225403547,0.0018208316760137677
mlp_1x100_relu,10,30,133,0.002232990227639675,0.0018369067693129182
mlp_1x100_relu,10,30,134,0.002232165541499853,0.0018210706766694784
mlp_1x100_relu,10,30,135,0.002233240520581603,0.0018203797517344356
mlp_1x100_relu,10,30,136,0.00223540305159986,0.001820245524868369
mlp_1x100_relu,10,30,137,0.002223248826339841,0.0018272525630891323
mlp_1x100_relu,10,30,138,0.0022266937885433435,0.0018165368819609284
mlp_1x100_relu,10,30,139,0.0022184450644999743,0.0018268541898578405
mlp_1x100_relu,10,30,140,0.0022308495827019215,0.0018284128746017814
mlp_1x100_relu,10,30,141,0.0022373334504663944,0.0018107781652361155
mlp_1x100_relu,10,30,142,0.0022160247899591923,0.001819575554691255
mlp_1x100_relu,10,30,143,0.0022098252084106207,0.0018163775093853474
mlp_1x100_relu,10,30,144,0.0022213293705135584,0.0018040635623037815
mlp_1x100_relu,10,30,145,0.0022312297951430082,0.0018298870418220758
mlp_1x100_relu,10,30,146,0.002227954799309373,0.0018259275238960981
mlp_1x100_relu,10,30,147,0.002231167396530509,0.001805876730941236
mlp_1x100_relu,10,30,148,0.0022217556834220886,0.001829063519835472
mlp_1x100_relu,10,30,149,0.0022278130054473877,0.0018100005108863115
mlp_1x100_relu,10,30,150,0.002217090455815196,0.0018051199149340391
mlp_1x100_relu,10,30,151,0.0022231603506952524,0.001814870280213654
mlp_1x100_relu,10,30,152,0.0022102785296738148,0.001833175541833043
mlp_1x100_relu,10,30,153,0.002218299312517047,0.0018194930162280798
mlp_1x100_relu,10,30,154,0.0022261629346758127,0.0018195020966231823
mlp_1x100_relu,10,30,155,0.002205758122727275,0.001814024755731225
mlp_1x100_relu,10,30,156,0.002209034049883485,0.001821849844418466
mlp_1x100_relu,10,30,157,0.002202027477324009,0.0018111116951331496
mlp_1x100_relu,10,30,158,0.002216903492808342,0.0018063526367768645
mlp_1x100_relu,10,30,159,0.0022103257942944765,0.00183008739259094
mlp_1x100_relu,10,30,160,0.002200209302827716,0.0018253442831337452
mlp_1x100_relu,10,30,161,0.0022100135684013367,0.001822669873945415
mlp_1x100_relu,10,30,162,0.0021988418884575367,0.0018321949755772948
mlp_1x100_relu,10,30,163,0.0021985445637255907,0.0018258729251101613
mlp_1x100_relu,10,30,164,0.0022076014429330826,0.0018294946057721972
mlp_1x100_relu,10,30,165,0.0021981061436235905,0.0018183989450335503
mlp_1x100_relu,10,30,166,0.0021976165007799864,0.0018155054422095418
mlp_1x100_relu,10,30,167,0.00219117384403944,0.001830086694099009
mlp_1x100_relu,10,30,168,0.0021887621842324734,0.0018280053045600653
mlp_1x100_relu,10,30,169,0.0021979380398988724,0.001811416819691658
mlp_1x100_relu,10,30,170,0.0021952230017632246,0.0018245279788970947
mlp_1x100_relu,10,30,171,0.0021961661987006664,0.0018250358989462256
mlp_1x100_relu,10,30,172,0.002192905405536294,0.0018206718377768993
mlp_1x100_relu,10,30,173,0.0021930779330432415,0.0018334373598918319
mlp_1x100_relu,10,30,174,0.002187359845265746,0.0018334321212023497
mlp_1x100_relu,10,30,175,0.002195487031713128,0.0018183189677074552
mlp_1x100_relu,10,30,176,0.002197007881477475,0.0018251442816108465
mlp_1x100_relu,10,30,177,0.00218870397657156,0.001814168645069003
mlp_1x100_relu,10,30,178,0.0022015233989804983,0.0018118656007573009
mlp_1x100_relu,10,30,179,0.002191446488723159,0.0018218227196484804
mlp_1x100_relu,10,30,180,0.002187886741012335,0.0018199525075033307
mlp_1x100_relu,10,30,181,0.0021776629146188498,0.0018207859247922897
mlp_1x100_relu,10,30,182,0.00219428027048707,0.0018167250091210008
mlp_1x100_relu,10,30,183,0.0022049196995794773,0.0018302423413842916
mlp_1x100_relu,10,30,184,0.0021932346280664206,0.0018155842553824186
mlp_1x100_relu,10,30,185,0.0021967526990920305,0.0018220891943201423
mlp_1x100_relu,10,30,186,0.0021860527340322733,0.0018156265141442418
mlp_1x100_relu,10,30,187,0.002187167527154088,0.001824145670980215
mlp_1x100_relu,10,30,188,0.0021896555554121733,0.0018181625055149198
mlp_1x100_relu,10,30,189,0.002181046875193715,0.0018261490622535348
mlp_1x100_relu,10,30,190,0.002180306473746896,0.0018347217701375484
mlp_1x100_relu,10,30,191,0.0021826145239174366,0.0018241448560729623
mlp_1x100_relu,10,30,192,0.002184387296438217,0.0018206830136477947
mlp_1x100_relu,10,30,193,0.0021792366169393063,0.0018333469051867723
mlp_1x100_relu,10,30,194,0.002184961223974824,0.001829755026847124
mlp_1x100_relu,10,30,195,0.0021875607781112194,0.0018250297289341688
mlp_1x100_relu,10,30,196,0.002193324500694871,0.001828381442464888
mlp_1x100_relu,10,30,197,0.0021836119703948498,0.0018373250495642424
mlp_1x100_relu,10,30,198,0.0021888164337724447,0.0018268236890435219
mlp_1x100_relu,10,30,199,0.0021883121225982904,0.0018309884471818805
mlp_1x100_relu,10,30,200,0.002177869901061058,0.001830795081332326
mlp_1x100_relu,10,30,201,0.0021821195259690285,0.0018254778115078807
mlp_1x100_relu,10,30,202,0.002187376841902733,0.0018339738016948104
mlp_1x100_relu,10,30,203,0.0021783143747597933,0.0018233828013762832
mlp_1x100_relu,10,30,204,0.0021792426705360413,0.0018204667139798403
mlp_1x100_relu,10,30,205,0.002184306737035513,0.0018390418263152242
mlp_1x100_relu,10,30,206,0.0021806079894304276,0.0018189151305705309
mlp_1x100_relu,10,30,207,0.0021910094656050205,0.0018416347447782755
mlp_1x100_relu,10,30,208,0.002176747191697359,0.0018322246614843607
mlp_1x100_relu,10,30,209,0.0021812571212649345,0.001832344220019877
mlp_1x100_relu,10,30,210,0.0021779050584882498,0.0018289117142558098
mlp_1x100_relu,10,30,211,0.0021906201727688313,0.0018267419654875994
mlp_1x100_relu,10,30,212,0.002191008534282446,0.0018186934757977724
mlp_1x100_relu,10,30,213,0.0021909798961132765,0.0018156212754547596
mlp_1x100_relu,10,30,214,0.002180285518988967,0.0018307110294699669
mlp_1x100_relu,10,30,215,0.0021834925282746553,0.0018157040467485785
mlp_1x100_relu,10,30,216,0.0021840515546500683,0.0018405714072287083
mlp_1x100_relu,10,30,217,0.0021826380398124456,0.0018316056812182069
mlp_1x100_relu,10,30,218,0.0021773430053144693,0.001833927002735436
mlp_1x100_relu,10,30,219,0.002169304061681032,0.0018353104824200273
mlp_1x100_relu,10,30,220,0.0021661545615643263,0.0018442957662045956
mlp_1x100_relu,10,30,221,0.002181664342060685,0.0018377525266259909
mlp_1x100_relu,10,30,222,0.00218977895565331,0.0018343143165111542
mlp_1x100_relu,10,30,223,0.002189557533711195,0.0018408477772027254
mlp_1x100_relu,10,30,224,0.002178019378334284,0.0018400965491309762
mlp_1x100_relu,10,30,225,0.0021891763899475336,0.0018391897901892662
mlp_1x100_relu,10,30,226,0.002188091166317463,0.0018315050983801484
mlp_1x100_relu,10,30,227,0.002182538155466318,0.0018260350916534662
mlp_1x100_relu,10,30,228,0.002176076639443636,0.0018217058386653662
mlp_1x100_relu,10,30,229,0.0021774249617010355,0.0018237917684018612
mlp_1x100_relu,10,30,230,0.0021663960069417953,0.0018383701099082828
mlp_1x100_relu,10,30,231,0.0021734617184847593,0.0018413974903523922
mlp_1x100_relu,10,30,232,0.0021674069575965405,0.0018342790426686406
mlp_1x100_relu,10,30,233,0.002179132541641593,0.0018219269113615155
mlp_1x100_relu,10,30,234,0.0021818880923092365,0.0018299265066161752
mlp_1x100_relu,10,30,235,0.0021796615328639746,0.0018256474286317825
mlp_1x100_relu,10,30,236,0.0021884525194764137,0.0018245603423565626
mlp_1x100_relu,10,30,237,0.0021794571075588465,0.0018201408674940467
mlp_1x100_relu,10,30,238,0.0021735832560807467,0.0018333456246182323
mlp_1x100_relu,10,30,239,0.002175303176045418,0.0018306478159502149
mlp_1x100_relu,10,30,240,0.0021761683747172356,0.0018314424669370055
mlp_1x100_relu,10,30,241,0.0021824620198458433,0.0018304450204595923
mlp_1x100_relu,10,30,242,0.0021852210629731417,0.0018229762790724635
mlp_1x100_relu,10,30,243,0.0021797220688313246,0.001830747234635055
mlp_1x100_relu,10,30,244,0.002184151438996196,0.0018247527768835425
mlp_1x100_relu,10,30,245,0.002178509021177888,0.0018362323753535748
mlp_1x100_relu,10,30,246,0.002174513880163431,0.0018293840112164617
mlp_1x100_relu,10,30,247,0.002170511521399021,0.001822684658691287
mlp_1x100_relu,10,30,248,0.002170705934986472,0.0018263637321069837
mlp_1x100_relu,10,30,249,0.002167708706110716,0.0018269199645146728
mlp_1x100_relu,10,30,250,0.002175427507609129,0.001827223226428032
mlp_1x100_relu,10,30,251,0.0021767932921648026,0.0018224988598376513
mlp_1x100_relu,10,30,252,0.002183118835091591,0.0018229227280244231
mlp_1x100_relu,10,30,253,0.002182960044592619,0.0018304935656487942
mlp_1x100_relu,10,30,254,0.0021777895744889975,0.00184723234269768
mlp_1x100_relu,10,30,255,0.002172602340579033,0.0018290277803316712
mlp_1x100_relu,10,30,256,0.0021772736217826605,0.001828094944357872
mlp_1x100_relu,10,30,257,0.002191325416788459,0.0018292564200237393
mlp_1x100_relu,10,30,258,0.0021826745942234993,0.001833111047744751
mlp_1x100_relu,10,30,259,0.0021714004687964916,0.0018393793143332005
mlp_1x100_relu,10,30,260,0.002173215616494417,0.0018347555305808783
mlp_1x100_relu,10,30,261,0.002176700159907341,0.0018394369399175048
mlp_1x100_relu,10,30,262,0.0021713089663535357,0.0018316475907340646
mlp_1x100_relu,10,30,263,0.002179080853238702,0.0018326255958527327
mlp_1x100_relu,10,30,264,0.0021801472175866365,0.0018316273344680667
mlp_1x100_relu,10,30,265,0.0021812014747411013,0.0018276626942679286
mlp_1x100_relu,10,30,266,0.002180241048336029,0.0018316651694476604
mlp_1x100_relu,10,30,267,0.0021726726554334164,0.001833430491387844
mlp_1x100_relu,10,30,268,0.00217993906699121,0.0018335268832743168
mlp_1x100_relu,10,30,269,0.002166761551052332,0.0018387327436357737
mlp_1x100_relu,10,30,270,0.0021734789479523897,0.0018255802569910884
mlp_1x100_relu,10,30,271,0.0021746696438640356,0.0018412108765915036
mlp_1x100_relu,10,30,272,0.0021730668377131224,0.0018210146808996797
mlp_1x100_relu,10,30,273,0.00217436789534986,0.0018306280253455043
mlp_1x100_relu,10,30,274,0.0021778843365609646,0.0018302458338439465
mlp_1x100_relu,10,30,275,0.0021867312025278807,0.0018253293819725513
mlp_1x100_relu,10,30,276,0.002176915528252721,0.001830431865528226
mlp_1x100_relu,10,30,277,0.002177176298573613,0.001829930697567761
mlp_1x100_relu,10,30,278,0.0021717529743909836,0.0018323539989069104
mlp_1x100_relu,10,30,279,0.002166969235986471,0.0018414066871628165
mlp_1x100_relu,10,30,280,0.00216913060285151,0.0018285324331372976
mlp_1x100_relu,10,30,281,0.0021788885351270437,0.0018290200969204307
mlp_1x100_relu,10,30,282,0.0021776023786514997,0.0018270737491548061
mlp_1x100_relu,10,30,283,0.0021825539879500866,0.0018370673060417175
mlp_1x100_relu,10,30,284,0.0021822177805006504,0.0018397963140159845
mlp_1x100_relu,10,30,285,0.002173132263123989,0.0018250818829983473
mlp_1x100_relu,10,30,286,0.0021770161110907793,0.0018359426176175475
mlp_1x100_relu,10,30,287,0.0021685659885406494,0.0018395319348201156
mlp_1x100_relu,10,30,288,0.002170323161408305,0.0018400319386273623
mlp_1x100_relu,10,30,289,0.0021700782235711813,0.0018515934934839606
mlp_1x100_relu,10,30,290,0.0021693578455597162,0.0018455750541761518
mlp_1x100_relu,10,30,291,0.0021708339918404818,0.0018496703123673797
mlp_1x100_relu,10,30,292,0.002163315424695611,0.0018361698603257537
mlp_1x100_relu,10,30,293,0.0021724605467170477,0.001832691952586174
mlp_1x100_relu,10,30,294,0.002178424270823598,0.001824934734031558
mlp_1x100_relu,10,30,295,0.002174424473196268,0.0018300038063898683
mlp_1x100_relu,10,30,296,0.0021713548339903355,0.0018415654776617885
mlp_1x100_relu,10,30,297,0.0021655482705682516,0.0018375564832240343
mlp_1x100_relu,10,30,298,0.0021737886127084494,0.0018298448994755745
mlp_1x100_relu,10,30,299,0.0021674614399671555,0.0018465106841176748
mlp_1x100_relu,10,30,300,0.002172428648918867,0.0018362891860306263
mlp_1x100_relu,10,30,301,0.0021799569949507713,0.0018324314150959253
mlp_1x100_relu,10,30,302,0.0021714437752962112,0.0018357053631916642
mlp_1x100_relu,10,30,303,0.0021659191697835922,0.0018294262699782848
mlp_1x100_relu,10,30,304,0.0021714940667152405,0.0018434079829603434
mlp_1x100_relu,10,30,305,0.0021707075648009777,0.0018569251988083124
mlp_1x100_relu,10,30,306,0.002169582759961486,0.0018301906529814005
mlp_1x100_relu,10,30,307,0.0021681045182049274,0.0018287101993337274
mlp_1x100_relu,10,30,308,0.002181744435802102,0.0018260726938024163
mlp_1x100_relu,10,30,309,0.00217168009839952,0.001850203494541347
mlp_1x100_relu,10,30,310,0.0021657776087522507,0.0018364402931183577
mlp_1x100_relu,10,30,311,0.002166793681681156,0.00182366615626961
mlp_1x100_relu,10,30,312,0.002173872897401452,0.0018343835836276412
mlp_1x100_relu,10,30,313,0.002166368532925844,0.0018176357261836529
mlp_1x100_relu,10,30,314,0.0021760384552180767,0.0018357167718932033
mlp_1x100_relu,10,30,315,0.0021744640544056892,0.0018353993073105812
mlp_1x100_relu,10,30,316,0.0021818140521645546,0.0018310254672542214
mlp_1x100_relu,10,30,317,0.0021648192778229713,0.0018445084569975734
mlp_1x100_relu,10,30,318,0.002167286816984415,0.0018443666631355882
mlp_1x100_relu,10,30,319,0.002169259823858738,0.0018336374778300524
mlp_1x100_relu,10,30,320,0.002167794620618224,0.0018283092649653554
mlp_1x100_relu,10,30,321,0.002165264217182994,0.0018381521804258227
mlp_1x100_relu,10,30,322,0.0021677855402231216,0.0018408659379929304
mlp_1x100_relu,10,30,323,0.002169812796637416,0.0018409786280244589
mlp_1x100_relu,10,30,324,0.002166453981772065,0.0018392940983176231
mlp_1x100_relu,10,30,325,0.0021670041605830193,0.0018398979445919394
mlp_1x100_relu,10,30,326,0.002171691507101059,0.001836618292145431
mlp_1x100_relu,10,30,327,0.0021741914097219706,0.0018301759846508503
mlp_1x100_relu,10,30,328,0.0021616704761981964,0.0018307367572560906
mlp_1x100_relu,10,30,329,0.002169161569327116,0.00182371586561203
mlp_1x100_relu,10,30,330,0.0021780726965516806,0.0018274663016200066
mlp_1x100_relu,10,30,331,0.002169232117012143,0.0018282043747603893
mlp_1x100_relu,10,30,332,0.002167115919291973,0.0018339502857998013
mlp_1x100_relu,10,30,333,0.0021657401230186224,0.0018300318624824286
mlp_1x100_relu,10,30,334,0.0021719352807849646,0.0018473165109753609
mlp_1x100_relu,10,30,335,0.0021678118500858545,0.0018303984543308616
mlp_1x100_relu,10,30,336,0.002165054902434349,0.0018320765811949968
mlp_1x100_relu,10,30,337,0.002171311993151903,0.0018341838149353862
mlp_1x100_relu,10,30,338,0.0021704593673348427,0.0018485583132132888
mlp_1x100_relu,10,30,339,0.0021636420860886574,0.0018395445076748729
mlp_1x100_relu,10,30,340,0.002164959441870451,0.0018304332625120878
mlp_1x100_relu,10,30,341,0.0021682544611394405,0.0018383400747552514
mlp_1x100_relu,10,30,342,0.002171784173697233,0.0018389653414487839
mlp_1x100_relu,10,30,343,0.0021680446807295084,0.0018373221391811967
mlp_1x100_relu,10,30,344,0.002166771562770009,0.0018299421062693
mlp_1x100_relu,10,30,345,0.0021683324594050646,0.001822271035052836
mlp_1x100_relu,10,30,346,0.0021698654163628817,0.001837362302467227
mlp_1x100_relu,10,30,347,0.002172630513086915,0.0018441540887579322
mlp_1x100_relu,10,30,348,0.0021682996302843094,0.001849619671702385
mlp_1x100_relu,10,30,349,0.0021746756974607706,0.0018279484938830137
mlp_1x100_relu,10,30,350,0.0021831325720995665,0.0018346791621297598
mlp_1x100_relu,10,30,351,0.0021721674129366875,0.0018257106421515346
mlp_1x100_relu,10,30,352,0.0021716745104640722,0.0018466534093022346
mlp_1x100_relu,10,30,353,0.0021637254394590855,0.001840124255977571
mlp_1x100_relu,10,30,354,0.0021619489416480064,0.0018356977961957455
mlp_1x100_relu,10,30,355,0.002174290595576167,0.0018356122309342027
mlp_1x100_relu,10,30,356,0.0021660595666617155,0.0018226808169856668
mlp_1x100_relu,10,30,357,0.0021766924764961004,0.001842825091443956
mlp_1x100_relu,10,30,358,0.002172952750697732,0.0018357110675424337
mlp_1x100_relu,10,30,359,0.002176146022975445,0.0018384448485448956
mlp_1x100_relu,10,30,360,0.002167253755033016,0.0018287113634869456
mlp_1x100_relu,10,30,361,0.002173981163650751,0.0018424085574224591
mlp_1x100_relu,10,30,362,0.002166952472180128,0.0018312045140191913
mlp_1x100_relu,10,30,363,0.002167969010770321,0.0018372994381934404
mlp_1x100_relu,10,30,364,0.0021740016527473927,0.001829631277360022
mlp_1x100_relu,10,30,365,0.0021670041605830193,0.001829535816796124
mlp_1x100_relu,10,30,366,0.0021758941002190113,0.0018382844282314181
mlp_1x100_relu,10,30,367,0.0021634993609040976,0.0018337650690227747
mlp_1x100_relu,10,30,368,0.0021672218572348356,0.001820866484194994
mlp_1x100_relu,10,30,369,0.002170044928789139,0.0018382795387879014
mlp_1x100_relu,10,30,370,0.0021716507617384195,0.0018378222594037652
mlp_1x100_relu,10,30,371,0.002167905680835247,0.0018383003771305084
mlp_1x100_relu,10,30,372,0.002171110361814499,0.001823967439122498
mlp_1x100_relu,10,30,373,0.0021735732443630695,0.0018299375660717487
mlp_1x100_relu,10,30,374,0.0021656963508576155,0.001840494223870337
mlp_1x100_relu,10,30,375,0.0021709101274609566,0.0018312070751562715
mlp_1x100_relu,10,30,376,0.002164379460737109,0.00183116493280977
mlp_1x100_relu,10,30,377,0.002168877748772502,0.0018521546153351665
mlp_1x100_relu,10,30,378,0.002164385747164488,0.0018339178059250116
mlp_1x100_relu,10,30,379,0.002163943601772189,0.0018334256019443274
mlp_1x100_relu,10,30,380,0.0021714577451348305,0.0018456612015143037
mlp_1x100_relu,10,30,381,0.0021663536317646503,0.0018272793386131525
mlp_1x100_relu,10,30,382,0.002160365227609873,0.0018399006221443415
mlp_1x100_relu,10,30,383,0.0021643643267452717,0.0018346228171139956
mlp_1x100_relu,10,30,384,0.002160836709663272,0.0018398280953988433
mlp_1x100_relu,10,30,385,0.0021647762041538954,0.0018473599338904023
mlp_1x100_relu,10,30,386,0.002163531957194209,0.0018473566742613912
mlp_1x100_relu,10,30,387,0.0021638183388859034,0.0018350117607042193
mlp_1x100_relu,10,30,388,0.002179189585149288,0.0018377617234364152
mlp_1x100_relu,10,30,389,0.002166530815884471,0.0018491954542696476
mlp_1x100_relu,10,30,390,0.002170368330553174,0.0018394181970506907
mlp_1x100_relu,10,30,391,0.0021670719143003225,0.0018393135396763682
mlp_1x100_relu,10,30,392,0.002166782272979617,0.0018479012651368976
mlp_1x100_relu,10,30,393,0.0021649026311933994,0.0018343316623941064
mlp_1x100_relu,10,30,394,0.0021684004459530115,0.0018438368570059538
mlp_1x100_relu,10,30,395,0.002162882359698415,0.0018413644284009933
mlp_1x100_relu,10,30,396,0.00216045998968184,0.0018406243762001395
mlp_1x100_relu,10,30,397,0.0021660791244357824,0.0018404255388304591
mlp_1x100_relu,10,30,398,0.002164259785786271,0.0018497576238587499
mlp_1x100_relu,10,30,399,0.002164391800761223,0.0018341869581490755
mlp_1x100_relu,10,30,400,0.002164664212614298,0.0018580075120553374
mlp_1x100_relu,10,30,401,0.0021614658180624247,0.0018467037007212639
mlp_1x100_relu,10,30,402,0.002167438855394721,0.0018497190903872252
mlp_1x100_relu,10,30,403,0.002171010011807084,0.001839331816881895
mlp_1x100_relu,10,30,404,0.0021617531310766935,0.0018472796073183417
mlp_1x100_relu,10,30,405,0.002169972052797675,0.0018416558159515262
mlp_1x100_relu,10,30,406,0.0021789255551993847,0.0018403782742097974
mlp_1x100_relu,10,30,407,0.0021719210781157017,0.0018367936136201024
mlp_1x100_relu,10,30,408,0.0021693254821002483,0.0018417342798784375
mlp_1x100_relu,10,30,409,0.0021720726508647203,0.0018414119258522987
mlp_1x100_relu,10,30,410,0.0021664490923285484,0.0018262481316924095
mlp_1x100_relu,10,30,411,0.0021619456820189953,0.0018414941150695086
mlp_1x100_relu,10,30,412,0.00216833408921957,0.0018262838711962104
mlp_1x100_relu,10,30,413,0.002174512017518282,0.0018335977802053094
mlp_1x100_relu,10,30,414,0.0021690810099244118,0.001824419479817152
mlp_1x100_relu,10,30,415,0.0021631354466080666,0.001837119460105896
mlp_1x100_relu,10,30,416,0.002158459508791566,0.0018452225485816598
mlp_1x100_relu,10,30,417,0.0021666784305125475,0.001852191286161542
mlp_1x100_relu,10,30,418,0.002161188516765833,0.0018302001990377903
mlp_1x100_relu,10,30,419,0.002165196230635047,0.001838258234784007
mlp_1x100_relu,10,30,420,0.0021628630347549915,0.0018390263430774212
mlp_1x100_relu,10,30,421,0.0021643235813826323,0.0018393162172287703
mlp_1x100_relu,10,30,422,0.0021623559296131134,0.0018364402931183577
mlp_1x100_relu,10,30,423,0.002169534098356962,0.0018304892582818866
mlp_1x100_relu,10,30,424,0.0021679564379155636,0.001832477981224656
mlp_1x100_relu,10,30,425,0.0021651708520948887,0.0018338277004659176
mlp_1x100_relu,10,30,426,0.0021662425715476274,0.001831877394579351
mlp_1x100_relu,10,30,427,0.002164558507502079,0.001836474984884262
mlp_1x100_relu,10,30,428,0.0021652493160218,0.0018377815140411258
mlp_1x100_relu,10,30,429,0.002164788544178009,0.0018454184755682945
mlp_1x100_relu,10,30,430,0.002163802506402135,0.001832921407185495
mlp_1x100_relu,10,30,431,0.0021700719371438026,0.0018336167559027672
mlp_1x100_relu,10,30,432,0.0021690200082957745,0.0018260511569678783
mlp_1x100_relu,10,30,433,0.002175463130697608,0.0018491330556571484
mlp_1x100_relu,10,30,434,0.002166112419217825,0.0018287921557202935
mlp_1x100_relu,10,30,435,0.002169475657865405,0.0018343145493417978
mlp_1x100_relu,10,30,436,0.002164195291697979,0.0018273175228387117
mlp_1x100_relu,10,30,437,0.002173774875700474,0.001839268603362143
mlp_1x100_relu,10,30,438,0.0021673578303307295,0.0018338318914175034
mlp_1x100_relu,10,30,439,0.0021670751739293337,0.0018453785451129079
mlp_1x100_relu,10,30,440,0.002165701938793063,0.0018423919100314379
mlp_1x100_relu,10,30,441,0.002160643460229039,0.0018406601157039404
mlp_1x100_relu,10,30,442,0.0021646663080900908,0.0018437253311276436
mlp_1x100_relu,10,30,443,0.002168236533179879,0.0018436480313539505
mlp_1x100_relu,10,30,444,0.002161536831408739,0.0018421924905851483
mlp_1x100_relu,10,30,445,0.0021608916576951742,0.0018525879131630063
mlp_1x100_relu,10,30,446,0.0021695487666875124,0.0018444961169734597
mlp_1x100_relu,10,30,447,0.002168927574530244,0.0018330508610233665
mlp_1x100_relu,10,30,448,0.0021638174075633287,0.0018335613422095776
mlp_1x100_relu,10,30,449,0.0021772682666778564,0.0018293606117367744
mlp_1x100_relu,10,30,450,0.0021763970144093037,0.001838764059357345
mlp_1x100_relu,10,30,451,0.002167719416320324,0.001830074586905539
mlp_1x100_relu,10,30,452,0.0021642602514475584,0.0018374229548498988
mlp_1x100_relu,10,30,453,0.0021717229392379522,0.0018428071634843946
mlp_1x100_relu,10,30,454,0.0021680090576410294,0.0018402282148599625
mlp_1x100_relu,10,30,455,0.0021685862448066473,0.0018397131934762
mlp_1x100_relu,10,30,456,0.002163536846637726,0.001840180833823979
mlp_1x100_relu,10,30,457,0.0021616234444081783,0.00184210657607764
mlp_1x100_relu,10,30,458,0.002165050245821476,0.0018470443319529295
mlp_1x100_relu,10,30,459,0.002162354765459895,0.0018552313558757305
mlp_1x100_relu,10,30,460,0.0021659741178154945,0.0018426253227517009
mlp_1x100_relu,10,30,461,0.002173006534576416,0.0018390995683148503
mlp_1x100_relu,10,30,462,0.0021767006255686283,0.0018375979270786047
mlp_1x100_relu,10,30,463,0.0021667219698429108,0.0018263438250869513
mlp_1x100_relu,10,30,464,0.002166694961488247,0.0018492930103093386
mlp_1x100_relu,10,30,465,0.002166061894968152,0.0018492999952286482
mlp_1x100_relu,10,30,466,0.0021656625904142857,0.001849278574809432
mlp_1x100_relu,10,30,467,0.0021630029659718275,0.0018524972256273031
mlp_1x100_relu,10,30,468,0.00216471403837204,0.001836547628045082
mlp_1x100_relu,10,30,469,0.002165805082768202,0.0018408630276098847
mlp_1x100_relu,10,30,470,0.002165918704122305,0.0018543247133493423
mlp_1x100_relu,10,30,471,0.0021663764491677284,0.0018459405982866883
mlp_1x100_relu,10,30,472,0.0021681070793420076,0.0018383882706984878
mlp_1x100_relu,10,30,473,0.002160915406420827,0.0018398044630885124
mlp_1x100_relu,10,30,474,0.002162428107112646,0.0018408113392069936
mlp_1x100_relu,10,30,475,0.0021665366366505623,0.001837148331105709
mlp_1x100_relu,10,30,476,0.002168040256947279,0.0018451106734573841
mlp_1x100_relu,10,30,477,0.0021739243529736996,0.001833489746786654
mlp_1x100_relu,10,30,478,0.0021699301432818174,0.0018448728369548917
mlp_1x100_relu,10,30,479,0.002159284194931388,0.0018391204066574574
mlp_1x100_relu,10,30,480,0.002163237426429987,0.0018330266466364264
mlp_1x100_relu,10,30,481,0.002171711763367057,0.0018538497388362885
mlp_1x100_relu,10,30,482,0.002165132900699973,0.0018356854561716318
mlp_1x100_relu,10,30,483,0.0021651305723935366,0.0018317523645237088
mlp_1x100_relu,10,30,484,0.0021650870330631733,0.0018303958931937814
mlp_1x100_relu,10,30,485,0.002166849561035633,0.0018414518563076854
mlp_1x100_relu,10,30,486,0.0021661617793142796,0.0018386110896244645
mlp_1x100_relu,10,30,487,0.00216204603202641,0.0018368693999946117
mlp_1x100_relu,10,30,488,0.002168027451261878,0.0018349634483456612
mlp_1x100_relu,10,30,489,0.0021686418913304806,0.0018361666006967425
mlp_1x100_relu,10,30,490,0.002167974365875125,0.0018284153193235397
mlp_1x100_relu,10,30,491,0.0021667482797056437,0.0018273801542818546
mlp_1x100_relu,10,30,492,0.0021676633041352034,0.0018311265157535672
mlp_1x100_relu,10,30,493,0.002163334283977747,0.0018399673281237483
mlp_1x100_relu,10,30,494,0.0021623345091938972,0.0018349094316363335
mlp_1x100_relu,10,30,495,0.0021681298967450857,0.0018364330753684044
mlp_1x100_relu,10,30,496,0.0021667168475687504,0.0018383291317149997
mlp_1x100_relu,10,30,497,0.0021687729749828577,0.001843492267653346
mlp_1x100_relu,10,30,498,0.00216863420791924,0.0018442953005433083
mlp_1x100_relu,10,30,499,0.0021609996911138296,0.0018428984330967069
mlp_1x100_relu,10,30,500,0.0021686702966690063,0.0018304911209270358
mlp_1x100_relu,10,90,1,0.3913770914077759,0.17397984862327576
mlp_1x100_relu,10,90,2,0.16641248762607574,0.09445387125015259
mlp_1x100_relu,10,90,3,0.09241899847984314,0.05382941663265228
mlp_1x100_relu,10,90,4,0.05057566240429878,0.028446579352021217
mlp_1x100_relu,10,90,5,0.024847570806741714,0.013061407953500748
mlp_1x100_relu,10,90,6,0.01072426326572895,0.005891599226742983
mlp_1x100_relu,10,90,7,0.005141794681549072,0.0037480604369193316
mlp_1x100_relu,10,90,8,0.003997085615992546,0.003632815321907401
mlp_1x100_relu,10,90,9,0.0035437035840004683,0.0027039037086069584
mlp_1x100_relu,10,90,10,0.0032375825103372335,0.002745312172919512
mlp_1x100_relu,10,90,11,0.003021521959453821,0.00213275826536119
mlp_1x100_relu,10,90,12,0.0029205570463091135,0.002048381371423602
mlp_1x100_relu,10,90,13,0.0027525462210178375,0.001978029031306505
mlp_1x100_relu,10,90,14,0.0026793743018060923,0.0016674865037202835
mlp_1x100_relu,10,90,15,0.00265808985568583,0.001830868422985077
mlp_1x100_relu,10,90,16,0.0026145465672016144,0.0016811212990432978
mlp_1x100_relu,10,90,17,0.0026026982814073563,0.001715920283459127
mlp_1x100_relu,10,90,18,0.002500959439203143,0.001939210225827992
mlp_1x100_relu,10,90,19,0.0025240264367312193,0.002062004990875721
mlp_1x100_relu,10,90,20,0.002460168208926916,0.0017177594127133489
mlp_1x100_relu,10,90,21,0.0022757037077099085,0.0017762951320037246
mlp_1x100_relu,10,90,22,0.002243175869807601,0.0019529195269569755
mlp_1x100_relu,10,90,23,0.0021698172204196453,0.0019040820188820362
mlp_1x100_relu,10,90,24,0.0021317624486982822,0.00178525282535702
mlp_1x100_relu,10,90,25,0.0020621144212782383,0.0017157412366941571
mlp_1x100_relu,10,90,26,0.0020323011558502913,0.0016738130943849683
mlp_1x100_relu,10,90,27,0.0019594726618379354,0.0016491301357746124
mlp_1x100_relu,10,90,28,0.0018764750566333532,0.0015274243196472526
mlp_1x100_relu,10,90,29,0.001833259011618793,0.0014435218181461096
mlp_1x100_relu,10,90,30,0.001812563044950366,0.0014525356236845255
mlp_1x100_relu,10,90,31,0.001748379785567522,0.0013425096403807402
mlp_1x100_relu,10,90,32,0.001687689102254808,0.0012715570628643036
mlp_1x100_relu,10,90,33,0.0016433070413768291,0.0012110332027077675
mlp_1x100_relu,10,90,34,0.001604560180567205,0.0011934958165511489
mlp_1x100_relu,10,90,35,0.0015798944514244795,0.0011550523340702057
mlp_1x100_relu,10,90,36,0.001551851280964911,0.00110686756670475
mlp_1x100_relu,10,90,37,0.00152792246080935,0.0010789856314659119
mlp_1x100_relu,10,90,38,0.001514068921096623,0.0010822468902915716
mlp_1x100_relu,10,90,39,0.0014939146349206567,0.0010636288207024336
mlp_1x100_relu,10,90,40,0.0014689805684611201,0.0010710373753681779
mlp_1x100_relu,10,90,41,0.001449061674065888,0.0010758081916719675
mlp_1x100_relu,10,90,42,0.0014347588876262307,0.0010791670065373182
mlp_1x100_relu,10,90,43,0.001409234944730997,0.0010872477432712913
mlp_1x100_relu,10,90,44,0.0014017893699929118,0.001104686874896288
mlp_1x100_relu,10,90,45,0.0013898295583203435,0.0011129981139674783
mlp_1x100_relu,10,90,46,0.001381848705932498,0.0011190342484042048
mlp_1x100_relu,10,90,47,0.00138209224678576,0.0011232079705223441
mlp_1x100_relu,10,90,48,0.0013765119947493076,0.0011304585495963693
mlp_1x100_relu,10,90,49,0.0013722577132284641,0.001156807178631425
mlp_1x100_relu,10,90,50,0.00137127295602113,0.0011169713689014316
mlp_1x100_relu,10,90,51,0.001368434401229024,0.001151448697783053
mlp_1x100_relu,10,90,52,0.0013747289776802063,0.0011201114393770695
mlp_1x100_relu,10,90,53,0.0013681914424523711,0.0011602642480283976
mlp_1x100_relu,10,90,54,0.0013761109439656138,0.0011326777748763561
mlp_1x100_relu,10,90,55,0.0013724971795454621,0.0011573642259463668
mlp_1x100_relu,10,90,56,0.001376034808345139,0.0011261753970757127
mlp_1x100_relu,10,90,57,0.0013716063695028424,0.0011334106093272567
mlp_1x100_relu,10,90,58,0.0013713858788833022,0.0011488508898764849
mlp_1x100_relu,10,90,59,0.001369997626170516,0.0011186503106728196
mlp_1x100_relu,10,90,60,0.0013723541051149368,0.0011397076305001974
mlp_1x100_relu,10,90,61,0.0013776649720966816,0.0011156927794218063
mlp_1x100_relu,10,90,62,0.0013810200616717339,0.0011466530850157142
mlp_1x100_relu,10,90,63,0.001382343820296228,0.001113644801080227
mlp_1x100_relu,10,90,64,0.0013951772125437856,0.001125621609389782
mlp_1x100_relu,10,90,65,0.0013841446489095688,0.0011076180962845683
mlp_1x100_relu,10,90,66,0.0013844972709193826,0.0011258062440901995
mlp_1x100_relu,10,90,67,0.0013903860235586762,0.001101776259019971
mlp_1x100_relu,10,90,68,0.001377056585624814,0.001130001386627555
mlp_1x100_relu,10,90,69,0.0013833624543622136,0.0011376207694411278
mlp_1x100_relu,10,90,70,0.0013940040953457355,0.0011079659452661872
mlp_1x100_relu,10,90,71,0.001387493684887886,0.0011232312535867095
mlp_1x100_relu,10,90,72,0.001401612302288413,0.0011326490202918649
mlp_1x100_relu,10,90,73,0.001396934618242085,0.0011002965038642287
mlp_1x100_relu,10,90,74,0.0014105363516137004,0.001123586087487638
mlp_1x100_relu,10,90,75,0.0014031378086656332,0.0011066875886172056
mlp_1x100_relu,10,90,76,0.0014051101170480251,0.0010996583150699735
mlp_1x100_relu,10,90,77,0.0014015170745551586,0.0010962873930111527
mlp_1x100_relu,10,90,78,0.0014054402709007263,0.0011664312332868576
mlp_1x100_relu,10,90,79,0.00141298642847687,0.0010933051817119122
mlp_1x100_relu,10,90,80,0.0014017156790941954,0.0011108301114290953
mlp_1x100_relu,10,90,81,0.0014103732537478209,0.0011211626697331667
mlp_1x100_relu,10,90,82,0.001415309845469892,0.0011012561153620481
mlp_1x100_relu,10,90,83,0.001430258504115045,0.00110148498788476
mlp_1x100_relu,10,90,84,0.0014142469735816121,0.0010982919484376907
mlp_1x100_relu,10,90,85,0.001423287088982761,0.0011218860745429993
mlp_1x100_relu,10,90,86,0.001425433438271284,0.0011219820007681847
mlp_1x100_relu,10,90,87,0.0014085196889936924,0.0011116951936855912
mlp_1x100_relu,10,90,88,0.001404375652782619,0.0010952880838885903
mlp_1x100_relu,10,90,89,0.0014167294139042497,0.0010839325841516256
mlp_1x100_relu,10,90,90,0.0014194103423506021,0.001091741374693811
mlp_1x100_relu,10,90,91,0.0014249500818550587,0.001132815727032721
mlp_1x100_relu,10,90,92,0.0014315518783405423,0.0011030606692656875
mlp_1x100_relu,10,90,93,0.001419909531250596,0.001091372105292976
mlp_1x100_relu,10,90,94,0.0014278150629252195,0.0011225652415305376
mlp_1x100_relu,10,90,95,0.0014332460705190897,0.0011066726874560118
mlp_1x100_relu,10,90,96,0.0014364783419296145,0.001081892871297896
mlp_1x100_relu,10,90,97,0.001437875209376216,0.0011020832462236285
mlp_1x100_relu,10,90,98,0.001449525821954012,0.001087409327737987
mlp_1x100_relu,10,90,99,0.001448773080483079,0.001097325817681849
mlp_1x100_relu,10,90,100,0.0014334572479128838,0.0010971340816468
mlp_1x100_relu,10,90,101,0.0014237461145967245,0.0010976833291351795
mlp_1x100_relu,10,90,102,0.0014156898250803351,0.0010956621263176203
mlp_1x100_relu,10,90,103,0.0014235788257792592,0.0010747378692030907
mlp_1x100_relu,10,90,104,0.001433015102520585,0.0010914069134742022
mlp_1x100_relu,10,90,105,0.0014467033324763179,0.001077199587598443
mlp_1x100_relu,10,90,106,0.0014417775673791766,0.001092150923795998
mlp_1x100_relu,10,90,107,0.001433199504390359,0.0010568439029157162
mlp_1x100_relu,10,90,108,0.0014274660497903824,0.0010789614170789719
mlp_1x100_relu,10,90,109,0.0014199507422745228,0.0011044295970350504
mlp_1x100_relu,10,90,110,0.001439022016711533,0.0010864337673410773
mlp_1x100_relu,10,90,111,0.0014304162468761206,0.001088422373868525
mlp_1x100_relu,10,90,112,0.0014341017231345177,0.0010891187703236938
mlp_1x100_relu,10,90,113,0.001440773718059063,0.0010882668429985642
mlp_1x100_relu,10,90,114,0.0014241260942071676,0.0010923623340204358
mlp_1x100_relu,10,90,115,0.0014240833697840571,0.0010934589663520455
mlp_1x100_relu,10,90,116,0.00143063731957227,0.0010896417079493403
mlp_1x100_relu,10,90,117,0.0014306401135399938,0.0010953531600534916
mlp_1x100_relu,10,90,118,0.0014250943204388022,0.0011013711337000132
mlp_1x100_relu,10,90,119,0.0014355725143104792,0.0010879337787628174
mlp_1x100_relu,10,90,120,0.0014254647539928555,0.0010803244076669216
mlp_1x100_relu,10,90,121,0.0014355267630890012,0.0010882350616157055
mlp_1x100_relu,10,90,122,0.0014379877829924226,0.0010939108906313777
mlp_1x100_relu,10,90,123,0.001424238900654018,0.001107892137952149
mlp_1x100_relu,10,90,124,0.0014278126182034612,0.0010920831700786948
mlp_1x100_relu,10,90,125,0.0014240738237276673,0.0010963758686557412
mlp_1x100_relu,10,90,126,0.0014180683065205812,0.001093802391551435
mlp_1x100_relu,10,90,127,0.0014269776875153184,0.0010981671512126923
mlp_1x100_relu,10,90,128,0.0014224404003471136,0.0010942950611934066
mlp_1x100_relu,10,90,129,0.001426128437742591,0.00109695247374475
mlp_1x100_relu,10,90,130,0.0014226821949705482,0.0010955565376207232
mlp_1x100_relu,10,90,131,0.001428096555173397,0.0011036960640922189
mlp_1x100_relu,10,90,132,0.0014342247741296887,0.0010948484996333718
mlp_1x100_relu,10,90,133,0.0014222782338038087,0.0010937303304672241
mlp_1x100_relu,10,90,134,0.001416489714756608,0.0010946780676022172
mlp_1x100_relu,10,90,135,0.0014097153907641768,0.0010904066730290651
mlp_1x100_relu,10,90,136,0.0014176294207572937,0.0010854374850168824
mlp_1x100_relu,10,90,137,0.001413232064805925,0.0010928937699645758
mlp_1x100_relu,10,90,138,0.00141228293068707,0.0010950277792289853
mlp_1x100_relu,10,90,139,0.0014079936081543565,0.0010797480354085565
mlp_1x100_relu,10,90,140,0.001407635398209095,0.001090880949050188
mlp_1x100_relu,10,90,141,0.0014151637442409992,0.001084194052964449
mlp_1x100_relu,10,90,142,0.0014184588799253106,0.0011014430783689022
mlp_1x100_relu,10,90,143,0.0014141715364530683,0.0010913335718214512
mlp_1x100_relu,10,90,144,0.0014165592147037387,0.0010863023344427347
mlp_1x100_relu,10,90,145,0.0014089021133258939,0.0010869778925552964
mlp_1x100_relu,10,90,146,0.0014054423663765192,0.0010867356322705746
mlp_1x100_relu,10,90,147,0.0014089754549786448,0.0011095176450908184
mlp_1x100_relu,10,90,148,0.001405344344675541,0.0010875884909182787
mlp_1x100_relu,10,90,149,0.0014053641352802515,0.0010824297787621617
mlp_1x100_relu,10,90,150,0.0014101804699748755,0.001081133377738297
mlp_1x100_relu,10,90,151,0.0014079305110499263,0.0010888963006436825
mlp_1x100_relu,10,90,152,0.0014073282945901155,0.001090521807782352
mlp_1x100_relu,10,90,153,0.0014116521924734116,0.0010906984098255634
mlp_1x100_relu,10,90,154,0.0014063684502616525,0.0010933049488812685
mlp_1x100_relu,10,90,155,0.001405165414325893,0.0010804127668961883
mlp_1x100_relu,10,90,156,0.001405229908414185,0.0010976141784340143
mlp_1x100_relu,10,90,157,0.001413599937222898,0.0010767376516014338
mlp_1x100_relu,10,90,158,0.0014085258590057492,0.0010868461104109883
mlp_1x100_relu,10,90,159,0.001413831952959299,0.001081852475181222
mlp_1x100_relu,10,90,160,0.0014134104130789638,0.0010809729574248195
mlp_1x100_relu,10,90,161,0.0014134985394775867,0.001068902318365872
mlp_1x100_relu,10,90,162,0.0014022465329617262,0.0010821789037436247
mlp_1x100_relu,10,90,163,0.0014046442229300737,0.0010932449949905276
mlp_1x100_relu,10,90,164,0.0014091646298766136,0.0010828704107552767
mlp_1x100_relu,10,90,165,0.001400699489749968,0.0010937557090073824
mlp_1x100_relu,10,90,166,0.0014049545861780643,0.001080306712538004
mlp_1x100_relu,10,90,167,0.0014088996686041355,0.0010819080052897334
mlp_1x100_relu,10,90,168,0.001402743044309318,0.0010920654749497771
mlp_1x100_relu,10,90,169,0.0014064210699871182,0.0010795844718813896
mlp_1x100_relu,10,90,170,0.001401958055794239,0.0010844204807654023
mlp_1x100_relu,10,90,171,0.0014031437458470464,0.0010817073052749038
mlp_1x100_relu,10,90,172,0.0014112067874521017,0.0010734893148764968
mlp_1x100_relu,10,90,173,0.0014017109060660005,0.0010841377079486847
mlp_1x100_relu,10,90,174,0.0014025646960362792,0.0010844421340152621
mlp_1x100_relu,10,90,175,0.0013994913315400481,0.0010814631823450327
mlp_1x100_relu,10,90,176,0.0014025707496330142,0.0010831569088622928
mlp_1x100_relu,10,90,177,0.0014053196646273136,0.001064409501850605
mlp_1x100_relu,10,90,178,0.001409247051924467,0.0010719713754951954
mlp_1x100_relu,10,90,179,0.0014068398158997297,0.0010639405809342861
mlp_1x100_relu,10,90,180,0.0014037663349881768,0.001069346209987998
mlp_1x100_relu,10,90,181,0.001401068177074194,0.0010835829889401793
mlp_1x100_relu,10,90,182,0.0014050216414034367,0.0010759722208604217
mlp_1x100_relu,10,90,183,0.0013991232262924314,0.0010848677484318614
mlp_1x100_relu,10,90,184,0.0013999327784404159,0.0010829733218997717
mlp_1x100_relu,10,90,185,0.0014077565865591168,0.0010815709829330444
mlp_1x100_relu,10,90,186,0.001403345842845738,0.0010793526889756322
mlp_1x100_relu,10,90,187,0.0014014692278578877,0.0010846508666872978
mlp_1x100_relu,10,90,188,0.001411457546055317,0.0010765355546027422
mlp_1x100_relu,10,90,189,0.0014096342492848635,0.0010851742699742317
mlp_1x100_relu,10,90,190,0.0014093786012381315,0.001082287053577602
mlp_1x100_relu,10,90,191,0.0014097655657678843,0.0010786709608510137
mlp_1x100_relu,10,90,192,0.0014050134923309088,0.0010761843295767903
mlp_1x100_relu,10,90,193,0.0014074716018512845,0.001078640460036695
mlp_1x100_relu,10,90,194,0.0014063783455640078,0.001079425448551774
mlp_1x100_relu,10,90,195,0.0014040832174941897,0.0010742883896455169
mlp_1x100_relu,10,90,196,0.001409693737514317,0.0010727676562964916
mlp_1x100_relu,10,90,197,0.001404495327733457,0.0010792356915771961
mlp_1x100_relu,10,90,198,0.0014086203882470727,0.0010789602529257536
mlp_1x100_relu,10,90,199,0.0014080284163355827,0.0010811511892825365
mlp_1x100_relu,10,90,200,0.0014056123327463865,0.00107141537591815
mlp_1x100_relu,10,90,201,0.001402476103976369,0.0010794276604428887
mlp_1x100_relu,10,90,202,0.0014051211765035987,0.0010784411570057273
mlp_1x100_relu,10,90,203,0.0014065958093851805,0.001082562725059688
mlp_1x100_relu,10,90,204,0.0014019999653100967,0.0010860831243917346
mlp_1x100_relu,10,90,205,0.0014060630928725004,0.0010803350014612079
mlp_1x100_relu,10,90,206,0.0014099496183916926,0.0010767971398308873
mlp_1x100_relu,10,90,207,0.0014052412007004023,0.001078397617675364
mlp_1x100_relu,10,90,208,0.0014026922872290015,0.0010841850889846683
mlp_1x100_relu,10,90,209,0.0014042172115296125,0.0010808855295181274
mlp_1x100_relu,10,90,210,0.0014041021931916475,0.001076824963092804
mlp_1x100_relu,10,90,211,0.0014033362967893481,0.0010740497382357717
mlp_1x100_relu,10,90,212,0.001410111435689032,0.001067695440724492
mlp_1x100_relu,10,90,213,0.0014030695892870426,0.0010951795848086476
mlp_1x100_relu,10,90,214,0.001412030542269349,0.0010762795573100448
mlp_1x100_relu,10,90,215,0.0014046119758859277,0.001073138671927154
mlp_1x100_relu,10,90,216,0.0014040591195225716,0.0010806447826325893
mlp_1x100_relu,10,90,217,0.0014082727720960975,0.0010770246153697371
mlp_1x100_relu,10,90,218,0.0014061648398637772,0.0010740273864939809
mlp_1x100_relu,10,90,219,0.0014079972170293331,0.0010738889686763287
mlp_1x100_relu,10,90,220,0.001404549810104072,0.0010794310364872217
mlp_1x100_relu,10,90,221,0.001408653799444437,0.0010806797072291374
mlp_1x100_relu,10,90,222,0.001406007562763989,0.0010745100444182754
mlp_1x100_relu,10,90,223,0.0014066704316064715,0.001073939260095358
mlp_1x100_relu,10,90,224,0.001405410934239626,0.001080538029782474
mlp_1x100_relu,10,90,225,0.001402288326062262,0.0010759843280538917
mlp_1x100_relu,10,90,226,0.0014064335264265537,0.0010720478603616357
mlp_1x100_relu,10,90,227,0.001401715911924839,0.0010734805837273598
mlp_1x100_relu,10,90,228,0.0014096650993451476,0.00107828457839787
mlp_1x100_relu,10,90,229,0.0014045623829588294,0.0010821090545505285
mlp_1x100_relu,10,90,230,0.001405198941938579,0.0010651892516762018
mlp_1x100_relu,10,90,231,0.00140413548797369,0.0010809646919369698
mlp_1x100_relu,10,90,232,0.0014073651982471347,0.001055056694895029
mlp_1x100_relu,10,90,233,0.001411867095157504,0.0010691210627555847
mlp_1x100_relu,10,90,234,0.0014031223254278302,0.0010767297353595495
mlp_1x100_relu,10,90,235,0.0014054217608645558,0.0010832527186721563
mlp_1x100_relu,10,90,236,0.001402384601533413,0.0010725944302976131
mlp_1x100_relu,10,90,237,0.0014035203494131565,0.0010747681371867657
mlp_1x100_relu,10,90,238,0.0014091646298766136,0.0010781511664390564
mlp_1x100_relu,10,90,239,0.001409335294738412,0.001064276322722435
mlp_1x100_relu,10,90,240,0.0014140410348773003,0.0010772008681669831
mlp_1x100_relu,10,90,241,0.001412637415342033,0.0010699080303311348
mlp_1x100_relu,10,90,242,0.0014048446901142597,0.0010698344558477402
mlp_1x100_relu,10,90,243,0.0014083503047004342,0.0010649545583873987
mlp_1x100_relu,10,90,244,0.0014044658746570349,0.0010786692146211863
mlp_1x100_relu,10,90,245,0.001405679271556437,0.0010710834758356214
mlp_1x100_relu,10,90,246,0.0014085749862715602,0.0010705720633268356
mlp_1x100_relu,10,90,247,0.0014041818212717772,0.0010699330596253276
mlp_1x100_relu,10,90,248,0.0014083960559219122,0.0010862965136766434
mlp_1x100_relu,10,90,249,0.0014065769501030445,0.0010732930386438966
mlp_1x100_relu,10,90,250,0.0014099780237302184,0.001078190398402512
mlp_1x100_relu,10,90,251,0.0014045329298824072,0.001080459333024919
mlp_1x100_relu,10,90,252,0.0014042798429727554,0.0010748195927590132
mlp_1x100_relu,10,90,253,0.0014105165610089898,0.0010712066432461143
mlp_1x100_relu,10,90,254,0.0014094567159190774,0.0010684487642720342
mlp_1x100_relu,10,90,255,0.0014120328705757856,0.0010729697532951832
mlp_1x100_relu,10,90,256,0.0014105301816016436,0.0010719934944063425
mlp_1x100_relu,10,90,257,0.0014073463389649987,0.0010776219423860312
mlp_1x100_relu,10,90,258,0.0014081984991207719,0.0010663213906809688
mlp_1x100_relu,10,90,259,0.0014110719785094261,0.0010719053680077195
mlp_1x100_relu,10,90,260,0.001407977775670588,0.0010673882206901908
mlp_1x100_relu,10,90,261,0.0014077231753617525,0.0010724058374762535
mlp_1x100_relu,10,90,262,0.00140812573954463,0.001071658218279481
mlp_1x100_relu,10,90,263,0.0014078374952077866,0.001061504241079092
mlp_1x100_relu,10,90,264,0.0014061775291338563,0.0010713187512010336
mlp_1x100_relu,10,90,265,0.0014071996556594968,0.0010698700789362192
mlp_1x100_relu,10,90,266,0.0014046048745512962,0.0010763441678136587
mlp_1x100_relu,10,90,267,0.001406249706633389,0.0010719302808865905
mlp_1x100_relu,10,90,268,0.0014113731449469924,0.001065601478330791
mlp_1x100_relu,10,90,269,0.0014106322778388858,0.0010698374826461077
mlp_1x100_relu,10,90,270,0.001408536802046001,0.0010661383857950568
mlp_1x100_relu,10,90,271,0.0014047145377844572,0.0010687464382499456
mlp_1x100_relu,10,90,272,0.00140680733602494,0.0010712459916248918
mlp_1x100_relu,10,90,273,0.0014108639443293214,0.0010712133953347802
mlp_1x100_relu,10,90,274,0.00141063891351223,0.001083150738850236
mlp_1x100_relu,10,90,275,0.001407393254339695,0.001061496906913817
mlp_1x100_relu,10,90,276,0.0014062526170164347,0.0010641936678439379
mlp_1x100_relu,10,90,277,0.0014086004812270403,0.0010702356230467558
mlp_1x100_relu,10,90,278,0.001405860879458487,0.0010772468522191048
mlp_1x100_relu,10,90,279,0.001407964271493256,0.0010629422031342983
mlp_1x100_relu,10,90,280,0.001405377988703549,0.001070337719283998
mlp_1x100_relu,10,90,281,0.0014098880346864462,0.0010645579313859344
mlp_1x100_relu,10,90,282,0.0014057483058422804,0.0010704266605898738
mlp_1x100_relu,10,90,283,0.0014066890580579638,0.0010647306917235255
mlp_1x100_relu,10,90,284,0.0014090564800426364,0.0010739283170551062
mlp_1x100_relu,10,90,285,0.0014112740755081177,0.0010622417321428657
mlp_1x100_relu,10,90,286,0.001410788856446743,0.0010753414826467633
mlp_1x100_relu,10,90,287,0.0014059445820748806,0.0010791263775900006
mlp_1x100_relu,10,90,288,0.0014071338810026646,0.0010723000159487128
mlp_1x100_relu,10,90,289,0.0014070541365072131,0.0010777011048048735
mlp_1x100_relu,10,90,290,0.0014035007916390896,0.0010775289265438914
mlp_1x100_relu,10,90,291,0.0014115587109699845,0.0010591474128887057
mlp_1x100_relu,10,90,292,0.0014093586942180991,0.0010769530199468136
mlp_1x100_relu,10,90,293,0.0014107617316767573,0.0010654621291905642
mlp_1x100_relu,10,90,294,0.0014064559945836663,0.0010783858597278595
mlp_1x100_relu,10,90,295,0.0014095624210312963,0.0010652225464582443
mlp_1x100_relu,10,90,296,0.0014094844227656722,0.0010700981365516782
mlp_1x100_relu,10,90,297,0.001408388139680028,0.0010642730630934238
mlp_1x100_relu,10,90,298,0.0014090916374698281,0.0010660957777872682
mlp_1x100_relu,10,90,299,0.0014071404002606869,0.001067947130650282
mlp_1x100_relu,10,90,300,0.0014057955704629421,0.0010769792133942246
mlp_1x100_relu,10,90,301,0.0014076026855036616,0.001078967354260385
mlp_1x100_relu,10,90,302,0.0014050269965082407,0.0010702584404498339
mlp_1x100_relu,10,90,303,0.0014040403766557574,0.0010830310638993979
mlp_1x100_relu,10,90,304,0.0014086562441661954,0.0010798820294439793
mlp_1x100_relu,10,90,305,0.001409817487001419,0.001063788658939302
mlp_1x100_relu,10,90,306,0.001407415489666164,0.001078008208423853
mlp_1x100_relu,10,90,307,0.001408857642672956,0.001069848658517003
mlp_1x100_relu,10,90,308,0.0014112438075244427,0.001060838345438242
mlp_1x100_relu,10,90,309,0.0014083964051678777,0.0010671818163245916
mlp_1x100_relu,10,90,310,0.0014117604587227106,0.00107032828964293
mlp_1x100_relu,10,90,311,0.0014051838079467416,0.001077089225873351
mlp_1x100_relu,10,90,312,0.0014136815443634987,0.0010679905535653234
mlp_1x100_relu,10,90,313,0.0014073359780013561,0.0010767595376819372
mlp_1x100_relu,10,90,314,0.0014070505276322365,0.0010653471108525991
mlp_1x100_relu,10,90,315,0.0014068293385207653,0.0010758399730548263
mlp_1x100_relu,10,90,316,0.0014073926722630858,0.0010758073767647147
mlp_1x100_relu,10,90,317,0.0014057420194149017,0.0010602379916235805
mlp_1x100_relu,10,90,318,0.0014071223558858037,0.0010687252506613731
mlp_1x100_relu,10,90,319,0.0014103719731792808,0.001070818630978465
mlp_1x100_relu,10,90,320,0.001405349699780345,0.0010708378395065665
mlp_1x100_relu,10,90,321,0.0014094450743868947,0.0010721181752160192
mlp_1x100_relu,10,90,322,0.001405159360729158,0.001072899904102087
mlp_1x100_relu,10,90,323,0.0014066093135625124,0.0010710275964811444
mlp_1x100_relu,10,90,324,0.0014077849918976426,0.001069633406586945
mlp_1x100_relu,10,90,325,0.0014093563659116626,0.0010634802747517824
mlp_1x100_relu,10,90,326,0.001409392338246107,0.0010743540478870273
mlp_1x100_relu,10,90,327,0.0014064927818253636,0.0010757745476439595
mlp_1x100_relu,10,90,328,0.0014041571412235498,0.0010805453639477491
mlp_1x100_relu,10,90,329,0.001410118187777698,0.0010613882914185524
mlp_1x100_relu,10,90,330,0.0014095285441726446,0.0010706753237172961
mlp_1x100_relu,10,90,331,0.0014069349272176623,0.001069554011337459
mlp_1x100_relu,10,90,332,0.001407806877978146,0.0010743298335000873
mlp_1x100_relu,10,90,333,0.0014078040840104222,0.0010736365802586079
mlp_1x100_relu,10,90,334,0.0014075879007577896,0.001072459970600903
mlp_1x100_relu,10,90,335,0.0014145673485472798,0.0010667232563719153
mlp_1x100_relu,10,90,336,0.001412182697094977,0.0010650799376890063
mlp_1x100_relu,10,90,337,0.0014169267378747463,0.0010684019653126597
mlp_1x100_relu,10,90,338,0.0014120752457529306,0.0010682385182008147
mlp_1x100_relu,10,90,339,0.0014092207420617342,0.00106630171649158
mlp_1x100_relu,10,90,340,0.001409245072863996,0.0010768517386168242
mlp_1x100_relu,10,90,341,0.0014085196889936924,0.0010619674576446414
mlp_1x100_relu,10,90,342,0.0014107698807492852,0.0010684019653126597
mlp_1x100_relu,10,90,343,0.0014082593843340874,0.0010758994612842798
mlp_1x100_relu,10,90,344,0.001408332260325551,0.0010740066645666957
mlp_1x100_relu,10,90,345,0.0014062738046050072,0.0010633636265993118
mlp_1x100_relu,10,90,346,0.0014062898699194193,0.0010787181090563536
mlp_1x100_relu,10,90,347,0.0014069207245483994,0.001066375058144331
mlp_1x100_relu,10,90,348,0.0014097221428528428,0.0010708366753533483
mlp_1x100_relu,10,90,349,0.0014067565789446235,0.0010773643152788281
mlp_1x100_relu,10,90,350,0.001408474170602858,0.0010652883211150765
mlp_1x100_relu,10,90,351,0.0014078364474698901,0.0010768341599032283
mlp_1x100_relu,10,90,352,0.0014093915233388543,0.0010767974890768528
mlp_1x100_relu,10,90,353,0.001406627707183361,0.001078492496162653
mlp_1x100_relu,10,90,354,0.0014089785981923342,0.0010697238612920046
mlp_1x100_relu,10,90,355,0.0014042217517271638,0.0010704118758440018
mlp_1x100_relu,10,90,356,0.0014076598454266787,0.0010659584077075124
mlp_1x100_relu,10,90,357,0.0014071932528167963,0.0010672558564692736
mlp_1x100_relu,10,90,358,0.0014123821165412664,0.0010775135597214103
mlp_1x100_relu,10,90,359,0.0014086435548961163,0.001071323174983263
mlp_1x100_relu,10,90,360,0.0014069383032619953,0.001078698318451643
mlp_1x100_relu,10,90,361,0.0014056024374440312,0.0010673743672668934
mlp_1x100_relu,10,90,362,0.0014082244597375393,0.0010678657563403249
mlp_1x100_relu,10,90,363,0.0014115101657807827,0.0010693043004721403
mlp_1x100_relu,10,90,364,0.0014112686039879918,0.001057171612046659
mlp_1x100_relu,10,90,365,0.0014074661303311586,0.0010710322530940175
mlp_1x100_relu,10,90,366,0.0014058430679142475,0.0010742155136540532
mlp_1x100_relu,10,90,367,0.0014100491534918547,0.0010621313704177737
mlp_1x100_relu,10,90,368,0.001408250187523663,0.0010604433482512832
mlp_1x100_relu,10,90,369,0.0014059956884011626,0.001082013826817274
mlp_1x100_relu,10,90,370,0.001406372874043882,0.001068202662281692
mlp_1x100_relu,10,90,371,0.0014057453954592347,0.0010619884124025702
mlp_1x100_relu,10,90,372,0.0014095689402893186,0.0010662772692739964
mlp_1x100_relu,10,90,373,0.0014090326149016619,0.0010661230189725757
mlp_1x100_relu,10,90,374,0.0014084455324336886,0.0010589688317850232
mlp_1x100_relu,10,90,375,0.0014061748515814543,0.0010654717916622758
mlp_1x100_relu,10,90,376,0.0014121446292847395,0.0010602094698697329
mlp_1x100_relu,10,90,377,0.0014078010572120547,0.0010615824721753597
mlp_1x100_relu,10,90,378,0.0014088150346651673,0.0010628835298120975
mlp_1x100_relu,10,90,379,0.0014076895313337445,0.0010669758776202798
mlp_1x100_relu,10,90,380,0.001413778867572546,0.0010664538713172078
mlp_1x100_relu,10,90,381,0.0014074923237785697,0.001061630086041987
mlp_1x100_relu,10,90,382,0.00141228293068707,0.0010770333465188742
mlp_1x100_relu,10,90,383,0.0014089260948821902,0.00106807891279459
mlp_1x100_relu,10,90,384,0.0014074196806177497,0.0010744166793301702
mlp_1x100_relu,10,90,385,0.0014079682296141982,0.0010652117198333144
mlp_1x100_relu,10,90,386,0.0014054265338927507,0.0010718769626691937
mlp_1x100_relu,10,90,387,0.0014056428335607052,0.0010557378409430385
mlp_1x100_relu,10,90,388,0.0014089334290474653,0.001060663489624858
mlp_1x100_relu,10,90,389,0.0014113383367657661,0.0010667586466297507
mlp_1x100_relu,10,90,390,0.0014093766221776605,0.0010654429206624627
mlp_1x100_relu,10,90,391,0.0014091732446104288,0.001066040713340044
mlp_1x100_relu,10,90,392,0.0014064237475395203,0.0010679877595975995
mlp_1x100_relu,10,90,393,0.0014119362458586693,0.0010674725053831935
mlp_1x100_relu,10,90,394,0.0014099465915933251,0.0010679448023438454
mlp_1x100_relu,10,90,395,0.0014081771951168776,0.0010779316071420908
mlp_1x100_relu,10,90,396,0.0014089319156482816,0.0010671367635950446
mlp_1x100_relu,10,90,397,0.0014064614661037922,0.0010779734002426267
mlp_1x100_relu,10,90,398,0.0014088156167417765,0.0010793294059112668
mlp_1x100_relu,10,90,399,0.0014059285167604685,0.0010618730448186398
mlp_1x100_relu,10,90,400,0.0014096846571192145,0.001072898623533547
mlp_1x100_relu,10,90,401,0.0014114800142124295,0.0010612256592139602
mlp_1x100_relu,10,90,402,0.0014089032774791121,0.001068775192834437
mlp_1x100_relu,10,90,403,0.001405807095579803,0.0010718548437580466
mlp_1x100_relu,10,90,404,0.001410117489285767,0.0010659797117114067
mlp_1x100_relu,10,90,405,0.0014069817261770368,0.0010667084716260433
mlp_1x100_relu,10,90,406,0.0014092507772147655,0.0010720149148255587
mlp_1x100_relu,10,90,407,0.001404423383064568,0.0010591463651508093
mlp_1x100_relu,10,90,408,0.0014111301861703396,0.0010630545439198613
mlp_1x100_relu,10,90,409,0.0014061747351661325,0.0010801088064908981
mlp_1x100_relu,10,90,410,0.0014092224882915616,0.0010715348180383444
mlp_1x100_relu,10,90,411,0.0014060683315619826,0.0010739420540630817
mlp_1x100_relu,10,90,412,0.0014106379821896553,0.0010773155372589827
mlp_1x100_relu,10,90,413,0.0014068047748878598,0.0010653861099854112
mlp_1x100_relu,10,90,414,0.0014073270140215755,0.0010822799522429705
mlp_1x100_relu,10,90,415,0.0014050219906494021,0.0010744162136688828
mlp_1x100_relu,10,90,416,0.0014084004797041416,0.0010734914103522897
mlp_1x100_relu,10,90,417,0.001408212585374713,0.0010681110434234142
mlp_1x100_relu,10,90,418,0.0014100032858550549,0.0010682661086320877
mlp_1x100_relu,10,90,419,0.0014075229410082102,0.0010724683525040746
mlp_1x100_relu,10,90,420,0.0014091228367760777,0.0010710170026868582
mlp_1x100_relu,10,90,421,0.0014060762478038669,0.0010673035867512226
mlp_1x100_relu,10,90,422,0.0014071633340790868,0.0010688552865758538
mlp_1x100_relu,10,90,423,0.0014099010732024908,0.001067820587195456
mlp_1x100_relu,10,90,424,0.0014062009286135435,0.0010806163772940636
mlp_1x100_relu,10,90,425,0.0014064337592571974,0.0010679977713152766
mlp_1x100_relu,10,90,426,0.001408247509971261,0.00106746144592762
mlp_1x100_relu,10,90,427,0.001407597796060145,0.0010673613287508488
mlp_1x100_relu,10,90,428,0.001409513526596129,0.0010622120462357998
mlp_1x100_relu,10,90,429,0.0014076458755880594,0.0010715530952438712
mlp_1x100_relu,10,90,430,0.00140575529076159,0.0010745309991762042
mlp_1x100_relu,10,90,431,0.0014076181687414646,0.0010758239077404141
mlp_1x100_relu,10,90,432,0.0014059569220989943,0.0010803958866745234
mlp_1x100_relu,10,90,433,0.0014112002681940794,0.0010705521563068032
mlp_1x100_relu,10,90,434,0.0014082370325922966,0.001068177167326212
mlp_1x100_relu,10,90,435,0.0014073805650696158,0.0010669934563338757
mlp_1x100_relu,10,90,436,0.0014073844067752361,0.0010708461049944162
mlp_1x100_relu,10,90,437,0.0014070302713662386,0.0010705054737627506
mlp_1x100_relu,10,90,438,0.0014059797395020723,0.0010759963188320398
mlp_1x100_relu,10,90,439,0.0014101865235716105,0.0010619909735396504
mlp_1x100_relu,10,90,440,0.001408182317391038,0.001070045167580247
mlp_1x100_relu,10,90,441,0.0014066594885662198,0.001071492093615234
mlp_1x100_relu,10,90,442,0.0014079214306548238,0.0010668063769116998
mlp_1x100_relu,10,90,443,0.00141113658901304,0.0010644998401403427
mlp_1x100_relu,10,90,444,0.001406717812642455,0.0010742380982264876
mlp_1x100_relu,10,90,445,0.0014075583312660456,0.0010653831996023655
mlp_1x100_relu,10,90,446,0.0014063428388908505,0.0010782744502648711
mlp_1x100_relu,10,90,447,0.0014096194645389915,0.0010690288618206978
mlp_1x100_relu,10,90,448,0.0014067217707633972,0.001068515470251441
mlp_1x100_relu,10,90,449,0.0014104606816545129,0.0010658412938937545
mlp_1x100_relu,10,90,450,0.0014079362154006958,0.0010639034444466233
mlp_1x100_relu,10,90,451,0.0014101496199145913,0.001062412979081273
mlp_1x100_relu,10,90,452,0.0014085042057558894,0.001071364851668477
mlp_1x100_relu,10,90,453,0.0014075464569032192,0.001073810737580061
mlp_1x100_relu,10,90,454,0.001407735631801188,0.001067048986442387
mlp_1x100_relu,10,90,455,0.0014069435419514775,0.0010692751966416836
mlp_1x100_relu,10,90,456,0.0014075558865442872,0.0010705498280003667
mlp_1x100_relu,10,90,457,0.0014042685506865382,0.0010753744281828403
mlp_1x100_relu,10,90,458,0.0014085344737395644,0.0010734545066952705
mlp_1x100_relu,10,90,459,0.0014083469286561012,0.0010722627630457282
mlp_1x100_relu,10,90,460,0.0014069188619032502,0.0010719378478825092
mlp_1x100_relu,10,90,461,0.0014053226914256811,0.0010694485390558839
mlp_1x100_relu,10,90,462,0.0014075296930968761,0.00106383569072932
mlp_1x100_relu,10,90,463,0.0014065868454053998,0.0010692477226257324
mlp_1x100_relu,10,90,464,0.00140969711355865,0.0010688550537452102
mlp_1x100_relu,10,90,465,0.001409290125593543,0.0010579490335658193
mlp_1x100_relu,10,90,466,0.0014067325973883271,0.0010659772669896483
mlp_1x100_relu,10,90,467,0.0014128655893728137,0.0010683777509257197
mlp_1x100_relu,10,90,468,0.0014139226404950023,0.0010584464762359858
mlp_1x100_relu,10,90,469,0.001414242316968739,0.0010580045636743307
mlp_1x100_relu,10,90,470,0.0014109042240306735,0.001062328345142305
mlp_1x100_relu,10,90,471,0.0014081288827583194,0.0010731042129918933
mlp_1x100_relu,10,90,472,0.0014101493870839477,0.001072940998710692
mlp_1x100_relu,10,90,473,0.001410100725479424,0.0010651081101968884
mlp_1x100_relu,10,90,474,0.0014069577446207404,0.0010750858346000314
mlp_1x100_relu,10,90,475,0.0014062572736293077,0.001071685808710754
mlp_1x100_relu,10,90,476,0.001408700947649777,0.0010674443328753114
mlp_1x100_relu,10,90,477,0.001408801064826548,0.0010732350638136268
mlp_1x100_relu,10,90,478,0.0014083009446039796,0.0010627995943650603
mlp_1x100_relu,10,90,479,0.0014056131476536393,0.0010692216455936432
mlp_1x100_relu,10,90,480,0.001408863696269691,0.001072125742211938
mlp_1x100_relu,10,90,481,0.0014115293743088841,0.0010712515795603395
mlp_1x100_relu,10,90,482,0.0014082855777814984,0.0010634880745783448
mlp_1x100_relu,10,90,483,0.0014081215485930443,0.001065568532794714
mlp_1x100_relu,10,90,484,0.0014096698723733425,0.001067237462848425
mlp_1x100_relu,10,90,485,0.0014085272559896111,0.0010777583811432123
mlp_1x100_relu,10,90,486,0.0014072756748646498,0.0010686914902180433
mlp_1x100_relu,10,90,487,0.001403569127433002,0.0010737119009718299
mlp_1x100_relu,10,90,488,0.0014095858205109835,0.0010684631997719407
mlp_1x100_relu,10,90,489,0.0014058697270229459,0.001058175228536129
mlp_1x100_relu,10,90,490,0.0014118769904598594,0.0010725298197939992
mlp_1x100_relu,10,90,491,0.0014049458550289273,0.0010680975392460823
mlp_1x100_relu,10,90,492,0.0014073069905862212,0.0010735681280493736
mlp_1x100_relu,10,90,493,0.0014073069905862212,0.001071315840817988
mlp_1x100_relu,10,90,494,0.001407366944476962,0.0010752292582765222
mlp_1x100_relu,10,90,495,0.001406124560162425,0.001079498091712594
mlp_1x100_relu,10,90,496,0.0014060912653803825,0.001070612110197544
mlp_1x100_relu,10,90,497,0.0014064658898860216,0.0010653961217030883
mlp_1x100_relu,10,90,498,0.0014051973121240735,0.0010719456477090716
mlp_1x100_relu,10,90,499,0.0014073849888518453,0.0010646127630025148
mlp_1x100_relu,10,90,500,0.0014085149159654975,0.00107377499807626
mlp_1x100_relu,30,1,1,0.4565870761871338,0.21179606020450592
mlp_1x100_relu,30,1,2,0.19104357063770294,0.1162511482834816
mlp_1x100_relu,30,1,3,0.1021566390991211,0.06666521728038788
mlp_1x100_relu,30,1,4,0.05407964810729027,0.03540687635540962
mlp_1x100_relu,30,1,5,0.0270227137953043,0.01800072193145752
mlp_1x100_relu,30,1,6,0.0156689565628767,0.01151256263256073
mlp_1x100_relu,30,1,7,0.01287196297198534,0.010230041109025478
mlp_1x100_relu,30,1,8,0.012500768527388573,0.010153527371585369
mlp_1x100_relu,30,1,9,0.012388509698212147,0.010238081216812134
mlp_1x100_relu,30,1,10,0.01231383066624403,0.010338965803384781
mlp_1x100_relu,30,1,11,0.012238483875989914,0.01059879083186388
mlp_1x100_relu,30,1,12,0.012141646817326546,0.010612847283482552
mlp_1x100_relu,30,1,13,0.012093590572476387,0.010675141587853432
mlp_1x100_relu,30,1,14,0.012020216323435307,0.010797424241900444
mlp_1x100_relu,30,1,15,0.011902290396392345,0.010858631692826748
mlp_1x100_relu,30,1,16,0.011991053819656372,0.011523068882524967
mlp_1x100_relu,30,1,17,0.01218357402831316,0.01182549074292183
mlp_1x100_relu,30,1,18,0.012443548068404198,0.01136406697332859
mlp_1x100_relu,30,1,19,0.012621486559510231,0.011121810413897038
mlp_1x100_relu,30,1,20,0.011847264133393764,0.011032786220312119
mlp_1x100_relu,30,1,21,0.011436651460826397,0.011368990875780582
mlp_1x100_relu,30,1,22,0.011511649936437607,0.011558587662875652
mlp_1x100_relu,30,1,23,0.012475666590034962,0.01219497062265873
mlp_1x100_relu,30,1,24,0.01282930001616478,0.010682334192097187
mlp_1x100_relu,30,1,25,0.012305305339396,0.010730712674558163
mlp_1x100_relu,30,1,26,0.011205676011741161,0.011076481081545353
mlp_1x100_relu,30,1,27,0.011216994374990463,0.012304412201046944
mlp_1x100_relu,30,1,28,0.011429442092776299,0.01077031809836626
mlp_1x100_relu,30,1,29,0.011697182431817055,0.010973811149597168
mlp_1x100_relu,30,1,30,0.012053137645125389,0.01113166194409132
mlp_1x100_relu,30,1,31,0.011751015670597553,0.010560998693108559
mlp_1x100_relu,30,1,32,0.010916710831224918,0.010361247695982456
mlp_1x100_relu,30,1,33,0.010859028436243534,0.011350464075803757
mlp_1x100_relu,30,1,34,0.010948947630822659,0.011624166741967201
mlp_1x100_relu,30,1,35,0.01106751337647438,0.011189654469490051
mlp_1x100_relu,30,1,36,0.011462399736046791,0.011464912444353104
mlp_1x100_relu,30,1,37,0.011991632170975208,0.011843386106193066
mlp_1x100_relu,30,1,38,0.011319945566356182,0.010029200464487076
mlp_1x100_relu,30,1,39,0.010558197274804115,0.010184748098254204
mlp_1x100_relu,30,1,40,0.01031683012843132,0.010044584050774574
mlp_1x100_relu,30,1,41,0.0104301692917943,0.010147272609174252
mlp_1x100_relu,30,1,42,0.010520003736019135,0.010450270026922226
mlp_1x100_relu,30,1,43,0.010349464602768421,0.010395572520792484
mlp_1x100_relu,30,1,44,0.010527330450713634,0.010092424228787422
mlp_1x100_relu,30,1,45,0.010588722303509712,0.010359683074057102
mlp_1x100_relu,30,1,46,0.010637644678354263,0.010595248080790043
mlp_1x100_relu,30,1,47,0.01103505864739418,0.010888952761888504
mlp_1x100_relu,30,1,48,0.011041561141610146,0.010451729409396648
mlp_1x100_relu,30,1,49,0.010489357635378838,0.010268180631101131
mlp_1x100_relu,30,1,50,0.010517146438360214,0.010060732252895832
mlp_1x100_relu,30,1,51,0.010831765830516815,0.01078202947974205
mlp_1x100_relu,30,1,52,0.01074276864528656,0.010056023485958576
mlp_1x100_relu,30,1,53,0.010518217459321022,0.009965660981833935
mlp_1x100_relu,30,1,54,0.010345757007598877,0.010095273144543171
mlp_1x100_relu,30,1,55,0.010369155555963516,0.010122203268110752
mlp_1x100_relu,30,1,56,0.010625574737787247,0.010582210496068
mlp_1x100_relu,30,1,57,0.010509952902793884,0.010112082585692406
mlp_1x100_relu,30,1,58,0.010397136211395264,0.010138221085071564
mlp_1x100_relu,30,1,59,0.010536015965044498,0.010175972245633602
mlp_1x100_relu,30,1,60,0.010931571945548058,0.010752234607934952
mlp_1x100_relu,30,1,61,0.010750561952590942,0.009977294132113457
mlp_1x100_relu,30,1,62,0.010539413429796696,0.009873700328171253
mlp_1x100_relu,30,1,63,0.010332082398235798,0.01004506554454565
mlp_1x100_relu,30,1,64,0.010326760821044445,0.010260291397571564
mlp_1x100_relu,30,1,65,0.010367204435169697,0.010189730674028397
mlp_1x100_relu,30,1,66,0.010344424284994602,0.010170822031795979
mlp_1x100_relu,30,1,67,0.010477946139872074,0.01016343291848898
mlp_1x100_relu,30,1,68,0.010524655692279339,0.010122010484337807
mlp_1x100_relu,30,1,69,0.01048001367598772,0.010202054865658283
mlp_1x100_relu,30,1,70,0.010333504527807236,0.010092929005622864
mlp_1x100_relu,30,1,71,0.010447544977068901,0.010057806968688965
mlp_1x100_relu,30,1,72,0.010492700152099133,0.01008799858391285
mlp_1x100_relu,30,1,73,0.010430035181343555,0.009955636225640774
mlp_1x100_relu,30,1,74,0.010173930786550045,0.010002238675951958
mlp_1x100_relu,30,1,75,0.010302789509296417,0.010074679739773273
mlp_1x100_relu,30,1,76,0.010507216677069664,0.010291717946529388
mlp_1x100_relu,30,1,77,0.010425383225083351,0.010010934434831142
mlp_1x100_relu,30,1,78,0.010291671380400658,0.010146651417016983
mlp_1x100_relu,30,1,79,0.010336958803236485,0.010170193389058113
mlp_1x100_relu,30,1,80,0.010330799035727978,0.010027281939983368
mlp_1x100_relu,30,1,81,0.010445956140756607,0.010005352087318897
mlp_1x100_relu,30,1,82,0.010223397985100746,0.010117072612047195
mlp_1x100_relu,30,1,83,0.010316688567399979,0.010088173672556877
mlp_1x100_relu,30,1,84,0.010182340629398823,0.010006122291088104
mlp_1x100_relu,30,1,85,0.010140831582248211,0.01004628837108612
mlp_1x100_relu,30,1,86,0.010221433825790882,0.009997283108532429
mlp_1x100_relu,30,1,87,0.010309167206287384,0.01009283121675253
mlp_1x100_relu,30,1,88,0.010554092936217785,0.01015714555978775
mlp_1x100_relu,30,1,89,0.010451298207044601,0.009988602250814438
mlp_1x100_relu,30,1,90,0.010388080962002277,0.010124671272933483
mlp_1x100_relu,30,1,91,0.010306484065949917,0.009900107979774475
mlp_1x100_relu,30,1,92,0.01028903666883707,0.00981539860367775
mlp_1x100_relu,30,1,93,0.01039585005491972,0.009865532629191875
mlp_1x100_relu,30,1,94,0.010160893201828003,0.009968359023332596
mlp_1x100_relu,30,1,95,0.010108696296811104,0.009898489341139793
mlp_1x100_relu,30,1,96,0.01006663404405117,0.00991971604526043
mlp_1x100_relu,30,1,97,0.010057179257273674,0.009863327257335186
mlp_1x100_relu,30,1,98,0.010083918459713459,0.00998950470238924
mlp_1x100_relu,30,1,99,0.010120944119989872,0.009962067939341068
mlp_1x100_relu,30,1,100,0.010128349997103214,0.009933220222592354
mlp_1x100_relu,30,1,101,0.010081038810312748,0.009829615242779255
mlp_1x100_relu,30,1,102,0.010003918781876564,0.009955648332834244
mlp_1x100_relu,30,1,103,0.010004043579101562,0.009820363484323025
mlp_1x100_relu,30,1,104,0.009998827241361141,0.009966214187443256
mlp_1x100_relu,30,1,105,0.010180315934121609,0.009864641353487968
mlp_1x100_relu,30,1,106,0.010185673832893372,0.009850726462900639
mlp_1x100_relu,30,1,107,0.010032052174210548,0.00991360004991293
mlp_1x100_relu,30,1,108,0.010010313242673874,0.009912821464240551
mlp_1x100_relu,30,1,109,0.009960037656128407,0.009812415577471256
mlp_1x100_relu,30,1,110,0.010000361129641533,0.00996436644345522
mlp_1x100_relu,30,1,111,0.010009987279772758,0.009945647791028023
mlp_1x100_relu,30,1,112,0.010086454451084137,0.009962149895727634
mlp_1x100_relu,30,1,113,0.010003946721553802,0.009920187294483185
mlp_1x100_relu,30,1,114,0.009993741288781166,0.009906277991831303
mlp_1x100_relu,30,1,115,0.009993727318942547,0.009999091736972332
mlp_1x100_relu,30,1,116,0.009972114115953445,0.009791763499379158
mlp_1x100_relu,30,1,117,0.009916367009282112,0.00994993094354868
mlp_1x100_relu,30,1,118,0.009854631498456001,0.009840733371675014
mlp_1x100_relu,30,1,119,0.00993309449404478,0.00994061678647995
mlp_1x100_relu,30,1,120,0.009881006553769112,0.009923666715621948
mlp_1x100_relu,30,1,121,0.009875018149614334,0.00996248796582222
mlp_1x100_relu,30,1,122,0.00987767893821001,0.009948582388460636
mlp_1x100_relu,30,1,123,0.009855848737061024,0.009941059164702892
mlp_1x100_relu,30,1,124,0.00984793808311224,0.009976280853152275
mlp_1x100_relu,30,1,125,0.009809830226004124,0.009966881945729256
mlp_1x100_relu,30,1,126,0.009827095083892345,0.009931630454957485
mlp_1x100_relu,30,1,127,0.009878166019916534,0.009968840517103672
mlp_1x100_relu,30,1,128,0.009810232557356358,0.009916743263602257
mlp_1x100_relu,30,1,129,0.009847195819020271,0.009945382364094257
mlp_1x100_relu,30,1,130,0.009910994209349155,0.010008621960878372
mlp_1x100_relu,30,1,131,0.009853342548012733,0.009919112548232079
mlp_1x100_relu,30,1,132,0.009893936105072498,0.009810763411223888
mlp_1x100_relu,30,1,133,0.009836231358349323,0.009957809932529926
mlp_1x100_relu,30,1,134,0.009810456074774265,0.009835310280323029
mlp_1x100_relu,30,1,135,0.009809422306716442,0.009929748252034187
mlp_1x100_relu,30,1,136,0.009853126481175423,0.009962717071175575
mlp_1x100_relu,30,1,137,0.009803283959627151,0.009959160350263119
mlp_1x100_relu,30,1,138,0.009774424135684967,0.009884709492325783
mlp_1x100_relu,30,1,139,0.009718766435980797,0.009971478953957558
mlp_1x100_relu,30,1,140,0.009733657352626324,0.009948083199560642
mlp_1x100_relu,30,1,141,0.009690026752650738,0.009908285923302174
mlp_1x100_relu,30,1,142,0.00972413457930088,0.00997298676520586
mlp_1x100_relu,30,1,143,0.009705369360744953,0.009992276318371296
mlp_1x100_relu,30,1,144,0.009791987016797066,0.009974576532840729
mlp_1x100_relu,30,1,145,0.009750796481966972,0.009906518273055553
mlp_1x100_relu,30,1,146,0.00975141953676939,0.00995244737714529
mlp_1x100_relu,30,1,147,0.009786323644220829,0.009915984235703945
mlp_1x100_relu,30,1,148,0.009707054123282433,0.010039925575256348
mlp_1x100_relu,30,1,149,0.00968012586236,0.009976514615118504
mlp_1x100_relu,30,1,150,0.009689698927104473,0.009981066919863224
mlp_1x100_relu,30,1,151,0.009707448072731495,0.009934167377650738
mlp_1x100_relu,30,1,152,0.009667498990893364,0.0100422827526927
mlp_1x100_relu,30,1,153,0.009666703641414642,0.009970384649932384
mlp_1x100_relu,30,1,154,0.009654777124524117,0.0099892383441329
mlp_1x100_relu,30,1,155,0.009699316695332527,0.009977544657886028
mlp_1x100_relu,30,1,156,0.009703192859888077,0.009965386241674423
mlp_1x100_relu,30,1,157,0.009670872241258621,0.009965630248188972
mlp_1x100_relu,30,1,158,0.009667232632637024,0.010030471719801426
mlp_1x100_relu,30,1,159,0.009679538197815418,0.010007954202592373
mlp_1x100_relu,30,1,160,0.009673774242401123,0.009943011216819286
mlp_1x100_relu,30,1,161,0.00968466978520155,0.009973747655749321
mlp_1x100_relu,30,1,162,0.00962977297604084,0.00995539128780365
mlp_1x100_relu,30,1,163,0.009642728604376316,0.00997728481888771
mlp_1x100_relu,30,1,164,0.009636941365897655,0.010074189864099026
mlp_1x100_relu,30,1,165,0.009580696932971478,0.010050126351416111
mlp_1x100_relu,30,1,166,0.009583409875631332,0.010003807954490185
mlp_1x100_relu,30,1,167,0.009564733132719994,0.010015028528869152
mlp_1x100_relu,30,1,168,0.009579019621014595,0.009921452961862087
mlp_1x100_relu,30,1,169,0.009625636041164398,0.010051881894469261
mlp_1x100_relu,30,1,170,0.00959833525121212,0.009992122650146484
mlp_1x100_relu,30,1,171,0.009613932110369205,0.0099685313180089
mlp_1x100_relu,30,1,172,0.009612396359443665,0.010015229694545269
mlp_1x100_relu,30,1,173,0.009605886414647102,0.010013262741267681
mlp_1x100_relu,30,1,174,0.00957279559224844,0.010029583238065243
mlp_1x100_relu,30,1,175,0.009553004987537861,0.009958997368812561
mlp_1x100_relu,30,1,176,0.00958254374563694,0.010027837008237839
mlp_1x100_relu,30,1,177,0.00956781767308712,0.010049911215901375
mlp_1x100_relu,30,1,178,0.00960866641253233,0.009939606301486492
mlp_1x100_relu,30,1,179,0.009602149948477745,0.010078798979520798
mlp_1x100_relu,30,1,180,0.009687602519989014,0.010112466290593147
mlp_1x100_relu,30,1,181,0.009621215052902699,0.010002757422626019
mlp_1x100_relu,30,1,182,0.009585961699485779,0.010002360679209232
mlp_1x100_relu,30,1,183,0.009554835967719555,0.009987343102693558
mlp_1x100_relu,30,1,184,0.009547397494316101,0.009964166209101677
mlp_1x100_relu,30,1,185,0.009573658928275108,0.010053352452814579
mlp_1x100_relu,30,1,186,0.009560693986713886,0.010021889582276344
mlp_1x100_relu,30,1,187,0.00953487865626812,0.010023706592619419
mlp_1x100_relu,30,1,188,0.009546437300741673,0.010040193796157837
mlp_1x100_relu,30,1,189,0.009529857896268368,0.009959427639842033
mlp_1x100_relu,30,1,190,0.009566855616867542,0.010049683973193169
mlp_1x100_relu,30,1,191,0.00962003506720066,0.010016607120633125
mlp_1x100_relu,30,1,192,0.009627253748476505,0.010146081447601318
mlp_1x100_relu,30,1,193,0.009516902267932892,0.01005298551172018
mlp_1x100_relu,30,1,194,0.009485142305493355,0.010020949877798557
mlp_1x100_relu,30,1,195,0.009466130286455154,0.009988958016037941
mlp_1x100_relu,30,1,196,0.00949144922196865,0.010054889135062695
mlp_1x100_relu,30,1,197,0.009525902569293976,0.010072990320622921
mlp_1x100_relu,30,1,198,0.009546470828354359,0.009964992292225361
mlp_1x100_relu,30,1,199,0.009507973678410053,0.010081513784825802
mlp_1x100_relu,30,1,200,0.009502331726253033,0.010045373812317848
mlp_1x100_relu,30,1,201,0.009504469111561775,0.010163204744458199
mlp_1x100_relu,30,1,202,0.009484157897531986,0.010075995698571205
mlp_1x100_relu,30,1,203,0.009457210078835487,0.010005940683186054
mlp_1x100_relu,30,1,204,0.00943356566131115,0.010017926804721355
mlp_1x100_relu,30,1,205,0.009454239159822464,0.009965130127966404
mlp_1x100_relu,30,1,206,0.009475648403167725,0.009978440590202808
mlp_1x100_relu,30,1,207,0.009507839567959309,0.010032348334789276
mlp_1x100_relu,30,1,208,0.009478853084146976,0.010059844702482224
mlp_1x100_relu,30,1,209,0.009408594109117985,0.009965803474187851
mlp_1x100_relu,30,1,210,0.009457792155444622,0.009975383058190346
mlp_1x100_relu,30,1,211,0.009482386521995068,0.010074418969452381
mlp_1x100_relu,30,1,212,0.009458129294216633,0.009969353675842285
mlp_1x100_relu,30,1,213,0.00947202555835247,0.010029193945229053
mlp_1x100_relu,30,1,214,0.009506560862064362,0.010056943632662296
mlp_1x100_relu,30,1,215,0.009495057165622711,0.010124878957867622
mlp_1x100_relu,30,1,216,0.009463031776249409,0.010090450756251812
mlp_1x100_relu,30,1,217,0.00954520981758833,0.010186231695115566
mlp_1x100_relu,30,1,218,0.009546485729515553,0.010034020990133286
mlp_1x100_relu,30,1,219,0.009468174539506435,0.010060591623187065
mlp_1x100_relu,30,1,220,0.00947173684835434,0.010197426192462444
mlp_1x100_relu,30,1,221,0.009465950541198254,0.010200848802924156
mlp_1x100_relu,30,1,222,0.009405402466654778,0.010080555453896523
mlp_1x100_relu,30,1,223,0.009380324743688107,0.010108116082847118
mlp_1x100_relu,30,1,224,0.009418006986379623,0.010078048333525658
mlp_1x100_relu,30,1,225,0.009414873085916042,0.010093554854393005
mlp_1x100_relu,30,1,226,0.009436185471713543,0.010085402987897396
mlp_1x100_relu,30,1,227,0.009405841119587421,0.010232391767203808
mlp_1x100_relu,30,1,228,0.009403548203408718,0.010162238962948322
mlp_1x100_relu,30,1,229,0.009371934458613396,0.010078995488584042
mlp_1x100_relu,30,1,230,0.009418047964572906,0.010173079557716846
mlp_1x100_relu,30,1,231,0.009357563219964504,0.010167536325752735
mlp_1x100_relu,30,1,232,0.009360448457300663,0.010155088268220425
mlp_1x100_relu,30,1,233,0.009385162964463234,0.01015994232147932
mlp_1x100_relu,30,1,234,0.009394090622663498,0.010152678936719894
mlp_1x100_relu,30,1,235,0.009379791095852852,0.01015661284327507
mlp_1x100_relu,30,1,236,0.009439337998628616,0.01011035405099392
mlp_1x100_relu,30,1,237,0.009415782988071442,0.010225463658571243
mlp_1x100_relu,30,1,238,0.009426126256585121,0.010231047868728638
mlp_1x100_relu,30,1,239,0.009404939599335194,0.010174920782446861
mlp_1x100_relu,30,1,240,0.0093688340857625,0.010075632482767105
mlp_1x100_relu,30,1,241,0.009408346377313137,0.010216624476015568
mlp_1x100_relu,30,1,242,0.009393725544214249,0.010094601660966873
mlp_1x100_relu,30,1,243,0.009394904598593712,0.010243852622807026
mlp_1x100_relu,30,1,244,0.00938490591943264,0.010109004564583302
mlp_1x100_relu,30,1,245,0.009372738189995289,0.010166743770241737
mlp_1x100_relu,30,1,246,0.00933037418872118,0.010209865868091583
mlp_1x100_relu,30,1,247,0.009369783103466034,0.01020824071019888
mlp_1x100_relu,30,1,248,0.009456520900130272,0.010195007547736168
mlp_1x100_relu,30,1,249,0.009450472891330719,0.01024007797241211
mlp_1x100_relu,30,1,250,0.009395493194460869,0.010163450613617897
mlp_1x100_relu,30,1,251,0.009340309537947178,0.010156435891985893
mlp_1x100_relu,30,1,252,0.00936255231499672,0.010190315544605255
mlp_1x100_relu,30,1,253,0.009339497424662113,0.010103313252329826
mlp_1x100_relu,30,1,254,0.00935122836381197,0.010210797190666199
mlp_1x100_relu,30,1,255,0.009342904202640057,0.010194752365350723
mlp_1x100_relu,30,1,256,0.009339919313788414,0.01017118338495493
mlp_1x100_relu,30,1,257,0.009302373044192791,0.010231617838144302
mlp_1x100_relu,30,1,258,0.009329978376626968,0.01018869411200285
mlp_1x100_relu,30,1,259,0.00935252197086811,0.010256445035338402
mlp_1x100_relu,30,1,260,0.009335044771432877,0.010150929912924767
mlp_1x100_relu,30,1,261,0.009371615946292877,0.010198579169809818
mlp_1x100_relu,30,1,262,0.009332207031548023,0.010151319205760956
mlp_1x100_relu,30,1,263,0.009289102628827095,0.010218493640422821
mlp_1x100_relu,30,1,264,0.009296688251197338,0.010118231177330017
mlp_1x100_relu,30,1,265,0.009317186661064625,0.010109305381774902
mlp_1x100_relu,30,1,266,0.009310056455433369,0.010226668789982796
mlp_1x100_relu,30,1,267,0.009314964525401592,0.010181155987083912
mlp_1x100_relu,30,1,268,0.009312995709478855,0.010213499888777733
mlp_1x100_relu,30,1,269,0.009344047866761684,0.010151050053536892
mlp_1x100_relu,30,1,270,0.009358493611216545,0.010210279375314713
mlp_1x100_relu,30,1,271,0.009354103356599808,0.010156502015888691
mlp_1x100_relu,30,1,272,0.009326949715614319,0.01021458301693201
mlp_1x100_relu,30,1,273,0.009291254915297031,0.010167297907173634
mlp_1x100_relu,30,1,274,0.009312142618000507,0.010161644779145718
mlp_1x100_relu,30,1,275,0.009321650490164757,0.0101698637008667
mlp_1x100_relu,30,1,276,0.009305726736783981,0.010309167206287384
mlp_1x100_relu,30,1,277,0.009306072257459164,0.010165277868509293
mlp_1x100_relu,30,1,278,0.009317023679614067,0.010170352645218372
mlp_1x100_relu,30,1,279,0.009305319748818874,0.010161574929952621
mlp_1x100_relu,30,1,280,0.00931369699537754,0.01021499652415514
mlp_1x100_relu,30,1,281,0.009294913150370121,0.010252535343170166
mlp_1x100_relu,30,1,282,0.009340157732367516,0.010271131992340088
mlp_1x100_relu,30,1,283,0.00929568987339735,0.010232691653072834
mlp_1x100_relu,30,1,284,0.009268409572541714,0.010277070105075836
mlp_1x100_relu,30,1,285,0.00928504578769207,0.010167502798140049
mlp_1x100_relu,30,1,286,0.00928993709385395,0.010225916281342506
mlp_1x100_relu,30,1,287,0.009306740947067738,0.010219438001513481
mlp_1x100_relu,30,1,288,0.009296189993619919,0.010179722681641579
mlp_1x100_relu,30,1,289,0.009267983958125114,0.010187608189880848
mlp_1x100_relu,30,1,290,0.00928546953946352,0.010228926315903664
mlp_1x100_relu,30,1,291,0.00929625891149044,0.010171416215598583
mlp_1x100_relu,30,1,292,0.009331244975328445,0.010301212780177593
mlp_1x100_relu,30,1,293,0.0092932665720582,0.010175683535635471
mlp_1x100_relu,30,1,294,0.009289468638598919,0.010278855450451374
mlp_1x100_relu,30,1,295,0.009268446825444698,0.010158690623939037
mlp_1x100_relu,30,1,296,0.009281503967940807,0.010267388075590134
mlp_1x100_relu,30,1,297,0.009269662201404572,0.010284305550158024
mlp_1x100_relu,30,1,298,0.009253834374248981,0.010277906432747841
mlp_1x100_relu,30,1,299,0.009266529232263565,0.010192305780947208
mlp_1x100_relu,30,1,300,0.00926897581666708,0.010324844159185886
mlp_1x100_relu,30,1,301,0.00926821306347847,0.010146832093596458
mlp_1x100_relu,30,1,302,0.009262137115001678,0.010249800980091095
mlp_1x100_relu,30,1,303,0.009260178543627262,0.010241501033306122
mlp_1x100_relu,30,1,304,0.009247620590031147,0.010334921069443226
mlp_1x100_relu,30,1,305,0.009242326021194458,0.010224372148513794
mlp_1x100_relu,30,1,306,0.009264204651117325,0.010288260877132416
mlp_1x100_relu,30,1,307,0.009285110980272293,0.010337983258068562
mlp_1x100_relu,30,1,308,0.009270801208913326,0.010386443696916103
mlp_1x100_relu,30,1,309,0.009271921589970589,0.01020085345953703
mlp_1x100_relu,30,1,310,0.009264165535569191,0.010299590416252613
mlp_1x100_relu,30,1,311,0.009253122843801975,0.010249939747154713
mlp_1x100_relu,30,1,312,0.009239079430699348,0.010268633253872395
mlp_1x100_relu,30,1,313,0.009241989813745022,0.010258019901812077
mlp_1x100_relu,30,1,314,0.009254876524209976,0.01025823038071394
mlp_1x100_relu,30,1,315,0.009242209605872631,0.01022593304514885
mlp_1x100_relu,30,1,316,0.009248270653188229,0.010264608077704906
mlp_1x100_relu,30,1,317,0.009244659915566444,0.010275843553245068
mlp_1x100_relu,30,1,318,0.009315130300819874,0.010255333967506886
mlp_1x100_relu,30,1,319,0.009267824701964855,0.01022958941757679
mlp_1x100_relu,30,1,320,0.009258727543056011,0.010305858217179775
mlp_1x100_relu,30,1,321,0.009217188693583012,0.010252929292619228
mlp_1x100_relu,30,1,322,0.009207031689584255,0.01025959849357605
mlp_1x100_relu,30,1,323,0.009218260645866394,0.010312141850590706
mlp_1x100_relu,30,1,324,0.009220168925821781,0.010284682735800743
mlp_1x100_relu,30,1,325,0.009239988401532173,0.010345559567213058
mlp_1x100_relu,30,1,326,0.009237905032932758,0.010318041779100895
mlp_1x100_relu,30,1,327,0.009249979630112648,0.010282669216394424
mlp_1x100_relu,30,1,328,0.00925794243812561,0.010304519906640053
mlp_1x100_relu,30,1,329,0.009222403168678284,0.010248488746583462
mlp_1x100_relu,30,1,330,0.009276020340621471,0.010300962254405022
mlp_1x100_relu,30,1,331,0.009252365678548813,0.010338909924030304
mlp_1x100_relu,30,1,332,0.009227745234966278,0.010273408144712448
mlp_1x100_relu,30,1,333,0.009216910228133202,0.01028627809137106
mlp_1x100_relu,30,1,334,0.009194375947117805,0.010292869061231613
mlp_1x100_relu,30,1,335,0.009204057976603508,0.010220471769571304
mlp_1x100_relu,30,1,336,0.009251115843653679,0.01036443654447794
mlp_1x100_relu,30,1,337,0.009238499216735363,0.0102848494425416
mlp_1x100_relu,30,1,338,0.009182577021420002,0.010358140803873539
mlp_1x100_relu,30,1,339,0.009229002520442009,0.010317756794393063
mlp_1x100_relu,30,1,340,0.00921002309769392,0.010281234048306942
mlp_1x100_relu,30,1,341,0.00922185368835926,0.01035113912075758
mlp_1x100_relu,30,1,342,0.009214415214955807,0.010282429866492748
mlp_1x100_relu,30,1,343,0.009209398180246353,0.010240541771054268
mlp_1x100_relu,30,1,344,0.009235567413270473,0.010274816304445267
mlp_1x100_relu,30,1,345,0.009225022047758102,0.010270100086927414
mlp_1x100_relu,30,1,346,0.009233933873474598,0.010364186018705368
mlp_1x100_relu,30,1,347,0.009231342002749443,0.01035105437040329
mlp_1x100_relu,30,1,348,0.009213618002831936,0.010391074232757092
mlp_1x100_relu,30,1,349,0.009196994826197624,0.010261558927595615
mlp_1x100_relu,30,1,350,0.009215987287461758,0.010264238342642784
mlp_1x100_relu,30,1,351,0.009241735562682152,0.010374732315540314
mlp_1x100_relu,30,1,352,0.009229614399373531,0.010336936451494694
mlp_1x100_relu,30,1,353,0.009180347435176373,0.010406089015305042
mlp_1x100_relu,30,1,354,0.00916528794914484,0.010259544476866722
mlp_1x100_relu,30,1,355,0.009206028655171394,0.010363115929067135
mlp_1x100_relu,30,1,356,0.009180535562336445,0.01031710859388113
mlp_1x100_relu,30,1,357,0.009193180128932,0.010319525375962257
mlp_1x100_relu,30,1,358,0.00920491199940443,0.010333020240068436
mlp_1x100_relu,30,1,359,0.00919076707214117,0.010387950576841831
mlp_1x100_relu,30,1,360,0.009187228977680206,0.010411981493234634
mlp_1x100_relu,30,1,361,0.00917252991348505,0.010344375856220722
mlp_1x100_relu,30,1,362,0.00917635764926672,0.010392975062131882
mlp_1x100_relu,30,1,363,0.009165029972791672,0.010313358157873154
mlp_1x100_relu,30,1,364,0.009199138730764389,0.010394246317446232
mlp_1x100_relu,30,1,365,0.00918611977249384,0.010315789841115475
mlp_1x100_relu,30,1,366,0.009198719635605812,0.010407079011201859
mlp_1x100_relu,30,1,367,0.00921943411231041,0.01036127470433712
mlp_1x100_relu,30,1,368,0.009225955232977867,0.01034737378358841
mlp_1x100_relu,30,1,369,0.009207597002387047,0.010403462685644627
mlp_1x100_relu,30,1,370,0.009216087870299816,0.010390637442469597
mlp_1x100_relu,30,1,371,0.009200867265462875,0.01042255386710167
mlp_1x100_relu,30,1,372,0.009190211072564125,0.010397960431873798
mlp_1x100_relu,30,1,373,0.00916314497590065,0.010353351943194866
mlp_1x100_relu,30,1,374,0.009153974242508411,0.01038188673555851
mlp_1x100_relu,30,1,375,0.009196946397423744,0.010291080921888351
mlp_1x100_relu,30,1,376,0.009189939126372337,0.010418092831969261
mlp_1x100_relu,30,1,377,0.009168421849608421,0.01037349458783865
mlp_1x100_relu,30,1,378,0.00917545985430479,0.01036243885755539
mlp_1x100_relu,30,1,379,0.009185458533465862,0.010391286574304104
mlp_1x100_relu,30,1,380,0.0091707119718194,0.010361382737755775
mlp_1x100_relu,30,1,381,0.009197425097227097,0.010433928109705448
mlp_1x100_relu,30,1,382,0.00913894735276699,0.01037963293492794
mlp_1x100_relu,30,1,383,0.009182223118841648,0.010487285442650318
mlp_1x100_relu,30,1,384,0.009168798103928566,0.010356718674302101
mlp_1x100_relu,30,1,385,0.009180254302918911,0.010452748276293278
mlp_1x100_relu,30,1,386,0.00916645023971796,0.010495571419596672
mlp_1x100_relu,30,1,387,0.009150627069175243,0.010396825149655342
mlp_1x100_relu,30,1,388,0.009144925512373447,0.010339414700865746
mlp_1x100_relu,30,1,389,0.009161612950265408,0.01048048585653305
mlp_1x100_relu,30,1,390,0.009164376184344292,0.01027784775942564
mlp_1x100_relu,30,1,391,0.00918556097894907,0.010516561567783356
mlp_1x100_relu,30,1,392,0.009148470126092434,0.010389921255409718
mlp_1x100_relu,30,1,393,0.009183371439576149,0.010502243414521217
mlp_1x100_relu,30,1,394,0.009179431945085526,0.010372607968747616
mlp_1x100_relu,30,1,395,0.00919466745108366,0.010399547405540943
mlp_1x100_relu,30,1,396,0.009194353595376015,0.01041292306035757
mlp_1x100_relu,30,1,397,0.009180841967463493,0.010333237238228321
mlp_1x100_relu,30,1,398,0.00915263220667839,0.010466348379850388
mlp_1x100_relu,30,1,399,0.00915265642106533,0.01039139274507761
mlp_1x100_relu,30,1,400,0.00915453676134348,0.01035639550536871
mlp_1x100_relu,30,1,401,0.009168812073767185,0.010430327616631985
mlp_1x100_relu,30,1,402,0.009145022369921207,0.01038388442248106
mlp_1x100_relu,30,1,403,0.009131832979619503,0.010382672771811485
mlp_1x100_relu,30,1,404,0.00915597751736641,0.010483713820576668
mlp_1x100_relu,30,1,405,0.009151298552751541,0.010367059148848057
mlp_1x100_relu,30,1,406,0.009159499779343605,0.010423830710351467
mlp_1x100_relu,30,1,407,0.009112505242228508,0.010471420362591743
mlp_1x100_relu,30,1,408,0.009151667356491089,0.010424096137285233
mlp_1x100_relu,30,1,409,0.009171088226139545,0.01040244847536087
mlp_1x100_relu,30,1,410,0.009147271513938904,0.010486382991075516
mlp_1x100_relu,30,1,411,0.00913189072161913,0.010455627925693989
mlp_1x100_relu,30,1,412,0.009119052439928055,0.010511068627238274
mlp_1x100_relu,30,1,413,0.009131865575909615,0.010326866991817951
mlp_1x100_relu,30,1,414,0.0091004753485322,0.01049789134413004
mlp_1x100_relu,30,1,415,0.009127574972808361,0.010513663291931152
mlp_1x100_relu,30,1,416,0.00917655136436224,0.010453853756189346
mlp_1x100_relu,30,1,417,0.009152335114777088,0.010471280664205551
mlp_1x100_relu,30,1,418,0.00914938747882843,0.010475157760083675
mlp_1x100_relu,30,1,419,0.009166551753878593,0.010528085753321648
mlp_1x100_relu,30,1,420,0.009130979888141155,0.010553515516221523
mlp_1x100_relu,30,1,421,0.009165003895759583,0.010359661653637886
mlp_1x100_relu,30,1,422,0.009153432212769985,0.010469133965671062
mlp_1x100_relu,30,1,423,0.009155011735856533,0.010332114063203335
mlp_1x100_relu,30,1,424,0.009131718426942825,0.010387114249169827
mlp_1x100_relu,30,1,425,0.00913275871425867,0.010474084876477718
mlp_1x100_relu,30,1,426,0.009128380566835403,0.010501003824174404
mlp_1x100_relu,30,1,427,0.009140926413238049,0.010464493185281754
mlp_1x100_relu,30,1,428,0.009136593900620937,0.010494408197700977
mlp_1x100_relu,30,1,429,0.009129351004958153,0.01042933389544487
mlp_1x100_relu,30,1,430,0.009147655218839645,0.010536202229559422
mlp_1x100_relu,30,1,431,0.00914190523326397,0.010515461675822735
mlp_1x100_relu,30,1,432,0.009115609340369701,0.010547524318099022
mlp_1x100_relu,30,1,433,0.00913312565535307,0.010517619550228119
mlp_1x100_relu,30,1,434,0.009127079509198666,0.010569553822278976
mlp_1x100_relu,30,1,435,0.009154660627245903,0.010453484021127224
mlp_1x100_relu,30,1,436,0.009118895046412945,0.01056729443371296
mlp_1x100_relu,30,1,437,0.009119292721152306,0.010537609457969666
mlp_1x100_relu,30,1,438,0.009110289625823498,0.010500459000468254
mlp_1x100_relu,30,1,439,0.009115793742239475,0.010590441524982452
mlp_1x100_relu,30,1,440,0.00912847463041544,0.010521996766328812
mlp_1x100_relu,30,1,441,0.009128005243837833,0.010501646436750889
mlp_1x100_relu,30,1,442,0.00907779112458229,0.010602322407066822
mlp_1x100_relu,30,1,443,0.009119320660829544,0.010579309426248074
mlp_1x100_relu,30,1,444,0.00913136638700962,0.01052410900592804
mlp_1x100_relu,30,1,445,0.00917007401585579,0.010564218275249004
mlp_1x100_relu,30,1,446,0.009150804951786995,0.010635542683303356
mlp_1x100_relu,30,1,447,0.009152653627097607,0.01053648255765438
mlp_1x100_relu,30,1,448,0.009141230955719948,0.010531477630138397
mlp_1x100_relu,30,1,449,0.009116453118622303,0.010494345799088478
mlp_1x100_relu,30,1,450,0.009100682102143764,0.010571731254458427
mlp_1x100_relu,30,1,451,0.009098988957703114,0.01047641783952713
mlp_1x100_relu,30,1,452,0.00910141970962286,0.010562227107584476
mlp_1x100_relu,30,1,453,0.009120454080402851,0.01056623924523592
mlp_1x100_relu,30,1,454,0.009091135114431381,0.010431280359625816
mlp_1x100_relu,30,1,455,0.0091007761657238,0.010601771995425224
mlp_1x100_relu,30,1,456,0.009109575301408768,0.010481934994459152
mlp_1x100_relu,30,1,457,0.00911188218742609,0.01063731499016285
mlp_1x100_relu,30,1,458,0.009109926410019398,0.010558811016380787
mlp_1x100_relu,30,1,459,0.009130450896918774,0.010587125085294247
mlp_1x100_relu,30,1,460,0.009143815375864506,0.010549700818955898
mlp_1x100_relu,30,1,461,0.009116094559431076,0.01060295570641756
mlp_1x100_relu,30,1,462,0.00910977367311716,0.010567543096840382
mlp_1x100_relu,30,1,463,0.009095708839595318,0.010591317899525166
mlp_1x100_relu,30,1,464,0.009117369540035725,0.010532095097005367
mlp_1x100_relu,30,1,465,0.009093956090509892,0.010641079396009445
mlp_1x100_relu,30,1,466,0.009130382910370827,0.010585296899080276
mlp_1x100_relu,30,1,467,0.009109633043408394,0.010560554452240467
mlp_1x100_relu,30,1,468,0.009134280495345592,0.010483727790415287
mlp_1x100_relu,30,1,469,0.009096035733819008,0.010614261031150818
mlp_1x100_relu,30,1,470,0.009114749729633331,0.010558306239545345
mlp_1x100_relu,30,1,471,0.009124847128987312,0.010613217949867249
mlp_1x100_relu,30,1,472,0.009123846888542175,0.010583730414509773
mlp_1x100_relu,30,1,473,0.009125367738306522,0.010611463338136673
mlp_1x100_relu,30,1,474,0.009132432751357555,0.010540864430367947
mlp_1x100_relu,30,1,475,0.009121020324528217,0.010568945668637753
mlp_1x100_relu,30,1,476,0.009100339375436306,0.010585610754787922
mlp_1x100_relu,30,1,477,0.00907765980809927,0.010605939663946629
mlp_1x100_relu,30,1,478,0.009063133038580418,0.010604701936244965
mlp_1x100_relu,30,1,479,0.009073968045413494,0.01050608977675438
mlp_1x100_relu,30,1,480,0.009104911237955093,0.01060982421040535
mlp_1x100_relu,30,1,481,0.009102371521294117,0.01058291457593441
mlp_1x100_relu,30,1,482,0.009112010709941387,0.010692066513001919
mlp_1x100_relu,30,1,483,0.009100568480789661,0.010628200136125088
mlp_1x100_relu,30,1,484,0.009106266312301159,0.010589509271085262
mlp_1x100_relu,30,1,485,0.009125086478888988,0.010567057877779007
mlp_1x100_relu,30,1,486,0.009112133644521236,0.010652425698935986
mlp_1x100_relu,30,1,487,0.00909421406686306,0.010550403967499733
mlp_1x100_relu,30,1,488,0.009127901867032051,0.010671616531908512
mlp_1x100_relu,30,1,489,0.009113914333283901,0.010603358969092369
mlp_1x100_relu,30,1,490,0.009103694930672646,0.010545591823756695
mlp_1x100_relu,30,1,491,0.00908940751105547,0.010527165606617928
mlp_1x100_relu,30,1,492,0.009062298573553562,0.010600795038044453
mlp_1x100_relu,30,1,493,0.009119896218180656,0.010560051538050175
mlp_1x100_relu,30,1,494,0.009103396907448769,0.010588792152702808
mlp_1x100_relu,30,1,495,0.009119445458054543,0.010666872374713421
mlp_1x100_relu,30,1,496,0.009123713709414005,0.010526599362492561
mlp_1x100_relu,30,1,497,0.009094505570828915,0.010629881173372269
mlp_1x100_relu,30,1,498,0.009076632559299469,0.010602648369967937
mlp_1x100_relu,30,1,499,0.009079783223569393,0.010639284737408161
mlp_1x100_relu,30,1,500,0.009099247865378857,0.010648581199347973
mlp_1x100_relu,30,5,1,0.45635995268821716,0.21125780045986176
mlp_1x100_relu,30,5,2,0.19070756435394287,0.11516639590263367
mlp_1x100_relu,30,5,3,0.10125347971916199,0.0655437633395195
mlp_1x100_relu,30,5,4,0.05205954238772392,0.03312502056360245
mlp_1x100_relu,30,5,5,0.02312050573527813,0.014030958525836468
mlp_1x100_relu,30,5,6,0.010013772174715996,0.006741964258253574
mlp_1x100_relu,30,5,7,0.006907179951667786,0.005152575671672821
mlp_1x100_relu,30,5,8,0.006457343697547913,0.005147958640009165
mlp_1x100_relu,30,5,9,0.006351024378091097,0.0051392135210335255
mlp_1x100_relu,30,5,10,0.006283262278884649,0.004910666029900312
mlp_1x100_relu,30,5,11,0.006254186853766441,0.0050939214415848255
mlp_1x100_relu,30,5,12,0.006225560791790485,0.005051551852375269
mlp_1x100_relu,30,5,13,0.006148210726678371,0.00499166501685977
mlp_1x100_relu,30,5,14,0.006119037978351116,0.004973098170012236
mlp_1x100_relu,30,5,15,0.00617184629663825,0.005029644817113876
mlp_1x100_relu,30,5,16,0.006210095249116421,0.004948746412992477
mlp_1x100_relu,30,5,17,0.006187885534018278,0.004940625745803118
mlp_1x100_relu,30,5,18,0.0061786542646586895,0.0049720751121640205
mlp_1x100_relu,30,5,19,0.0060363695956766605,0.005020014010369778
mlp_1x100_relu,30,5,20,0.006006482522934675,0.005067386664450169
mlp_1x100_relu,30,5,21,0.0060373409651219845,0.005298868287354708
mlp_1x100_relu,30,5,22,0.006270831450819969,0.0059346482157707214
mlp_1x100_relu,30,5,23,0.006214847322553396,0.005856295581907034
mlp_1x100_relu,30,5,24,0.00617001811042428,0.005897908005863428
mlp_1x100_relu,30,5,25,0.006316129118204117,0.005637212190777063
mlp_1x100_relu,30,5,26,0.005841403268277645,0.005791777744889259
mlp_1x100_relu,30,5,27,0.005583697929978371,0.005431086756289005
mlp_1x100_relu,30,5,28,0.005432337522506714,0.005377748981118202
mlp_1x100_relu,30,5,29,0.005525396671146154,0.0059549277648329735
mlp_1x100_relu,30,5,30,0.006052353419363499,0.006180933676660061
mlp_1x100_relu,30,5,31,0.006552770268172026,0.007017571944743395
mlp_1x100_relu,30,5,32,0.0060197217389941216,0.006137689109891653
mlp_1x100_relu,30,5,33,0.005844799801707268,0.005509189795702696
mlp_1x100_relu,30,5,34,0.005989028140902519,0.00680913869291544
mlp_1x100_relu,30,5,35,0.005545885302126408,0.005079431459307671
mlp_1x100_relu,30,5,36,0.0050399424508214,0.00478555029258132
mlp_1x100_relu,30,5,37,0.005011612083762884,0.004760843235999346
mlp_1x100_relu,30,5,38,0.005025485530495644,0.004834688268601894
mlp_1x100_relu,30,5,39,0.005110323894768953,0.004907362163066864
mlp_1x100_relu,30,5,40,0.005154845770448446,0.004802307114005089
mlp_1x100_relu,30,5,41,0.005026584956794977,0.004711853805929422
mlp_1x100_relu,30,5,42,0.005086097400635481,0.004656655713915825
mlp_1x100_relu,30,5,43,0.00525665981695056,0.004829023964703083
mlp_1x100_relu,30,5,44,0.005268252920359373,0.004556349944323301
mlp_1x100_relu,30,5,45,0.004973209463059902,0.0046354783698916435
mlp_1x100_relu,30,5,46,0.005104742478579283,0.004607778508216143
mlp_1x100_relu,30,5,47,0.005344834178686142,0.004903858061879873
mlp_1x100_relu,30,5,48,0.005376183893531561,0.004498400259763002
mlp_1x100_relu,30,5,49,0.005049170460551977,0.0044593727216124535
mlp_1x100_relu,30,5,50,0.0049950978718698025,0.004491754807531834
mlp_1x100_relu,30,5,51,0.0051473877392709255,0.004717019386589527
mlp_1x100_relu,30,5,52,0.0051254709251224995,0.004425376188009977
mlp_1x100_relu,30,5,53,0.0048651136457920074,0.004499688278883696
mlp_1x100_relu,30,5,54,0.0048776366747915745,0.00445928517729044
mlp_1x100_relu,30,5,55,0.0048964740708470345,0.004475132096558809
mlp_1x100_relu,30,5,56,0.0048654587008059025,0.00444965111091733
mlp_1x100_relu,30,5,57,0.004830542486160994,0.004501138348132372
mlp_1x100_relu,30,5,58,0.004876238293945789,0.004505546297878027
mlp_1x100_relu,30,5,59,0.004957755096256733,0.004539991728961468
mlp_1x100_relu,30,5,60,0.005004543345421553,0.004530591424554586
mlp_1x100_relu,30,5,61,0.005018559750169516,0.0044849771074950695
mlp_1x100_relu,30,5,62,0.004906168673187494,0.004467980470508337
mlp_1x100_relu,30,5,63,0.004983481485396624,0.004524044692516327
mlp_1x100_relu,30,5,64,0.004942392930388451,0.004522542003542185
mlp_1x100_relu,30,5,65,0.004910388961434364,0.004528607241809368
mlp_1x100_relu,30,5,66,0.004901499953120947,0.004513896536082029
mlp_1x100_relu,30,5,67,0.0048951138742268085,0.004539721645414829
mlp_1x100_relu,30,5,68,0.004881356377154589,0.004508179612457752
mlp_1x100_relu,30,5,69,0.004925421439111233,0.004535420332103968
mlp_1x100_relu,30,5,70,0.004964521620422602,0.004485987592488527
mlp_1x100_relu,30,5,71,0.004978836514055729,0.004551773890852928
mlp_1x100_relu,30,5,72,0.005006329622119665,0.004509607795625925
mlp_1x100_relu,30,5,73,0.00500731635838747,0.004519942216575146
mlp_1x100_relu,30,5,74,0.004985466133803129,0.0045157261192798615
mlp_1x100_relu,30,5,75,0.004953463561832905,0.004494732711464167
mlp_1x100_relu,30,5,76,0.0050321826711297035,0.004524379502981901
mlp_1x100_relu,30,5,77,0.005041657015681267,0.004452230874449015
mlp_1x100_relu,30,5,78,0.005020674783736467,0.004458406940102577
mlp_1x100_relu,30,5,79,0.005106511991471052,0.004483076278120279
mlp_1x100_relu,30,5,80,0.005159561987966299,0.004398536402732134
mlp_1x100_relu,30,5,81,0.005083117634057999,0.004404008388519287
mlp_1x100_relu,30,5,82,0.005065288860350847,0.004349730908870697
mlp_1x100_relu,30,5,83,0.005033439490944147,0.004478277172893286
mlp_1x100_relu,30,5,84,0.005046744365245104,0.004433162976056337
mlp_1x100_relu,30,5,85,0.005060252733528614,0.004423948470503092
mlp_1x100_relu,30,5,86,0.0050184112042188644,0.004458255134522915
mlp_1x100_relu,30,5,87,0.005060183349996805,0.004394195042550564
mlp_1x100_relu,30,5,88,0.0050362832844257355,0.0044484371319413185
mlp_1x100_relu,30,5,89,0.005076705012470484,0.004367814864963293
mlp_1x100_relu,30,5,90,0.005109365563839674,0.004454831127077341
mlp_1x100_relu,30,5,91,0.005103301722556353,0.004403399303555489
mlp_1x100_relu,30,5,92,0.005073414649814367,0.0044086286798119545
mlp_1x100_relu,30,5,93,0.005014553666114807,0.0044269622303545475
mlp_1x100_relu,30,5,94,0.0050233458168804646,0.004368340130895376
mlp_1x100_relu,30,5,95,0.005012269131839275,0.0043864864856004715
mlp_1x100_relu,30,5,96,0.004999957513064146,0.004395206458866596
mlp_1x100_relu,30,5,97,0.005027589853852987,0.004377742763608694
mlp_1x100_relu,30,5,98,0.005024702288210392,0.004375990014523268
mlp_1x100_relu,30,5,99,0.005018573720008135,0.0043923817574977875
mlp_1x100_relu,30,5,100,0.005051341373473406,0.004386817570775747
mlp_1x100_relu,30,5,101,0.005044630263000727,0.004390144720673561
mlp_1x100_relu,30,5,102,0.00503973662853241,0.004384456668049097
mlp_1x100_relu,30,5,103,0.005043422803282738,0.004393949639052153
mlp_1x100_relu,30,5,104,0.005039067938923836,0.004364759661257267
mlp_1x100_relu,30,5,105,0.005010903812944889,0.0044105867855250835
mlp_1x100_relu,30,5,106,0.005052405409514904,0.0044094957411289215
mlp_1x100_relu,30,5,107,0.005040445830672979,0.004333979450166225
mlp_1x100_relu,30,5,108,0.005040396470576525,0.0044049667194485664
mlp_1x100_relu,30,5,109,0.0050215888768434525,0.004436335060745478
mlp_1x100_relu,30,5,110,0.005016126669943333,0.00435824878513813
mlp_1x100_relu,30,5,111,0.005041652824729681,0.0044076452031731606
mlp_1x100_relu,30,5,112,0.005029862746596336,0.004383905325084925
mlp_1x100_relu,30,5,113,0.0050116609781980515,0.004358622245490551
mlp_1x100_relu,30,5,114,0.005003596190363169,0.004348400980234146
mlp_1x100_relu,30,5,115,0.004993511363863945,0.0043664174154400826
mlp_1x100_relu,30,5,116,0.004984225146472454,0.004316461738198996
mlp_1x100_relu,30,5,117,0.0050132437609136105,0.004378361161798239
mlp_1x100_relu,30,5,118,0.005011079367250204,0.004344109445810318
mlp_1x100_relu,30,5,119,0.0050245411694049835,0.004385096952319145
mlp_1x100_relu,30,5,120,0.004999137949198484,0.00440056249499321
mlp_1x100_relu,30,5,121,0.004973802715539932,0.004344300366938114
mlp_1x100_relu,30,5,122,0.004953337833285332,0.004320418927818537
mlp_1x100_relu,30,5,123,0.004957812372595072,0.004325772635638714
mlp_1x100_relu,30,5,124,0.0049388050101697445,0.0043685538694262505
mlp_1x100_relu,30,5,125,0.0049225641414523125,0.004354649689048529
mlp_1x100_relu,30,5,126,0.004946462344378233,0.004406464286148548
mlp_1x100_relu,30,5,127,0.004959100391715765,0.004337901249527931
mlp_1x100_relu,30,5,128,0.0049864244647324085,0.004332866985350847
mlp_1x100_relu,30,5,129,0.004961658734828234,0.004328676499426365
mlp_1x100_relu,30,5,130,0.0049657379277050495,0.004332756623625755
mlp_1x100_relu,30,5,131,0.004951764829456806,0.004333888180553913
mlp_1x100_relu,30,5,132,0.004956995602697134,0.004326310940086842
mlp_1x100_relu,30,5,133,0.004925937857478857,0.004337489604949951
mlp_1x100_relu,30,5,134,0.004931831266731024,0.0043301270343363285
mlp_1x100_relu,30,5,135,0.004920487757772207,0.004369974602013826
mlp_1x100_relu,30,5,136,0.004945044405758381,0.004397592972964048
mlp_1x100_relu,30,5,137,0.004919565282762051,0.004348594695329666
mlp_1x100_relu,30,5,138,0.0049241031520068645,0.004348159302026033
mlp_1x100_relu,30,5,139,0.004933514632284641,0.004322598688304424
mlp_1x100_relu,30,5,140,0.004908593371510506,0.00431996863335371
mlp_1x100_relu,30,5,141,0.0049216896295547485,0.00435393862426281
mlp_1x100_relu,30,5,142,0.004884916357696056,0.004379207734018564
mlp_1x100_relu,30,5,143,0.004900711588561535,0.004358300007879734
mlp_1x100_relu,30,5,144,0.004886763636022806,0.0043571712449193
mlp_1x100_relu,30,5,145,0.004910474643111229,0.004410570487380028
mlp_1x100_relu,30,5,146,0.004898631013929844,0.004380261059850454
mlp_1x100_relu,30,5,147,0.004902415443211794,0.004361119121313095
mlp_1x100_relu,30,5,148,0.0048965816386044025,0.004399538040161133
mlp_1x100_relu,30,5,149,0.0049148425459861755,0.004342267755419016
mlp_1x100_relu,30,5,150,0.004914067219942808,0.004418139345943928
mlp_1x100_relu,30,5,151,0.004885272588580847,0.004368469584733248
mlp_1x100_relu,30,5,152,0.004897431470453739,0.004373718518763781
mlp_1x100_relu,30,5,153,0.004890005104243755,0.004359671846032143
mlp_1x100_relu,30,5,154,0.0048812818713486195,0.004381931386888027
mlp_1x100_relu,30,5,155,0.0048943753354251385,0.004392474889755249
mlp_1x100_relu,30,5,156,0.004893015138804913,0.004396877251565456
mlp_1x100_relu,30,5,157,0.004871448501944542,0.004351554438471794
mlp_1x100_relu,30,5,158,0.004891044460237026,0.004343431442975998
mlp_1x100_relu,30,5,159,0.0049122716300189495,0.004381639417260885
mlp_1x100_relu,30,5,160,0.004915657453238964,0.004384326748549938
mlp_1x100_relu,30,5,161,0.0048778546042740345,0.004376793280243874
mlp_1x100_relu,30,5,162,0.004894555546343327,0.00437717791646719
mlp_1x100_relu,30,5,163,0.004892858676612377,0.0043904646299779415
mlp_1x100_relu,30,5,164,0.004869848024100065,0.004403934348374605
mlp_1x100_relu,30,5,165,0.004838299937546253,0.004431078676134348
mlp_1x100_relu,30,5,166,0.004900854546576738,0.0043782880529761314
mlp_1x100_relu,30,5,167,0.004875498358160257,0.004434223286807537
mlp_1x100_relu,30,5,168,0.004854347091168165,0.004375283606350422
mlp_1x100_relu,30,5,169,0.004867988172918558,0.004445627331733704
mlp_1x100_relu,30,5,170,0.00486858980730176,0.004402415826916695
mlp_1x100_relu,30,5,171,0.00484888069331646,0.004372113849967718
mlp_1x100_relu,30,5,172,0.004858758300542831,0.0043975431472063065
mlp_1x100_relu,30,5,173,0.004851907026022673,0.004453538917005062
mlp_1x100_relu,30,5,174,0.004868947900831699,0.004378908313810825
mlp_1x100_relu,30,5,175,0.004869760945439339,0.00443709921091795
mlp_1x100_relu,30,5,176,0.004829144570976496,0.004387914668768644
mlp_1x100_relu,30,5,177,0.004852462559938431,0.004427568521350622
mlp_1x100_relu,30,5,178,0.004861671943217516,0.0044209277257323265
mlp_1x100_relu,30,5,179,0.0048624370247125626,0.004455245565623045
mlp_1x100_relu,30,5,180,0.004852922633290291,0.004410139285027981
mlp_1x100_relu,30,5,181,0.00482766842469573,0.004408367909491062
mlp_1x100_relu,30,5,182,0.004825507290661335,0.004485969431698322
mlp_1x100_relu,30,5,183,0.004849929362535477,0.004451917018741369
mlp_1x100_relu,30,5,184,0.004850058816373348,0.004436375107616186
mlp_1x100_relu,30,5,185,0.004855617880821228,0.004383591935038567
mlp_1x100_relu,30,5,186,0.004873955622315407,0.004449240863323212
mlp_1x100_relu,30,5,187,0.004848645068705082,0.00441350881010294
mlp_1x100_relu,30,5,188,0.0048267412930727005,0.0044372715055942535
mlp_1x100_relu,30,5,189,0.004812528379261494,0.0043976823799312115
mlp_1x100_relu,30,5,190,0.004797301255166531,0.004445001482963562
mlp_1x100_relu,30,5,191,0.004813991487026215,0.004463840276002884
mlp_1x100_relu,30,5,192,0.004838619381189346,0.004427266772836447
mlp_1x100_relu,30,5,193,0.004833693150430918,0.0043976265005767345
mlp_1x100_relu,30,5,194,0.004815532360225916,0.0044388980604708195
mlp_1x100_relu,30,5,195,0.004820985719561577,0.004423433914780617
mlp_1x100_relu,30,5,196,0.004808386787772179,0.0044156755320727825
mlp_1x100_relu,30,5,197,0.004795596469193697,0.004441882483661175
mlp_1x100_relu,30,5,198,0.004799860995262861,0.004402270540595055
mlp_1x100_relu,30,5,199,0.004825159441679716,0.004462079145014286
mlp_1x100_relu,30,5,200,0.004806761164218187,0.004441671539098024
mlp_1x100_relu,30,5,201,0.004811898805201054,0.004449485335499048
mlp_1x100_relu,30,5,202,0.004796741530299187,0.004424307961016893
mlp_1x100_relu,30,5,203,0.00478594982996583,0.004453417379409075
mlp_1x100_relu,30,5,204,0.004803615156561136,0.004431612323969603
mlp_1x100_relu,30,5,205,0.004794743377715349,0.004444285295903683
mlp_1x100_relu,30,5,206,0.004801751580089331,0.004405235406011343
mlp_1x100_relu,30,5,207,0.004806529264897108,0.004446635488420725
mlp_1x100_relu,30,5,208,0.004787617363035679,0.004453879315406084
mlp_1x100_relu,30,5,209,0.004784940741956234,0.004442438017576933
mlp_1x100_relu,30,5,210,0.0047983587719500065,0.004452012479305267
mlp_1x100_relu,30,5,211,0.0048024472780525684,0.004426158033311367
mlp_1x100_relu,30,5,212,0.004777723923325539,0.004456712398678064
mlp_1x100_relu,30,5,213,0.004788059275597334,0.004430055618286133
mlp_1x100_relu,30,5,214,0.00481295445933938,0.004453485831618309
mlp_1x100_relu,30,5,215,0.0048014032654464245,0.004471451044082642
mlp_1x100_relu,30,5,216,0.004807585384696722,0.0044687832705676556
mlp_1x100_relu,30,5,217,0.004812618251889944,0.004444637335836887
mlp_1x100_relu,30,5,218,0.004792580381035805,0.0044331979006528854
mlp_1x100_relu,30,5,219,0.004796758759766817,0.004428980406373739
mlp_1x100_relu,30,5,220,0.004790937528014183,0.004451035987585783
mlp_1x100_relu,30,5,221,0.004776128567755222,0.004450809210538864
mlp_1x100_relu,30,5,222,0.004782144445925951,0.004412483889609575
mlp_1x100_relu,30,5,223,0.004780129995197058,0.004474213346838951
mlp_1x100_relu,30,5,224,0.00477451691403985,0.004442562814801931
mlp_1x100_relu,30,5,225,0.004774742294102907,0.004442971665412188
mlp_1x100_relu,30,5,226,0.004784540738910437,0.004456436727195978
mlp_1x100_relu,30,5,227,0.004786810837686062,0.004406288731843233
mlp_1x100_relu,30,5,228,0.004801879171282053,0.004450353793799877
mlp_1x100_relu,30,5,229,0.004791556391865015,0.004474284127354622
mlp_1x100_relu,30,5,230,0.004805870354175568,0.0044325850903987885
mlp_1x100_relu,30,5,231,0.004805056843906641,0.004446415230631828
mlp_1x100_relu,30,5,232,0.004786091390997171,0.004441624972969294
mlp_1x100_relu,30,5,233,0.004777350928634405,0.004434606060385704
mlp_1x100_relu,30,5,234,0.004769363906234503,0.004434455186128616
mlp_1x100_relu,30,5,235,0.004770503845065832,0.004425594117492437
mlp_1x100_relu,30,5,236,0.004761166404932737,0.004462292417883873
mlp_1x100_relu,30,5,237,0.004774135071784258,0.00440420163795352
mlp_1x100_relu,30,5,238,0.004792044870555401,0.004467822145670652
mlp_1x100_relu,30,5,239,0.004776842892169952,0.004475296474993229
mlp_1x100_relu,30,5,240,0.004760762210935354,0.00447424640879035
mlp_1x100_relu,30,5,241,0.00478931050747633,0.004453847650438547
mlp_1x100_relu,30,5,242,0.004766842816025019,0.0044522639364004135
mlp_1x100_relu,30,5,243,0.004771103151142597,0.004502622876316309
mlp_1x100_relu,30,5,244,0.004769355058670044,0.004492695443332195
mlp_1x100_relu,30,5,245,0.0047782305628061295,0.004460104275494814
mlp_1x100_relu,30,5,246,0.004758840426802635,0.004460194613784552
mlp_1x100_relu,30,5,247,0.004768325947225094,0.004464670084416866
mlp_1x100_relu,30,5,248,0.004770117811858654,0.004438153468072414
mlp_1x100_relu,30,5,249,0.004789162892848253,0.0044616456143558025
mlp_1x100_relu,30,5,250,0.004772125277668238,0.004494019318372011
mlp_1x100_relu,30,5,251,0.004768521524965763,0.004442038480192423
mlp_1x100_relu,30,5,252,0.004789557307958603,0.00451043201610446
mlp_1x100_relu,30,5,253,0.004769162740558386,0.004502546973526478
mlp_1x100_relu,30,5,254,0.004777243360877037,0.0044952877797186375
mlp_1x100_relu,30,5,255,0.004770013503730297,0.0044699981808662415
mlp_1x100_relu,30,5,256,0.004776958376169205,0.004457287490367889
mlp_1x100_relu,30,5,257,0.004774041008204222,0.004499415867030621
mlp_1x100_relu,30,5,258,0.004772947635501623,0.004451947286725044
mlp_1x100_relu,30,5,259,0.004759613424539566,0.00444862712174654
mlp_1x100_relu,30,5,260,0.004763967823237181,0.004481242969632149
mlp_1x100_relu,30,5,261,0.004780637566000223,0.004432105924934149
mlp_1x100_relu,30,5,262,0.004765538964420557,0.004480249248445034
mlp_1x100_relu,30,5,263,0.004769935272634029,0.004453717730939388
mlp_1x100_relu,30,5,264,0.004769862629473209,0.004439606796950102
mlp_1x100_relu,30,5,265,0.004765286110341549,0.004428332671523094
mlp_1x100_relu,30,5,266,0.0047575016506016254,0.004463748540729284
mlp_1x100_relu,30,5,267,0.0047736139968037605,0.004441346973180771
mlp_1x100_relu,30,5,268,0.004764940124005079,0.004452522378414869
mlp_1x100_relu,30,5,269,0.004754195921123028,0.004459484480321407
mlp_1x100_relu,30,5,270,0.004747855011373758,0.004496182315051556
mlp_1x100_relu,30,5,271,0.004771943669766188,0.004441551864147186
mlp_1x100_relu,30,5,272,0.004773230757564306,0.004454444628208876
mlp_1x100_relu,30,5,273,0.004751256667077541,0.004467630293220282
mlp_1x100_relu,30,5,274,0.0047712307423353195,0.004557881038635969
mlp_1x100_relu,30,5,275,0.004766555968672037,0.004425576888024807
mlp_1x100_relu,30,5,276,0.004764259327203035,0.004495691508054733
mlp_1x100_relu,30,5,277,0.004753833636641502,0.004528481047600508
mlp_1x100_relu,30,5,278,0.00476010050624609,0.004493878688663244
mlp_1x100_relu,30,5,279,0.004769670311361551,0.00447834050282836
mlp_1x100_relu,30,5,280,0.004776619840413332,0.004504173994064331
mlp_1x100_relu,30,5,281,0.004764582961797714,0.004467828664928675
mlp_1x100_relu,30,5,282,0.004749900661408901,0.004470255691558123
mlp_1x100_relu,30,5,283,0.004743667319417,0.004547403194010258
mlp_1x100_relu,30,5,284,0.004767602775245905,0.004442683421075344
mlp_1x100_relu,30,5,285,0.0047831181436777115,0.004521587863564491
mlp_1x100_relu,30,5,286,0.004765551071614027,0.004509615246206522
mlp_1x100_relu,30,5,287,0.004760576877743006,0.004461257252842188
mlp_1x100_relu,30,5,288,0.00476260669529438,0.004518567584455013
mlp_1x100_relu,30,5,289,0.004756330978125334,0.004518620204180479
mlp_1x100_relu,30,5,290,0.0047620739787817,0.004506625235080719
mlp_1x100_relu,30,5,291,0.004765800666064024,0.0044907755218446255
mlp_1x100_relu,30,5,292,0.0047601740807294846,0.004483915865421295
mlp_1x100_relu,30,5,293,0.004753342363983393,0.004453268367797136
mlp_1x100_relu,30,5,294,0.0047579072415828705,0.004506847821176052
mlp_1x100_relu,30,5,295,0.0047333636321127415,0.004497281275689602
mlp_1x100_relu,30,5,296,0.0047403303906321526,0.004503684118390083
mlp_1x100_relu,30,5,297,0.004752900451421738,0.004501720890402794
mlp_1x100_relu,30,5,298,0.004759851843118668,0.0045259371399879456
mlp_1x100_relu,30,5,299,0.004767572041600943,0.004481463227421045
mlp_1x100_relu,30,5,300,0.004757495131343603,0.004505916032940149
mlp_1x100_relu,30,5,301,0.004753805696964264,0.0044874148443341255
mlp_1x100_relu,30,5,302,0.004749775864183903,0.004533814266324043
mlp_1x100_relu,30,5,303,0.004765295889228582,0.004502500407397747
mlp_1x100_relu,30,5,304,0.004765580873936415,0.0045133656822144985
mlp_1x100_relu,30,5,305,0.0047523584216833115,0.004485631827265024
mlp_1x100_relu,30,5,306,0.004747789353132248,0.004453483037650585
mlp_1x100_relu,30,5,307,0.004755530972033739,0.004472984001040459
mlp_1x100_relu,30,5,308,0.004751172848045826,0.004523350857198238
mlp_1x100_relu,30,5,309,0.004750326741486788,0.004507320933043957
mlp_1x100_relu,30,5,310,0.0047568585723638535,0.004479523282498121
mlp_1x100_relu,30,5,311,0.0047546811401844025,0.004516482353210449
mlp_1x100_relu,30,5,312,0.004744150210171938,0.004471813328564167
mlp_1x100_relu,30,5,313,0.0047633894719183445,0.004514549393206835
mlp_1x100_relu,30,5,314,0.004757307004183531,0.004498524125665426
mlp_1x100_relu,30,5,315,0.004744118079543114,0.004497780930250883
mlp_1x100_relu,30,5,316,0.004754137247800827,0.0044968007132411
mlp_1x100_relu,30,5,317,0.00475661363452673,0.004514938220381737
mlp_1x100_relu,30,5,318,0.004760000389069319,0.004487711936235428
mlp_1x100_relu,30,5,319,0.0047493865713477135,0.004530036356300116
mlp_1x100_relu,30,5,320,0.004744556732475758,0.004507594276219606
mlp_1x100_relu,30,5,321,0.004743522964417934,0.004535294137895107
mlp_1x100_relu,30,5,322,0.004744254052639008,0.004493393003940582
mlp_1x100_relu,30,5,323,0.004745593760162592,0.004522380419075489
mlp_1x100_relu,30,5,324,0.0047423648647964,0.004465959966182709
mlp_1x100_relu,30,5,325,0.004762847907841206,0.004508663900196552
mlp_1x100_relu,30,5,326,0.004757529124617577,0.004486532416194677
mlp_1x100_relu,30,5,327,0.004746353719383478,0.00451595289632678
mlp_1x100_relu,30,5,328,0.004761904012411833,0.004487249534577131
mlp_1x100_relu,30,5,329,0.004756198730319738,0.004519698675721884
mlp_1x100_relu,30,5,330,0.004754825960844755,0.004520284477621317
mlp_1x100_relu,30,5,331,0.004759305156767368,0.004488041158765554
mlp_1x100_relu,30,5,332,0.004755180794745684,0.004506727214902639
mlp_1x100_relu,30,5,333,0.004753023851662874,0.004497092682868242
mlp_1x100_relu,30,5,334,0.0047605340369045734,0.0044969054870307446
mlp_1x100_relu,30,5,335,0.004760271869599819,0.004518812522292137
mlp_1x100_relu,30,5,336,0.004737950395792723,0.004512463230639696
mlp_1x100_relu,30,5,337,0.004748309031128883,0.004573008511215448
mlp_1x100_relu,30,5,338,0.004746895283460617,0.00452301325276494
mlp_1x100_relu,30,5,339,0.004750560037791729,0.004525293130427599
mlp_1x100_relu,30,5,340,0.004737830720841885,0.004556957166641951
mlp_1x100_relu,30,5,341,0.004751627799123526,0.004517317749559879
mlp_1x100_relu,30,5,342,0.004749053157866001,0.004573489539325237
mlp_1x100_relu,30,5,343,0.004733752459287643,0.004543936345726252
mlp_1x100_relu,30,5,344,0.004745014477521181,0.004576628562062979
mlp_1x100_relu,30,5,345,0.00474216602742672,0.004535127896815538
mlp_1x100_relu,30,5,346,0.004739243537187576,0.004535000771284103
mlp_1x100_relu,30,5,347,0.004742451477795839,0.004510782193392515
mlp_1x100_relu,30,5,348,0.004756367299705744,0.004592683631926775
mlp_1x100_relu,30,5,349,0.0047483742237091064,0.004552638158202171
mlp_1x100_relu,30,5,350,0.004748954903334379,0.004510623402893543
mlp_1x100_relu,30,5,351,0.0047501493245363235,0.004524788819253445
mlp_1x100_relu,30,5,352,0.0047444868832826614,0.0045091258361935616
mlp_1x100_relu,30,5,353,0.00475850235670805,0.004521497059613466
mlp_1x100_relu,30,5,354,0.004733752924948931,0.0045476690866053104
mlp_1x100_relu,30,5,355,0.0047355578280985355,0.004538361914455891
mlp_1x100_relu,30,5,356,0.00476353894919157,0.004485322628170252
mlp_1x100_relu,30,5,357,0.004768554121255875,0.0046026152558624744
mlp_1x100_relu,30,5,358,0.004752557259052992,0.004503760486841202
mlp_1x100_relu,30,5,359,0.004748672246932983,0.004527820739895105
mlp_1x100_relu,30,5,360,0.004749692510813475,0.0045485165901482105
mlp_1x100_relu,30,5,361,0.004728121683001518,0.004570469725877047
mlp_1x100_relu,30,5,362,0.004733575042337179,0.0045412275940179825
mlp_1x100_relu,30,5,363,0.004744257777929306,0.004544931463897228
mlp_1x100_relu,30,5,364,0.00473616411909461,0.0045363218523561954
mlp_1x100_relu,30,5,365,0.00476315850391984,0.004550473764538765
mlp_1x100_relu,30,5,366,0.00474252924323082,0.0045622712932527065
mlp_1x100_relu,30,5,367,0.004740600474178791,0.00454839738085866
mlp_1x100_relu,30,5,368,0.004749626386910677,0.00455306563526392
mlp_1x100_relu,30,5,369,0.004737097304314375,0.00454222597181797
mlp_1x100_relu,30,5,370,0.004742167424410582,0.004524896387010813
mlp_1x100_relu,30,5,371,0.004757110960781574,0.00455241184681654
mlp_1x100_relu,30,5,372,0.004743377678096294,0.004524866584688425
mlp_1x100_relu,30,5,373,0.0047370814718306065,0.004566958639770746
mlp_1x100_relu,30,5,374,0.004744069185107946,0.0045347209088504314
mlp_1x100_relu,30,5,375,0.00475298473611474,0.004555875901132822
mlp_1x100_relu,30,5,376,0.004737326875329018,0.004530144855380058
mlp_1x100_relu,30,5,377,0.004726512357592583,0.004560274071991444
mlp_1x100_relu,30,5,378,0.0047471290454268456,0.004564938135445118
mlp_1x100_relu,30,5,379,0.0047537535429000854,0.004510152153670788
mlp_1x100_relu,30,5,380,0.004757173825055361,0.004565627779811621
mlp_1x100_relu,30,5,381,0.004745833575725555,0.004555510822683573
mlp_1x100_relu,30,5,382,0.004737438168376684,0.004549663048237562
mlp_1x100_relu,30,5,383,0.0047364854253828526,0.004539715126156807
mlp_1x100_relu,30,5,384,0.004752295091748238,0.004539477173238993
mlp_1x100_relu,30,5,385,0.004751107655465603,0.004536804743111134
mlp_1x100_relu,30,5,386,0.0047649177722632885,0.004558885935693979
mlp_1x100_relu,30,5,387,0.004751542117446661,0.004563330207020044
mlp_1x100_relu,30,5,388,0.0047327871434390545,0.004526668693870306
mlp_1x100_relu,30,5,389,0.0047350539825856686,0.004572719801217318
mlp_1x100_relu,30,5,390,0.004736287984997034,0.004516844637691975
mlp_1x100_relu,30,5,391,0.00473311822861433,0.004538350272923708
mlp_1x100_relu,30,5,392,0.0047473362646996975,0.004575201775878668
mlp_1x100_relu,30,5,393,0.004736348520964384,0.004549622535705566
mlp_1x100_relu,30,5,394,0.004729487467557192,0.004543622024357319
mlp_1x100_relu,30,5,395,0.00474562868475914,0.004561967682093382
mlp_1x100_relu,30,5,396,0.004740824457257986,0.004575128201395273
mlp_1x100_relu,30,5,397,0.0047548809088766575,0.004576446954160929
mlp_1x100_relu,30,5,398,0.004731673747301102,0.004566646181046963
mlp_1x100_relu,30,5,399,0.004735153634101152,0.0045588756911456585
mlp_1x100_relu,30,5,400,0.004732178989797831,0.004551761783659458
mlp_1x100_relu,30,5,401,0.004718751180917025,0.004604756366461515
mlp_1x100_relu,30,5,402,0.004724389407783747,0.004526445176452398
mlp_1x100_relu,30,5,403,0.004736506845802069,0.0045424215495586395
mlp_1x100_relu,30,5,404,0.004735645838081837,0.004548522178083658
mlp_1x100_relu,30,5,405,0.004736993927508593,0.004520819056779146
mlp_1x100_relu,30,5,406,0.004744207486510277,0.004569194745272398
mlp_1x100_relu,30,5,407,0.004740768577903509,0.004539066925644875
mlp_1x100_relu,30,5,408,0.004729314241558313,0.004538973327726126
mlp_1x100_relu,30,5,409,0.004732067696750164,0.004586438182741404
mlp_1x100_relu,30,5,410,0.004750186111778021,0.004579746630042791
mlp_1x100_relu,30,5,411,0.004739659372717142,0.004497983492910862
mlp_1x100_relu,30,5,412,0.004756777081638575,0.004554162733256817
mlp_1x100_relu,30,5,413,0.0047577498480677605,0.004559140652418137
mlp_1x100_relu,30,5,414,0.004755896050482988,0.004535142332315445
mlp_1x100_relu,30,5,415,0.004748193547129631,0.004537010565400124
mlp_1x100_relu,30,5,416,0.004739820491522551,0.004558200016617775
mlp_1x100_relu,30,5,417,0.004724957514554262,0.004594758152961731
mlp_1x100_relu,30,5,418,0.004734545946121216,0.004537483211606741
mlp_1x100_relu,30,5,419,0.0047381967306137085,0.004535936750471592
mlp_1x100_relu,30,5,420,0.004739619325846434,0.004530837759375572
mlp_1x100_relu,30,5,421,0.004734161775559187,0.004543754272162914
mlp_1x100_relu,30,5,422,0.0047302646562457085,0.004547033458948135
mlp_1x100_relu,30,5,423,0.0047342595644295216,0.004589029587805271
mlp_1x100_relu,30,5,424,0.004752111621201038,0.004571043886244297
mlp_1x100_relu,30,5,425,0.004747345577925444,0.004539027344435453
mlp_1x100_relu,30,5,426,0.004736558999866247,0.004572059027850628
mlp_1x100_relu,30,5,427,0.0047337207943201065,0.0045708115212619305
mlp_1x100_relu,30,5,428,0.004732717759907246,0.004608422052115202
mlp_1x100_relu,30,5,429,0.004745564889162779,0.004576031118631363
mlp_1x100_relu,30,5,430,0.004740248434245586,0.004587472882121801
mlp_1x100_relu,30,5,431,0.004726579878479242,0.004559640306979418
mlp_1x100_relu,30,5,432,0.004726858343929052,0.004548204131424427
mlp_1x100_relu,30,5,433,0.004736911039799452,0.004644481930881739
mlp_1x100_relu,30,5,434,0.004742468241602182,0.004527287557721138
mlp_1x100_relu,30,5,435,0.004749374929815531,0.004580182023346424
mlp_1x100_relu,30,5,436,0.004745442420244217,0.004572951700538397
mlp_1x100_relu,30,5,437,0.004736348520964384,0.004571557976305485
mlp_1x100_relu,30,5,438,0.004729885142296553,0.0045499494299292564
mlp_1x100_relu,30,5,439,0.004731335677206516,0.004611489363014698
mlp_1x100_relu,30,5,440,0.004723737947642803,0.0045424578711390495
mlp_1x100_relu,30,5,441,0.00473738880828023,0.004599533975124359
mlp_1x100_relu,30,5,442,0.004738209769129753,0.0045921048149466515
mlp_1x100_relu,30,5,443,0.004745294339954853,0.004555990919470787
mlp_1x100_relu,30,5,444,0.004751013126224279,0.00457692751660943
mlp_1x100_relu,30,5,445,0.00472739664837718,0.004574739374220371
mlp_1x100_relu,30,5,446,0.0047377655282616615,0.004565011709928513
mlp_1x100_relu,30,5,447,0.00473927054554224,0.004541816655546427
mlp_1x100_relu,30,5,448,0.004743889905512333,0.004584341775625944
mlp_1x100_relu,30,5,449,0.004725483246147633,0.0045535448007285595
mlp_1x100_relu,30,5,450,0.004725596867501736,0.0045913215726614
mlp_1x100_relu,30,5,451,0.004736701026558876,0.004600345157086849
mlp_1x100_relu,30,5,452,0.004730599466711283,0.0046407971531152725
mlp_1x100_relu,30,5,453,0.004713692702353001,0.00452888198196888
mlp_1x100_relu,30,5,454,0.004742927849292755,0.004618264734745026
mlp_1x100_relu,30,5,455,0.00474626524373889,0.004570528864860535
mlp_1x100_relu,30,5,456,0.004738718271255493,0.004612403456121683
mlp_1x100_relu,30,5,457,0.004734284710139036,0.004574233200401068
mlp_1x100_relu,30,5,458,0.004731728229671717,0.004642972256988287
mlp_1x100_relu,30,5,459,0.004724135622382164,0.0045836609788239
mlp_1x100_relu,30,5,460,0.004741162061691284,0.004584385082125664
mlp_1x100_relu,30,5,461,0.004725664854049683,0.004587822128087282
mlp_1x100_relu,30,5,462,0.004743537865579128,0.004579569678753614
mlp_1x100_relu,30,5,463,0.004739461001008749,0.004604463931173086
mlp_1x100_relu,30,5,464,0.004732842557132244,0.004591030068695545
mlp_1x100_relu,30,5,465,0.00473618833348155,0.004560703411698341
mlp_1x100_relu,30,5,466,0.004740545991808176,0.004636832047253847
mlp_1x100_relu,30,5,467,0.004739320371299982,0.004584981128573418
mlp_1x100_relu,30,5,468,0.004738463554531336,0.004640953615307808
mlp_1x100_relu,30,5,469,0.004735108464956284,0.004590235184878111
mlp_1x100_relu,30,5,470,0.004731897264719009,0.004617868456989527
mlp_1x100_relu,30,5,471,0.00474679796025157,0.004578240215778351
mlp_1x100_relu,30,5,472,0.004741639364510775,0.004583273082971573
mlp_1x100_relu,30,5,473,0.004724362399429083,0.00457988353446126
mlp_1x100_relu,30,5,474,0.004733221139758825,0.004557357635349035
mlp_1x100_relu,30,5,475,0.004735519643872976,0.00458468496799469
mlp_1x100_relu,30,5,476,0.004734914284199476,0.004607102833688259
mlp_1x100_relu,30,5,477,0.004741717595607042,0.004584700334817171
mlp_1x100_relu,30,5,478,0.004725877661257982,0.0046026804484426975
mlp_1x100_relu,30,5,479,0.0047282325103878975,0.0046087210066616535
mlp_1x100_relu,30,5,480,0.004745389334857464,0.004580114036798477
mlp_1x100_relu,30,5,481,0.004758005030453205,0.004570481833070517
mlp_1x100_relu,30,5,482,0.0047449227422475815,0.004609233234077692
mlp_1x100_relu,30,5,483,0.004726913757622242,0.004630932584404945
mlp_1x100_relu,30,5,484,0.004712129011750221,0.004586218856275082
mlp_1x100_relu,30,5,485,0.004734312649816275,0.0046052210964262486
mlp_1x100_relu,30,5,486,0.0047356500290334225,0.004589692689478397
mlp_1x100_relu,30,5,487,0.004735472146421671,0.004592202603816986
mlp_1x100_relu,30,5,488,0.00474011804908514,0.004601466003805399
mlp_1x100_relu,30,5,489,0.004744448699057102,0.004610314499586821
mlp_1x100_relu,30,5,490,0.004738140851259232,0.004618728533387184
mlp_1x100_relu,30,5,491,0.004730989225208759,0.00459720054641366
mlp_1x100_relu,30,5,492,0.004728193860501051,0.004580535460263491
mlp_1x100_relu,30,5,493,0.004731453955173492,0.004582514055073261
mlp_1x100_relu,30,5,494,0.0047321864403784275,0.004608001094311476
mlp_1x100_relu,30,5,495,0.004731218796223402,0.004583948757499456
mlp_1x100_relu,30,5,496,0.0047262320294976234,0.0045883613638579845
mlp_1x100_relu,30,5,497,0.004738152027130127,0.004647112917155027
mlp_1x100_relu,30,5,498,0.004737221170216799,0.004620224703103304
mlp_1x100_relu,30,5,499,0.004735020454972982,0.0046192435547709465
mlp_1x100_relu,30,5,500,0.004731800407171249,0.00462572043761611
mlp_1x100_relu,30,30,1,0.4564801752567291,0.20978516340255737
mlp_1x100_relu,30,30,2,0.19108249247074127,0.11465592682361603
mlp_1x100_relu,30,30,3,0.10145719349384308,0.06509235501289368
mlp_1x100_relu,30,30,4,0.052002083510160446,0.03248964250087738
mlp_1x100_relu,30,30,5,0.022027935832738876,0.012551373802125454
mlp_1x100_relu,30,30,6,0.008238831534981728,0.004813797306269407
mlp_1x100_relu,30,30,7,0.004783150739967823,0.003618774004280567
mlp_1x100_relu,30,30,8,0.004046970047056675,0.0032909258734434843
mlp_1x100_relu,30,30,9,0.004006178118288517,0.002940064063295722
mlp_1x100_relu,30,30,10,0.0038455461617559195,0.00310186087153852
mlp_1x100_relu,30,30,11,0.0036930229980498552,0.003064094576984644
mlp_1x100_relu,30,30,12,0.00360128958709538,0.0026659516151994467
mlp_1x100_relu,30,30,13,0.003427643794566393,0.002459315350279212
mlp_1x100_relu,30,30,14,0.003417419968172908,0.0024891879875212908
mlp_1x100_relu,30,30,15,0.003339061513543129,0.002353791845962405
mlp_1x100_relu,30,30,16,0.003336187917739153,0.002571014454588294
mlp_1x100_relu,30,30,17,0.0032461979426443577,0.002410300076007843
mlp_1x100_relu,30,30,18,0.0031924541108310223,0.0023931025061756372
mlp_1x100_relu,30,30,19,0.00315968319773674,0.002333044772967696
mlp_1x100_relu,30,30,20,0.003321410156786442,0.0024173117708414793
mlp_1x100_relu,30,30,21,0.0034144010860472918,0.002405555220320821
mlp_1x100_relu,30,30,22,0.00333767244592309,0.002474673092365265
mlp_1x100_relu,30,30,23,0.0032799753826111555,0.002646225970238447
mlp_1x100_relu,30,30,24,0.003159100189805031,0.0028160368092358112
mlp_1x100_relu,30,30,25,0.0032145646400749683,0.0027235138695687056
mlp_1x100_relu,30,30,26,0.003078546840697527,0.0030142413452267647
mlp_1x100_relu,30,30,27,0.0030607159715145826,0.003105922369286418
mlp_1x100_relu,30,30,28,0.0029983140993863344,0.0029954463243484497
mlp_1x100_relu,30,30,29,0.0028788179624825716,0.002726322505623102
mlp_1x100_relu,30,30,30,0.0028622839599847794,0.0028813048265874386
mlp_1x100_relu,30,30,31,0.0028231546748429537,0.002711793640628457
mlp_1x100_relu,30,30,32,0.0027955041732639074,0.0025742107536643744
mlp_1x100_relu,30,30,33,0.0026330938562750816,0.0026447526179254055
mlp_1x100_relu,30,30,34,0.002578842220827937,0.002592469332739711
mlp_1x100_relu,30,30,35,0.0025290451012551785,0.0025404528714716434
mlp_1x100_relu,30,30,36,0.002496110973879695,0.002247330266982317
mlp_1x100_relu,30,30,37,0.0025662360712885857,0.002178673865273595
mlp_1x100_relu,30,30,38,0.002431535627692938,0.002157019218429923
mlp_1x100_relu,30,30,39,0.002294727135449648,0.002177986316382885
mlp_1x100_relu,30,30,40,0.002223614137619734,0.002184937708079815
mlp_1x100_relu,30,30,41,0.0022838846780359745,0.0021488184574991465
mlp_1x100_relu,30,30,42,0.0022566006518900394,0.002025347203016281
mlp_1x100_relu,30,30,43,0.0022218963131308556,0.0019661716651171446
mlp_1x100_relu,30,30,44,0.0022303869482129812,0.002082969294860959
mlp_1x100_relu,30,30,45,0.0022426368668675423,0.001961528556421399
mlp_1x100_relu,30,30,46,0.0021943720057606697,0.002011066535487771
mlp_1x100_relu,30,30,47,0.0021636891178786755,0.0020065014250576496
mlp_1x100_relu,30,30,48,0.0021759960800409317,0.0020645316690206528
mlp_1x100_relu,30,30,49,0.002179253613576293,0.0020343565847724676
mlp_1x100_relu,30,30,50,0.0021873447112739086,0.0020060103852301836
mlp_1x100_relu,30,30,51,0.002205164171755314,0.001956135267391801
mlp_1x100_relu,30,30,52,0.0021634576842188835,0.0018753608455881476
mlp_1x100_relu,30,30,53,0.0021257640328258276,0.001923250500112772
mlp_1x100_relu,30,30,54,0.0021046907640993595,0.0018773704068735242
mlp_1x100_relu,30,30,55,0.0021181898191571236,0.0018958805594593287
mlp_1x100_relu,30,30,56,0.0020975652150809765,0.0018556010909378529
mlp_1x100_relu,30,30,57,0.0020929169841110706,0.0018633661093190312
mlp_1x100_relu,30,30,58,0.0021032218355685472,0.0018715172773227096
mlp_1x100_relu,30,30,59,0.0021071666851639748,0.0019165100529789925
mlp_1x100_relu,30,30,60,0.002122358186170459,0.0018669753335416317
mlp_1x100_relu,30,30,61,0.0021117390133440495,0.0018638710025697947
mlp_1x100_relu,30,30,62,0.0021255204919725657,0.0018742744578048587
mlp_1x100_relu,30,30,63,0.002105152467265725,0.0018513899995014071
mlp_1x100_relu,30,30,64,0.0021191630512475967,0.0018636073218658566
mlp_1x100_relu,30,30,65,0.0021326227579265833,0.0018997510196641088
mlp_1x100_relu,30,30,66,0.002143860561773181,0.0018577415030449629
mlp_1x100_relu,30,30,67,0.0021737455390393734,0.0018376795342192054
mlp_1x100_relu,30,30,68,0.002164663514122367,0.001882253447547555
mlp_1x100_relu,30,30,69,0.002164524979889393,0.0018842231947928667
mlp_1x100_relu,30,30,70,0.0021675555035471916,0.0018735664198175073
mlp_1x100_relu,30,30,71,0.0021979408338665962,0.0018984347116202116
mlp_1x100_relu,30,30,72,0.0022204117849469185,0.0018864580197259784
mlp_1x100_relu,30,30,73,0.0022468403913080692,0.0018821795238181949
mlp_1x100_relu,30,30,74,0.0022278553806245327,0.001853353576734662
mlp_1x100_relu,30,30,75,0.002243346069008112,0.0018575122812762856
mlp_1x100_relu,30,30,76,0.002260821172967553,0.0018897096160799265
mlp_1x100_relu,30,30,77,0.0023153831716626883,0.0019032410345971584
mlp_1x100_relu,30,30,78,0.0023030859883874655,0.0018477441044524312
mlp_1x100_relu,30,30,79,0.002292362507432699,0.001859945710748434
mlp_1x100_relu,30,30,80,0.002321123844012618,0.001865880098193884
mlp_1x100_relu,30,30,81,0.0023112758062779903,0.0018401170382276177
mlp_1x100_relu,30,30,82,0.002298953477293253,0.0018537029391154647
mlp_1x100_relu,30,30,83,0.0023296780418604612,0.0018395191291347146
mlp_1x100_relu,30,30,84,0.002353113144636154,0.0018484672764316201
mlp_1x100_relu,30,30,85,0.0023211261723190546,0.0018365215510129929
mlp_1x100_relu,30,30,86,0.002338243881240487,0.0018279325449839234
mlp_1x100_relu,30,30,87,0.0023412597365677357,0.0018227926921099424
mlp_1x100_relu,30,30,88,0.00233847857452929,0.0018222036305814981
mlp_1x100_relu,30,30,89,0.0023124332074075937,0.0018109341617673635
mlp_1x100_relu,30,30,90,0.00232345936819911,0.0018442479195073247
mlp_1x100_relu,30,30,91,0.0023435023613274097,0.0018266873667016625
mlp_1x100_relu,30,30,92,0.0023938759695738554,0.001846852945163846
mlp_1x100_relu,30,30,93,0.0023698024451732635,0.0018363079288974404
mlp_1x100_relu,30,30,94,0.0023297083098441362,0.0018027902115136385
mlp_1x100_relu,30,30,95,0.0024015717208385468,0.0018655274761840701
mlp_1x100_relu,30,30,96,0.0023829657584428787,0.0018177838064730167
mlp_1x100_relu,30,30,97,0.002373197115957737,0.001832838635891676
mlp_1x100_relu,30,30,98,0.002369573339819908,0.001810218207538128
mlp_1x100_relu,30,30,99,0.002326167654246092,0.0018023576121777296
mlp_1x100_relu,30,30,100,0.002321796026080847,0.0017866651760414243
mlp_1x100_relu,30,30,101,0.002355425851419568,0.0018312777392566204
mlp_1x100_relu,30,30,102,0.002340958220884204,0.0018133590929210186
mlp_1x100_relu,30,30,103,0.0023126890882849693,0.0017856532940641046
mlp_1x100_relu,30,30,104,0.0023189641069620848,0.0017990833148360252
mlp_1x100_relu,30,30,105,0.0023299159947782755,0.0018077793065458536
mlp_1x100_relu,30,30,106,0.0023327649105340242,0.0018083255272358656
mlp_1x100_relu,30,30,107,0.0023316594306379557,0.0018133091507479548
mlp_1x100_relu,30,30,108,0.0023399360943585634,0.0018054413376376033
mlp_1x100_relu,30,30,109,0.002362246159464121,0.001815087511204183
mlp_1x100_relu,30,30,110,0.00240942370146513,0.001813847222365439
mlp_1x100_relu,30,30,111,0.002431239001452923,0.0018273465102538466
mlp_1x100_relu,30,30,112,0.0023645858746021986,0.0017902551917359233
mlp_1x100_relu,30,30,113,0.002323999535292387,0.001827675150707364
mlp_1x100_relu,30,30,114,0.0023238258436322212,0.001803685794584453
mlp_1x100_relu,30,30,115,0.0023198167327791452,0.0017976317321881652
mlp_1x100_relu,30,30,116,0.002317548030987382,0.001796477590687573
mlp_1x100_relu,30,30,117,0.002336359117180109,0.0018308339640498161
mlp_1x100_relu,30,30,118,0.0023270545061677694,0.001812440692447126
mlp_1x100_relu,30,30,119,0.0023146492894738913,0.0018002154538407922
mlp_1x100_relu,30,30,120,0.0023102639243006706,0.0018168039387091994
mlp_1x100_relu,30,30,121,0.0023086077999323606,0.0018451617797836661
mlp_1x100_relu,30,30,122,0.0023497564252465963,0.0018329633167013526
mlp_1x100_relu,30,30,123,0.0023506018333137035,0.001805689767934382
mlp_1x100_relu,30,30,124,0.0023242924362421036,0.0018062483286485076
mlp_1x100_relu,30,30,125,0.0023743370547890663,0.0018198987236246467
mlp_1x100_relu,30,30,126,0.002330570016056299,0.0017934655770659447
mlp_1x100_relu,30,30,127,0.0023110974580049515,0.0018073533428832889
mlp_1x100_relu,30,30,128,0.0023600193671882153,0.0018032427178695798
mlp_1x100_relu,30,30,129,0.002353647956624627,0.0017871282761916518
mlp_1x100_relu,30,30,130,0.0023704920895397663,0.0017881538951769471
mlp_1x100_relu,30,30,131,0.0023410848807543516,0.0017988100880756974
mlp_1x100_relu,30,30,132,0.002326947171241045,0.0017909703310579062
mlp_1x100_relu,30,30,133,0.002362949075177312,0.0018078031716868281
mlp_1x100_relu,30,30,134,0.0023386755492538214,0.0017921460093930364
mlp_1x100_relu,30,30,135,0.002326649846509099,0.0017969779437407851
mlp_1x100_relu,30,30,136,0.002298295497894287,0.001797590870410204
mlp_1x100_relu,30,30,137,0.0022884360514581203,0.001788624096661806
mlp_1x100_relu,30,30,138,0.002299576299265027,0.0017903937259688973
mlp_1x100_relu,30,30,139,0.002310456009581685,0.0017852126620709896
mlp_1x100_relu,30,30,140,0.0022917906753718853,0.0017928358865901828
mlp_1x100_relu,30,30,141,0.0022976999171078205,0.0017936601070687175
mlp_1x100_relu,30,30,142,0.0023087000008672476,0.0018106770003214478
mlp_1x100_relu,30,30,143,0.0022990622092038393,0.0017989975167438388
mlp_1x100_relu,30,30,144,0.0023144681472331285,0.0017791864229366183
mlp_1x100_relu,30,30,145,0.002296596532687545,0.0017745473887771368
mlp_1x100_relu,30,30,146,0.0022924079094082117,0.0017862693639472127
mlp_1x100_relu,30,30,147,0.0023172087967395782,0.0017786133103072643
mlp_1x100_relu,30,30,148,0.002291770651936531,0.0017916379729285836
mlp_1x100_relu,30,30,149,0.002300661290064454,0.001788307330571115
mlp_1x100_relu,30,30,150,0.0022845545317977667,0.0017789355479180813
mlp_1x100_relu,30,30,151,0.00229523703455925,0.0017806518590077758
mlp_1x100_relu,30,30,152,0.0022868153173476458,0.0017852254677563906
mlp_1x100_relu,30,30,153,0.0022982351947575808,0.0017689227825030684
mlp_1x100_relu,30,30,154,0.0022873878479003906,0.0017808215925469995
mlp_1x100_relu,30,30,155,0.0023175012320280075,0.001790091278962791
mlp_1x100_relu,30,30,156,0.002303994493559003,0.0017838727217167616
mlp_1x100_relu,30,30,157,0.0022867191582918167,0.0017878010403364897
mlp_1x100_relu,30,30,158,0.00226616975851357,0.0017799320630729198
mlp_1x100_relu,30,30,159,0.0022959283087402582,0.0017873331671580672
mlp_1x100_relu,30,30,160,0.00229625659994781,0.001782818348146975
mlp_1x100_relu,30,30,161,0.0022994992323219776,0.0017840606160461903
mlp_1x100_relu,30,30,162,0.0023176867980509996,0.0017863762332126498
mlp_1x100_relu,30,30,163,0.0022807633504271507,0.001786689506843686
mlp_1x100_relu,30,30,164,0.002276838291436434,0.0017874381737783551
mlp_1x100_relu,30,30,165,0.002260038862004876,0.0017814564052969217
mlp_1x100_relu,30,30,166,0.0022573352325707674,0.0017791579011827707
mlp_1x100_relu,30,30,167,0.002252783626317978,0.0017804981907829642
mlp_1x100_relu,30,30,168,0.0022619771771132946,0.0017835753969848156
mlp_1x100_relu,30,30,169,0.002254571532830596,0.0017794236773625016
mlp_1x100_relu,30,30,170,0.002259711967781186,0.0017837018240243196
mlp_1x100_relu,30,30,171,0.0022707462776452303,0.0017815610626712441
mlp_1x100_relu,30,30,172,0.0022652798797935247,0.0017762696370482445
mlp_1x100_relu,30,30,173,0.0022567391861230135,0.0017818628111854196
mlp_1x100_relu,30,30,174,0.002252861624583602,0.001779226935468614
mlp_1x100_relu,30,30,175,0.0022576774936169386,0.0017785325180739164
mlp_1x100_relu,30,30,176,0.002264702692627907,0.00178625644184649
mlp_1x100_relu,30,30,177,0.0022745169699192047,0.0017851568991318345
mlp_1x100_relu,30,30,178,0.002253553131595254,0.0017854270990937948
mlp_1x100_relu,30,30,179,0.0022560060024261475,0.001781436032615602
mlp_1x100_relu,30,30,180,0.0022523747757077217,0.0017811646685004234
mlp_1x100_relu,30,30,181,0.0022586388513445854,0.0017829359276220202
mlp_1x100_relu,30,30,182,0.002281197812408209,0.0017924313433468342
mlp_1x100_relu,30,30,183,0.002269576070830226,0.0017774186562746763
mlp_1x100_relu,30,30,184,0.0022513754665851593,0.0017928853631019592
mlp_1x100_relu,30,30,185,0.0022744438610970974,0.0017816202016547322
mlp_1x100_relu,30,30,186,0.002294616773724556,0.0017894933698698878
mlp_1x100_relu,30,30,187,0.0022714745718985796,0.0017832585144788027
mlp_1x100_relu,30,30,188,0.0022623976692557335,0.0017919886158779263
mlp_1x100_relu,30,30,189,0.0022571319714188576,0.001790025969967246
mlp_1x100_relu,30,30,190,0.0022518127225339413,0.00179230235517025
mlp_1x100_relu,30,30,191,0.0022452683188021183,0.0017873879987746477
mlp_1x100_relu,30,30,192,0.0022518408950418234,0.0017893507611006498
mlp_1x100_relu,30,30,193,0.002245631068944931,0.0017844317480921745
mlp_1x100_relu,30,30,194,0.0022517822217196226,0.0017808412667363882
mlp_1x100_relu,30,30,195,0.002250669989734888,0.00178310158662498
mlp_1x100_relu,30,30,196,0.0022464399226009846,0.001787268673069775
mlp_1x100_relu,30,30,197,0.0022451337426900864,0.0017866322305053473
mlp_1x100_relu,30,30,198,0.0022356417030096054,0.001782721490599215
mlp_1x100_relu,30,30,199,0.0022409299854189157,0.0017906565917655826
mlp_1x100_relu,30,30,200,0.0022533650044351816,0.0017832318553701043
mlp_1x100_relu,30,30,201,0.00224932748824358,0.0017826604889705777
mlp_1x100_relu,30,30,202,0.0022490359842777252,0.0017904130509123206
mlp_1x100_relu,30,30,203,0.002246998716145754,0.0017842847155407071
mlp_1x100_relu,30,30,204,0.002250719117000699,0.0017801937647163868
mlp_1x100_relu,30,30,205,0.002239781664684415,0.0017824337119236588
mlp_1x100_relu,30,30,206,0.002249916084110737,0.0017804739763960242
mlp_1x100_relu,30,30,207,0.0022559938952326775,0.0017867020796984434
mlp_1x100_relu,30,30,208,0.002253627870231867,0.0017796012107282877
mlp_1x100_relu,30,30,209,0.002255613449960947,0.0017830012366175652
mlp_1x100_relu,30,30,210,0.002250156830996275,0.0017904236447066069
mlp_1x100_relu,30,30,211,0.002255503088235855,0.0017774786101654172
mlp_1x100_relu,30,30,212,0.002246217103675008,0.0017905737040564418
mlp_1x100_relu,30,30,213,0.0022435940336436033,0.0017880536615848541
mlp_1x100_relu,30,30,214,0.002246810356155038,0.0017831955337896943
mlp_1x100_relu,30,30,215,0.0022570667788386345,0.0017849878640845418
mlp_1x100_relu,30,30,216,0.0022709642071276903,0.0017898399382829666
mlp_1x100_relu,30,30,217,0.002253793878480792,0.0017813080921769142
mlp_1x100_relu,30,30,218,0.002251395722851157,0.0017910103779286146
mlp_1x100_relu,30,30,219,0.0022482487838715315,0.0017770153935998678
mlp_1x100_relu,30,30,220,0.0022421423345804214,0.0017801829380914569
mlp_1x100_relu,30,30,221,0.002249527256935835,0.0017818318447098136
mlp_1x100_relu,30,30,222,0.0022542853839695454,0.0017880708910524845
mlp_1x100_relu,30,30,223,0.0022598879877477884,0.001789070200175047
mlp_1x100_relu,30,30,224,0.002247499767690897,0.0017868815921247005
mlp_1x100_relu,30,30,225,0.0022560993675142527,0.0017836691113188863
mlp_1x100_relu,30,30,226,0.0022518166806548834,0.0017951171612367034
mlp_1x100_relu,30,30,227,0.002250061370432377,0.0017858445644378662
mlp_1x100_relu,30,30,228,0.002257064450532198,0.001787893706932664
mlp_1x100_relu,30,30,229,0.002253923797979951,0.0017952201887965202
mlp_1x100_relu,30,30,230,0.00225507328286767,0.0017846741247922182
mlp_1x100_relu,30,30,231,0.002241396112367511,0.001792494673281908
mlp_1x100_relu,30,30,232,0.002246652264147997,0.0017931901384145021
mlp_1x100_relu,30,30,233,0.002252618782222271,0.0017848783172667027
mlp_1x100_relu,30,30,234,0.002250323537737131,0.0017888328293338418
mlp_1x100_relu,30,30,235,0.002250995021313429,0.001786626991815865
mlp_1x100_relu,30,30,236,0.002255538012832403,0.0017933981725946069
mlp_1x100_relu,30,30,237,0.002246743766590953,0.0017942499835044146
mlp_1x100_relu,30,30,238,0.0022486147936433554,0.0017922508995980024
mlp_1x100_relu,30,30,239,0.0022431109100580215,0.0017895718337967992
mlp_1x100_relu,30,30,240,0.002244692062959075,0.0017888217698782682
mlp_1x100_relu,30,30,241,0.0022476159501820803,0.0017857964849099517
mlp_1x100_relu,30,30,242,0.00225086766295135,0.0017862679669633508
mlp_1x100_relu,30,30,243,0.0022400019224733114,0.001784555148333311
mlp_1x100_relu,30,30,244,0.00224074418656528,0.0017826613038778305
mlp_1x100_relu,30,30,245,0.002247786847874522,0.0017807134427130222
mlp_1x100_relu,30,30,246,0.0022447435185313225,0.0017935544019564986
mlp_1x100_relu,30,30,247,0.0022518883924931288,0.0017997852992266417
mlp_1x100_relu,30,30,248,0.002241225214675069,0.0017943787388503551
mlp_1x100_relu,30,30,249,0.002242314163595438,0.0017943844432011247
mlp_1x100_relu,30,30,250,0.002246946096420288,0.0017968442989513278
mlp_1x100_relu,30,30,251,0.002249648328870535,0.0017928825691342354
mlp_1x100_relu,30,30,252,0.002246301621198654,0.0017911114264279604
mlp_1x100_relu,30,30,253,0.0022491796407848597,0.001788536785170436
mlp_1x100_relu,30,30,254,0.0022441742476075888,0.0017793604638427496
mlp_1x100_relu,30,30,255,0.0022455956786870956,0.0017916540382429957
mlp_1x100_relu,30,30,256,0.0022481794003397226,0.0017892044270411134
mlp_1x100_relu,30,30,257,0.002248911652714014,0.0017822040244936943
mlp_1x100_relu,30,30,258,0.0022560483776032925,0.0017884530825540423
mlp_1x100_relu,30,30,259,0.0022544541861861944,0.0017879619263112545
mlp_1x100_relu,30,30,260,0.002247605472803116,0.0017852375749498606
mlp_1x100_relu,30,30,261,0.002250191755592823,0.0017847635317593813
mlp_1x100_relu,30,30,262,0.002245201962068677,0.0017886641435325146
mlp_1x100_relu,30,30,263,0.0022452117409557104,0.0017891778843477368
mlp_1x100_relu,30,30,264,0.0022457351442426443,0.0018002379219979048
mlp_1x100_relu,30,30,265,0.0022540471982210875,0.001791773596778512
mlp_1x100_relu,30,30,266,0.0022523088846355677,0.0017904138658195734
mlp_1x100_relu,30,30,267,0.0022451593540608883,0.0017936020158231258
mlp_1x100_relu,30,30,268,0.002246687887236476,0.0017997997347265482
mlp_1x100_relu,30,30,269,0.002251243917271495,0.001786771696060896
mlp_1x100_relu,30,30,270,0.002248273463919759,0.0017947879387065768
mlp_1x100_relu,30,30,271,0.0022476452868431807,0.0017923366976901889
mlp_1x100_relu,30,30,272,0.002245261799544096,0.001790860085748136
mlp_1x100_relu,30,30,273,0.002247883938252926,0.0017885275883600116
mlp_1x100_relu,30,30,274,0.0022449532989412546,0.0017924552084878087
mlp_1x100_relu,30,30,275,0.0022479668259620667,0.0017903873231261969
mlp_1x100_relu,30,30,276,0.0022465826477855444,0.0017834672471508384
mlp_1x100_relu,30,30,277,0.0022445751819759607,0.0017868791474029422
mlp_1x100_relu,30,30,278,0.0022489812690764666,0.001793990726582706
mlp_1x100_relu,30,30,279,0.002249014563858509,0.0017886870773509145
mlp_1x100_relu,30,30,280,0.0022523903753608465,0.0017892628675326705
mlp_1x100_relu,30,30,281,0.0022472653072327375,0.0017949786270037293
mlp_1x100_relu,30,30,282,0.0022458855528384447,0.0017905860440805554
mlp_1x100_relu,30,30,283,0.0022405050694942474,0.0017950442852452397
mlp_1x100_relu,30,30,284,0.00224047782830894,0.0017939181998372078
mlp_1x100_relu,30,30,285,0.00224443175829947,0.0017973307985812426
mlp_1x100_relu,30,30,286,0.002243851078674197,0.001794086885638535
mlp_1x100_relu,30,30,287,0.002241457113996148,0.0018041330622509122
mlp_1x100_relu,30,30,288,0.0022415064740926027,0.0017895381897687912
mlp_1x100_relu,30,30,289,0.002244642935693264,0.0017888875445351005
mlp_1x100_relu,30,30,290,0.0022461458574980497,0.0017909782472997904
mlp_1x100_relu,30,30,291,0.0022428547963500023,0.0017961550038307905
mlp_1x100_relu,30,30,292,0.002244058297947049,0.0017932651098817587
mlp_1x100_relu,30,30,293,0.002241759095340967,0.0017926809377968311
mlp_1x100_relu,30,30,294,0.002243560506030917,0.0017910016467794776
mlp_1x100_relu,30,30,295,0.0022559133358299732,0.0017964222934097052
mlp_1x100_relu,30,30,296,0.002241805661469698,0.0017947357846423984
mlp_1x100_relu,30,30,297,0.002245052484795451,0.0017903463449329138
mlp_1x100_relu,30,30,298,0.0022431896068155766,0.0017946242587640882
mlp_1x100_relu,30,30,299,0.0022437970619648695,0.0018066877964884043
mlp_1x100_relu,30,30,300,0.0022426010109484196,0.00179764605127275
mlp_1x100_relu,30,30,301,0.0022398075088858604,0.0017981266137212515
mlp_1x100_relu,30,30,302,0.0022463281638920307,0.001797630451619625
mlp_1x100_relu,30,30,303,0.0022448482923209667,0.0018013309454545379
mlp_1x100_relu,30,30,304,0.002246544463559985,0.0018000222044065595
mlp_1x100_relu,30,30,305,0.0022424899507313967,0.0017999311676248908
mlp_1x100_relu,30,30,306,0.002251703292131424,0.0018055867403745651
mlp_1x100_relu,30,30,307,0.00224027200601995,0.0018072702223435044
mlp_1x100_relu,30,30,308,0.002247825264930725,0.001786016277037561
mlp_1x100_relu,30,30,309,0.002247302094474435,0.0018053427338600159
mlp_1x100_relu,30,30,310,0.002244515810161829,0.0018083063187077641
mlp_1x100_relu,30,30,311,0.0022406678181141615,0.0018045970937237144
mlp_1x100_relu,30,30,312,0.0022447218652814627,0.0017997556133195758
mlp_1x100_relu,30,30,313,0.0022443379275500774,0.0018012943910434842
mlp_1x100_relu,30,30,314,0.0022436613216996193,0.0017973986687138677
mlp_1x100_relu,30,30,315,0.002240140689536929,0.0017996219685301185
mlp_1x100_relu,30,30,316,0.00224207597784698,0.0017966193845495582
mlp_1x100_relu,30,30,317,0.002242791699245572,0.0018013111548498273
mlp_1x100_relu,30,30,318,0.002241122769191861,0.0017917960649356246
mlp_1x100_relu,30,30,319,0.002247593831270933,0.0018004414159804583
mlp_1x100_relu,30,30,320,0.0022453765850514174,0.0017974950606003404
mlp_1x100_relu,30,30,321,0.0022423453629016876,0.0018019372364506125
mlp_1x100_relu,30,30,322,0.002248497912660241,0.0018016218673437834
mlp_1x100_relu,30,30,323,0.002244079252704978,0.0017961289267987013
mlp_1x100_relu,30,30,324,0.0022428694646805525,0.0018023854354396462
mlp_1x100_relu,30,30,325,0.002242446644231677,0.0018057995475828648
mlp_1x100_relu,30,30,326,0.002243237802758813,0.001805509440600872
mlp_1x100_relu,30,30,327,0.0022401195019483566,0.0017974688671529293
mlp_1x100_relu,30,30,328,0.0022400538437068462,0.0018018410773947835
mlp_1x100_relu,30,30,329,0.0022406799253076315,0.0017939931713044643
mlp_1x100_relu,30,30,330,0.002242467598989606,0.001807136693969369
mlp_1x100_relu,30,30,331,0.0022430771496146917,0.00180659384932369
mlp_1x100_relu,30,30,332,0.0022446003276854753,0.0017957171658053994
mlp_1x100_relu,30,30,333,0.0022434694692492485,0.001798874232918024
mlp_1x100_relu,30,30,334,0.0022458189632743597,0.0017922286642715335
mlp_1x100_relu,30,30,335,0.0022412280086427927,0.0018045433098450303
mlp_1x100_relu,30,30,336,0.0022426056675612926,0.0018094655824825168
mlp_1x100_relu,30,30,337,0.002241151873022318,0.0018017332768067718
mlp_1x100_relu,30,30,338,0.002245485782623291,0.0018006424652412534
mlp_1x100_relu,30,30,339,0.002239470835775137,0.001807355205528438
mlp_1x100_relu,30,30,340,0.0022397907450795174,0.0018009248888120055
mlp_1x100_relu,30,30,341,0.0022378615103662014,0.001801942242309451
mlp_1x100_relu,30,30,342,0.002243639202788472,0.0018008595798164606
mlp_1x100_relu,30,30,343,0.002239472232758999,0.0018008188344538212
mlp_1x100_relu,30,30,344,0.0022380929440259933,0.001800036639906466
mlp_1x100_relu,30,30,345,0.002243298338726163,0.0018012392101809382
mlp_1x100_relu,30,30,346,0.002237049164250493,0.0018101426539942622
mlp_1x100_relu,30,30,347,0.002244294388219714,0.0018057427369058132
mlp_1x100_relu,30,30,348,0.002242518123239279,0.001812994945794344
mlp_1x100_relu,30,30,349,0.0022378754802048206,0.0018052770756185055
mlp_1x100_relu,30,30,350,0.002240060130134225,0.0018052762607112527
mlp_1x100_relu,30,30,351,0.002245913725346327,0.0018129112431779504
mlp_1x100_relu,30,30,352,0.0022377618588507175,0.001803617225959897
mlp_1x100_relu,30,30,353,0.00224599102512002,0.0018067031633108854
mlp_1x100_relu,30,30,354,0.0022415367420762777,0.0018048337660729885
mlp_1x100_relu,30,30,355,0.002238656161352992,0.0018112290417775512
mlp_1x100_relu,30,30,356,0.002241370500996709,0.0018042965093627572
mlp_1x100_relu,30,30,357,0.0022393150720745325,0.0018153906567022204
mlp_1x100_relu,30,30,358,0.0022381735034286976,0.0018039703136309981
mlp_1x100_relu,30,30,359,0.002240410540252924,0.0018127807416021824
mlp_1x100_relu,30,30,360,0.002237939042970538,0.0018129077507182956
mlp_1x100_relu,30,30,361,0.0022427996154874563,0.001793358474969864
mlp_1x100_relu,30,30,362,0.0022449088282883167,0.0018026168690994382
mlp_1x100_relu,30,30,363,0.0022411395329982042,0.0018065385520458221
mlp_1x100_relu,30,30,364,0.0022405036725103855,0.0018108099466189742
mlp_1x100_relu,30,30,365,0.002242374001070857,0.0018070593941956758
mlp_1x100_relu,30,30,366,0.0022416049614548683,0.0017921051476150751
mlp_1x100_relu,30,30,367,0.002237447304651141,0.0018009342020377517
mlp_1x100_relu,30,30,368,0.002242341171950102,0.001798005192540586
mlp_1x100_relu,30,30,369,0.0022388664074242115,0.0018104863120242953
mlp_1x100_relu,30,30,370,0.002236964413896203,0.0018008917104452848
mlp_1x100_relu,30,30,371,0.0022417206782847643,0.001794416457414627
mlp_1x100_relu,30,30,372,0.0022365699987858534,0.0018133140401914716
mlp_1x100_relu,30,30,373,0.0022408857475966215,0.0018005628371611238
mlp_1x100_relu,30,30,374,0.002242474816739559,0.001801495673134923
mlp_1x100_relu,30,30,375,0.0022404345218092203,0.0018128996016457677
mlp_1x100_relu,30,30,376,0.002242575865238905,0.001798210316337645
mlp_1x100_relu,30,30,377,0.00223828898742795,0.0018102413741871715
mlp_1x100_relu,30,30,378,0.002240128815174103,0.001812294009141624
mlp_1x100_relu,30,30,379,0.00223800097592175,0.001807602820917964
mlp_1x100_relu,30,30,380,0.0022404377814382315,0.0018068418139591813
mlp_1x100_relu,30,30,381,0.0022422424517571926,0.0018070777878165245
mlp_1x100_relu,30,30,382,0.002245022216811776,0.0018170165130868554
mlp_1x100_relu,30,30,383,0.0022403961047530174,0.0018015406094491482
mlp_1x100_relu,30,30,384,0.002244853414595127,0.001808385830372572
mlp_1x100_relu,30,30,385,0.0022429651580750942,0.0018078142311424017
mlp_1x100_relu,30,30,386,0.0022408985532820225,0.0018057824345305562
mlp_1x100_relu,30,30,387,0.002236624015495181,0.001811634167097509
mlp_1x100_relu,30,30,388,0.0022374799009412527,0.0018093340331688523
mlp_1x100_relu,30,30,389,0.0022403125185519457,0.0017972533823922276
mlp_1x100_relu,30,30,390,0.00223771994933486,0.001803866121917963
mlp_1x100_relu,30,30,391,0.0022365169133991003,0.0018022673903033137
mlp_1x100_relu,30,30,392,0.0022380074951797724,0.0017995662055909634
mlp_1x100_relu,30,30,393,0.0022399225272238255,0.0018140214961022139
mlp_1x100_relu,30,30,394,0.00223951181396842,0.0018098658183589578
mlp_1x100_relu,30,30,395,0.0022385376505553722,0.001805050647817552
mlp_1x100_relu,30,30,396,0.0022408082149922848,0.0018133384874090552
mlp_1x100_relu,30,30,397,0.0022386377677321434,0.001808111323043704
mlp_1x100_relu,30,30,398,0.0022417199797928333,0.0018045458709821105
mlp_1x100_relu,30,30,399,0.002237545093521476,0.0018091205274686217
mlp_1x100_relu,30,30,400,0.002243983093649149,0.0018023262964561582
mlp_1x100_relu,30,30,401,0.002243088325485587,0.0018142523476853967
mlp_1x100_relu,30,30,402,0.0022380754817277193,0.0018120621098205447
mlp_1x100_relu,30,30,403,0.0022383651230484247,0.0018033974338322878
mlp_1x100_relu,30,30,404,0.002238083630800247,0.0018071348313242197
mlp_1x100_relu,30,30,405,0.0022376198321580887,0.001810303539969027
mlp_1x100_relu,30,30,406,0.0022417940199375153,0.0018057706765830517
mlp_1x100_relu,30,30,407,0.002235822379589081,0.001806933549232781
mlp_1x100_relu,30,30,408,0.002241811715066433,0.0018126224167644978
mlp_1x100_relu,30,30,409,0.0022396440617740154,0.001805751002393663
mlp_1x100_relu,30,30,410,0.0022365751210600138,0.0018034643726423383
mlp_1x100_relu,30,30,411,0.0022407525684684515,0.001803908497095108
mlp_1x100_relu,30,30,412,0.002243387047201395,0.0018046373734250665
mlp_1x100_relu,30,30,413,0.0022381616290658712,0.0018057215493172407
mlp_1x100_relu,30,30,414,0.002242398913949728,0.0017981574637815356
mlp_1x100_relu,30,30,415,0.0022364817559719086,0.0018076548585668206
mlp_1x100_relu,30,30,416,0.0022442257031798363,0.0017951660556718707
mlp_1x100_relu,30,30,417,0.0022441798355430365,0.0018093131948262453
mlp_1x100_relu,30,30,418,0.0022390796802937984,0.0018073598621413112
mlp_1x100_relu,30,30,419,0.002243440831080079,0.0018009673804044724
mlp_1x100_relu,30,30,420,0.002237164182588458,0.0018126266077160835
mlp_1x100_relu,30,30,421,0.0022404270712286234,0.0018120247405022383
mlp_1x100_relu,30,30,422,0.0022381204180419445,0.0017929914174601436
mlp_1x100_relu,30,30,423,0.00223631807602942,0.0018037225818261504
mlp_1x100_relu,30,30,424,0.0022337231785058975,0.0018003106815740466
mlp_1x100_relu,30,30,425,0.0022407255601137877,0.0018105165800079703
mlp_1x100_relu,30,30,426,0.0022365350741893053,0.0018088999204337597
mlp_1x100_relu,30,30,427,0.0022396252024918795,0.0018206376116722822
mlp_1x100_relu,30,30,428,0.0022388200741261244,0.001815954688936472
mlp_1x100_relu,30,30,429,0.002242304151877761,0.0018094551051035523
mlp_1x100_relu,30,30,430,0.002236289205029607,0.0018157979939132929
mlp_1x100_relu,30,30,431,0.0022352486848831177,0.001818798016756773
mlp_1x100_relu,30,30,432,0.0022372337989509106,0.0018087688367813826
mlp_1x100_relu,30,30,433,0.0022395476698875427,0.0018065902404487133
mlp_1x100_relu,30,30,434,0.0022380249574780464,0.0018011871725320816
mlp_1x100_relu,30,30,435,0.0022338356357067823,0.0018096222775056958
mlp_1x100_relu,30,30,436,0.002237255685031414,0.001813120674341917
mlp_1x100_relu,30,30,437,0.002239394932985306,0.0018178345635533333
mlp_1x100_relu,30,30,438,0.0022438394371420145,0.0018133290577679873
mlp_1x100_relu,30,30,439,0.002238475251942873,0.0018070280784741044
mlp_1x100_relu,30,30,440,0.0022430007811635733,0.0018172062700614333
mlp_1x100_relu,30,30,441,0.0022444140631705523,0.001807825523428619
mlp_1x100_relu,30,30,442,0.0022368149366229773,0.0018175997538492084
mlp_1x100_relu,30,30,443,0.0022321667056530714,0.0018243654631078243
mlp_1x100_relu,30,30,444,0.002241854090243578,0.0018145660869777203
mlp_1x100_relu,30,30,445,0.002242593327537179,0.0017968678148463368
mlp_1x100_relu,30,30,446,0.002243152353912592,0.001813376322388649
mlp_1x100_relu,30,30,447,0.0022374882828444242,0.0018043417949229479
mlp_1x100_relu,30,30,448,0.002237888751551509,0.00181447749491781
mlp_1x100_relu,30,30,449,0.002237198641523719,0.0018118714215233922
mlp_1x100_relu,30,30,450,0.0022375613916665316,0.0018183182692155242
mlp_1x100_relu,30,30,451,0.0022382913157343864,0.001805017003789544
mlp_1x100_relu,30,30,452,0.0022379530128091574,0.0018087010830640793
mlp_1x100_relu,30,30,453,0.0022349818609654903,0.0018043102463707328
mlp_1x100_relu,30,30,454,0.002239590510725975,0.0018170052208006382
mlp_1x100_relu,30,30,455,0.002237554406747222,0.0018178822938352823
mlp_1x100_relu,30,30,456,0.0022397737484425306,0.001814168761484325
mlp_1x100_relu,30,30,457,0.002233929466456175,0.001810426008887589
mlp_1x100_relu,30,30,458,0.0022381367161870003,0.0018095505656674504
mlp_1x100_relu,30,30,459,0.0022389430087059736,0.001808105269446969
mlp_1x100_relu,30,30,460,0.002235117834061384,0.0018005141755566
mlp_1x100_relu,30,30,461,0.0022405690979212523,0.001807429944165051
mlp_1x100_relu,30,30,462,0.0022408640943467617,0.0018142021726816893
mlp_1x100_relu,30,30,463,0.002239728346467018,0.0018126674694940448
mlp_1x100_relu,30,30,464,0.0022373327519744635,0.0018120441818609834
mlp_1x100_relu,30,30,465,0.0022378063295036554,0.0018106115749105811
mlp_1x100_relu,30,30,466,0.0022427798248827457,0.0018093487014994025
mlp_1x100_relu,30,30,467,0.0022396452259272337,0.001805901643820107
mlp_1x100_relu,30,30,468,0.0022401262540370226,0.0018120508175343275
mlp_1x100_relu,30,30,469,0.0022359914146363735,0.0018111465033143759
mlp_1x100_relu,30,30,470,0.0022387104108929634,0.001809215173125267
mlp_1x100_relu,30,30,471,0.002237468957901001,0.0018043352756649256
mlp_1x100_relu,30,30,472,0.0022356079425662756,0.001804150640964508
mlp_1x100_relu,30,30,473,0.002232911763712764,0.0018072212114930153
mlp_1x100_relu,30,30,474,0.002236350905150175,0.001806443091481924
mlp_1x100_relu,30,30,475,0.002237525535747409,0.0018071486847475171
mlp_1x100_relu,30,30,476,0.0022368431091308594,0.0018109242664650083
mlp_1x100_relu,30,30,477,0.0022370382212102413,0.0018163227941840887
mlp_1x100_relu,30,30,478,0.0022388575598597527,0.0018076379783451557
mlp_1x100_relu,30,30,479,0.0022357727866619825,0.0018152790144085884
mlp_1x100_relu,30,30,480,0.002238407265394926,0.0018011241918429732
mlp_1x100_relu,30,30,481,0.002235474530607462,0.0018112784018740058
mlp_1x100_relu,30,30,482,0.00223732297308743,0.001815972151234746
mlp_1x100_relu,30,30,483,0.0022349474020302296,0.0018014998640865088
mlp_1x100_relu,30,30,484,0.002234427724033594,0.0018147106748074293
mlp_1x100_relu,30,30,485,0.0022370314691215754,0.0018111580284312367
mlp_1x100_relu,30,30,486,0.002236428204923868,0.0018094818806275725
mlp_1x100_relu,30,30,487,0.002240752801299095,0.0018182324711233377
mlp_1x100_relu,30,30,488,0.002236556261777878,0.0018076919950544834
mlp_1x100_relu,30,30,489,0.0022344677709043026,0.0018077431013807654
mlp_1x100_relu,30,30,490,0.002237183041870594,0.0018194878939539194
mlp_1x100_relu,30,30,491,0.002236409345641732,0.0018174899742007256
mlp_1x100_relu,30,30,492,0.002236564876511693,0.0018123876070603728
mlp_1x100_relu,30,30,493,0.0022368906065821648,0.0018089154036715627
mlp_1x100_relu,30,30,494,0.0022395430132746696,0.0018130658427253366
mlp_1x100_relu,30,30,495,0.002233125502243638,0.0018073786050081253
mlp_1x100_relu,30,30,496,0.0022378822322934866,0.0018126909853890538
mlp_1x100_relu,30,30,497,0.0022374733816832304,0.0018104781629517674
mlp_1x100_relu,30,30,498,0.0022379313595592976,0.0018198539037257433
mlp_1x100_relu,30,30,499,0.002231423743069172,0.0018181236227974296
mlp_1x100_relu,30,30,500,0.0022351776715368032,0.0018057599663734436
mlp_1x100_relu,30,90,1,0.4573498070240021,0.20791949331760406
mlp_1x100_relu,30,90,2,0.19151078164577484,0.11329594254493713
mlp_1x100_relu,30,90,3,0.10181492567062378,0.06465070694684982
mlp_1x100_relu,30,90,4,0.05226209759712219,0.032514043152332306
mlp_1x100_relu,30,90,5,0.022293386980891228,0.012918484397232533
mlp_1x100_relu,30,90,6,0.008379106409847736,0.005032901186496019
mlp_1x100_relu,30,90,7,0.004511863924562931,0.003902277210727334
mlp_1x100_relu,30,90,8,0.0038175522349774837,0.0030551543459296227
mlp_1x100_relu,30,90,9,0.003693854669108987,0.0022315368987619877
mlp_1x100_relu,30,90,10,0.003138469299301505,0.002246211050078273
mlp_1x100_relu,30,90,11,0.0031489687971770763,0.002292915713042021
mlp_1x100_relu,30,90,12,0.0030948789790272713,0.0020379850175231695
mlp_1x100_relu,30,90,13,0.002975544659420848,0.002124990103766322
mlp_1x100_relu,30,90,14,0.002888487186282873,0.001957276137545705
mlp_1x100_relu,30,90,15,0.002910166047513485,0.002045690780505538
mlp_1x100_relu,30,90,16,0.003018095623701811,0.001814871677197516
mlp_1x100_relu,30,90,17,0.0026806704699993134,0.0016891134437173605
mlp_1x100_relu,30,90,18,0.002896364778280258,0.0016981555381789804
mlp_1x100_relu,30,90,19,0.0027524358592927456,0.0015944864135235548
mlp_1x100_relu,30,90,20,0.00284527032636106,0.0019214055500924587
mlp_1x100_relu,30,90,21,0.002750162035226822,0.001946112490259111
mlp_1x100_relu,30,90,22,0.002698922995477915,0.001789838308468461
mlp_1x100_relu,30,90,23,0.002512075239792466,0.0018050415674224496
mlp_1x100_relu,30,90,24,0.0024587013758718967,0.0019123319070786238
mlp_1x100_relu,30,90,25,0.0023838719353079796,0.0018384094582870603
mlp_1x100_relu,30,90,26,0.0022357963025569916,0.0017609837232157588
mlp_1x100_relu,30,90,27,0.0021970595698803663,0.00207392661832273
mlp_1x100_relu,30,90,28,0.0021120449528098106,0.0020531397312879562
mlp_1x100_relu,30,90,29,0.0020941486582159996,0.002102215774357319
mlp_1x100_relu,30,90,30,0.0020163259468972683,0.0019371079979464412
mlp_1x100_relu,30,90,31,0.001987157855182886,0.0017640222795307636
mlp_1x100_relu,30,90,32,0.0018541947938501835,0.001640148926526308
mlp_1x100_relu,30,90,33,0.0018504593754187226,0.001643581548705697
mlp_1x100_relu,30,90,34,0.0017851601587608457,0.0016022794879972935
mlp_1x100_relu,30,90,35,0.0017269409727305174,0.0017115217633545399
mlp_1x100_relu,30,90,36,0.0016705769812688231,0.001565809128805995
mlp_1x100_relu,30,90,37,0.0016816140851005912,0.0012972240801900625
mlp_1x100_relu,30,90,38,0.0016445264918729663,0.0011656751157715917
mlp_1x100_relu,30,90,39,0.0014795546885579824,0.0012513116234913468
mlp_1x100_relu,30,90,40,0.0014381443616002798,0.0011919039534404874
mlp_1x100_relu,30,90,41,0.0014216294512152672,0.0012143534841015935
mlp_1x100_relu,30,90,42,0.0014226711355149746,0.0012399007100611925
mlp_1x100_relu,30,90,43,0.0014229402877390385,0.0012764092534780502
mlp_1x100_relu,30,90,44,0.0014070173492655158,0.0012351472396403551
mlp_1x100_relu,30,90,45,0.0013749338686466217,0.0012495251139625907
mlp_1x100_relu,30,90,46,0.0013742459705099463,0.0012632398866117
mlp_1x100_relu,30,90,47,0.0013926440151408315,0.0013166835997253656
mlp_1x100_relu,30,90,48,0.001438530394807458,0.0013552088057622313
mlp_1x100_relu,30,90,49,0.0014336224412545562,0.0012843292206525803
mlp_1x100_relu,30,90,50,0.0014147881884127855,0.0012536569265648723
mlp_1x100_relu,30,90,51,0.0013909421395510435,0.001255376380868256
mlp_1x100_relu,30,90,52,0.0013943853555247188,0.0012204308295622468
mlp_1x100_relu,30,90,53,0.00138237071223557,0.0012001032009720802
mlp_1x100_relu,30,90,54,0.0013565325643867254,0.0011919254902750254
mlp_1x100_relu,30,90,55,0.0013542835367843509,0.0011918166419491172
mlp_1x100_relu,30,90,56,0.0013402863405644894,0.0011579825077205896
mlp_1x100_relu,30,90,57,0.0013269779738038778,0.0011553482618182898
mlp_1x100_relu,30,90,58,0.0013347344938665628,0.0011553021613508463
mlp_1x100_relu,30,90,59,0.0013209787430241704,0.0011325872037559748
mlp_1x100_relu,30,90,60,0.0013251597993075848,0.0011453460901975632
mlp_1x100_relu,30,90,61,0.0013249722542241216,0.0011367640690878034
mlp_1x100_relu,30,90,62,0.0013297598343342543,0.001122818561270833
mlp_1x100_relu,30,90,63,0.0013388314982876182,0.0011267033405601978
mlp_1x100_relu,30,90,64,0.0013297712430357933,0.0011238656006753445
mlp_1x100_relu,30,90,65,0.0013405031058937311,0.0011371646542102098
mlp_1x100_relu,30,90,66,0.0013368650106713176,0.0011331279529258609
mlp_1x100_relu,30,90,67,0.001349237747490406,0.001116070430725813
mlp_1x100_relu,30,90,68,0.0013551149750128388,0.0011285262880846858
mlp_1x100_relu,30,90,69,0.0013738605193793774,0.0011184741742908955
mlp_1x100_relu,30,90,70,0.0014003937831148505,0.0011410872684791684
mlp_1x100_relu,30,90,71,0.001397819840349257,0.0011197705753147602
mlp_1x100_relu,30,90,72,0.0014179929858073592,0.001148194307461381
mlp_1x100_relu,30,90,73,0.0014230007072910666,0.0011304618092253804
mlp_1x100_relu,30,90,74,0.0014190805377438664,0.001128525473177433
mlp_1x100_relu,30,90,75,0.0014265868812799454,0.0011510413605719805
mlp_1x100_relu,30,90,76,0.0014357997570186853,0.0011141147697344422
mlp_1x100_relu,30,90,77,0.0014642486348748207,0.0011249494273215532
mlp_1x100_relu,30,90,78,0.0014528200263157487,0.0011428154539316893
mlp_1x100_relu,30,90,79,0.0014435120392590761,0.0010916610481217504
mlp_1x100_relu,30,90,80,0.00145968166179955,0.0010873955907300115
mlp_1x100_relu,30,90,81,0.0014657207066193223,0.00117399578448385
mlp_1x100_relu,30,90,82,0.0014626141637563705,0.0010847984813153744
mlp_1x100_relu,30,90,83,0.001501973019912839,0.0011491975747048855
mlp_1x100_relu,30,90,84,0.00147535209544003,0.0010976631892845035
mlp_1x100_relu,30,90,85,0.0014713305281475186,0.0011099770199507475
mlp_1x100_relu,30,90,86,0.0014743150677531958,0.0011040607932955027
mlp_1x100_relu,30,90,87,0.001466235495172441,0.001098686014302075
mlp_1x100_relu,30,90,88,0.001465982641093433,0.001092229736968875
mlp_1x100_relu,30,90,89,0.0014955111546441913,0.0011410204460844398
mlp_1x100_relu,30,90,90,0.0014953246572986245,0.0011509540490806103
mlp_1x100_relu,30,90,91,0.0015235684113577008,0.0010793405817821622
mlp_1x100_relu,30,90,92,0.001532881404273212,0.00112825445830822
mlp_1x100_relu,30,90,93,0.001571952598169446,0.0011011323658749461
mlp_1x100_relu,30,90,94,0.0016759050777181983,0.0012450244976207614
mlp_1x100_relu,30,90,95,0.0016778723802417517,0.0011177489068359137
mlp_1x100_relu,30,90,96,0.0015667290426790714,0.0011129612103104591
mlp_1x100_relu,30,90,97,0.0015071661910042167,0.0011000894010066986
mlp_1x100_relu,30,90,98,0.0014737729215994477,0.001077237306162715
mlp_1x100_relu,30,90,99,0.0014869142323732376,0.0010686303721740842
mlp_1x100_relu,30,90,100,0.00150659482460469,0.0010803185869008303
mlp_1x100_relu,30,90,101,0.0015156937297433615,0.0010826617944985628
mlp_1x100_relu,30,90,102,0.001486452529206872,0.0010689920745790005
mlp_1x100_relu,30,90,103,0.0014628475764766335,0.00107093236874789
mlp_1x100_relu,30,90,104,0.001483382424339652,0.0010966089321300387
mlp_1x100_relu,30,90,105,0.0014810175634920597,0.0010613860795274377
mlp_1x100_relu,30,90,106,0.0014709531096741557,0.001078813336789608
mlp_1x100_relu,30,90,107,0.0014657657593488693,0.0010462537175044417
mlp_1x100_relu,30,90,108,0.0014862532261759043,0.001052377512678504
mlp_1x100_relu,30,90,109,0.0015038978308439255,0.0010939112398773432
mlp_1x100_relu,30,90,110,0.0015367069281637669,0.0010995526099577546
mlp_1x100_relu,30,90,111,0.0015767456497997046,0.001071274047717452
mlp_1x100_relu,30,90,112,0.0015451251529157162,0.0010724784806370735
mlp_1x100_relu,30,90,113,0.0015074803959578276,0.0010694017400965095
mlp_1x100_relu,30,90,114,0.0015126699581742287,0.0010689059272408485
mlp_1x100_relu,30,90,115,0.001518321456387639,0.0010693506337702274
mlp_1x100_relu,30,90,116,0.0015066853957250714,0.0010652343044057488
mlp_1x100_relu,30,90,117,0.0015248425770550966,0.0010601006215438247
mlp_1x100_relu,30,90,118,0.001499393256381154,0.001046920195221901
mlp_1x100_relu,30,90,119,0.0014924057759344578,0.0010664976434782147
mlp_1x100_relu,30,90,120,0.0015190899139270186,0.0010862977942451835
mlp_1x100_relu,30,90,121,0.0014755242737010121,0.0010450377594679594
mlp_1x100_relu,30,90,122,0.0014704667264595628,0.0010452065616846085
mlp_1x100_relu,30,90,123,0.001494548749178648,0.0010589506709948182
mlp_1x100_relu,30,90,124,0.0015493036480620503,0.0010454145958647132
mlp_1x100_relu,30,90,125,0.001516857068054378,0.0010541450465098023
mlp_1x100_relu,30,90,126,0.0015102452598512173,0.001045705983415246
mlp_1x100_relu,30,90,127,0.0015333375195041299,0.001040653558447957
mlp_1x100_relu,30,90,128,0.00152274698484689,0.0010460653575137258
mlp_1x100_relu,30,90,129,0.0015343974810093641,0.0010361478198319674
mlp_1x100_relu,30,90,130,0.0015127413207665086,0.001062084105797112
mlp_1x100_relu,30,90,131,0.001487578614614904,0.0010365796042606235
mlp_1x100_relu,30,90,132,0.0015182822244241834,0.0010575767373666167
mlp_1x100_relu,30,90,133,0.0014903504634276032,0.0010499205673113465
mlp_1x100_relu,30,90,134,0.0015194038860499859,0.0010615665232762694
mlp_1x100_relu,30,90,135,0.0015088957734405994,0.0010460300836712122
mlp_1x100_relu,30,90,136,0.0014854043256491423,0.0010429249377921224
mlp_1x100_relu,30,90,137,0.0014907955192029476,0.0010405969806015491
mlp_1x100_relu,30,90,138,0.0014737771125510335,0.0010440787300467491
mlp_1x100_relu,30,90,139,0.0014688456431031227,0.001054483000189066
mlp_1x100_relu,30,90,140,0.001474473043344915,0.0010642835404723883
mlp_1x100_relu,30,90,141,0.0014846968697384,0.0010439942125231028
mlp_1x100_relu,30,90,142,0.0014918723609298468,0.001056184177286923
mlp_1x100_relu,30,90,143,0.0015455081593245268,0.00105474388692528
mlp_1x100_relu,30,90,144,0.0014848223654553294,0.0010400493629276752
mlp_1x100_relu,30,90,145,0.001482858438976109,0.0010554580949246883
mlp_1x100_relu,30,90,146,0.0014734553406015038,0.0010383067419752479
mlp_1x100_relu,30,90,147,0.0014578790869563818,0.0010436639422550797
mlp_1x100_relu,30,90,148,0.0014792608562856913,0.0010465977247804403
mlp_1x100_relu,30,90,149,0.0014835434267297387,0.0010422092163935304
mlp_1x100_relu,30,90,150,0.0014839251525700092,0.0010381039464846253
mlp_1x100_relu,30,90,151,0.0014791253488510847,0.001054178224876523
mlp_1x100_relu,30,90,152,0.001446476555429399,0.0010398058220744133
mlp_1x100_relu,30,90,153,0.0014337481698021293,0.0010357919381931424
mlp_1x100_relu,30,90,154,0.001463354448787868,0.0010260463459417224
mlp_1x100_relu,30,90,155,0.0014708489179611206,0.0010371060343459249
mlp_1x100_relu,30,90,156,0.001453546341508627,0.001039828290231526
mlp_1x100_relu,30,90,157,0.0014544443693012,0.0010482716606929898
mlp_1x100_relu,30,90,158,0.0014346989337354898,0.0010377421276643872
mlp_1x100_relu,30,90,159,0.0014404980465769768,0.001035037450492382
mlp_1x100_relu,30,90,160,0.0014541539130732417,0.0010439124889671803
mlp_1x100_relu,30,90,161,0.0014547464670613408,0.0010350636439397931
mlp_1x100_relu,30,90,162,0.0014267442747950554,0.0010420531034469604
mlp_1x100_relu,30,90,163,0.001423022709786892,0.0010409164242446423
mlp_1x100_relu,30,90,164,0.0014279814204201102,0.0010391726391389966
mlp_1x100_relu,30,90,165,0.001435259822756052,0.00104618351906538
mlp_1x100_relu,30,90,166,0.0014450341695919633,0.0010426645167171955
mlp_1x100_relu,30,90,167,0.001432546996511519,0.0010392284020781517
mlp_1x100_relu,30,90,168,0.0014390427386388183,0.0010355692356824875
mlp_1x100_relu,30,90,169,0.0014701592735946178,0.0010439509060233831
mlp_1x100_relu,30,90,170,0.0014255668502300978,0.001042596180923283
mlp_1x100_relu,30,90,171,0.001422637258656323,0.0010456825839355588
mlp_1x100_relu,30,90,172,0.0014226274797692895,0.0010474624577909708
mlp_1x100_relu,30,90,173,0.0014507879968732595,0.0010360736632719636
mlp_1x100_relu,30,90,174,0.001438046689145267,0.0010442653438076377
mlp_1x100_relu,30,90,175,0.0014226757921278477,0.0010426313383504748
mlp_1x100_relu,30,90,176,0.0014206217601895332,0.0010415434371680021
mlp_1x100_relu,30,90,177,0.0014200543519109488,0.001041037030518055
mlp_1x100_relu,30,90,178,0.0014202767051756382,0.0010425924556329846
mlp_1x100_relu,30,90,179,0.0014224686892703176,0.0010395334102213383
mlp_1x100_relu,30,90,180,0.0014205084880813956,0.0010440582409501076
mlp_1x100_relu,30,90,181,0.001420817687176168,0.0010430747643113136
mlp_1x100_relu,30,90,182,0.0014206122141331434,0.001045385142788291
mlp_1x100_relu,30,90,183,0.0014214221155270934,0.0010418902384117246
mlp_1x100_relu,30,90,184,0.00142099114600569,0.001040895120240748
mlp_1x100_relu,30,90,185,0.0014211386442184448,0.0010437220335006714
mlp_1x100_relu,30,90,186,0.0014210891677066684,0.001039782422594726
mlp_1x100_relu,30,90,187,0.0014207586646080017,0.0010424552019685507
mlp_1x100_relu,30,90,188,0.0014202054589986801,0.0010383707704022527
mlp_1x100_relu,30,90,189,0.0014202845050022006,0.001042355434037745
mlp_1x100_relu,30,90,190,0.001420326647348702,0.001041841576807201
mlp_1x100_relu,30,90,191,0.0014212349196895957,0.0010414569405838847
mlp_1x100_relu,30,90,192,0.001420635380782187,0.0010422400664538145
mlp_1x100_relu,30,90,193,0.001420399290509522,0.0010446057422086596
mlp_1x100_relu,30,90,194,0.0014206819469109178,0.001041280571371317
mlp_1x100_relu,30,90,195,0.0014204845065250993,0.0010420918697491288
mlp_1x100_relu,30,90,196,0.0014206328196451068,0.0010432646377012134
mlp_1x100_relu,30,90,197,0.0014206217601895332,0.0010419784812256694
mlp_1x100_relu,30,90,198,0.001420656917616725,0.0010423393687233329
mlp_1x100_relu,30,90,199,0.0014207488857209682,0.0010428705718368292
mlp_1x100_relu,30,90,200,0.0014205327024683356,0.0010431180708110332
mlp_1x100_relu,30,90,201,0.001420344808138907,0.0010418436722829938
mlp_1x100_relu,30,90,202,0.0014207082567736506,0.0010421271435916424
mlp_1x100_relu,30,90,203,0.0014203215250745416,0.0010420834878459573
mlp_1x100_relu,30,90,204,0.0014203565660864115,0.0010421694023534656
mlp_1x100_relu,30,90,205,0.0014204143080860376,0.0010410354007035494
mlp_1x100_relu,30,90,206,0.0014209107030183077,0.0010442497441545129
mlp_1x100_relu,30,90,207,0.0014200949808582664,0.0010410028044134378
mlp_1x100_relu,30,90,208,0.0014204002218320966,0.001043911324813962
mlp_1x100_relu,30,90,209,0.0014203875325620174,0.0010427613742649555
mlp_1x100_relu,30,90,210,0.0014203934697434306,0.0010396760189905763
mlp_1x100_relu,30,90,211,0.0014203949831426144,0.0010420097969472408
mlp_1x100_relu,30,90,212,0.001420588931068778,0.0010436801239848137
mlp_1x100_relu,30,90,213,0.0014200694859027863,0.0010413575218990445
mlp_1x100_relu,30,90,214,0.0014200430596247315,0.0010435892036184669
mlp_1x100_relu,30,90,215,0.0014203685568645597,0.0010409702081233263
mlp_1x100_relu,30,90,216,0.0014205484185367823,0.0010439618490636349
mlp_1x100_relu,30,90,217,0.0014202442253008485,0.001041307346895337
mlp_1x100_relu,30,90,218,0.0014206563355401158,0.0010420911712571979
mlp_1x100_relu,30,90,219,0.0014201547019183636,0.0010409936076030135
mlp_1x100_relu,30,90,220,0.0014204962644726038,0.0010429891990497708
mlp_1x100_relu,30,90,221,0.0014201978920027614,0.0010421336628496647
mlp_1x100_relu,30,90,222,0.0014203699538484216,0.0010426227236166596
mlp_1x100_relu,30,90,223,0.0014202590100467205,0.0010433827992528677
mlp_1x100_relu,30,90,224,0.0014201118610799313,0.0010427171364426613
mlp_1x100_relu,30,90,225,0.00142044632229954,0.001043507712893188
mlp_1x100_relu,30,90,226,0.0014204258332028985,0.0010418376186862588
mlp_1x100_relu,30,90,227,0.0014205087209120393,0.0010439356556162238
mlp_1x100_relu,30,90,228,0.0014203693717718124,0.0010406329529359937
mlp_1x100_relu,30,90,229,0.0014202181482687593,0.001042720046825707
mlp_1x100_relu,30,90,230,0.0014207909116521478,0.0010423887288197875
mlp_1x100_relu,30,90,231,0.0014204398030415177,0.0010423790663480759
mlp_1x100_relu,30,90,232,0.0014205080224201083,0.0010435829171910882
mlp_1x100_relu,30,90,233,0.0014200886944308877,0.0010427122469991446
mlp_1x100_relu,30,90,234,0.0014207870699465275,0.001043356372974813
mlp_1x100_relu,30,90,235,0.0014206260675564408,0.0010398991871625185
mlp_1x100_relu,30,90,236,0.0014198992867022753,0.0010436761658638716
mlp_1x100_relu,30,90,237,0.0014203774044290185,0.0010436706943437457
mlp_1x100_relu,30,90,238,0.0014202158199623227,0.0010428717359900475
mlp_1x100_relu,30,90,239,0.0014201733283698559,0.0010425527580082417
mlp_1x100_relu,30,90,240,0.0014205639017745852,0.0010428717359900475
mlp_1x100_relu,30,90,241,0.0014201136073097587,0.0010388371301814914
mlp_1x100_relu,30,90,242,0.0014202872989699244,0.0010436391457915306
mlp_1x100_relu,30,90,243,0.0014203418977558613,0.0010421087499707937
mlp_1x100_relu,30,90,244,0.0014206786872819066,0.0010438502067700028
mlp_1x100_relu,30,90,245,0.001420124201104045,0.0010417114244773984
mlp_1x100_relu,30,90,246,0.0014202327001839876,0.0010423855856060982
mlp_1x100_relu,30,90,247,0.0014203604077920318,0.0010434961877763271
mlp_1x100_relu,30,90,248,0.0014202902093529701,0.001042099203914404
mlp_1x100_relu,30,90,249,0.0014199615688994527,0.0010421150363981724
mlp_1x100_relu,30,90,250,0.0014206093037500978,0.0010397579753771424
mlp_1x100_relu,30,90,251,0.0014198546996340156,0.001041881158016622
mlp_1x100_relu,30,90,252,0.0014204353792592883,0.0010404603090137243
mlp_1x100_relu,30,90,253,0.001420085085555911,0.0010410220129415393
mlp_1x100_relu,30,90,254,0.0014198292046785355,0.0010427064262330532
mlp_1x100_relu,30,90,255,0.0014204811304807663,0.0010414806893095374
mlp_1x100_relu,30,90,256,0.0014202872989699244,0.0010424696374684572
mlp_1x100_relu,30,90,257,0.001420437591150403,0.0010412402916699648
mlp_1x100_relu,30,90,258,0.0014203875325620174,0.0010425708023831248
mlp_1x100_relu,30,90,259,0.0014204654144123197,0.001041140523739159
mlp_1x100_relu,30,90,260,0.001420027227140963,0.0010427951347082853
mlp_1x100_relu,30,90,261,0.001420586253516376,0.001043665804900229
mlp_1x100_relu,30,90,262,0.0014203361934050918,0.0010432087583467364
mlp_1x100_relu,30,90,263,0.0014201728627085686,0.0010409578680992126
mlp_1x100_relu,30,90,264,0.0014204070903360844,0.0010415350552648306
mlp_1x100_relu,30,90,265,0.0014199912548065186,0.0010433245915919542
mlp_1x100_relu,30,90,266,0.001420399989001453,0.0010443722130730748
mlp_1x100_relu,30,90,267,0.0014204835752025247,0.0010447597596794367
mlp_1x100_relu,30,90,268,0.0014205460902303457,0.0010435072472319007
mlp_1x100_relu,30,90,269,0.0014201778685674071,0.0010430666152387857
mlp_1x100_relu,30,90,270,0.001420439686626196,0.0010425555519759655
mlp_1x100_relu,30,90,271,0.0014205086044967175,0.001042726100422442
mlp_1x100_relu,30,90,272,0.0014201090671122074,0.001039282069541514
mlp_1x100_relu,30,90,273,0.0014201803132891655,0.0010409472743049264
mlp_1x100_relu,30,90,274,0.0014204822946339846,0.0010414965217933059
mlp_1x100_relu,30,90,275,0.0014204127946868539,0.0010425146901980042
mlp_1x100_relu,30,90,276,0.0014204554026946425,0.0010432593990117311
mlp_1x100_relu,30,90,277,0.0014204562176018953,0.001041696290485561
mlp_1x100_relu,30,90,278,0.0014203226892277598,0.0010422799969092011
mlp_1x100_relu,30,90,279,0.0014203081373125315,0.0010431180708110332
mlp_1x100_relu,30,90,280,0.0014205174520611763,0.0010422139894217253
mlp_1x100_relu,30,90,281,0.0014202971942722797,0.0010426362277939916
mlp_1x100_relu,30,90,282,0.0014205072075128555,0.0010426787193864584
mlp_1x100_relu,30,90,283,0.0014202350284904242,0.0010429548565298319
mlp_1x100_relu,30,90,284,0.0014208186184987426,0.001042718067765236
mlp_1x100_relu,30,90,285,0.0014202664606273174,0.001041590585373342
mlp_1x100_relu,30,90,286,0.001420671702362597,0.0010424897773191333
mlp_1x100_relu,30,90,287,0.0014203226892277598,0.001040481380186975
mlp_1x100_relu,30,90,288,0.0014201321173459291,0.0010424902429804206
mlp_1x100_relu,30,90,289,0.0014204585459083319,0.0010416486766189337
mlp_1x100_relu,30,90,290,0.0014203722821548581,0.001041832147166133
mlp_1x100_relu,30,90,291,0.0014204006874933839,0.001041827374137938
mlp_1x100_relu,30,90,292,0.0014203547034412622,0.0010433176066726446
mlp_1x100_relu,30,90,293,0.0014203008031472564,0.0010410123504698277
mlp_1x100_relu,30,90,294,0.0014201398007571697,0.0010427418164908886
mlp_1x100_relu,30,90,295,0.001420208951458335,0.0010421671904623508
mlp_1x100_relu,30,90,296,0.00142045842949301,0.001042942050844431
mlp_1x100_relu,30,90,297,0.00142012070864439,0.0010405097855255008
mlp_1x100_relu,30,90,298,0.0014205685583874583,0.0010433413553982973
mlp_1x100_relu,30,90,299,0.0014206253690645099,0.0010413421550765634
mlp_1x100_relu,30,90,300,0.00142033735755831,0.0010432885028421879
mlp_1x100_relu,30,90,301,0.0014204340986907482,0.0010424248175695539
mlp_1x100_relu,30,90,302,0.0014205614570528269,0.001042962889187038
mlp_1x100_relu,30,90,303,0.0014200735604390502,0.0010425271466374397
mlp_1x100_relu,30,90,304,0.001420275424607098,0.0010430272668600082
mlp_1x100_relu,30,90,305,0.0014202308375388384,0.0010424680076539516
mlp_1x100_relu,30,90,306,0.0014206379419192672,0.0010423080530017614
mlp_1x100_relu,30,90,307,0.0014205873012542725,0.0010434150462970138
mlp_1x100_relu,30,90,308,0.0014206808991730213,0.0010452133137732744
mlp_1x100_relu,30,90,309,0.0014201118610799313,0.0010407958179712296
mlp_1x100_relu,30,90,310,0.0014200189616531134,0.001042243791744113
mlp_1x100_relu,30,90,311,0.0014204528415575624,0.001042161020450294
mlp_1x100_relu,30,90,312,0.0014202527236193419,0.0010421719634905457
mlp_1x100_relu,30,90,313,0.0014205261832103133,0.001042311661876738
mlp_1x100_relu,30,90,314,0.0014206297928467393,0.0010437305318191648
mlp_1x100_relu,30,90,315,0.0014200551668182015,0.0010378716979175806
mlp_1x100_relu,30,90,316,0.001420188113115728,0.0010437935125082731
mlp_1x100_relu,30,90,317,0.001420227694325149,0.0010401339968666434
mlp_1x100_relu,30,90,318,0.0014200365403667092,0.001042242394760251
mlp_1x100_relu,30,90,319,0.0014202852034941316,0.0010430793045088649
mlp_1x100_relu,30,90,320,0.0014204869512468576,0.0010427251690998673
mlp_1x100_relu,30,90,321,0.0014201330486685038,0.0010423788335174322
mlp_1x100_relu,30,90,322,0.0014202084857970476,0.0010415391298010945
mlp_1x100_relu,30,90,323,0.0014197577256709337,0.0010411374969407916
mlp_1x100_relu,30,90,324,0.0014201744925230742,0.0010432320414111018
mlp_1x100_relu,30,90,325,0.0014205281622707844,0.0010404365602880716
mlp_1x100_relu,30,90,326,0.0014202737947925925,0.0010419526370242238
mlp_1x100_relu,30,90,327,0.0014206420164555311,0.0010440109763294458
mlp_1x100_relu,30,90,328,0.001420581596903503,0.0010434369323775172
mlp_1x100_relu,30,90,329,0.0014202770544216037,0.0010437763994559646
mlp_1x100_relu,30,90,330,0.0014201757730916142,0.0010433548595756292
mlp_1x100_relu,30,90,331,0.001420278800651431,0.0010420051403343678
mlp_1x100_relu,30,90,332,0.0014202487654983997,0.0010429436806589365
mlp_1x100_relu,30,90,333,0.0014206139603629708,0.0010435183066874743
mlp_1x100_relu,30,90,334,0.001420236425474286,0.0010393053526058793
mlp_1x100_relu,30,90,335,0.0014201345620676875,0.0010434587020426989
mlp_1x100_relu,30,90,336,0.0014200275763869286,0.0010400388855487108
mlp_1x100_relu,30,90,337,0.0014202315360307693,0.0010430001420900226
mlp_1x100_relu,30,90,338,0.0014203079044818878,0.0010430454276502132
mlp_1x100_relu,30,90,339,0.0014200183795765042,0.0010419710306450725
mlp_1x100_relu,30,90,340,0.001420574146322906,0.00104301527608186
mlp_1x100_relu,30,90,341,0.0014200923033058643,0.0010423227213323116
mlp_1x100_relu,30,90,342,0.0014203022001311183,0.0010425020009279251
mlp_1x100_relu,30,90,343,0.0014200872974470258,0.001040795585140586
mlp_1x100_relu,30,90,344,0.0014200048753991723,0.001043026801198721
mlp_1x100_relu,30,90,345,0.0014205868355929852,0.001042174524627626
mlp_1x100_relu,30,90,346,0.0014208987122401595,0.001041813287883997
mlp_1x100_relu,30,90,347,0.0014203863684087992,0.00104042561724782
mlp_1x100_relu,30,90,348,0.0014203073224052787,0.0010420817416161299
mlp_1x100_relu,30,90,349,0.001420280896127224,0.00104127440135926
mlp_1x100_relu,30,90,350,0.001420003129169345,0.0010432293638586998
mlp_1x100_relu,30,90,351,0.001420572749339044,0.0010428780224174261
mlp_1x100_relu,30,90,352,0.0014204948674887419,0.001041218638420105
mlp_1x100_relu,30,90,353,0.0014205455081537366,0.0010434635914862156
mlp_1x100_relu,30,90,354,0.001420333399437368,0.0010394507553428411
mlp_1x100_relu,30,90,355,0.0014203796163201332,0.0010438936296850443
mlp_1x100_relu,30,90,356,0.00142016657628119,0.0010412713745608926
mlp_1x100_relu,30,90,357,0.0014201015001162887,0.001043485477566719
mlp_1x100_relu,30,90,358,0.001420448301360011,0.001044052536599338
mlp_1x100_relu,30,90,359,0.0014204381732270122,0.0010436885058879852
mlp_1x100_relu,30,90,360,0.0014206439955160022,0.0010420344769954681
mlp_1x100_relu,30,90,361,0.0014204973122105002,0.0010425958316773176
mlp_1x100_relu,30,90,362,0.001420611166395247,0.001042327843606472
mlp_1x100_relu,30,90,363,0.0014202690217643976,0.001042007701471448
mlp_1x100_relu,30,90,364,0.0014207926578819752,0.0010448740795254707
mlp_1x100_relu,30,90,365,0.00142061582300812,0.001043363707140088
mlp_1x100_relu,30,90,366,0.0014203499304130673,0.001042746240273118
mlp_1x100_relu,30,90,367,0.0014203805476427078,0.0010445246007293463
mlp_1x100_relu,30,90,368,0.0014204381732270122,0.0010417175944894552
mlp_1x100_relu,30,90,369,0.0014209203654900193,0.0010445433435961604
mlp_1x100_relu,30,90,370,0.0014204159379005432,0.0010405185166746378
mlp_1x100_relu,30,90,371,0.0014204384060576558,0.0010435458971187472
mlp_1x100_relu,30,90,372,0.001421017455868423,0.0010442194761708379
mlp_1x100_relu,30,90,373,0.0014205829938873649,0.0010427043307572603
mlp_1x100_relu,30,90,374,0.0014205342158675194,0.0010435600997880101
mlp_1x100_relu,30,90,375,0.0014202466700226068,0.0010409720707684755
mlp_1x100_relu,30,90,376,0.0014206011546775699,0.0010439087636768818
mlp_1x100_relu,30,90,377,0.0014199316501617432,0.0010419270256534219
mlp_1x100_relu,30,90,378,0.0014205664629116654,0.0010421352926641703
mlp_1x100_relu,30,90,379,0.001420745626091957,0.0010439564939588308
mlp_1x100_relu,30,90,380,0.0014201476005837321,0.0010414336575195193
mlp_1x100_relu,30,90,381,0.0014204088365659118,0.0010425853542983532
mlp_1x100_relu,30,90,382,0.001420502783730626,0.0010434748837724328
mlp_1x100_relu,30,90,383,0.0014203623868525028,0.0010405514622107148
mlp_1x100_relu,30,90,384,0.001419993699528277,0.001042706542648375
mlp_1x100_relu,30,90,385,0.0014203088358044624,0.0010421770857647061
mlp_1x100_relu,30,90,386,0.0014203418977558613,0.0010434919968247414
mlp_1x100_relu,30,90,387,0.0014202225720509887,0.0010410380782559514
mlp_1x100_relu,30,90,388,0.0014205735642462969,0.0010427780216559768
mlp_1x100_relu,30,90,389,0.001420105923898518,0.0010413978016003966
mlp_1x100_relu,30,90,390,0.0014201125595718622,0.0010435136500746012
mlp_1x100_relu,30,90,391,0.0014207939384505153,0.0010422152699902654
mlp_1x100_relu,30,90,392,0.0014204321196302772,0.001042284769937396
mlp_1x100_relu,30,90,393,0.0014201882295310497,0.001041349838487804
mlp_1x100_relu,30,90,394,0.0014200223376974463,0.0010415844153612852
mlp_1x100_relu,30,90,395,0.0014204289764165878,0.00104349700268358
mlp_1x100_relu,30,90,396,0.0014200367731973529,0.0010419331956654787
mlp_1x100_relu,30,90,397,0.0014202934689819813,0.0010422954801470041
mlp_1x100_relu,30,90,398,0.0014202432939782739,0.0010389818344265223
mlp_1x100_relu,30,90,399,0.0014205953339114785,0.0010439075995236635
mlp_1x100_relu,30,90,400,0.0014200870646163821,0.0010396742727607489
mlp_1x100_relu,30,90,401,0.0014204629696905613,0.0010423380881547928
mlp_1x100_relu,30,90,402,0.0014204445760697126,0.001044927746988833
mlp_1x100_relu,30,90,403,0.0014203726314008236,0.0010413388954475522
mlp_1x100_relu,30,90,404,0.0014201643643900752,0.0010425846558064222
mlp_1x100_relu,30,90,405,0.001420387881807983,0.0010429879184812307
mlp_1x100_relu,30,90,406,0.0014203928876668215,0.0010428018867969513
mlp_1x100_relu,30,90,407,0.0014206975465640426,0.0010441587073728442
mlp_1x100_relu,30,90,408,0.0014205449260771275,0.001043442403897643
mlp_1x100_relu,30,90,409,0.0014205178013071418,0.0010436730226501822
mlp_1x100_relu,30,90,410,0.001420542481355369,0.0010407164227217436
mlp_1x100_relu,30,90,411,0.0014199134893715382,0.0010424441425129771
mlp_1x100_relu,30,90,412,0.0014205063926056027,0.0010439541656523943
mlp_1x100_relu,30,90,413,0.0014202301390469074,0.0010411152616143227
mlp_1x100_relu,30,90,414,0.001420159125700593,0.001042765798047185
mlp_1x100_relu,30,90,415,0.0014203776372596622,0.0010406504152342677
mlp_1x100_relu,30,90,416,0.0014203995233401656,0.0010428365785628557
mlp_1x100_relu,30,90,417,0.0014204572653397918,0.0010423612548038363
mlp_1x100_relu,30,90,418,0.0014202474849298596,0.001042078249156475
mlp_1x100_relu,30,90,419,0.0014204945182427764,0.0010433809366077185
mlp_1x100_relu,30,90,420,0.0014201352605596185,0.0010413535637781024
mlp_1x100_relu,30,90,421,0.0014206243213266134,0.001043168012984097
mlp_1x100_relu,30,90,422,0.0014199650613591075,0.0010414860444143414
mlp_1x100_relu,30,90,423,0.001420241198502481,0.0010431312257423997
mlp_1x100_relu,30,90,424,0.0014207626227289438,0.0010432414710521698
mlp_1x100_relu,30,90,425,0.0014204230392351747,0.001042433432303369
mlp_1x100_relu,30,90,426,0.001420839224010706,0.0010431898990646005
mlp_1x100_relu,30,90,427,0.0014202011516317725,0.0010395555291324854
mlp_1x100_relu,30,90,428,0.001420388463884592,0.001041702227666974
mlp_1x100_relu,30,90,429,0.0014202063903212547,0.0010416510049253702
mlp_1x100_relu,30,90,430,0.0014201728627085686,0.001041253563016653
mlp_1x100_relu,30,90,431,0.001420002430677414,0.0010441459016874433
mlp_1x100_relu,30,90,432,0.0014202812453731894,0.0010417384328320622
mlp_1x100_relu,30,90,433,0.0014206430641934276,0.0010441397316753864
mlp_1x100_relu,30,90,434,0.001420133630745113,0.001040225732140243
mlp_1x100_relu,30,90,435,0.0014205495826900005,0.0010437759337946773
mlp_1x100_relu,30,90,436,0.0014205363113433123,0.0010412679985165596
mlp_1x100_relu,30,90,437,0.0014199361903592944,0.001043266267515719
mlp_1x100_relu,30,90,438,0.0014206041814759374,0.0010434850119054317
mlp_1x100_relu,30,90,439,0.0014202555175870657,0.00104226334951818
mlp_1x100_relu,30,90,440,0.0014204139588400722,0.001043749158270657
mlp_1x100_relu,30,90,441,0.0014201182639226317,0.0010428348323330283
mlp_1x100_relu,30,90,442,0.0014204763574525714,0.0010437768651172519
mlp_1x100_relu,30,90,443,0.0014203832251951098,0.0010436202865093946
mlp_1x100_relu,30,90,444,0.0014204684412106872,0.001043669879436493
mlp_1x100_relu,30,90,445,0.001420546555891633,0.001041069976054132
mlp_1x100_relu,30,90,446,0.0014206423657014966,0.0010439507896080613
mlp_1x100_relu,30,90,447,0.0014199704164639115,0.0010395410936325788
mlp_1x100_relu,30,90,448,0.0014204714680090547,0.0010452240239828825
mlp_1x100_relu,30,90,449,0.0014198955614119768,0.0010414363350719213
mlp_1x100_relu,30,90,450,0.0014209853252395988,0.0010448610410094261
mlp_1x100_relu,30,90,451,0.0014207352651283145,0.001043408876284957
mlp_1x100_relu,30,90,452,0.0014201011508703232,0.0010423439089208841
mlp_1x100_relu,30,90,453,0.0014206587802618742,0.001043894561007619
mlp_1x100_relu,30,90,454,0.0014199877623468637,0.0010403613559901714
mlp_1x100_relu,30,90,455,0.0014204481849446893,0.001042781281284988
mlp_1x100_relu,30,90,456,0.0014204088365659118,0.0010439330944791436
mlp_1x100_relu,30,90,457,0.0014206229243427515,0.001041100942529738
mlp_1x100_relu,30,90,458,0.0014200370060279965,0.0010431866394355893
mlp_1x100_relu,30,90,459,0.0014204487670212984,0.0010432867566123605
mlp_1x100_relu,30,90,460,0.0014209116343408823,0.0010441784979775548
mlp_1x100_relu,30,90,461,0.0014202971942722797,0.0010417909361422062
mlp_1x100_relu,30,90,462,0.0014206854393705726,0.0010427559027448297
mlp_1x100_relu,30,90,463,0.001420476008206606,0.0010422802297398448
mlp_1x100_relu,30,90,464,0.0014203821774572134,0.0010421319166198373
mlp_1x100_relu,30,90,465,0.0014202366583049297,0.0010423633502796292
mlp_1x100_relu,30,90,466,0.0014202289748936892,0.0010420638136565685
mlp_1x100_relu,30,90,467,0.0014198963763192296,0.001040206290781498
mlp_1x100_relu,30,90,468,0.001420303131453693,0.0010415574070066214
mlp_1x100_relu,30,90,469,0.0014208138454705477,0.0010443745413795114
mlp_1x100_relu,30,90,470,0.0014204683247953653,0.0010427096858620644
mlp_1x100_relu,30,90,471,0.00142060371581465,0.0010439945617690682
mlp_1x100_relu,30,90,472,0.0014204545877873898,0.0010421917540952563
mlp_1x100_relu,30,90,473,0.0014206465566530824,0.0010441497433930635
mlp_1x100_relu,30,90,474,0.0014199453871697187,0.0010396466823294759
mlp_1x100_relu,30,90,475,0.0014203195460140705,0.001041976036503911
mlp_1x100_relu,30,90,476,0.0014203304890543222,0.0010437127202749252
mlp_1x100_relu,30,90,477,0.0014202190795913339,0.0010404234053567052
mlp_1x100_relu,30,90,478,0.001420327229425311,0.0010437844321131706
mlp_1x100_relu,30,90,479,0.0014201689045876265,0.0010418592719361186
mlp_1x100_relu,30,90,480,0.0014205198967829347,0.0010430346010252833
mlp_1x100_relu,30,90,481,0.0014199228025972843,0.0010416173608973622
mlp_1x100_relu,30,90,482,0.0014203271130099893,0.001043145195581019
mlp_1x100_relu,30,90,483,0.0014205583138391376,0.001043794327415526
mlp_1x100_relu,30,90,484,0.0014203027822077274,0.0010428805835545063
mlp_1x100_relu,30,90,485,0.0014205508632585406,0.0010437926976010203
mlp_1x100_relu,30,90,486,0.001419935841113329,0.0010400696191936731
mlp_1x100_relu,30,90,487,0.0014203930040821433,0.0010421032784506679
mlp_1x100_relu,30,90,488,0.0014204817125573754,0.0010419898899272084
mlp_1x100_relu,30,90,489,0.001420709420926869,0.0010434649884700775
mlp_1x100_relu,30,90,490,0.0014201003359630704,0.0010413385462015867
mlp_1x100_relu,30,90,491,0.0014205852057784796,0.0010430498514324427
mlp_1x100_relu,30,90,492,0.0014199345605447888,0.0010430185357108712
mlp_1x100_relu,30,90,493,0.0014205328188836575,0.0010433353018015623
mlp_1x100_relu,30,90,494,0.0014205671614035964,0.0010412135161459446
mlp_1x100_relu,30,90,495,0.0014204313047230244,0.001042243093252182
mlp_1x100_relu,30,90,496,0.0014204989420250058,0.0010425446089357138
mlp_1x100_relu,30,90,497,0.0014204898616299033,0.001042887568473816
mlp_1x100_relu,30,90,498,0.0014205733314156532,0.0010426216758787632
mlp_1x100_relu,30,90,499,0.0014206860214471817,0.0010435078293085098
mlp_1x100_relu,30,90,500,0.0014201411977410316,0.0010395252611488104
mlp_1x100_relu,90,1,1,0.5216910243034363,0.2586551308631897
mlp_1x100_relu,90,1,2,0.2207622081041336,0.14498646557331085
mlp_1x100_relu,90,1,3,0.1119207963347435,0.08029168099164963
mlp_1x100_relu,90,1,4,0.052931491285562515,0.03835121542215347
mlp_1x100_relu,90,1,5,0.023540379479527473,0.01760680042207241
mlp_1x100_relu,90,1,6,0.01407965924590826,0.011969986371695995
mlp_1x100_relu,90,1,7,0.012405217625200748,0.011572081595659256
mlp_1x100_relu,90,1,8,0.012018440291285515,0.011883623898029327
mlp_1x100_relu,90,1,9,0.012002099305391312,0.01262847799807787
mlp_1x100_relu,90,1,10,0.012413094751536846,0.012832427397370338
mlp_1x100_relu,90,1,11,0.013129214756190777,0.012149497866630554
mlp_1x100_relu,90,1,12,0.012586329132318497,0.011605422012507915
mlp_1x100_relu,90,1,13,0.013211631216108799,0.012180634774267673
mlp_1x100_relu,90,1,14,0.014425216242671013,0.011029504239559174
mlp_1x100_relu,90,1,15,0.012880817987024784,0.013104970566928387
mlp_1x100_relu,90,1,16,0.011944293975830078,0.012090959586203098
mlp_1x100_relu,90,1,17,0.012363996356725693,0.014982623048126698
mlp_1x100_relu,90,1,18,0.012973672710359097,0.011862658895552158
mlp_1x100_relu,90,1,19,0.012741143815219402,0.012024220079183578
mlp_1x100_relu,90,1,20,0.012718336656689644,0.011697806417942047
mlp_1x100_relu,90,1,21,0.011398166418075562,0.01290147751569748
mlp_1x100_relu,90,1,22,0.011898797936737537,0.011943227611482143
mlp_1x100_relu,90,1,23,0.012581214308738708,0.011226752772927284
mlp_1x100_relu,90,1,24,0.012404907494783401,0.01204434223473072
mlp_1x100_relu,90,1,25,0.012231220491230488,0.011485268361866474
mlp_1x100_relu,90,1,26,0.011127560399472713,0.01096205785870552
mlp_1x100_relu,90,1,27,0.01120590977370739,0.016102483496069908
mlp_1x100_relu,90,1,28,0.011681914329528809,0.013491563498973846
mlp_1x100_relu,90,1,29,0.011863983236253262,0.01455184631049633
mlp_1x100_relu,90,1,30,0.012052388861775398,0.013229496777057648
mlp_1x100_relu,90,1,31,0.011023049242794514,0.011577027849853039
mlp_1x100_relu,90,1,32,0.010255645960569382,0.012090560980141163
mlp_1x100_relu,90,1,33,0.01004123780876398,0.010841010138392448
mlp_1x100_relu,90,1,34,0.0105666508898139,0.011753705330193043
mlp_1x100_relu,90,1,35,0.010650398209691048,0.01173977181315422
mlp_1x100_relu,90,1,36,0.011499837972223759,0.012858521193265915
mlp_1x100_relu,90,1,37,0.011610333807766438,0.011036666110157967
mlp_1x100_relu,90,1,38,0.010986607521772385,0.01050910446792841
mlp_1x100_relu,90,1,39,0.01023479737341404,0.01092617865651846
mlp_1x100_relu,90,1,40,0.010110187344253063,0.011015603318810463
mlp_1x100_relu,90,1,41,0.010024897754192352,0.010656187310814857
mlp_1x100_relu,90,1,42,0.009977087378501892,0.01061307080090046
mlp_1x100_relu,90,1,43,0.01020326092839241,0.01120077446103096
mlp_1x100_relu,90,1,44,0.010266187600791454,0.010797463357448578
mlp_1x100_relu,90,1,45,0.01022433489561081,0.010509065352380276
mlp_1x100_relu,90,1,46,0.00999430287629366,0.010626583360135555
mlp_1x100_relu,90,1,47,0.009918339550495148,0.010721554979681969
mlp_1x100_relu,90,1,48,0.009956845082342625,0.010643046349287033
mlp_1x100_relu,90,1,49,0.009838400408625603,0.010650497861206532
mlp_1x100_relu,90,1,50,0.009668380953371525,0.010574168525636196
mlp_1x100_relu,90,1,51,0.009634174406528473,0.010887055657804012
mlp_1x100_relu,90,1,52,0.009730039164423943,0.010959488339722157
mlp_1x100_relu,90,1,53,0.010094502940773964,0.01169996615499258
mlp_1x100_relu,90,1,54,0.010488028638064861,0.0113617442548275
mlp_1x100_relu,90,1,55,0.010422875173389912,0.010790071450173855
mlp_1x100_relu,90,1,56,0.010193007998168468,0.010663659311830997
mlp_1x100_relu,90,1,57,0.009949881583452225,0.010695382952690125
mlp_1x100_relu,90,1,58,0.009982614777982235,0.010681455954909325
mlp_1x100_relu,90,1,59,0.010241484269499779,0.010749191045761108
mlp_1x100_relu,90,1,60,0.010924730449914932,0.010872813872992992
mlp_1x100_relu,90,1,61,0.010274031199514866,0.010747707448899746
mlp_1x100_relu,90,1,62,0.009942637756466866,0.010602920316159725
mlp_1x100_relu,90,1,63,0.009826736524701118,0.010531730949878693
mlp_1x100_relu,90,1,64,0.010097098536789417,0.010705308057367802
mlp_1x100_relu,90,1,65,0.010154989548027515,0.01118683535605669
mlp_1x100_relu,90,1,66,0.010087428614497185,0.011095299385488033
mlp_1x100_relu,90,1,67,0.009925243444740772,0.01087486557662487
mlp_1x100_relu,90,1,68,0.009905470535159111,0.010683524422347546
mlp_1x100_relu,90,1,69,0.009914522059261799,0.01058964990079403
mlp_1x100_relu,90,1,70,0.010097472928464413,0.010901994071900845
mlp_1x100_relu,90,1,71,0.01027780119329691,0.01105678454041481
mlp_1x100_relu,90,1,72,0.010120107792317867,0.010858858935534954
mlp_1x100_relu,90,1,73,0.010075882077217102,0.010605843737721443
mlp_1x100_relu,90,1,74,0.010087735019624233,0.010483314283192158
mlp_1x100_relu,90,1,75,0.010261347517371178,0.010724205523729324
mlp_1x100_relu,90,1,76,0.01014726236462593,0.010713266208767891
mlp_1x100_relu,90,1,77,0.010259428061544895,0.010747795924544334
mlp_1x100_relu,90,1,78,0.010056371800601482,0.01073708850890398
mlp_1x100_relu,90,1,79,0.009980440139770508,0.010492020286619663
mlp_1x100_relu,90,1,80,0.009940238669514656,0.010548193007707596
mlp_1x100_relu,90,1,81,0.010122490115463734,0.010742797516286373
mlp_1x100_relu,90,1,82,0.010134234093129635,0.010660352185368538
mlp_1x100_relu,90,1,83,0.010049437172710896,0.010462851263582706
mlp_1x100_relu,90,1,84,0.009885895997285843,0.010722767561674118
mlp_1x100_relu,90,1,85,0.009890577755868435,0.010563300922513008
mlp_1x100_relu,90,1,86,0.009830269031226635,0.010430265218019485
mlp_1x100_relu,90,1,87,0.00985132995992899,0.010624540969729424
mlp_1x100_relu,90,1,88,0.010022323578596115,0.010571135208010674
mlp_1x100_relu,90,1,89,0.010080779902637005,0.010548562742769718
mlp_1x100_relu,90,1,90,0.009896892122924328,0.010350181721150875
mlp_1x100_relu,90,1,91,0.009920730255544186,0.010463927872478962
mlp_1x100_relu,90,1,92,0.010014924220740795,0.010634745471179485
mlp_1x100_relu,90,1,93,0.010017774999141693,0.010818489827215672
mlp_1x100_relu,90,1,94,0.010118784382939339,0.010739332064986229
mlp_1x100_relu,90,1,95,0.010085252113640308,0.010477874428033829
mlp_1x100_relu,90,1,96,0.010037140920758247,0.010183132253587246
mlp_1x100_relu,90,1,97,0.009882340207695961,0.01034567505121231
mlp_1x100_relu,90,1,98,0.009870048612356186,0.010519314557313919
mlp_1x100_relu,90,1,99,0.009935080073773861,0.010566869750618935
mlp_1x100_relu,90,1,100,0.010001062415540218,0.010523546487092972
mlp_1x100_relu,90,1,101,0.010090101510286331,0.010577458888292313
mlp_1x100_relu,90,1,102,0.009953160770237446,0.01032262109220028
mlp_1x100_relu,90,1,103,0.0098842428997159,0.010322865098714828
mlp_1x100_relu,90,1,104,0.009739682078361511,0.010510120540857315
mlp_1x100_relu,90,1,105,0.009767656214535236,0.010404663160443306
mlp_1x100_relu,90,1,106,0.009795264340937138,0.010299843735992908
mlp_1x100_relu,90,1,107,0.009754314087331295,0.010374955832958221
mlp_1x100_relu,90,1,108,0.009693600237369537,0.010234604589641094
mlp_1x100_relu,90,1,109,0.009565571323037148,0.010296978987753391
mlp_1x100_relu,90,1,110,0.009617670439183712,0.010301617905497551
mlp_1x100_relu,90,1,111,0.009673607535660267,0.010360147804021835
mlp_1x100_relu,90,1,112,0.009753655642271042,0.010395070537924767
mlp_1x100_relu,90,1,113,0.009679197333753109,0.010350773110985756
mlp_1x100_relu,90,1,114,0.009621905162930489,0.010308465920388699
mlp_1x100_relu,90,1,115,0.009594346396625042,0.010365746915340424
mlp_1x100_relu,90,1,116,0.009629135951399803,0.010214445181190968
mlp_1x100_relu,90,1,117,0.009653711691498756,0.010408653877675533
mlp_1x100_relu,90,1,118,0.009735111147165298,0.010474734008312225
mlp_1x100_relu,90,1,119,0.009776410646736622,0.010288488119840622
mlp_1x100_relu,90,1,120,0.009709309786558151,0.010306854732334614
mlp_1x100_relu,90,1,121,0.009705894626677036,0.010190348140895367
mlp_1x100_relu,90,1,122,0.0096658980473876,0.010158754885196686
mlp_1x100_relu,90,1,123,0.009621434845030308,0.010297262109816074
mlp_1x100_relu,90,1,124,0.009572449140250683,0.010227378457784653
mlp_1x100_relu,90,1,125,0.009579794481396675,0.010259416885674
mlp_1x100_relu,90,1,126,0.009572748094797134,0.010296817868947983
mlp_1x100_relu,90,1,127,0.009648566134274006,0.010383489541709423
mlp_1x100_relu,90,1,128,0.009659948758780956,0.010290716774761677
mlp_1x100_relu,90,1,129,0.009639757685363293,0.010144061408936977
mlp_1x100_relu,90,1,130,0.009641090407967567,0.010217282921075821
mlp_1x100_relu,90,1,131,0.00957510992884636,0.010188544169068336
mlp_1x100_relu,90,1,132,0.009593750350177288,0.010282398201525211
mlp_1x100_relu,90,1,133,0.009623348712921143,0.010265611112117767
mlp_1x100_relu,90,1,134,0.009671860374510288,0.010203948244452477
mlp_1x100_relu,90,1,135,0.009653951972723007,0.010096617974340916
mlp_1x100_relu,90,1,136,0.00963311456143856,0.010121352970600128
mlp_1x100_relu,90,1,137,0.009620136581361294,0.010153280571103096
mlp_1x100_relu,90,1,138,0.009611940011382103,0.010161054320633411
mlp_1x100_relu,90,1,139,0.009602261707186699,0.010078651830554008
mlp_1x100_relu,90,1,140,0.009602886624634266,0.01027272455394268
mlp_1x100_relu,90,1,141,0.00956147350370884,0.010276488959789276
mlp_1x100_relu,90,1,142,0.009585270658135414,0.01024909783154726
mlp_1x100_relu,90,1,143,0.009626608341932297,0.010240701958537102
mlp_1x100_relu,90,1,144,0.00959831103682518,0.010205265134572983
mlp_1x100_relu,90,1,145,0.009587212465703487,0.010248448699712753
mlp_1x100_relu,90,1,146,0.00956857018172741,0.010073913261294365
mlp_1x100_relu,90,1,147,0.009544717147946358,0.010127621702849865
mlp_1x100_relu,90,1,148,0.00961320661008358,0.010117488913238049
mlp_1x100_relu,90,1,149,0.009583276696503162,0.010068545117974281
mlp_1x100_relu,90,1,150,0.00959701556712389,0.010086127556860447
mlp_1x100_relu,90,1,151,0.00958479754626751,0.010194494388997555
mlp_1x100_relu,90,1,152,0.009592785499989986,0.010162857361137867
mlp_1x100_relu,90,1,153,0.009614422917366028,0.010225115343928337
mlp_1x100_relu,90,1,154,0.009617285802960396,0.010308134369552135
mlp_1x100_relu,90,1,155,0.009613895788788795,0.010133122093975544
mlp_1x100_relu,90,1,156,0.009642164222896099,0.010179687291383743
mlp_1x100_relu,90,1,157,0.009597583673894405,0.010193010792136192
mlp_1x100_relu,90,1,158,0.009583007544279099,0.010176191106438637
mlp_1x100_relu,90,1,159,0.009563249535858631,0.010088532231748104
mlp_1x100_relu,90,1,160,0.009548389352858067,0.010108768939971924
mlp_1x100_relu,90,1,161,0.009539549238979816,0.010112984105944633
mlp_1x100_relu,90,1,162,0.00960352923721075,0.010224182158708572
mlp_1x100_relu,90,1,163,0.009676395915448666,0.010248935781419277
mlp_1x100_relu,90,1,164,0.009622439742088318,0.010125627741217613
mlp_1x100_relu,90,1,165,0.009636604227125645,0.010069476440548897
mlp_1x100_relu,90,1,166,0.00959825050085783,0.010110799223184586
mlp_1x100_relu,90,1,167,0.009590649977326393,0.010148235596716404
mlp_1x100_relu,90,1,168,0.009591332636773586,0.010164502076804638
mlp_1x100_relu,90,1,169,0.0096101313829422,0.01011409517377615
mlp_1x100_relu,90,1,170,0.009598053060472012,0.010099047794938087
mlp_1x100_relu,90,1,171,0.00960121676325798,0.010141296312212944
mlp_1x100_relu,90,1,172,0.009643358178436756,0.010287296026945114
mlp_1x100_relu,90,1,173,0.009611601009964943,0.010056973434984684
mlp_1x100_relu,90,1,174,0.009657736867666245,0.010027400217950344
mlp_1x100_relu,90,1,175,0.009673883207142353,0.010162408463656902
mlp_1x100_relu,90,1,176,0.009692962281405926,0.010088946670293808
mlp_1x100_relu,90,1,177,0.009692397899925709,0.010069005191326141
mlp_1x100_relu,90,1,178,0.009667065925896168,0.01003195159137249
mlp_1x100_relu,90,1,179,0.009647159837186337,0.01001610979437828
mlp_1x100_relu,90,1,180,0.009623279795050621,0.01002455223351717
mlp_1x100_relu,90,1,181,0.009613758884370327,0.010011665523052216
mlp_1x100_relu,90,1,182,0.009605609811842442,0.01009749062359333
mlp_1x100_relu,90,1,183,0.009645030833780766,0.010121708735823631
mlp_1x100_relu,90,1,184,0.009691893123090267,0.010058021172881126
mlp_1x100_relu,90,1,185,0.009690099395811558,0.010107261128723621
mlp_1x100_relu,90,1,186,0.009715091437101364,0.01010236144065857
mlp_1x100_relu,90,1,187,0.0097001688554883,0.010167324915528297
mlp_1x100_relu,90,1,188,0.009675675071775913,0.010190371423959732
mlp_1x100_relu,90,1,189,0.009673817083239555,0.010129778645932674
mlp_1x100_relu,90,1,190,0.009672360494732857,0.01009629387408495
mlp_1x100_relu,90,1,191,0.009686017408967018,0.010011539794504642
mlp_1x100_relu,90,1,192,0.009723316878080368,0.010119479149580002
mlp_1x100_relu,90,1,193,0.009706936776638031,0.010021593421697617
mlp_1x100_relu,90,1,194,0.00971810519695282,0.009988938458263874
mlp_1x100_relu,90,1,195,0.009701354429125786,0.010086899623274803
mlp_1x100_relu,90,1,196,0.009731696918606758,0.010085943154990673
mlp_1x100_relu,90,1,197,0.009716357104480267,0.010107535868883133
mlp_1x100_relu,90,1,198,0.009755854494869709,0.010130568407475948
mlp_1x100_relu,90,1,199,0.009759938344359398,0.010136840865015984
mlp_1x100_relu,90,1,200,0.009776206687092781,0.010049384087324142
mlp_1x100_relu,90,1,201,0.009760621003806591,0.010083013214170933
mlp_1x100_relu,90,1,202,0.009725397452712059,0.009949764236807823
mlp_1x100_relu,90,1,203,0.00975752528756857,0.00999991875141859
mlp_1x100_relu,90,1,204,0.009749235585331917,0.00992440152913332
mlp_1x100_relu,90,1,205,0.00972764752805233,0.009967831894755363
mlp_1x100_relu,90,1,206,0.009739690460264683,0.01005050353705883
mlp_1x100_relu,90,1,207,0.009728625416755676,0.010051345452666283
mlp_1x100_relu,90,1,208,0.009737098589539528,0.009937014430761337
mlp_1x100_relu,90,1,209,0.00975094549357891,0.010005098767578602
mlp_1x100_relu,90,1,210,0.009751454927027225,0.010045228525996208
mlp_1x100_relu,90,1,211,0.009728029370307922,0.010083314031362534
mlp_1x100_relu,90,1,212,0.00974072515964508,0.010099672712385654
mlp_1x100_relu,90,1,213,0.009766005910933018,0.010085796937346458
mlp_1x100_relu,90,1,214,0.00975291058421135,0.010048228316009045
mlp_1x100_relu,90,1,215,0.009792939759790897,0.010017427615821362
mlp_1x100_relu,90,1,216,0.009806345216929913,0.010006139054894447
mlp_1x100_relu,90,1,217,0.009798571467399597,0.010027830488979816
mlp_1x100_relu,90,1,218,0.009811235591769218,0.010023629292845726
mlp_1x100_relu,90,1,219,0.009832385927438736,0.009985210373997688
mlp_1x100_relu,90,1,220,0.00982812512665987,0.010029199533164501
mlp_1x100_relu,90,1,221,0.009836217388510704,0.009959293529391289
mlp_1x100_relu,90,1,222,0.009833968244493008,0.009985862299799919
mlp_1x100_relu,90,1,223,0.009804400615394115,0.010014676488935947
mlp_1x100_relu,90,1,224,0.00979703851044178,0.010118313133716583
mlp_1x100_relu,90,1,225,0.009823225438594818,0.010067388415336609
mlp_1x100_relu,90,1,226,0.009819256141781807,0.010109253227710724
mlp_1x100_relu,90,1,227,0.009807486087083817,0.010085056535899639
mlp_1x100_relu,90,1,228,0.009809747338294983,0.010044634342193604
mlp_1x100_relu,90,1,229,0.009807458147406578,0.009950526989996433
mlp_1x100_relu,90,1,230,0.009818234480917454,0.009943608194589615
mlp_1x100_relu,90,1,231,0.009820301085710526,0.009896975941956043
mlp_1x100_relu,90,1,232,0.009836751967668533,0.010055897757411003
mlp_1x100_relu,90,1,233,0.009804219007492065,0.01004678476601839
mlp_1x100_relu,90,1,234,0.009827785193920135,0.009999804198741913
mlp_1x100_relu,90,1,235,0.009828501380980015,0.009894059039652348
mlp_1x100_relu,90,1,236,0.00984975416213274,0.010027806274592876
mlp_1x100_relu,90,1,237,0.009821981191635132,0.010011543519794941
mlp_1x100_relu,90,1,238,0.009812059812247753,0.010089915245771408
mlp_1x100_relu,90,1,239,0.00984170101583004,0.009963253512978554
mlp_1x100_relu,90,1,240,0.009829469956457615,0.01003981288522482
mlp_1x100_relu,90,1,241,0.00984607171267271,0.0100691057741642
mlp_1x100_relu,90,1,242,0.009858543984591961,0.01006251759827137
mlp_1x100_relu,90,1,243,0.00984180998057127,0.009979642927646637
mlp_1x100_relu,90,1,244,0.009848132729530334,0.010022498667240143
mlp_1x100_relu,90,1,245,0.009860260412096977,0.009983274154365063
mlp_1x100_relu,90,1,246,0.009856777265667915,0.009998916648328304
mlp_1x100_relu,90,1,247,0.009863361716270447,0.010058252140879631
mlp_1x100_relu,90,1,248,0.009853455238044262,0.009942574426531792
mlp_1x100_relu,90,1,249,0.009850864298641682,0.009931415319442749
mlp_1x100_relu,90,1,250,0.009847999550402164,0.010031602345407009
mlp_1x100_relu,90,1,251,0.00987232569605112,0.010102879256010056
mlp_1x100_relu,90,1,252,0.009897745214402676,0.010040074586868286
mlp_1x100_relu,90,1,253,0.009928409941494465,0.010033799335360527
mlp_1x100_relu,90,1,254,0.00989784300327301,0.009992399252951145
mlp_1x100_relu,90,1,255,0.009872596710920334,0.010048078373074532
mlp_1x100_relu,90,1,256,0.009876321069896221,0.010029599070549011
mlp_1x100_relu,90,1,257,0.009857713244855404,0.0100519098341465
mlp_1x100_relu,90,1,258,0.009847898036241531,0.010086951777338982
mlp_1x100_relu,90,1,259,0.009881933219730854,0.010047399438917637
mlp_1x100_relu,90,1,260,0.009915299713611603,0.010009576566517353
mlp_1x100_relu,90,1,261,0.009927161037921906,0.010024076327681541
mlp_1x100_relu,90,1,262,0.009896556846797466,0.01010744646191597
mlp_1x100_relu,90,1,263,0.009937455877661705,0.01003539003431797
mlp_1x100_relu,90,1,264,0.009896485134959221,0.010037459433078766
mlp_1x100_relu,90,1,265,0.009885023348033428,0.010005592368543148
mlp_1x100_relu,90,1,266,0.009889163076877594,0.009964492172002792
mlp_1x100_relu,90,1,267,0.009886388666927814,0.009995246306061745
mlp_1x100_relu,90,1,268,0.009874404408037663,0.009963318705558777
mlp_1x100_relu,90,1,269,0.009873849339783192,0.010067609138786793
mlp_1x100_relu,90,1,270,0.009860806167125702,0.00996873714029789
mlp_1x100_relu,90,1,271,0.009874195791780949,0.01013080682605505
mlp_1x100_relu,90,1,272,0.009901666082441807,0.010145529173314571
mlp_1x100_relu,90,1,273,0.009889592416584492,0.010047230869531631
mlp_1x100_relu,90,1,274,0.009918971918523312,0.010042157024145126
mlp_1x100_relu,90,1,275,0.009872546419501305,0.010039502754807472
mlp_1x100_relu,90,1,276,0.009872487746179104,0.01002415083348751
mlp_1x100_relu,90,1,277,0.00987744890153408,0.009946023114025593
mlp_1x100_relu,90,1,278,0.009883934631943703,0.010091165080666542
mlp_1x100_relu,90,1,279,0.009901260957121849,0.010053807869553566
mlp_1x100_relu,90,1,280,0.009858827106654644,0.010004529729485512
mlp_1x100_relu,90,1,281,0.009881800971925259,0.010054903104901314
mlp_1x100_relu,90,1,282,0.009876965545117855,0.010041510686278343
mlp_1x100_relu,90,1,283,0.009901292622089386,0.010047775693237782
mlp_1x100_relu,90,1,284,0.009895804338157177,0.010056802071630955
mlp_1x100_relu,90,1,285,0.009893698617815971,0.010019189678132534
mlp_1x100_relu,90,1,286,0.00985664315521717,0.009986106306314468
mlp_1x100_relu,90,1,287,0.009867008775472641,0.010075648315250874
mlp_1x100_relu,90,1,288,0.009884292259812355,0.010025097988545895
mlp_1x100_relu,90,1,289,0.009924913756549358,0.00995601899921894
mlp_1x100_relu,90,1,290,0.009881099686026573,0.010044529102742672
mlp_1x100_relu,90,1,291,0.009882401674985886,0.009998206049203873
mlp_1x100_relu,90,1,292,0.009890117682516575,0.010063644498586655
mlp_1x100_relu,90,1,293,0.009891103021800518,0.01004309393465519
mlp_1x100_relu,90,1,294,0.009882481768727303,0.009970643557608128
mlp_1x100_relu,90,1,295,0.009881066158413887,0.010064372792840004
mlp_1x100_relu,90,1,296,0.009894640184938908,0.010066364891827106
mlp_1x100_relu,90,1,297,0.00987541489303112,0.009980203583836555
mlp_1x100_relu,90,1,298,0.009899149648845196,0.010082071647047997
mlp_1x100_relu,90,1,299,0.009896285831928253,0.010017582215368748
mlp_1x100_relu,90,1,300,0.00986933521926403,0.010066227987408638
mlp_1x100_relu,90,1,301,0.0098748579621315,0.00995907373726368
mlp_1x100_relu,90,1,302,0.00984044186770916,0.010026214644312859
mlp_1x100_relu,90,1,303,0.009867365472018719,0.009968557395040989
mlp_1x100_relu,90,1,304,0.009871459566056728,0.009987286292016506
mlp_1x100_relu,90,1,305,0.009895900264382362,0.010068594478070736
mlp_1x100_relu,90,1,306,0.009891633875668049,0.009997496381402016
mlp_1x100_relu,90,1,307,0.009903975762426853,0.010058539919555187
mlp_1x100_relu,90,1,308,0.009903280064463615,0.01002002228051424
mlp_1x100_relu,90,1,309,0.009945042431354523,0.010043449699878693
mlp_1x100_relu,90,1,310,0.00994843989610672,0.009991266764700413
mlp_1x100_relu,90,1,311,0.00992628838866949,0.010168925859034061
mlp_1x100_relu,90,1,312,0.00989237055182457,0.010078723542392254
mlp_1x100_relu,90,1,313,0.009873456321656704,0.00997863058000803
mlp_1x100_relu,90,1,314,0.00992610678076744,0.010045832954347134
mlp_1x100_relu,90,1,315,0.0099278399720788,0.00995547790080309
mlp_1x100_relu,90,1,316,0.009914581663906574,0.009979123249650002
mlp_1x100_relu,90,1,317,0.009884249418973923,0.01008503045886755
mlp_1x100_relu,90,1,318,0.009881269186735153,0.009945650584995747
mlp_1x100_relu,90,1,319,0.009876132942736149,0.010047060437500477
mlp_1x100_relu,90,1,320,0.009885516948997974,0.009985067881643772
mlp_1x100_relu,90,1,321,0.009914202615618706,0.0099922064691782
mlp_1x100_relu,90,1,322,0.00990496389567852,0.010017416439950466
mlp_1x100_relu,90,1,323,0.009880365803837776,0.010038226842880249
mlp_1x100_relu,90,1,324,0.009903160855174065,0.009965188801288605
mlp_1x100_relu,90,1,325,0.00990540161728859,0.010035870596766472
mlp_1x100_relu,90,1,326,0.009900610893964767,0.01004762016236782
mlp_1x100_relu,90,1,327,0.009889882057905197,0.009955288842320442
mlp_1x100_relu,90,1,328,0.009898371063172817,0.010010079480707645
mlp_1x100_relu,90,1,329,0.009890125133097172,0.010142529383301735
mlp_1x100_relu,90,1,330,0.009910725057125092,0.010010924190282822
mlp_1x100_relu,90,1,331,0.00992351584136486,0.009979018941521645
mlp_1x100_relu,90,1,332,0.009895704686641693,0.009973256848752499
mlp_1x100_relu,90,1,333,0.009893592447042465,0.010058728978037834
mlp_1x100_relu,90,1,334,0.009902465157210827,0.010052282363176346
mlp_1x100_relu,90,1,335,0.009920511394739151,0.010026252828538418
mlp_1x100_relu,90,1,336,0.009972961619496346,0.01003805547952652
mlp_1x100_relu,90,1,337,0.009933984838426113,0.010051988065242767
mlp_1x100_relu,90,1,338,0.009922192431986332,0.01016499474644661
mlp_1x100_relu,90,1,339,0.009892365895211697,0.010156222619116306
mlp_1x100_relu,90,1,340,0.009909042157232761,0.010173199698328972
mlp_1x100_relu,90,1,341,0.009946390055119991,0.010144948959350586
mlp_1x100_relu,90,1,342,0.009923597797751427,0.009990207850933075
mlp_1x100_relu,90,1,343,0.009922531433403492,0.00997666735202074
mlp_1x100_relu,90,1,344,0.009910043329000473,0.010028206743299961
mlp_1x100_relu,90,1,345,0.00994869228452444,0.010079505853354931
mlp_1x100_relu,90,1,346,0.009930793195962906,0.009966879151761532
mlp_1x100_relu,90,1,347,0.009940695948898792,0.010038278996944427
mlp_1x100_relu,90,1,348,0.009909221902489662,0.01006406918168068
mlp_1x100_relu,90,1,349,0.009920370765030384,0.009966248646378517
mlp_1x100_relu,90,1,350,0.009927486069500446,0.01007698941975832
mlp_1x100_relu,90,1,351,0.009919286705553532,0.010071028023958206
mlp_1x100_relu,90,1,352,0.009923434816300869,0.010180149227380753
mlp_1x100_relu,90,1,353,0.00996258296072483,0.010019213892519474
mlp_1x100_relu,90,1,354,0.009928555227816105,0.009999564848840237
mlp_1x100_relu,90,1,355,0.009945856407284737,0.010001566261053085
mlp_1x100_relu,90,1,356,0.00992617942392826,0.010038807056844234
mlp_1x100_relu,90,1,357,0.009927650913596153,0.009992209263145924
mlp_1x100_relu,90,1,358,0.009930673986673355,0.010125953704118729
mlp_1x100_relu,90,1,359,0.009947916492819786,0.009985651820898056
mlp_1x100_relu,90,1,360,0.009934959933161736,0.01005373615771532
mlp_1x100_relu,90,1,361,0.009935681708157063,0.010022401809692383
mlp_1x100_relu,90,1,362,0.009970319457352161,0.009937120601534843
mlp_1x100_relu,90,1,363,0.009945175610482693,0.010077308863401413
mlp_1x100_relu,90,1,364,0.009941909462213516,0.010034456849098206
mlp_1x100_relu,90,1,365,0.009929533116519451,0.010090809315443039
mlp_1x100_relu,90,1,366,0.00991377979516983,0.010024829767644405
mlp_1x100_relu,90,1,367,0.00993820559233427,0.010071154683828354
mlp_1x100_relu,90,1,368,0.009944135323166847,0.009997189044952393
mlp_1x100_relu,90,1,369,0.009917553514242172,0.010044204071164131
mlp_1x100_relu,90,1,370,0.009943732060492039,0.01001256238669157
mlp_1x100_relu,90,1,371,0.00990250613540411,0.010098226368427277
mlp_1x100_relu,90,1,372,0.009915290400385857,0.010135775431990623
mlp_1x100_relu,90,1,373,0.00992145761847496,0.010207652114331722
mlp_1x100_relu,90,1,374,0.009920729324221611,0.010158812627196312
mlp_1x100_relu,90,1,375,0.00994408130645752,0.010065088979899883
mlp_1x100_relu,90,1,376,0.009938059374690056,0.010115383192896843
mlp_1x100_relu,90,1,377,0.009912396781146526,0.010112673975527287
mlp_1x100_relu,90,1,378,0.009935034438967705,0.010163797996938229
mlp_1x100_relu,90,1,379,0.009950685314834118,0.01003197766840458
mlp_1x100_relu,90,1,380,0.009965835139155388,0.010009349323809147
mlp_1x100_relu,90,1,381,0.009947474114596844,0.010042390786111355
mlp_1x100_relu,90,1,382,0.009923888370394707,0.010052883997559547
mlp_1x100_relu,90,1,383,0.009941360913217068,0.010068151168525219
mlp_1x100_relu,90,1,384,0.009924175217747688,0.010013715364038944
mlp_1x100_relu,90,1,385,0.009943979792296886,0.010124772787094116
mlp_1x100_relu,90,1,386,0.009925258345901966,0.010157632641494274
mlp_1x100_relu,90,1,387,0.009949566796422005,0.010015338659286499
mlp_1x100_relu,90,1,388,0.009976763278245926,0.010039706714451313
mlp_1x100_relu,90,1,389,0.009965619072318077,0.010183638893067837
mlp_1x100_relu,90,1,390,0.009938694536685944,0.010214665904641151
mlp_1x100_relu,90,1,391,0.00993124209344387,0.01011241041123867
mlp_1x100_relu,90,1,392,0.009940958581864834,0.01005670428276062
mlp_1x100_relu,90,1,393,0.009958203881978989,0.0101480633020401
mlp_1x100_relu,90,1,394,0.009942824952304363,0.010059020482003689
mlp_1x100_relu,90,1,395,0.009934714064002037,0.010042350739240646
mlp_1x100_relu,90,1,396,0.009953784756362438,0.010080086998641491
mlp_1x100_relu,90,1,397,0.009941915981471539,0.009988809935748577
mlp_1x100_relu,90,1,398,0.009919621050357819,0.010081270709633827
mlp_1x100_relu,90,1,399,0.009905588813126087,0.010117693804204464
mlp_1x100_relu,90,1,400,0.009931385517120361,0.010087255388498306
mlp_1x100_relu,90,1,401,0.009938262403011322,0.010063317604362965
mlp_1x100_relu,90,1,402,0.009943158365786076,0.010146843269467354
mlp_1x100_relu,90,1,403,0.009963752701878548,0.010218271054327488
mlp_1x100_relu,90,1,404,0.009949523955583572,0.010192126967012882
mlp_1x100_relu,90,1,405,0.009960166178643703,0.010083062574267387
mlp_1x100_relu,90,1,406,0.0099572679027915,0.01012051198631525
mlp_1x100_relu,90,1,407,0.009947333484888077,0.0100884810090065
mlp_1x100_relu,90,1,408,0.00994406919926405,0.010158408433198929
mlp_1x100_relu,90,1,409,0.009972700849175453,0.010120474733412266
mlp_1x100_relu,90,1,410,0.009941237978637218,0.010161719284951687
mlp_1x100_relu,90,1,411,0.009937765076756477,0.010070999152958393
mlp_1x100_relu,90,1,412,0.009952553547918797,0.010068505071103573
mlp_1x100_relu,90,1,413,0.009969349019229412,0.01015153992921114
mlp_1x100_relu,90,1,414,0.00994280818849802,0.010166558437049389
mlp_1x100_relu,90,1,415,0.009937979280948639,0.010208602994680405
mlp_1x100_relu,90,1,416,0.009939144365489483,0.010126021690666676
mlp_1x100_relu,90,1,417,0.009980261325836182,0.010024279356002808
mlp_1x100_relu,90,1,418,0.009955767542123795,0.010034031234681606
mlp_1x100_relu,90,1,419,0.009969399310648441,0.010113997384905815
mlp_1x100_relu,90,1,420,0.009962467476725578,0.01007610559463501
mlp_1x100_relu,90,1,421,0.009943640790879726,0.010098637081682682
mlp_1x100_relu,90,1,422,0.009950123727321625,0.010137246921658516
mlp_1x100_relu,90,1,423,0.009966891258955002,0.01010485552251339
mlp_1x100_relu,90,1,424,0.009967302903532982,0.010296763852238655
mlp_1x100_relu,90,1,425,0.009953221306204796,0.010172815062105656
mlp_1x100_relu,90,1,426,0.009964140132069588,0.010144300758838654
mlp_1x100_relu,90,1,427,0.009979003109037876,0.010178504511713982
mlp_1x100_relu,90,1,428,0.009983175434172153,0.010071344673633575
mlp_1x100_relu,90,1,429,0.009969938546419144,0.01009057555347681
mlp_1x100_relu,90,1,430,0.00994341354817152,0.010042867623269558
mlp_1x100_relu,90,1,431,0.009968187659978867,0.010079989209771156
mlp_1x100_relu,90,1,432,0.00995600875467062,0.01000437792390585
mlp_1x100_relu,90,1,433,0.009972182102501392,0.010210799053311348
mlp_1x100_relu,90,1,434,0.009963585995137691,0.01006820984184742
mlp_1x100_relu,90,1,435,0.009973353706300259,0.010230348445475101
mlp_1x100_relu,90,1,436,0.009967561811208725,0.010232632048428059
mlp_1x100_relu,90,1,437,0.009991193190217018,0.010139182209968567
mlp_1x100_relu,90,1,438,0.00998043455183506,0.010116797871887684
mlp_1x100_relu,90,1,439,0.00997527502477169,0.010135962627828121
mlp_1x100_relu,90,1,440,0.009967386722564697,0.010021992027759552
mlp_1x100_relu,90,1,441,0.00997223611921072,0.010015147738158703
mlp_1x100_relu,90,1,442,0.009973493404686451,0.010026436299085617
mlp_1x100_relu,90,1,443,0.009983031079173088,0.010015665553510189
mlp_1x100_relu,90,1,444,0.010002094320952892,0.01007451955229044
mlp_1x100_relu,90,1,445,0.010006988421082497,0.010215584188699722
mlp_1x100_relu,90,1,446,0.010009636171162128,0.010187163949012756
mlp_1x100_relu,90,1,447,0.009975896216928959,0.010290618985891342
mlp_1x100_relu,90,1,448,0.009979290887713432,0.010241933166980743
mlp_1x100_relu,90,1,449,0.00998015608638525,0.010161921381950378
mlp_1x100_relu,90,1,450,0.0099955378100276,0.01004975289106369
mlp_1x100_relu,90,1,451,0.009986858814954758,0.010098958387970924
mlp_1x100_relu,90,1,452,0.010000305250287056,0.01006875466555357
mlp_1x100_relu,90,1,453,0.01004060823470354,0.01007548626512289
mlp_1x100_relu,90,1,454,0.010036664083600044,0.01003887876868248
mlp_1x100_relu,90,1,455,0.010066254995763302,0.01008867472410202
mlp_1x100_relu,90,1,456,0.010044686496257782,0.010173369199037552
mlp_1x100_relu,90,1,457,0.010030857287347317,0.01027320884168148
mlp_1x100_relu,90,1,458,0.010017386637628078,0.010144274681806564
mlp_1x100_relu,90,1,459,0.010019463486969471,0.010220589116215706
mlp_1x100_relu,90,1,460,0.009984790347516537,0.010192547924816608
mlp_1x100_relu,90,1,461,0.010020466521382332,0.010013834573328495
mlp_1x100_relu,90,1,462,0.01002540998160839,0.01008029654622078
mlp_1x100_relu,90,1,463,0.010019920766353607,0.010061985813081264
mlp_1x100_relu,90,1,464,0.010013723745942116,0.010044199414551258
mlp_1x100_relu,90,1,465,0.009982515126466751,0.010061838664114475
mlp_1x100_relu,90,1,466,0.010001263581216335,0.010111254639923573
mlp_1x100_relu,90,1,467,0.010011359117925167,0.010241223499178886
mlp_1x100_relu,90,1,468,0.01004251092672348,0.010254349559545517
mlp_1x100_relu,90,1,469,0.010028582066297531,0.010133328847587109
mlp_1x100_relu,90,1,470,0.010027975775301456,0.010187012143433094
mlp_1x100_relu,90,1,471,0.010025489144027233,0.010106371715664864
mlp_1x100_relu,90,1,472,0.010044518858194351,0.009977245703339577
mlp_1x100_relu,90,1,473,0.010029396042227745,0.009968269616365433
mlp_1x100_relu,90,1,474,0.010049269534647465,0.010011602193117142
mlp_1x100_relu,90,1,475,0.010035340674221516,0.010167832486331463
mlp_1x100_relu,90,1,476,0.010059420019388199,0.01014018151909113
mlp_1x100_relu,90,1,477,0.010048342868685722,0.010320805013179779
mlp_1x100_relu,90,1,478,0.010043581947684288,0.01036361325532198
mlp_1x100_relu,90,1,479,0.010053974576294422,0.010206660255789757
mlp_1x100_relu,90,1,480,0.010058610700070858,0.010120832361280918
mlp_1x100_relu,90,1,481,0.010033325292170048,0.010151321068406105
mlp_1x100_relu,90,1,482,0.010032014921307564,0.010039412416517735
mlp_1x100_relu,90,1,483,0.01002226397395134,0.01009462121874094
mlp_1x100_relu,90,1,484,0.010048545897006989,0.010004180483520031
mlp_1x100_relu,90,1,485,0.01008390262722969,0.010039799846708775
mlp_1x100_relu,90,1,486,0.010077842511236668,0.010157797485589981
mlp_1x100_relu,90,1,487,0.010050106793642044,0.010299302637577057
mlp_1x100_relu,90,1,488,0.010023385286331177,0.010372667573392391
mlp_1x100_relu,90,1,489,0.010010733269155025,0.01024063490331173
mlp_1x100_relu,90,1,490,0.010022515431046486,0.010146133601665497
mlp_1x100_relu,90,1,491,0.010019609704613686,0.010101798921823502
mlp_1x100_relu,90,1,492,0.010019106790423393,0.010042576119303703
mlp_1x100_relu,90,1,493,0.01001906581223011,0.010058767162263393
mlp_1x100_relu,90,1,494,0.010010899044573307,0.010094276629388332
mlp_1x100_relu,90,1,495,0.010023280046880245,0.010085017420351505
mlp_1x100_relu,90,1,496,0.010034137405455112,0.010067302733659744
mlp_1x100_relu,90,1,497,0.010028420016169548,0.010162253864109516
mlp_1x100_relu,90,1,498,0.010002849623560905,0.010181917808949947
mlp_1x100_relu,90,1,499,0.010009508579969406,0.010236895643174648
mlp_1x100_relu,90,1,500,0.010014223866164684,0.010122433304786682
mlp_1x100_relu,90,5,1,0.5212798118591309,0.2559565603733063
mlp_1x100_relu,90,5,2,0.2198178470134735,0.14436990022659302
mlp_1x100_relu,90,5,3,0.11078747361898422,0.07915453612804413
mlp_1x100_relu,90,5,4,0.0511300191283226,0.03536679968237877
mlp_1x100_relu,90,5,5,0.019112171605229378,0.012723028659820557
mlp_1x100_relu,90,5,6,0.00852243322879076,0.006792958360165358
mlp_1x100_relu,90,5,7,0.007028043735772371,0.0060997698456048965
mlp_1x100_relu,90,5,8,0.006610706448554993,0.006425752770155668
mlp_1x100_relu,90,5,9,0.006668220739811659,0.006463795900344849
mlp_1x100_relu,90,5,10,0.007057217415422201,0.006241559516638517
mlp_1x100_relu,90,5,11,0.006998439319431782,0.005948846694082022
mlp_1x100_relu,90,5,12,0.007104064337909222,0.005826304201036692
mlp_1x100_relu,90,5,13,0.006932771764695644,0.0058152517303824425
mlp_1x100_relu,90,5,14,0.007274539675563574,0.0060868049040436745
mlp_1x100_relu,90,5,15,0.008009403944015503,0.007302529644221067
mlp_1x100_relu,90,5,16,0.008489172905683517,0.007391802500933409
mlp_1x100_relu,90,5,17,0.007512965705245733,0.008604900911450386
mlp_1x100_relu,90,5,18,0.007105978671461344,0.0069157881662249565
mlp_1x100_relu,90,5,19,0.006289185956120491,0.00627604266628623
mlp_1x100_relu,90,5,20,0.0072462535463273525,0.007971784099936485
mlp_1x100_relu,90,5,21,0.007609888445585966,0.006087752524763346
mlp_1x100_relu,90,5,22,0.006830661091953516,0.006008245050907135
mlp_1x100_relu,90,5,23,0.006376969628036022,0.005939113907516003
mlp_1x100_relu,90,5,24,0.005982520058751106,0.006519940681755543
mlp_1x100_relu,90,5,25,0.006151841953396797,0.005653489381074905
mlp_1x100_relu,90,5,26,0.0057015446946024895,0.005952711217105389
mlp_1x100_relu,90,5,27,0.007219112478196621,0.01060479786247015
mlp_1x100_relu,90,5,28,0.0065009514801204205,0.007119020912796259
mlp_1x100_relu,90,5,29,0.0059607564471662045,0.006463709753006697
mlp_1x100_relu,90,5,30,0.006164375692605972,0.007391012739390135
mlp_1x100_relu,90,5,31,0.006240722257643938,0.00583201739937067
mlp_1x100_relu,90,5,32,0.005771939642727375,0.0068519823253154755
mlp_1x100_relu,90,5,33,0.005324601661413908,0.005538068246096373
mlp_1x100_relu,90,5,34,0.0049379002302885056,0.004858975764364004
mlp_1x100_relu,90,5,35,0.004912978038191795,0.004830038640648127
mlp_1x100_relu,90,5,36,0.0052134026773273945,0.004947237204760313
mlp_1x100_relu,90,5,37,0.005025689490139484,0.004954904317855835
mlp_1x100_relu,90,5,38,0.005156191997230053,0.005160998087376356
mlp_1x100_relu,90,5,39,0.005083139520138502,0.004805345553904772
mlp_1x100_relu,90,5,40,0.00514695979654789,0.005363424774259329
mlp_1x100_relu,90,5,41,0.005194388329982758,0.005386144854128361
mlp_1x100_relu,90,5,42,0.005107722710818052,0.005292592570185661
mlp_1x100_relu,90,5,43,0.005044150166213512,0.005340201780200005
mlp_1x100_relu,90,5,44,0.00502472510561347,0.005036771763116121
mlp_1x100_relu,90,5,45,0.004952705465257168,0.0053190626204013824
mlp_1x100_relu,90,5,46,0.004935608711093664,0.005171788856387138
mlp_1x100_relu,90,5,47,0.004830197896808386,0.004981314297765493
mlp_1x100_relu,90,5,48,0.004807447548955679,0.004800819326192141
mlp_1x100_relu,90,5,49,0.004780308343470097,0.004697284195572138
mlp_1x100_relu,90,5,50,0.00474675465375185,0.00468683335930109
mlp_1x100_relu,90,5,51,0.004736138507723808,0.004792997147887945
mlp_1x100_relu,90,5,52,0.004792020656168461,0.004796831402927637
mlp_1x100_relu,90,5,53,0.004878731444478035,0.004971049260348082
mlp_1x100_relu,90,5,54,0.005042837467044592,0.005109525751322508
mlp_1x100_relu,90,5,55,0.005097019020467997,0.005044917576014996
mlp_1x100_relu,90,5,56,0.005004574079066515,0.004990982823073864
mlp_1x100_relu,90,5,57,0.004947342444211245,0.004986790008842945
mlp_1x100_relu,90,5,58,0.004874181468039751,0.004909036681056023
mlp_1x100_relu,90,5,59,0.004850670695304871,0.004828685894608498
mlp_1x100_relu,90,5,60,0.004812068771570921,0.0048006498254835606
mlp_1x100_relu,90,5,61,0.004795800894498825,0.004728104453533888
mlp_1x100_relu,90,5,62,0.0047929612919688225,0.004722657147794962
mlp_1x100_relu,90,5,63,0.004796912893652916,0.004667453933507204
mlp_1x100_relu,90,5,64,0.00494281854480505,0.0047483667731285095
mlp_1x100_relu,90,5,65,0.0049801841378211975,0.004747340921312571
mlp_1x100_relu,90,5,66,0.0050582848489284515,0.004762612748891115
mlp_1x100_relu,90,5,67,0.0049784015864133835,0.004682411439716816
mlp_1x100_relu,90,5,68,0.004973025992512703,0.004855342675000429
mlp_1x100_relu,90,5,69,0.005021346267312765,0.0048028333112597466
mlp_1x100_relu,90,5,70,0.005029793828725815,0.004814781714230776
mlp_1x100_relu,90,5,71,0.0050596147775650024,0.004794413223862648
mlp_1x100_relu,90,5,72,0.005097100045531988,0.004864863120019436
mlp_1x100_relu,90,5,73,0.005120964255183935,0.004811455961316824
mlp_1x100_relu,90,5,74,0.005117098800837994,0.004694014322012663
mlp_1x100_relu,90,5,75,0.005045718513429165,0.004658855497837067
mlp_1x100_relu,90,5,76,0.005014249589294195,0.004649372771382332
mlp_1x100_relu,90,5,77,0.0049873595125973225,0.004632686264812946
mlp_1x100_relu,90,5,78,0.0050596147775650024,0.004698591772466898
mlp_1x100_relu,90,5,79,0.005091328639537096,0.004643317312002182
mlp_1x100_relu,90,5,80,0.005113854072988033,0.00461300415918231
mlp_1x100_relu,90,5,81,0.005093811079859734,0.004639690741896629
mlp_1x100_relu,90,5,82,0.005126898176968098,0.004685820080339909
mlp_1x100_relu,90,5,83,0.005101753398776054,0.00466455752030015
mlp_1x100_relu,90,5,84,0.005126107018440962,0.00465753860771656
mlp_1x100_relu,90,5,85,0.005153463687747717,0.004702374804764986
mlp_1x100_relu,90,5,86,0.005164511036127806,0.004631143994629383
mlp_1x100_relu,90,5,87,0.005122561473399401,0.004583204630762339
mlp_1x100_relu,90,5,88,0.0052158404141664505,0.004670048598200083
mlp_1x100_relu,90,5,89,0.005266501102596521,0.004667752422392368
mlp_1x100_relu,90,5,90,0.005284831393510103,0.004626222886145115
mlp_1x100_relu,90,5,91,0.005232352763414383,0.004630310460925102
mlp_1x100_relu,90,5,92,0.00513503048568964,0.004597603343427181
mlp_1x100_relu,90,5,93,0.0051123034209012985,0.0045899441465735435
mlp_1x100_relu,90,5,94,0.00517019908875227,0.0045566558837890625
mlp_1x100_relu,90,5,95,0.005129831377416849,0.004537654109299183
mlp_1x100_relu,90,5,96,0.005081920884549618,0.004565857350826263
mlp_1x100_relu,90,5,97,0.005094177555292845,0.004548630211502314
mlp_1x100_relu,90,5,98,0.005105691961944103,0.0045724730007350445
mlp_1x100_relu,90,5,99,0.005095412489026785,0.004577578045427799
mlp_1x100_relu,90,5,100,0.005084176082164049,0.004552075173705816
mlp_1x100_relu,90,5,101,0.005103193689137697,0.004607175476849079
mlp_1x100_relu,90,5,102,0.005095607601106167,0.004606137052178383
mlp_1x100_relu,90,5,103,0.0050839814357459545,0.004587230272591114
mlp_1x100_relu,90,5,104,0.0051176780834794044,0.004601106513291597
mlp_1x100_relu,90,5,105,0.005114377476274967,0.004555656109005213
mlp_1x100_relu,90,5,106,0.005130476783961058,0.004573901183903217
mlp_1x100_relu,90,5,107,0.005115662235766649,0.0046264538541436195
mlp_1x100_relu,90,5,108,0.0051373583264648914,0.004569866694509983
mlp_1x100_relu,90,5,109,0.005151662975549698,0.004557573702186346
mlp_1x100_relu,90,5,110,0.005186868365854025,0.004574228543788195
mlp_1x100_relu,90,5,111,0.005183510947972536,0.004582955501973629
mlp_1x100_relu,90,5,112,0.0050912643782794476,0.004551700782030821
mlp_1x100_relu,90,5,113,0.005084279924631119,0.0045951674692332745
mlp_1x100_relu,90,5,114,0.0050965650007128716,0.004551212303340435
mlp_1x100_relu,90,5,115,0.005082482937723398,0.0045648058876395226
mlp_1x100_relu,90,5,116,0.005082936491817236,0.004590115509927273
mlp_1x100_relu,90,5,117,0.005113139748573303,0.004603587090969086
mlp_1x100_relu,90,5,118,0.005137230269610882,0.004549005534499884
mlp_1x100_relu,90,5,119,0.005114979110658169,0.00451695267111063
mlp_1x100_relu,90,5,120,0.005103320814669132,0.004561631008982658
mlp_1x100_relu,90,5,121,0.005086831748485565,0.004510306287556887
mlp_1x100_relu,90,5,122,0.0050556594505906105,0.004531768150627613
mlp_1x100_relu,90,5,123,0.005055079236626625,0.004567324183881283
mlp_1x100_relu,90,5,124,0.005057085771113634,0.0045082722790539265
mlp_1x100_relu,90,5,125,0.005049445666372776,0.004564682953059673
mlp_1x100_relu,90,5,126,0.005080339498817921,0.004545773379504681
mlp_1x100_relu,90,5,127,0.005057914648205042,0.004588479176163673
mlp_1x100_relu,90,5,128,0.00506141921505332,0.004522440489381552
mlp_1x100_relu,90,5,129,0.0050540100783109665,0.004575691185891628
mlp_1x100_relu,90,5,130,0.005058852024376392,0.004568689037114382
mlp_1x100_relu,90,5,131,0.005082030314952135,0.004488642793148756
mlp_1x100_relu,90,5,132,0.005073332227766514,0.004484245087951422
mlp_1x100_relu,90,5,133,0.005046518985182047,0.004552746191620827
mlp_1x100_relu,90,5,134,0.0050874934531748295,0.004581545013934374
mlp_1x100_relu,90,5,135,0.005089339334517717,0.004475718829780817
mlp_1x100_relu,90,5,136,0.00508245499804616,0.0045675113797187805
mlp_1x100_relu,90,5,137,0.005094950553029776,0.004535501357167959
mlp_1x100_relu,90,5,138,0.005097515881061554,0.004533665254712105
mlp_1x100_relu,90,5,139,0.005110141821205616,0.004501953721046448
mlp_1x100_relu,90,5,140,0.005059565883129835,0.004511088132858276
mlp_1x100_relu,90,5,141,0.005052757915109396,0.004459746181964874
mlp_1x100_relu,90,5,142,0.0050231595523655415,0.00446978909894824
mlp_1x100_relu,90,5,143,0.005071103107184172,0.004496528301388025
mlp_1x100_relu,90,5,144,0.005010522436350584,0.004449757281690836
mlp_1x100_relu,90,5,145,0.005042641423642635,0.004519827663898468
mlp_1x100_relu,90,5,146,0.004977874923497438,0.004497851245105267
mlp_1x100_relu,90,5,147,0.005004429258406162,0.0045423428528010845
mlp_1x100_relu,90,5,148,0.005068463273346424,0.004469297826290131
mlp_1x100_relu,90,5,149,0.005026348400861025,0.004482734948396683
mlp_1x100_relu,90,5,150,0.005052206572145224,0.004504626616835594
mlp_1x100_relu,90,5,151,0.005041610449552536,0.004535091109573841
mlp_1x100_relu,90,5,152,0.005042313598096371,0.004497007001191378
mlp_1x100_relu,90,5,153,0.005030796397477388,0.004459626041352749
mlp_1x100_relu,90,5,154,0.0050092642195522785,0.004462757147848606
mlp_1x100_relu,90,5,155,0.005062797572463751,0.004536498337984085
mlp_1x100_relu,90,5,156,0.00500286603346467,0.004590252880007029
mlp_1x100_relu,90,5,157,0.004963700659573078,0.004511111415922642
mlp_1x100_relu,90,5,158,0.00502438610419631,0.00453220633789897
mlp_1x100_relu,90,5,159,0.005003888159990311,0.004473044071346521
mlp_1x100_relu,90,5,160,0.004991000983864069,0.00449938653036952
mlp_1x100_relu,90,5,161,0.004984138999134302,0.0044972458854317665
mlp_1x100_relu,90,5,162,0.004983480554074049,0.0044661229476332664
mlp_1x100_relu,90,5,163,0.0049753873609006405,0.004508368205279112
mlp_1x100_relu,90,5,164,0.004953126888722181,0.004504731390625238
mlp_1x100_relu,90,5,165,0.004982771351933479,0.0044829570688307285
mlp_1x100_relu,90,5,166,0.004945316817611456,0.004486567340791225
mlp_1x100_relu,90,5,167,0.004944986663758755,0.0045245070941746235
mlp_1x100_relu,90,5,168,0.004997558891773224,0.004543462302535772
mlp_1x100_relu,90,5,169,0.004946480970829725,0.004498071502894163
mlp_1x100_relu,90,5,170,0.004948538262397051,0.004465740639716387
mlp_1x100_relu,90,5,171,0.004959146957844496,0.00450662337243557
mlp_1x100_relu,90,5,172,0.004965734202414751,0.004530102014541626
mlp_1x100_relu,90,5,173,0.004995288792997599,0.004468576982617378
mlp_1x100_relu,90,5,174,0.00494184298440814,0.004453462548553944
mlp_1x100_relu,90,5,175,0.004951064474880695,0.00451256986707449
mlp_1x100_relu,90,5,176,0.004990546498447657,0.004497947171330452
mlp_1x100_relu,90,5,177,0.0049404604360461235,0.004453509580343962
mlp_1x100_relu,90,5,178,0.004927570931613445,0.004519656766206026
mlp_1x100_relu,90,5,179,0.004933323711156845,0.004480516072362661
mlp_1x100_relu,90,5,180,0.004928966984152794,0.004496071022003889
mlp_1x100_relu,90,5,181,0.004908338189125061,0.004498107358813286
mlp_1x100_relu,90,5,182,0.004921682644635439,0.004516385030001402
mlp_1x100_relu,90,5,183,0.004942419473081827,0.004530270583927631
mlp_1x100_relu,90,5,184,0.004929707385599613,0.004529648460447788
mlp_1x100_relu,90,5,185,0.004923786967992783,0.0045142630115151405
mlp_1x100_relu,90,5,186,0.004923650529235601,0.004528467543423176
mlp_1x100_relu,90,5,187,0.004900400526821613,0.004486399237066507
mlp_1x100_relu,90,5,188,0.004913490731269121,0.0045259930193424225
mlp_1x100_relu,90,5,189,0.004935607314109802,0.0045027341693639755
mlp_1x100_relu,90,5,190,0.0049446444027125835,0.004532658029347658
mlp_1x100_relu,90,5,191,0.0049417768605053425,0.0044690086506307125
mlp_1x100_relu,90,5,192,0.004907095804810524,0.00443583307787776
mlp_1x100_relu,90,5,193,0.004913244862109423,0.004505761433392763
mlp_1x100_relu,90,5,194,0.004910584539175034,0.00446667242795229
mlp_1x100_relu,90,5,195,0.004894959274679422,0.0044854083098471165
mlp_1x100_relu,90,5,196,0.004883571993559599,0.004489273298531771
mlp_1x100_relu,90,5,197,0.004910735413432121,0.00446806475520134
mlp_1x100_relu,90,5,198,0.004933658521622419,0.004508182872086763
mlp_1x100_relu,90,5,199,0.004933712538331747,0.004498384427279234
mlp_1x100_relu,90,5,200,0.004891302436590195,0.004488657228648663
mlp_1x100_relu,90,5,201,0.004866902716457844,0.00445401668548584
mlp_1x100_relu,90,5,202,0.004869729746133089,0.004554606042802334
mlp_1x100_relu,90,5,203,0.004893828649073839,0.004555848427116871
mlp_1x100_relu,90,5,204,0.004897945560514927,0.004450615029782057
mlp_1x100_relu,90,5,205,0.004873160272836685,0.0045277876779437065
mlp_1x100_relu,90,5,206,0.00486545916646719,0.00450585363432765
mlp_1x100_relu,90,5,207,0.004857730586081743,0.004505383316427469
mlp_1x100_relu,90,5,208,0.004864217713475227,0.004543770104646683
mlp_1x100_relu,90,5,209,0.004879097919911146,0.004495447035878897
mlp_1x100_relu,90,5,210,0.004878622479736805,0.004497261717915535
mlp_1x100_relu,90,5,211,0.004865333903580904,0.004472480155527592
mlp_1x100_relu,90,5,212,0.004865056369453669,0.0044937473721802235
mlp_1x100_relu,90,5,213,0.004858135711401701,0.0044411662966012955
mlp_1x100_relu,90,5,214,0.004894492216408253,0.004500228445976973
mlp_1x100_relu,90,5,215,0.004854053724557161,0.004469828214496374
mlp_1x100_relu,90,5,216,0.004862906411290169,0.004489393439143896
mlp_1x100_relu,90,5,217,0.004878002684563398,0.004472184460610151
mlp_1x100_relu,90,5,218,0.004880791995674372,0.004501804243773222
mlp_1x100_relu,90,5,219,0.0049051851965487,0.004440215416252613
mlp_1x100_relu,90,5,220,0.004866322036832571,0.004529631696641445
mlp_1x100_relu,90,5,221,0.004868471994996071,0.004500141367316246
mlp_1x100_relu,90,5,222,0.004879799671471119,0.004462732467800379
mlp_1x100_relu,90,5,223,0.004878736101090908,0.004520038142800331
mlp_1x100_relu,90,5,224,0.004879183601588011,0.004487752914428711
mlp_1x100_relu,90,5,225,0.004861659370362759,0.004495874512940645
mlp_1x100_relu,90,5,226,0.004862435627728701,0.004539813380688429
mlp_1x100_relu,90,5,227,0.004877873696386814,0.004472999833524227
mlp_1x100_relu,90,5,228,0.004875505808740854,0.0045132883824408054
mlp_1x100_relu,90,5,229,0.004869427997618914,0.004443768411874771
mlp_1x100_relu,90,5,230,0.00487193837761879,0.004545535426586866
mlp_1x100_relu,90,5,231,0.004859894048422575,0.004555464722216129
mlp_1x100_relu,90,5,232,0.004848303273320198,0.004460194148123264
mlp_1x100_relu,90,5,233,0.004866242874413729,0.00454463018104434
mlp_1x100_relu,90,5,234,0.004845703486353159,0.0045071979984641075
mlp_1x100_relu,90,5,235,0.004861589055508375,0.004500306211411953
mlp_1x100_relu,90,5,236,0.00485559506341815,0.004564635921269655
mlp_1x100_relu,90,5,237,0.004847899079322815,0.004564099013805389
mlp_1x100_relu,90,5,238,0.004878735635429621,0.00458357622846961
mlp_1x100_relu,90,5,239,0.004871346987783909,0.0044992463663220406
mlp_1x100_relu,90,5,240,0.004871843382716179,0.004538882523775101
mlp_1x100_relu,90,5,241,0.0048745120875537395,0.004539026878774166
mlp_1x100_relu,90,5,242,0.004881830420345068,0.004563562106341124
mlp_1x100_relu,90,5,243,0.0048841810785233974,0.004526840057224035
mlp_1x100_relu,90,5,244,0.004883598070591688,0.004509549122303724
mlp_1x100_relu,90,5,245,0.004885056056082249,0.0045206304639577866
mlp_1x100_relu,90,5,246,0.004894150886684656,0.004538652487099171
mlp_1x100_relu,90,5,247,0.004876570776104927,0.004596647806465626
mlp_1x100_relu,90,5,248,0.004877427127212286,0.0045256526209414005
mlp_1x100_relu,90,5,249,0.0048755258321762085,0.004546757787466049
mlp_1x100_relu,90,5,250,0.004864568822085857,0.004542344715446234
mlp_1x100_relu,90,5,251,0.004881782457232475,0.004534062929451466
mlp_1x100_relu,90,5,252,0.0048594227991998196,0.00450994074344635
mlp_1x100_relu,90,5,253,0.004884390626102686,0.004561347421258688
mlp_1x100_relu,90,5,254,0.0048589217476546764,0.0045242817141115665
mlp_1x100_relu,90,5,255,0.004869685973972082,0.004597557708621025
mlp_1x100_relu,90,5,256,0.004871520679444075,0.004565032199025154
mlp_1x100_relu,90,5,257,0.004887123126536608,0.004561692010611296
mlp_1x100_relu,90,5,258,0.00486993882805109,0.00453201262280345
mlp_1x100_relu,90,5,259,0.004867848940193653,0.0045198602601885796
mlp_1x100_relu,90,5,260,0.004870144184678793,0.004518518224358559
mlp_1x100_relu,90,5,261,0.004875773563981056,0.004506970755755901
mlp_1x100_relu,90,5,262,0.004887164104729891,0.004593364894390106
mlp_1x100_relu,90,5,263,0.004862120840698481,0.0045576863922178745
mlp_1x100_relu,90,5,264,0.004878101870417595,0.004543397109955549
mlp_1x100_relu,90,5,265,0.004864576738327742,0.004544110503047705
mlp_1x100_relu,90,5,266,0.0048677269369363785,0.004536234308034182
mlp_1x100_relu,90,5,267,0.004877618048340082,0.00456328596919775
mlp_1x100_relu,90,5,268,0.00487667927518487,0.004487809259444475
mlp_1x100_relu,90,5,269,0.0048666177317500114,0.004573700949549675
mlp_1x100_relu,90,5,270,0.004876904655247927,0.0045194486156105995
mlp_1x100_relu,90,5,271,0.004865729715675116,0.004545690957456827
mlp_1x100_relu,90,5,272,0.004860252607613802,0.004577875602990389
mlp_1x100_relu,90,5,273,0.004867031704634428,0.004469614010304213
mlp_1x100_relu,90,5,274,0.004885489586740732,0.004534958861768246
mlp_1x100_relu,90,5,275,0.0048807542771101,0.004531581420451403
mlp_1x100_relu,90,5,276,0.0048596616834402084,0.004509494174271822
mlp_1x100_relu,90,5,277,0.004861472174525261,0.004573145415633917
mlp_1x100_relu,90,5,278,0.0048693036660552025,0.004523504059761763
mlp_1x100_relu,90,5,279,0.004891046788543463,0.0045156399719417095
mlp_1x100_relu,90,5,280,0.004865719471126795,0.0045423805713653564
mlp_1x100_relu,90,5,281,0.004876546561717987,0.004531453363597393
mlp_1x100_relu,90,5,282,0.004882868379354477,0.004560123663395643
mlp_1x100_relu,90,5,283,0.0048689707182347775,0.004517786670476198
mlp_1x100_relu,90,5,284,0.004862493835389614,0.004555084742605686
mlp_1x100_relu,90,5,285,0.004868336021900177,0.004517935216426849
mlp_1x100_relu,90,5,286,0.004859795328229666,0.0045503415167331696
mlp_1x100_relu,90,5,287,0.0048763020895421505,0.00454749446362257
mlp_1x100_relu,90,5,288,0.00489210058003664,0.00453217513859272
mlp_1x100_relu,90,5,289,0.004878997802734375,0.004522663075476885
mlp_1x100_relu,90,5,290,0.004891849122941494,0.004528393503278494
mlp_1x100_relu,90,5,291,0.004881284199655056,0.0044997273944318295
mlp_1x100_relu,90,5,292,0.004889653995633125,0.0044859726913273335
mlp_1x100_relu,90,5,293,0.004893404897302389,0.004516574554145336
mlp_1x100_relu,90,5,294,0.004907175898551941,0.004552628379315138
mlp_1x100_relu,90,5,295,0.004899077117443085,0.004526026546955109
mlp_1x100_relu,90,5,296,0.004902433604001999,0.004498766735196114
mlp_1x100_relu,90,5,297,0.004895441699773073,0.00451210793107748
mlp_1x100_relu,90,5,298,0.004892054945230484,0.004450315143913031
mlp_1x100_relu,90,5,299,0.004890728741884232,0.004536621738225222
mlp_1x100_relu,90,5,300,0.0048775337636470795,0.004521612077951431
mlp_1x100_relu,90,5,301,0.0048910947516560555,0.004511937964707613
mlp_1x100_relu,90,5,302,0.004869804251939058,0.004487321246415377
mlp_1x100_relu,90,5,303,0.004901627544313669,0.004522118251770735
mlp_1x100_relu,90,5,304,0.004871275741606951,0.00451562600210309
mlp_1x100_relu,90,5,305,0.004881786182522774,0.004530687350779772
mlp_1x100_relu,90,5,306,0.004876309540122747,0.004480706062167883
mlp_1x100_relu,90,5,307,0.00487443758174777,0.004505008924752474
mlp_1x100_relu,90,5,308,0.004873923026025295,0.004492522217333317
mlp_1x100_relu,90,5,309,0.0048907543532550335,0.004513704217970371
mlp_1x100_relu,90,5,310,0.00487617589533329,0.004501682706177235
mlp_1x100_relu,90,5,311,0.00489049032330513,0.004497674759477377
mlp_1x100_relu,90,5,312,0.0048808930441737175,0.004509260877966881
mlp_1x100_relu,90,5,313,0.0048840041272342205,0.004481399431824684
mlp_1x100_relu,90,5,314,0.00488396268337965,0.004490922670811415
mlp_1x100_relu,90,5,315,0.004887650720775127,0.004530253354460001
mlp_1x100_relu,90,5,316,0.004891993477940559,0.00451258011162281
mlp_1x100_relu,90,5,317,0.004904462955892086,0.004502594005316496
mlp_1x100_relu,90,5,318,0.004886694718152285,0.004525444936007261
mlp_1x100_relu,90,5,319,0.004903258290141821,0.004498658236116171
mlp_1x100_relu,90,5,320,0.0049002510495483875,0.004482000134885311
mlp_1x100_relu,90,5,321,0.0048993718810379505,0.004502990748733282
mlp_1x100_relu,90,5,322,0.004893535748124123,0.004596157930791378
mlp_1x100_relu,90,5,323,0.004877462517470121,0.004501012619584799
mlp_1x100_relu,90,5,324,0.004909655544906855,0.0045022983103990555
mlp_1x100_relu,90,5,325,0.004897859878838062,0.004532475024461746
mlp_1x100_relu,90,5,326,0.004889908246695995,0.004507110454142094
mlp_1x100_relu,90,5,327,0.0048788972198963165,0.004531799349933863
mlp_1x100_relu,90,5,328,0.004884827416390181,0.004519705660641193
mlp_1x100_relu,90,5,329,0.004882321693003178,0.004492760170251131
mlp_1x100_relu,90,5,330,0.004888346418738365,0.0045011346228420734
mlp_1x100_relu,90,5,331,0.0048812152817845345,0.004461207427084446
mlp_1x100_relu,90,5,332,0.0048879352398216724,0.0045207589864730835
mlp_1x100_relu,90,5,333,0.004876723978668451,0.004578558262437582
mlp_1x100_relu,90,5,334,0.004889493342489004,0.004535318817943335
mlp_1x100_relu,90,5,335,0.004888075869530439,0.004580701235681772
mlp_1x100_relu,90,5,336,0.004895057063549757,0.00454749446362257
mlp_1x100_relu,90,5,337,0.004898024257272482,0.00455065630376339
mlp_1x100_relu,90,5,338,0.004897401202470064,0.004520025569945574
mlp_1x100_relu,90,5,339,0.004916075151413679,0.004608118906617165
mlp_1x100_relu,90,5,340,0.0048948368057608604,0.0045308396220207214
mlp_1x100_relu,90,5,341,0.004916858393698931,0.004552849568426609
mlp_1x100_relu,90,5,342,0.004924620967358351,0.004554145038127899
mlp_1x100_relu,90,5,343,0.004909831564873457,0.004565207287669182
mlp_1x100_relu,90,5,344,0.0049184951931238174,0.004566838499158621
mlp_1x100_relu,90,5,345,0.004965317901223898,0.004569690208882093
mlp_1x100_relu,90,5,346,0.004952531307935715,0.004523515235632658
mlp_1x100_relu,90,5,347,0.0049433279782533646,0.0045350827276706696
mlp_1x100_relu,90,5,348,0.004932701587677002,0.004538299981504679
mlp_1x100_relu,90,5,349,0.004922813270241022,0.004499028902500868
mlp_1x100_relu,90,5,350,0.004911412484943867,0.004502531606703997
mlp_1x100_relu,90,5,351,0.004916490521281958,0.004526627250015736
mlp_1x100_relu,90,5,352,0.0048981765285134315,0.004477852489799261
mlp_1x100_relu,90,5,353,0.0049092271365225315,0.004478433635085821
mlp_1x100_relu,90,5,354,0.004893839359283447,0.004499541595578194
mlp_1x100_relu,90,5,355,0.004892431665211916,0.004510280676186085
mlp_1x100_relu,90,5,356,0.004906242713332176,0.004558761138468981
mlp_1x100_relu,90,5,357,0.004897831939160824,0.004479819443076849
mlp_1x100_relu,90,5,358,0.004904294386506081,0.004519087262451649
mlp_1x100_relu,90,5,359,0.004909506533294916,0.004518283996731043
mlp_1x100_relu,90,5,360,0.004913981072604656,0.004452000837773085
mlp_1x100_relu,90,5,361,0.004911974538117647,0.004492281004786491
mlp_1x100_relu,90,5,362,0.0049119265750050545,0.004488222301006317
mlp_1x100_relu,90,5,363,0.004919080995023251,0.004532934166491032
mlp_1x100_relu,90,5,364,0.004902344197034836,0.0045697735622525215
mlp_1x100_relu,90,5,365,0.004918394144624472,0.004541527945548296
mlp_1x100_relu,90,5,366,0.004911715164780617,0.00455184280872345
mlp_1x100_relu,90,5,367,0.004915619734674692,0.004571128636598587
mlp_1x100_relu,90,5,368,0.004924518056213856,0.004530286882072687
mlp_1x100_relu,90,5,369,0.004915529862046242,0.004517283756285906
mlp_1x100_relu,90,5,370,0.004923091735690832,0.004527135286480188
mlp_1x100_relu,90,5,371,0.004910266492515802,0.004562074318528175
mlp_1x100_relu,90,5,372,0.0049198223277926445,0.00447124382480979
mlp_1x100_relu,90,5,373,0.004923833534121513,0.0044873240403831005
mlp_1x100_relu,90,5,374,0.004915720317512751,0.004516548942774534
mlp_1x100_relu,90,5,375,0.004927660338580608,0.004563438706099987
mlp_1x100_relu,90,5,376,0.0049278102815151215,0.004534636624157429
mlp_1x100_relu,90,5,377,0.004939741920679808,0.0045294081792235374
mlp_1x100_relu,90,5,378,0.004945633001625538,0.004546161741018295
mlp_1x100_relu,90,5,379,0.0049279616214334965,0.004518226254731417
mlp_1x100_relu,90,5,380,0.0049296775832772255,0.004503267351537943
mlp_1x100_relu,90,5,381,0.004913955461233854,0.004529700148850679
mlp_1x100_relu,90,5,382,0.004913656041026115,0.004535790998488665
mlp_1x100_relu,90,5,383,0.004923251457512379,0.004511924460530281
mlp_1x100_relu,90,5,384,0.004913076292723417,0.0044938200153410435
mlp_1x100_relu,90,5,385,0.0049032969400286674,0.0045175617560744286
mlp_1x100_relu,90,5,386,0.004898110404610634,0.004526788368821144
mlp_1x100_relu,90,5,387,0.004910591058433056,0.004551758989691734
mlp_1x100_relu,90,5,388,0.004929519258439541,0.004483932629227638
mlp_1x100_relu,90,5,389,0.004924344830214977,0.004526136443018913
mlp_1x100_relu,90,5,390,0.004904571454972029,0.0044989436864852905
mlp_1x100_relu,90,5,391,0.0049230782315135,0.004522052127867937
mlp_1x100_relu,90,5,392,0.004909936338663101,0.004513915628194809
mlp_1x100_relu,90,5,393,0.00490596191957593,0.004489611368626356
mlp_1x100_relu,90,5,394,0.004925783257931471,0.0045149303041398525
mlp_1x100_relu,90,5,395,0.004941404797136784,0.004563076887279749
mlp_1x100_relu,90,5,396,0.004931334406137466,0.0044858562760055065
mlp_1x100_relu,90,5,397,0.004930687602609396,0.004522253293544054
mlp_1x100_relu,90,5,398,0.004903048276901245,0.0044877659529447556
mlp_1x100_relu,90,5,399,0.004905163310468197,0.00449719000607729
mlp_1x100_relu,90,5,400,0.004918584134429693,0.00452417554333806
mlp_1x100_relu,90,5,401,0.00490366667509079,0.004503230098634958
mlp_1x100_relu,90,5,402,0.004914324264973402,0.004530621226876974
mlp_1x100_relu,90,5,403,0.004919113125652075,0.004499086178839207
mlp_1x100_relu,90,5,404,0.004926952533423901,0.00447456631809473
mlp_1x100_relu,90,5,405,0.004925250541418791,0.004509892780333757
mlp_1x100_relu,90,5,406,0.004917812068015337,0.004492005333304405
mlp_1x100_relu,90,5,407,0.004917440470308065,0.004517252091318369
mlp_1x100_relu,90,5,408,0.004901696927845478,0.004549459088593721
mlp_1x100_relu,90,5,409,0.004904595669358969,0.004485628567636013
mlp_1x100_relu,90,5,410,0.004913413897156715,0.004553123842924833
mlp_1x100_relu,90,5,411,0.004916394595056772,0.004500571172684431
mlp_1x100_relu,90,5,412,0.004931752569973469,0.004513688385486603
mlp_1x100_relu,90,5,413,0.00493193743750453,0.004514101427048445
mlp_1x100_relu,90,5,414,0.004908397793769836,0.0045161438174545765
mlp_1x100_relu,90,5,415,0.0049061765894293785,0.004499627742916346
mlp_1x100_relu,90,5,416,0.004918090999126434,0.004508734680712223
mlp_1x100_relu,90,5,417,0.004900473169982433,0.004502952564507723
mlp_1x100_relu,90,5,418,0.0049105361104011536,0.004564529284834862
mlp_1x100_relu,90,5,419,0.004911257419735193,0.004563804715871811
mlp_1x100_relu,90,5,420,0.0049218651838600636,0.004567349795252085
mlp_1x100_relu,90,5,421,0.00491320202127099,0.004555791616439819
mlp_1x100_relu,90,5,422,0.004925400484353304,0.004537615459412336
mlp_1x100_relu,90,5,423,0.00492903683334589,0.004511947277933359
mlp_1x100_relu,90,5,424,0.004923325963318348,0.004528478253632784
mlp_1x100_relu,90,5,425,0.004930875264108181,0.00455436622723937
mlp_1x100_relu,90,5,426,0.004921004641801119,0.004520304035395384
mlp_1x100_relu,90,5,427,0.004923691041767597,0.004509544000029564
mlp_1x100_relu,90,5,428,0.004920224659144878,0.004529411438852549
mlp_1x100_relu,90,5,429,0.004932132549583912,0.004494691267609596
mlp_1x100_relu,90,5,430,0.004923361819237471,0.004528658464550972
mlp_1x100_relu,90,5,431,0.004932818468660116,0.004545291885733604
mlp_1x100_relu,90,5,432,0.004931650124490261,0.004504247568547726
mlp_1x100_relu,90,5,433,0.004922595340758562,0.004536787513643503
mlp_1x100_relu,90,5,434,0.0049113985151052475,0.004532406106591225
mlp_1x100_relu,90,5,435,0.004932534880936146,0.0045437682420015335
mlp_1x100_relu,90,5,436,0.0049209981225430965,0.0045233252458274364
mlp_1x100_relu,90,5,437,0.004926150664687157,0.004537581000477076
mlp_1x100_relu,90,5,438,0.0049331095069646835,0.004497417714446783
mlp_1x100_relu,90,5,439,0.0049226717092096806,0.004509815480560064
mlp_1x100_relu,90,5,440,0.0049124849028885365,0.004505803808569908
mlp_1x100_relu,90,5,441,0.0049109626561403275,0.0045388322323560715
mlp_1x100_relu,90,5,442,0.004905947484076023,0.004488599486649036
mlp_1x100_relu,90,5,443,0.0049156304448843,0.004520084708929062
mlp_1x100_relu,90,5,444,0.00492374412715435,0.004521056078374386
mlp_1x100_relu,90,5,445,0.004918334074318409,0.004531409125775099
mlp_1x100_relu,90,5,446,0.004930476658046246,0.004489901475608349
mlp_1x100_relu,90,5,447,0.004938601050525904,0.004474688321352005
mlp_1x100_relu,90,5,448,0.004932771436870098,0.0045013814233243465
mlp_1x100_relu,90,5,449,0.0049300603568553925,0.004492642357945442
mlp_1x100_relu,90,5,450,0.004940974060446024,0.0044752126559615135
mlp_1x100_relu,90,5,451,0.004944323096424341,0.004586908034980297
mlp_1x100_relu,90,5,452,0.004934296943247318,0.0044988482259213924
mlp_1x100_relu,90,5,453,0.0049257962964475155,0.00449729198589921
mlp_1x100_relu,90,5,454,0.004928052891045809,0.004450715146958828
mlp_1x100_relu,90,5,455,0.004928449168801308,0.004516636952757835
mlp_1x100_relu,90,5,456,0.004920297302305698,0.004502924624830484
mlp_1x100_relu,90,5,457,0.004924366250634193,0.004485482815653086
mlp_1x100_relu,90,5,458,0.004924794193357229,0.004481518175452948
mlp_1x100_relu,90,5,459,0.004915422759950161,0.004566350020468235
mlp_1x100_relu,90,5,460,0.004914565477520227,0.004528928082436323
mlp_1x100_relu,90,5,461,0.0049201794900000095,0.0044888402335345745
mlp_1x100_relu,90,5,462,0.004924576263874769,0.004452219232916832
mlp_1x100_relu,90,5,463,0.004933101590722799,0.004517401102930307
mlp_1x100_relu,90,5,464,0.004926664754748344,0.004504352807998657
mlp_1x100_relu,90,5,465,0.004909763112664223,0.004563040565699339
mlp_1x100_relu,90,5,466,0.0049141221679747105,0.0045035481452941895
mlp_1x100_relu,90,5,467,0.004912421107292175,0.004512022715061903
mlp_1x100_relu,90,5,468,0.0049106464721262455,0.004497019108384848
mlp_1x100_relu,90,5,469,0.004925532266497612,0.004523785784840584
mlp_1x100_relu,90,5,470,0.004912815056741238,0.004474957007914782
mlp_1x100_relu,90,5,471,0.0049035209231078625,0.0044790469110012054
mlp_1x100_relu,90,5,472,0.004908355418592691,0.004494875203818083
mlp_1x100_relu,90,5,473,0.004906168207526207,0.0045213885605335236
mlp_1x100_relu,90,5,474,0.004914945922791958,0.004506978671997786
mlp_1x100_relu,90,5,475,0.004914623685181141,0.004540187772363424
mlp_1x100_relu,90,5,476,0.004915453027933836,0.004540122114121914
mlp_1x100_relu,90,5,477,0.004922881722450256,0.004536811262369156
mlp_1x100_relu,90,5,478,0.004925033543258905,0.004510324914008379
mlp_1x100_relu,90,5,479,0.004920116625726223,0.004495854955166578
mlp_1x100_relu,90,5,480,0.004915671888738871,0.004550489131361246
mlp_1x100_relu,90,5,481,0.004909105598926544,0.0044806175865232944
mlp_1x100_relu,90,5,482,0.00491890637204051,0.004495571833103895
mlp_1x100_relu,90,5,483,0.004928342532366514,0.004532926715910435
mlp_1x100_relu,90,5,484,0.004918367601931095,0.004488558974117041
mlp_1x100_relu,90,5,485,0.004904064815491438,0.004525807686150074
mlp_1x100_relu,90,5,486,0.004903523717075586,0.004521972965449095
mlp_1x100_relu,90,5,487,0.004899175837635994,0.004551898688077927
mlp_1x100_relu,90,5,488,0.004920427221804857,0.004582362715154886
mlp_1x100_relu,90,5,489,0.004911039024591446,0.004545378033071756
mlp_1x100_relu,90,5,490,0.0049412865191698074,0.004512154497206211
mlp_1x100_relu,90,5,491,0.004945153370499611,0.004488800652325153
mlp_1x100_relu,90,5,492,0.004943275358527899,0.004519915208220482
mlp_1x100_relu,90,5,493,0.0049391500651836395,0.0045164842158555984
mlp_1x100_relu,90,5,494,0.0049168444238603115,0.004527385346591473
mlp_1x100_relu,90,5,495,0.004921390675008297,0.004526182077825069
mlp_1x100_relu,90,5,496,0.004912094678729773,0.004507409408688545
mlp_1x100_relu,90,5,497,0.004917741287499666,0.004538442008197308
mlp_1x100_relu,90,5,498,0.0049179308116436005,0.004531583748757839
mlp_1x100_relu,90,5,499,0.004929360002279282,0.004503475036472082
mlp_1x100_relu,90,5,500,0.004926242399960756,0.004556087777018547
mlp_1x100_relu,90,30,1,0.5221177339553833,0.25659090280532837
mlp_1x100_relu,90,30,2,0.22013719379901886,0.14378738403320312
mlp_1x100_relu,90,30,3,0.11101403832435608,0.07965465635061264
mlp_1x100_relu,90,30,4,0.05103614181280136,0.03489717096090317
mlp_1x100_relu,90,30,5,0.018136041238904,0.012059996835887432
mlp_1x100_relu,90,30,6,0.0068544684909284115,0.005471577402204275
mlp_1x100_relu,90,30,7,0.005215636920183897,0.004460989497601986
mlp_1x100_relu,90,30,8,0.004637683741748333,0.0035152325872331858
mlp_1x100_relu,90,30,9,0.0043029324151575565,0.0038238640408962965
mlp_1x100_relu,90,30,10,0.004306235816329718,0.0034498947206884623
mlp_1x100_relu,90,30,11,0.003759622573852539,0.003109587822109461
mlp_1x100_relu,90,30,12,0.0038236412219703197,0.0032461502123624086
mlp_1x100_relu,90,30,13,0.0038143442943692207,0.003177741076797247
mlp_1x100_relu,90,30,14,0.003951283171772957,0.0036827544681727886
mlp_1x100_relu,90,30,15,0.004005092196166515,0.0033300956711173058
mlp_1x100_relu,90,30,16,0.004140521865338087,0.004813884850591421
mlp_1x100_relu,90,30,17,0.004215541761368513,0.004311682190746069
mlp_1x100_relu,90,30,18,0.0038630065973848104,0.004382334649562836
mlp_1x100_relu,90,30,19,0.0040640076622366905,0.003757396014407277
mlp_1x100_relu,90,30,20,0.004501390736550093,0.0037066899240016937
mlp_1x100_relu,90,30,21,0.00358204054646194,0.0034035637509077787
mlp_1x100_relu,90,30,22,0.0036654507275670767,0.00323594082146883
mlp_1x100_relu,90,30,23,0.0037650903686881065,0.004026246722787619
mlp_1x100_relu,90,30,24,0.0035920385271310806,0.0042424313724040985
mlp_1x100_relu,90,30,25,0.0034253757912665606,0.003807787550613284
mlp_1x100_relu,90,30,26,0.003607334801927209,0.004019714426249266
mlp_1x100_relu,90,30,27,0.0037223598919808865,0.0037206688430160284
mlp_1x100_relu,90,30,28,0.0035134509671479464,0.004075252916663885
mlp_1x100_relu,90,30,29,0.003856486175209284,0.0054841251112520695
mlp_1x100_relu,90,30,30,0.004068808164447546,0.004599232226610184
mlp_1x100_relu,90,30,31,0.0035743399057537317,0.0035931081511080265
mlp_1x100_relu,90,30,32,0.002898158971220255,0.003062034724280238
mlp_1x100_relu,90,30,33,0.00278177740983665,0.0029567687306553125
mlp_1x100_relu,90,30,34,0.0024683866649866104,0.0025169444270431995
mlp_1x100_relu,90,30,35,0.002409938955679536,0.0022113551385700703
mlp_1x100_relu,90,30,36,0.002377505414187908,0.0022717826068401337
mlp_1x100_relu,90,30,37,0.002279870677739382,0.002321775769814849
mlp_1x100_relu,90,30,38,0.0024251395370811224,0.0024785269051790237
mlp_1x100_relu,90,30,39,0.0026117349043488503,0.0025549856945872307
mlp_1x100_relu,90,30,40,0.0026486124843358994,0.0022931965067982674
mlp_1x100_relu,90,30,41,0.0024376115761697292,0.002153712324798107
mlp_1x100_relu,90,30,42,0.0023791021667420864,0.0022366878110915422
mlp_1x100_relu,90,30,43,0.0022133297752588987,0.0020482446998357773
mlp_1x100_relu,90,30,44,0.0021621547639369965,0.0021303799003362656
mlp_1x100_relu,90,30,45,0.002105927560478449,0.002189885824918747
mlp_1x100_relu,90,30,46,0.002078305697068572,0.002091252012178302
mlp_1x100_relu,90,30,47,0.002041248371824622,0.002074476331472397
mlp_1x100_relu,90,30,48,0.0020095764193683863,0.002077047247439623
mlp_1x100_relu,90,30,49,0.0020224901381880045,0.00206474750302732
mlp_1x100_relu,90,30,50,0.002020682208240032,0.0020571607165038586
mlp_1x100_relu,90,30,51,0.0020159243140369654,0.0020334208384156227
mlp_1x100_relu,90,30,52,0.002014664001762867,0.0020599665585905313
mlp_1x100_relu,90,30,53,0.00199933722615242,0.002026089234277606
mlp_1x100_relu,90,30,54,0.0019876339938491583,0.0020481182727962732
mlp_1x100_relu,90,30,55,0.001981807639822364,0.0020346883684396744
mlp_1x100_relu,90,30,56,0.0019957066979259253,0.0020657037384808064
mlp_1x100_relu,90,30,57,0.0020003672689199448,0.0020556135568767786
mlp_1x100_relu,90,30,58,0.002002132823690772,0.0020382131915539503
mlp_1x100_relu,90,30,59,0.002011772245168686,0.0020055777858942747
mlp_1x100_relu,90,30,60,0.0020234419498592615,0.0020380141213536263
mlp_1x100_relu,90,30,61,0.002033470431342721,0.0020222829189151525
mlp_1x100_relu,90,30,62,0.0020586783066391945,0.002025386318564415
mlp_1x100_relu,90,30,63,0.002077182289212942,0.0019928927067667246
mlp_1x100_relu,90,30,64,0.002073136856779456,0.0020049770828336477
mlp_1x100_relu,90,30,65,0.0021017971448600292,0.001974489539861679
mlp_1x100_relu,90,30,66,0.002105452585965395,0.0019825880881398916
mlp_1x100_relu,90,30,67,0.0021073357202112675,0.0019719700794667006
mlp_1x100_relu,90,30,68,0.002157322596758604,0.0019962163642048836
mlp_1x100_relu,90,30,69,0.002188501413911581,0.0020075798965990543
mlp_1x100_relu,90,30,70,0.002224005525931716,0.0019776986446231604
mlp_1x100_relu,90,30,71,0.0022204143460839987,0.001983016263693571
mlp_1x100_relu,90,30,72,0.0022348109632730484,0.0019734336528927088
mlp_1x100_relu,90,30,73,0.002255460014566779,0.0019320612773299217
mlp_1x100_relu,90,30,74,0.0022522644139826298,0.0019612708128988743
mlp_1x100_relu,90,30,75,0.00228532450273633,0.0019708957988768816
mlp_1x100_relu,90,30,76,0.002324547851458192,0.001971873687580228
mlp_1x100_relu,90,30,77,0.0023537478409707546,0.0019923639483749866
mlp_1x100_relu,90,30,78,0.002377015771344304,0.0019823864568024874
mlp_1x100_relu,90,30,79,0.0023957763332873583,0.0019534281454980373
mlp_1x100_relu,90,30,80,0.002386790933087468,0.001960078487172723
mlp_1x100_relu,90,30,81,0.0024792286567389965,0.001971348188817501
mlp_1x100_relu,90,30,82,0.0024773224722594023,0.0019839026499539614
mlp_1x100_relu,90,30,83,0.0025210280437022448,0.0020007886923849583
mlp_1x100_relu,90,30,84,0.002544696908444166,0.0019901732448488474
mlp_1x100_relu,90,30,85,0.0026453305035829544,0.002014494501054287
mlp_1x100_relu,90,30,86,0.0025855470448732376,0.00194106949493289
mlp_1x100_relu,90,30,87,0.0025711897760629654,0.0019379261648282409
mlp_1x100_relu,90,30,88,0.0024779406376183033,0.0018829843029379845
mlp_1x100_relu,90,30,89,0.0024916084948927164,0.0019073450239375234
mlp_1x100_relu,90,30,90,0.0025150252040475607,0.0018657698528841138
mlp_1x100_relu,90,30,91,0.0025273936334997416,0.0019347603665664792
mlp_1x100_relu,90,30,92,0.002477500354871154,0.00186149962246418
mlp_1x100_relu,90,30,93,0.0024688502307981253,0.0019100350327789783
mlp_1x100_relu,90,30,94,0.0025111380964517593,0.0018975005950778723
mlp_1x100_relu,90,30,95,0.002505107084289193,0.0018995926948264241
mlp_1x100_relu,90,30,96,0.0024825274012982845,0.0018782889237627387
mlp_1x100_relu,90,30,97,0.0024695044849067926,0.0018675201572477818
mlp_1x100_relu,90,30,98,0.002514027990400791,0.0018525444902479649
mlp_1x100_relu,90,30,99,0.002516991226002574,0.0019173149485141039
mlp_1x100_relu,90,30,100,0.002532509621232748,0.0019440626492723823
mlp_1x100_relu,90,30,101,0.0025098356418311596,0.0018868388142436743
mlp_1x100_relu,90,30,102,0.0024764426052570343,0.0018934716936200857
mlp_1x100_relu,90,30,103,0.002543042879551649,0.0018807174637913704
mlp_1x100_relu,90,30,104,0.0024998316075652838,0.0018231841968372464
mlp_1x100_relu,90,30,105,0.0024591388646513224,0.0018803132697939873
mlp_1x100_relu,90,30,106,0.0024883029982447624,0.0018561314791440964
mlp_1x100_relu,90,30,107,0.002462795004248619,0.0018769674934446812
mlp_1x100_relu,90,30,108,0.0025287428870797157,0.001991988392546773
mlp_1x100_relu,90,30,109,0.002590097952634096,0.0019321053987368941
mlp_1x100_relu,90,30,110,0.002537985099479556,0.0018708169227465987
mlp_1x100_relu,90,30,111,0.002522544004023075,0.001873900182545185
mlp_1x100_relu,90,30,112,0.0025165975093841553,0.0018596660811454058
mlp_1x100_relu,90,30,113,0.002509002573788166,0.0018704159883782268
mlp_1x100_relu,90,30,114,0.0024512053932994604,0.0018913213862106204
mlp_1x100_relu,90,30,115,0.0025554730091243982,0.001991483848541975
mlp_1x100_relu,90,30,116,0.00252577755600214,0.0018450955394655466
mlp_1x100_relu,90,30,117,0.002438601339235902,0.0018434346420690417
mlp_1x100_relu,90,30,118,0.0024605928920209408,0.0018577707232907414
mlp_1x100_relu,90,30,119,0.0025052400305867195,0.001847328501753509
mlp_1x100_relu,90,30,120,0.002470416249707341,0.0018242342630401254
mlp_1x100_relu,90,30,121,0.0024508843198418617,0.0018606494413688779
mlp_1x100_relu,90,30,122,0.002524216426536441,0.001979239284992218
mlp_1x100_relu,90,30,123,0.002712610177695751,0.001935465494170785
mlp_1x100_relu,90,30,124,0.0025474431458860636,0.0018518798751756549
mlp_1x100_relu,90,30,125,0.002561232540756464,0.0018460698192939162
mlp_1x100_relu,90,30,126,0.0025361930020153522,0.001898482209071517
mlp_1x100_relu,90,30,127,0.002535283099859953,0.001894352724775672
mlp_1x100_relu,90,30,128,0.0025280406698584557,0.0018888256745412946
mlp_1x100_relu,90,30,129,0.0024968814104795456,0.0018517186399549246
mlp_1x100_relu,90,30,130,0.002509031444787979,0.0018500133883208036
mlp_1x100_relu,90,30,131,0.002473390894010663,0.0018413885263726115
mlp_1x100_relu,90,30,132,0.0024466386530548334,0.0018407755997031927
mlp_1x100_relu,90,30,133,0.0024860769044607878,0.0018675093306228518
mlp_1x100_relu,90,30,134,0.0024790011812001467,0.0018346892902627587
mlp_1x100_relu,90,30,135,0.0024528042413294315,0.0018601202173158526
mlp_1x100_relu,90,30,136,0.002507550409063697,0.0018418036634102464
mlp_1x100_relu,90,30,137,0.002495341468602419,0.0018594557186588645
mlp_1x100_relu,90,30,138,0.0025648584123700857,0.0018760234815999866
mlp_1x100_relu,90,30,139,0.002500393195077777,0.0018687773263081908
mlp_1x100_relu,90,30,140,0.00253202929161489,0.0018621799536049366
mlp_1x100_relu,90,30,141,0.002518226159736514,0.0018668432021513581
mlp_1x100_relu,90,30,142,0.0025786254554986954,0.0019002972403541207
mlp_1x100_relu,90,30,143,0.0025363266468048096,0.0018423314904794097
mlp_1x100_relu,90,30,144,0.002501606708392501,0.0018915067194029689
mlp_1x100_relu,90,30,145,0.0025879598688334227,0.0018644036026671529
mlp_1x100_relu,90,30,146,0.0025625552516430616,0.001867525978013873
mlp_1x100_relu,90,30,147,0.002457258990034461,0.0018412499921396375
mlp_1x100_relu,90,30,148,0.0023983765859156847,0.0018149736570194364
mlp_1x100_relu,90,30,149,0.0023930701427161694,0.0018202851060777903
mlp_1x100_relu,90,30,150,0.0024923088494688272,0.0018539547454565763
mlp_1x100_relu,90,30,151,0.0024463122244924307,0.0018134498968720436
mlp_1x100_relu,90,30,152,0.002400247845798731,0.0018077018903568387
mlp_1x100_relu,90,30,153,0.002363688312470913,0.0018131858669221401
mlp_1x100_relu,90,30,154,0.002374832984060049,0.0018198114121332765
mlp_1x100_relu,90,30,155,0.002408539643511176,0.001813811482861638
mlp_1x100_relu,90,30,156,0.00242294417694211,0.0018182967323809862
mlp_1x100_relu,90,30,157,0.002372845308855176,0.0018212844152003527
mlp_1x100_relu,90,30,158,0.0024024024605751038,0.0018195871962234378
mlp_1x100_relu,90,30,159,0.002497811568900943,0.0018558775773271918
mlp_1x100_relu,90,30,160,0.0025016802828758955,0.00185103970579803
mlp_1x100_relu,90,30,161,0.002428051084280014,0.0019264348084107041
mlp_1x100_relu,90,30,162,0.002466953592374921,0.0018458435079082847
mlp_1x100_relu,90,30,163,0.002370870904996991,0.0018262644298374653
mlp_1x100_relu,90,30,164,0.0023476334754377604,0.001818167045712471
mlp_1x100_relu,90,30,165,0.002422836609184742,0.00204464141279459
mlp_1x100_relu,90,30,166,0.0025209328159689903,0.0019253429491072893
mlp_1x100_relu,90,30,167,0.002546733245253563,0.001925820019096136
mlp_1x100_relu,90,30,168,0.0024562079925090075,0.0018506916239857674
mlp_1x100_relu,90,30,169,0.002393054775893688,0.0018277260242030025
mlp_1x100_relu,90,30,170,0.002377755008637905,0.0018096729181706905
mlp_1x100_relu,90,30,171,0.0023665546905249357,0.0018402134301140904
mlp_1x100_relu,90,30,172,0.002394208451732993,0.001821419456973672
mlp_1x100_relu,90,30,173,0.002347358036786318,0.0018373749917373061
mlp_1x100_relu,90,30,174,0.002336366567760706,0.0018172633135691285
mlp_1x100_relu,90,30,175,0.002343213651329279,0.0018238467164337635
mlp_1x100_relu,90,30,176,0.00232407683506608,0.001806476153433323
mlp_1x100_relu,90,30,177,0.0023106331937015057,0.00181012658867985
mlp_1x100_relu,90,30,178,0.002339668106287718,0.0018380038673058152
mlp_1x100_relu,90,30,179,0.0023863213136792183,0.0018124326597899199
mlp_1x100_relu,90,30,180,0.002388981869444251,0.001827129046432674
mlp_1x100_relu,90,30,181,0.0023916340433061123,0.0017979915719479322
mlp_1x100_relu,90,30,182,0.002361650811508298,0.001822984078899026
mlp_1x100_relu,90,30,183,0.0023693908005952835,0.0018000436248257756
mlp_1x100_relu,90,30,184,0.0023000200744718313,0.0018045564647763968
mlp_1x100_relu,90,30,185,0.0023022994864732027,0.0018066386692225933
mlp_1x100_relu,90,30,186,0.0023119535762816668,0.0018115027341991663
mlp_1x100_relu,90,30,187,0.0023232523817569017,0.0018104508053511381
mlp_1x100_relu,90,30,188,0.002315457910299301,0.0017961789853870869
mlp_1x100_relu,90,30,189,0.0023524798452854156,0.0018010159255936742
mlp_1x100_relu,90,30,190,0.002351572969928384,0.0018152750562876463
mlp_1x100_relu,90,30,191,0.0023269702214747667,0.0018012681975960732
mlp_1x100_relu,90,30,192,0.0023148194886744022,0.001797449542209506
mlp_1x100_relu,90,30,193,0.0023251716047525406,0.0018028608756139874
mlp_1x100_relu,90,30,194,0.002299566986039281,0.0017984667792916298
mlp_1x100_relu,90,30,195,0.0023053563199937344,0.0018057276029139757
mlp_1x100_relu,90,30,196,0.0023106287699192762,0.0017976697999984026
mlp_1x100_relu,90,30,197,0.0023202861193567514,0.0017976866802200675
mlp_1x100_relu,90,30,198,0.0023198656272143126,0.0017990906490013003
mlp_1x100_relu,90,30,199,0.0023005090188235044,0.001796444645151496
mlp_1x100_relu,90,30,200,0.00230931187979877,0.0017970207845792174
mlp_1x100_relu,90,30,201,0.002319490071386099,0.0017985468730330467
mlp_1x100_relu,90,30,202,0.0023199436254799366,0.0017944048158824444
mlp_1x100_relu,90,30,203,0.002322151092812419,0.001804815256036818
mlp_1x100_relu,90,30,204,0.002299562795087695,0.0017957219388335943
mlp_1x100_relu,90,30,205,0.00229183048941195,0.0017985564190894365
mlp_1x100_relu,90,30,206,0.002307495567947626,0.0018000896088778973
mlp_1x100_relu,90,30,207,0.0023243906907737255,0.0017990900669246912
mlp_1x100_relu,90,30,208,0.002324765082448721,0.001795660937204957
mlp_1x100_relu,90,30,209,0.002297833561897278,0.001796028227545321
mlp_1x100_relu,90,30,210,0.0022868874948471785,0.0017967945896089077
mlp_1x100_relu,90,30,211,0.00229417416267097,0.001799398916773498
mlp_1x100_relu,90,30,212,0.0023162174038589,0.0017950801411643624
mlp_1x100_relu,90,30,213,0.0022983807139098644,0.0017975595546886325
mlp_1x100_relu,90,30,214,0.002295871963724494,0.0017998556140810251
mlp_1x100_relu,90,30,215,0.002300478518009186,0.0017970924964174628
mlp_1x100_relu,90,30,216,0.0022902139462530613,0.0017940113320946693
mlp_1x100_relu,90,30,217,0.0022901359479874372,0.0018199144396930933
mlp_1x100_relu,90,30,218,0.0023240135051310062,0.0018110451055690646
mlp_1x100_relu,90,30,219,0.0022952428553253412,0.0017945218132808805
mlp_1x100_relu,90,30,220,0.002286382718011737,0.0017947729211300611
mlp_1x100_relu,90,30,221,0.0022867689840495586,0.0017938418313860893
mlp_1x100_relu,90,30,222,0.0022865748032927513,0.0017940658144652843
mlp_1x100_relu,90,30,223,0.002285316586494446,0.0017966667655855417
mlp_1x100_relu,90,30,224,0.0022847142536193132,0.0017955030780285597
mlp_1x100_relu,90,30,225,0.0022847282234579325,0.0017969751497730613
mlp_1x100_relu,90,30,226,0.002285120077431202,0.0017960132099688053
mlp_1x100_relu,90,30,227,0.0022858534939587116,0.0017957469681277871
mlp_1x100_relu,90,30,228,0.0022855144925415516,0.0017960547702386975
mlp_1x100_relu,90,30,229,0.002286642324179411,0.001795465126633644
mlp_1x100_relu,90,30,230,0.002285527065396309,0.0017973160138353705
mlp_1x100_relu,90,30,231,0.002286122413352132,0.001795868738554418
mlp_1x100_relu,90,30,232,0.0022851962130516768,0.0017945311265066266
mlp_1x100_relu,90,30,233,0.0022856106515973806,0.001795590971596539
mlp_1x100_relu,90,30,234,0.0022858288139104843,0.0017981500132009387
mlp_1x100_relu,90,30,235,0.0022860572207719088,0.0017983473371714354
mlp_1x100_relu,90,30,236,0.002285931259393692,0.0017972539644688368
mlp_1x100_relu,90,30,237,0.0022859505843371153,0.0017988141626119614
mlp_1x100_relu,90,30,238,0.002285644179210067,0.0017977728275582194
mlp_1x100_relu,90,30,239,0.0022861177567392588,0.0017976827220991254
mlp_1x100_relu,90,30,240,0.0022856148425489664,0.00179780344478786
mlp_1x100_relu,90,30,241,0.002285374328494072,0.0017982091521844268
mlp_1x100_relu,90,30,242,0.002286212518811226,0.0017976721283048391
mlp_1x100_relu,90,30,243,0.0022858239244669676,0.0017975467490032315
mlp_1x100_relu,90,30,244,0.0022859121672809124,0.0017975099617615342
mlp_1x100_relu,90,30,245,0.0022857000585645437,0.0017968592001125216
mlp_1x100_relu,90,30,246,0.0022857789881527424,0.0017970819026231766
mlp_1x100_relu,90,30,247,0.00228613312356174,0.0017980312695726752
mlp_1x100_relu,90,30,248,0.002286305883899331,0.0017980362754315138
mlp_1x100_relu,90,30,249,0.0022861019242554903,0.0017983593279495835
mlp_1x100_relu,90,30,250,0.002285647438839078,0.0017977800453081727
mlp_1x100_relu,90,30,251,0.0022860050667077303,0.0017965303268283606
mlp_1x100_relu,90,30,252,0.0022855110000818968,0.0017977685201913118
mlp_1x100_relu,90,30,253,0.002285856520757079,0.001798270270228386
mlp_1x100_relu,90,30,254,0.0022855252027511597,0.0017969053005799651
mlp_1x100_relu,90,30,255,0.002286100760102272,0.0017982643330469728
mlp_1x100_relu,90,30,256,0.0022858513984829187,0.001796674681827426
mlp_1x100_relu,90,30,257,0.002286050468683243,0.0017978046089410782
mlp_1x100_relu,90,30,258,0.0022858825977891684,0.0017979913391172886
mlp_1x100_relu,90,30,259,0.0022861764300614595,0.0017986618913710117
mlp_1x100_relu,90,30,260,0.002285956870764494,0.0017965281149372458
mlp_1x100_relu,90,30,261,0.0022857554722577333,0.0017971097258850932
mlp_1x100_relu,90,30,262,0.0022853210102766752,0.001797261880710721
mlp_1x100_relu,90,30,263,0.002285867929458618,0.00179721275344491
mlp_1x100_relu,90,30,264,0.0022858474403619766,0.0017979260301217437
mlp_1x100_relu,90,30,265,0.002285952679812908,0.0017982139252126217
mlp_1x100_relu,90,30,266,0.002285695169121027,0.0017967906314879656
mlp_1x100_relu,90,30,267,0.002285519614815712,0.0017972794594243169
mlp_1x100_relu,90,30,268,0.002286024857312441,0.0017970390617847443
mlp_1x100_relu,90,30,269,0.002285764319822192,0.0017970631597563624
mlp_1x100_relu,90,30,270,0.00228559086099267,0.0017966348677873611
mlp_1x100_relu,90,30,271,0.0022858448792248964,0.0017972929636016488
mlp_1x100_relu,90,30,272,0.00228608725592494,0.001797961420379579
mlp_1x100_relu,90,30,273,0.0022859335877001286,0.0017974837683141232
mlp_1x100_relu,90,30,274,0.002285701921209693,0.0017983029829338193
mlp_1x100_relu,90,30,275,0.002285756403580308,0.0017976169474422932
mlp_1x100_relu,90,30,276,0.0022861259058117867,0.0017973202047869563
mlp_1x100_relu,90,30,277,0.0022857689764350653,0.001797623815946281
mlp_1x100_relu,90,30,278,0.002285908441990614,0.0017972624627873302
mlp_1x100_relu,90,30,279,0.002285494701936841,0.0017973933136090636
mlp_1x100_relu,90,30,280,0.0022858025040477514,0.0017968950560316443
mlp_1x100_relu,90,30,281,0.0022857601288706064,0.0017980372067540884
mlp_1x100_relu,90,30,282,0.0022859806194901466,0.0017985187005251646
mlp_1x100_relu,90,30,283,0.002285753609612584,0.0017988658510148525
mlp_1x100_relu,90,30,284,0.002285867230966687,0.0017975541995838284
mlp_1x100_relu,90,30,285,0.0022860027384012938,0.001798741752281785
mlp_1x100_relu,90,30,286,0.002286226488649845,0.0017978890100494027
mlp_1x100_relu,90,30,287,0.002286066533997655,0.0017972992500290275
mlp_1x100_relu,90,30,288,0.002285900991410017,0.0017976672388613224
mlp_1x100_relu,90,30,289,0.0022856465075165033,0.0017986673628911376
mlp_1x100_relu,90,30,290,0.0022859997116029263,0.0017977537354454398
mlp_1x100_relu,90,30,291,0.0022859538439661264,0.0017974084476009011
mlp_1x100_relu,90,30,292,0.00228584511205554,0.0017986278980970383
mlp_1x100_relu,90,30,293,0.0022854951675981283,0.0017974876100197434
mlp_1x100_relu,90,30,294,0.0022854874841868877,0.001797884819097817
mlp_1x100_relu,90,30,295,0.0022856052964925766,0.0017970158951357007
mlp_1x100_relu,90,30,296,0.002286019269376993,0.0017966970335692167
mlp_1x100_relu,90,30,297,0.002285620430484414,0.0017978589748963714
mlp_1x100_relu,90,30,298,0.0022857957519590855,0.001797954668290913
mlp_1x100_relu,90,30,299,0.0022860094904899597,0.0017980372067540884
mlp_1x100_relu,90,30,300,0.0022862288169562817,0.0017975225346162915
mlp_1x100_relu,90,30,301,0.0022857901640236378,0.001798046287149191
mlp_1x100_relu,90,30,302,0.0022858900483697653,0.001798533252440393
mlp_1x100_relu,90,30,303,0.0022857363801449537,0.001796664553694427
mlp_1x100_relu,90,30,304,0.0022860465105623007,0.0017974853981286287
mlp_1x100_relu,90,30,305,0.002285795286297798,0.0017973734065890312
mlp_1x100_relu,90,30,306,0.0022858805023133755,0.0017965947045013309
mlp_1x100_relu,90,30,307,0.0022852574475109577,0.001797705888748169
mlp_1x100_relu,90,30,308,0.002286067930981517,0.0017978413961827755
mlp_1x100_relu,90,30,309,0.002285633934661746,0.001797822187654674
mlp_1x100_relu,90,30,310,0.0022857184521853924,0.0017967865569517016
mlp_1x100_relu,90,30,311,0.0022856101859360933,0.0017974840011447668
mlp_1x100_relu,90,30,312,0.0022860278841108084,0.0017976633971557021
mlp_1x100_relu,90,30,313,0.0022862583864480257,0.0017978819087147713
mlp_1x100_relu,90,30,314,0.002285689814016223,0.0017978503601625562
mlp_1x100_relu,90,30,315,0.002285779919475317,0.0017984517617151141
mlp_1x100_relu,90,30,316,0.0022858651354908943,0.001797147560864687
mlp_1x100_relu,90,30,317,0.002285691909492016,0.0017984636360779405
mlp_1x100_relu,90,30,318,0.002285937312990427,0.001797838369384408
mlp_1x100_relu,90,30,319,0.0022861361503601074,0.0017982679419219494
mlp_1x100_relu,90,30,320,0.0022861764300614595,0.0017973388312384486
mlp_1x100_relu,90,30,321,0.0022860970348119736,0.0017969041364267468
mlp_1x100_relu,90,30,322,0.0022858036682009697,0.0017986421007663012
mlp_1x100_relu,90,30,323,0.0022856409195810556,0.0017974786460399628
mlp_1x100_relu,90,30,324,0.002285771304741502,0.0017977813258767128
mlp_1x100_relu,90,30,325,0.0022856469731777906,0.0017964226426556706
mlp_1x100_relu,90,30,326,0.002285550581291318,0.0017974083311855793
mlp_1x100_relu,90,30,327,0.0022859550081193447,0.0017971019260585308
mlp_1x100_relu,90,30,328,0.0022863629274070263,0.0017981167184188962
mlp_1x100_relu,90,30,329,0.002285920549184084,0.0017981005366891623
mlp_1x100_relu,90,30,330,0.0022860984317958355,0.0017974409274756908
mlp_1x100_relu,90,30,331,0.0022856981959193945,0.0017975523369386792
mlp_1x100_relu,90,30,332,0.002285464433953166,0.0017965451115742326
mlp_1x100_relu,90,30,333,0.002285509370267391,0.0017977432580664754
mlp_1x100_relu,90,30,334,0.002285734983161092,0.001797432778403163
mlp_1x100_relu,90,30,335,0.002285866066813469,0.0017989138141274452
mlp_1x100_relu,90,30,336,0.0022859624586999416,0.0017970576882362366
mlp_1x100_relu,90,30,337,0.002286090748384595,0.0017979602562263608
mlp_1x100_relu,90,30,338,0.0022858227603137493,0.001798367127776146
mlp_1x100_relu,90,30,339,0.0022859424352645874,0.001799110439606011
mlp_1x100_relu,90,30,340,0.002286305883899331,0.001797584118321538
mlp_1x100_relu,90,30,341,0.002285962924361229,0.0017975770169869065
mlp_1x100_relu,90,30,342,0.0022858751472085714,0.0017973817884922028
mlp_1x100_relu,90,30,343,0.0022858036682009697,0.0017961245030164719
mlp_1x100_relu,90,30,344,0.0022856523282825947,0.0017965551232919097
mlp_1x100_relu,90,30,345,0.0022855971474200487,0.0017967778258025646
mlp_1x100_relu,90,30,346,0.002286000642925501,0.0017963281134143472
mlp_1x100_relu,90,30,347,0.002285504015162587,0.001798515091650188
mlp_1x100_relu,90,30,348,0.002285712631419301,0.0017976915696635842
mlp_1x100_relu,90,30,349,0.0022858225274831057,0.0017975324299186468
mlp_1x100_relu,90,30,350,0.002285697963088751,0.0017982603749260306
mlp_1x100_relu,90,30,351,0.0022859072778373957,0.0017981728306040168
mlp_1x100_relu,90,30,352,0.002286061644554138,0.0017982303397729993
mlp_1x100_relu,90,30,353,0.0022857002913951874,0.001797862583771348
mlp_1x100_relu,90,30,354,0.002286089351400733,0.0017977035604417324
mlp_1x100_relu,90,30,355,0.0022859754972159863,0.0017980656120926142
mlp_1x100_relu,90,30,356,0.0022858523298054934,0.0017971053021028638
mlp_1x100_relu,90,30,357,0.00228592730127275,0.001797284814529121
mlp_1x100_relu,90,30,358,0.0022857303265482187,0.0017973356880247593
mlp_1x100_relu,90,30,359,0.0022859706077724695,0.0017972030909731984
mlp_1x100_relu,90,30,360,0.002286118920892477,0.00179803348146379
mlp_1x100_relu,90,30,361,0.002286250237375498,0.0017981065902858973
mlp_1x100_relu,90,30,362,0.0022859175223857164,0.0017977337120100856
mlp_1x100_relu,90,30,363,0.0022856511641293764,0.001795963034965098
mlp_1x100_relu,90,30,364,0.002285714028403163,0.001796665950678289
mlp_1x100_relu,90,30,365,0.0022855959832668304,0.0017971436027437449
mlp_1x100_relu,90,30,366,0.0022856388241052628,0.0017983976285904646
mlp_1x100_relu,90,30,367,0.002286187605932355,0.0017985774902626872
mlp_1x100_relu,90,30,368,0.002285880735144019,0.0017977887764573097
mlp_1x100_relu,90,30,369,0.0022859666496515274,0.0017980465199798346
mlp_1x100_relu,90,30,370,0.002286483533680439,0.0017976192757487297
mlp_1x100_relu,90,30,371,0.0022858059965074062,0.0017974651418626308
mlp_1x100_relu,90,30,372,0.0022859270684421062,0.0017980200937017798
mlp_1x100_relu,90,30,373,0.0022851855028420687,0.001796762109734118
mlp_1x100_relu,90,30,374,0.0022860951721668243,0.0017981089185923338
mlp_1x100_relu,90,30,375,0.002285945462062955,0.00179792451672256
mlp_1x100_relu,90,30,376,0.002286165254190564,0.001798150478862226
mlp_1x100_relu,90,30,377,0.0022861389443278313,0.0017974348738789558
mlp_1x100_relu,90,30,378,0.00228561251424253,0.0017974138027057052
mlp_1x100_relu,90,30,379,0.0022858711890876293,0.0017977430252358317
mlp_1x100_relu,90,30,380,0.00228570937179029,0.0017972650239244103
mlp_1x100_relu,90,30,381,0.002285559196025133,0.001797245698980987
mlp_1x100_relu,90,30,382,0.0022861198522150517,0.0017970037879422307
mlp_1x100_relu,90,30,383,0.0022862409241497517,0.0017981091514229774
mlp_1x100_relu,90,30,384,0.0022858018055558205,0.0017974452348425984
mlp_1x100_relu,90,30,385,0.002285947324708104,0.0017982542049139738
mlp_1x100_relu,90,30,386,0.0022861300967633724,0.0017985590966418386
mlp_1x100_relu,90,30,387,0.0022859901655465364,0.0017982878489419818
mlp_1x100_relu,90,30,388,0.002286231843754649,0.0017980721313506365
mlp_1x100_relu,90,30,389,0.002285584807395935,0.0017962444107979536
mlp_1x100_relu,90,30,390,0.002285656053572893,0.0017983405850827694
mlp_1x100_relu,90,30,391,0.002286184811964631,0.0017985880840569735
mlp_1x100_relu,90,30,392,0.0022860136814415455,0.0017992394277825952
mlp_1x100_relu,90,30,393,0.002286122879013419,0.0017980256816372275
mlp_1x100_relu,90,30,394,0.0022859303280711174,0.0017980397678911686
mlp_1x100_relu,90,30,395,0.0022859878372401,0.0017983787693083286
mlp_1x100_relu,90,30,396,0.0022860995959490538,0.0017983460566028953
mlp_1x100_relu,90,30,397,0.0022861056495457888,0.0017979455878958106
mlp_1x100_relu,90,30,398,0.0022862853948026896,0.0017983777215704322
mlp_1x100_relu,90,30,399,0.002285414608195424,0.0017978075193241239
mlp_1x100_relu,90,30,400,0.0022860399913042784,0.0017985774902626872
mlp_1x100_relu,90,30,401,0.0022862551268190145,0.001798788900487125
mlp_1x100_relu,90,30,402,0.0022859377786517143,0.0017990078777074814
mlp_1x100_relu,90,30,403,0.0022855023853480816,0.0017970107728615403
mlp_1x100_relu,90,30,404,0.002285755006596446,0.0017967014573514462
mlp_1x100_relu,90,30,405,0.0022855447605252266,0.0017966855084523559
mlp_1x100_relu,90,30,406,0.0022856651339679956,0.0017972945934161544
mlp_1x100_relu,90,30,407,0.0022858812008053064,0.0017982488498091698
mlp_1x100_relu,90,30,408,0.002285880735144019,0.0017973328940570354
mlp_1x100_relu,90,30,409,0.002285742899402976,0.0017970527987927198
mlp_1x100_relu,90,30,410,0.0022858786396682262,0.0017978593241423368
mlp_1x100_relu,90,30,411,0.002285700524225831,0.0017977675888687372
mlp_1x100_relu,90,30,412,0.002285748952999711,0.0017982401186600327
mlp_1x100_relu,90,30,413,0.0022860225290060043,0.0017970734043046832
mlp_1x100_relu,90,30,414,0.0022863615304231644,0.001799014862626791
mlp_1x100_relu,90,30,415,0.00228568515740335,0.001798697980120778
mlp_1x100_relu,90,30,416,0.0022861238103359938,0.0017980033298954368
mlp_1x100_relu,90,30,417,0.002285982947796583,0.001799070625565946
mlp_1x100_relu,90,30,418,0.002286253497004509,0.0017980553675442934
mlp_1x100_relu,90,30,419,0.0022863128688186407,0.0017964993603527546
mlp_1x100_relu,90,30,420,0.0022858933079987764,0.0017982497811317444
mlp_1x100_relu,90,30,421,0.0022857454605400562,0.0017979502445086837
mlp_1x100_relu,90,30,422,0.002285634633153677,0.0017974444199353456
mlp_1x100_relu,90,30,423,0.0022860600147396326,0.0017969863256439567
mlp_1x100_relu,90,30,424,0.002285814145579934,0.0017969803884625435
mlp_1x100_relu,90,30,425,0.002285505412146449,0.0017966909799724817
mlp_1x100_relu,90,30,426,0.002286032307893038,0.0017982322024181485
mlp_1x100_relu,90,30,427,0.0022856402210891247,0.001798208337277174
mlp_1x100_relu,90,30,428,0.002286118920892477,0.0017976554809138179
mlp_1x100_relu,90,30,429,0.0022860688623040915,0.00179844640661031
mlp_1x100_relu,90,30,430,0.0022858118172734976,0.0017975466325879097
mlp_1x100_relu,90,30,431,0.0022858763113617897,0.0017975674709305167
mlp_1x100_relu,90,30,432,0.0022859361488372087,0.0017967164749279618
mlp_1x100_relu,90,30,433,0.0022857915610074997,0.0017973538488149643
mlp_1x100_relu,90,30,434,0.002285689115524292,0.0017969977343454957
mlp_1x100_relu,90,30,435,0.0022855070419609547,0.0017970119370147586
mlp_1x100_relu,90,30,436,0.0022856551222503185,0.0017968275351449847
mlp_1x100_relu,90,30,437,0.002285976894199848,0.0017979645635932684
mlp_1x100_relu,90,30,438,0.002286014147102833,0.0017983968136832118
mlp_1x100_relu,90,30,439,0.002285826951265335,0.001797590753994882
mlp_1x100_relu,90,30,440,0.002286239992827177,0.00179890519939363
mlp_1x100_relu,90,30,441,0.002285909140482545,0.0017971016932278872
mlp_1x100_relu,90,30,442,0.0022858597803860903,0.0017976288218051195
mlp_1x100_relu,90,30,443,0.0022858306765556335,0.0017979692202061415
mlp_1x100_relu,90,30,444,0.0022857794538140297,0.001797168399207294
mlp_1x100_relu,90,30,445,0.0022853934206068516,0.0017975301016122103
mlp_1x100_relu,90,30,446,0.0022859731689095497,0.001797606237232685
mlp_1x100_relu,90,30,447,0.002285964787006378,0.001797078992240131
mlp_1x100_relu,90,30,448,0.0022857484873384237,0.0017963368445634842
mlp_1x100_relu,90,30,449,0.002285701222717762,0.0017986592138186097
mlp_1x100_relu,90,30,450,0.002285837195813656,0.0017979474505409598
mlp_1x100_relu,90,30,451,0.0022857629228383303,0.001796984113752842
mlp_1x100_relu,90,30,452,0.0022857554722577333,0.0017977749230340123
mlp_1x100_relu,90,30,453,0.0022860902827233076,0.0017981631681323051
mlp_1x100_relu,90,30,454,0.0022858241572976112,0.001797789242118597
mlp_1x100_relu,90,30,455,0.0022857843432575464,0.0017971508204936981
mlp_1x100_relu,90,30,456,0.002285698661580682,0.0017986185848712921
mlp_1x100_relu,90,30,457,0.002285816241055727,0.0017988261533901095
mlp_1x100_relu,90,30,458,0.0022855212446302176,0.0017973744543269277
mlp_1x100_relu,90,30,459,0.0022857305593788624,0.0017975762020796537
mlp_1x100_relu,90,30,460,0.0022857412695884705,0.0017976285889744759
mlp_1x100_relu,90,30,461,0.0022855671122670174,0.0017974412767216563
mlp_1x100_relu,90,30,462,0.0022854774724692106,0.0017973602516576648
mlp_1x100_relu,90,30,463,0.0022860588505864143,0.0017971686320379376
mlp_1x100_relu,90,30,464,0.0022859987802803516,0.00179730961099267
mlp_1x100_relu,90,30,465,0.0022859906312078238,0.0017983069410547614
mlp_1x100_relu,90,30,466,0.002285637892782688,0.0017982727149501443
mlp_1x100_relu,90,30,467,0.0022853303235024214,0.001796850934624672
mlp_1x100_relu,90,30,468,0.0022860236931592226,0.0017974245129153132
mlp_1x100_relu,90,30,469,0.002285461639985442,0.0017971568740904331
mlp_1x100_relu,90,30,470,0.002285489346832037,0.0017964399885386229
mlp_1x100_relu,90,30,471,0.002285597613081336,0.0017992017092183232
mlp_1x100_relu,90,30,472,0.0022863750346004963,0.0017977890092879534
mlp_1x100_relu,90,30,473,0.002286055590957403,0.0017962713027372956
mlp_1x100_relu,90,30,474,0.002285929396748543,0.0017991915810853243
mlp_1x100_relu,90,30,475,0.0022858018055558205,0.0017969553591683507
mlp_1x100_relu,90,30,476,0.002285758964717388,0.0017984532751142979
mlp_1x100_relu,90,30,477,0.0022859435994178057,0.001797560602426529
mlp_1x100_relu,90,30,478,0.002285635331645608,0.0017975778318941593
mlp_1x100_relu,90,30,479,0.0022858029697090387,0.0017964229919016361
mlp_1x100_relu,90,30,480,0.0022855468560010195,0.001797458273358643
mlp_1x100_relu,90,30,481,0.0022859221789985895,0.0017964427825063467
mlp_1x100_relu,90,30,482,0.0022857210133224726,0.0017977894749492407
mlp_1x100_relu,90,30,483,0.0022860774770379066,0.00179836037568748
mlp_1x100_relu,90,30,484,0.0022858809679746628,0.0017970976186916232
mlp_1x100_relu,90,30,485,0.002285500057041645,0.0017969311447814107
mlp_1x100_relu,90,30,486,0.0022856653667986393,0.0017978620016947389
mlp_1x100_relu,90,30,487,0.0022857736330479383,0.001797065488062799
mlp_1x100_relu,90,30,488,0.002285558730363846,0.001796824624761939
mlp_1x100_relu,90,30,489,0.0022857384756207466,0.0017981601413339376
mlp_1x100_relu,90,30,490,0.002286074683070183,0.0017976427916437387
mlp_1x100_relu,90,30,491,0.0022858537267893553,0.0017973518697544932
mlp_1x100_relu,90,30,492,0.0022856928408145905,0.0017967517487704754
mlp_1x100_relu,90,30,493,0.0022857729345560074,0.0017976495437324047
mlp_1x100_relu,90,30,494,0.002285693073645234,0.0017973287031054497
mlp_1x100_relu,90,30,495,0.0022859075106680393,0.0017986195161938667
mlp_1x100_relu,90,30,496,0.002286058384925127,0.0017970144981518388
mlp_1x100_relu,90,30,497,0.0022857068106532097,0.0017974134534597397
mlp_1x100_relu,90,30,498,0.002285685623064637,0.001797727309167385
mlp_1x100_relu,90,30,499,0.0022859510499984026,0.0017974161310121417
mlp_1x100_relu,90,30,500,0.00228595407679677,0.0017982091521844268
mlp_1x100_relu,90,90,1,0.5229282975196838,0.25337180495262146
mlp_1x100_relu,90,90,2,0.22056938707828522,0.14198410511016846
mlp_1x100_relu,90,90,3,0.11135310679674149,0.07829561829566956
mlp_1x100_relu,90,90,4,0.05137142539024353,0.03469526022672653
mlp_1x100_relu,90,90,5,0.018514221534132957,0.012206160463392735
mlp_1x100_relu,90,90,6,0.006808141246438026,0.005027141887694597
mlp_1x100_relu,90,90,7,0.004804729018360376,0.004174035042524338
mlp_1x100_relu,90,90,8,0.004224559757858515,0.0036698628682643175
mlp_1x100_relu,90,90,9,0.0040552509017288685,0.0031497369054704905
mlp_1x100_relu,90,90,10,0.003783578285947442,0.0032496443018317223
mlp_1x100_relu,90,90,11,0.0036468864418566227,0.002665800740942359
mlp_1x100_relu,90,90,12,0.0035291342064738274,0.0029179363045841455
mlp_1x100_relu,90,90,13,0.0036746410187333822,0.003176742000505328
mlp_1x100_relu,90,90,14,0.0036145937629044056,0.0029389671981334686
mlp_1x100_relu,90,90,15,0.0033552926033735275,0.00257318839430809
mlp_1x100_relu,90,90,16,0.00359745672903955,0.0034398676361888647
mlp_1x100_relu,90,90,17,0.0035246037878096104,0.0028801648877561092
mlp_1x100_relu,90,90,18,0.0030809035524725914,0.0030647951643913984
mlp_1x100_relu,90,90,19,0.003483803942799568,0.004192037507891655
mlp_1x100_relu,90,90,20,0.0032079387456178665,0.0030574887059628963
mlp_1x100_relu,90,90,21,0.003121347865089774,0.004152379930019379
mlp_1x100_relu,90,90,22,0.0034511899575591087,0.004072010982781649
mlp_1x100_relu,90,90,23,0.0030836218502372503,0.004358280915766954
mlp_1x100_relu,90,90,24,0.003310420783236623,0.004118514712899923
mlp_1x100_relu,90,90,25,0.003317635739222169,0.005106849130243063
mlp_1x100_relu,90,90,26,0.0033683485817164183,0.005031999666243792
mlp_1x100_relu,90,90,27,0.0029897172935307026,0.0032114156056195498
mlp_1x100_relu,90,90,28,0.00280808680690825,0.0034631218295544386
mlp_1x100_relu,90,90,29,0.002858731197193265,0.003004702739417553
mlp_1x100_relu,90,90,30,0.0026482450775802135,0.002766671823337674
mlp_1x100_relu,90,90,31,0.002776641631498933,0.0024986437056213617
mlp_1x100_relu,90,90,32,0.002964155049994588,0.0030117814894765615
mlp_1x100_relu,90,90,33,0.0021319903898984194,0.0016339593566954136
mlp_1x100_relu,90,90,34,0.0017772418214008212,0.0018295670161023736
mlp_1x100_relu,90,90,35,0.0017524620052427053,0.001898528658784926
mlp_1x100_relu,90,90,36,0.0017922392580658197,0.0014912468614056706
mlp_1x100_relu,90,90,37,0.0016522696241736412,0.0015649901470169425
mlp_1x100_relu,90,90,38,0.0015909717185422778,0.0016011998523026705
mlp_1x100_relu,90,90,39,0.001580490032210946,0.0014817812480032444
mlp_1x100_relu,90,90,40,0.0014559716219082475,0.0014576694229617715
mlp_1x100_relu,90,90,41,0.0013950280845165253,0.0013184378622099757
mlp_1x100_relu,90,90,42,0.0013231822522357106,0.0013873805291950703
mlp_1x100_relu,90,90,43,0.001364388968795538,0.001528192195110023
mlp_1x100_relu,90,90,44,0.0014333450235426426,0.0015415814705193043
mlp_1x100_relu,90,90,45,0.0014656414277851582,0.001405990682542324
mlp_1x100_relu,90,90,46,0.0014247987419366837,0.0013867851812392473
mlp_1x100_relu,90,90,47,0.001412291545420885,0.001441840548068285
mlp_1x100_relu,90,90,48,0.0014109864132478833,0.0013738900888711214
mlp_1x100_relu,90,90,49,0.0013821512693539262,0.001337885856628418
mlp_1x100_relu,90,90,50,0.0013431698316708207,0.0013209240278229117
mlp_1x100_relu,90,90,51,0.001341519644483924,0.0012879162095487118
mlp_1x100_relu,90,90,52,0.0013294685631990433,0.0013032170245423913
mlp_1x100_relu,90,90,53,0.0013269782066345215,0.001274723093956709
mlp_1x100_relu,90,90,54,0.0013368490617722273,0.0013180531095713377
mlp_1x100_relu,90,90,55,0.0013351645320653915,0.0012780880788341165
mlp_1x100_relu,90,90,56,0.0013511221623048186,0.0012856335379183292
mlp_1x100_relu,90,90,57,0.0013419869355857372,0.001286800834350288
mlp_1x100_relu,90,90,58,0.0013446056982502341,0.0012517072027549148
mlp_1x100_relu,90,90,59,0.0013561224332079291,0.0012530223466455936
mlp_1x100_relu,90,90,60,0.0013550262665376067,0.001231390400789678
mlp_1x100_relu,90,90,61,0.0013751968508586287,0.0012349949683994055
mlp_1x100_relu,90,90,62,0.0013776469277217984,0.0012138386955484748
mlp_1x100_relu,90,90,63,0.0013865828514099121,0.001201273058541119
mlp_1x100_relu,90,90,64,0.0013993768952786922,0.0012253501918166876
mlp_1x100_relu,90,90,65,0.0014112074859440327,0.0012216854374855757
mlp_1x100_relu,90,90,66,0.0014191815862432122,0.001217481098137796
mlp_1x100_relu,90,90,67,0.001410182798281312,0.001175143988803029
mlp_1x100_relu,90,90,68,0.0014393761521205306,0.0011757637839764357
mlp_1x100_relu,90,90,69,0.0014479325618594885,0.001187708810903132
mlp_1x100_relu,90,90,70,0.0014660999877378345,0.0011913252528756857
mlp_1x100_relu,90,90,71,0.0014807955594733357,0.0011989574413746595
mlp_1x100_relu,90,90,72,0.0014867503196001053,0.0011810685973614454
mlp_1x100_relu,90,90,73,0.0015040348516777158,0.0011664379853755236
mlp_1x100_relu,90,90,74,0.0014992023352533579,0.0011783482041209936
mlp_1x100_relu,90,90,75,0.0015367325395345688,0.001185272354632616
mlp_1x100_relu,90,90,76,0.0015256727347150445,0.001208093366585672
mlp_1x100_relu,90,90,77,0.0015420294366776943,0.001169955707155168
mlp_1x100_relu,90,90,78,0.0015568602830171585,0.0011964625446125865
mlp_1x100_relu,90,90,79,0.0016032870626077056,0.0011834639590233564
mlp_1x100_relu,90,90,80,0.0015790150500833988,0.0011702021583914757
mlp_1x100_relu,90,90,81,0.001581611461006105,0.0011729900725185871
mlp_1x100_relu,90,90,82,0.0016062557697296143,0.0011695465072989464
mlp_1x100_relu,90,90,83,0.0016275927191600204,0.0011757670436054468
mlp_1x100_relu,90,90,84,0.001607365906238556,0.0011943867430090904
mlp_1x100_relu,90,90,85,0.0017128187464550138,0.0012426510220393538
mlp_1x100_relu,90,90,86,0.0017378331394866109,0.001220496604219079
mlp_1x100_relu,90,90,87,0.0017284575151279569,0.0011717095039784908
mlp_1x100_relu,90,90,88,0.0017080592224374413,0.0012709371512755752
mlp_1x100_relu,90,90,89,0.0017958765383809805,0.001213089213706553
mlp_1x100_relu,90,90,90,0.0017136549577116966,0.0011794695165008307
mlp_1x100_relu,90,90,91,0.0020171834621578455,0.001512301154434681
mlp_1x100_relu,90,90,92,0.0019606156274676323,0.0012623597867786884
mlp_1x100_relu,90,90,93,0.0019582430832087994,0.0012515690177679062
mlp_1x100_relu,90,90,94,0.0017237376887351274,0.001094340579584241
mlp_1x100_relu,90,90,95,0.00159299629740417,0.001115033053793013
mlp_1x100_relu,90,90,96,0.0016446002991870046,0.0011312819551676512
mlp_1x100_relu,90,90,97,0.001613918342627585,0.0011329674161970615
mlp_1x100_relu,90,90,98,0.0016709094634279609,0.0011941492557525635
mlp_1x100_relu,90,90,99,0.001746641588397324,0.0011383622186258435
mlp_1x100_relu,90,90,100,0.001664276816882193,0.0011847157729789615
mlp_1x100_relu,90,90,101,0.0016848340164870024,0.0011234644334763288
mlp_1x100_relu,90,90,102,0.0016592168249189854,0.00111757917329669
mlp_1x100_relu,90,90,103,0.001676097046583891,0.0012530121020972729
mlp_1x100_relu,90,90,104,0.001673285965807736,0.0011551111238077283
mlp_1x100_relu,90,90,105,0.0016645631985738873,0.0011220870073884726
mlp_1x100_relu,90,90,106,0.0016630796017125249,0.0011961061973124743
mlp_1x100_relu,90,90,107,0.0016913979779928923,0.0011371198343113065
mlp_1x100_relu,90,90,108,0.0016905444208532572,0.0011153691448271275
mlp_1x100_relu,90,90,109,0.0016775379190221429,0.001191326999105513
mlp_1x100_relu,90,90,110,0.001680657034739852,0.0010777658317238092
mlp_1x100_relu,90,90,111,0.0017074581701308489,0.0012435780372470617
mlp_1x100_relu,90,90,112,0.001715854974463582,0.0010892382124438882
mlp_1x100_relu,90,90,113,0.001604540622793138,0.0011424897238612175
mlp_1x100_relu,90,90,114,0.0018493293318897486,0.0015516567509621382
mlp_1x100_relu,90,90,115,0.0018786047585308552,0.0012473569950088859
mlp_1x100_relu,90,90,116,0.0016709464835003018,0.0011204594047740102
mlp_1x100_relu,90,90,117,0.0016244485741481185,0.001191448769532144
mlp_1x100_relu,90,90,118,0.001672601094469428,0.0011194266844540834
mlp_1x100_relu,90,90,119,0.0016412216937169433,0.0011541476706042886
mlp_1x100_relu,90,90,120,0.0016521104844287038,0.0012543072225525975
mlp_1x100_relu,90,90,121,0.001596909947693348,0.0010830055689439178
mlp_1x100_relu,90,90,122,0.001534204464405775,0.001154640456661582
mlp_1x100_relu,90,90,123,0.001568487728945911,0.0011106387246400118
mlp_1x100_relu,90,90,124,0.0016079189954325557,0.0011014717165380716
mlp_1x100_relu,90,90,125,0.0016159059014171362,0.001126082963310182
mlp_1x100_relu,90,90,126,0.0015657444018870592,0.0011227823561057448
mlp_1x100_relu,90,90,127,0.0015742434188723564,0.00111320149153471
mlp_1x100_relu,90,90,128,0.0016877498710528016,0.0012251302832737565
mlp_1x100_relu,90,90,129,0.001635064953006804,0.001081646652892232
mlp_1x100_relu,90,90,130,0.001614452456124127,0.0011206154013052583
mlp_1x100_relu,90,90,131,0.001565094105899334,0.0011072639608755708
mlp_1x100_relu,90,90,132,0.0016433597775176167,0.0011770484270527959
mlp_1x100_relu,90,90,133,0.001650140155106783,0.0011126056779175997
mlp_1x100_relu,90,90,134,0.0017463729018345475,0.0011845912085846066
mlp_1x100_relu,90,90,135,0.0016186300199478865,0.0011486406438052654
mlp_1x100_relu,90,90,136,0.0016323962481692433,0.0011857951758429408
mlp_1x100_relu,90,90,137,0.001712643075734377,0.0011932443594560027
mlp_1x100_relu,90,90,138,0.0016219094395637512,0.0012232899898663163
mlp_1x100_relu,90,90,139,0.00165739213116467,0.0010944263776764274
mlp_1x100_relu,90,90,140,0.0015872399089857936,0.0011932551860809326
mlp_1x100_relu,90,90,141,0.0016169272130355239,0.0015370254404842854
mlp_1x100_relu,90,90,142,0.001683032838627696,0.0011198918800801039
mlp_1x100_relu,90,90,143,0.0015188197139650583,0.001063149655237794
mlp_1x100_relu,90,90,144,0.0014813385205343366,0.0010816958965733647
mlp_1x100_relu,90,90,145,0.001491049537435174,0.0010769023792818189
mlp_1x100_relu,90,90,146,0.001567933359183371,0.0011271178955212235
mlp_1x100_relu,90,90,147,0.001582564553245902,0.0011034499621018767
mlp_1x100_relu,90,90,148,0.0015470184152945876,0.0010924997041001916
mlp_1x100_relu,90,90,149,0.001528312684968114,0.0010878556640818715
mlp_1x100_relu,90,90,150,0.0015498048160225153,0.001104168826714158
mlp_1x100_relu,90,90,151,0.0015308430884033442,0.0010790772503241897
mlp_1x100_relu,90,90,152,0.0015899789286777377,0.0010936296312138438
mlp_1x100_relu,90,90,153,0.0015249549178406596,0.0011036666110157967
mlp_1x100_relu,90,90,154,0.0016139550134539604,0.0011014881310984492
mlp_1x100_relu,90,90,155,0.0015362849226221442,0.0010631605982780457
mlp_1x100_relu,90,90,156,0.0014680512249469757,0.0010712273651733994
mlp_1x100_relu,90,90,157,0.0015395241789519787,0.0010961013613268733
mlp_1x100_relu,90,90,158,0.0016237456584349275,0.0011785770766437054
mlp_1x100_relu,90,90,159,0.0015519445296376944,0.0010651742340996861
mlp_1x100_relu,90,90,160,0.001498589408583939,0.001059571630321443
mlp_1x100_relu,90,90,161,0.00148972705937922,0.0010911960853263736
mlp_1x100_relu,90,90,162,0.0015174394939094782,0.0010787398787215352
mlp_1x100_relu,90,90,163,0.001500877202488482,0.0010658041574060917
mlp_1x100_relu,90,90,164,0.0014929671306163073,0.001133886631578207
mlp_1x100_relu,90,90,165,0.0015879337443038821,0.0010767009807750583
mlp_1x100_relu,90,90,166,0.0014824861427769065,0.0010770183289423585
mlp_1x100_relu,90,90,167,0.0015026063192635775,0.0010870554251596332
mlp_1x100_relu,90,90,168,0.0015419076662510633,0.001113745616748929
mlp_1x100_relu,90,90,169,0.00148658303078264,0.001068571233190596
mlp_1x100_relu,90,90,170,0.0014880015514791012,0.0010710733477026224
mlp_1x100_relu,90,90,171,0.0015777305234223604,0.0010661906562745571
mlp_1x100_relu,90,90,172,0.0014526094309985638,0.0011311302660033107
mlp_1x100_relu,90,90,173,0.0015548462979495525,0.0011279437458142638
mlp_1x100_relu,90,90,174,0.0015600374899804592,0.0010952387237921357
mlp_1x100_relu,90,90,175,0.0014891112223267555,0.0010524016106501222
mlp_1x100_relu,90,90,176,0.0014350439887493849,0.0010572019964456558
mlp_1x100_relu,90,90,177,0.0014204124454408884,0.0010516878683120012
mlp_1x100_relu,90,90,178,0.0014230483211576939,0.0010605978313833475
mlp_1x100_relu,90,90,179,0.0014299475587904453,0.0010534371249377728
mlp_1x100_relu,90,90,180,0.001423459965735674,0.0010544875403866172
mlp_1x100_relu,90,90,181,0.0014219810254871845,0.0010556669440120459
mlp_1x100_relu,90,90,182,0.0016244595171883702,0.0012271555606275797
mlp_1x100_relu,90,90,183,0.0015830921474844217,0.0010722246952354908
mlp_1x100_relu,90,90,184,0.001439312589354813,0.0010577754583209753
mlp_1x100_relu,90,90,185,0.001425864757038653,0.0010589160956442356
mlp_1x100_relu,90,90,186,0.0014197260607033968,0.001054811873473227
mlp_1x100_relu,90,90,187,0.0014201857848092914,0.0010529998689889908
mlp_1x100_relu,90,90,188,0.0014174064854159951,0.001052540261298418
mlp_1x100_relu,90,90,189,0.0014169956557452679,0.0010536276968196034
mlp_1x100_relu,90,90,190,0.0014184187166392803,0.0010551861487329006
mlp_1x100_relu,90,90,191,0.0014544366858899593,0.0010488333646208048
mlp_1x100_relu,90,90,192,0.0014487048611044884,0.0010537764756008983
mlp_1x100_relu,90,90,193,0.0014528343454003334,0.0010566706769168377
mlp_1x100_relu,90,90,194,0.0014301426708698273,0.00105726916808635
mlp_1x100_relu,90,90,195,0.001420414773747325,0.0010548605350777507
mlp_1x100_relu,90,90,196,0.0014160781865939498,0.0010519440984353423
mlp_1x100_relu,90,90,197,0.001415818464010954,0.001053555286489427
mlp_1x100_relu,90,90,198,0.0014150537317618728,0.00105453678406775
mlp_1x100_relu,90,90,199,0.001416354556567967,0.0010555536719039083
mlp_1x100_relu,90,90,200,0.0014169812202453613,0.001053503481671214
mlp_1x100_relu,90,90,201,0.0014174423413351178,0.0010543474927544594
mlp_1x100_relu,90,90,202,0.0014189695939421654,0.0010539796203374863
mlp_1x100_relu,90,90,203,0.0014175960095599294,0.0010525508550927043
mlp_1x100_relu,90,90,204,0.0014212982496246696,0.0010495033347979188
mlp_1x100_relu,90,90,205,0.0014225187478587031,0.001054575084708631
mlp_1x100_relu,90,90,206,0.0014169984497129917,0.0010532846208661795
mlp_1x100_relu,90,90,207,0.0014240647433325648,0.0011162825394421816
mlp_1x100_relu,90,90,208,0.0015012905932962894,0.0010651027550920844
mlp_1x100_relu,90,90,209,0.0014513886999338865,0.0010522736702114344
mlp_1x100_relu,90,90,210,0.0014164026360958815,0.0010538289789110422
mlp_1x100_relu,90,90,211,0.0014154589734971523,0.001052362727932632
mlp_1x100_relu,90,90,212,0.0014295579167082906,0.0010543117532506585
mlp_1x100_relu,90,90,213,0.0014581234427168965,0.0010671018389984965
mlp_1x100_relu,90,90,214,0.001422942616045475,0.001055385684594512
mlp_1x100_relu,90,90,215,0.001415940816514194,0.001052944571711123
mlp_1x100_relu,90,90,216,0.001415077829733491,0.0010538712376728654
mlp_1x100_relu,90,90,217,0.001415167935192585,0.0010538615752011538
mlp_1x100_relu,90,90,218,0.0014152366202324629,0.0010525572579354048
mlp_1x100_relu,90,90,219,0.0014151019277051091,0.001052874606102705
mlp_1x100_relu,90,90,220,0.0014142828295007348,0.0010529097635298967
mlp_1x100_relu,90,90,221,0.0014150378992781043,0.0010527359554544091
mlp_1x100_relu,90,90,222,0.0014147134497761726,0.0010518530616536736
mlp_1x100_relu,90,90,223,0.0014145286986604333,0.0010543864918872714
mlp_1x100_relu,90,90,224,0.0014151291688904166,0.0010531212901696563
mlp_1x100_relu,90,90,225,0.0014149253256618977,0.0010519330389797688
mlp_1x100_relu,90,90,226,0.001414230209775269,0.0010525003308430314
mlp_1x100_relu,90,90,227,0.001414389000274241,0.0010519592324271798
mlp_1x100_relu,90,90,228,0.0014150250935927033,0.0010528173297643661
mlp_1x100_relu,90,90,229,0.001414477126672864,0.0010545349214226007
mlp_1x100_relu,90,90,230,0.0014146059984341264,0.0010516037000343204
mlp_1x100_relu,90,90,231,0.0014146333560347557,0.001053114072419703
mlp_1x100_relu,90,90,232,0.0014147803885862231,0.0010525580728426576
mlp_1x100_relu,90,90,233,0.0014146057656034827,0.0010533336317166686
mlp_1x100_relu,90,90,234,0.0014145354507490993,0.0010526247788220644
mlp_1x100_relu,90,90,235,0.001414396334439516,0.001052900799550116
mlp_1x100_relu,90,90,236,0.0014147122856229544,0.0010518968338146806
mlp_1x100_relu,90,90,237,0.001414421945810318,0.001053126878105104
mlp_1x100_relu,90,90,238,0.0014148893533274531,0.0010528420098125935
mlp_1x100_relu,90,90,239,0.001414995756931603,0.001055426080711186
mlp_1x100_relu,90,90,240,0.0014143866719678044,0.0010550024453550577
mlp_1x100_relu,90,90,241,0.0014153632801026106,0.001052172388881445
mlp_1x100_relu,90,90,242,0.0014166530454531312,0.0010540863731876016
mlp_1x100_relu,90,90,243,0.0014508813619613647,0.0010816341964527965
mlp_1x100_relu,90,90,244,0.0014572268119081855,0.0010549562284722924
mlp_1x100_relu,90,90,245,0.0014156432589516044,0.0010522634256631136
mlp_1x100_relu,90,90,246,0.0014143597800284624,0.0010541045339778066
mlp_1x100_relu,90,90,247,0.001416113693267107,0.0010564876720309258
mlp_1x100_relu,90,90,248,0.0014155548997223377,0.0010536392219364643
mlp_1x100_relu,90,90,249,0.00141449726652354,0.001052652020007372
mlp_1x100_relu,90,90,250,0.0014145001769065857,0.0010533699532970786
mlp_1x100_relu,90,90,251,0.001414832309819758,0.001052908250130713
mlp_1x100_relu,90,90,252,0.0014146574540063739,0.001053611864335835
mlp_1x100_relu,90,90,253,0.0014145649038255215,0.0010532906744629145
mlp_1x100_relu,90,90,254,0.0014148940099403262,0.0010527353733778
mlp_1x100_relu,90,90,255,0.0014145997120067477,0.0010528449201956391
mlp_1x100_relu,90,90,256,0.0014141608262434602,0.0010527991689741611
mlp_1x100_relu,90,90,257,0.0014145680470392108,0.0010528112761676311
mlp_1x100_relu,90,90,258,0.0014141163555905223,0.001053054933436215
mlp_1x100_relu,90,90,259,0.0014148439513519406,0.0010522189550101757
mlp_1x100_relu,90,90,260,0.0014144309097900987,0.001052660634741187
mlp_1x100_relu,90,90,261,0.0014142753789201379,0.0010527224512770772
mlp_1x100_relu,90,90,262,0.001414624392054975,0.001053551328368485
mlp_1x100_relu,90,90,263,0.001414474449120462,0.0010529631981626153
mlp_1x100_relu,90,90,264,0.0014144052984192967,0.0010527410777285695
mlp_1x100_relu,90,90,265,0.0014144876040518284,0.001052863197401166
mlp_1x100_relu,90,90,266,0.0014144984306767583,0.001052997773513198
mlp_1x100_relu,90,90,267,0.0014144973829388618,0.0010527725098654628
mlp_1x100_relu,90,90,268,0.0014144330052658916,0.001053517684340477
mlp_1x100_relu,90,90,269,0.0014141262508928776,0.0010523562086746097
mlp_1x100_relu,90,90,270,0.001414438709616661,0.0010529985884204507
mlp_1x100_relu,90,90,271,0.0014144672313705087,0.0010532415471971035
mlp_1x100_relu,90,90,272,0.0014148118207231164,0.0010527687845751643
mlp_1x100_relu,90,90,273,0.001414385624229908,0.0010533502791076899
mlp_1x100_relu,90,90,274,0.0014147001784294844,0.0010534408502280712
mlp_1x100_relu,90,90,275,0.0014145004097372293,0.0010536987101659179
mlp_1x100_relu,90,90,276,0.001414574566297233,0.0010534509783610702
mlp_1x100_relu,90,90,277,0.0014143888838589191,0.0010522686643525958
mlp_1x100_relu,90,90,278,0.0014141752617433667,0.0010520878713577986
mlp_1x100_relu,90,90,279,0.0014143232256174088,0.0010533105814829469
mlp_1x100_relu,90,90,280,0.0014142318395897746,0.0010521720396354795
mlp_1x100_relu,90,90,281,0.0014143346343189478,0.0010520487558096647
mlp_1x100_relu,90,90,282,0.001414162223227322,0.001052672741934657
mlp_1x100_relu,90,90,283,0.0014143610605970025,0.0010540756629779935
mlp_1x100_relu,90,90,284,0.0014147713081911206,0.0010535413166508079
mlp_1x100_relu,90,90,285,0.001414687023498118,0.0010523895034566522
mlp_1x100_relu,90,90,286,0.0014142965665087104,0.001054172869771719
mlp_1x100_relu,90,90,287,0.001414769678376615,0.0010542088421061635
mlp_1x100_relu,90,90,288,0.0014149005291983485,0.001052094274200499
mlp_1x100_relu,90,90,289,0.0014142972650006413,0.0010533486492931843
mlp_1x100_relu,90,90,290,0.0014144100714474916,0.0010525132529437542
mlp_1x100_relu,90,90,291,0.001414573285728693,0.0010527739068493247
mlp_1x100_relu,90,90,292,0.0014142588479444385,0.0010533379390835762
mlp_1x100_relu,90,90,293,0.0014142895815894008,0.00105224025901407
mlp_1x100_relu,90,90,294,0.001414759550243616,0.0010527906706556678
mlp_1x100_relu,90,90,295,0.0014143075095489621,0.0010511756408959627
mlp_1x100_relu,90,90,296,0.0014143551234155893,0.0010535070905461907
mlp_1x100_relu,90,90,297,0.001414295518770814,0.0010529466671869159
mlp_1x100_relu,90,90,298,0.0014147338224574924,0.001053267507813871
mlp_1x100_relu,90,90,299,0.0014144832966849208,0.0010533328168094158
mlp_1x100_relu,90,90,300,0.001414686325006187,0.001053163199685514
mlp_1x100_relu,90,90,301,0.001414408441632986,0.0010528330458328128
mlp_1x100_relu,90,90,302,0.001414260477758944,0.0010511208092793822
mlp_1x100_relu,90,90,303,0.001414461643435061,0.0010528534185141325
mlp_1x100_relu,90,90,304,0.0014145836466923356,0.0010537987109273672
mlp_1x100_relu,90,90,305,0.0014145387103781104,0.0010535732144489884
mlp_1x100_relu,90,90,306,0.0014142313739284873,0.001052947249263525
mlp_1x100_relu,90,90,307,0.0014144830638542771,0.001052454230375588
mlp_1x100_relu,90,90,308,0.0014143341686576605,0.0010530651779845357
mlp_1x100_relu,90,90,309,0.0014146027388051152,0.0010520240757614374
mlp_1x100_relu,90,90,310,0.001414204714819789,0.0010524827521294355
mlp_1x100_relu,90,90,311,0.0014146695611998439,0.0010521425865590572
mlp_1x100_relu,90,90,312,0.0014147033216431737,0.00105192675255239
mlp_1x100_relu,90,90,313,0.0014142043655738235,0.0010517487535253167
mlp_1x100_relu,90,90,314,0.0014146675821393728,0.0010531333973631263
mlp_1x100_relu,90,90,315,0.0014143824810162187,0.0010529659921303391
mlp_1x100_relu,90,90,316,0.0014145601307973266,0.0010531754232943058
mlp_1x100_relu,90,90,317,0.0014147773617878556,0.0010528400307521224
mlp_1x100_relu,90,90,318,0.001414468395523727,0.0010534278117120266
mlp_1x100_relu,90,90,319,0.001414633821696043,0.001053589046932757
mlp_1x100_relu,90,90,320,0.0014145149616524577,0.0010518986964598298
mlp_1x100_relu,90,90,321,0.0014144075103104115,0.0010517254704609513
mlp_1x100_relu,90,90,322,0.0014141323044896126,0.0010532550513744354
mlp_1x100_relu,90,90,323,0.0014144080923870206,0.0010523536475375295
mlp_1x100_relu,90,90,324,0.0014143366133794188,0.0010517151094973087
mlp_1x100_relu,90,90,325,0.0014143461594358087,0.0010530772851780057
mlp_1x100_relu,90,90,326,0.0014146221801638603,0.0010539998766034842
mlp_1x100_relu,90,90,327,0.0014142576837912202,0.0010540883522480726
mlp_1x100_relu,90,90,328,0.001414670143276453,0.0010522612137719989
mlp_1x100_relu,90,90,329,0.0014144519809633493,0.0010521350195631385
mlp_1x100_relu,90,90,330,0.0014144059969112277,0.0010534079046919942
mlp_1x100_relu,90,90,331,0.0014143994776532054,0.001053191488608718
mlp_1x100_relu,90,90,332,0.001414808677509427,0.0010522999800741673
mlp_1x100_relu,90,90,333,0.0014141460414975882,0.001052448875270784
mlp_1x100_relu,90,90,334,0.001414431375451386,0.001051675877533853
mlp_1x100_relu,90,90,335,0.0014141425490379333,0.00105280929710716
mlp_1x100_relu,90,90,336,0.0014144668821245432,0.0010523735545575619
mlp_1x100_relu,90,90,337,0.0014144639717414975,0.001054178923368454
mlp_1x100_relu,90,90,338,0.0014147659530863166,0.0010533514432609081
mlp_1x100_relu,90,90,339,0.0014145434834063053,0.0010535806650295854
mlp_1x100_relu,90,90,340,0.0014147309120744467,0.0010532239684835076
mlp_1x100_relu,90,90,341,0.0014145845780149102,0.0010535094188526273
mlp_1x100_relu,90,90,342,0.0014141900464892387,0.0010519924107939005
mlp_1x100_relu,90,90,343,0.0014145540772005916,0.0010522486409172416
mlp_1x100_relu,90,90,344,0.0014142777072265744,0.0010524780955165625
mlp_1x100_relu,90,90,345,0.0014145560562610626,0.001052314997650683
mlp_1x100_relu,90,90,346,0.0014144039014354348,0.0010529332794249058
mlp_1x100_relu,90,90,347,0.0014144438318908215,0.0010525803081691265
mlp_1x100_relu,90,90,348,0.0014148121699690819,0.0010525526013225317
mlp_1x100_relu,90,90,349,0.0014141879510134459,0.001053985906764865
mlp_1x100_relu,90,90,350,0.001414514146745205,0.0010538158239796758
mlp_1x100_relu,90,90,351,0.0014148567570373416,0.001052945270203054
mlp_1x100_relu,90,90,352,0.0014144014567136765,0.0010529798455536366
mlp_1x100_relu,90,90,353,0.0014143228763714433,0.0010536381741985679
mlp_1x100_relu,90,90,354,0.001414343947544694,0.001052091596648097
mlp_1x100_relu,90,90,355,0.0014144348679110408,0.0010520319920033216
mlp_1x100_relu,90,90,356,0.0014142915606498718,0.0010524510871618986
mlp_1x100_relu,90,90,357,0.0014143477892503142,0.0010527491103857756
mlp_1x100_relu,90,90,358,0.0014144066954031587,0.0010529265273362398
mlp_1x100_relu,90,90,359,0.0014142350992187858,0.0010525622637942433
mlp_1x100_relu,90,90,360,0.0014144073938950896,0.0010530772851780057
mlp_1x100_relu,90,90,361,0.0014142378931865096,0.0010520080104470253
mlp_1x100_relu,90,90,362,0.001414516125805676,0.001051887753419578
mlp_1x100_relu,90,90,363,0.0014143483713269234,0.0010532890446484089
mlp_1x100_relu,90,90,364,0.0014146389439702034,0.0010524570243433118
mlp_1x100_relu,90,90,365,0.0014145919121801853,0.0010511192958801985
mlp_1x100_relu,90,90,366,0.0014142798027023673,0.0010528267594054341
mlp_1x100_relu,90,90,367,0.0014143098378553987,0.0010527913691475987
mlp_1x100_relu,90,90,368,0.0014145199675112963,0.00105347263161093
mlp_1x100_relu,90,90,369,0.0014146395260468125,0.0010530011495575309
mlp_1x100_relu,90,90,370,0.001414438826031983,0.0010546521516516805
mlp_1x100_relu,90,90,371,0.0014149575727060437,0.0010522573720663786
mlp_1x100_relu,90,90,372,0.001414557103998959,0.001052889390848577
mlp_1x100_relu,90,90,373,0.0014147523324936628,0.0010521047515794635
mlp_1x100_relu,90,90,374,0.001414125901646912,0.0010520414216443896
mlp_1x100_relu,90,90,375,0.0014144359156489372,0.0010520893847569823
mlp_1x100_relu,90,90,376,0.0014145391760393977,0.0010514868190512061
mlp_1x100_relu,90,90,377,0.0014142935397103429,0.0010523688979446888
mlp_1x100_relu,90,90,378,0.0014145143795758486,0.001052479725331068
mlp_1x100_relu,90,90,379,0.0014142459258437157,0.0010536423651501536
mlp_1x100_relu,90,90,380,0.001414785860106349,0.0010527067352086306
mlp_1x100_relu,90,90,381,0.0014147706096991897,0.0010531299049034715
mlp_1x100_relu,90,90,382,0.0014147801557555795,0.0010538958013057709
mlp_1x100_relu,90,90,383,0.0014146132161840796,0.001053112093359232
mlp_1x100_relu,90,90,384,0.001414714497514069,0.0010527875274419785
mlp_1x100_relu,90,90,385,0.0014143978478386998,0.0010526514379307628
mlp_1x100_relu,90,90,386,0.001414631842635572,0.0010533893946558237
mlp_1x100_relu,90,90,387,0.0014145533787086606,0.0010521800722926855
mlp_1x100_relu,90,90,388,0.0014143710723146796,0.0010515347821637988
mlp_1x100_relu,90,90,389,0.001414144178852439,0.0010522953234612942
mlp_1x100_relu,90,90,390,0.00141418119892478,0.001053515705280006
mlp_1x100_relu,90,90,391,0.0014143838780000806,0.0010528538841754198
mlp_1x100_relu,90,90,392,0.0014146281173452735,0.0010520038194954395
mlp_1x100_relu,90,90,393,0.0014144123997539282,0.001053687883540988
mlp_1x100_relu,90,90,394,0.0014146482571959496,0.0010526126716285944
mlp_1x100_relu,90,90,395,0.001414465019479394,0.0010531040607020259
mlp_1x100_relu,90,90,396,0.0014147907495498657,0.0010536261834204197
mlp_1x100_relu,90,90,397,0.0014145075110718608,0.001052424544468522
mlp_1x100_relu,90,90,398,0.0014146235771477222,0.0010512982262298465
mlp_1x100_relu,90,90,399,0.0014143007574602962,0.0010516013717278838
mlp_1x100_relu,90,90,400,0.0014145984314382076,0.0010525777470320463
mlp_1x100_relu,90,90,401,0.0014146079774945974,0.0010541904484853148
mlp_1x100_relu,90,90,402,0.0014149014605209231,0.001052555162459612
mlp_1x100_relu,90,90,403,0.0014142285799607635,0.0010527170961722732
mlp_1x100_relu,90,90,404,0.0014145041350275278,0.0010536119807511568
mlp_1x100_relu,90,90,405,0.0014144115848466754,0.001052406383678317
mlp_1x100_relu,90,90,406,0.0014142871368676424,0.001051991363056004
mlp_1x100_relu,90,90,407,0.00141463044565171,0.0010526900878176093
mlp_1x100_relu,90,90,408,0.0014146309113129973,0.0010520706418901682
mlp_1x100_relu,90,90,409,0.001414319733157754,0.0010530119761824608
mlp_1x100_relu,90,90,410,0.0014144830638542771,0.0010529307182878256
mlp_1x100_relu,90,90,411,0.001414541737176478,0.001053416170179844
mlp_1x100_relu,90,90,412,0.0014144836459308863,0.0010527294361963868
mlp_1x100_relu,90,90,413,0.0014146785251796246,0.0010522597003728151
mlp_1x100_relu,90,90,414,0.0014145523309707642,0.0010531515581533313
mlp_1x100_relu,90,90,415,0.0014146981993690133,0.0010532488813623786
mlp_1x100_relu,90,90,416,0.0014145254390314221,0.0010528266429901123
mlp_1x100_relu,90,90,417,0.001414669444784522,0.0010520746000111103
mlp_1x100_relu,90,90,418,0.0014142144937068224,0.0010533446911722422
mlp_1x100_relu,90,90,419,0.001414710539393127,0.001052475068718195
mlp_1x100_relu,90,90,420,0.001414614263921976,0.0010525458492338657
mlp_1x100_relu,90,90,421,0.0014146241592243314,0.0010524827521294355
mlp_1x100_relu,90,90,422,0.001414558500982821,0.0010542368981987238
mlp_1x100_relu,90,90,423,0.0014141991268843412,0.001052732695825398
mlp_1x100_relu,90,90,424,0.0014142621075734496,0.0010520622599869967
mlp_1x100_relu,90,90,425,0.001414350001141429,0.0010518900817260146
mlp_1x100_relu,90,90,426,0.0014144366141408682,0.0010531722800806165
mlp_1x100_relu,90,90,427,0.0014145957538858056,0.001053152489475906
mlp_1x100_relu,90,90,428,0.0014148034388199449,0.0010525691322982311
mlp_1x100_relu,90,90,429,0.0014145135646685958,0.0010529500432312489
mlp_1x100_relu,90,90,430,0.0014144458109512925,0.001053272862918675
mlp_1x100_relu,90,90,431,0.001414465019479394,0.001053451793268323
mlp_1x100_relu,90,90,432,0.0014146604808047414,0.001052629784680903
mlp_1x100_relu,90,90,433,0.0014145115856081247,0.0010529595892876387
mlp_1x100_relu,90,90,434,0.001414186437614262,0.0010528713464736938
mlp_1x100_relu,90,90,435,0.0014143832959234715,0.0010536768240854144
mlp_1x100_relu,90,90,436,0.001414745463989675,0.0010537592461332679
mlp_1x100_relu,90,90,437,0.0014145065797492862,0.001053382409736514
mlp_1x100_relu,90,90,438,0.0014142347499728203,0.0010526574915274978
mlp_1x100_relu,90,90,439,0.0014145338209345937,0.001052749459631741
mlp_1x100_relu,90,90,440,0.0014146353350952268,0.0010508914710953832
mlp_1x100_relu,90,90,441,0.0014141910942271352,0.0010520810028538108
mlp_1x100_relu,90,90,442,0.0014144491869956255,0.0010533524909988046
mlp_1x100_relu,90,90,443,0.0014146834146231413,0.0010539718205109239
mlp_1x100_relu,90,90,444,0.0014148475602269173,0.0010521704098209739
mlp_1x100_relu,90,90,445,0.0014143023872748017,0.0010535800829529762
mlp_1x100_relu,90,90,446,0.0014144605956971645,0.0010524505050852895
mlp_1x100_relu,90,90,447,0.0014145828317850828,0.001052725943736732
mlp_1x100_relu,90,90,448,0.0014148099580779672,0.0010535456240177155
mlp_1x100_relu,90,90,449,0.001414633821696043,0.0010522198863327503
mlp_1x100_relu,90,90,450,0.001414590165950358,0.0010525536490604281
mlp_1x100_relu,90,90,451,0.0014145426684990525,0.001052005449309945
mlp_1x100_relu,90,90,452,0.0014142991276457906,0.0010530274594202638
mlp_1x100_relu,90,90,453,0.001414712518453598,0.0010533299064263701
mlp_1x100_relu,90,90,454,0.0014148220652714372,0.0010528864804655313
mlp_1x100_relu,90,90,455,0.0014144425513222814,0.0010522271040827036
mlp_1x100_relu,90,90,456,0.0014145126333460212,0.0010528767015784979
mlp_1x100_relu,90,90,457,0.0014143397565931082,0.001052457490004599
mlp_1x100_relu,90,90,458,0.001414540340192616,0.0010525471298024058
mlp_1x100_relu,90,90,459,0.0014146767789497972,0.0010531175648793578
mlp_1x100_relu,90,90,460,0.0014147761976346374,0.0010525282705202699
mlp_1x100_relu,90,90,461,0.0014142653672024608,0.0010517711052671075
mlp_1x100_relu,90,90,462,0.0014143906300887465,0.0010518039343878627
mlp_1x100_relu,90,90,463,0.0014144590822979808,0.0010523252421990037
mlp_1x100_relu,90,90,464,0.0014148377813398838,0.0010533847380429506
mlp_1x100_relu,90,90,465,0.001414537662640214,0.0010536500485613942
mlp_1x100_relu,90,90,466,0.0014148908667266369,0.0010531668085604906
mlp_1x100_relu,90,90,467,0.001414495985955,0.001052349922247231
mlp_1x100_relu,90,90,468,0.0014144874876365066,0.0010530924191698432
mlp_1x100_relu,90,90,469,0.0014148737536743283,0.0010521534131839871
mlp_1x100_relu,90,90,470,0.0014140887651592493,0.0010526998667046428
mlp_1x100_relu,90,90,471,0.0014142062282189727,0.0010528487619012594
mlp_1x100_relu,90,90,472,0.0014142401050776243,0.0010524825192987919
mlp_1x100_relu,90,90,473,0.0014142697909846902,0.00105247029569
mlp_1x100_relu,90,90,474,0.001414553145878017,0.0010535073233768344
mlp_1x100_relu,90,90,475,0.0014143793378025293,0.001054129796102643
mlp_1x100_relu,90,90,476,0.0014146552421152592,0.0010525580728426576
mlp_1x100_relu,90,90,477,0.0014145957538858056,0.0010530323488637805
mlp_1x100_relu,90,90,478,0.0014143519802019,0.0010537836933508515
mlp_1x100_relu,90,90,479,0.0014145795721560717,0.0010537354974076152
mlp_1x100_relu,90,90,480,0.0014146213652566075,0.001052526873536408
mlp_1x100_relu,90,90,481,0.0014143335865810513,0.0010535171022638679
mlp_1x100_relu,90,90,482,0.0014146086759865284,0.001052949228323996
mlp_1x100_relu,90,90,483,0.0014145405730232596,0.00105237343814224
mlp_1x100_relu,90,90,484,0.001414464320987463,0.0010522817028686404
mlp_1x100_relu,90,90,485,0.001414275960996747,0.0010544565739110112
mlp_1x100_relu,90,90,486,0.0014149940107017756,0.0010534821776673198
mlp_1x100_relu,90,90,487,0.0014142872532829642,0.0010521759977564216
mlp_1x100_relu,90,90,488,0.0014145678142085671,0.0010539453942328691
mlp_1x100_relu,90,90,489,0.001414323691278696,0.0010526198893785477
mlp_1x100_relu,90,90,490,0.0014146299799904227,0.0010526570258662105
mlp_1x100_relu,90,90,491,0.0014144711894914508,0.001052649226039648
mlp_1x100_relu,90,90,492,0.0014142462750896811,0.0010524222161620855
mlp_1x100_relu,90,90,493,0.0014145288150757551,0.0010524241952225566
mlp_1x100_relu,90,90,494,0.0014142150757834315,0.0010521510848775506
mlp_1x100_relu,90,90,495,0.0014146075118333101,0.0010518862400203943
mlp_1x100_relu,90,90,496,0.0014148405753076077,0.001053561340086162
mlp_1x100_relu,90,90,497,0.0014143979642540216,0.0010529624996706843
mlp_1x100_relu,90,90,498,0.0014144103042781353,0.0010529228020459414
mlp_1x100_relu,90,90,499,0.0014143018051981926,0.0010530685540288687
mlp_1x100_relu,90,90,500,0.0014144852757453918,0.0010532799642533064
