model_name,input_window,output_window,epoch,loss,val_loss
mlp_2x100_bn_l2,5,1,1,0.48561355471611023,0.1778377741575241
mlp_2x100_bn_l2,5,1,2,0.17092406749725342,0.10176058858633041
mlp_2x100_bn_l2,5,1,3,0.09193822741508484,0.06419017165899277
mlp_2x100_bn_l2,5,1,4,0.06325127929449081,0.04745645448565483
mlp_2x100_bn_l2,5,1,5,0.04958989471197128,0.038837745785713196
mlp_2x100_bn_l2,5,1,6,0.04203825816512108,0.033908117562532425
mlp_2x100_bn_l2,5,1,7,0.03740961104631424,0.030787689611315727
mlp_2x100_bn_l2,5,1,8,0.03430313244462013,0.028571540489792824
mlp_2x100_bn_l2,5,1,9,0.031922925263643265,0.02679968811571598
mlp_2x100_bn_l2,5,1,10,0.030047696083784103,0.02523789368569851
mlp_2x100_bn_l2,5,1,11,0.0285883080214262,0.02386738918721676
mlp_2x100_bn_l2,5,1,12,0.027209609746932983,0.022619616240262985
mlp_2x100_bn_l2,5,1,13,0.025826672092080116,0.021655267104506493
mlp_2x100_bn_l2,5,1,14,0.024742161855101585,0.02086458168923855
mlp_2x100_bn_l2,5,1,15,0.023694481700658798,0.019856775179505348
mlp_2x100_bn_l2,5,1,16,0.022658612579107285,0.01887403056025505
mlp_2x100_bn_l2,5,1,17,0.02173922024667263,0.01792101562023163
mlp_2x100_bn_l2,5,1,18,0.020855780690908432,0.01737101934850216
mlp_2x100_bn_l2,5,1,19,0.020025193691253662,0.016688302159309387
mlp_2x100_bn_l2,5,1,20,0.019369807094335556,0.015871932730078697
mlp_2x100_bn_l2,5,1,21,0.018734265118837357,0.0151643306016922
mlp_2x100_bn_l2,5,1,22,0.017970852553844452,0.014598515816032887
mlp_2x100_bn_l2,5,1,23,0.01737368106842041,0.01389084942638874
mlp_2x100_bn_l2,5,1,24,0.016972851008176804,0.01386105827987194
mlp_2x100_bn_l2,5,1,25,0.01640591211616993,0.01310684997588396
mlp_2x100_bn_l2,5,1,26,0.015949567779898643,0.012699108570814133
mlp_2x100_bn_l2,5,1,27,0.015723073855042458,0.012651626951992512
mlp_2x100_bn_l2,5,1,28,0.015350147150456905,0.01222797017544508
mlp_2x100_bn_l2,5,1,29,0.015109745785593987,0.011984272859990597
mlp_2x100_bn_l2,5,1,30,0.014880678616464138,0.011701413430273533
mlp_2x100_bn_l2,5,1,31,0.014779406599700451,0.01179009024053812
mlp_2x100_bn_l2,5,1,32,0.01456306129693985,0.011644001118838787
mlp_2x100_bn_l2,5,1,33,0.014339801855385303,0.01139493752270937
mlp_2x100_bn_l2,5,1,34,0.014264916069805622,0.011173623614013195
mlp_2x100_bn_l2,5,1,35,0.014042316935956478,0.010956905782222748
mlp_2x100_bn_l2,5,1,36,0.013974386267364025,0.01081465370953083
mlp_2x100_bn_l2,5,1,37,0.013924098573625088,0.010749055072665215
mlp_2x100_bn_l2,5,1,38,0.013811747543513775,0.010719917714595795
mlp_2x100_bn_l2,5,1,39,0.013754806481301785,0.010630120523273945
mlp_2x100_bn_l2,5,1,40,0.013636978343129158,0.010789206251502037
mlp_2x100_bn_l2,5,1,41,0.013701855204999447,0.010852834209799767
mlp_2x100_bn_l2,5,1,42,0.013625739142298698,0.010492745786905289
mlp_2x100_bn_l2,5,1,43,0.013574597425758839,0.01050258707255125
mlp_2x100_bn_l2,5,1,44,0.013590277172625065,0.0106555987149477
mlp_2x100_bn_l2,5,1,45,0.013491308316588402,0.010646379552781582
mlp_2x100_bn_l2,5,1,46,0.01342103723436594,0.010385376401245594
mlp_2x100_bn_l2,5,1,47,0.013431322760879993,0.010513861663639545
mlp_2x100_bn_l2,5,1,48,0.013421690091490746,0.010318754240870476
mlp_2x100_bn_l2,5,1,49,0.013371432200074196,0.010345409624278545
mlp_2x100_bn_l2,5,1,50,0.013381067663431168,0.010520322248339653
mlp_2x100_bn_l2,5,1,51,0.01343821082264185,0.01037904154509306
mlp_2x100_bn_l2,5,1,52,0.013401966542005539,0.010278712958097458
mlp_2x100_bn_l2,5,1,53,0.013338126242160797,0.010629537515342236
mlp_2x100_bn_l2,5,1,54,0.013379338197410107,0.010523604229092598
mlp_2x100_bn_l2,5,1,55,0.013415871188044548,0.010345535352826118
mlp_2x100_bn_l2,5,1,56,0.013378391042351723,0.01044220570474863
mlp_2x100_bn_l2,5,1,57,0.01332901231944561,0.010609613731503487
mlp_2x100_bn_l2,5,1,58,0.013338904827833176,0.010441540740430355
mlp_2x100_bn_l2,5,1,59,0.013343477621674538,0.010420096106827259
mlp_2x100_bn_l2,5,1,60,0.013330331072211266,0.0105814877897501
mlp_2x100_bn_l2,5,1,61,0.013307793065905571,0.010318621061742306
mlp_2x100_bn_l2,5,1,62,0.013320044614374638,0.010145020671188831
mlp_2x100_bn_l2,5,1,63,0.013349208980798721,0.010314274579286575
mlp_2x100_bn_l2,5,1,64,0.013311703689396381,0.010505822487175465
mlp_2x100_bn_l2,5,1,65,0.013396884314715862,0.010140943340957165
mlp_2x100_bn_l2,5,1,66,0.013432039879262447,0.01029753778129816
mlp_2x100_bn_l2,5,1,67,0.01335093379020691,0.010245886631309986
mlp_2x100_bn_l2,5,1,68,0.013479195535182953,0.010312910191714764
mlp_2x100_bn_l2,5,1,69,0.013384529389441013,0.0103532699868083
mlp_2x100_bn_l2,5,1,70,0.013416007161140442,0.010287163779139519
mlp_2x100_bn_l2,5,1,71,0.013314272277057171,0.010474693030118942
mlp_2x100_bn_l2,5,1,72,0.013433178886771202,0.010225285775959492
mlp_2x100_bn_l2,5,1,73,0.013312052004039288,0.01020787376910448
mlp_2x100_bn_l2,5,1,74,0.013339098542928696,0.010463508777320385
mlp_2x100_bn_l2,5,1,75,0.01331564225256443,0.010565606877207756
mlp_2x100_bn_l2,5,1,76,0.013476911932229996,0.010280895978212357
mlp_2x100_bn_l2,5,1,77,0.013320503756403923,0.010141633450984955
mlp_2x100_bn_l2,5,1,78,0.013229681178927422,0.010165553539991379
mlp_2x100_bn_l2,5,1,79,0.013383354060351849,0.010617701336741447
mlp_2x100_bn_l2,5,1,80,0.013349559158086777,0.010400989092886448
mlp_2x100_bn_l2,5,1,81,0.013335611671209335,0.010242344811558723
mlp_2x100_bn_l2,5,1,82,0.013282240368425846,0.01051087025552988
mlp_2x100_bn_l2,5,1,83,0.013291724026203156,0.010256974957883358
mlp_2x100_bn_l2,5,1,84,0.013335688970983028,0.010341284796595573
mlp_2x100_bn_l2,5,1,85,0.013365617021918297,0.01026671938598156
mlp_2x100_bn_l2,5,1,86,0.013388005085289478,0.010157790035009384
mlp_2x100_bn_l2,5,1,87,0.013325859792530537,0.01022736169397831
mlp_2x100_bn_l2,5,1,88,0.013325978070497513,0.010268640704452991
mlp_2x100_bn_l2,5,1,89,0.013450270518660545,0.010479832999408245
mlp_2x100_bn_l2,5,1,90,0.013300490565598011,0.010284103453159332
mlp_2x100_bn_l2,5,1,91,0.01323021575808525,0.010304560884833336
mlp_2x100_bn_l2,5,1,92,0.013215763494372368,0.010098708793520927
mlp_2x100_bn_l2,5,1,93,0.013478302396833897,0.010251233354210854
mlp_2x100_bn_l2,5,1,94,0.013338137418031693,0.010869301855564117
mlp_2x100_bn_l2,5,1,95,0.01335596852004528,0.01051569264382124
mlp_2x100_bn_l2,5,1,96,0.013177827000617981,0.010060341097414494
mlp_2x100_bn_l2,5,1,97,0.01309766061604023,0.01023800577968359
mlp_2x100_bn_l2,5,1,98,0.013139759190380573,0.01037259865552187
mlp_2x100_bn_l2,5,1,99,0.01319311186671257,0.01017804816365242
mlp_2x100_bn_l2,5,1,100,0.013149263337254524,0.010074137710034847
mlp_2x100_bn_l2,5,1,101,0.013187396340072155,0.009998944588005543
mlp_2x100_bn_l2,5,1,102,0.01355033740401268,0.010557306930422783
mlp_2x100_bn_l2,5,1,103,0.01328291930258274,0.010136761702597141
mlp_2x100_bn_l2,5,1,104,0.013270458206534386,0.010442106053233147
mlp_2x100_bn_l2,5,1,105,0.013550308533012867,0.01019848883152008
mlp_2x100_bn_l2,5,1,106,0.013742300681769848,0.01077133696526289
mlp_2x100_bn_l2,5,1,107,0.013487854041159153,0.010397316887974739
mlp_2x100_bn_l2,5,1,108,0.01337876170873642,0.01017247885465622
mlp_2x100_bn_l2,5,1,109,0.013274939730763435,0.010108159855008125
mlp_2x100_bn_l2,5,1,110,0.012967688962817192,0.009873448871076107
mlp_2x100_bn_l2,5,1,111,0.01388208381831646,0.01084977574646473
mlp_2x100_bn_l2,5,1,112,0.014102932065725327,0.010284194722771645
mlp_2x100_bn_l2,5,1,113,0.013328026048839092,0.009988809004426003
mlp_2x100_bn_l2,5,1,114,0.013075931929051876,0.010014493018388748
mlp_2x100_bn_l2,5,1,115,0.013092266395688057,0.009883876889944077
mlp_2x100_bn_l2,5,1,116,0.013258847407996655,0.010419666767120361
mlp_2x100_bn_l2,5,1,117,0.013564210385084152,0.010132226161658764
mlp_2x100_bn_l2,5,1,118,0.013985974714159966,0.010798733681440353
mlp_2x100_bn_l2,5,1,119,0.014136732555925846,0.010211608372628689
mlp_2x100_bn_l2,5,1,120,0.013706768862903118,0.01068184245377779
mlp_2x100_bn_l2,5,1,121,0.013357384130358696,0.010046071372926235
mlp_2x100_bn_l2,5,1,122,0.013414361514151096,0.010314426384866238
mlp_2x100_bn_l2,5,1,123,0.014027906581759453,0.010580978356301785
mlp_2x100_bn_l2,5,1,124,0.013537697494029999,0.010460247285664082
mlp_2x100_bn_l2,5,1,125,0.013628846034407616,0.010485418140888214
mlp_2x100_bn_l2,5,1,126,0.013174953870475292,0.010203409940004349
mlp_2x100_bn_l2,5,1,127,0.013177456334233284,0.01078483834862709
mlp_2x100_bn_l2,5,1,128,0.013141196221113205,0.010088127106428146
mlp_2x100_bn_l2,5,1,129,0.01310622040182352,0.012549656443297863
mlp_2x100_bn_l2,5,1,130,0.013041230849921703,0.012517014518380165
mlp_2x100_bn_l2,5,1,131,0.0128939189016819,0.01004799734801054
mlp_2x100_bn_l2,5,1,132,0.013136370107531548,0.01267323363572359
mlp_2x100_bn_l2,5,1,133,0.013486834242939949,0.010809040628373623
mlp_2x100_bn_l2,5,1,134,0.013156162574887276,0.011021844111382961
mlp_2x100_bn_l2,5,1,135,0.013611281290650368,0.010065077804028988
mlp_2x100_bn_l2,5,1,136,0.013180105946958065,0.011084139347076416
mlp_2x100_bn_l2,5,1,137,0.013048925437033176,0.010110728442668915
mlp_2x100_bn_l2,5,1,138,0.012840510345995426,0.009729476645588875
mlp_2x100_bn_l2,5,1,139,0.012899385765194893,0.011833533644676208
mlp_2x100_bn_l2,5,1,140,0.012691543437540531,0.010861294344067574
mlp_2x100_bn_l2,5,1,141,0.012718506157398224,0.012320414185523987
mlp_2x100_bn_l2,5,1,142,0.012818768620491028,0.0118199298158288
mlp_2x100_bn_l2,5,1,143,0.013091767206788063,0.013542723841965199
mlp_2x100_bn_l2,5,1,144,0.012946444563567638,0.011131642386317253
mlp_2x100_bn_l2,5,1,145,0.012715072371065617,0.011313253082334995
mlp_2x100_bn_l2,5,1,146,0.0124824158847332,0.01081849355250597
mlp_2x100_bn_l2,5,1,147,0.012456097640097141,0.010293332859873772
mlp_2x100_bn_l2,5,1,148,0.012337890453636646,0.010746337473392487
mlp_2x100_bn_l2,5,1,149,0.012258576229214668,0.010269724763929844
mlp_2x100_bn_l2,5,1,150,0.012274195440113544,0.012251206673681736
mlp_2x100_bn_l2,5,1,151,0.012300501577556133,0.009628035128116608
mlp_2x100_bn_l2,5,1,152,0.012244275771081448,0.014568784274160862
mlp_2x100_bn_l2,5,1,153,0.012299313209950924,0.010808234103024006
mlp_2x100_bn_l2,5,1,154,0.012265980243682861,0.010008268058300018
mlp_2x100_bn_l2,5,1,155,0.012151267379522324,0.009869758039712906
mlp_2x100_bn_l2,5,1,156,0.012118922546505928,0.012792202644050121
mlp_2x100_bn_l2,5,1,157,0.01209160778671503,0.010275893844664097
mlp_2x100_bn_l2,5,1,158,0.012045142240822315,0.016801392659544945
mlp_2x100_bn_l2,5,1,159,0.012205502949655056,0.009570353664457798
mlp_2x100_bn_l2,5,1,160,0.012272907420992851,0.014865494333207607
mlp_2x100_bn_l2,5,1,161,0.01285475678741932,0.010036412626504898
mlp_2x100_bn_l2,5,1,162,0.012186525389552116,0.00972865428775549
mlp_2x100_bn_l2,5,1,163,0.012460025027394295,0.009929778054356575
mlp_2x100_bn_l2,5,1,164,0.012277078814804554,0.010486399754881859
mlp_2x100_bn_l2,5,1,165,0.012840167619287968,0.010132132098078728
mlp_2x100_bn_l2,5,1,166,0.012688908725976944,0.01266128197312355
mlp_2x100_bn_l2,5,1,167,0.012488288804888725,0.021405160427093506
mlp_2x100_bn_l2,5,1,168,0.012558748945593834,0.012255129404366016
mlp_2x100_bn_l2,5,1,169,0.012249420396983624,0.01004839688539505
mlp_2x100_bn_l2,5,1,170,0.012142539024353027,0.009708954021334648
mlp_2x100_bn_l2,5,1,171,0.012134106829762459,0.009944699704647064
mlp_2x100_bn_l2,5,1,172,0.012113341130316257,0.009605578146874905
mlp_2x100_bn_l2,5,1,173,0.011977854184806347,0.014701698906719685
mlp_2x100_bn_l2,5,1,174,0.01194753311574459,0.010294725187122822
mlp_2x100_bn_l2,5,1,175,0.011919191107153893,0.01081183273345232
mlp_2x100_bn_l2,5,1,176,0.011973327025771141,0.01147492229938507
mlp_2x100_bn_l2,5,1,177,0.011911535635590553,0.011842437088489532
mlp_2x100_bn_l2,5,1,178,0.01208985410630703,0.01037011481821537
mlp_2x100_bn_l2,5,1,179,0.012020418420433998,0.009503956884145737
mlp_2x100_bn_l2,5,1,180,0.012021836824715137,0.012618298642337322
mlp_2x100_bn_l2,5,1,181,0.01216134987771511,0.010899892076849937
mlp_2x100_bn_l2,5,1,182,0.01199102308601141,0.011762512847781181
mlp_2x100_bn_l2,5,1,183,0.011896303854882717,0.009513257071375847
mlp_2x100_bn_l2,5,1,184,0.011863033287227154,0.009428846649825573
mlp_2x100_bn_l2,5,1,185,0.011881204321980476,0.010252591222524643
mlp_2x100_bn_l2,5,1,186,0.0118276197463274,0.009601136669516563
mlp_2x100_bn_l2,5,1,187,0.011794308200478554,0.009488406591117382
mlp_2x100_bn_l2,5,1,188,0.011824916116893291,0.0094452528283
mlp_2x100_bn_l2,5,1,189,0.011822900734841824,0.011217151768505573
mlp_2x100_bn_l2,5,1,190,0.011886605992913246,0.009384367614984512
mlp_2x100_bn_l2,5,1,191,0.011831561103463173,0.010277488268911839
mlp_2x100_bn_l2,5,1,192,0.011932764202356339,0.009419715031981468
mlp_2x100_bn_l2,5,1,193,0.011820897459983826,0.010292629711329937
mlp_2x100_bn_l2,5,1,194,0.011791219934821129,0.013061633333563805
mlp_2x100_bn_l2,5,1,195,0.011766241863369942,0.010063905268907547
mlp_2x100_bn_l2,5,1,196,0.011904117651283741,0.009538442827761173
mlp_2x100_bn_l2,5,1,197,0.011799847707152367,0.010642853565514088
mlp_2x100_bn_l2,5,1,198,0.011813700199127197,0.014949184842407703
mlp_2x100_bn_l2,5,1,199,0.01177678070962429,0.009527015499770641
mlp_2x100_bn_l2,5,1,200,0.011734385043382645,0.011167646385729313
mlp_2x100_bn_l2,5,5,1,0.4854680299758911,0.17852014303207397
mlp_2x100_bn_l2,5,5,2,0.17035025358200073,0.1009293720126152
mlp_2x100_bn_l2,5,5,3,0.09055249392986298,0.06314163655042648
mlp_2x100_bn_l2,5,5,4,0.06115639954805374,0.04567179083824158
mlp_2x100_bn_l2,5,5,5,0.046675924211740494,0.03661109879612923
mlp_2x100_bn_l2,5,5,6,0.03834760561585426,0.031050056219100952
mlp_2x100_bn_l2,5,5,7,0.032977331429719925,0.027151312679052353
mlp_2x100_bn_l2,5,5,8,0.029383404180407524,0.02468722127377987
mlp_2x100_bn_l2,5,5,9,0.026786139234900475,0.022813044488430023
mlp_2x100_bn_l2,5,5,10,0.0245355237275362,0.02097349800169468
mlp_2x100_bn_l2,5,5,11,0.022855767980217934,0.019634045660495758
mlp_2x100_bn_l2,5,5,12,0.021312715485692024,0.018093304708600044
mlp_2x100_bn_l2,5,5,13,0.01988779567182064,0.017324300482869148
mlp_2x100_bn_l2,5,5,14,0.01866372488439083,0.016493605449795723
mlp_2x100_bn_l2,5,5,15,0.017762484028935432,0.01524279359728098
mlp_2x100_bn_l2,5,5,16,0.016718879342079163,0.014706439338624477
mlp_2x100_bn_l2,5,5,17,0.015634682029485703,0.013854721561074257
mlp_2x100_bn_l2,5,5,18,0.014898866415023804,0.012840122915804386
mlp_2x100_bn_l2,5,5,19,0.013946974650025368,0.011901910416781902
mlp_2x100_bn_l2,5,5,20,0.013232043944299221,0.011464905925095081
mlp_2x100_bn_l2,5,5,21,0.01253938302397728,0.01044045202434063
mlp_2x100_bn_l2,5,5,22,0.011850825510919094,0.009866876527667046
mlp_2x100_bn_l2,5,5,23,0.01130848191678524,0.00943013746291399
mlp_2x100_bn_l2,5,5,24,0.010802957229316235,0.009008008055388927
mlp_2x100_bn_l2,5,5,25,0.01029365137219429,0.008579243905842304
mlp_2x100_bn_l2,5,5,26,0.009759040549397469,0.008217766880989075
mlp_2x100_bn_l2,5,5,27,0.009486277587711811,0.007738124579191208
mlp_2x100_bn_l2,5,5,28,0.0093598123639822,0.007500294595956802
mlp_2x100_bn_l2,5,5,29,0.008866949938237667,0.007175925187766552
mlp_2x100_bn_l2,5,5,30,0.00859010312706232,0.00719972001388669
mlp_2x100_bn_l2,5,5,31,0.008638161234557629,0.00669379997998476
mlp_2x100_bn_l2,5,5,32,0.008306236937642097,0.006433488801121712
mlp_2x100_bn_l2,5,5,33,0.008098641410470009,0.006345674861222506
mlp_2x100_bn_l2,5,5,34,0.008031019009649754,0.006404873915016651
mlp_2x100_bn_l2,5,5,35,0.007813319563865662,0.006276783999055624
mlp_2x100_bn_l2,5,5,36,0.007574556395411491,0.0061980620957911015
mlp_2x100_bn_l2,5,5,37,0.007570298854261637,0.0055674356408417225
mlp_2x100_bn_l2,5,5,38,0.007374932523816824,0.005949144251644611
mlp_2x100_bn_l2,5,5,39,0.007348036393523216,0.005812190473079681
mlp_2x100_bn_l2,5,5,40,0.007414386607706547,0.006076798774302006
mlp_2x100_bn_l2,5,5,41,0.007470753975212574,0.005894833710044622
mlp_2x100_bn_l2,5,5,42,0.007280909921973944,0.005951463710516691
mlp_2x100_bn_l2,5,5,43,0.007223217282444239,0.005754809360951185
mlp_2x100_bn_l2,5,5,44,0.007202615961432457,0.006212102249264717
mlp_2x100_bn_l2,5,5,45,0.007239983417093754,0.006022223737090826
mlp_2x100_bn_l2,5,5,46,0.007141441106796265,0.005492716562002897
mlp_2x100_bn_l2,5,5,47,0.0071328491903841496,0.005440532695502043
mlp_2x100_bn_l2,5,5,48,0.007098463363945484,0.005468684248626232
mlp_2x100_bn_l2,5,5,49,0.0071159289218485355,0.00551610067486763
mlp_2x100_bn_l2,5,5,50,0.007070838939398527,0.0050854370929300785
mlp_2x100_bn_l2,5,5,51,0.007035256829112768,0.005417991429567337
mlp_2x100_bn_l2,5,5,52,0.007090531289577484,0.0053193471394479275
mlp_2x100_bn_l2,5,5,53,0.007162059657275677,0.0056175305508077145
mlp_2x100_bn_l2,5,5,54,0.007064442615956068,0.005264675244688988
mlp_2x100_bn_l2,5,5,55,0.007154185324907303,0.005998741835355759
mlp_2x100_bn_l2,5,5,56,0.007169119082391262,0.005368356592953205
mlp_2x100_bn_l2,5,5,57,0.0071233236230909824,0.005227521527558565
mlp_2x100_bn_l2,5,5,58,0.007099755108356476,0.005382930394262075
mlp_2x100_bn_l2,5,5,59,0.007112996652722359,0.005337709095329046
mlp_2x100_bn_l2,5,5,60,0.007356950081884861,0.006058017257601023
mlp_2x100_bn_l2,5,5,61,0.007141022011637688,0.005290453787893057
mlp_2x100_bn_l2,5,5,62,0.007463233545422554,0.005579431541264057
mlp_2x100_bn_l2,5,5,63,0.007360965013504028,0.0053607807494699955
mlp_2x100_bn_l2,5,5,64,0.007260771933943033,0.005624195095151663
mlp_2x100_bn_l2,5,5,65,0.007429114077240229,0.0059128194116055965
mlp_2x100_bn_l2,5,5,66,0.007266816683113575,0.005253993906080723
mlp_2x100_bn_l2,5,5,67,0.007337210234254599,0.005284355022013187
mlp_2x100_bn_l2,5,5,68,0.00743656512349844,0.005487058311700821
mlp_2x100_bn_l2,5,5,69,0.007316324394196272,0.005409811623394489
mlp_2x100_bn_l2,5,5,70,0.007337966933846474,0.005243249237537384
mlp_2x100_bn_l2,5,5,71,0.007587905507534742,0.005767074879258871
mlp_2x100_bn_l2,5,5,72,0.00717720715329051,0.005315173417329788
mlp_2x100_bn_l2,5,5,73,0.007211166899651289,0.005289053078740835
mlp_2x100_bn_l2,5,5,74,0.0071505834348499775,0.005347856320440769
mlp_2x100_bn_l2,5,5,75,0.00736556202173233,0.006081712897866964
mlp_2x100_bn_l2,5,5,76,0.00707331532612443,0.005147656425833702
mlp_2x100_bn_l2,5,5,77,0.007070356048643589,0.005445089656859636
mlp_2x100_bn_l2,5,5,78,0.00835697166621685,0.005833976436406374
mlp_2x100_bn_l2,5,5,79,0.007196455262601376,0.0052223121747374535
mlp_2x100_bn_l2,5,5,80,0.00705460412427783,0.0051475209183990955
mlp_2x100_bn_l2,5,5,81,0.007121061906218529,0.005250611808151007
mlp_2x100_bn_l2,5,5,82,0.007040104828774929,0.005203232169151306
mlp_2x100_bn_l2,5,5,83,0.00720572704449296,0.005338993389159441
mlp_2x100_bn_l2,5,5,84,0.00722789391875267,0.0051355380564928055
mlp_2x100_bn_l2,5,5,85,0.007232579868286848,0.0056976694613695145
mlp_2x100_bn_l2,5,5,86,0.0071495333686470985,0.005243267863988876
mlp_2x100_bn_l2,5,5,87,0.00743276858702302,0.005304254591464996
mlp_2x100_bn_l2,5,5,88,0.007397809997200966,0.0051171849481761456
mlp_2x100_bn_l2,5,5,89,0.006978877354413271,0.005114307161420584
mlp_2x100_bn_l2,5,5,90,0.007072261534631252,0.005432003177702427
mlp_2x100_bn_l2,5,5,91,0.00755732087418437,0.005221480503678322
mlp_2x100_bn_l2,5,5,92,0.007104517892003059,0.005036189220845699
mlp_2x100_bn_l2,5,5,93,0.00768657959997654,0.005354863591492176
mlp_2x100_bn_l2,5,5,94,0.007344362325966358,0.005456908140331507
mlp_2x100_bn_l2,5,5,95,0.007300423923879862,0.005124789196997881
mlp_2x100_bn_l2,5,5,96,0.007690500468015671,0.00517619401216507
mlp_2x100_bn_l2,5,5,97,0.007720143534243107,0.005336337722837925
mlp_2x100_bn_l2,5,5,98,0.0072933766059577465,0.005157639738172293
mlp_2x100_bn_l2,5,5,99,0.007336391601711512,0.005394644103944302
mlp_2x100_bn_l2,5,5,100,0.007353281602263451,0.005042791832238436
mlp_2x100_bn_l2,5,5,101,0.007051190827041864,0.0062261056154966354
mlp_2x100_bn_l2,5,5,102,0.00799150113016367,0.00526603264734149
mlp_2x100_bn_l2,5,5,103,0.00780996261164546,0.00574989290907979
mlp_2x100_bn_l2,5,5,104,0.008733631111681461,0.0066979811526834965
mlp_2x100_bn_l2,5,5,105,0.008231502026319504,0.005392712540924549
mlp_2x100_bn_l2,5,5,106,0.007059140596538782,0.0050051212310791016
mlp_2x100_bn_l2,5,5,107,0.0071313944645226,0.0055896514095366
mlp_2x100_bn_l2,5,5,108,0.006948939058929682,0.00506637105718255
mlp_2x100_bn_l2,5,5,109,0.006718029733747244,0.004836517386138439
mlp_2x100_bn_l2,5,5,110,0.007282767444849014,0.0055281319655478
mlp_2x100_bn_l2,5,5,111,0.007505081593990326,0.005623216740787029
mlp_2x100_bn_l2,5,5,112,0.00701933866366744,0.005127792712301016
mlp_2x100_bn_l2,5,5,113,0.007823646999895573,0.00513818534091115
mlp_2x100_bn_l2,5,5,114,0.007700071670114994,0.005071043502539396
mlp_2x100_bn_l2,5,5,115,0.007743254769593477,0.005273427814245224
mlp_2x100_bn_l2,5,5,116,0.007580949459224939,0.00547826150432229
mlp_2x100_bn_l2,5,5,117,0.007744046859443188,0.0073372977785766125
mlp_2x100_bn_l2,5,5,118,0.007452342659235001,0.0048362379893660545
mlp_2x100_bn_l2,5,5,119,0.006965169217437506,0.0051316372118890285
mlp_2x100_bn_l2,5,5,120,0.006793060805648565,0.004891661461442709
mlp_2x100_bn_l2,5,5,121,0.007699054665863514,0.004959336947649717
mlp_2x100_bn_l2,5,5,122,0.006920182146131992,0.004670310765504837
mlp_2x100_bn_l2,5,5,123,0.006830865982919931,0.004872215446084738
mlp_2x100_bn_l2,5,5,124,0.006727726198732853,0.0048460401594638824
mlp_2x100_bn_l2,5,5,125,0.00670441472902894,0.004786609206348658
mlp_2x100_bn_l2,5,5,126,0.006554579362273216,0.004797054920345545
mlp_2x100_bn_l2,5,5,127,0.006510360166430473,0.00471340911462903
mlp_2x100_bn_l2,5,5,128,0.006704898085445166,0.004706829320639372
mlp_2x100_bn_l2,5,5,129,0.0066422573290765285,0.004700824152678251
mlp_2x100_bn_l2,5,5,130,0.006792069412767887,0.004839345812797546
mlp_2x100_bn_l2,5,5,131,0.006500006653368473,0.004725302569568157
mlp_2x100_bn_l2,5,5,132,0.006579398177564144,0.004835173487663269
mlp_2x100_bn_l2,5,5,133,0.006565341725945473,0.004697006661444902
mlp_2x100_bn_l2,5,5,134,0.00664186105132103,0.004668863955885172
mlp_2x100_bn_l2,5,5,135,0.0066049774177372456,0.004621511325240135
mlp_2x100_bn_l2,5,5,136,0.006612550001591444,0.004760732874274254
mlp_2x100_bn_l2,5,5,137,0.006495571695268154,0.004552339669317007
mlp_2x100_bn_l2,5,5,138,0.006289000157266855,0.004502145107835531
mlp_2x100_bn_l2,5,5,139,0.0065214913338422775,0.00482952268794179
mlp_2x100_bn_l2,5,5,140,0.00690120505169034,0.00543942442163825
mlp_2x100_bn_l2,5,5,141,0.007346530444920063,0.004921522922813892
mlp_2x100_bn_l2,5,5,142,0.0065997010096907616,0.0063690259121358395
mlp_2x100_bn_l2,5,5,143,0.006691624876111746,0.005093983840197325
mlp_2x100_bn_l2,5,5,144,0.006504186894744635,0.006570758298039436
mlp_2x100_bn_l2,5,5,145,0.0068992264568805695,0.0054308464750647545
mlp_2x100_bn_l2,5,5,146,0.00656057707965374,0.004983184393495321
mlp_2x100_bn_l2,5,5,147,0.00627896748483181,0.004603358916938305
mlp_2x100_bn_l2,5,5,148,0.006365107372403145,0.00457056425511837
mlp_2x100_bn_l2,5,5,149,0.006245813798159361,0.004410440102219582
mlp_2x100_bn_l2,5,5,150,0.006147080101072788,0.004490006249397993
mlp_2x100_bn_l2,5,5,151,0.006071385927498341,0.004491796717047691
mlp_2x100_bn_l2,5,5,152,0.006285440176725388,0.004474103916436434
mlp_2x100_bn_l2,5,5,153,0.006070740055292845,0.004510991275310516
mlp_2x100_bn_l2,5,5,154,0.005981067195534706,0.004515114240348339
mlp_2x100_bn_l2,5,5,155,0.006015353836119175,0.004352537915110588
mlp_2x100_bn_l2,5,5,156,0.0059267859905958176,0.004366562236100435
mlp_2x100_bn_l2,5,5,157,0.0059564621187746525,0.004313962068408728
mlp_2x100_bn_l2,5,5,158,0.005876977927982807,0.004343862179666758
mlp_2x100_bn_l2,5,5,159,0.0058831931091845036,0.004324362147599459
mlp_2x100_bn_l2,5,5,160,0.005837796721607447,0.0043065487407147884
mlp_2x100_bn_l2,5,5,161,0.005903333891183138,0.004298193380236626
mlp_2x100_bn_l2,5,5,162,0.006032631732523441,0.00434690760448575
mlp_2x100_bn_l2,5,5,163,0.005972399841994047,0.004314878024160862
mlp_2x100_bn_l2,5,5,164,0.005966901313513517,0.004291236866265535
mlp_2x100_bn_l2,5,5,165,0.00584076764062047,0.0043013254180550575
mlp_2x100_bn_l2,5,5,166,0.00580602465197444,0.004265511408448219
mlp_2x100_bn_l2,5,5,167,0.00580775598064065,0.00427336385473609
mlp_2x100_bn_l2,5,5,168,0.005776684731245041,0.00425518024712801
mlp_2x100_bn_l2,5,5,169,0.005782102234661579,0.00574716879054904
mlp_2x100_bn_l2,5,5,170,0.006115838885307312,0.004499864298850298
mlp_2x100_bn_l2,5,5,171,0.005839035380631685,0.004268682561814785
mlp_2x100_bn_l2,5,5,172,0.0057715438306331635,0.004244751296937466
mlp_2x100_bn_l2,5,5,173,0.005802583415061235,0.004254657309502363
mlp_2x100_bn_l2,5,5,174,0.005761201027780771,0.004244010895490646
mlp_2x100_bn_l2,5,5,175,0.005737444385886192,0.004246181808412075
mlp_2x100_bn_l2,5,5,176,0.005824169609695673,0.004294094163924456
mlp_2x100_bn_l2,5,5,177,0.005888349376618862,0.0042787459678947926
mlp_2x100_bn_l2,5,5,178,0.005799929145723581,0.0042449235916137695
mlp_2x100_bn_l2,5,5,179,0.005794011056423187,0.0042360564693808556
mlp_2x100_bn_l2,5,5,180,0.005794953089207411,0.004303986206650734
mlp_2x100_bn_l2,5,5,181,0.0058078281581401825,0.004235085565596819
mlp_2x100_bn_l2,5,5,182,0.005929249804466963,0.004283127374947071
mlp_2x100_bn_l2,5,5,183,0.005729403346776962,0.00420858571305871
mlp_2x100_bn_l2,5,5,184,0.005652977619320154,0.004200773313641548
mlp_2x100_bn_l2,5,5,185,0.0056421332992613316,0.00419970927760005
mlp_2x100_bn_l2,5,5,186,0.005627794191241264,0.004197530914098024
mlp_2x100_bn_l2,5,5,187,0.005612814798951149,0.004195880144834518
mlp_2x100_bn_l2,5,5,188,0.0056156557984650135,0.004199993796646595
mlp_2x100_bn_l2,5,5,189,0.005605990998446941,0.004196493420749903
mlp_2x100_bn_l2,5,5,190,0.005605376325547695,0.004192729480564594
mlp_2x100_bn_l2,5,5,191,0.0056438990868628025,0.029753444716334343
mlp_2x100_bn_l2,5,5,192,0.005650890525430441,0.012950428761541843
mlp_2x100_bn_l2,5,5,193,0.005640069022774696,0.028132664039731026
mlp_2x100_bn_l2,5,5,194,0.005668109282851219,0.004476507194340229
mlp_2x100_bn_l2,5,5,195,0.0057034739293158054,0.008302277885377407
mlp_2x100_bn_l2,5,5,196,0.005786765832453966,0.013380743563175201
mlp_2x100_bn_l2,5,5,197,0.005624502431601286,0.00629423139616847
mlp_2x100_bn_l2,5,5,198,0.005600144155323505,0.004576203878968954
mlp_2x100_bn_l2,5,5,199,0.005611978471279144,0.004232171457260847
mlp_2x100_bn_l2,5,5,200,0.00558949401602149,0.004195388872176409
mlp_2x100_bn_l2,5,30,1,0.4855932295322418,0.1778428554534912
mlp_2x100_bn_l2,5,30,2,0.1697651445865631,0.10093127936124802
mlp_2x100_bn_l2,5,30,3,0.08990888297557831,0.06259432435035706
mlp_2x100_bn_l2,5,30,4,0.06030210852622986,0.04527829959988594
mlp_2x100_bn_l2,5,30,5,0.04566044732928276,0.03550591319799423
mlp_2x100_bn_l2,5,30,6,0.03718500956892967,0.029880819842219353
mlp_2x100_bn_l2,5,30,7,0.03174140304327011,0.026716530323028564
mlp_2x100_bn_l2,5,30,8,0.027969105169177055,0.02363748475909233
mlp_2x100_bn_l2,5,30,9,0.02507403865456581,0.021585945039987564
mlp_2x100_bn_l2,5,30,10,0.022685309872031212,0.019595295190811157
mlp_2x100_bn_l2,5,30,11,0.020700467750430107,0.01815788634121418
mlp_2x100_bn_l2,5,30,12,0.019029946997761726,0.01693073846399784
mlp_2x100_bn_l2,5,30,13,0.017764881253242493,0.015478781424462795
mlp_2x100_bn_l2,5,30,14,0.016455024480819702,0.01421942189335823
mlp_2x100_bn_l2,5,30,15,0.01533365249633789,0.01361878402531147
mlp_2x100_bn_l2,5,30,16,0.014343329705297947,0.012432041577994823
mlp_2x100_bn_l2,5,30,17,0.013234027661383152,0.011630519293248653
mlp_2x100_bn_l2,5,30,18,0.012323150411248207,0.01055125892162323
mlp_2x100_bn_l2,5,30,19,0.0114743085578084,0.009969906881451607
mlp_2x100_bn_l2,5,30,20,0.010731636546552181,0.009575079195201397
mlp_2x100_bn_l2,5,30,21,0.00990498997271061,0.008689798414707184
mlp_2x100_bn_l2,5,30,22,0.009358995594084263,0.007895889692008495
mlp_2x100_bn_l2,5,30,23,0.008681682869791985,0.007194932550191879
mlp_2x100_bn_l2,5,30,24,0.008275705389678478,0.007153318263590336
mlp_2x100_bn_l2,5,30,25,0.00807490199804306,0.006318299565464258
mlp_2x100_bn_l2,5,30,26,0.007357526570558548,0.006519058253616095
mlp_2x100_bn_l2,5,30,27,0.00690147140994668,0.005843616556376219
mlp_2x100_bn_l2,5,30,28,0.006766648031771183,0.005624495912343264
mlp_2x100_bn_l2,5,30,29,0.006396003533154726,0.0052480800077319145
mlp_2x100_bn_l2,5,30,30,0.006129372864961624,0.005057086702436209
mlp_2x100_bn_l2,5,30,31,0.006009822711348534,0.004687388893216848
mlp_2x100_bn_l2,5,30,32,0.00567096471786499,0.004537409171462059
mlp_2x100_bn_l2,5,30,33,0.005284072365611792,0.004125179722905159
mlp_2x100_bn_l2,5,30,34,0.005255517549812794,0.004612071439623833
mlp_2x100_bn_l2,5,30,35,0.005109121091663837,0.004257364198565483
mlp_2x100_bn_l2,5,30,36,0.005165127571672201,0.0046266233548521996
mlp_2x100_bn_l2,5,30,37,0.005093809682875872,0.004179669078439474
mlp_2x100_bn_l2,5,30,38,0.004862733650952578,0.0038033586461097
mlp_2x100_bn_l2,5,30,39,0.004623175598680973,0.0037797854747623205
mlp_2x100_bn_l2,5,30,40,0.0047072735615074635,0.00348146865144372
mlp_2x100_bn_l2,5,30,41,0.0045291343703866005,0.0036033038049936295
mlp_2x100_bn_l2,5,30,42,0.004430011846125126,0.0033007238525897264
mlp_2x100_bn_l2,5,30,43,0.004599001724272966,0.0031784954480826855
mlp_2x100_bn_l2,5,30,44,0.0048137386329472065,0.0037463067565113306
mlp_2x100_bn_l2,5,30,45,0.00466854777187109,0.006938276346772909
mlp_2x100_bn_l2,5,30,46,0.005308812018483877,0.003961687441915274
mlp_2x100_bn_l2,5,30,47,0.004344977904111147,0.002990780398249626
mlp_2x100_bn_l2,5,30,48,0.004559112247079611,0.003120842156931758
mlp_2x100_bn_l2,5,30,49,0.004546499345451593,0.0034905648790299892
mlp_2x100_bn_l2,5,30,50,0.004608508199453354,0.0034217792563140392
mlp_2x100_bn_l2,5,30,51,0.0057768565602600574,0.004195206332951784
mlp_2x100_bn_l2,5,30,52,0.004739576485008001,0.003138258121907711
mlp_2x100_bn_l2,5,30,53,0.004564027301967144,0.0032895710319280624
mlp_2x100_bn_l2,5,30,54,0.0051478915847837925,0.004394329618662596
mlp_2x100_bn_l2,5,30,55,0.005629934370517731,0.0037016707938164473
mlp_2x100_bn_l2,5,30,56,0.004784447140991688,0.0032721995376050472
mlp_2x100_bn_l2,5,30,57,0.004776745103299618,0.0030855941586196423
mlp_2x100_bn_l2,5,30,58,0.0046217674389481544,0.0031596506014466286
mlp_2x100_bn_l2,5,30,59,0.004545291420072317,0.0035481632221490145
mlp_2x100_bn_l2,5,30,60,0.004606273490935564,0.0035153552889823914
mlp_2x100_bn_l2,5,30,61,0.005011662375181913,0.003501998959109187
mlp_2x100_bn_l2,5,30,62,0.004612613935023546,0.0032249942887574434
mlp_2x100_bn_l2,5,30,63,0.0052368356846272945,0.003323040436953306
mlp_2x100_bn_l2,5,30,64,0.00501791900023818,0.0037760797422379255
mlp_2x100_bn_l2,5,30,65,0.005859191529452801,0.004059541504830122
mlp_2x100_bn_l2,5,30,66,0.004919126164168119,0.003496649442240596
mlp_2x100_bn_l2,5,30,67,0.004344490356743336,0.003024899633601308
mlp_2x100_bn_l2,5,30,68,0.004252312239259481,0.002963263774290681
mlp_2x100_bn_l2,5,30,69,0.004413353744894266,0.0030027865432202816
mlp_2x100_bn_l2,5,30,70,0.004704120568931103,0.003231282811611891
mlp_2x100_bn_l2,5,30,71,0.004943221807479858,0.003094335552304983
mlp_2x100_bn_l2,5,30,72,0.004215499851852655,0.0031900075264275074
mlp_2x100_bn_l2,5,30,73,0.005059720948338509,0.0034022030886262655
mlp_2x100_bn_l2,5,30,74,0.004812713246792555,0.0033437181264162064
mlp_2x100_bn_l2,5,30,75,0.004301971755921841,0.0030092436354607344
mlp_2x100_bn_l2,5,30,76,0.004194410052150488,0.0027924294117838144
mlp_2x100_bn_l2,5,30,77,0.004080997314304113,0.002850278513506055
mlp_2x100_bn_l2,5,30,78,0.004209636710584164,0.003305211663246155
mlp_2x100_bn_l2,5,30,79,0.004526427015662193,0.002884774934500456
mlp_2x100_bn_l2,5,30,80,0.004126897547394037,0.0029158815741539
mlp_2x100_bn_l2,5,30,81,0.004689905326813459,0.003504681633785367
mlp_2x100_bn_l2,5,30,82,0.0047246296890079975,0.0034521021880209446
mlp_2x100_bn_l2,5,30,83,0.0055559310130774975,0.003801650833338499
mlp_2x100_bn_l2,5,30,84,0.004656089004129171,0.0030871410854160786
mlp_2x100_bn_l2,5,30,85,0.004495967645198107,0.0029853819869458675
mlp_2x100_bn_l2,5,30,86,0.0047663794830441475,0.0032655089162290096
mlp_2x100_bn_l2,5,30,87,0.004888000898063183,0.003126364666968584
mlp_2x100_bn_l2,5,30,88,0.00435990747064352,0.003015287220478058
mlp_2x100_bn_l2,5,30,89,0.00423749815672636,0.0030931145884096622
mlp_2x100_bn_l2,5,30,90,0.004234517924487591,0.003120140405371785
mlp_2x100_bn_l2,5,30,91,0.0043815141543745995,0.0030678913462907076
mlp_2x100_bn_l2,5,30,92,0.004059792496263981,0.002911219373345375
mlp_2x100_bn_l2,5,30,93,0.004183945711702108,0.0027818558737635612
mlp_2x100_bn_l2,5,30,94,0.004056704696267843,0.002841452369466424
mlp_2x100_bn_l2,5,30,95,0.004049580078572035,0.002910437062382698
mlp_2x100_bn_l2,5,30,96,0.0041154962964355946,0.0034776481334120035
mlp_2x100_bn_l2,5,30,97,0.00433768518269062,0.0029310192912817
mlp_2x100_bn_l2,5,30,98,0.004096487071365118,0.00271476898342371
mlp_2x100_bn_l2,5,30,99,0.005150606855750084,0.003529594512656331
mlp_2x100_bn_l2,5,30,100,0.006085909437388182,0.0036040260456502438
mlp_2x100_bn_l2,5,30,101,0.004616702441126108,0.0031241625547409058
mlp_2x100_bn_l2,5,30,102,0.00416371738538146,0.002840096829459071
mlp_2x100_bn_l2,5,30,103,0.004006176721304655,0.002744179917499423
mlp_2x100_bn_l2,5,30,104,0.0038602608256042004,0.0027479983400553465
mlp_2x100_bn_l2,5,30,105,0.003789189038798213,0.0027600089088082314
mlp_2x100_bn_l2,5,30,106,0.0040254429914057255,0.002891632029786706
mlp_2x100_bn_l2,5,30,107,0.0037987816613167524,0.0027226596139371395
mlp_2x100_bn_l2,5,30,108,0.003930407576262951,0.0025555570609867573
mlp_2x100_bn_l2,5,30,109,0.0038366280496120453,0.0026537759695202112
mlp_2x100_bn_l2,5,30,110,0.0038014135789126158,0.0027081554289907217
mlp_2x100_bn_l2,5,30,111,0.0041951085440814495,0.002817327855154872
mlp_2x100_bn_l2,5,30,112,0.004355066455900669,0.003160201944410801
mlp_2x100_bn_l2,5,30,113,0.005089192185550928,0.0032958262600004673
mlp_2x100_bn_l2,5,30,114,0.004467391408979893,0.003059983719140291
mlp_2x100_bn_l2,5,30,115,0.005962729919701815,0.0033681164495646954
mlp_2x100_bn_l2,5,30,116,0.004744797945022583,0.002989870961755514
mlp_2x100_bn_l2,5,30,117,0.004329958464950323,0.0027239276096224785
mlp_2x100_bn_l2,5,30,118,0.0039344714023172855,0.0028313826769590378
mlp_2x100_bn_l2,5,30,119,0.0043434808030724525,0.0029844476375728846
mlp_2x100_bn_l2,5,30,120,0.0039180670864880085,0.002713195513933897
mlp_2x100_bn_l2,5,30,121,0.0037427085917443037,0.002614205237478018
mlp_2x100_bn_l2,5,30,122,0.003828544868156314,0.0027603718917816877
mlp_2x100_bn_l2,5,30,123,0.0037473724223673344,0.0024930601939558983
mlp_2x100_bn_l2,5,30,124,0.003684002673253417,0.002582412911579013
mlp_2x100_bn_l2,5,30,125,0.0037246549036353827,0.0025439749006181955
mlp_2x100_bn_l2,5,30,126,0.003624031553044915,0.002501581097021699
mlp_2x100_bn_l2,5,30,127,0.0038212172221392393,0.0025683275889605284
mlp_2x100_bn_l2,5,30,128,0.0038666666951030493,0.0025317715480923653
mlp_2x100_bn_l2,5,30,129,0.003874942660331726,0.002532471902668476
mlp_2x100_bn_l2,5,30,130,0.0043900879099965096,0.0029378863982856274
mlp_2x100_bn_l2,5,30,131,0.004478582181036472,0.0025877917651087046
mlp_2x100_bn_l2,5,30,132,0.00420632679015398,0.002998161595314741
mlp_2x100_bn_l2,5,30,133,0.004018980544060469,0.00274906144477427
mlp_2x100_bn_l2,5,30,134,0.0036024812143296003,0.002614049706608057
mlp_2x100_bn_l2,5,30,135,0.003651562612503767,0.002697652904316783
mlp_2x100_bn_l2,5,30,136,0.003542328020557761,0.0026402755174785852
mlp_2x100_bn_l2,5,30,137,0.003516511060297489,0.0025469788815826178
mlp_2x100_bn_l2,5,30,138,0.0035220407880842686,0.0026232830714434385
mlp_2x100_bn_l2,5,30,139,0.003422553651034832,0.002580443397164345
mlp_2x100_bn_l2,5,30,140,0.0033947599586099386,0.0025282122660428286
mlp_2x100_bn_l2,5,30,141,0.0034598230849951506,0.002448449609801173
mlp_2x100_bn_l2,5,30,142,0.003864832455292344,0.002984466729685664
mlp_2x100_bn_l2,5,30,143,0.003808089066296816,0.0028043952770531178
mlp_2x100_bn_l2,5,30,144,0.00380137050524354,0.0027712720911949873
mlp_2x100_bn_l2,5,30,145,0.0034885078202933073,0.002555874641984701
mlp_2x100_bn_l2,5,30,146,0.0036916215904057026,0.002799395937472582
mlp_2x100_bn_l2,5,30,147,0.0034661414101719856,0.002324513392522931
mlp_2x100_bn_l2,5,30,148,0.00442095473408699,0.002507616300135851
mlp_2x100_bn_l2,5,30,149,0.004420147277414799,0.0026832493022084236
mlp_2x100_bn_l2,5,30,150,0.0037423893809318542,0.002530839527025819
mlp_2x100_bn_l2,5,30,151,0.0034113319125026464,0.002769131911918521
mlp_2x100_bn_l2,5,30,152,0.003687287215143442,0.0025217921938747168
mlp_2x100_bn_l2,5,30,153,0.0036779686342924833,0.0023942517582327127
mlp_2x100_bn_l2,5,30,154,0.003553541377186775,0.002678167074918747
mlp_2x100_bn_l2,5,30,155,0.003405763069167733,0.0028651084285229445
mlp_2x100_bn_l2,5,30,156,0.003430262440815568,0.002475013956427574
mlp_2x100_bn_l2,5,30,157,0.003362735267728567,0.002399778924882412
mlp_2x100_bn_l2,5,30,158,0.0032431476283818483,0.002447844482958317
mlp_2x100_bn_l2,5,30,159,0.003244733205065131,0.002268986776471138
mlp_2x100_bn_l2,5,30,160,0.0032320432364940643,0.002553083933889866
mlp_2x100_bn_l2,5,30,161,0.003253351664170623,0.0023664492182433605
mlp_2x100_bn_l2,5,30,162,0.0033759342040866613,0.0023950703907757998
mlp_2x100_bn_l2,5,30,163,0.003383732633665204,0.002454138593748212
mlp_2x100_bn_l2,5,30,164,0.0031959821935743093,0.0022873273119330406
mlp_2x100_bn_l2,5,30,165,0.0031784973107278347,0.0024478661362081766
mlp_2x100_bn_l2,5,30,166,0.0030801116954535246,0.002282046480104327
mlp_2x100_bn_l2,5,30,167,0.0030202739872038364,0.00224211229942739
mlp_2x100_bn_l2,5,30,168,0.003238328266888857,0.0026462418027222157
mlp_2x100_bn_l2,5,30,169,0.003318940754979849,0.002418777672573924
mlp_2x100_bn_l2,5,30,170,0.00347979087382555,0.0023501042742282152
mlp_2x100_bn_l2,5,30,171,0.003304383484646678,0.0027473438531160355
mlp_2x100_bn_l2,5,30,172,0.0033394633792340755,0.002154669724404812
mlp_2x100_bn_l2,5,30,173,0.0031733503565192223,0.002433324698358774
mlp_2x100_bn_l2,5,30,174,0.0031191648449748755,0.0024049330968409777
mlp_2x100_bn_l2,5,30,175,0.0031905442010611296,0.0022822858300060034
mlp_2x100_bn_l2,5,30,176,0.003139067906886339,0.002231614664196968
mlp_2x100_bn_l2,5,30,177,0.0030389861203730106,0.002209137426689267
mlp_2x100_bn_l2,5,30,178,0.0032587675377726555,0.004455112852156162
mlp_2x100_bn_l2,5,30,179,0.003732809331268072,0.0024131282698363066
mlp_2x100_bn_l2,5,30,180,0.003341926960274577,0.0024014622904360294
mlp_2x100_bn_l2,5,30,181,0.0030234074220061302,0.0025118018966168165
mlp_2x100_bn_l2,5,30,182,0.0029610462952405214,0.0025537884794175625
mlp_2x100_bn_l2,5,30,183,0.002957600401714444,0.0022010367829352617
mlp_2x100_bn_l2,5,30,184,0.002864019013941288,0.0022840602323412895
mlp_2x100_bn_l2,5,30,185,0.002863585017621517,0.0022178294602781534
mlp_2x100_bn_l2,5,30,186,0.002856760984286666,0.002454566303640604
mlp_2x100_bn_l2,5,30,187,0.0028246319852769375,0.0021454019006341696
mlp_2x100_bn_l2,5,30,188,0.002803081413730979,0.002334714401513338
mlp_2x100_bn_l2,5,30,189,0.003007003804668784,0.0021970856469124556
mlp_2x100_bn_l2,5,30,190,0.003023839555680752,0.002297269878908992
mlp_2x100_bn_l2,5,30,191,0.002860375912860036,0.0024136328138411045
mlp_2x100_bn_l2,5,30,192,0.002875812817364931,0.0020062087569385767
mlp_2x100_bn_l2,5,30,193,0.002779904752969742,0.002014097524806857
mlp_2x100_bn_l2,5,30,194,0.0028694546781480312,0.002031667623668909
mlp_2x100_bn_l2,5,30,195,0.0027691484428942204,0.0021857956890016794
mlp_2x100_bn_l2,5,30,196,0.002869053976610303,0.0020825020037591457
mlp_2x100_bn_l2,5,30,197,0.0028551719151437283,0.002056802622973919
mlp_2x100_bn_l2,5,30,198,0.0028534112498164177,0.00210274918936193
mlp_2x100_bn_l2,5,30,199,0.002779902657493949,0.0021650257986038923
mlp_2x100_bn_l2,5,30,200,0.0027760977391153574,0.0019302336731925607
mlp_2x100_bn_l2,5,90,1,0.4866202175617218,0.17540861666202545
mlp_2x100_bn_l2,5,90,2,0.1713729202747345,0.10024797916412354
mlp_2x100_bn_l2,5,90,3,0.090566486120224,0.06211535632610321
mlp_2x100_bn_l2,5,90,4,0.06063598766922951,0.04477154463529587
mlp_2x100_bn_l2,5,90,5,0.04576197639107704,0.0357513464987278
mlp_2x100_bn_l2,5,90,6,0.037180740386247635,0.02996528334915638
mlp_2x100_bn_l2,5,90,7,0.03160665184259415,0.02576505020260811
mlp_2x100_bn_l2,5,90,8,0.027818551287055016,0.02357477694749832
mlp_2x100_bn_l2,5,90,9,0.02482200786471367,0.020936233922839165
mlp_2x100_bn_l2,5,90,10,0.02250039204955101,0.019543970003724098
mlp_2x100_bn_l2,5,90,11,0.02067013457417488,0.018013134598731995
mlp_2x100_bn_l2,5,90,12,0.018888188526034355,0.016662420704960823
mlp_2x100_bn_l2,5,90,13,0.01757599599659443,0.015426578000187874
mlp_2x100_bn_l2,5,90,14,0.016332993283867836,0.014352463185787201
mlp_2x100_bn_l2,5,90,15,0.015066450461745262,0.01333240233361721
mlp_2x100_bn_l2,5,90,16,0.013919807970523834,0.012553758919239044
mlp_2x100_bn_l2,5,90,17,0.012947047129273415,0.01218419335782528
mlp_2x100_bn_l2,5,90,18,0.01233655121177435,0.010755405761301517
mlp_2x100_bn_l2,5,90,19,0.011478424072265625,0.01062187273055315
mlp_2x100_bn_l2,5,90,20,0.010395200923085213,0.009333483874797821
mlp_2x100_bn_l2,5,90,21,0.00991127360612154,0.00820943620055914
mlp_2x100_bn_l2,5,90,22,0.00898913387209177,0.007803860120475292
mlp_2x100_bn_l2,5,90,23,0.00864033680409193,0.007983754388988018
mlp_2x100_bn_l2,5,90,24,0.008228607475757599,0.006785790901631117
mlp_2x100_bn_l2,5,90,25,0.007536572404205799,0.006754632107913494
mlp_2x100_bn_l2,5,90,26,0.007406807038933039,0.00644132774323225
mlp_2x100_bn_l2,5,90,27,0.006780592724680901,0.005769236013293266
mlp_2x100_bn_l2,5,90,28,0.006429328583180904,0.004921560175716877
mlp_2x100_bn_l2,5,90,29,0.005961345508694649,0.005070548038929701
mlp_2x100_bn_l2,5,90,30,0.0057357307523489,0.004861452616751194
mlp_2x100_bn_l2,5,90,31,0.00545088155195117,0.0045916009694337845
mlp_2x100_bn_l2,5,90,32,0.005352003499865532,0.004809169098734856
mlp_2x100_bn_l2,5,90,33,0.005093540996313095,0.00434719305485487
mlp_2x100_bn_l2,5,90,34,0.004982627462595701,0.004385382402688265
mlp_2x100_bn_l2,5,90,35,0.004740606527775526,0.004015662707388401
mlp_2x100_bn_l2,5,90,36,0.004808650817722082,0.004255658481270075
mlp_2x100_bn_l2,5,90,37,0.0048272572457790375,0.0042562587186694145
mlp_2x100_bn_l2,5,90,38,0.004594217520207167,0.003771723946556449
mlp_2x100_bn_l2,5,90,39,0.00454612635076046,0.004037822596728802
mlp_2x100_bn_l2,5,90,40,0.004393892828375101,0.0034460704773664474
mlp_2x100_bn_l2,5,90,41,0.00452836649492383,0.0034113693982362747
mlp_2x100_bn_l2,5,90,42,0.004304120317101479,0.003771693678572774
mlp_2x100_bn_l2,5,90,43,0.004122099839150906,0.003040017792955041
mlp_2x100_bn_l2,5,90,44,0.004377446603029966,0.0039126756601035595
mlp_2x100_bn_l2,5,90,45,0.004613491706550121,0.003492875723168254
mlp_2x100_bn_l2,5,90,46,0.004352431278675795,0.003163962857797742
mlp_2x100_bn_l2,5,90,47,0.004456249065697193,0.003646424040198326
mlp_2x100_bn_l2,5,90,48,0.0044524166733026505,0.003353375941514969
mlp_2x100_bn_l2,5,90,49,0.00461794575676322,0.0034545576199889183
mlp_2x100_bn_l2,5,90,50,0.00416053319349885,0.0030737463384866714
mlp_2x100_bn_l2,5,90,51,0.004288834519684315,0.003263517515733838
mlp_2x100_bn_l2,5,90,52,0.004329918418079615,0.003742456203326583
mlp_2x100_bn_l2,5,90,53,0.004970209207385778,0.003132184734568
mlp_2x100_bn_l2,5,90,54,0.004270590376108885,0.003465384943410754
mlp_2x100_bn_l2,5,90,55,0.007140712346881628,0.007281455211341381
mlp_2x100_bn_l2,5,90,56,0.0064717126078903675,0.0041435579769313335
mlp_2x100_bn_l2,5,90,57,0.005072807427495718,0.003711521392688155
mlp_2x100_bn_l2,5,90,58,0.004247581586241722,0.002846905728802085
mlp_2x100_bn_l2,5,90,59,0.004143429454416037,0.0028629873413592577
mlp_2x100_bn_l2,5,90,60,0.003936513792723417,0.002758249407634139
mlp_2x100_bn_l2,5,90,61,0.004709185566753149,0.004399476572871208
mlp_2x100_bn_l2,5,90,62,0.004459999036043882,0.0029718901496380568
mlp_2x100_bn_l2,5,90,63,0.004669493064284325,0.0031473038252443075
mlp_2x100_bn_l2,5,90,64,0.004083877429366112,0.0028288541361689568
mlp_2x100_bn_l2,5,90,65,0.004142818972468376,0.0026882465463131666
mlp_2x100_bn_l2,5,90,66,0.004666325636208057,0.0031788514461368322
mlp_2x100_bn_l2,5,90,67,0.004714340902864933,0.003739844309166074
mlp_2x100_bn_l2,5,90,68,0.004994270391762257,0.0029927375726401806
mlp_2x100_bn_l2,5,90,69,0.004192802123725414,0.003415472572669387
mlp_2x100_bn_l2,5,90,70,0.004785952158272266,0.0028943312354385853
mlp_2x100_bn_l2,5,90,71,0.004255090374499559,0.002996183466166258
mlp_2x100_bn_l2,5,90,72,0.004132311325520277,0.003177794860675931
mlp_2x100_bn_l2,5,90,73,0.004436115734279156,0.002900979481637478
mlp_2x100_bn_l2,5,90,74,0.004156929906457663,0.0031362257432192564
mlp_2x100_bn_l2,5,90,75,0.004256192594766617,0.00313667394220829
mlp_2x100_bn_l2,5,90,76,0.0046340227127075195,0.0034205003175884485
mlp_2x100_bn_l2,5,90,77,0.004484879784286022,0.0027281981892883778
mlp_2x100_bn_l2,5,90,78,0.0050797532312572,0.00339009752497077
mlp_2x100_bn_l2,5,90,79,0.004792826250195503,0.0029956488870084286
mlp_2x100_bn_l2,5,90,80,0.004033746663480997,0.0029076947830617428
mlp_2x100_bn_l2,5,90,81,0.004071890842169523,0.002715577371418476
mlp_2x100_bn_l2,5,90,82,0.004263874609023333,0.0027007036842405796
mlp_2x100_bn_l2,5,90,83,0.004207000136375427,0.00301529373973608
mlp_2x100_bn_l2,5,90,84,0.003894846886396408,0.002416543895378709
mlp_2x100_bn_l2,5,90,85,0.0037399246357381344,0.002801574533805251
mlp_2x100_bn_l2,5,90,86,0.0036792519968003035,0.0023226432967931032
mlp_2x100_bn_l2,5,90,87,0.0038152416236698627,0.00271814176812768
mlp_2x100_bn_l2,5,90,88,0.003701896173879504,0.0026267359498888254
mlp_2x100_bn_l2,5,90,89,0.0035911172162741423,0.0024651309940963984
mlp_2x100_bn_l2,5,90,90,0.005502939224243164,0.0030946540646255016
mlp_2x100_bn_l2,5,90,91,0.004471127409487963,0.003237014403566718
mlp_2x100_bn_l2,5,90,92,0.004570853430777788,0.003167457412928343
mlp_2x100_bn_l2,5,90,93,0.004429548047482967,0.0028971792198717594
mlp_2x100_bn_l2,5,90,94,0.00404517725110054,0.0025730780325829983
mlp_2x100_bn_l2,5,90,95,0.004118192475289106,0.0029620935674756765
mlp_2x100_bn_l2,5,90,96,0.004620132967829704,0.0026295168790966272
mlp_2x100_bn_l2,5,90,97,0.004897942766547203,0.00345565821044147
mlp_2x100_bn_l2,5,90,98,0.004323381930589676,0.002890408504754305
mlp_2x100_bn_l2,5,90,99,0.0042676483280956745,0.0027543003670871258
mlp_2x100_bn_l2,5,90,100,0.0036364300176501274,0.0022845908533781767
mlp_2x100_bn_l2,5,90,101,0.003789256326854229,0.002484920434653759
mlp_2x100_bn_l2,5,90,102,0.0034087977837771177,0.002294055186212063
mlp_2x100_bn_l2,5,90,103,0.00349496235139668,0.0022719225380569696
mlp_2x100_bn_l2,5,90,104,0.0032977641094475985,0.0022913224529474974
mlp_2x100_bn_l2,5,90,105,0.0031451552640646696,0.00217076251283288
mlp_2x100_bn_l2,5,90,106,0.003201385959982872,0.0021206634119153023
mlp_2x100_bn_l2,5,90,107,0.0031916939187794924,0.0021632297430187464
mlp_2x100_bn_l2,5,90,108,0.003150716656818986,0.0021678621415048838
mlp_2x100_bn_l2,5,90,109,0.003163221525028348,0.0022389604710042477
mlp_2x100_bn_l2,5,90,110,0.0031079950276762247,0.0021964809857308865
mlp_2x100_bn_l2,5,90,111,0.0030620319303125143,0.0020670725498348475
mlp_2x100_bn_l2,5,90,112,0.0029877042397856712,0.0020261239260435104
mlp_2x100_bn_l2,5,90,113,0.003330889390781522,0.002337006153538823
mlp_2x100_bn_l2,5,90,114,0.0036406146828085184,0.002233899664133787
mlp_2x100_bn_l2,5,90,115,0.0037784583400934935,0.00233849068172276
mlp_2x100_bn_l2,5,90,116,0.004649467300623655,0.002461798954755068
mlp_2x100_bn_l2,5,90,117,0.0036123120225965977,0.002368820132687688
mlp_2x100_bn_l2,5,90,118,0.0033925853203982115,0.0021365194115787745
mlp_2x100_bn_l2,5,90,119,0.0033934919629245996,0.0019206152064725757
mlp_2x100_bn_l2,5,90,120,0.003297968301922083,0.0020624720491468906
mlp_2x100_bn_l2,5,90,121,0.0031038857996463776,0.0018302245298400521
mlp_2x100_bn_l2,5,90,122,0.003029771149158478,0.0020322431810200214
mlp_2x100_bn_l2,5,90,123,0.003359021618962288,0.0022157069761306047
mlp_2x100_bn_l2,5,90,124,0.004413186106830835,0.0023048333823680878
mlp_2x100_bn_l2,5,90,125,0.004179532639682293,0.0022757595870643854
mlp_2x100_bn_l2,5,90,126,0.003697416977956891,0.00245645665563643
mlp_2x100_bn_l2,5,90,127,0.003492094809189439,0.001986438175663352
mlp_2x100_bn_l2,5,90,128,0.0030904985032975674,0.0019924696534872055
mlp_2x100_bn_l2,5,90,129,0.002903497079387307,0.001867659972049296
mlp_2x100_bn_l2,5,90,130,0.0030013963114470243,0.0019037408055737615
mlp_2x100_bn_l2,5,90,131,0.0029955811332911253,0.001905977027490735
mlp_2x100_bn_l2,5,90,132,0.0028148822020739317,0.0018474188400432467
mlp_2x100_bn_l2,5,90,133,0.002779061906039715,0.0018154655117541552
mlp_2x100_bn_l2,5,90,134,0.0027788113802671432,0.0017931851325556636
mlp_2x100_bn_l2,5,90,135,0.002712304936721921,0.001810218789614737
mlp_2x100_bn_l2,5,90,136,0.002728863153606653,0.001787395915016532
mlp_2x100_bn_l2,5,90,137,0.0027991635724902153,0.0019671123009175062
mlp_2x100_bn_l2,5,90,138,0.00290834647603333,0.0019299681298434734
mlp_2x100_bn_l2,5,90,139,0.0031863071490079165,0.0018449152121320367
mlp_2x100_bn_l2,5,90,140,0.003167160553857684,0.0017198185669258237
mlp_2x100_bn_l2,5,90,141,0.003076475579291582,0.0018484393367543817
mlp_2x100_bn_l2,5,90,142,0.004054378718137741,0.002194385277107358
mlp_2x100_bn_l2,5,90,143,0.0031710213515907526,0.0019510091515257955
mlp_2x100_bn_l2,5,90,144,0.0032238333951681852,0.001837448333390057
mlp_2x100_bn_l2,5,90,145,0.002876975340768695,0.0016531286528334022
mlp_2x100_bn_l2,5,90,146,0.0028464137576520443,0.0016685324953868985
mlp_2x100_bn_l2,5,90,147,0.0028188503347337246,0.0016501899808645248
mlp_2x100_bn_l2,5,90,148,0.002644839696586132,0.0016318453708663583
mlp_2x100_bn_l2,5,90,149,0.0026151605416089296,0.001631461433134973
mlp_2x100_bn_l2,5,90,150,0.0027666527312248945,0.0016920550260692835
mlp_2x100_bn_l2,5,90,151,0.002717157592996955,0.0016922269714996219
mlp_2x100_bn_l2,5,90,152,0.002579354913905263,0.0016971513396129012
mlp_2x100_bn_l2,5,90,153,0.0025765220634639263,0.0016181775135919452
mlp_2x100_bn_l2,5,90,154,0.0026386610697954893,0.0017197431297972798
mlp_2x100_bn_l2,5,90,155,0.002655403921380639,0.0015520501183345914
mlp_2x100_bn_l2,5,90,156,0.0027542596217244864,0.0015954104019328952
mlp_2x100_bn_l2,5,90,157,0.002763024065643549,0.001647201832383871
mlp_2x100_bn_l2,5,90,158,0.0029112629126757383,0.0018984460039064288
mlp_2x100_bn_l2,5,90,159,0.0026806446257978678,0.0016038408502936363
mlp_2x100_bn_l2,5,90,160,0.002534588100388646,0.001498580677434802
mlp_2x100_bn_l2,5,90,161,0.002493922132998705,0.001508365268819034
mlp_2x100_bn_l2,5,90,162,0.00246727978810668,0.001499450532719493
mlp_2x100_bn_l2,5,90,163,0.0023769971448928118,0.0014154548989608884
mlp_2x100_bn_l2,5,90,164,0.00251615047454834,0.0014916103100404143
mlp_2x100_bn_l2,5,90,165,0.0027173664420843124,0.0016262471908703446
mlp_2x100_bn_l2,5,90,166,0.0024207497481256723,0.0014297537272796035
mlp_2x100_bn_l2,5,90,167,0.0024093063548207283,0.0013930356362834573
mlp_2x100_bn_l2,5,90,168,0.002411656780168414,0.0013799610314890742
mlp_2x100_bn_l2,5,90,169,0.0026137116365134716,0.0017453082837164402
mlp_2x100_bn_l2,5,90,170,0.002729021245613694,0.0015378064708784223
mlp_2x100_bn_l2,5,90,171,0.002473415108397603,0.0015809794422239065
mlp_2x100_bn_l2,5,90,172,0.00241903867572546,0.0016441226471215487
mlp_2x100_bn_l2,5,90,173,0.002330167917534709,0.0014485042775049806
mlp_2x100_bn_l2,5,90,174,0.0022102403454482555,0.001472015050239861
mlp_2x100_bn_l2,5,90,175,0.0021144477650523186,0.001504760468378663
mlp_2x100_bn_l2,5,90,176,0.0020587327890098095,0.0014338979963213205
mlp_2x100_bn_l2,5,90,177,0.0021602173801511526,0.0014038009103387594
mlp_2x100_bn_l2,5,90,178,0.0021319445222616196,0.0014822481898590922
mlp_2x100_bn_l2,5,90,179,0.0021527523640543222,0.0014706844231113791
mlp_2x100_bn_l2,5,90,180,0.0020729058887809515,0.0013424730859696865
mlp_2x100_bn_l2,5,90,181,0.0020054897759109735,0.0013968916609883308
mlp_2x100_bn_l2,5,90,182,0.0021002620924264193,0.0013632369227707386
mlp_2x100_bn_l2,5,90,183,0.002114576054736972,0.0012813522480428219
mlp_2x100_bn_l2,5,90,184,0.00195157655980438,0.0013030653353780508
mlp_2x100_bn_l2,5,90,185,0.0018509839428588748,0.0012669262941926718
mlp_2x100_bn_l2,5,90,186,0.0018254247261211276,0.001263201585970819
mlp_2x100_bn_l2,5,90,187,0.0017811370780691504,0.0013004211941733956
mlp_2x100_bn_l2,5,90,188,0.0017501411493867636,0.0012966615613549948
mlp_2x100_bn_l2,5,90,189,0.0017178866546601057,0.0012466215994209051
mlp_2x100_bn_l2,5,90,190,0.001715218648314476,0.0012564841890707612
mlp_2x100_bn_l2,5,90,191,0.0017009194707497954,0.0012156020384281874
mlp_2x100_bn_l2,5,90,192,0.0017113654175773263,0.0012674927711486816
mlp_2x100_bn_l2,5,90,193,0.001727323979139328,0.001211930881254375
mlp_2x100_bn_l2,5,90,194,0.001707636285573244,0.0012528437655419111
mlp_2x100_bn_l2,5,90,195,0.0016741612926125526,0.0012140461476519704
mlp_2x100_bn_l2,5,90,196,0.0016712163342162967,0.0011581119615584612
mlp_2x100_bn_l2,5,90,197,0.001727420138195157,0.0012090133968740702
mlp_2x100_bn_l2,5,90,198,0.0016422851476818323,0.0012127498630434275
mlp_2x100_bn_l2,5,90,199,0.0016061085043475032,0.001213934738188982
mlp_2x100_bn_l2,5,90,200,0.0016406325157731771,0.0011357971234247088
mlp_2x100_bn_l2,10,1,1,0.5169351696968079,0.19891171157360077
mlp_2x100_bn_l2,10,1,2,0.19088128209114075,0.11385498195886612
mlp_2x100_bn_l2,10,1,3,0.0987432450056076,0.06938038021326065
mlp_2x100_bn_l2,10,1,4,0.06504557281732559,0.049511585384607315
mlp_2x100_bn_l2,10,1,5,0.050330448895692825,0.0404219813644886
mlp_2x100_bn_l2,10,1,6,0.04287826269865036,0.03592725470662117
mlp_2x100_bn_l2,10,1,7,0.038421791046857834,0.03242368996143341
mlp_2x100_bn_l2,10,1,8,0.0355859138071537,0.03011581487953663
mlp_2x100_bn_l2,10,1,9,0.03306867182254791,0.028094658628106117
mlp_2x100_bn_l2,10,1,10,0.031206512823700905,0.026779234409332275
mlp_2x100_bn_l2,10,1,11,0.029615383595228195,0.02537095546722412
mlp_2x100_bn_l2,10,1,12,0.02812235988676548,0.023888707160949707
mlp_2x100_bn_l2,10,1,13,0.02681705169379711,0.022627875208854675
mlp_2x100_bn_l2,10,1,14,0.025376392528414726,0.02182307094335556
mlp_2x100_bn_l2,10,1,15,0.02436099760234356,0.02059371955692768
mlp_2x100_bn_l2,10,1,16,0.02319563552737236,0.019782008603215218
mlp_2x100_bn_l2,10,1,17,0.022261880338191986,0.018723666667938232
mlp_2x100_bn_l2,10,1,18,0.021127399057149887,0.017648888751864433
mlp_2x100_bn_l2,10,1,19,0.020131466910243034,0.017003368586301804
mlp_2x100_bn_l2,10,1,20,0.019449088722467422,0.016132857650518417
mlp_2x100_bn_l2,10,1,21,0.018781380727887154,0.015446408651769161
mlp_2x100_bn_l2,10,1,22,0.01817195862531662,0.015319003723561764
mlp_2x100_bn_l2,10,1,23,0.0174873024225235,0.014041929505765438
mlp_2x100_bn_l2,10,1,24,0.016744129359722137,0.013666375540196896
mlp_2x100_bn_l2,10,1,25,0.01637461967766285,0.013212592341005802
mlp_2x100_bn_l2,10,1,26,0.01589699648320675,0.01283490750938654
mlp_2x100_bn_l2,10,1,27,0.015568983741104603,0.012693469412624836
mlp_2x100_bn_l2,10,1,28,0.015297096222639084,0.012392506003379822
mlp_2x100_bn_l2,10,1,29,0.015140553936362267,0.01236865296959877
mlp_2x100_bn_l2,10,1,30,0.014887869358062744,0.011778542771935463
mlp_2x100_bn_l2,10,1,31,0.01487510185688734,0.012252395041286945
mlp_2x100_bn_l2,10,1,32,0.014654926024377346,0.011772197671234608
mlp_2x100_bn_l2,10,1,33,0.014396757818758488,0.011769496835768223
mlp_2x100_bn_l2,10,1,34,0.014264130033552647,0.01180218905210495
mlp_2x100_bn_l2,10,1,35,0.01411688607186079,0.011482426896691322
mlp_2x100_bn_l2,10,1,36,0.013981561176478863,0.011540801264345646
mlp_2x100_bn_l2,10,1,37,0.014008477330207825,0.01125048752874136
mlp_2x100_bn_l2,10,1,38,0.01386065874248743,0.011132064275443554
mlp_2x100_bn_l2,10,1,39,0.013710777275264263,0.011310518719255924
mlp_2x100_bn_l2,10,1,40,0.013736503198742867,0.01100679486989975
mlp_2x100_bn_l2,10,1,41,0.013622584752738476,0.01125265657901764
mlp_2x100_bn_l2,10,1,42,0.013584990054368973,0.01084089558571577
mlp_2x100_bn_l2,10,1,43,0.013599074445664883,0.011105875484645367
mlp_2x100_bn_l2,10,1,44,0.013503538444638252,0.010871957056224346
mlp_2x100_bn_l2,10,1,45,0.013400922529399395,0.010827504098415375
mlp_2x100_bn_l2,10,1,46,0.01348561979830265,0.010799125768244267
mlp_2x100_bn_l2,10,1,47,0.013426755554974079,0.010644174180924892
mlp_2x100_bn_l2,10,1,48,0.013450256548821926,0.01114671304821968
mlp_2x100_bn_l2,10,1,49,0.01336734090000391,0.010890929028391838
mlp_2x100_bn_l2,10,1,50,0.0134437195956707,0.010881198570132256
mlp_2x100_bn_l2,10,1,51,0.013368907384574413,0.010799827054142952
mlp_2x100_bn_l2,10,1,52,0.013503153808414936,0.010802344419062138
mlp_2x100_bn_l2,10,1,53,0.013377358205616474,0.01080208458006382
mlp_2x100_bn_l2,10,1,54,0.01323681604117155,0.010981877334415913
mlp_2x100_bn_l2,10,1,55,0.013284184969961643,0.010843999683856964
mlp_2x100_bn_l2,10,1,56,0.013360871002078056,0.011120201088488102
mlp_2x100_bn_l2,10,1,57,0.013494431041181087,0.010759723372757435
mlp_2x100_bn_l2,10,1,58,0.013326026499271393,0.010789773426949978
mlp_2x100_bn_l2,10,1,59,0.013319682329893112,0.011036488227546215
mlp_2x100_bn_l2,10,1,60,0.013290755450725555,0.01085495576262474
mlp_2x100_bn_l2,10,1,61,0.013218711130321026,0.011359943076968193
mlp_2x100_bn_l2,10,1,62,0.013259124010801315,0.010837741196155548
mlp_2x100_bn_l2,10,1,63,0.013217092491686344,0.010687862522900105
mlp_2x100_bn_l2,10,1,64,0.013319086283445358,0.010779127478599548
mlp_2x100_bn_l2,10,1,65,0.01315043494105339,0.010654809884727001
mlp_2x100_bn_l2,10,1,66,0.013213124126195908,0.010511109605431557
mlp_2x100_bn_l2,10,1,67,0.013242165558040142,0.010418960824608803
mlp_2x100_bn_l2,10,1,68,0.013282629661262035,0.011026578955352306
mlp_2x100_bn_l2,10,1,69,0.013229924254119396,0.01095136720687151
mlp_2x100_bn_l2,10,1,70,0.013174261897802353,0.01084010861814022
mlp_2x100_bn_l2,10,1,71,0.013203260488808155,0.010689784772694111
mlp_2x100_bn_l2,10,1,72,0.013250256888568401,0.010732896625995636
mlp_2x100_bn_l2,10,1,73,0.013110299594700336,0.010847337543964386
mlp_2x100_bn_l2,10,1,74,0.013299703598022461,0.010664491914212704
mlp_2x100_bn_l2,10,1,75,0.013149005360901356,0.010872404091060162
mlp_2x100_bn_l2,10,1,76,0.013189719058573246,0.01100990641862154
mlp_2x100_bn_l2,10,1,77,0.013189493678510189,0.010756892152130604
mlp_2x100_bn_l2,10,1,78,0.013212637975811958,0.010640501976013184
mlp_2x100_bn_l2,10,1,79,0.013137439265847206,0.010624581016600132
mlp_2x100_bn_l2,10,1,80,0.01324380561709404,0.010777348652482033
mlp_2x100_bn_l2,10,1,81,0.01308358833193779,0.010563523508608341
mlp_2x100_bn_l2,10,1,82,0.01309998333454132,0.010651926510035992
mlp_2x100_bn_l2,10,1,83,0.013049651868641376,0.01050401572138071
mlp_2x100_bn_l2,10,1,84,0.0131128691136837,0.010652323253452778
mlp_2x100_bn_l2,10,1,85,0.013119547627866268,0.010755096562206745
mlp_2x100_bn_l2,10,1,86,0.013276809826493263,0.010724593885242939
mlp_2x100_bn_l2,10,1,87,0.013289419002830982,0.01063240971416235
mlp_2x100_bn_l2,10,1,88,0.013189065270125866,0.010715548880398273
mlp_2x100_bn_l2,10,1,89,0.013215742073953152,0.010688036680221558
mlp_2x100_bn_l2,10,1,90,0.013082877732813358,0.010668237693607807
mlp_2x100_bn_l2,10,1,91,0.01298804022371769,0.010587587021291256
mlp_2x100_bn_l2,10,1,92,0.01301376149058342,0.010753967799246311
mlp_2x100_bn_l2,10,1,93,0.013298586942255497,0.010624192655086517
mlp_2x100_bn_l2,10,1,94,0.012999635189771652,0.010636680759489536
mlp_2x100_bn_l2,10,1,95,0.013025658205151558,0.010615190491080284
mlp_2x100_bn_l2,10,1,96,0.012972285971045494,0.010809902101755142
mlp_2x100_bn_l2,10,1,97,0.012970523908734322,0.010594408959150314
mlp_2x100_bn_l2,10,1,98,0.012983912602066994,0.010993125848472118
mlp_2x100_bn_l2,10,1,99,0.013472788967192173,0.011841971427202225
mlp_2x100_bn_l2,10,1,100,0.013360110111534595,0.01059185341000557
mlp_2x100_bn_l2,10,1,101,0.012948672287166119,0.010742424055933952
mlp_2x100_bn_l2,10,1,102,0.013027067296206951,0.010469171218574047
mlp_2x100_bn_l2,10,1,103,0.013567468151450157,0.010807854123413563
mlp_2x100_bn_l2,10,1,104,0.013148474507033825,0.010639593005180359
mlp_2x100_bn_l2,10,1,105,0.01288763340562582,0.010495909489691257
mlp_2x100_bn_l2,10,1,106,0.012957829982042313,0.010699632577598095
mlp_2x100_bn_l2,10,1,107,0.013183968141674995,0.011295813135802746
mlp_2x100_bn_l2,10,1,108,0.013178194873034954,0.010766243562102318
mlp_2x100_bn_l2,10,1,109,0.01339395996183157,0.010802689008414745
mlp_2x100_bn_l2,10,1,110,0.013147587887942791,0.01068416889756918
mlp_2x100_bn_l2,10,1,111,0.013112672604620457,0.010369808413088322
mlp_2x100_bn_l2,10,1,112,0.012875232845544815,0.010656943544745445
mlp_2x100_bn_l2,10,1,113,0.013348978944122791,0.011026912368834019
mlp_2x100_bn_l2,10,1,114,0.013781612738966942,0.011461273767054081
mlp_2x100_bn_l2,10,1,115,0.0140139264985919,0.010864248499274254
mlp_2x100_bn_l2,10,1,116,0.013222633861005306,0.010609427466988564
mlp_2x100_bn_l2,10,1,117,0.012966002337634563,0.010782457888126373
mlp_2x100_bn_l2,10,1,118,0.01293912623077631,0.01081724464893341
mlp_2x100_bn_l2,10,1,119,0.012860387563705444,0.010680707171559334
mlp_2x100_bn_l2,10,1,120,0.01274829637259245,0.010665814392268658
mlp_2x100_bn_l2,10,1,121,0.012749288231134415,0.010841120965778828
mlp_2x100_bn_l2,10,1,122,0.012670275755226612,0.010712144896388054
mlp_2x100_bn_l2,10,1,123,0.013889910653233528,0.011090356856584549
mlp_2x100_bn_l2,10,1,124,0.013651002198457718,0.010762076824903488
mlp_2x100_bn_l2,10,1,125,0.012930303812026978,0.010483021847903728
mlp_2x100_bn_l2,10,1,126,0.012823436409235,0.010516814887523651
mlp_2x100_bn_l2,10,1,127,0.012749220244586468,0.010647371411323547
mlp_2x100_bn_l2,10,1,128,0.012752250768244267,0.010593526996672153
mlp_2x100_bn_l2,10,1,129,0.012731141410768032,0.010767433792352676
mlp_2x100_bn_l2,10,1,130,0.0128870764747262,0.011448215693235397
mlp_2x100_bn_l2,10,1,131,0.012856916524469852,0.010834944434463978
mlp_2x100_bn_l2,10,1,132,0.01280997321009636,0.010618237778544426
mlp_2x100_bn_l2,10,1,133,0.012750286608934402,0.010476524941623211
mlp_2x100_bn_l2,10,1,134,0.012592043727636337,0.011123433709144592
mlp_2x100_bn_l2,10,1,135,0.012588715180754662,0.011192461475729942
mlp_2x100_bn_l2,10,1,136,0.012468603439629078,0.011322475969791412
mlp_2x100_bn_l2,10,1,137,0.012541793286800385,0.011808604933321476
mlp_2x100_bn_l2,10,1,138,0.012619242072105408,0.011734919622540474
mlp_2x100_bn_l2,10,1,139,0.01252950169146061,0.011282077059149742
mlp_2x100_bn_l2,10,1,140,0.012555771507322788,0.010520235635340214
mlp_2x100_bn_l2,10,1,141,0.012429472990334034,0.010675029829144478
mlp_2x100_bn_l2,10,1,142,0.012391544878482819,0.011291412636637688
mlp_2x100_bn_l2,10,1,143,0.012997861951589584,0.011349394917488098
mlp_2x100_bn_l2,10,1,144,0.013381199911236763,0.011914202943444252
mlp_2x100_bn_l2,10,1,145,0.012821945361793041,0.011319808661937714
mlp_2x100_bn_l2,10,1,146,0.012552814558148384,0.010965648107230663
mlp_2x100_bn_l2,10,1,147,0.012624198570847511,0.010583112947642803
mlp_2x100_bn_l2,10,1,148,0.01263707596808672,0.011189758777618408
mlp_2x100_bn_l2,10,1,149,0.012708055786788464,0.011592503637075424
mlp_2x100_bn_l2,10,1,150,0.012396297417581081,0.010826321318745613
mlp_2x100_bn_l2,10,1,151,0.012407045811414719,0.010605848394334316
mlp_2x100_bn_l2,10,1,152,0.012386759743094444,0.01114953774958849
mlp_2x100_bn_l2,10,1,153,0.012327919714152813,0.01038756687194109
mlp_2x100_bn_l2,10,1,154,0.01230610441416502,0.010327252559363842
mlp_2x100_bn_l2,10,1,155,0.012276584282517433,0.010370248928666115
mlp_2x100_bn_l2,10,1,156,0.01225491426885128,0.010781608521938324
mlp_2x100_bn_l2,10,1,157,0.0122599508613348,0.011078817769885063
mlp_2x100_bn_l2,10,1,158,0.012284873053431511,0.010269577614963055
mlp_2x100_bn_l2,10,1,159,0.012509560212492943,0.010916142724454403
mlp_2x100_bn_l2,10,1,160,0.012648137286305428,0.011054272763431072
mlp_2x100_bn_l2,10,1,161,0.012737143784761429,0.010549614205956459
mlp_2x100_bn_l2,10,1,162,0.012392306700348854,0.010509719140827656
mlp_2x100_bn_l2,10,1,163,0.012325076386332512,0.0104292007163167
mlp_2x100_bn_l2,10,1,164,0.012311596423387527,0.010857450775802135
mlp_2x100_bn_l2,10,1,165,0.01225011795759201,0.010613583028316498
mlp_2x100_bn_l2,10,1,166,0.0121829304844141,0.010390033945441246
mlp_2x100_bn_l2,10,1,167,0.012129352428019047,0.010372340679168701
mlp_2x100_bn_l2,10,1,168,0.012083331122994423,0.01055515743792057
mlp_2x100_bn_l2,10,1,169,0.012101728469133377,0.01031319797039032
mlp_2x100_bn_l2,10,1,170,0.01211071852594614,0.010353473015129566
mlp_2x100_bn_l2,10,1,171,0.012116432189941406,0.010366925038397312
mlp_2x100_bn_l2,10,1,172,0.01206926442682743,0.01062135398387909
mlp_2x100_bn_l2,10,1,173,0.012066099792718887,0.010318067856132984
mlp_2x100_bn_l2,10,1,174,0.012117189355194569,0.010363577865064144
mlp_2x100_bn_l2,10,1,175,0.012121917679905891,0.010421864688396454
mlp_2x100_bn_l2,10,1,176,0.012186347506940365,0.010322827845811844
mlp_2x100_bn_l2,10,1,177,0.012153367511928082,0.010269410908222198
mlp_2x100_bn_l2,10,1,178,0.012089124880731106,0.010786841623485088
mlp_2x100_bn_l2,10,1,179,0.012096243910491467,0.010162833146750927
mlp_2x100_bn_l2,10,1,180,0.012068980373442173,0.010501766577363014
mlp_2x100_bn_l2,10,1,181,0.012060114182531834,0.01054307073354721
mlp_2x100_bn_l2,10,1,182,0.012197038158774376,0.01054484024643898
mlp_2x100_bn_l2,10,1,183,0.012019778601825237,0.010305704548954964
mlp_2x100_bn_l2,10,1,184,0.012008246034383774,0.010780556127429008
mlp_2x100_bn_l2,10,1,185,0.011973775923252106,0.01112336665391922
mlp_2x100_bn_l2,10,1,186,0.012007380835711956,0.010249297134578228
mlp_2x100_bn_l2,10,1,187,0.012119090184569359,0.010264202021062374
mlp_2x100_bn_l2,10,1,188,0.012798702344298363,0.010264622047543526
mlp_2x100_bn_l2,10,1,189,0.012636411935091019,0.010236217640340328
mlp_2x100_bn_l2,10,1,190,0.012406122870743275,0.010535810142755508
mlp_2x100_bn_l2,10,1,191,0.012274193577468395,0.01044889260083437
mlp_2x100_bn_l2,10,1,192,0.01217808946967125,0.010490166023373604
mlp_2x100_bn_l2,10,1,193,0.012024681083858013,0.010730081237852573
mlp_2x100_bn_l2,10,1,194,0.012046853080391884,0.010361379012465477
mlp_2x100_bn_l2,10,1,195,0.012089894153177738,0.010870772413909435
mlp_2x100_bn_l2,10,1,196,0.012029480189085007,0.010424784384667873
mlp_2x100_bn_l2,10,1,197,0.011996014043688774,0.010672609321773052
mlp_2x100_bn_l2,10,1,198,0.012044839560985565,0.011065369471907616
mlp_2x100_bn_l2,10,1,199,0.012004014104604721,0.010380364954471588
mlp_2x100_bn_l2,10,1,200,0.01192028634250164,0.010762002319097519
mlp_2x100_bn_l2,10,5,1,0.5171957612037659,0.19845348596572876
mlp_2x100_bn_l2,10,5,2,0.19026626646518707,0.11315013468265533
mlp_2x100_bn_l2,10,5,3,0.09672077745199203,0.06783843040466309
mlp_2x100_bn_l2,10,5,4,0.061994582414627075,0.04679887741804123
mlp_2x100_bn_l2,10,5,5,0.04653700068593025,0.03733505681157112
mlp_2x100_bn_l2,10,5,6,0.03850064054131508,0.032325081527233124
mlp_2x100_bn_l2,10,5,7,0.03355276212096214,0.02858002297580242
mlp_2x100_bn_l2,10,5,8,0.030251147225499153,0.02700706757605076
mlp_2x100_bn_l2,10,5,9,0.027944665402173996,0.024786269292235374
mlp_2x100_bn_l2,10,5,10,0.025909269228577614,0.022976165637373924
mlp_2x100_bn_l2,10,5,11,0.02424396015703678,0.021378830075263977
mlp_2x100_bn_l2,10,5,12,0.022481204941868782,0.020284682512283325
mlp_2x100_bn_l2,10,5,13,0.0210743211209774,0.018695618957281113
mlp_2x100_bn_l2,10,5,14,0.019700663164258003,0.01726542040705681
mlp_2x100_bn_l2,10,5,15,0.01840120740234852,0.01633119024336338
mlp_2x100_bn_l2,10,5,16,0.01733330264687538,0.015385949052870274
mlp_2x100_bn_l2,10,5,17,0.016148485243320465,0.01437830738723278
mlp_2x100_bn_l2,10,5,18,0.015479184687137604,0.013487416319549084
mlp_2x100_bn_l2,10,5,19,0.014450371265411377,0.01291967835277319
mlp_2x100_bn_l2,10,5,20,0.013559892773628235,0.012152082286775112
mlp_2x100_bn_l2,10,5,21,0.012881317175924778,0.011147268116474152
mlp_2x100_bn_l2,10,5,22,0.012249644845724106,0.010489589534699917
mlp_2x100_bn_l2,10,5,23,0.01143847405910492,0.01029801182448864
mlp_2x100_bn_l2,10,5,24,0.011089025996625423,0.009486809372901917
mlp_2x100_bn_l2,10,5,25,0.010514144785702229,0.008994667790830135
mlp_2x100_bn_l2,10,5,26,0.01006054412573576,0.008382773958146572
mlp_2x100_bn_l2,10,5,27,0.009730285033583641,0.008723476901650429
mlp_2x100_bn_l2,10,5,28,0.009420348331332207,0.008249410428106785
mlp_2x100_bn_l2,10,5,29,0.008952015079557896,0.00770210986956954
mlp_2x100_bn_l2,10,5,30,0.008842740207910538,0.007107680197805166
mlp_2x100_bn_l2,10,5,31,0.008404968306422234,0.007213582284748554
mlp_2x100_bn_l2,10,5,32,0.008380306884646416,0.007319154683500528
mlp_2x100_bn_l2,10,5,33,0.00812552310526371,0.007056197617202997
mlp_2x100_bn_l2,10,5,34,0.007954542525112629,0.006621662061661482
mlp_2x100_bn_l2,10,5,35,0.007954413071274757,0.006208243779838085
mlp_2x100_bn_l2,10,5,36,0.0075769610702991486,0.00639322167262435
mlp_2x100_bn_l2,10,5,37,0.007578511722385883,0.006369493901729584
mlp_2x100_bn_l2,10,5,38,0.0076025319285690784,0.006665386259555817
mlp_2x100_bn_l2,10,5,39,0.007470753043889999,0.006262182258069515
mlp_2x100_bn_l2,10,5,40,0.0073378002271056175,0.006298391614109278
mlp_2x100_bn_l2,10,5,41,0.007410435937345028,0.006380507722496986
mlp_2x100_bn_l2,10,5,42,0.007333141751587391,0.005876572337001562
mlp_2x100_bn_l2,10,5,43,0.007206659764051437,0.005800419487059116
mlp_2x100_bn_l2,10,5,44,0.007126419339329004,0.005962905939668417
mlp_2x100_bn_l2,10,5,45,0.007064523175358772,0.005393668543547392
mlp_2x100_bn_l2,10,5,46,0.007150399498641491,0.005575903225690126
mlp_2x100_bn_l2,10,5,47,0.007147376425564289,0.0054956539534032345
mlp_2x100_bn_l2,10,5,48,0.0071132248267531395,0.005423977039754391
mlp_2x100_bn_l2,10,5,49,0.007121248170733452,0.0054624550975859165
mlp_2x100_bn_l2,10,5,50,0.007136248517781496,0.005564769264310598
mlp_2x100_bn_l2,10,5,51,0.007268134504556656,0.005481751170009375
mlp_2x100_bn_l2,10,5,52,0.007253932300955057,0.005914040841162205
mlp_2x100_bn_l2,10,5,53,0.007433370687067509,0.00557551858946681
mlp_2x100_bn_l2,10,5,54,0.007266429718583822,0.005358868278563023
mlp_2x100_bn_l2,10,5,55,0.00739679392427206,0.005387850105762482
mlp_2x100_bn_l2,10,5,56,0.007344049867242575,0.005377773195505142
mlp_2x100_bn_l2,10,5,57,0.007625718601047993,0.005746796727180481
mlp_2x100_bn_l2,10,5,58,0.007592859677970409,0.005646997597068548
mlp_2x100_bn_l2,10,5,59,0.007554445415735245,0.005568694788962603
mlp_2x100_bn_l2,10,5,60,0.007494012359529734,0.005602620542049408
mlp_2x100_bn_l2,10,5,61,0.007579671684652567,0.005401375237852335
mlp_2x100_bn_l2,10,5,62,0.007416150067001581,0.005493243224918842
mlp_2x100_bn_l2,10,5,63,0.007580040022730827,0.005696256645023823
mlp_2x100_bn_l2,10,5,64,0.008027884177863598,0.0058815451338887215
mlp_2x100_bn_l2,10,5,65,0.007698422763496637,0.005643300712108612
mlp_2x100_bn_l2,10,5,66,0.007468120194971561,0.005435483995825052
mlp_2x100_bn_l2,10,5,67,0.0073584942147135735,0.005422176327556372
mlp_2x100_bn_l2,10,5,68,0.007408320903778076,0.006472914945334196
mlp_2x100_bn_l2,10,5,69,0.007380891591310501,0.005481438711285591
mlp_2x100_bn_l2,10,5,70,0.00714368699118495,0.0054436130449175835
mlp_2x100_bn_l2,10,5,71,0.007159915287047625,0.0053228046745061874
mlp_2x100_bn_l2,10,5,72,0.007318756077438593,0.005576798692345619
mlp_2x100_bn_l2,10,5,73,0.007595650386065245,0.005672622937709093
mlp_2x100_bn_l2,10,5,74,0.007246155757457018,0.005738241132348776
mlp_2x100_bn_l2,10,5,75,0.0074708242900669575,0.005522208288311958
mlp_2x100_bn_l2,10,5,76,0.007427684497088194,0.005588678643107414
mlp_2x100_bn_l2,10,5,77,0.007788336370140314,0.005848293658345938
mlp_2x100_bn_l2,10,5,78,0.007848795503377914,0.005715289153158665
mlp_2x100_bn_l2,10,5,79,0.007387108635157347,0.00541241280734539
mlp_2x100_bn_l2,10,5,80,0.007754407357424498,0.005731714889407158
mlp_2x100_bn_l2,10,5,81,0.007962319068610668,0.006205995567142963
mlp_2x100_bn_l2,10,5,82,0.007695992011576891,0.005988792050629854
mlp_2x100_bn_l2,10,5,83,0.007280140183866024,0.005501223262399435
mlp_2x100_bn_l2,10,5,84,0.007157579995691776,0.00564591633155942
mlp_2x100_bn_l2,10,5,85,0.006996996700763702,0.005573668517172337
mlp_2x100_bn_l2,10,5,86,0.006903818808495998,0.005419975146651268
mlp_2x100_bn_l2,10,5,87,0.006976039614528418,0.005706944037228823
mlp_2x100_bn_l2,10,5,88,0.006985037121921778,0.005445838440209627
mlp_2x100_bn_l2,10,5,89,0.006902711000293493,0.005421826150268316
mlp_2x100_bn_l2,10,5,90,0.007227789144963026,0.0056320312432944775
mlp_2x100_bn_l2,10,5,91,0.00854482501745224,0.006414881441742182
mlp_2x100_bn_l2,10,5,92,0.007628364488482475,0.00556671479716897
mlp_2x100_bn_l2,10,5,93,0.007063991855829954,0.005330389365553856
mlp_2x100_bn_l2,10,5,94,0.007024409249424934,0.005370504222810268
mlp_2x100_bn_l2,10,5,95,0.006966105662286282,0.0056711845099925995
mlp_2x100_bn_l2,10,5,96,0.007329542189836502,0.005608053877949715
mlp_2x100_bn_l2,10,5,97,0.006982260383665562,0.005276456940919161
mlp_2x100_bn_l2,10,5,98,0.00693188002333045,0.005396455060690641
mlp_2x100_bn_l2,10,5,99,0.006991136819124222,0.005297199822962284
mlp_2x100_bn_l2,10,5,100,0.0069375853054225445,0.0052751293405890465
mlp_2x100_bn_l2,10,5,101,0.007983597926795483,0.005885619670152664
mlp_2x100_bn_l2,10,5,102,0.007714487612247467,0.005420043598860502
mlp_2x100_bn_l2,10,5,103,0.007198574021458626,0.005313272587954998
mlp_2x100_bn_l2,10,5,104,0.007088278420269489,0.005412922706454992
mlp_2x100_bn_l2,10,5,105,0.007039377931505442,0.0052482993341982365
mlp_2x100_bn_l2,10,5,106,0.0068588340654969215,0.005212646443396807
mlp_2x100_bn_l2,10,5,107,0.0067785256542265415,0.005050906911492348
mlp_2x100_bn_l2,10,5,108,0.006738449912518263,0.005143278744071722
mlp_2x100_bn_l2,10,5,109,0.006736211013048887,0.005116989836096764
mlp_2x100_bn_l2,10,5,110,0.006813954096287489,0.005124671850353479
mlp_2x100_bn_l2,10,5,111,0.0067509072832763195,0.005205417051911354
mlp_2x100_bn_l2,10,5,112,0.006979409139603376,0.005409056320786476
mlp_2x100_bn_l2,10,5,113,0.007510790601372719,0.005539348814636469
mlp_2x100_bn_l2,10,5,114,0.007192049641162157,0.005417477805167437
mlp_2x100_bn_l2,10,5,115,0.006902659777551889,0.005310348700731993
mlp_2x100_bn_l2,10,5,116,0.007052498869597912,0.005463170353323221
mlp_2x100_bn_l2,10,5,117,0.006844344548881054,0.005261779297143221
mlp_2x100_bn_l2,10,5,118,0.006682166829705238,0.005191084463149309
mlp_2x100_bn_l2,10,5,119,0.006669128779321909,0.00510542094707489
mlp_2x100_bn_l2,10,5,120,0.006622179411351681,0.005085343029350042
mlp_2x100_bn_l2,10,5,121,0.006528069265186787,0.005202138796448708
mlp_2x100_bn_l2,10,5,122,0.006526966579258442,0.004872783087193966
mlp_2x100_bn_l2,10,5,123,0.006551110651344061,0.00544890807941556
mlp_2x100_bn_l2,10,5,124,0.006481052841991186,0.004880039487034082
mlp_2x100_bn_l2,10,5,125,0.0064516132697463036,0.005014684051275253
mlp_2x100_bn_l2,10,5,126,0.006451045628637075,0.004927167668938637
mlp_2x100_bn_l2,10,5,127,0.006429745815694332,0.004801519215106964
mlp_2x100_bn_l2,10,5,128,0.006850751582533121,0.006322748027741909
mlp_2x100_bn_l2,10,5,129,0.007995790801942348,0.005816768389195204
mlp_2x100_bn_l2,10,5,130,0.006951606832444668,0.005396457854658365
mlp_2x100_bn_l2,10,5,131,0.006590693723410368,0.005141261965036392
mlp_2x100_bn_l2,10,5,132,0.006642933934926987,0.00496105570346117
mlp_2x100_bn_l2,10,5,133,0.006688584573566914,0.0051195453852415085
mlp_2x100_bn_l2,10,5,134,0.006528536789119244,0.004996397066861391
mlp_2x100_bn_l2,10,5,135,0.0065561318770051,0.005031379405409098
mlp_2x100_bn_l2,10,5,136,0.006482963915914297,0.004912927746772766
mlp_2x100_bn_l2,10,5,137,0.006404366809874773,0.0049085477367043495
mlp_2x100_bn_l2,10,5,138,0.0063978820107877254,0.004826356656849384
mlp_2x100_bn_l2,10,5,139,0.006360527593642473,0.0048847924917936325
mlp_2x100_bn_l2,10,5,140,0.006272065453231335,0.004773998633027077
mlp_2x100_bn_l2,10,5,141,0.00629446841776371,0.004962584935128689
mlp_2x100_bn_l2,10,5,142,0.006401102989912033,0.005913787521421909
mlp_2x100_bn_l2,10,5,143,0.006697834003716707,0.005406575743108988
mlp_2x100_bn_l2,10,5,144,0.006653896998614073,0.004995399620383978
mlp_2x100_bn_l2,10,5,145,0.006632929667830467,0.004942546598613262
mlp_2x100_bn_l2,10,5,146,0.006556308828294277,0.0048118941485881805
mlp_2x100_bn_l2,10,5,147,0.006408275105059147,0.004823531489819288
mlp_2x100_bn_l2,10,5,148,0.0064667463302612305,0.0049757217057049274
mlp_2x100_bn_l2,10,5,149,0.006358751095831394,0.004950744099915028
mlp_2x100_bn_l2,10,5,150,0.0062859924510121346,0.005010428838431835
mlp_2x100_bn_l2,10,5,151,0.006292614154517651,0.005269195418804884
mlp_2x100_bn_l2,10,5,152,0.006279838737100363,0.0049621956422924995
mlp_2x100_bn_l2,10,5,153,0.00622594216838479,0.005469714757055044
mlp_2x100_bn_l2,10,5,154,0.006526357959955931,0.004787310026586056
mlp_2x100_bn_l2,10,5,155,0.00629651453346014,0.004768182523548603
mlp_2x100_bn_l2,10,5,156,0.0061848885379731655,0.00485796295106411
mlp_2x100_bn_l2,10,5,157,0.00619916059076786,0.005062295123934746
mlp_2x100_bn_l2,10,5,158,0.006200000643730164,0.005064599681645632
mlp_2x100_bn_l2,10,5,159,0.006146433297544718,0.005065135657787323
mlp_2x100_bn_l2,10,5,160,0.006171010434627533,0.004664734471589327
mlp_2x100_bn_l2,10,5,161,0.006079907063394785,0.005083531606942415
mlp_2x100_bn_l2,10,5,162,0.0060993074439466,0.004731770139187574
mlp_2x100_bn_l2,10,5,163,0.006070761941373348,0.004693686496466398
mlp_2x100_bn_l2,10,5,164,0.006124463863670826,0.004755857400596142
mlp_2x100_bn_l2,10,5,165,0.0061312043108046055,0.0049005793407559395
mlp_2x100_bn_l2,10,5,166,0.006089207716286182,0.00490255281329155
mlp_2x100_bn_l2,10,5,167,0.006166811566799879,0.00495505565777421
mlp_2x100_bn_l2,10,5,168,0.006625741720199585,0.0052156588062644005
mlp_2x100_bn_l2,10,5,169,0.006711914669722319,0.005265969317406416
mlp_2x100_bn_l2,10,5,170,0.00711923697963357,0.005040185991674662
mlp_2x100_bn_l2,10,5,171,0.006423107348382473,0.004803020507097244
mlp_2x100_bn_l2,10,5,172,0.00622360035777092,0.004779702052474022
mlp_2x100_bn_l2,10,5,173,0.006169856060296297,0.004840430337935686
mlp_2x100_bn_l2,10,5,174,0.006099076475948095,0.004921374376863241
mlp_2x100_bn_l2,10,5,175,0.006068126764148474,0.004732476081699133
mlp_2x100_bn_l2,10,5,176,0.006064604036509991,0.00472435774281621
mlp_2x100_bn_l2,10,5,177,0.006049496121704578,0.005326393526047468
mlp_2x100_bn_l2,10,5,178,0.005973505787551403,0.0047162966802716255
mlp_2x100_bn_l2,10,5,179,0.0060108439065515995,0.005231255199760199
mlp_2x100_bn_l2,10,5,180,0.005982696544378996,0.0048817116767168045
mlp_2x100_bn_l2,10,5,181,0.005947637837380171,0.0046683745458722115
mlp_2x100_bn_l2,10,5,182,0.006003933493047953,0.004929945804178715
mlp_2x100_bn_l2,10,5,183,0.006002814043313265,0.004841234069317579
mlp_2x100_bn_l2,10,5,184,0.006315617822110653,0.004948678892105818
mlp_2x100_bn_l2,10,5,185,0.0066767726093530655,0.005385304801166058
mlp_2x100_bn_l2,10,5,186,0.006436286959797144,0.004870300646871328
mlp_2x100_bn_l2,10,5,187,0.006041347049176693,0.005060588475316763
mlp_2x100_bn_l2,10,5,188,0.005999767687171698,0.004680098500102758
mlp_2x100_bn_l2,10,5,189,0.005969492718577385,0.004683527164161205
mlp_2x100_bn_l2,10,5,190,0.005926060955971479,0.0046133012510836124
mlp_2x100_bn_l2,10,5,191,0.005924884229898453,0.004599582403898239
mlp_2x100_bn_l2,10,5,192,0.005933606531471014,0.004609709605574608
mlp_2x100_bn_l2,10,5,193,0.005917755886912346,0.004818975925445557
mlp_2x100_bn_l2,10,5,194,0.005935496184974909,0.005345073528587818
mlp_2x100_bn_l2,10,5,195,0.005910287145525217,0.005276528187096119
mlp_2x100_bn_l2,10,5,196,0.00596289336681366,0.004581251181662083
mlp_2x100_bn_l2,10,5,197,0.006039015017449856,0.004780582617968321
mlp_2x100_bn_l2,10,5,198,0.006325754802674055,0.0062235030345618725
mlp_2x100_bn_l2,10,5,199,0.00601984141394496,0.00468421308323741
mlp_2x100_bn_l2,10,5,200,0.005922994576394558,0.004694121424108744
mlp_2x100_bn_l2,10,30,1,0.5172607898712158,0.19859683513641357
mlp_2x100_bn_l2,10,30,2,0.19013123214244843,0.1132160872220993
mlp_2x100_bn_l2,10,30,3,0.09676704555749893,0.0679389014840126
mlp_2x100_bn_l2,10,30,4,0.06167319789528847,0.04687272384762764
mlp_2x100_bn_l2,10,30,5,0.045880842953920364,0.03747911751270294
mlp_2x100_bn_l2,10,30,6,0.03734169527888298,0.03072483465075493
mlp_2x100_bn_l2,10,30,7,0.032168757170438766,0.02775571122765541
mlp_2x100_bn_l2,10,30,8,0.02896817959845066,0.026200123131275177
mlp_2x100_bn_l2,10,30,9,0.02617442049086094,0.023321710526943207
mlp_2x100_bn_l2,10,30,10,0.023871591314673424,0.02246713452041149
mlp_2x100_bn_l2,10,30,11,0.022239163517951965,0.019843680784106255
mlp_2x100_bn_l2,10,30,12,0.02072320133447647,0.02010136842727661
mlp_2x100_bn_l2,10,30,13,0.019478535279631615,0.017961636185646057
mlp_2x100_bn_l2,10,30,14,0.017700880765914917,0.01586827076971531
mlp_2x100_bn_l2,10,30,15,0.016798997297883034,0.015938131138682365
mlp_2x100_bn_l2,10,30,16,0.015940800309181213,0.014171751216053963
mlp_2x100_bn_l2,10,30,17,0.014314919710159302,0.012559066526591778
mlp_2x100_bn_l2,10,30,18,0.013174519874155521,0.011789542622864246
mlp_2x100_bn_l2,10,30,19,0.011853912845253944,0.011066803708672523
mlp_2x100_bn_l2,10,30,20,0.011414390057325363,0.01042956579476595
mlp_2x100_bn_l2,10,30,21,0.01037419680505991,0.010110089555382729
mlp_2x100_bn_l2,10,30,22,0.010070344433188438,0.008875482715666294
mlp_2x100_bn_l2,10,30,23,0.00933604221791029,0.007983860559761524
mlp_2x100_bn_l2,10,30,24,0.008530057035386562,0.007959113456308842
mlp_2x100_bn_l2,10,30,25,0.008480031974613667,0.007092544808983803
mlp_2x100_bn_l2,10,30,26,0.007838461548089981,0.007009564433246851
mlp_2x100_bn_l2,10,30,27,0.007030274253338575,0.005638785194605589
mlp_2x100_bn_l2,10,30,28,0.006854633335024118,0.0055519831366837025
mlp_2x100_bn_l2,10,30,29,0.00625637685880065,0.005147514399141073
mlp_2x100_bn_l2,10,30,30,0.005966508761048317,0.005591391120105982
mlp_2x100_bn_l2,10,30,31,0.005502497777342796,0.004365502391010523
mlp_2x100_bn_l2,10,30,32,0.0056258984841406345,0.004449394065886736
mlp_2x100_bn_l2,10,30,33,0.005367792211472988,0.004319776315242052
mlp_2x100_bn_l2,10,30,34,0.005088523495942354,0.004505536053329706
mlp_2x100_bn_l2,10,30,35,0.004924830049276352,0.003877155017107725
mlp_2x100_bn_l2,10,30,36,0.00462085148319602,0.003701908979564905
mlp_2x100_bn_l2,10,30,37,0.004481383599340916,0.004339988809078932
mlp_2x100_bn_l2,10,30,38,0.004445215221494436,0.0034486285876482725
mlp_2x100_bn_l2,10,30,39,0.0042470660991966724,0.003328286577016115
mlp_2x100_bn_l2,10,30,40,0.004102272912859917,0.0031818996649235487
mlp_2x100_bn_l2,10,30,41,0.004587189760059118,0.003642904805019498
mlp_2x100_bn_l2,10,30,42,0.0046891565434634686,0.0033591787796467543
mlp_2x100_bn_l2,10,30,43,0.004529491998255253,0.0031010292004793882
mlp_2x100_bn_l2,10,30,44,0.004595772363245487,0.0031619721557945013
mlp_2x100_bn_l2,10,30,45,0.0048592230305075645,0.0033604642376303673
mlp_2x100_bn_l2,10,30,46,0.004340281710028648,0.0030212930869311094
mlp_2x100_bn_l2,10,30,47,0.004519821144640446,0.0030482676811516285
mlp_2x100_bn_l2,10,30,48,0.004633046220988035,0.003339305752888322
mlp_2x100_bn_l2,10,30,49,0.004798470996320248,0.003196368459612131
mlp_2x100_bn_l2,10,30,50,0.0045466432347893715,0.003446038579568267
mlp_2x100_bn_l2,10,30,51,0.005291484761983156,0.0038129515014588833
mlp_2x100_bn_l2,10,30,52,0.004444573074579239,0.0029821565840393305
mlp_2x100_bn_l2,10,30,53,0.004205737728625536,0.0029791551642119884
mlp_2x100_bn_l2,10,30,54,0.004383692983537912,0.00309374975040555
mlp_2x100_bn_l2,10,30,55,0.004374457523226738,0.0032268771901726723
mlp_2x100_bn_l2,10,30,56,0.0057363370433449745,0.004515665117651224
mlp_2x100_bn_l2,10,30,57,0.005643210373818874,0.0034941190388053656
mlp_2x100_bn_l2,10,30,58,0.004636168479919434,0.0031300275586545467
mlp_2x100_bn_l2,10,30,59,0.004336085636168718,0.0028984644450247288
mlp_2x100_bn_l2,10,30,60,0.004411863163113594,0.003055484965443611
mlp_2x100_bn_l2,10,30,61,0.004303690977394581,0.0030605632346123457
mlp_2x100_bn_l2,10,30,62,0.00431916443631053,0.003711370751261711
mlp_2x100_bn_l2,10,30,63,0.005235281772911549,0.003575393231585622
mlp_2x100_bn_l2,10,30,64,0.005109773483127356,0.0034479396417737007
mlp_2x100_bn_l2,10,30,65,0.00439071049913764,0.0031078881584107876
mlp_2x100_bn_l2,10,30,66,0.0058339969255030155,0.005275079049170017
mlp_2x100_bn_l2,10,30,67,0.00579789187759161,0.0037749577313661575
mlp_2x100_bn_l2,10,30,68,0.004844435956329107,0.0033643629867583513
mlp_2x100_bn_l2,10,30,69,0.004518088418990374,0.0034176453482359648
mlp_2x100_bn_l2,10,30,70,0.004506074357777834,0.0036076316609978676
mlp_2x100_bn_l2,10,30,71,0.004960269201546907,0.003150723408907652
mlp_2x100_bn_l2,10,30,72,0.0043534161522984505,0.003476471873000264
mlp_2x100_bn_l2,10,30,73,0.005040905904024839,0.003493902273476124
mlp_2x100_bn_l2,10,30,74,0.004402666352689266,0.0031766071915626526
mlp_2x100_bn_l2,10,30,75,0.004189394414424896,0.003108731936663389
mlp_2x100_bn_l2,10,30,76,0.004305844195187092,0.0029710440430790186
mlp_2x100_bn_l2,10,30,77,0.004178175237029791,0.002948002191260457
mlp_2x100_bn_l2,10,30,78,0.004118758719414473,0.003025204874575138
mlp_2x100_bn_l2,10,30,79,0.004981693811714649,0.00343710882589221
mlp_2x100_bn_l2,10,30,80,0.004354523494839668,0.002956784563139081
mlp_2x100_bn_l2,10,30,81,0.004198494832962751,0.0027699051424860954
mlp_2x100_bn_l2,10,30,82,0.004024903755635023,0.002901561325415969
mlp_2x100_bn_l2,10,30,83,0.004103514365851879,0.0033387825824320316
mlp_2x100_bn_l2,10,30,84,0.004558614920824766,0.003904488869011402
mlp_2x100_bn_l2,10,30,85,0.0067795501090586185,0.004711382556706667
mlp_2x100_bn_l2,10,30,86,0.005516186822205782,0.003590571228414774
mlp_2x100_bn_l2,10,30,87,0.005297610070556402,0.003474490251392126
mlp_2x100_bn_l2,10,30,88,0.004538930952548981,0.0031775489915162325
mlp_2x100_bn_l2,10,30,89,0.004253902472555637,0.0030558272264897823
mlp_2x100_bn_l2,10,30,90,0.004073037300258875,0.0028416146524250507
mlp_2x100_bn_l2,10,30,91,0.0040033976547420025,0.0028961338102817535
mlp_2x100_bn_l2,10,30,92,0.004001101013273001,0.0031558910850435495
mlp_2x100_bn_l2,10,30,93,0.003991709090769291,0.0027981095481663942
mlp_2x100_bn_l2,10,30,94,0.00525499926880002,0.004354837350547314
mlp_2x100_bn_l2,10,30,95,0.005721492227166891,0.0037039259914308786
mlp_2x100_bn_l2,10,30,96,0.005418958608061075,0.003551205387338996
mlp_2x100_bn_l2,10,30,97,0.0067252833396196365,0.00417036097496748
mlp_2x100_bn_l2,10,30,98,0.00692242244258523,0.003750987583771348
mlp_2x100_bn_l2,10,30,99,0.00559742609038949,0.0034951234702020884
mlp_2x100_bn_l2,10,30,100,0.0051492126658558846,0.0033795770723372698
mlp_2x100_bn_l2,10,30,101,0.004816314671188593,0.003318378934636712
mlp_2x100_bn_l2,10,30,102,0.004560897592455149,0.0032197225373238325
mlp_2x100_bn_l2,10,30,103,0.004415218718349934,0.003143675858154893
mlp_2x100_bn_l2,10,30,104,0.004241539165377617,0.003038139082491398
mlp_2x100_bn_l2,10,30,105,0.004185776226222515,0.0029123008716851473
mlp_2x100_bn_l2,10,30,106,0.003988377284258604,0.0028640571981668472
mlp_2x100_bn_l2,10,30,107,0.003935060929507017,0.0028255018405616283
mlp_2x100_bn_l2,10,30,108,0.0038743705954402685,0.0027381754480302334
mlp_2x100_bn_l2,10,30,109,0.0039201159961521626,0.002741937292739749
mlp_2x100_bn_l2,10,30,110,0.004005419090390205,0.0028347214683890343
mlp_2x100_bn_l2,10,30,111,0.003963992465287447,0.002765538403764367
mlp_2x100_bn_l2,10,30,112,0.0038090087473392487,0.0027333074249327183
mlp_2x100_bn_l2,10,30,113,0.0038134921342134476,0.0027199615724384785
mlp_2x100_bn_l2,10,30,114,0.0038756828289479017,0.0026320344768464565
mlp_2x100_bn_l2,10,30,115,0.004107061307877302,0.002790493657812476
mlp_2x100_bn_l2,10,30,116,0.005028839688748121,0.003745787078514695
mlp_2x100_bn_l2,10,30,117,0.005224346183240414,0.0034928859677165747
mlp_2x100_bn_l2,10,30,118,0.004732525907456875,0.0032573796343058348
mlp_2x100_bn_l2,10,30,119,0.004294916987419128,0.0030091162770986557
mlp_2x100_bn_l2,10,30,120,0.003967365715652704,0.0028592674061656
mlp_2x100_bn_l2,10,30,121,0.0038772120606154203,0.002734283683821559
mlp_2x100_bn_l2,10,30,122,0.003786006011068821,0.0027186726219952106
mlp_2x100_bn_l2,10,30,123,0.003824081737548113,0.002885251771658659
mlp_2x100_bn_l2,10,30,124,0.0039372690953314304,0.002688260283321142
mlp_2x100_bn_l2,10,30,125,0.0037469728849828243,0.0028252159245312214
mlp_2x100_bn_l2,10,30,126,0.003714206861332059,0.0027202831115573645
mlp_2x100_bn_l2,10,30,127,0.003602029988542199,0.0025565014220774174
mlp_2x100_bn_l2,10,30,128,0.004172234330326319,0.003322390839457512
mlp_2x100_bn_l2,10,30,129,0.004643074236810207,0.0032701799646019936
mlp_2x100_bn_l2,10,30,130,0.004740315023809671,0.0031549176201224327
mlp_2x100_bn_l2,10,30,131,0.0041317627765238285,0.0031025612261146307
mlp_2x100_bn_l2,10,30,132,0.004337999038398266,0.002887886483222246
mlp_2x100_bn_l2,10,30,133,0.0038184381555765867,0.0027792351320385933
mlp_2x100_bn_l2,10,30,134,0.0036991285160183907,0.0027457401156425476
mlp_2x100_bn_l2,10,30,135,0.0035481047816574574,0.002645615953952074
mlp_2x100_bn_l2,10,30,136,0.003499201498925686,0.002618880243971944
mlp_2x100_bn_l2,10,30,137,0.0035610098857432604,0.0025805719196796417
mlp_2x100_bn_l2,10,30,138,0.0035772963892668486,0.002819543005898595
mlp_2x100_bn_l2,10,30,139,0.00351441977545619,0.002483459422364831
mlp_2x100_bn_l2,10,30,140,0.003464139997959137,0.002815970918163657
mlp_2x100_bn_l2,10,30,141,0.0034806057810783386,0.0024506670888513327
mlp_2x100_bn_l2,10,30,142,0.0033247529063373804,0.0024948648642748594
mlp_2x100_bn_l2,10,30,143,0.0032660667784512043,0.002334353979676962
mlp_2x100_bn_l2,10,30,144,0.0032498908694833517,0.002486089477315545
mlp_2x100_bn_l2,10,30,145,0.003307839622721076,0.0024784281849861145
mlp_2x100_bn_l2,10,30,146,0.0033859212417155504,0.002455254318192601
mlp_2x100_bn_l2,10,30,147,0.003313313703984022,0.002310809213668108
mlp_2x100_bn_l2,10,30,148,0.0031867153011262417,0.0023402057122439146
mlp_2x100_bn_l2,10,30,149,0.0033263361547142267,0.002899768063798547
mlp_2x100_bn_l2,10,30,150,0.004446486011147499,0.0036467784084379673
mlp_2x100_bn_l2,10,30,151,0.0037826031912118196,0.002708653686568141
mlp_2x100_bn_l2,10,30,152,0.003299193922430277,0.0025706016458570957
mlp_2x100_bn_l2,10,30,153,0.0031446083448827267,0.002518576569855213
mlp_2x100_bn_l2,10,30,154,0.0030402070842683315,0.0024302233941853046
mlp_2x100_bn_l2,10,30,155,0.0029515435453504324,0.00235561141744256
mlp_2x100_bn_l2,10,30,156,0.0028870056848973036,0.0022952593863010406
mlp_2x100_bn_l2,10,30,157,0.0028452053666114807,0.002258163644000888
mlp_2x100_bn_l2,10,30,158,0.0028000071179121733,0.0022408924996852875
mlp_2x100_bn_l2,10,30,159,0.0027747161220759153,0.0022111067082732916
mlp_2x100_bn_l2,10,30,160,0.0027611921541392803,0.0021752482280135155
mlp_2x100_bn_l2,10,30,161,0.0027134083211421967,0.002152393339201808
mlp_2x100_bn_l2,10,30,162,0.0026727074291557074,0.002138942014425993
mlp_2x100_bn_l2,10,30,163,0.0026433030143380165,0.002106244442984462
mlp_2x100_bn_l2,10,30,164,0.0026084119454026222,0.002107486827298999
mlp_2x100_bn_l2,10,30,165,0.002610851777717471,0.0020507725421339273
mlp_2x100_bn_l2,10,30,166,0.0025803237222135067,0.0020267856307327747
mlp_2x100_bn_l2,10,30,167,0.0025577873457223177,0.001996527425944805
mlp_2x100_bn_l2,10,30,168,0.0025360228028148413,0.001999118598178029
mlp_2x100_bn_l2,10,30,169,0.002517112996429205,0.0019910354167222977
mlp_2x100_bn_l2,10,30,170,0.002498933579772711,0.0019637204241007566
mlp_2x100_bn_l2,10,30,171,0.0024880554992705584,0.0019301432184875011
mlp_2x100_bn_l2,10,30,172,0.002492571249604225,0.0019475184381008148
mlp_2x100_bn_l2,10,30,173,0.002537225605919957,0.0019643991254270077
mlp_2x100_bn_l2,10,30,174,0.002540579065680504,0.0020772465504705906
mlp_2x100_bn_l2,10,30,175,0.002515711123123765,0.0020038459915667772
mlp_2x100_bn_l2,10,30,176,0.0024918336421251297,0.001959278015419841
mlp_2x100_bn_l2,10,30,177,0.002462221309542656,0.0019071913557127118
mlp_2x100_bn_l2,10,30,178,0.002440853277221322,0.0018816037336364388
mlp_2x100_bn_l2,10,30,179,0.002421145560219884,0.0018645119853317738
mlp_2x100_bn_l2,10,30,180,0.0024092155508697033,0.0018626793753355742
mlp_2x100_bn_l2,10,30,181,0.0023911769967526197,0.0018456419929862022
mlp_2x100_bn_l2,10,30,182,0.0023938834201544523,0.001839928445406258
mlp_2x100_bn_l2,10,30,183,0.0023852528538554907,0.002442728728055954
mlp_2x100_bn_l2,10,30,184,0.0024266426917165518,0.00264347973279655
mlp_2x100_bn_l2,10,30,185,0.0024951265659183264,0.0018912454834207892
mlp_2x100_bn_l2,10,30,186,0.0023985274601727724,0.001886301557533443
mlp_2x100_bn_l2,10,30,187,0.002371622482314706,0.0018483598250895739
mlp_2x100_bn_l2,10,30,188,0.0023577173706144094,0.0018952105892822146
mlp_2x100_bn_l2,10,30,189,0.002349292393773794,0.001896628993563354
mlp_2x100_bn_l2,10,30,190,0.0023392566945403814,0.0018246278632432222
mlp_2x100_bn_l2,10,30,191,0.0023300901520997286,0.0018002300057560205
mlp_2x100_bn_l2,10,30,192,0.0023221303708851337,0.0017955969087779522
mlp_2x100_bn_l2,10,30,193,0.0023169261403381824,0.001786550972610712
mlp_2x100_bn_l2,10,30,194,0.002309307921677828,0.0017811544239521027
mlp_2x100_bn_l2,10,30,195,0.002306342124938965,0.0017753170104697347
mlp_2x100_bn_l2,10,30,196,0.0023011609446257353,0.0017904962878674269
mlp_2x100_bn_l2,10,30,197,0.0022977138869464397,0.001768629066646099
mlp_2x100_bn_l2,10,30,198,0.002295469166710973,0.001771984389051795
mlp_2x100_bn_l2,10,30,199,0.002294281031936407,0.001777266850695014
mlp_2x100_bn_l2,10,30,200,0.0022916814778000116,0.00178294547367841
mlp_2x100_bn_l2,10,90,1,0.5181350111961365,0.1958618313074112
mlp_2x100_bn_l2,10,90,2,0.19187980890274048,0.11282774060964584
mlp_2x100_bn_l2,10,90,3,0.09789975732564926,0.06701985746622086
mlp_2x100_bn_l2,10,90,4,0.06262721866369247,0.046640846878290176
mlp_2x100_bn_l2,10,90,5,0.046327415853738785,0.036865878850221634
mlp_2x100_bn_l2,10,90,6,0.037501104176044464,0.031523436307907104
mlp_2x100_bn_l2,10,90,7,0.031992118805646896,0.027542999014258385
mlp_2x100_bn_l2,10,90,8,0.028758667409420013,0.025158945471048355
mlp_2x100_bn_l2,10,90,9,0.02626899443566799,0.024549050256609917
mlp_2x100_bn_l2,10,90,10,0.02461841329932213,0.02075326256453991
mlp_2x100_bn_l2,10,90,11,0.022137440741062164,0.01941986195743084
mlp_2x100_bn_l2,10,90,12,0.020559348165988922,0.018688231706619263
mlp_2x100_bn_l2,10,90,13,0.019604027271270752,0.01680632308125496
mlp_2x100_bn_l2,10,90,14,0.017966050654649734,0.016376646235585213
mlp_2x100_bn_l2,10,90,15,0.016825195401906967,0.015286597423255444
mlp_2x100_bn_l2,10,90,16,0.015911541879177094,0.013443194329738617
mlp_2x100_bn_l2,10,90,17,0.014234578236937523,0.012207030318677425
mlp_2x100_bn_l2,10,90,18,0.013077321462333202,0.011468385346233845
mlp_2x100_bn_l2,10,90,19,0.012548915110528469,0.010828268714249134
mlp_2x100_bn_l2,10,90,20,0.011325453408062458,0.009305447340011597
mlp_2x100_bn_l2,10,90,21,0.010793778114020824,0.009187926538288593
mlp_2x100_bn_l2,10,90,22,0.009974437765777111,0.008634121157228947
mlp_2x100_bn_l2,10,90,23,0.009298267774283886,0.0077824280597269535
mlp_2x100_bn_l2,10,90,24,0.008486094884574413,0.00742704002186656
mlp_2x100_bn_l2,10,90,25,0.008191735483705997,0.007497753947973251
mlp_2x100_bn_l2,10,90,26,0.007681139279156923,0.005984409712255001
mlp_2x100_bn_l2,10,90,27,0.007346302270889282,0.006080364342778921
mlp_2x100_bn_l2,10,90,28,0.006411283742636442,0.005410165060311556
mlp_2x100_bn_l2,10,90,29,0.005927965044975281,0.004573907237499952
mlp_2x100_bn_l2,10,90,30,0.005712936632335186,0.004872817546129227
mlp_2x100_bn_l2,10,90,31,0.005170825868844986,0.004159355536103249
mlp_2x100_bn_l2,10,90,32,0.005117280874401331,0.0037033099215477705
mlp_2x100_bn_l2,10,90,33,0.004692315589636564,0.003337929956614971
mlp_2x100_bn_l2,10,90,34,0.004424986429512501,0.003660582471638918
mlp_2x100_bn_l2,10,90,35,0.00440235948190093,0.003912378568202257
mlp_2x100_bn_l2,10,90,36,0.004199019633233547,0.003626558929681778
mlp_2x100_bn_l2,10,90,37,0.003971459809690714,0.00309933302924037
mlp_2x100_bn_l2,10,90,38,0.003863298101350665,0.0026427372358739376
mlp_2x100_bn_l2,10,90,39,0.004048268310725689,0.0030646449886262417
mlp_2x100_bn_l2,10,90,40,0.004090805537998676,0.0029153991490602493
mlp_2x100_bn_l2,10,90,41,0.004197194706648588,0.0034709295723587275
mlp_2x100_bn_l2,10,90,42,0.004435885231941938,0.0034245464485138655
mlp_2x100_bn_l2,10,90,43,0.004376010969281197,0.0031439969316124916
mlp_2x100_bn_l2,10,90,44,0.00406052777543664,0.0031557839829474688
mlp_2x100_bn_l2,10,90,45,0.004145376849919558,0.002766974503174424
mlp_2x100_bn_l2,10,90,46,0.004255535546690226,0.0034188167192041874
mlp_2x100_bn_l2,10,90,47,0.0045186299830675125,0.003187820315361023
mlp_2x100_bn_l2,10,90,48,0.004305123817175627,0.003297373652458191
mlp_2x100_bn_l2,10,90,49,0.004368300549685955,0.002969786524772644
mlp_2x100_bn_l2,10,90,50,0.004377208184450865,0.002653294475749135
mlp_2x100_bn_l2,10,90,51,0.004675777163356543,0.0030655022710561752
mlp_2x100_bn_l2,10,90,52,0.004419480916112661,0.003681638278067112
mlp_2x100_bn_l2,10,90,53,0.004617348313331604,0.002997381379827857
mlp_2x100_bn_l2,10,90,54,0.0040170601569116116,0.002668449655175209
mlp_2x100_bn_l2,10,90,55,0.003976315259933472,0.003381130751222372
mlp_2x100_bn_l2,10,90,56,0.006791302468627691,0.0038635670207440853
mlp_2x100_bn_l2,10,90,57,0.004558084532618523,0.0029595959931612015
mlp_2x100_bn_l2,10,90,58,0.004096469841897488,0.002868907991796732
mlp_2x100_bn_l2,10,90,59,0.003917338792234659,0.0031613740138709545
mlp_2x100_bn_l2,10,90,60,0.004486675374209881,0.003364523872733116
mlp_2x100_bn_l2,10,90,61,0.003880449803546071,0.002688306150957942
mlp_2x100_bn_l2,10,90,62,0.0037259296514093876,0.0026852660812437534
mlp_2x100_bn_l2,10,90,63,0.0038935889024287462,0.0029743940103799105
mlp_2x100_bn_l2,10,90,64,0.0036670526023954153,0.0029110684990882874
mlp_2x100_bn_l2,10,90,65,0.004072412382811308,0.0037280090618878603
mlp_2x100_bn_l2,10,90,66,0.004301056731492281,0.0028844864573329687
mlp_2x100_bn_l2,10,90,67,0.004241799470037222,0.002886961679905653
mlp_2x100_bn_l2,10,90,68,0.003662773407995701,0.0026059551164507866
mlp_2x100_bn_l2,10,90,69,0.0036081289872527122,0.0024707342963665724
mlp_2x100_bn_l2,10,90,70,0.0035081454552710056,0.002418865216895938
mlp_2x100_bn_l2,10,90,71,0.0032379725016653538,0.002241609850898385
mlp_2x100_bn_l2,10,90,72,0.0032499171793460846,0.0022141176741570234
mlp_2x100_bn_l2,10,90,73,0.003162086708471179,0.002269333228468895
mlp_2x100_bn_l2,10,90,74,0.0032538515515625477,0.002222351962700486
mlp_2x100_bn_l2,10,90,75,0.0030954431276768446,0.002262130845338106
mlp_2x100_bn_l2,10,90,76,0.00335990684106946,0.0023300135508179665
mlp_2x100_bn_l2,10,90,77,0.0035050823353230953,0.0028248063754290342
mlp_2x100_bn_l2,10,90,78,0.0039860159158706665,0.003050499828532338
mlp_2x100_bn_l2,10,90,79,0.00705488957464695,0.0037419998552650213
mlp_2x100_bn_l2,10,90,80,0.004722316283732653,0.0025865575298666954
mlp_2x100_bn_l2,10,90,81,0.004086651373654604,0.0028999820351600647
mlp_2x100_bn_l2,10,90,82,0.005029706284403801,0.0031445652712136507
mlp_2x100_bn_l2,10,90,83,0.004275869578123093,0.002677737735211849
mlp_2x100_bn_l2,10,90,84,0.0037508131936192513,0.002437572693452239
mlp_2x100_bn_l2,10,90,85,0.003725991817191243,0.0022981318179517984
mlp_2x100_bn_l2,10,90,86,0.0033659536857157946,0.0022712666541337967
mlp_2x100_bn_l2,10,90,87,0.003215972101315856,0.002201537834480405
mlp_2x100_bn_l2,10,90,88,0.003244391642510891,0.0021575167775154114
mlp_2x100_bn_l2,10,90,89,0.0031290692277252674,0.002133716596290469
mlp_2x100_bn_l2,10,90,90,0.0031220875680446625,0.0024715405888855457
mlp_2x100_bn_l2,10,90,91,0.0031009498052299023,0.0022015380673110485
mlp_2x100_bn_l2,10,90,92,0.0034326082095503807,0.0021990123204886913
mlp_2x100_bn_l2,10,90,93,0.0035078800283372402,0.0023796490859240294
mlp_2x100_bn_l2,10,90,94,0.003667432116344571,0.002425163984298706
mlp_2x100_bn_l2,10,90,95,0.0035338199231773615,0.0020443396642804146
mlp_2x100_bn_l2,10,90,96,0.0033307333942502737,0.0022103453520685434
mlp_2x100_bn_l2,10,90,97,0.004032916855067015,0.0029818506445735693
mlp_2x100_bn_l2,10,90,98,0.003936626948416233,0.002226907294243574
mlp_2x100_bn_l2,10,90,99,0.003870929591357708,0.0023273529950529337
mlp_2x100_bn_l2,10,90,100,0.003339918563142419,0.002167791360989213
mlp_2x100_bn_l2,10,90,101,0.003138894448056817,0.0021610776893794537
mlp_2x100_bn_l2,10,90,102,0.002997376723214984,0.002025787951424718
mlp_2x100_bn_l2,10,90,103,0.0029782261699438095,0.0020313167478889227
mlp_2x100_bn_l2,10,90,104,0.0029449714347720146,0.0020299823954701424
mlp_2x100_bn_l2,10,90,105,0.002844792092218995,0.002017405815422535
mlp_2x100_bn_l2,10,90,106,0.0028641708195209503,0.0019484305521473289
mlp_2x100_bn_l2,10,90,107,0.002941218437626958,0.0020270810928195715
mlp_2x100_bn_l2,10,90,108,0.00278114783577621,0.00181102124042809
mlp_2x100_bn_l2,10,90,109,0.0027342457324266434,0.0018571621039882302
mlp_2x100_bn_l2,10,90,110,0.0026799580082297325,0.0017599284183233976
mlp_2x100_bn_l2,10,90,111,0.0027279851492494345,0.0017472731415182352
mlp_2x100_bn_l2,10,90,112,0.002654010197147727,0.0019678545650094748
mlp_2x100_bn_l2,10,90,113,0.002753355074673891,0.0019471347332000732
mlp_2x100_bn_l2,10,90,114,0.0029471407178789377,0.0026847466360777617
mlp_2x100_bn_l2,10,90,115,0.0033208434469997883,0.0020980830304324627
mlp_2x100_bn_l2,10,90,116,0.0033944882452487946,0.0026048237923532724
mlp_2x100_bn_l2,10,90,117,0.0043179369531571865,0.00237464252859354
mlp_2x100_bn_l2,10,90,118,0.003177081234753132,0.0019532081205397844
mlp_2x100_bn_l2,10,90,119,0.002915166551247239,0.0019270566990599036
mlp_2x100_bn_l2,10,90,120,0.002809604862704873,0.0018551803659647703
mlp_2x100_bn_l2,10,90,121,0.0027114427648484707,0.001896515255793929
mlp_2x100_bn_l2,10,90,122,0.00270984903909266,0.0018130773678421974
mlp_2x100_bn_l2,10,90,123,0.0026333860587328672,0.0018395864171907306
mlp_2x100_bn_l2,10,90,124,0.00292191025801003,0.0018680309876799583
mlp_2x100_bn_l2,10,90,125,0.0027809494640678167,0.0016937660984694958
mlp_2x100_bn_l2,10,90,126,0.0027063186280429363,0.001722802291624248
mlp_2x100_bn_l2,10,90,127,0.0026639627758413553,0.0016311079962179065
mlp_2x100_bn_l2,10,90,128,0.003028882434591651,0.0019657087977975607
mlp_2x100_bn_l2,10,90,129,0.002987185725942254,0.0018184441141784191
mlp_2x100_bn_l2,10,90,130,0.002691762987524271,0.0016794431721791625
mlp_2x100_bn_l2,10,90,131,0.0026000794023275375,0.0017045181011781096
mlp_2x100_bn_l2,10,90,132,0.002534229774028063,0.0018122526817023754
mlp_2x100_bn_l2,10,90,133,0.002484462223947048,0.001642042538151145
mlp_2x100_bn_l2,10,90,134,0.002441110322251916,0.0016315178945660591
mlp_2x100_bn_l2,10,90,135,0.0024131364189088345,0.0015655801398679614
mlp_2x100_bn_l2,10,90,136,0.0023947313893586397,0.0015362912090495229
mlp_2x100_bn_l2,10,90,137,0.0023700064048171043,0.002079434460029006
mlp_2x100_bn_l2,10,90,138,0.0024198791943490505,0.0016225677682086825
mlp_2x100_bn_l2,10,90,139,0.002690381370484829,0.0018405284499749541
mlp_2x100_bn_l2,10,90,140,0.0027052517980337143,0.002128839259967208
mlp_2x100_bn_l2,10,90,141,0.002680842997506261,0.0018374113133177161
mlp_2x100_bn_l2,10,90,142,0.0025239980313926935,0.0020307134836912155
mlp_2x100_bn_l2,10,90,143,0.0024697366170585155,0.0018169827526435256
mlp_2x100_bn_l2,10,90,144,0.00241240207105875,0.0015336743090301752
mlp_2x100_bn_l2,10,90,145,0.0023166551254689693,0.001510152011178434
mlp_2x100_bn_l2,10,90,146,0.0022894598077982664,0.0015520257875323296
mlp_2x100_bn_l2,10,90,147,0.002309368923306465,0.001578725059516728
mlp_2x100_bn_l2,10,90,148,0.0022896702867001295,0.0018171747215092182
mlp_2x100_bn_l2,10,90,149,0.0022885955404490232,0.0016319472342729568
mlp_2x100_bn_l2,10,90,150,0.002305505098775029,0.0015775103820487857
mlp_2x100_bn_l2,10,90,151,0.0022172920871526003,0.0015537866856902838
mlp_2x100_bn_l2,10,90,152,0.002176034264266491,0.001450585201382637
mlp_2x100_bn_l2,10,90,153,0.0021886916365474463,0.0015375491930171847
mlp_2x100_bn_l2,10,90,154,0.0021477483678609133,0.0014398698695003986
mlp_2x100_bn_l2,10,90,155,0.0022599867079406977,0.0016369748627766967
mlp_2x100_bn_l2,10,90,156,0.003057575784623623,0.0025269624311476946
mlp_2x100_bn_l2,10,90,157,0.003090922487899661,0.0017573980148881674
mlp_2x100_bn_l2,10,90,158,0.0026081178802996874,0.001594443921931088
mlp_2x100_bn_l2,10,90,159,0.002340092556551099,0.001533109345473349
mlp_2x100_bn_l2,10,90,160,0.0023230265360325575,0.0014498038217425346
mlp_2x100_bn_l2,10,90,161,0.0022563994862139225,0.0014444083208218217
mlp_2x100_bn_l2,10,90,162,0.0023309614043682814,0.0014593078522011638
mlp_2x100_bn_l2,10,90,163,0.0022978167980909348,0.001447929535061121
mlp_2x100_bn_l2,10,90,164,0.002412576461210847,0.0015148315578699112
mlp_2x100_bn_l2,10,90,165,0.002158102346584201,0.001432599499821663
mlp_2x100_bn_l2,10,90,166,0.0022432233672589064,0.0015252695884555578
mlp_2x100_bn_l2,10,90,167,0.003034302731975913,0.0019012881675735116
mlp_2x100_bn_l2,10,90,168,0.0031793424859642982,0.001907878089696169
mlp_2x100_bn_l2,10,90,169,0.0026400170754641294,0.001719680498354137
mlp_2x100_bn_l2,10,90,170,0.0023732720874249935,0.001753245946019888
mlp_2x100_bn_l2,10,90,171,0.0023878663778305054,0.0015804182039573789
mlp_2x100_bn_l2,10,90,172,0.0022732687648385763,0.0016977785853669047
mlp_2x100_bn_l2,10,90,173,0.0021709082648158073,0.0015206759562715888
mlp_2x100_bn_l2,10,90,174,0.002152147237211466,0.001623437157832086
mlp_2x100_bn_l2,10,90,175,0.002180457813665271,0.001469891518354416
mlp_2x100_bn_l2,10,90,176,0.0019642061088234186,0.0015679695643484592
mlp_2x100_bn_l2,10,90,177,0.001919876434840262,0.0014763276558369398
mlp_2x100_bn_l2,10,90,178,0.0018949639052152634,0.0014623902970924973
mlp_2x100_bn_l2,10,90,179,0.0018304456025362015,0.0014171396614983678
mlp_2x100_bn_l2,10,90,180,0.001762094208970666,0.0015622045611962676
mlp_2x100_bn_l2,10,90,181,0.0017233554972335696,0.001314317574724555
mlp_2x100_bn_l2,10,90,182,0.00169862131588161,0.001271384651772678
mlp_2x100_bn_l2,10,90,183,0.0016742149600759149,0.0012809018371626735
mlp_2x100_bn_l2,10,90,184,0.00165394542273134,0.001296154223382473
mlp_2x100_bn_l2,10,90,185,0.0016371087403967977,0.0012839965056627989
mlp_2x100_bn_l2,10,90,186,0.0016164456028491259,0.0012929510558024049
mlp_2x100_bn_l2,10,90,187,0.001600330346263945,0.0012730578891932964
mlp_2x100_bn_l2,10,90,188,0.0015893742674961686,0.0012605604715645313
mlp_2x100_bn_l2,10,90,189,0.0015742089599370956,0.0012264791876077652
mlp_2x100_bn_l2,10,90,190,0.0015607746317982674,0.0012017296394333243
mlp_2x100_bn_l2,10,90,191,0.0015511299716308713,0.0011901240795850754
mlp_2x100_bn_l2,10,90,192,0.0015424465527758002,0.0011747457319870591
mlp_2x100_bn_l2,10,90,193,0.001534500508569181,0.0011567441979423165
mlp_2x100_bn_l2,10,90,194,0.0015270651783794165,0.0011563326697796583
mlp_2x100_bn_l2,10,90,195,0.0015181740745902061,0.0011344619560986757
mlp_2x100_bn_l2,10,90,196,0.001514126663096249,0.0011277589946985245
mlp_2x100_bn_l2,10,90,197,0.0015081735327839851,0.001116942148655653
mlp_2x100_bn_l2,10,90,198,0.0015009850030764937,0.0011034435592591763
mlp_2x100_bn_l2,10,90,199,0.0014995174715295434,0.001100814901292324
mlp_2x100_bn_l2,10,90,200,0.0014947972958907485,0.001089078257791698
mlp_2x100_bn_l2,30,1,1,0.5440155863761902,0.21682745218276978
mlp_2x100_bn_l2,30,1,2,0.21025651693344116,0.1256161332130432
mlp_2x100_bn_l2,30,1,3,0.10383941233158112,0.07303576916456223
mlp_2x100_bn_l2,30,1,4,0.06367358565330505,0.0513114333152771
mlp_2x100_bn_l2,30,1,5,0.04871968552470207,0.0418473556637764
mlp_2x100_bn_l2,30,1,6,0.042208701372146606,0.03744836896657944
mlp_2x100_bn_l2,30,1,7,0.03884456306695938,0.03467264771461487
mlp_2x100_bn_l2,30,1,8,0.036382950842380524,0.03178796172142029
mlp_2x100_bn_l2,30,1,9,0.034137558192014694,0.03007645159959793
mlp_2x100_bn_l2,30,1,10,0.03221983462572098,0.028802232816815376
mlp_2x100_bn_l2,30,1,11,0.030611103400588036,0.02704705111682415
mlp_2x100_bn_l2,30,1,12,0.028893649578094482,0.02518187090754509
mlp_2x100_bn_l2,30,1,13,0.027310727164149284,0.023842789232730865
mlp_2x100_bn_l2,30,1,14,0.0258785430341959,0.02274121344089508
mlp_2x100_bn_l2,30,1,15,0.024683881551027298,0.021218832582235336
mlp_2x100_bn_l2,30,1,16,0.023325815796852112,0.02038107067346573
mlp_2x100_bn_l2,30,1,17,0.0223537627607584,0.01897931471467018
mlp_2x100_bn_l2,30,1,18,0.02106832154095173,0.01831316016614437
mlp_2x100_bn_l2,30,1,19,0.020208144560456276,0.017326533794403076
mlp_2x100_bn_l2,30,1,20,0.019297918304800987,0.016519371420145035
mlp_2x100_bn_l2,30,1,21,0.01841721497476101,0.01607542857527733
mlp_2x100_bn_l2,30,1,22,0.017717422917485237,0.015391808934509754
mlp_2x100_bn_l2,30,1,23,0.017234234139323235,0.014668401330709457
mlp_2x100_bn_l2,30,1,24,0.016642868518829346,0.014632739126682281
mlp_2x100_bn_l2,30,1,25,0.016258981078863144,0.014022694900631905
mlp_2x100_bn_l2,30,1,26,0.01579667255282402,0.01370256021618843
mlp_2x100_bn_l2,30,1,27,0.01547157671302557,0.013532713055610657
mlp_2x100_bn_l2,30,1,28,0.015194159001111984,0.013601532205939293
mlp_2x100_bn_l2,30,1,29,0.015133357606828213,0.013253170996904373
mlp_2x100_bn_l2,30,1,30,0.014924471266567707,0.013427270576357841
mlp_2x100_bn_l2,30,1,31,0.014742651022970676,0.01274901069700718
mlp_2x100_bn_l2,30,1,32,0.014497179538011551,0.012850545346736908
mlp_2x100_bn_l2,30,1,33,0.01446892973035574,0.012728635221719742
mlp_2x100_bn_l2,30,1,34,0.014160039834678173,0.012921697460114956
mlp_2x100_bn_l2,30,1,35,0.01417570561170578,0.012192869558930397
mlp_2x100_bn_l2,30,1,36,0.013960067182779312,0.01267211977392435
mlp_2x100_bn_l2,30,1,37,0.014005618169903755,0.012503786012530327
mlp_2x100_bn_l2,30,1,38,0.013998470269143581,0.012006660923361778
mlp_2x100_bn_l2,30,1,39,0.013784685172140598,0.011872930452227592
mlp_2x100_bn_l2,30,1,40,0.013798944652080536,0.01273620966821909
mlp_2x100_bn_l2,30,1,41,0.013775293715298176,0.012351857498288155
mlp_2x100_bn_l2,30,1,42,0.013689660467207432,0.012208009138703346
mlp_2x100_bn_l2,30,1,43,0.01364247314631939,0.012380323372781277
mlp_2x100_bn_l2,30,1,44,0.013801530934870243,0.012456768192350864
mlp_2x100_bn_l2,30,1,45,0.013805767521262169,0.01195717416703701
mlp_2x100_bn_l2,30,1,46,0.013676988892257214,0.012096312828361988
mlp_2x100_bn_l2,30,1,47,0.013668341562151909,0.012317522428929806
mlp_2x100_bn_l2,30,1,48,0.013627651147544384,0.011778817512094975
mlp_2x100_bn_l2,30,1,49,0.013655229471623898,0.012568524107336998
mlp_2x100_bn_l2,30,1,50,0.013595218770205975,0.012013189494609833
mlp_2x100_bn_l2,30,1,51,0.013600487262010574,0.011832762509584427
mlp_2x100_bn_l2,30,1,52,0.013619228266179562,0.012412158772349358
mlp_2x100_bn_l2,30,1,53,0.01367522869259119,0.01197037287056446
mlp_2x100_bn_l2,30,1,54,0.013693159446120262,0.011858704499900341
mlp_2x100_bn_l2,30,1,55,0.013700281269848347,0.011755953542888165
mlp_2x100_bn_l2,30,1,56,0.013710854575037956,0.01215765904635191
mlp_2x100_bn_l2,30,1,57,0.013690383173525333,0.011859782040119171
mlp_2x100_bn_l2,30,1,58,0.013634072616696358,0.012098144739866257
mlp_2x100_bn_l2,30,1,59,0.013553500175476074,0.0121303154155612
mlp_2x100_bn_l2,30,1,60,0.01367154996842146,0.011962809599936008
mlp_2x100_bn_l2,30,1,61,0.013621495105326176,0.01155034452676773
mlp_2x100_bn_l2,30,1,62,0.013537929393351078,0.012188256718218327
mlp_2x100_bn_l2,30,1,63,0.013638036325573921,0.011789732612669468
mlp_2x100_bn_l2,30,1,64,0.01365438662469387,0.011538621969521046
mlp_2x100_bn_l2,30,1,65,0.013550610281527042,0.011660647578537464
mlp_2x100_bn_l2,30,1,66,0.013528693467378616,0.011535543948411942
mlp_2x100_bn_l2,30,1,67,0.01360403373837471,0.011815314181149006
mlp_2x100_bn_l2,30,1,68,0.013548798859119415,0.011545233428478241
mlp_2x100_bn_l2,30,1,69,0.013613991439342499,0.011474743485450745
mlp_2x100_bn_l2,30,1,70,0.013712828978896141,0.011372892186045647
mlp_2x100_bn_l2,30,1,71,0.013567651621997356,0.011330090463161469
mlp_2x100_bn_l2,30,1,72,0.01361280120909214,0.011324913240969181
mlp_2x100_bn_l2,30,1,73,0.013525675982236862,0.011441666632890701
mlp_2x100_bn_l2,30,1,74,0.01373717188835144,0.01133321039378643
mlp_2x100_bn_l2,30,1,75,0.013714151456952095,0.011508185416460037
mlp_2x100_bn_l2,30,1,76,0.013621930964291096,0.011291750706732273
mlp_2x100_bn_l2,30,1,77,0.013654888607561588,0.011299225501716137
mlp_2x100_bn_l2,30,1,78,0.013485593721270561,0.01171098928898573
mlp_2x100_bn_l2,30,1,79,0.013534976169466972,0.011308465152978897
mlp_2x100_bn_l2,30,1,80,0.01357798557728529,0.011172428727149963
mlp_2x100_bn_l2,30,1,81,0.013555070385336876,0.011336438357830048
mlp_2x100_bn_l2,30,1,82,0.013482710346579552,0.011244090273976326
mlp_2x100_bn_l2,30,1,83,0.013481752946972847,0.011285170912742615
mlp_2x100_bn_l2,30,1,84,0.013483132235705853,0.011181742884218693
mlp_2x100_bn_l2,30,1,85,0.01348493155092001,0.01108174491673708
mlp_2x100_bn_l2,30,1,86,0.013531036674976349,0.011498934589326382
mlp_2x100_bn_l2,30,1,87,0.013530151918530464,0.011285993270576
mlp_2x100_bn_l2,30,1,88,0.013576310127973557,0.011208532378077507
mlp_2x100_bn_l2,30,1,89,0.013352585025131702,0.011046227999031544
mlp_2x100_bn_l2,30,1,90,0.013472959399223328,0.011074284091591835
mlp_2x100_bn_l2,30,1,91,0.013417688198387623,0.011072123423218727
mlp_2x100_bn_l2,30,1,92,0.013574434444308281,0.011296628043055534
mlp_2x100_bn_l2,30,1,93,0.013420866802334785,0.011233475990593433
mlp_2x100_bn_l2,30,1,94,0.013371167704463005,0.011136584915220737
mlp_2x100_bn_l2,30,1,95,0.013406962156295776,0.011153487488627434
mlp_2x100_bn_l2,30,1,96,0.013512794859707355,0.011142678558826447
mlp_2x100_bn_l2,30,1,97,0.013401640579104424,0.01113948505371809
mlp_2x100_bn_l2,30,1,98,0.013404256664216518,0.011171428486704826
mlp_2x100_bn_l2,30,1,99,0.013273825868964195,0.011042725294828415
mlp_2x100_bn_l2,30,1,100,0.01321021094918251,0.01110081747174263
mlp_2x100_bn_l2,30,1,101,0.013223152607679367,0.011136076413094997
mlp_2x100_bn_l2,30,1,102,0.013245885260403156,0.010971602983772755
mlp_2x100_bn_l2,30,1,103,0.013307148590683937,0.011537346057593822
mlp_2x100_bn_l2,30,1,104,0.013480862602591515,0.011053584516048431
mlp_2x100_bn_l2,30,1,105,0.013269834220409393,0.010995312593877316
mlp_2x100_bn_l2,30,1,106,0.013167462311685085,0.01084829866886139
mlp_2x100_bn_l2,30,1,107,0.013155604712665081,0.010932664386928082
mlp_2x100_bn_l2,30,1,108,0.013192826882004738,0.010920634493231773
mlp_2x100_bn_l2,30,1,109,0.013215070590376854,0.010919016785919666
mlp_2x100_bn_l2,30,1,110,0.0132520766928792,0.01118676457554102
mlp_2x100_bn_l2,30,1,111,0.013084911741316319,0.011002576909959316
mlp_2x100_bn_l2,30,1,112,0.013350495137274265,0.011436543427407742
mlp_2x100_bn_l2,30,1,113,0.013477610424160957,0.011407453566789627
mlp_2x100_bn_l2,30,1,114,0.013492193073034286,0.011177699081599712
mlp_2x100_bn_l2,30,1,115,0.013124625198543072,0.011094782501459122
mlp_2x100_bn_l2,30,1,116,0.013007054105401039,0.010979332029819489
mlp_2x100_bn_l2,30,1,117,0.012919987551867962,0.010879208333790302
mlp_2x100_bn_l2,30,1,118,0.012901555746793747,0.011289425194263458
mlp_2x100_bn_l2,30,1,119,0.012863010168075562,0.010928940027952194
mlp_2x100_bn_l2,30,1,120,0.012996065430343151,0.010932653211057186
mlp_2x100_bn_l2,30,1,121,0.012945313937962055,0.010953450575470924
mlp_2x100_bn_l2,30,1,122,0.01326787006109953,0.011191674508154392
mlp_2x100_bn_l2,30,1,123,0.013180572539567947,0.010990137234330177
mlp_2x100_bn_l2,30,1,124,0.012982080690562725,0.01104788389056921
mlp_2x100_bn_l2,30,1,125,0.012948487885296345,0.010656597092747688
mlp_2x100_bn_l2,30,1,126,0.012934926897287369,0.01084362342953682
mlp_2x100_bn_l2,30,1,127,0.01277966983616352,0.010713780298829079
mlp_2x100_bn_l2,30,1,128,0.012990571558475494,0.011122879572212696
mlp_2x100_bn_l2,30,1,129,0.013128266669809818,0.010950194671750069
mlp_2x100_bn_l2,30,1,130,0.013090625405311584,0.010975183919072151
mlp_2x100_bn_l2,30,1,131,0.012967787683010101,0.01087299082428217
mlp_2x100_bn_l2,30,1,132,0.01285077165812254,0.010929876938462257
mlp_2x100_bn_l2,30,1,133,0.012771517969667912,0.010672241449356079
mlp_2x100_bn_l2,30,1,134,0.012723979540169239,0.010644490830600262
mlp_2x100_bn_l2,30,1,135,0.012660039588809013,0.010654950514435768
mlp_2x100_bn_l2,30,1,136,0.01274182554334402,0.01092356164008379
mlp_2x100_bn_l2,30,1,137,0.013375317677855492,0.011269422248005867
mlp_2x100_bn_l2,30,1,138,0.014481299556791782,0.011227560229599476
mlp_2x100_bn_l2,30,1,139,0.013462145812809467,0.011166291311383247
mlp_2x100_bn_l2,30,1,140,0.013010973110795021,0.010781269520521164
mlp_2x100_bn_l2,30,1,141,0.012986341491341591,0.010928110219538212
mlp_2x100_bn_l2,30,1,142,0.012899067252874374,0.010673758573830128
mlp_2x100_bn_l2,30,1,143,0.012778217904269695,0.010658790357410908
mlp_2x100_bn_l2,30,1,144,0.01277069840580225,0.010836365632712841
mlp_2x100_bn_l2,30,1,145,0.012651406228542328,0.01058164518326521
mlp_2x100_bn_l2,30,1,146,0.012630906887352467,0.010829830542206764
mlp_2x100_bn_l2,30,1,147,0.012804493308067322,0.010706149972975254
mlp_2x100_bn_l2,30,1,148,0.01273731142282486,0.010877297259867191
mlp_2x100_bn_l2,30,1,149,0.013075705617666245,0.010926993563771248
mlp_2x100_bn_l2,30,1,150,0.012960650026798248,0.010745293460786343
mlp_2x100_bn_l2,30,1,151,0.01287783496081829,0.010820051655173302
mlp_2x100_bn_l2,30,1,152,0.012651708908379078,0.010802004486322403
mlp_2x100_bn_l2,30,1,153,0.012834149412810802,0.010806185193359852
mlp_2x100_bn_l2,30,1,154,0.01290517020970583,0.010983766056597233
mlp_2x100_bn_l2,30,1,155,0.012731109745800495,0.010803589597344398
mlp_2x100_bn_l2,30,1,156,0.012673287652432919,0.010870374739170074
mlp_2x100_bn_l2,30,1,157,0.012637977488338947,0.01077796146273613
mlp_2x100_bn_l2,30,1,158,0.012649698182940483,0.010834021493792534
mlp_2x100_bn_l2,30,1,159,0.01261292677372694,0.011328660883009434
mlp_2x100_bn_l2,30,1,160,0.012579367496073246,0.010896828025579453
mlp_2x100_bn_l2,30,1,161,0.012552035041153431,0.010596961714327335
mlp_2x100_bn_l2,30,1,162,0.012559832073748112,0.01076794508844614
mlp_2x100_bn_l2,30,1,163,0.012598632834851742,0.010838465765118599
mlp_2x100_bn_l2,30,1,164,0.012664968147873878,0.011028199456632137
mlp_2x100_bn_l2,30,1,165,0.012886269018054008,0.011165500618517399
mlp_2x100_bn_l2,30,1,166,0.012753334827721119,0.01081875991076231
mlp_2x100_bn_l2,30,1,167,0.012730301357805729,0.010872714221477509
mlp_2x100_bn_l2,30,1,168,0.012555887922644615,0.010921815410256386
mlp_2x100_bn_l2,30,1,169,0.012600244954228401,0.010853255167603493
mlp_2x100_bn_l2,30,1,170,0.012677558697760105,0.010770691558718681
mlp_2x100_bn_l2,30,1,171,0.013081920333206654,0.010873525403439999
mlp_2x100_bn_l2,30,1,172,0.012874307110905647,0.010749018751084805
mlp_2x100_bn_l2,30,1,173,0.012633775360882282,0.010738915763795376
mlp_2x100_bn_l2,30,1,174,0.012694593518972397,0.010982356034219265
mlp_2x100_bn_l2,30,1,175,0.012767995707690716,0.010903849266469479
mlp_2x100_bn_l2,30,1,176,0.012721378356218338,0.010720726102590561
mlp_2x100_bn_l2,30,1,177,0.012648072093725204,0.010804615914821625
mlp_2x100_bn_l2,30,1,178,0.012645233422517776,0.010816007852554321
mlp_2x100_bn_l2,30,1,179,0.012571216560900211,0.010713739320635796
mlp_2x100_bn_l2,30,1,180,0.012606131844222546,0.011032161302864552
mlp_2x100_bn_l2,30,1,181,0.012650759890675545,0.01066581066697836
mlp_2x100_bn_l2,30,1,182,0.012522662058472633,0.010689162649214268
mlp_2x100_bn_l2,30,1,183,0.012469304725527763,0.011053618974983692
mlp_2x100_bn_l2,30,1,184,0.012403476051986217,0.010817080736160278
mlp_2x100_bn_l2,30,1,185,0.012630973011255264,0.010719938203692436
mlp_2x100_bn_l2,30,1,186,0.012680163607001305,0.010774177499115467
mlp_2x100_bn_l2,30,1,187,0.012469835579395294,0.010689692571759224
mlp_2x100_bn_l2,30,1,188,0.012441903352737427,0.010730277746915817
mlp_2x100_bn_l2,30,1,189,0.012362128123641014,0.010726897977292538
mlp_2x100_bn_l2,30,1,190,0.012352627702057362,0.010639842599630356
mlp_2x100_bn_l2,30,1,191,0.012327644973993301,0.010675190947949886
mlp_2x100_bn_l2,30,1,192,0.012268390506505966,0.010582942515611649
mlp_2x100_bn_l2,30,1,193,0.012309917248785496,0.010624732822179794
mlp_2x100_bn_l2,30,1,194,0.012285667471587658,0.0106500294059515
mlp_2x100_bn_l2,30,1,195,0.012249298393726349,0.010556617751717567
mlp_2x100_bn_l2,30,1,196,0.012251519598066807,0.010551681742072105
mlp_2x100_bn_l2,30,1,197,0.012490370310842991,0.010603071190416813
mlp_2x100_bn_l2,30,1,198,0.012503555975854397,0.010691249743103981
mlp_2x100_bn_l2,30,1,199,0.01242091879248619,0.010736154392361641
mlp_2x100_bn_l2,30,1,200,0.012538000009953976,0.010867533273994923
mlp_2x100_bn_l2,30,5,1,0.5439707040786743,0.2160920351743698
mlp_2x100_bn_l2,30,5,2,0.20951290428638458,0.12427995353937149
mlp_2x100_bn_l2,30,5,3,0.10190202295780182,0.07081425189971924
mlp_2x100_bn_l2,30,5,4,0.060322728008031845,0.04824129492044449
mlp_2x100_bn_l2,30,5,5,0.04479895159602165,0.039289336651563644
mlp_2x100_bn_l2,30,5,6,0.037594426423311234,0.03451353684067726
mlp_2x100_bn_l2,30,5,7,0.0340646468102932,0.030841164290905
mlp_2x100_bn_l2,30,5,8,0.03101620450615883,0.027972351759672165
mlp_2x100_bn_l2,30,5,9,0.028880123049020767,0.02583242952823639
mlp_2x100_bn_l2,30,5,10,0.026769284158945084,0.025197463110089302
mlp_2x100_bn_l2,30,5,11,0.025399090722203255,0.022895466536283493
mlp_2x100_bn_l2,30,5,12,0.023554755374789238,0.020744048058986664
mlp_2x100_bn_l2,30,5,13,0.021999647840857506,0.020281214267015457
mlp_2x100_bn_l2,30,5,14,0.020438091829419136,0.01844499446451664
mlp_2x100_bn_l2,30,5,15,0.01899297721683979,0.016787642613053322
mlp_2x100_bn_l2,30,5,16,0.017728013917803764,0.015586505644023418
mlp_2x100_bn_l2,30,5,17,0.016684379428625107,0.014259505085647106
mlp_2x100_bn_l2,30,5,18,0.015430263243615627,0.0141592500731349
mlp_2x100_bn_l2,30,5,19,0.014319827780127525,0.012398505583405495
mlp_2x100_bn_l2,30,5,20,0.013412822037935257,0.011433235369622707
mlp_2x100_bn_l2,30,5,21,0.012727098539471626,0.011114615947008133
mlp_2x100_bn_l2,30,5,22,0.012001071125268936,0.010242211632430553
mlp_2x100_bn_l2,30,5,23,0.011112839914858341,0.009704330004751682
mlp_2x100_bn_l2,30,5,24,0.01072654314339161,0.008745570667088032
mlp_2x100_bn_l2,30,5,25,0.010330187156796455,0.00870729424059391
mlp_2x100_bn_l2,30,5,26,0.009773170575499535,0.008723713457584381
mlp_2x100_bn_l2,30,5,27,0.00967656634747982,0.007795986719429493
mlp_2x100_bn_l2,30,5,28,0.009037534706294537,0.0072378553450107574
mlp_2x100_bn_l2,30,5,29,0.00893558468669653,0.007686814293265343
mlp_2x100_bn_l2,30,5,30,0.008542348630726337,0.007470148149877787
mlp_2x100_bn_l2,30,5,31,0.008659678511321545,0.006800332572311163
mlp_2x100_bn_l2,30,5,32,0.008163431659340858,0.006933580152690411
mlp_2x100_bn_l2,30,5,33,0.0080119539052248,0.006352315656840801
mlp_2x100_bn_l2,30,5,34,0.007838566787540913,0.006397082004696131
mlp_2x100_bn_l2,30,5,35,0.00778097053989768,0.006475123576819897
mlp_2x100_bn_l2,30,5,36,0.007774772588163614,0.006289765238761902
mlp_2x100_bn_l2,30,5,37,0.0076735434122383595,0.006446368992328644
mlp_2x100_bn_l2,30,5,38,0.007676983717828989,0.0066306982189416885
mlp_2x100_bn_l2,30,5,39,0.00766556803137064,0.006240448914468288
mlp_2x100_bn_l2,30,5,40,0.007544063962996006,0.006100655999034643
mlp_2x100_bn_l2,30,5,41,0.0075338236056268215,0.006082097068428993
mlp_2x100_bn_l2,30,5,42,0.007606543600559235,0.0058647324331104755
mlp_2x100_bn_l2,30,5,43,0.007475443184375763,0.006312508601695299
mlp_2x100_bn_l2,30,5,44,0.007495593279600143,0.005930551793426275
mlp_2x100_bn_l2,30,5,45,0.00751692708581686,0.00611489824950695
mlp_2x100_bn_l2,30,5,46,0.00737672159448266,0.005720725283026695
mlp_2x100_bn_l2,30,5,47,0.007351635955274105,0.005753417033702135
mlp_2x100_bn_l2,30,5,48,0.007395826745778322,0.005877014249563217
mlp_2x100_bn_l2,30,5,49,0.007415776140987873,0.00573898246511817
mlp_2x100_bn_l2,30,5,50,0.007356585934758186,0.0061099352315068245
mlp_2x100_bn_l2,30,5,51,0.007533183321356773,0.006040787324309349
mlp_2x100_bn_l2,30,5,52,0.007503675762563944,0.005740468390285969
mlp_2x100_bn_l2,30,5,53,0.007461985107511282,0.005756056401878595
mlp_2x100_bn_l2,30,5,54,0.007478940766304731,0.005896192509680986
mlp_2x100_bn_l2,30,5,55,0.007531030103564262,0.005719596054404974
mlp_2x100_bn_l2,30,5,56,0.00762048689648509,0.00591049250215292
mlp_2x100_bn_l2,30,5,57,0.007601882331073284,0.005868619307875633
mlp_2x100_bn_l2,30,5,58,0.007611727342009544,0.005969176068902016
mlp_2x100_bn_l2,30,5,59,0.007688028272241354,0.006096065975725651
mlp_2x100_bn_l2,30,5,60,0.007783399894833565,0.005879872012883425
mlp_2x100_bn_l2,30,5,61,0.007814314216375351,0.006108847912400961
mlp_2x100_bn_l2,30,5,62,0.007718267384916544,0.006128127686679363
mlp_2x100_bn_l2,30,5,63,0.007776002399623394,0.006001054309308529
mlp_2x100_bn_l2,30,5,64,0.007968544028699398,0.006200456991791725
mlp_2x100_bn_l2,30,5,65,0.007841852493584156,0.0059545692056417465
mlp_2x100_bn_l2,30,5,66,0.007852264679968357,0.006390935275703669
mlp_2x100_bn_l2,30,5,67,0.008333633653819561,0.006403478793799877
mlp_2x100_bn_l2,30,5,68,0.008063819259405136,0.006544061470776796
mlp_2x100_bn_l2,30,5,69,0.009267326444387436,0.007045160513371229
mlp_2x100_bn_l2,30,5,70,0.008279438130557537,0.006118724122643471
mlp_2x100_bn_l2,30,5,71,0.0078074089251458645,0.006041919346898794
mlp_2x100_bn_l2,30,5,72,0.008259485475718975,0.006650551222264767
mlp_2x100_bn_l2,30,5,73,0.00878160074353218,0.006689816247671843
mlp_2x100_bn_l2,30,5,74,0.008186914026737213,0.006374918855726719
mlp_2x100_bn_l2,30,5,75,0.008182086050510406,0.006380867678672075
mlp_2x100_bn_l2,30,5,76,0.007998422719538212,0.006158402655273676
mlp_2x100_bn_l2,30,5,77,0.008012318052351475,0.006252425257116556
mlp_2x100_bn_l2,30,5,78,0.008104832842946053,0.006437080912292004
mlp_2x100_bn_l2,30,5,79,0.011089281179010868,0.008847607299685478
mlp_2x100_bn_l2,30,5,80,0.009569557383656502,0.007675699889659882
mlp_2x100_bn_l2,30,5,81,0.008863801136612892,0.006797563750296831
mlp_2x100_bn_l2,30,5,82,0.008288274519145489,0.0063476948998868465
mlp_2x100_bn_l2,30,5,83,0.007985339500010014,0.0061869858764112
mlp_2x100_bn_l2,30,5,84,0.007837858982384205,0.006211234722286463
mlp_2x100_bn_l2,30,5,85,0.007827222347259521,0.0060794660821557045
mlp_2x100_bn_l2,30,5,86,0.008058891631662846,0.006464535370469093
mlp_2x100_bn_l2,30,5,87,0.010914251208305359,0.009713239036500454
mlp_2x100_bn_l2,30,5,88,0.012033038772642612,0.009035560302436352
mlp_2x100_bn_l2,30,5,89,0.011217908002436161,0.008421975187957287
mlp_2x100_bn_l2,30,5,90,0.009556304663419724,0.0074219489470124245
mlp_2x100_bn_l2,30,5,91,0.008814331144094467,0.0069110882468521595
mlp_2x100_bn_l2,30,5,92,0.008330341428518295,0.006564397364854813
mlp_2x100_bn_l2,30,5,93,0.008084789849817753,0.0066662561148405075
mlp_2x100_bn_l2,30,5,94,0.0078842518851161,0.006184026133269072
mlp_2x100_bn_l2,30,5,95,0.007714724168181419,0.005929544568061829
mlp_2x100_bn_l2,30,5,96,0.007520482409745455,0.0059338402934372425
mlp_2x100_bn_l2,30,5,97,0.007843558676540852,0.0061174845322966576
mlp_2x100_bn_l2,30,5,98,0.009475801140069962,0.008172593079507351
mlp_2x100_bn_l2,30,5,99,0.010093381628394127,0.00741408159956336
mlp_2x100_bn_l2,30,5,100,0.009043102152645588,0.006608348805457354
mlp_2x100_bn_l2,30,5,101,0.008466836996376514,0.006386094726622105
mlp_2x100_bn_l2,30,5,102,0.007930454798042774,0.0060857064090669155
mlp_2x100_bn_l2,30,5,103,0.0075896913185715675,0.0060438187792897224
mlp_2x100_bn_l2,30,5,104,0.007417324930429459,0.006055751815438271
mlp_2x100_bn_l2,30,5,105,0.007274719420820475,0.005743465386331081
mlp_2x100_bn_l2,30,5,106,0.007169915363192558,0.005497034173458815
mlp_2x100_bn_l2,30,5,107,0.007072036154568195,0.005592464003711939
mlp_2x100_bn_l2,30,5,108,0.006944149732589722,0.0056149703450500965
mlp_2x100_bn_l2,30,5,109,0.006959051359444857,0.005362395197153091
mlp_2x100_bn_l2,30,5,110,0.0071254912763834,0.005862374324351549
mlp_2x100_bn_l2,30,5,111,0.008467871695756912,0.009415378794074059
mlp_2x100_bn_l2,30,5,112,0.009528666734695435,0.007306131534278393
mlp_2x100_bn_l2,30,5,113,0.009901026263833046,0.0076578715816140175
mlp_2x100_bn_l2,30,5,114,0.008733319118618965,0.0071940007619559765
mlp_2x100_bn_l2,30,5,115,0.008117287419736385,0.0064524393528699875
mlp_2x100_bn_l2,30,5,116,0.007636080961674452,0.006020675878971815
mlp_2x100_bn_l2,30,5,117,0.007420893292874098,0.005823928397148848
mlp_2x100_bn_l2,30,5,118,0.007253146730363369,0.005703011527657509
mlp_2x100_bn_l2,30,5,119,0.007069121114909649,0.0056831431575119495
mlp_2x100_bn_l2,30,5,120,0.0070290942676365376,0.005472204182296991
mlp_2x100_bn_l2,30,5,121,0.0069982390850782394,0.0054312231950461864
mlp_2x100_bn_l2,30,5,122,0.007006070110946894,0.005503151100128889
mlp_2x100_bn_l2,30,5,123,0.006869316566735506,0.005340941250324249
mlp_2x100_bn_l2,30,5,124,0.006757380440831184,0.005478987004607916
mlp_2x100_bn_l2,30,5,125,0.006723977159708738,0.005491866264492273
mlp_2x100_bn_l2,30,5,126,0.006667854264378548,0.005270266905426979
mlp_2x100_bn_l2,30,5,127,0.006622652057558298,0.005290561821311712
mlp_2x100_bn_l2,30,5,128,0.006814753171056509,0.005444586277008057
mlp_2x100_bn_l2,30,5,129,0.008159537799656391,0.006266443990170956
mlp_2x100_bn_l2,30,5,130,0.008162927813827991,0.006327866576611996
mlp_2x100_bn_l2,30,5,131,0.007453029043972492,0.005845899228006601
mlp_2x100_bn_l2,30,5,132,0.00697393948212266,0.005496853031218052
mlp_2x100_bn_l2,30,5,133,0.006820753216743469,0.005412613973021507
mlp_2x100_bn_l2,30,5,134,0.00672483816742897,0.005918306764215231
mlp_2x100_bn_l2,30,5,135,0.006700179073959589,0.0053048525005578995
mlp_2x100_bn_l2,30,5,136,0.006569159682840109,0.0052325851283967495
mlp_2x100_bn_l2,30,5,137,0.006492568179965019,0.005507705733180046
mlp_2x100_bn_l2,30,5,138,0.006464826408773661,0.005596779752522707
mlp_2x100_bn_l2,30,5,139,0.006420659366995096,0.005187711212784052
mlp_2x100_bn_l2,30,5,140,0.006427094340324402,0.005449757911264896
mlp_2x100_bn_l2,30,5,141,0.0065452102571725845,0.005228179041296244
mlp_2x100_bn_l2,30,5,142,0.006756393238902092,0.005396848078817129
mlp_2x100_bn_l2,30,5,143,0.006672974210232496,0.005787938367575407
mlp_2x100_bn_l2,30,5,144,0.007184338290244341,0.0055298591032624245
mlp_2x100_bn_l2,30,5,145,0.006633808370679617,0.005298158619552851
mlp_2x100_bn_l2,30,5,146,0.006456866394728422,0.005801919382065535
mlp_2x100_bn_l2,30,5,147,0.0064166998490691185,0.00543310958892107
mlp_2x100_bn_l2,30,5,148,0.006316286511719227,0.005629390012472868
mlp_2x100_bn_l2,30,5,149,0.00630173459649086,0.006042941473424435
mlp_2x100_bn_l2,30,5,150,0.006241993512958288,0.005102197639644146
mlp_2x100_bn_l2,30,5,151,0.006415447685867548,0.005117554217576981
mlp_2x100_bn_l2,30,5,152,0.00653461879119277,0.005952349863946438
mlp_2x100_bn_l2,30,5,153,0.006953617557883263,0.0067942156456410885
mlp_2x100_bn_l2,30,5,154,0.007022289093583822,0.005853918381035328
mlp_2x100_bn_l2,30,5,155,0.006569511257112026,0.005168719217181206
mlp_2x100_bn_l2,30,5,156,0.006297566927969456,0.005061665084213018
mlp_2x100_bn_l2,30,5,157,0.006265431642532349,0.005261266138404608
mlp_2x100_bn_l2,30,5,158,0.006195313297212124,0.005303867626935244
mlp_2x100_bn_l2,30,5,159,0.006072125397622585,0.005083082243800163
mlp_2x100_bn_l2,30,5,160,0.006075519137084484,0.007412272039800882
mlp_2x100_bn_l2,30,5,161,0.006003625225275755,0.004834349732846022
mlp_2x100_bn_l2,30,5,162,0.006017853505909443,0.004951033741235733
mlp_2x100_bn_l2,30,5,163,0.006384815089404583,0.005255208350718021
mlp_2x100_bn_l2,30,5,164,0.006415338721126318,0.0049997856840491295
mlp_2x100_bn_l2,30,5,165,0.006312222220003605,0.005213980562984943
mlp_2x100_bn_l2,30,5,166,0.006183365825563669,0.005277876742184162
mlp_2x100_bn_l2,30,5,167,0.006130865775048733,0.004862094763666391
mlp_2x100_bn_l2,30,5,168,0.006123133935034275,0.004936267621815205
mlp_2x100_bn_l2,30,5,169,0.006081485655158758,0.005153034348040819
mlp_2x100_bn_l2,30,5,170,0.005996720399707556,0.0051187858916819096
mlp_2x100_bn_l2,30,5,171,0.00602005748078227,0.004822371061891317
mlp_2x100_bn_l2,30,5,172,0.00605783611536026,0.004848477430641651
mlp_2x100_bn_l2,30,5,173,0.006396608892828226,0.0053060040809214115
mlp_2x100_bn_l2,30,5,174,0.006433536298573017,0.00494884978979826
mlp_2x100_bn_l2,30,5,175,0.006225125398486853,0.004982719663530588
mlp_2x100_bn_l2,30,5,176,0.006103379651904106,0.005345503333956003
mlp_2x100_bn_l2,30,5,177,0.006026170216500759,0.004910560324788094
mlp_2x100_bn_l2,30,5,178,0.005928607191890478,0.004805253352969885
mlp_2x100_bn_l2,30,5,179,0.005851797293871641,0.004906550049781799
mlp_2x100_bn_l2,30,5,180,0.00585022009909153,0.0054587447084486485
mlp_2x100_bn_l2,30,5,181,0.005817413795739412,0.0047331624664366245
mlp_2x100_bn_l2,30,5,182,0.00578937865793705,0.004825194366276264
mlp_2x100_bn_l2,30,5,183,0.005729902535676956,0.005022802390158176
mlp_2x100_bn_l2,30,5,184,0.005626124329864979,0.004677193239331245
mlp_2x100_bn_l2,30,5,185,0.00558845791965723,0.004651905037462711
mlp_2x100_bn_l2,30,5,186,0.005568348802626133,0.004789616446942091
mlp_2x100_bn_l2,30,5,187,0.005564806051552296,0.004660774953663349
mlp_2x100_bn_l2,30,5,188,0.005526844412088394,0.0047867633402347565
mlp_2x100_bn_l2,30,5,189,0.005533551797270775,0.004678331781178713
mlp_2x100_bn_l2,30,5,190,0.005514965858310461,0.004761204123497009
mlp_2x100_bn_l2,30,5,191,0.005497628822922707,0.0045931111089885235
mlp_2x100_bn_l2,30,5,192,0.005488257389515638,0.004865890368819237
mlp_2x100_bn_l2,30,5,193,0.005482479929924011,0.004639615770429373
mlp_2x100_bn_l2,30,5,194,0.005450500175356865,0.004517960362136364
mlp_2x100_bn_l2,30,5,195,0.005433705635368824,0.0045618717558681965
mlp_2x100_bn_l2,30,5,196,0.005444343201816082,0.005071910098195076
mlp_2x100_bn_l2,30,5,197,0.005443907808512449,0.004714170005172491
mlp_2x100_bn_l2,30,5,198,0.005422829184681177,0.00475036958232522
mlp_2x100_bn_l2,30,5,199,0.005426385905593634,0.0045185815542936325
mlp_2x100_bn_l2,30,5,200,0.005425179842859507,0.004772862419486046
mlp_2x100_bn_l2,30,30,1,0.5440663695335388,0.21548739075660706
mlp_2x100_bn_l2,30,30,2,0.2108733057975769,0.12508569657802582
mlp_2x100_bn_l2,30,30,3,0.10295930504798889,0.07249607890844345
mlp_2x100_bn_l2,30,30,4,0.06044239178299904,0.05035350099205971
mlp_2x100_bn_l2,30,30,5,0.044402576982975006,0.03981851786375046
mlp_2x100_bn_l2,30,30,6,0.03688632696866989,0.0336017906665802
mlp_2x100_bn_l2,30,30,7,0.032733093947172165,0.031223632395267487
mlp_2x100_bn_l2,30,30,8,0.03030233457684517,0.02794824354350567
mlp_2x100_bn_l2,30,30,9,0.027774173766374588,0.025937113910913467
mlp_2x100_bn_l2,30,30,10,0.0257602296769619,0.023742904886603355
mlp_2x100_bn_l2,30,30,11,0.023747790604829788,0.023344138637185097
mlp_2x100_bn_l2,30,30,12,0.021837741136550903,0.020085597410798073
mlp_2x100_bn_l2,30,30,13,0.01986067183315754,0.018616406247019768
mlp_2x100_bn_l2,30,30,14,0.018674489110708237,0.018536686897277832
mlp_2x100_bn_l2,30,30,15,0.01748591475188732,0.016265995800495148
mlp_2x100_bn_l2,30,30,16,0.016180340200662613,0.015169551596045494
mlp_2x100_bn_l2,30,30,17,0.015082933939993382,0.013458251021802425
mlp_2x100_bn_l2,30,30,18,0.013651397079229355,0.012739235535264015
mlp_2x100_bn_l2,30,30,19,0.012348486110568047,0.010708998888731003
mlp_2x100_bn_l2,30,30,20,0.011426396667957306,0.009687365032732487
mlp_2x100_bn_l2,30,30,21,0.010729449801146984,0.009643011726439
mlp_2x100_bn_l2,30,30,22,0.010167486034333706,0.008694927208125591
mlp_2x100_bn_l2,30,30,23,0.009387625381350517,0.0077489083632826805
mlp_2x100_bn_l2,30,30,24,0.008576013147830963,0.007213636301457882
mlp_2x100_bn_l2,30,30,25,0.00805557332932949,0.006900729611515999
mlp_2x100_bn_l2,30,30,26,0.007154243066906929,0.006788997445255518
mlp_2x100_bn_l2,30,30,27,0.007231799885630608,0.006135131232440472
mlp_2x100_bn_l2,30,30,28,0.0066442666575312614,0.005228116642683744
mlp_2x100_bn_l2,30,30,29,0.006078698206692934,0.005345925223082304
mlp_2x100_bn_l2,30,30,30,0.005844500847160816,0.005826069042086601
mlp_2x100_bn_l2,30,30,31,0.005649103783071041,0.0046483734622597694
mlp_2x100_bn_l2,30,30,32,0.005273820366710424,0.004752676468342543
mlp_2x100_bn_l2,30,30,33,0.005147572606801987,0.005150764249265194
mlp_2x100_bn_l2,30,30,34,0.005024845711886883,0.004266423173248768
mlp_2x100_bn_l2,30,30,35,0.004695729818195105,0.004678041208535433
mlp_2x100_bn_l2,30,30,36,0.004506860859692097,0.004018163774162531
mlp_2x100_bn_l2,30,30,37,0.004578575026243925,0.0035121559631079435
mlp_2x100_bn_l2,30,30,38,0.004523525945842266,0.004047537688165903
mlp_2x100_bn_l2,30,30,39,0.004719189368188381,0.003929772414267063
mlp_2x100_bn_l2,30,30,40,0.004556968808174133,0.003946369048207998
mlp_2x100_bn_l2,30,30,41,0.004811561666429043,0.003944275435060263
mlp_2x100_bn_l2,30,30,42,0.004743562079966068,0.0038566726725548506
mlp_2x100_bn_l2,30,30,43,0.004873253870755434,0.004823348950594664
mlp_2x100_bn_l2,30,30,44,0.004842439666390419,0.004254537168890238
mlp_2x100_bn_l2,30,30,45,0.004903643857687712,0.005138925742357969
mlp_2x100_bn_l2,30,30,46,0.005378960631787777,0.005599253810942173
mlp_2x100_bn_l2,30,30,47,0.004992325324565172,0.0044114356860518456
mlp_2x100_bn_l2,30,30,48,0.00456999009475112,0.003871002234518528
mlp_2x100_bn_l2,30,30,49,0.004352623131126165,0.004018339328467846
mlp_2x100_bn_l2,30,30,50,0.004842621739953756,0.0051912046037614346
mlp_2x100_bn_l2,30,30,51,0.005012188106775284,0.004353857133537531
mlp_2x100_bn_l2,30,30,52,0.004984085913747549,0.00509707210585475
mlp_2x100_bn_l2,30,30,53,0.004938887432217598,0.005177871324121952
mlp_2x100_bn_l2,30,30,54,0.005381308030337095,0.005389181897044182
mlp_2x100_bn_l2,30,30,55,0.005084930919110775,0.003942063078284264
mlp_2x100_bn_l2,30,30,56,0.004656421020627022,0.004321510903537273
mlp_2x100_bn_l2,30,30,57,0.004727265331894159,0.003951582126319408
mlp_2x100_bn_l2,30,30,58,0.005431837402284145,0.006569853983819485
mlp_2x100_bn_l2,30,30,59,0.005696803331375122,0.00515558198094368
mlp_2x100_bn_l2,30,30,60,0.004646847490221262,0.004983933642506599
mlp_2x100_bn_l2,30,30,61,0.004630987998098135,0.004317482467740774
mlp_2x100_bn_l2,30,30,62,0.005369491409510374,0.005895938258618116
mlp_2x100_bn_l2,30,30,63,0.005365089979022741,0.0049483333714306355
mlp_2x100_bn_l2,30,30,64,0.0049591101706027985,0.005331683903932571
mlp_2x100_bn_l2,30,30,65,0.004698201082646847,0.0043795909732580185
mlp_2x100_bn_l2,30,30,66,0.004516519606113434,0.004220925271511078
mlp_2x100_bn_l2,30,30,67,0.005043430253863335,0.005140196532011032
mlp_2x100_bn_l2,30,30,68,0.005622558295726776,0.004573241341859102
mlp_2x100_bn_l2,30,30,69,0.007447552867233753,0.00510056409984827
mlp_2x100_bn_l2,30,30,70,0.006485781632363796,0.0049522146582603455
mlp_2x100_bn_l2,30,30,71,0.005727002397179604,0.004575674422085285
mlp_2x100_bn_l2,30,30,72,0.005163074471056461,0.004005694296211004
mlp_2x100_bn_l2,30,30,73,0.0049125500954687595,0.0038127065636217594
mlp_2x100_bn_l2,30,30,74,0.004989687819033861,0.0034045041538774967
mlp_2x100_bn_l2,30,30,75,0.004780822899192572,0.003438935149461031
mlp_2x100_bn_l2,30,30,76,0.0044233002699911594,0.003159104147925973
mlp_2x100_bn_l2,30,30,77,0.00417731050401926,0.0030363197438418865
mlp_2x100_bn_l2,30,30,78,0.004077333025634289,0.0030304507818073034
mlp_2x100_bn_l2,30,30,79,0.004015124868601561,0.0028753606602549553
mlp_2x100_bn_l2,30,30,80,0.004153058398514986,0.0031664150301367044
mlp_2x100_bn_l2,30,30,81,0.004194784443825483,0.0028556128963828087
mlp_2x100_bn_l2,30,30,82,0.004304338246583939,0.0033520010765641928
mlp_2x100_bn_l2,30,30,83,0.005299251526594162,0.00382540887221694
mlp_2x100_bn_l2,30,30,84,0.0049013481475412846,0.0032568364404141903
mlp_2x100_bn_l2,30,30,85,0.004280704073607922,0.0029645373579114676
mlp_2x100_bn_l2,30,30,86,0.004021195694804192,0.00285156792961061
mlp_2x100_bn_l2,30,30,87,0.004357748664915562,0.003461601445451379
mlp_2x100_bn_l2,30,30,88,0.005456996150314808,0.003303121542558074
mlp_2x100_bn_l2,30,30,89,0.004394846968352795,0.0030513859819620848
mlp_2x100_bn_l2,30,30,90,0.004125011619180441,0.0028957168105989695
mlp_2x100_bn_l2,30,30,91,0.00412306934595108,0.0028251621406525373
mlp_2x100_bn_l2,30,30,92,0.003971151076257229,0.0026333611458539963
mlp_2x100_bn_l2,30,30,93,0.0037417602725327015,0.0024890212807804346
mlp_2x100_bn_l2,30,30,94,0.0038390513509511948,0.00251703429967165
mlp_2x100_bn_l2,30,30,95,0.0038417393807321787,0.0024814580101519823
mlp_2x100_bn_l2,30,30,96,0.004513741936534643,0.0042648217640817165
mlp_2x100_bn_l2,30,30,97,0.005536626558750868,0.0037230716552585363
mlp_2x100_bn_l2,30,30,98,0.004686857108026743,0.003335402812808752
mlp_2x100_bn_l2,30,30,99,0.004307442344725132,0.00286693824455142
mlp_2x100_bn_l2,30,30,100,0.003976025618612766,0.0027516104746609926
mlp_2x100_bn_l2,30,30,101,0.0037487244699150324,0.0026511899195611477
mlp_2x100_bn_l2,30,30,102,0.00371904787607491,0.002532118698582053
mlp_2x100_bn_l2,30,30,103,0.0036661969497799873,0.0025286893360316753
mlp_2x100_bn_l2,30,30,104,0.004038581158965826,0.002811591373756528
mlp_2x100_bn_l2,30,30,105,0.004035152029246092,0.0027869087643921375
mlp_2x100_bn_l2,30,30,106,0.0038784584030508995,0.002833897015079856
mlp_2x100_bn_l2,30,30,107,0.004398725926876068,0.0028980302158743143
mlp_2x100_bn_l2,30,30,108,0.004572909325361252,0.0028812263626605272
mlp_2x100_bn_l2,30,30,109,0.0039496710523962975,0.0027189969550818205
mlp_2x100_bn_l2,30,30,110,0.003800711128860712,0.0026053586043417454
mlp_2x100_bn_l2,30,30,111,0.0036774359177798033,0.002535730367526412
mlp_2x100_bn_l2,30,30,112,0.003628161270171404,0.0026871804147958755
mlp_2x100_bn_l2,30,30,113,0.0036396163050085306,0.002926844172179699
mlp_2x100_bn_l2,30,30,114,0.0044517493806779385,0.0031059617176651955
mlp_2x100_bn_l2,30,30,115,0.004230865743011236,0.0028558941558003426
mlp_2x100_bn_l2,30,30,116,0.003913102205842733,0.0027211629785597324
mlp_2x100_bn_l2,30,30,117,0.0038628787733614445,0.0026860306970775127
mlp_2x100_bn_l2,30,30,118,0.0036930835340172052,0.0025545607786625624
mlp_2x100_bn_l2,30,30,119,0.003671777667477727,0.0029196811374276876
mlp_2x100_bn_l2,30,30,120,0.0037104219663888216,0.0028956711757928133
mlp_2x100_bn_l2,30,30,121,0.004015888553112745,0.002871127799153328
mlp_2x100_bn_l2,30,30,122,0.0039357529021799564,0.0026064137928187847
mlp_2x100_bn_l2,30,30,123,0.0036518892738968134,0.0023648496717214584
mlp_2x100_bn_l2,30,30,124,0.0035470155999064445,0.0024044073652476072
mlp_2x100_bn_l2,30,30,125,0.0034706001169979572,0.002269890857860446
mlp_2x100_bn_l2,30,30,126,0.003548284061253071,0.002566406736150384
mlp_2x100_bn_l2,30,30,127,0.004150404129177332,0.002736185910180211
mlp_2x100_bn_l2,30,30,128,0.004015760496258736,0.002652800176292658
mlp_2x100_bn_l2,30,30,129,0.0037132774014025927,0.0026233249809592962
mlp_2x100_bn_l2,30,30,130,0.0035570296458899975,0.0023950885515660048
mlp_2x100_bn_l2,30,30,131,0.003558690194040537,0.0024366623256355524
mlp_2x100_bn_l2,30,30,132,0.003889132058247924,0.0026726999785751104
mlp_2x100_bn_l2,30,30,133,0.004113558679819107,0.002405252307653427
mlp_2x100_bn_l2,30,30,134,0.0038282054010778666,0.002582213608548045
mlp_2x100_bn_l2,30,30,135,0.0038902335800230503,0.002331598661839962
mlp_2x100_bn_l2,30,30,136,0.0037853135727345943,0.002421575365588069
mlp_2x100_bn_l2,30,30,137,0.00365635147318244,0.0022409087978303432
mlp_2x100_bn_l2,30,30,138,0.003473619231954217,0.0022360032889992
mlp_2x100_bn_l2,30,30,139,0.003314508590847254,0.002146798186004162
mlp_2x100_bn_l2,30,30,140,0.0033520811703056097,0.0022362375166267157
mlp_2x100_bn_l2,30,30,141,0.0034155133180320263,0.002276931656524539
mlp_2x100_bn_l2,30,30,142,0.0033879620023071766,0.002223396208137274
mlp_2x100_bn_l2,30,30,143,0.003529089502990246,0.002219816204160452
mlp_2x100_bn_l2,30,30,144,0.00332664349116385,0.0021272250451147556
mlp_2x100_bn_l2,30,30,145,0.0035412232391536236,0.0022887252271175385
mlp_2x100_bn_l2,30,30,146,0.003591956803575158,0.0022768755443394184
mlp_2x100_bn_l2,30,30,147,0.003424016060307622,0.0022376691922545433
mlp_2x100_bn_l2,30,30,148,0.003625796874985099,0.0022690549958497286
mlp_2x100_bn_l2,30,30,149,0.003474107477813959,0.0022790266666561365
mlp_2x100_bn_l2,30,30,150,0.003719756845384836,0.0023572666104882956
mlp_2x100_bn_l2,30,30,151,0.0035903749521821737,0.0023153936490416527
mlp_2x100_bn_l2,30,30,152,0.003648076904937625,0.0023615609388798475
mlp_2x100_bn_l2,30,30,153,0.0037709695752710104,0.002476878697052598
mlp_2x100_bn_l2,30,30,154,0.0035313477274030447,0.0023060142993927
mlp_2x100_bn_l2,30,30,155,0.0033007855527102947,0.00233610812574625
mlp_2x100_bn_l2,30,30,156,0.0034659341908991337,0.0025705660227686167
mlp_2x100_bn_l2,30,30,157,0.0035393484868109226,0.002505551790818572
mlp_2x100_bn_l2,30,30,158,0.0035584934521466494,0.0024503101594746113
mlp_2x100_bn_l2,30,30,159,0.0034797450061887503,0.0023726157378405333
mlp_2x100_bn_l2,30,30,160,0.0033716789912432432,0.0024666895624250174
mlp_2x100_bn_l2,30,30,161,0.003365417942404747,0.0023972217459231615
mlp_2x100_bn_l2,30,30,162,0.0034216754138469696,0.002416166476905346
mlp_2x100_bn_l2,30,30,163,0.0032876974437385798,0.0024738290812820196
mlp_2x100_bn_l2,30,30,164,0.003276805393397808,0.0025911934208124876
mlp_2x100_bn_l2,30,30,165,0.003254098119214177,0.002388190710917115
mlp_2x100_bn_l2,30,30,166,0.003236862365156412,0.0025162333622574806
mlp_2x100_bn_l2,30,30,167,0.003291505854576826,0.0023306438233703375
mlp_2x100_bn_l2,30,30,168,0.003125058254227042,0.0022953010629862547
mlp_2x100_bn_l2,30,30,169,0.0031969756819307804,0.0023702646140009165
mlp_2x100_bn_l2,30,30,170,0.0031098818872123957,0.002237560460343957
mlp_2x100_bn_l2,30,30,171,0.0031500295735895634,0.002310703741386533
mlp_2x100_bn_l2,30,30,172,0.003016398288309574,0.0022878542076796293
mlp_2x100_bn_l2,30,30,173,0.003076318884268403,0.003296980867162347
mlp_2x100_bn_l2,30,30,174,0.003196137258782983,0.0026874516624957323
mlp_2x100_bn_l2,30,30,175,0.003165452741086483,0.0023032824974507093
mlp_2x100_bn_l2,30,30,176,0.003028727835044265,0.0022482487838715315
mlp_2x100_bn_l2,30,30,177,0.002965667750686407,0.0022063925862312317
mlp_2x100_bn_l2,30,30,178,0.0029203796293586493,0.0022918139584362507
mlp_2x100_bn_l2,30,30,179,0.002907074522227049,0.002296008402481675
mlp_2x100_bn_l2,30,30,180,0.0029366679955273867,0.0025796398986130953
mlp_2x100_bn_l2,30,30,181,0.002977048046886921,0.0022229920141398907
mlp_2x100_bn_l2,30,30,182,0.0030612838454544544,0.0023005143739283085
mlp_2x100_bn_l2,30,30,183,0.0029890378937125206,0.002208131831139326
mlp_2x100_bn_l2,30,30,184,0.002990225562825799,0.0021048206835985184
mlp_2x100_bn_l2,30,30,185,0.0029438361525535583,0.0023180139251053333
mlp_2x100_bn_l2,30,30,186,0.002865428803488612,0.002204352291300893
mlp_2x100_bn_l2,30,30,187,0.002880861284211278,0.0021185933146625757
mlp_2x100_bn_l2,30,30,188,0.0027743803802877665,0.0021490424405783415
mlp_2x100_bn_l2,30,30,189,0.0029221083968877792,0.0030831897165626287
mlp_2x100_bn_l2,30,30,190,0.0032526764553040266,0.0031552722211927176
mlp_2x100_bn_l2,30,30,191,0.0029216932598501444,0.0035483066458255053
mlp_2x100_bn_l2,30,30,192,0.003100993111729622,0.0030762655660510063
mlp_2x100_bn_l2,30,30,193,0.002895018784329295,0.002122465055435896
mlp_2x100_bn_l2,30,30,194,0.002768477890640497,0.002126260194927454
mlp_2x100_bn_l2,30,30,195,0.002719293814152479,0.0025764857418835163
mlp_2x100_bn_l2,30,30,196,0.002801278606057167,0.002281244145706296
mlp_2x100_bn_l2,30,30,197,0.0027472295332700014,0.002336710225790739
mlp_2x100_bn_l2,30,30,198,0.002914832904934883,0.002492988482117653
mlp_2x100_bn_l2,30,30,199,0.002752254018560052,0.0023240456357598305
mlp_2x100_bn_l2,30,30,200,0.002678886754438281,0.0020808514673262835
mlp_2x100_bn_l2,30,90,1,0.5450876355171204,0.21340204775333405
mlp_2x100_bn_l2,30,90,2,0.21088211238384247,0.1233917772769928
mlp_2x100_bn_l2,30,90,3,0.10229645669460297,0.07067099213600159
mlp_2x100_bn_l2,30,90,4,0.059568893164396286,0.04626891762018204
mlp_2x100_bn_l2,30,90,5,0.04323233291506767,0.037932515144348145
mlp_2x100_bn_l2,30,90,6,0.03664867579936981,0.032883863896131516
mlp_2x100_bn_l2,30,90,7,0.03251630812883377,0.029075615108013153
mlp_2x100_bn_l2,30,90,8,0.030153999105095863,0.02762705460190773
mlp_2x100_bn_l2,30,90,9,0.02721274085342884,0.02541336789727211
mlp_2x100_bn_l2,30,90,10,0.025293616577982903,0.02239239402115345
mlp_2x100_bn_l2,30,90,11,0.023523326963186264,0.021533183753490448
mlp_2x100_bn_l2,30,90,12,0.022189240902662277,0.01994764804840088
mlp_2x100_bn_l2,30,90,13,0.020303554832935333,0.01843206025660038
mlp_2x100_bn_l2,30,90,14,0.018600955605506897,0.017344340682029724
mlp_2x100_bn_l2,30,90,15,0.01735115982592106,0.014778895303606987
mlp_2x100_bn_l2,30,90,16,0.01599622331559658,0.01382802426815033
mlp_2x100_bn_l2,30,90,17,0.014900757931172848,0.013202518224716187
mlp_2x100_bn_l2,30,90,18,0.013328698463737965,0.011345306411385536
mlp_2x100_bn_l2,30,90,19,0.012293199077248573,0.010627586394548416
mlp_2x100_bn_l2,30,90,20,0.011467435397207737,0.009493774734437466
mlp_2x100_bn_l2,30,90,21,0.010167679749429226,0.008965781889855862
mlp_2x100_bn_l2,30,90,22,0.0097897257655859,0.00857470277696848
mlp_2x100_bn_l2,30,90,23,0.008850662969052792,0.007832414470613003
mlp_2x100_bn_l2,30,90,24,0.008235783316195011,0.006723709870129824
mlp_2x100_bn_l2,30,90,25,0.007586328312754631,0.006195131689310074
mlp_2x100_bn_l2,30,90,26,0.00715253408998251,0.00602523609995842
mlp_2x100_bn_l2,30,90,27,0.006530309561640024,0.004790397360920906
mlp_2x100_bn_l2,30,90,28,0.0060664331540465355,0.005414997693151236
mlp_2x100_bn_l2,30,90,29,0.005572876892983913,0.00468293996527791
mlp_2x100_bn_l2,30,90,30,0.0053375945426523685,0.0042930664494633675
mlp_2x100_bn_l2,30,90,31,0.0049316114746034145,0.004499961156398058
mlp_2x100_bn_l2,30,90,32,0.004564575385302305,0.004358012694865465
mlp_2x100_bn_l2,30,90,33,0.004484887700527906,0.0035534792114049196
mlp_2x100_bn_l2,30,90,34,0.004007038660347462,0.0032811088021844625
mlp_2x100_bn_l2,30,90,35,0.004007939249277115,0.0032622923608869314
mlp_2x100_bn_l2,30,90,36,0.004000507295131683,0.0032033983152359724
mlp_2x100_bn_l2,30,90,37,0.004188897088170052,0.0035280808806419373
mlp_2x100_bn_l2,30,90,38,0.004245417192578316,0.003569411113858223
mlp_2x100_bn_l2,30,90,39,0.004239799454808235,0.003410195931792259
mlp_2x100_bn_l2,30,90,40,0.004344408866018057,0.00429142639040947
mlp_2x100_bn_l2,30,90,41,0.00464607635512948,0.0035719575826078653
mlp_2x100_bn_l2,30,90,42,0.004193834029138088,0.004484937526285648
mlp_2x100_bn_l2,30,90,43,0.004448474384844303,0.00410270132124424
mlp_2x100_bn_l2,30,90,44,0.004369982052594423,0.004037244711071253
mlp_2x100_bn_l2,30,90,45,0.00434042839333415,0.003802418475970626
mlp_2x100_bn_l2,30,90,46,0.004528775345534086,0.004315943922847509
mlp_2x100_bn_l2,30,90,47,0.005105181597173214,0.003910267259925604
mlp_2x100_bn_l2,30,90,48,0.004203295335173607,0.0035181043203920126
mlp_2x100_bn_l2,30,90,49,0.003998803440481424,0.003776682075113058
mlp_2x100_bn_l2,30,90,50,0.005335562862455845,0.004311837255954742
mlp_2x100_bn_l2,30,90,51,0.004056250210851431,0.003953034523874521
mlp_2x100_bn_l2,30,90,52,0.003867110935971141,0.003517149481922388
mlp_2x100_bn_l2,30,90,53,0.004658350255340338,0.0048609282821416855
mlp_2x100_bn_l2,30,90,54,0.0047126575373113155,0.0040649245493113995
mlp_2x100_bn_l2,30,90,55,0.004126921761780977,0.004887199029326439
mlp_2x100_bn_l2,30,90,56,0.004202845972031355,0.0038750118110328913
mlp_2x100_bn_l2,30,90,57,0.004107388202100992,0.004883522167801857
mlp_2x100_bn_l2,30,90,58,0.004413958638906479,0.003818555036559701
mlp_2x100_bn_l2,30,90,59,0.003890522988513112,0.0035594983492046595
mlp_2x100_bn_l2,30,90,60,0.003784818109124899,0.005100971553474665
mlp_2x100_bn_l2,30,90,61,0.004514440428465605,0.0034358948469161987
mlp_2x100_bn_l2,30,90,62,0.003810028312727809,0.0024896645918488503
mlp_2x100_bn_l2,30,90,63,0.0036964952014386654,0.0026522388216108084
mlp_2x100_bn_l2,30,90,64,0.006831970065832138,0.005373342894017696
mlp_2x100_bn_l2,30,90,65,0.005179839674383402,0.0037004919722676277
mlp_2x100_bn_l2,30,90,66,0.004343899432569742,0.0030241217464208603
mlp_2x100_bn_l2,30,90,67,0.003982746507972479,0.0027480265125632286
mlp_2x100_bn_l2,30,90,68,0.005493983626365662,0.003764755791053176
mlp_2x100_bn_l2,30,90,69,0.0046667782589793205,0.002889153780415654
mlp_2x100_bn_l2,30,90,70,0.004361511208117008,0.0028027172666043043
mlp_2x100_bn_l2,30,90,71,0.0040504117496311665,0.0026221931912004948
mlp_2x100_bn_l2,30,90,72,0.003951779566705227,0.0026812974829226732
mlp_2x100_bn_l2,30,90,73,0.003889799118041992,0.002520460169762373
mlp_2x100_bn_l2,30,90,74,0.004488971550017595,0.005316413473337889
mlp_2x100_bn_l2,30,90,75,0.00761775579303503,0.004665904678404331
mlp_2x100_bn_l2,30,90,76,0.005606099031865597,0.0038033307064324617
mlp_2x100_bn_l2,30,90,77,0.004853055812418461,0.00320262648165226
mlp_2x100_bn_l2,30,90,78,0.0044398861937224865,0.0032239279244095087
mlp_2x100_bn_l2,30,90,79,0.00431542843580246,0.002942262450233102
mlp_2x100_bn_l2,30,90,80,0.004067027475684881,0.0028239779639989138
mlp_2x100_bn_l2,30,90,81,0.003837109077721834,0.0025683939456939697
mlp_2x100_bn_l2,30,90,82,0.0038756239227950573,0.002436873270198703
mlp_2x100_bn_l2,30,90,83,0.0038795028813183308,0.002578761661425233
mlp_2x100_bn_l2,30,90,84,0.0045172362588346004,0.003296286566182971
mlp_2x100_bn_l2,30,90,85,0.005110145080834627,0.0035922429524362087
mlp_2x100_bn_l2,30,90,86,0.006494862958788872,0.004131040070205927
mlp_2x100_bn_l2,30,90,87,0.005957701709121466,0.0038452662993222475
mlp_2x100_bn_l2,30,90,88,0.004944657441228628,0.0033709092531353235
mlp_2x100_bn_l2,30,90,89,0.004414396360516548,0.003110661869868636
mlp_2x100_bn_l2,30,90,90,0.0040443348698318005,0.0029767712112516165
mlp_2x100_bn_l2,30,90,91,0.0037905569188296795,0.0027344271074980497
mlp_2x100_bn_l2,30,90,92,0.003826203988865018,0.002494546351954341
mlp_2x100_bn_l2,30,90,93,0.0035401920322328806,0.0023812418803572655
mlp_2x100_bn_l2,30,90,94,0.003421471919864416,0.0022915226873010397
mlp_2x100_bn_l2,30,90,95,0.0034738832619041204,0.002380316611379385
mlp_2x100_bn_l2,30,90,96,0.003424122231081128,0.0022033776622265577
mlp_2x100_bn_l2,30,90,97,0.00859147310256958,0.006991721224039793
mlp_2x100_bn_l2,30,90,98,0.006678258068859577,0.0042608571238815784
mlp_2x100_bn_l2,30,90,99,0.004826394375413656,0.0033531147055327892
mlp_2x100_bn_l2,30,90,100,0.0042689829133450985,0.0031227548606693745
mlp_2x100_bn_l2,30,90,101,0.004092602524906397,0.002886965638026595
mlp_2x100_bn_l2,30,90,102,0.0037979823537170887,0.0027189208194613457
mlp_2x100_bn_l2,30,90,103,0.0036228804383426905,0.0026431274600327015
mlp_2x100_bn_l2,30,90,104,0.0035468072164803743,0.0024857455864548683
mlp_2x100_bn_l2,30,90,105,0.003432047786191106,0.002361472463235259
mlp_2x100_bn_l2,30,90,106,0.003344238270074129,0.0022525356616824865
mlp_2x100_bn_l2,30,90,107,0.0032728479709476233,0.002149866661056876
mlp_2x100_bn_l2,30,90,108,0.003164038760587573,0.0021413841750472784
mlp_2x100_bn_l2,30,90,109,0.003170544980093837,0.0019656962249428034
mlp_2x100_bn_l2,30,90,110,0.003931483253836632,0.0028483783826231956
mlp_2x100_bn_l2,30,90,111,0.004407914355397224,0.0029328318778425455
mlp_2x100_bn_l2,30,90,112,0.0039051983039826155,0.002465025754645467
mlp_2x100_bn_l2,30,90,113,0.0033876404631882906,0.0022773086093366146
mlp_2x100_bn_l2,30,90,114,0.003253006609156728,0.0021811036858707666
mlp_2x100_bn_l2,30,90,115,0.003151575569063425,0.0020863432437181473
mlp_2x100_bn_l2,30,90,116,0.003011032473295927,0.0020380050409585238
mlp_2x100_bn_l2,30,90,117,0.003040591487661004,0.002251929370686412
mlp_2x100_bn_l2,30,90,118,0.0030556549318134785,0.0019510085694491863
mlp_2x100_bn_l2,30,90,119,0.003281533485278487,0.0023262808099389076
mlp_2x100_bn_l2,30,90,120,0.0035260061267763376,0.0022576607298105955
mlp_2x100_bn_l2,30,90,121,0.0038228933699429035,0.002483624266460538
mlp_2x100_bn_l2,30,90,122,0.003698689630255103,0.002373120281845331
mlp_2x100_bn_l2,30,90,123,0.0037136711180210114,0.0024249404668807983
mlp_2x100_bn_l2,30,90,124,0.00337343942373991,0.0022570155560970306
mlp_2x100_bn_l2,30,90,125,0.003102558897808194,0.002125506056472659
mlp_2x100_bn_l2,30,90,126,0.0030278542544692755,0.0020290431566536427
mlp_2x100_bn_l2,30,90,127,0.0029547398444265127,0.0019963306840509176
mlp_2x100_bn_l2,30,90,128,0.0028515697922557592,0.0018509875517338514
mlp_2x100_bn_l2,30,90,129,0.0027985177002847195,0.0018313031177967787
mlp_2x100_bn_l2,30,90,130,0.002770159160718322,0.0017415331676602364
mlp_2x100_bn_l2,30,90,131,0.0026704503688961267,0.0016923471121117473
mlp_2x100_bn_l2,30,90,132,0.002563594374805689,0.001641723676584661
mlp_2x100_bn_l2,30,90,133,0.002701692981645465,0.0017447111895307899
mlp_2x100_bn_l2,30,90,134,0.0028270981274545193,0.0017507929587736726
mlp_2x100_bn_l2,30,90,135,0.0027793615590780973,0.0017719102324917912
mlp_2x100_bn_l2,30,90,136,0.0026948845479637384,0.0016468436224386096
mlp_2x100_bn_l2,30,90,137,0.002864026464521885,0.0019679702818393707
mlp_2x100_bn_l2,30,90,138,0.003069196827709675,0.0019584426190704107
mlp_2x100_bn_l2,30,90,139,0.0033715488389134407,0.002102184807881713
mlp_2x100_bn_l2,30,90,140,0.0030375008936971426,0.0019948554690927267
mlp_2x100_bn_l2,30,90,141,0.002780643990263343,0.0020031300373375416
mlp_2x100_bn_l2,30,90,142,0.0027714066673070192,0.001870458130724728
mlp_2x100_bn_l2,30,90,143,0.0027165242936462164,0.0017707784427329898
mlp_2x100_bn_l2,30,90,144,0.0026323499623686075,0.0016975824255496264
mlp_2x100_bn_l2,30,90,145,0.0025356803089380264,0.0016779911238700151
mlp_2x100_bn_l2,30,90,146,0.002421672223135829,0.0016195420175790787
mlp_2x100_bn_l2,30,90,147,0.0023829450365155935,0.0015687105478718877
mlp_2x100_bn_l2,30,90,148,0.0024838026147335768,0.0017838965868577361
mlp_2x100_bn_l2,30,90,149,0.002890602219849825,0.002040125662460923
mlp_2x100_bn_l2,30,90,150,0.0035778703168034554,0.0020644841715693474
mlp_2x100_bn_l2,30,90,151,0.0032263719476759434,0.0019860907923430204
mlp_2x100_bn_l2,30,90,152,0.0028294853400439024,0.0018372514750808477
mlp_2x100_bn_l2,30,90,153,0.0026863841339945793,0.0017318244790658355
mlp_2x100_bn_l2,30,90,154,0.002565951319411397,0.001649221871048212
mlp_2x100_bn_l2,30,90,155,0.0024890436325222254,0.001609775354154408
mlp_2x100_bn_l2,30,90,156,0.0024227004032582045,0.0015793298371136189
mlp_2x100_bn_l2,30,90,157,0.0023871278390288353,0.0015251818113029003
mlp_2x100_bn_l2,30,90,158,0.0024195292498916388,0.0016134573379531503
mlp_2x100_bn_l2,30,90,159,0.0026093553751707077,0.001768469694070518
mlp_2x100_bn_l2,30,90,160,0.00312933255918324,0.0019587548449635506
mlp_2x100_bn_l2,30,90,161,0.0028216070495545864,0.0017960062250494957
mlp_2x100_bn_l2,30,90,162,0.002539335750043392,0.0017964582657441497
mlp_2x100_bn_l2,30,90,163,0.002433442510664463,0.0017169046914204955
mlp_2x100_bn_l2,30,90,164,0.002307100687175989,0.0016712704673409462
mlp_2x100_bn_l2,30,90,165,0.002212882973253727,0.0015425309538841248
mlp_2x100_bn_l2,30,90,166,0.002198583446443081,0.0015152603155001998
mlp_2x100_bn_l2,30,90,167,0.0021105485502630472,0.0014719023602083325
mlp_2x100_bn_l2,30,90,168,0.0020667361095547676,0.0014700662577524781
mlp_2x100_bn_l2,30,90,169,0.002044212305918336,0.0013969618594273925
mlp_2x100_bn_l2,30,90,170,0.0019800520967692137,0.001399836502969265
mlp_2x100_bn_l2,30,90,171,0.001947266748175025,0.0013650549808517098
mlp_2x100_bn_l2,30,90,172,0.0018795023206621408,0.001329165999777615
mlp_2x100_bn_l2,30,90,173,0.0018124909838661551,0.0013509930577129126
mlp_2x100_bn_l2,30,90,174,0.0018007588805630803,0.0013030669651925564
mlp_2x100_bn_l2,30,90,175,0.0017181666335090995,0.0012873283121734858
mlp_2x100_bn_l2,30,90,176,0.0016622954281046987,0.0012489381479099393
mlp_2x100_bn_l2,30,90,177,0.0016347741475328803,0.0012227975530549884
mlp_2x100_bn_l2,30,90,178,0.0015945525374263525,0.0012035444378852844
mlp_2x100_bn_l2,30,90,179,0.0015737094217911363,0.0011700812028720975
mlp_2x100_bn_l2,30,90,180,0.0015516047133132815,0.0011558756232261658
mlp_2x100_bn_l2,30,90,181,0.0015369269531220198,0.0011405132245272398
mlp_2x100_bn_l2,30,90,182,0.0015218815533444285,0.0011305134976282716
mlp_2x100_bn_l2,30,90,183,0.0015095944982022047,0.0011330216657370329
mlp_2x100_bn_l2,30,90,184,0.001503953360952437,0.0011141927680000663
mlp_2x100_bn_l2,30,90,185,0.0014882832765579224,0.001098054926842451
mlp_2x100_bn_l2,30,90,186,0.0014826117549091578,0.001110004261136055
mlp_2x100_bn_l2,30,90,187,0.001478909864090383,0.0010935015743598342
mlp_2x100_bn_l2,30,90,188,0.0014702021144330502,0.001082250033505261
mlp_2x100_bn_l2,30,90,189,0.0014674861449748278,0.0010771002853289247
mlp_2x100_bn_l2,30,90,190,0.0014626359334215522,0.001078044530004263
mlp_2x100_bn_l2,30,90,191,0.0014705546200275421,0.0010829026577994227
mlp_2x100_bn_l2,30,90,192,0.0014660147717222571,0.0010786993661895394
mlp_2x100_bn_l2,30,90,193,0.001456552417948842,0.0010744152823463082
mlp_2x100_bn_l2,30,90,194,0.0014551173662766814,0.0010776788694784045
mlp_2x100_bn_l2,30,90,195,0.0014514513313770294,0.0010565792908892035
mlp_2x100_bn_l2,30,90,196,0.0014471338363364339,0.0010658352402970195
mlp_2x100_bn_l2,30,90,197,0.0014442529063671827,0.0010684180306270719
mlp_2x100_bn_l2,30,90,198,0.0014461929677054286,0.0010579549707472324
mlp_2x100_bn_l2,30,90,199,0.0014447234570980072,0.004164814483374357
mlp_2x100_bn_l2,30,90,200,0.0014475262723863125,0.001892401953227818
mlp_2x100_bn_l2,90,1,1,0.5517682433128357,0.23306867480278015
mlp_2x100_bn_l2,90,1,2,0.20997445285320282,0.13283619284629822
mlp_2x100_bn_l2,90,1,3,0.10554918646812439,0.07930324971675873
mlp_2x100_bn_l2,90,1,4,0.06617877632379532,0.05614433065056801
mlp_2x100_bn_l2,90,1,5,0.051363036036491394,0.04661877825856209
mlp_2x100_bn_l2,90,1,6,0.04525824263691902,0.0418848842382431
mlp_2x100_bn_l2,90,1,7,0.041588302701711655,0.03812111169099808
mlp_2x100_bn_l2,90,1,8,0.03910524770617485,0.036255598068237305
mlp_2x100_bn_l2,90,1,9,0.03705662488937378,0.03388448432087898
mlp_2x100_bn_l2,90,1,10,0.035053860396146774,0.032015539705753326
mlp_2x100_bn_l2,90,1,11,0.033338792622089386,0.030823467299342155
mlp_2x100_bn_l2,90,1,12,0.031610459089279175,0.028411507606506348
mlp_2x100_bn_l2,90,1,13,0.02954518049955368,0.026856329292058945
mlp_2x100_bn_l2,90,1,14,0.028503451496362686,0.02560381591320038
mlp_2x100_bn_l2,90,1,15,0.027101872488856316,0.02542220614850521
mlp_2x100_bn_l2,90,1,16,0.026766477152705193,0.023098468780517578
mlp_2x100_bn_l2,90,1,17,0.02506546676158905,0.021990496665239334
mlp_2x100_bn_l2,90,1,18,0.02424953319132328,0.021017806604504585
mlp_2x100_bn_l2,90,1,19,0.023705262690782547,0.020477980375289917
mlp_2x100_bn_l2,90,1,20,0.022477075457572937,0.018779730424284935
mlp_2x100_bn_l2,90,1,21,0.02125352993607521,0.017429685220122337
mlp_2x100_bn_l2,90,1,22,0.019293401390314102,0.017414968460798264
mlp_2x100_bn_l2,90,1,23,0.01898961141705513,0.016334880143404007
mlp_2x100_bn_l2,90,1,24,0.018841026350855827,0.015788929536938667
mlp_2x100_bn_l2,90,1,25,0.0180469062179327,0.01575559377670288
mlp_2x100_bn_l2,90,1,26,0.01725430227816105,0.015187297947704792
mlp_2x100_bn_l2,90,1,27,0.01658855564892292,0.015110957436263561
mlp_2x100_bn_l2,90,1,28,0.016612151637673378,0.015790097415447235
mlp_2x100_bn_l2,90,1,29,0.016382256522774696,0.015125916339457035
mlp_2x100_bn_l2,90,1,30,0.01599765196442604,0.014640182256698608
mlp_2x100_bn_l2,90,1,31,0.015834469348192215,0.014859591610729694
mlp_2x100_bn_l2,90,1,32,0.015522168017923832,0.014592901803553104
mlp_2x100_bn_l2,90,1,33,0.016117257997393608,0.014173402450978756
mlp_2x100_bn_l2,90,1,34,0.016399124637246132,0.01351308636367321
mlp_2x100_bn_l2,90,1,35,0.015457725152373314,0.013329640030860901
mlp_2x100_bn_l2,90,1,36,0.01475568301975727,0.01355858612805605
mlp_2x100_bn_l2,90,1,37,0.014642024412751198,0.013124998658895493
mlp_2x100_bn_l2,90,1,38,0.01472522784024477,0.01295970007777214
mlp_2x100_bn_l2,90,1,39,0.01472410187125206,0.013280090875923634
mlp_2x100_bn_l2,90,1,40,0.014416312798857689,0.013430586084723473
mlp_2x100_bn_l2,90,1,41,0.01437435019761324,0.013068721629679203
mlp_2x100_bn_l2,90,1,42,0.014324777759611607,0.012916632927954197
mlp_2x100_bn_l2,90,1,43,0.014201706275343895,0.012907762080430984
mlp_2x100_bn_l2,90,1,44,0.014341659843921661,0.012972883880138397
mlp_2x100_bn_l2,90,1,45,0.014359653927385807,0.013011819683015347
mlp_2x100_bn_l2,90,1,46,0.014281055890023708,0.012964930385351181
mlp_2x100_bn_l2,90,1,47,0.014264947734773159,0.012781182304024696
mlp_2x100_bn_l2,90,1,48,0.014228953048586845,0.012911070138216019
mlp_2x100_bn_l2,90,1,49,0.014112680219113827,0.012489252723753452
mlp_2x100_bn_l2,90,1,50,0.014280448667705059,0.012742403894662857
mlp_2x100_bn_l2,90,1,51,0.014271395280957222,0.012501930817961693
mlp_2x100_bn_l2,90,1,52,0.014295927248895168,0.012346078641712666
mlp_2x100_bn_l2,90,1,53,0.014181678183376789,0.012397648766636848
mlp_2x100_bn_l2,90,1,54,0.01424745935946703,0.012295675463974476
mlp_2x100_bn_l2,90,1,55,0.014318853616714478,0.012250603176653385
mlp_2x100_bn_l2,90,1,56,0.014210422523319721,0.012378216721117496
mlp_2x100_bn_l2,90,1,57,0.014219925738871098,0.012263458222150803
mlp_2x100_bn_l2,90,1,58,0.01431306917220354,0.012420346029102802
mlp_2x100_bn_l2,90,1,59,0.014387165196239948,0.012375034391880035
mlp_2x100_bn_l2,90,1,60,0.014362799935042858,0.012227310799062252
mlp_2x100_bn_l2,90,1,61,0.014301895163953304,0.012220500968396664
mlp_2x100_bn_l2,90,1,62,0.014287102036178112,0.012202843092381954
mlp_2x100_bn_l2,90,1,63,0.014373051933944225,0.012284252792596817
mlp_2x100_bn_l2,90,1,64,0.014376713894307613,0.012215374037623405
mlp_2x100_bn_l2,90,1,65,0.014445592649281025,0.012356139719486237
mlp_2x100_bn_l2,90,1,66,0.014469644986093044,0.01216230820864439
mlp_2x100_bn_l2,90,1,67,0.014363469555974007,0.012342163361608982
mlp_2x100_bn_l2,90,1,68,0.014542607590556145,0.012224781326949596
mlp_2x100_bn_l2,90,1,69,0.014468859881162643,0.012332937680184841
mlp_2x100_bn_l2,90,1,70,0.01458929292857647,0.012298328801989555
mlp_2x100_bn_l2,90,1,71,0.014547612518072128,0.012241997756063938
mlp_2x100_bn_l2,90,1,72,0.014392432756721973,0.012195277027785778
mlp_2x100_bn_l2,90,1,73,0.01444392092525959,0.01211495790630579
mlp_2x100_bn_l2,90,1,74,0.014384693466126919,0.012171043083071709
mlp_2x100_bn_l2,90,1,75,0.014454805292189121,0.012317605316638947
mlp_2x100_bn_l2,90,1,76,0.014501458033919334,0.012218600139021873
mlp_2x100_bn_l2,90,1,77,0.014246342703700066,0.012087522074580193
mlp_2x100_bn_l2,90,1,78,0.014640439301729202,0.012470737099647522
mlp_2x100_bn_l2,90,1,79,0.014768955297768116,0.012176522985100746
mlp_2x100_bn_l2,90,1,80,0.014288753271102905,0.011943884193897247
mlp_2x100_bn_l2,90,1,81,0.014263478107750416,0.011980907991528511
mlp_2x100_bn_l2,90,1,82,0.014426943846046925,0.012063000351190567
mlp_2x100_bn_l2,90,1,83,0.014533767476677895,0.012292785570025444
mlp_2x100_bn_l2,90,1,84,0.014460681937634945,0.012191283516585827
mlp_2x100_bn_l2,90,1,85,0.014214172959327698,0.011904599145054817
mlp_2x100_bn_l2,90,1,86,0.014088083058595657,0.011860030703246593
mlp_2x100_bn_l2,90,1,87,0.014233086258172989,0.012512154877185822
mlp_2x100_bn_l2,90,1,88,0.014520560391247272,0.012256096117198467
mlp_2x100_bn_l2,90,1,89,0.014234891161322594,0.012598210945725441
mlp_2x100_bn_l2,90,1,90,0.01389637403190136,0.011665873229503632
mlp_2x100_bn_l2,90,1,91,0.01363314874470234,0.011606966145336628
mlp_2x100_bn_l2,90,1,92,0.01373365893959999,0.011715845204889774
mlp_2x100_bn_l2,90,1,93,0.014263514429330826,0.012672841548919678
mlp_2x100_bn_l2,90,1,94,0.015731623396277428,0.012915108352899551
mlp_2x100_bn_l2,90,1,95,0.014895539730787277,0.012330757454037666
mlp_2x100_bn_l2,90,1,96,0.014180564321577549,0.011844820342957973
mlp_2x100_bn_l2,90,1,97,0.01394012849777937,0.01168014109134674
mlp_2x100_bn_l2,90,1,98,0.01388819795101881,0.011844641529023647
mlp_2x100_bn_l2,90,1,99,0.013909387402236462,0.011852418072521687
mlp_2x100_bn_l2,90,1,100,0.013777391985058784,0.01189969852566719
mlp_2x100_bn_l2,90,1,101,0.013651466928422451,0.011596892960369587
mlp_2x100_bn_l2,90,1,102,0.01356374192982912,0.011423277668654919
mlp_2x100_bn_l2,90,1,103,0.013548893854022026,0.011933725327253342
mlp_2x100_bn_l2,90,1,104,0.014429641887545586,0.013113577850162983
mlp_2x100_bn_l2,90,1,105,0.01514983456581831,0.012387959286570549
mlp_2x100_bn_l2,90,1,106,0.014342867769300938,0.012042384594678879
mlp_2x100_bn_l2,90,1,107,0.01395218912512064,0.011887473985552788
mlp_2x100_bn_l2,90,1,108,0.013642759993672371,0.011699574999511242
mlp_2x100_bn_l2,90,1,109,0.013469986617565155,0.011390363797545433
mlp_2x100_bn_l2,90,1,110,0.013317934237420559,0.01126951165497303
mlp_2x100_bn_l2,90,1,111,0.01317569613456726,0.011262313462793827
mlp_2x100_bn_l2,90,1,112,0.013148773461580276,0.011343928053975105
mlp_2x100_bn_l2,90,1,113,0.013410893268883228,0.011415870860219002
mlp_2x100_bn_l2,90,1,114,0.013582093641161919,0.011363616213202477
mlp_2x100_bn_l2,90,1,115,0.014764631167054176,0.01251666247844696
mlp_2x100_bn_l2,90,1,116,0.015225746668875217,0.012266939505934715
mlp_2x100_bn_l2,90,1,117,0.01421360019594431,0.011910265311598778
mlp_2x100_bn_l2,90,1,118,0.013833370991051197,0.011602047830820084
mlp_2x100_bn_l2,90,1,119,0.013590811751782894,0.011373603716492653
mlp_2x100_bn_l2,90,1,120,0.013471143320202827,0.011194819584488869
mlp_2x100_bn_l2,90,1,121,0.01322739478200674,0.011196908541023731
mlp_2x100_bn_l2,90,1,122,0.013251837342977524,0.011356048285961151
mlp_2x100_bn_l2,90,1,123,0.013127573765814304,0.011281520128250122
mlp_2x100_bn_l2,90,1,124,0.013029639609158039,0.011348363943397999
mlp_2x100_bn_l2,90,1,125,0.013532660901546478,0.011863038875162601
mlp_2x100_bn_l2,90,1,126,0.014469102025032043,0.011855179443955421
mlp_2x100_bn_l2,90,1,127,0.013884094543755054,0.011664163321256638
mlp_2x100_bn_l2,90,1,128,0.013603131286799908,0.011547470465302467
mlp_2x100_bn_l2,90,1,129,0.013363840989768505,0.01145684439688921
mlp_2x100_bn_l2,90,1,130,0.013249481096863747,0.011240094900131226
mlp_2x100_bn_l2,90,1,131,0.013128213584423065,0.011550365015864372
mlp_2x100_bn_l2,90,1,132,0.013103634119033813,0.011074291542172432
mlp_2x100_bn_l2,90,1,133,0.01308013591915369,0.01115766353905201
mlp_2x100_bn_l2,90,1,134,0.013092120178043842,0.011230461299419403
mlp_2x100_bn_l2,90,1,135,0.013043894432485104,0.011124205775558949
mlp_2x100_bn_l2,90,1,136,0.013010150752961636,0.011066284030675888
mlp_2x100_bn_l2,90,1,137,0.01288449764251709,0.010981852188706398
mlp_2x100_bn_l2,90,1,138,0.012860733084380627,0.011113845743238926
mlp_2x100_bn_l2,90,1,139,0.012825898826122284,0.011470744386315346
mlp_2x100_bn_l2,90,1,140,0.012852177023887634,0.011504661291837692
mlp_2x100_bn_l2,90,1,141,0.012884137220680714,0.010809510014951229
mlp_2x100_bn_l2,90,1,142,0.012938100844621658,0.0110012860968709
mlp_2x100_bn_l2,90,1,143,0.01351167168468237,0.011277549900114536
mlp_2x100_bn_l2,90,1,144,0.01323562953621149,0.011122474446892738
mlp_2x100_bn_l2,90,1,145,0.013093492947518826,0.011114191263914108
mlp_2x100_bn_l2,90,1,146,0.013052888214588165,0.011117002926766872
mlp_2x100_bn_l2,90,1,147,0.012974373064935207,0.011353179812431335
mlp_2x100_bn_l2,90,1,148,0.012927426025271416,0.010893459431827068
mlp_2x100_bn_l2,90,1,149,0.012822072952985764,0.010878999717533588
mlp_2x100_bn_l2,90,1,150,0.012878742069005966,0.011107604950666428
mlp_2x100_bn_l2,90,1,151,0.012903790920972824,0.010862347669899464
mlp_2x100_bn_l2,90,1,152,0.012815787456929684,0.011313948780298233
mlp_2x100_bn_l2,90,1,153,0.012791108340024948,0.010834810324013233
mlp_2x100_bn_l2,90,1,154,0.012770460918545723,0.010960565879940987
mlp_2x100_bn_l2,90,1,155,0.012797079980373383,0.010790407657623291
mlp_2x100_bn_l2,90,1,156,0.012705577537417412,0.010698532685637474
mlp_2x100_bn_l2,90,1,157,0.012750321999192238,0.010993322357535362
mlp_2x100_bn_l2,90,1,158,0.012798317708075047,0.01079335156828165
mlp_2x100_bn_l2,90,1,159,0.012802562676370144,0.010685363784432411
mlp_2x100_bn_l2,90,1,160,0.012675262987613678,0.011171417310833931
mlp_2x100_bn_l2,90,1,161,0.012615753337740898,0.010845459997653961
mlp_2x100_bn_l2,90,1,162,0.012886137701570988,0.010806170292198658
mlp_2x100_bn_l2,90,1,163,0.012823743745684624,0.01095989253371954
mlp_2x100_bn_l2,90,1,164,0.012698340229690075,0.011585086584091187
mlp_2x100_bn_l2,90,1,165,0.012620539404451847,0.011042840778827667
mlp_2x100_bn_l2,90,1,166,0.012578174471855164,0.011098542250692844
mlp_2x100_bn_l2,90,1,167,0.012572959996759892,0.011370827443897724
mlp_2x100_bn_l2,90,1,168,0.012622457928955555,0.01064286194741726
mlp_2x100_bn_l2,90,1,169,0.012612724676728249,0.011058473028242588
mlp_2x100_bn_l2,90,1,170,0.012511879205703735,0.010747147724032402
mlp_2x100_bn_l2,90,1,171,0.012611370533704758,0.011368690989911556
mlp_2x100_bn_l2,90,1,172,0.012640662491321564,0.011078710667788982
mlp_2x100_bn_l2,90,1,173,0.012574342079460621,0.010867464356124401
mlp_2x100_bn_l2,90,1,174,0.012622527778148651,0.011126590892672539
mlp_2x100_bn_l2,90,1,175,0.012625651434063911,0.01091734878718853
mlp_2x100_bn_l2,90,1,176,0.012461765669286251,0.011070161126554012
mlp_2x100_bn_l2,90,1,177,0.012452809140086174,0.010705448687076569
mlp_2x100_bn_l2,90,1,178,0.012407333590090275,0.011082400567829609
mlp_2x100_bn_l2,90,1,179,0.012433325871825218,0.01063684094697237
mlp_2x100_bn_l2,90,1,180,0.012503632344305515,0.010919361375272274
mlp_2x100_bn_l2,90,1,181,0.01240750215947628,0.010883905924856663
mlp_2x100_bn_l2,90,1,182,0.012502151541411877,0.011247838847339153
mlp_2x100_bn_l2,90,1,183,0.012540116906166077,0.011204401031136513
mlp_2x100_bn_l2,90,1,184,0.012468510307371616,0.01136876828968525
mlp_2x100_bn_l2,90,1,185,0.012394977733492851,0.010705649852752686
mlp_2x100_bn_l2,90,1,186,0.012316299602389336,0.01085211057215929
mlp_2x100_bn_l2,90,1,187,0.012400183826684952,0.010942010208964348
mlp_2x100_bn_l2,90,1,188,0.012401077896356583,0.010750225745141506
mlp_2x100_bn_l2,90,1,189,0.012783311307430267,0.011210941709578037
mlp_2x100_bn_l2,90,1,190,0.012696506455540657,0.010905428789556026
mlp_2x100_bn_l2,90,1,191,0.012561545707285404,0.010959609411656857
mlp_2x100_bn_l2,90,1,192,0.012471765279769897,0.010984356515109539
mlp_2x100_bn_l2,90,1,193,0.012423272244632244,0.010795008391141891
mlp_2x100_bn_l2,90,1,194,0.012410960160195827,0.011355897411704063
mlp_2x100_bn_l2,90,1,195,0.012404676526784897,0.011020615696907043
mlp_2x100_bn_l2,90,1,196,0.012462053447961807,0.011129953898489475
mlp_2x100_bn_l2,90,1,197,0.012371150776743889,0.011110801249742508
mlp_2x100_bn_l2,90,1,198,0.012349729426205158,0.010588065721094608
mlp_2x100_bn_l2,90,1,199,0.012412690557539463,0.010942281223833561
mlp_2x100_bn_l2,90,1,200,0.01242681685835123,0.011154133826494217
mlp_2x100_bn_l2,90,5,1,0.551668643951416,0.23274706304073334
mlp_2x100_bn_l2,90,5,2,0.20933470129966736,0.1320483684539795
mlp_2x100_bn_l2,90,5,3,0.10337419807910919,0.07751240581274033
mlp_2x100_bn_l2,90,5,4,0.06280840188264847,0.05294515937566757
mlp_2x100_bn_l2,90,5,5,0.0472341887652874,0.04280347377061844
mlp_2x100_bn_l2,90,5,6,0.04070515185594559,0.03779460862278938
mlp_2x100_bn_l2,90,5,7,0.03729000687599182,0.03472519293427467
mlp_2x100_bn_l2,90,5,8,0.03387884795665741,0.031672440469264984
mlp_2x100_bn_l2,90,5,9,0.03147207573056221,0.02933119423687458
mlp_2x100_bn_l2,90,5,10,0.029362747445702553,0.027766020968556404
mlp_2x100_bn_l2,90,5,11,0.02762487716972828,0.025433750823140144
mlp_2x100_bn_l2,90,5,12,0.025355177000164986,0.023575307801365852
mlp_2x100_bn_l2,90,5,13,0.02414422482252121,0.02239038795232773
mlp_2x100_bn_l2,90,5,14,0.022715451195836067,0.020931947976350784
mlp_2x100_bn_l2,90,5,15,0.020778000354766846,0.01907159388065338
mlp_2x100_bn_l2,90,5,16,0.01966666989028454,0.017320707440376282
mlp_2x100_bn_l2,90,5,17,0.01872212626039982,0.016462141647934914
mlp_2x100_bn_l2,90,5,18,0.017569545656442642,0.014982673339545727
mlp_2x100_bn_l2,90,5,19,0.016422219574451447,0.013907418586313725
mlp_2x100_bn_l2,90,5,20,0.01571064628660679,0.01268650870770216
mlp_2x100_bn_l2,90,5,21,0.014771677553653717,0.011668439954519272
mlp_2x100_bn_l2,90,5,22,0.013717258349061012,0.010873232036828995
mlp_2x100_bn_l2,90,5,23,0.012476630508899689,0.010762968100607395
mlp_2x100_bn_l2,90,5,24,0.012177678756415844,0.010275326669216156
mlp_2x100_bn_l2,90,5,25,0.011076586320996284,0.009091277606785297
mlp_2x100_bn_l2,90,5,26,0.010102552361786366,0.008501989766955376
mlp_2x100_bn_l2,90,5,27,0.009677574969828129,0.00843053124845028
mlp_2x100_bn_l2,90,5,28,0.009217580780386925,0.007804322522133589
mlp_2x100_bn_l2,90,5,29,0.00911515299230814,0.00775331212207675
mlp_2x100_bn_l2,90,5,30,0.008711356669664383,0.0075844656676054
mlp_2x100_bn_l2,90,5,31,0.00843202043324709,0.0073344651609659195
mlp_2x100_bn_l2,90,5,32,0.008347502909600735,0.0072151971980929375
mlp_2x100_bn_l2,90,5,33,0.008126616477966309,0.0071873837150633335
mlp_2x100_bn_l2,90,5,34,0.008004522882401943,0.007029297295957804
mlp_2x100_bn_l2,90,5,35,0.00796272698789835,0.0069194757379591465
mlp_2x100_bn_l2,90,5,36,0.007888929918408394,0.007000827696174383
mlp_2x100_bn_l2,90,5,37,0.007935087196528912,0.007018066477030516
mlp_2x100_bn_l2,90,5,38,0.007882188074290752,0.006941069383174181
mlp_2x100_bn_l2,90,5,39,0.007879027165472507,0.007070705760270357
mlp_2x100_bn_l2,90,5,40,0.0077397869899868965,0.006717008538544178
mlp_2x100_bn_l2,90,5,41,0.007852756418287754,0.006981430575251579
mlp_2x100_bn_l2,90,5,42,0.007818092592060566,0.006655016914010048
mlp_2x100_bn_l2,90,5,43,0.007887743413448334,0.006405548192560673
mlp_2x100_bn_l2,90,5,44,0.007807975169271231,0.006658422295004129
mlp_2x100_bn_l2,90,5,45,0.00789640937000513,0.006633272394537926
mlp_2x100_bn_l2,90,5,46,0.007775347214192152,0.006628811359405518
mlp_2x100_bn_l2,90,5,47,0.007868099957704544,0.006564832758158445
mlp_2x100_bn_l2,90,5,48,0.007818587124347687,0.006526862271130085
mlp_2x100_bn_l2,90,5,49,0.007889308035373688,0.006493305321782827
mlp_2x100_bn_l2,90,5,50,0.00786529015749693,0.006487477105110884
mlp_2x100_bn_l2,90,5,51,0.007776636630296707,0.006408859975636005
mlp_2x100_bn_l2,90,5,52,0.00788064580410719,0.0064503587782382965
mlp_2x100_bn_l2,90,5,53,0.007864636369049549,0.006443358026444912
mlp_2x100_bn_l2,90,5,54,0.008015003055334091,0.006545450072735548
mlp_2x100_bn_l2,90,5,55,0.008218120783567429,0.006555543281137943
mlp_2x100_bn_l2,90,5,56,0.008089383132755756,0.006497254129499197
mlp_2x100_bn_l2,90,5,57,0.008342848159372807,0.006907899864017963
mlp_2x100_bn_l2,90,5,58,0.008604577742516994,0.0067833345383405685
mlp_2x100_bn_l2,90,5,59,0.008262423798441887,0.006492789834737778
mlp_2x100_bn_l2,90,5,60,0.00860957708209753,0.007182778790593147
mlp_2x100_bn_l2,90,5,61,0.008909739553928375,0.006908554118126631
mlp_2x100_bn_l2,90,5,62,0.008484922349452972,0.006712669972330332
mlp_2x100_bn_l2,90,5,63,0.009227330796420574,0.007435341831296682
mlp_2x100_bn_l2,90,5,64,0.009027579799294472,0.0068613383919000626
mlp_2x100_bn_l2,90,5,65,0.008831998333334923,0.0071408809162676334
mlp_2x100_bn_l2,90,5,66,0.009323780424892902,0.007473641540855169
mlp_2x100_bn_l2,90,5,67,0.010004092007875443,0.008304846473038197
mlp_2x100_bn_l2,90,5,68,0.010029866360127926,0.007728662807494402
mlp_2x100_bn_l2,90,5,69,0.00921285804361105,0.007158949505537748
mlp_2x100_bn_l2,90,5,70,0.008962912485003471,0.007267112378031015
mlp_2x100_bn_l2,90,5,71,0.009537242352962494,0.00785385724157095
mlp_2x100_bn_l2,90,5,72,0.011057441122829914,0.00924108736217022
mlp_2x100_bn_l2,90,5,73,0.011204826645553112,0.008616873063147068
mlp_2x100_bn_l2,90,5,74,0.010001723654568195,0.007729200646281242
mlp_2x100_bn_l2,90,5,75,0.009075028821825981,0.007106123957782984
mlp_2x100_bn_l2,90,5,76,0.008895802311599255,0.007006313651800156
mlp_2x100_bn_l2,90,5,77,0.00902126356959343,0.007529138121753931
mlp_2x100_bn_l2,90,5,78,0.013724679127335548,0.015445577912032604
mlp_2x100_bn_l2,90,5,79,0.019544871523976326,0.013900537975132465
mlp_2x100_bn_l2,90,5,80,0.01426725834608078,0.010800992138683796
mlp_2x100_bn_l2,90,5,81,0.011772051453590393,0.009194363839924335
mlp_2x100_bn_l2,90,5,82,0.010354693047702312,0.008151661604642868
mlp_2x100_bn_l2,90,5,83,0.009571004658937454,0.007618838921189308
mlp_2x100_bn_l2,90,5,84,0.00892848800867796,0.007149362005293369
mlp_2x100_bn_l2,90,5,85,0.008500233292579651,0.007013889495283365
mlp_2x100_bn_l2,90,5,86,0.00809574406594038,0.006849356926977634
mlp_2x100_bn_l2,90,5,87,0.007729111239314079,0.006147097796201706
mlp_2x100_bn_l2,90,5,88,0.00757206603884697,0.005950278602540493
mlp_2x100_bn_l2,90,5,89,0.00746304914355278,0.005831234622746706
mlp_2x100_bn_l2,90,5,90,0.007448018994182348,0.006239233538508415
mlp_2x100_bn_l2,90,5,91,0.010464435443282127,0.014411531388759613
mlp_2x100_bn_l2,90,5,92,0.020375721156597137,0.015312370844185352
mlp_2x100_bn_l2,90,5,93,0.01758446730673313,0.012227900326251984
mlp_2x100_bn_l2,90,5,94,0.014998873695731163,0.011062062345445156
mlp_2x100_bn_l2,90,5,95,0.013310490176081657,0.00988610740751028
mlp_2x100_bn_l2,90,5,96,0.011974407359957695,0.009369545616209507
mlp_2x100_bn_l2,90,5,97,0.011497211642563343,0.009018659591674805
mlp_2x100_bn_l2,90,5,98,0.010689061135053635,0.008628684096038342
mlp_2x100_bn_l2,90,5,99,0.010632001794874668,0.00897161103785038
mlp_2x100_bn_l2,90,5,100,0.010603420436382294,0.00855706911534071
mlp_2x100_bn_l2,90,5,101,0.009816818870604038,0.007790141738951206
mlp_2x100_bn_l2,90,5,102,0.009068070910871029,0.0075101847760379314
mlp_2x100_bn_l2,90,5,103,0.00847532693296671,0.007293976377695799
mlp_2x100_bn_l2,90,5,104,0.008426535874605179,0.006741595920175314
mlp_2x100_bn_l2,90,5,105,0.009095179848372936,0.007524509448558092
mlp_2x100_bn_l2,90,5,106,0.009342154487967491,0.0072883483953773975
mlp_2x100_bn_l2,90,5,107,0.009206329472362995,0.007314934860914946
mlp_2x100_bn_l2,90,5,108,0.008595434948801994,0.00669687008485198
mlp_2x100_bn_l2,90,5,109,0.008231574669480324,0.006726954132318497
mlp_2x100_bn_l2,90,5,110,0.007873902097344398,0.006257358007133007
mlp_2x100_bn_l2,90,5,111,0.008038354106247425,0.006681704893708229
mlp_2x100_bn_l2,90,5,112,0.009676579385995865,0.008667497895658016
mlp_2x100_bn_l2,90,5,113,0.010174107737839222,0.007881883531808853
mlp_2x100_bn_l2,90,5,114,0.009367014281451702,0.007364469114691019
mlp_2x100_bn_l2,90,5,115,0.00881916657090187,0.007204068824648857
mlp_2x100_bn_l2,90,5,116,0.008129197172820568,0.007225334644317627
mlp_2x100_bn_l2,90,5,117,0.007899452932178974,0.006424625404179096
mlp_2x100_bn_l2,90,5,118,0.0076127625070512295,0.00678719999268651
mlp_2x100_bn_l2,90,5,119,0.007323411758989096,0.006061607040464878
mlp_2x100_bn_l2,90,5,120,0.007380371913313866,0.006349401082843542
mlp_2x100_bn_l2,90,5,121,0.007331430446356535,0.006105683743953705
mlp_2x100_bn_l2,90,5,122,0.0072542172856628895,0.005881986580789089
mlp_2x100_bn_l2,90,5,123,0.006981510203331709,0.005839844699949026
mlp_2x100_bn_l2,90,5,124,0.0069000693038105965,0.0068626138381659985
mlp_2x100_bn_l2,90,5,125,0.006841638591140509,0.005668795667588711
mlp_2x100_bn_l2,90,5,126,0.006872002966701984,0.0089649623259902
mlp_2x100_bn_l2,90,5,127,0.006723369471728802,0.005775752477347851
mlp_2x100_bn_l2,90,5,128,0.0067966957576572895,0.005621463060379028
mlp_2x100_bn_l2,90,5,129,0.0067998007871210575,0.006350210402160883
mlp_2x100_bn_l2,90,5,130,0.006700201891362667,0.0066993627697229385
mlp_2x100_bn_l2,90,5,131,0.00656464695930481,0.005531455855816603
mlp_2x100_bn_l2,90,5,132,0.006591368466615677,0.005736491642892361
mlp_2x100_bn_l2,90,5,133,0.006431347690522671,0.005709442775696516
mlp_2x100_bn_l2,90,5,134,0.006323240697383881,0.005243553314357996
mlp_2x100_bn_l2,90,5,135,0.006258203648030758,0.00544761773198843
mlp_2x100_bn_l2,90,5,136,0.006155182141810656,0.005783599801361561
mlp_2x100_bn_l2,90,5,137,0.00607979204505682,0.005174138583242893
mlp_2x100_bn_l2,90,5,138,0.00601874990388751,0.005061826668679714
mlp_2x100_bn_l2,90,5,139,0.006010120268911123,0.005511150695383549
mlp_2x100_bn_l2,90,5,140,0.005978114902973175,0.004989001899957657
mlp_2x100_bn_l2,90,5,141,0.005925190635025501,0.005257675889879465
mlp_2x100_bn_l2,90,5,142,0.005880268756300211,0.005406145937740803
mlp_2x100_bn_l2,90,5,143,0.005900009535253048,0.004929220769554377
mlp_2x100_bn_l2,90,5,144,0.005887290928512812,0.0051127648912370205
mlp_2x100_bn_l2,90,5,145,0.0058593484573066235,0.005191635340452194
mlp_2x100_bn_l2,90,5,146,0.005856043193489313,0.004909006413072348
mlp_2x100_bn_l2,90,5,147,0.005831924732774496,0.0068494053557515144
mlp_2x100_bn_l2,90,5,148,0.005771219730377197,0.00498863635584712
mlp_2x100_bn_l2,90,5,149,0.0057617188431322575,0.004878239706158638
mlp_2x100_bn_l2,90,5,150,0.005757030099630356,0.005059205926954746
mlp_2x100_bn_l2,90,5,151,0.005766754038631916,0.0047884234227240086
mlp_2x100_bn_l2,90,5,152,0.005739482119679451,0.004897402133792639
mlp_2x100_bn_l2,90,5,153,0.005735843908041716,0.008936479687690735
mlp_2x100_bn_l2,90,5,154,0.00572380144149065,0.007367425132542849
mlp_2x100_bn_l2,90,5,155,0.005694662686437368,0.005156714469194412
mlp_2x100_bn_l2,90,5,156,0.005670585203915834,0.004778804257512093
mlp_2x100_bn_l2,90,5,157,0.005694833118468523,0.004769711289554834
mlp_2x100_bn_l2,90,5,158,0.005714117083698511,0.00496265571564436
mlp_2x100_bn_l2,90,5,159,0.005663238000124693,0.021402670070528984
mlp_2x100_bn_l2,90,5,160,0.005654200445860624,0.00635142344981432
mlp_2x100_bn_l2,90,5,161,0.0056345537304878235,0.004709829110652208
mlp_2x100_bn_l2,90,5,162,0.005616550799459219,0.005312726367264986
mlp_2x100_bn_l2,90,5,163,0.005602664779871702,0.011840390041470528
mlp_2x100_bn_l2,90,5,164,0.00565784377977252,0.008882739581167698
mlp_2x100_bn_l2,90,5,165,0.005622962489724159,0.006225649733096361
mlp_2x100_bn_l2,90,5,166,0.005607335828244686,0.00498357554897666
mlp_2x100_bn_l2,90,5,167,0.005622152239084244,0.005039532203227282
mlp_2x100_bn_l2,90,5,168,0.005613671150058508,0.004676430486142635
mlp_2x100_bn_l2,90,5,169,0.0055831908248364925,0.007937995716929436
mlp_2x100_bn_l2,90,5,170,0.00561013538390398,0.004779492970556021
mlp_2x100_bn_l2,90,5,171,0.005583134945482016,0.004656193312257528
mlp_2x100_bn_l2,90,5,172,0.005577936768531799,0.006210633087903261
mlp_2x100_bn_l2,90,5,173,0.0056177000515162945,0.005167199764400721
mlp_2x100_bn_l2,90,5,174,0.005604513455182314,0.005388904362916946
mlp_2x100_bn_l2,90,5,175,0.005580374505370855,0.005143705289810896
mlp_2x100_bn_l2,90,5,176,0.0055854786187410355,0.00471522007137537
mlp_2x100_bn_l2,90,5,177,0.005570955574512482,0.04957519844174385
mlp_2x100_bn_l2,90,5,178,0.005609120707958937,0.008947581984102726
mlp_2x100_bn_l2,90,5,179,0.005618543829768896,0.006257877219468355
mlp_2x100_bn_l2,90,5,180,0.005573298316448927,0.005260776728391647
mlp_2x100_bn_l2,90,5,181,0.005604679696261883,0.021956225857138634
mlp_2x100_bn_l2,90,5,182,0.005577010102570057,0.0057988339103758335
mlp_2x100_bn_l2,90,5,183,0.005578348878771067,0.005016058683395386
mlp_2x100_bn_l2,90,5,184,0.005562940612435341,0.034610603004693985
mlp_2x100_bn_l2,90,5,185,0.0055571552366018295,0.006998412776738405
mlp_2x100_bn_l2,90,5,186,0.0055352430790662766,0.004880907014012337
mlp_2x100_bn_l2,90,5,187,0.005530427675694227,0.005305089056491852
mlp_2x100_bn_l2,90,5,188,0.005530575290322304,0.015375579707324505
mlp_2x100_bn_l2,90,5,189,0.0055252970196306705,0.004624175373464823
mlp_2x100_bn_l2,90,5,190,0.005559246987104416,0.005726166535168886
mlp_2x100_bn_l2,90,5,191,0.005509588867425919,0.007800734136253595
mlp_2x100_bn_l2,90,5,192,0.0055378577671945095,0.00461437227204442
mlp_2x100_bn_l2,90,5,193,0.005530874710530043,0.00474636722356081
mlp_2x100_bn_l2,90,5,194,0.005527390167117119,0.004654853604733944
mlp_2x100_bn_l2,90,5,195,0.005518019199371338,0.00466177798807621
mlp_2x100_bn_l2,90,5,196,0.005523634608834982,0.008905203081667423
mlp_2x100_bn_l2,90,5,197,0.005544300656765699,0.008535351604223251
mlp_2x100_bn_l2,90,5,198,0.005518462508916855,0.017336463555693626
mlp_2x100_bn_l2,90,5,199,0.005517465062439442,0.006884601432830095
mlp_2x100_bn_l2,90,5,200,0.005513953510671854,0.0046022250317037106
mlp_2x100_bn_l2,90,30,1,0.5524735450744629,0.23138457536697388
mlp_2x100_bn_l2,90,30,2,0.20926472544670105,0.13234589993953705
mlp_2x100_bn_l2,90,30,3,0.10393813997507095,0.0780898779630661
mlp_2x100_bn_l2,90,30,4,0.06321088969707489,0.05422854423522949
mlp_2x100_bn_l2,90,30,5,0.04651200398802757,0.042913246899843216
mlp_2x100_bn_l2,90,30,6,0.039065342396497726,0.03690304234623909
mlp_2x100_bn_l2,90,30,7,0.035590361803770065,0.03454200178384781
mlp_2x100_bn_l2,90,30,8,0.03269892558455467,0.03171071782708168
mlp_2x100_bn_l2,90,30,9,0.02994442544877529,0.02769976668059826
mlp_2x100_bn_l2,90,30,10,0.02755296416580677,0.025378474965691566
mlp_2x100_bn_l2,90,30,11,0.025602122768759727,0.023626241832971573
mlp_2x100_bn_l2,90,30,12,0.023760903626680374,0.022282911464571953
mlp_2x100_bn_l2,90,30,13,0.022581398487091064,0.020781803876161575
mlp_2x100_bn_l2,90,30,14,0.020959384739398956,0.018890082836151123
mlp_2x100_bn_l2,90,30,15,0.019185209646821022,0.018465856090188026
mlp_2x100_bn_l2,90,30,16,0.01784953661262989,0.015691326931118965
mlp_2x100_bn_l2,90,30,17,0.015961255878210068,0.014241252094507217
mlp_2x100_bn_l2,90,30,18,0.015196936205029488,0.012763092294335365
mlp_2x100_bn_l2,90,30,19,0.013466102071106434,0.012053611688315868
mlp_2x100_bn_l2,90,30,20,0.012741905637085438,0.010830327868461609
mlp_2x100_bn_l2,90,30,21,0.01187377143651247,0.009777222760021687
mlp_2x100_bn_l2,90,30,22,0.010787690989673138,0.008197079412639141
mlp_2x100_bn_l2,90,30,23,0.010049230419099331,0.008025407791137695
mlp_2x100_bn_l2,90,30,24,0.008990759961307049,0.007140124216675758
mlp_2x100_bn_l2,90,30,25,0.007952374406158924,0.006482915952801704
mlp_2x100_bn_l2,90,30,26,0.007214858662337065,0.005826217122375965
mlp_2x100_bn_l2,90,30,27,0.006744258105754852,0.00581154553219676
mlp_2x100_bn_l2,90,30,28,0.006560643669217825,0.005597360897809267
mlp_2x100_bn_l2,90,30,29,0.005964881740510464,0.005209431983530521
mlp_2x100_bn_l2,90,30,30,0.005584258586168289,0.004920623730868101
mlp_2x100_bn_l2,90,30,31,0.005500925704836845,0.0052635022439062595
mlp_2x100_bn_l2,90,30,32,0.005335984285920858,0.004492508713155985
mlp_2x100_bn_l2,90,30,33,0.005039695184677839,0.004381021484732628
mlp_2x100_bn_l2,90,30,34,0.004899949301034212,0.0044775595888495445
mlp_2x100_bn_l2,90,30,35,0.004770476371049881,0.003863475751131773
mlp_2x100_bn_l2,90,30,36,0.004663582891225815,0.0038772448897361755
mlp_2x100_bn_l2,90,30,37,0.004580372013151646,0.003957051318138838
mlp_2x100_bn_l2,90,30,38,0.004607167094945908,0.0036403199192136526
mlp_2x100_bn_l2,90,30,39,0.004669551737606525,0.003975927364081144
mlp_2x100_bn_l2,90,30,40,0.00455518951639533,0.0038736616261303425
mlp_2x100_bn_l2,90,30,41,0.004532167222350836,0.0038745540659874678
mlp_2x100_bn_l2,90,30,42,0.004590002354234457,0.0039296383038163185
mlp_2x100_bn_l2,90,30,43,0.004747516475617886,0.003842222737148404
mlp_2x100_bn_l2,90,30,44,0.004642472602427006,0.003816170385107398
mlp_2x100_bn_l2,90,30,45,0.004741933662444353,0.0039025854784995317
mlp_2x100_bn_l2,90,30,46,0.004878498148173094,0.003989579621702433
mlp_2x100_bn_l2,90,30,47,0.004812655970454216,0.004453149624168873
mlp_2x100_bn_l2,90,30,48,0.0048646884970366955,0.004405522719025612
mlp_2x100_bn_l2,90,30,49,0.005213058553636074,0.004542190115898848
mlp_2x100_bn_l2,90,30,50,0.004949456546455622,0.004564415663480759
mlp_2x100_bn_l2,90,30,51,0.005242946092039347,0.004795797169208527
mlp_2x100_bn_l2,90,30,52,0.005373987834900618,0.004330619238317013
mlp_2x100_bn_l2,90,30,53,0.004953169729560614,0.004499712958931923
mlp_2x100_bn_l2,90,30,54,0.005059037823230028,0.0041803885251283646
mlp_2x100_bn_l2,90,30,55,0.005598795134574175,0.00502530625090003
mlp_2x100_bn_l2,90,30,56,0.005990384146571159,0.004713048692792654
mlp_2x100_bn_l2,90,30,57,0.004982276353985071,0.0036871510092169046
mlp_2x100_bn_l2,90,30,58,0.004922923631966114,0.00403905613347888
mlp_2x100_bn_l2,90,30,59,0.006003174465149641,0.004904239438474178
mlp_2x100_bn_l2,90,30,60,0.007071212865412235,0.006085995119065046
mlp_2x100_bn_l2,90,30,61,0.007078905589878559,0.00541427219286561
mlp_2x100_bn_l2,90,30,62,0.006369623821228743,0.004831917118281126
mlp_2x100_bn_l2,90,30,63,0.006148913875222206,0.005235312506556511
mlp_2x100_bn_l2,90,30,64,0.008402480743825436,0.008160819299519062
mlp_2x100_bn_l2,90,30,65,0.009620795026421547,0.006770018488168716
mlp_2x100_bn_l2,90,30,66,0.007737723644822836,0.005776492413133383
mlp_2x100_bn_l2,90,30,67,0.006555057130753994,0.0049539776518940926
mlp_2x100_bn_l2,90,30,68,0.006815856322646141,0.005228189751505852
mlp_2x100_bn_l2,90,30,69,0.007792016491293907,0.006861364468932152
mlp_2x100_bn_l2,90,30,70,0.010936628095805645,0.009574138559401035
mlp_2x100_bn_l2,90,30,71,0.010853695683181286,0.007961930707097054
mlp_2x100_bn_l2,90,30,72,0.00901066791266203,0.0065245418809354305
mlp_2x100_bn_l2,90,30,73,0.007452146150171757,0.0055223265662789345
mlp_2x100_bn_l2,90,30,74,0.006427988409996033,0.004598366562277079
mlp_2x100_bn_l2,90,30,75,0.0055624572560191154,0.004023428075015545
mlp_2x100_bn_l2,90,30,76,0.005029493477195501,0.0035328110679984093
mlp_2x100_bn_l2,90,30,77,0.004529077559709549,0.0032384302467107773
mlp_2x100_bn_l2,90,30,78,0.0046475413255393505,0.003278366755694151
mlp_2x100_bn_l2,90,30,79,0.008151576854288578,0.009163863956928253
mlp_2x100_bn_l2,90,30,80,0.012484063394367695,0.009157813154160976
mlp_2x100_bn_l2,90,30,81,0.010061133652925491,0.007539636921137571
mlp_2x100_bn_l2,90,30,82,0.00832593534141779,0.0064386725425720215
mlp_2x100_bn_l2,90,30,83,0.0072524030692875385,0.0055029005743563175
mlp_2x100_bn_l2,90,30,84,0.00646562734618783,0.004941497463732958
mlp_2x100_bn_l2,90,30,85,0.005996939726173878,0.004496556706726551
mlp_2x100_bn_l2,90,30,86,0.005546701606363058,0.00414960365742445
mlp_2x100_bn_l2,90,30,87,0.00525330938398838,0.0039047386962920427
mlp_2x100_bn_l2,90,30,88,0.0049181715585291386,0.0035843001678586006
mlp_2x100_bn_l2,90,30,89,0.00471335556358099,0.0033892150968313217
mlp_2x100_bn_l2,90,30,90,0.004448567982763052,0.0032158109825104475
mlp_2x100_bn_l2,90,30,91,0.0042917667888104916,0.003039690898731351
mlp_2x100_bn_l2,90,30,92,0.004102430306375027,0.0029202087316662073
mlp_2x100_bn_l2,90,30,93,0.004015637096017599,0.002851593540981412
mlp_2x100_bn_l2,90,30,94,0.0064705065451562405,0.008328389376401901
mlp_2x100_bn_l2,90,30,95,0.012088064104318619,0.008860135450959206
mlp_2x100_bn_l2,90,30,96,0.008838426321744919,0.007443316746503115
mlp_2x100_bn_l2,90,30,97,0.007790253031998873,0.006210650317370892
mlp_2x100_bn_l2,90,30,98,0.0068550980649888515,0.005585565231740475
mlp_2x100_bn_l2,90,30,99,0.0062651121988892555,0.0049124062061309814
mlp_2x100_bn_l2,90,30,100,0.005847965367138386,0.006639009341597557
mlp_2x100_bn_l2,90,30,101,0.0054794251918792725,0.004656661301851273
mlp_2x100_bn_l2,90,30,102,0.005015186034142971,0.0039358800277113914
mlp_2x100_bn_l2,90,30,103,0.004656194243580103,0.0045151435770094395
mlp_2x100_bn_l2,90,30,104,0.004369051195681095,0.0034855930134654045
mlp_2x100_bn_l2,90,30,105,0.004122876562178135,0.004156974609941244
mlp_2x100_bn_l2,90,30,106,0.003971093334257603,0.003597928211092949
mlp_2x100_bn_l2,90,30,107,0.0039057007525116205,0.004384948872029781
mlp_2x100_bn_l2,90,30,108,0.00372997741214931,0.0032440763898193836
mlp_2x100_bn_l2,90,30,109,0.00378443137742579,0.0032052993774414062
mlp_2x100_bn_l2,90,30,110,0.003924060612916946,0.0031295495573431253
mlp_2x100_bn_l2,90,30,111,0.003651997772976756,0.0028894690331071615
mlp_2x100_bn_l2,90,30,112,0.0035497783683240414,0.0030858744867146015
mlp_2x100_bn_l2,90,30,113,0.0037184779066592455,0.0029934679623693228
mlp_2x100_bn_l2,90,30,114,0.0035991768818348646,0.0028081638738512993
mlp_2x100_bn_l2,90,30,115,0.003514430020004511,0.0026649157516658306
mlp_2x100_bn_l2,90,30,116,0.0032919433433562517,0.0026740424800664186
mlp_2x100_bn_l2,90,30,117,0.0032650951761752367,0.0026443996466696262
mlp_2x100_bn_l2,90,30,118,0.0031792763620615005,0.0026657390408217907
mlp_2x100_bn_l2,90,30,119,0.003068967256695032,0.0024466237518936396
mlp_2x100_bn_l2,90,30,120,0.003010505111888051,0.002301278058439493
mlp_2x100_bn_l2,90,30,121,0.003021923126652837,0.0024641805794090033
mlp_2x100_bn_l2,90,30,122,0.0030382461845874786,0.002330753719434142
mlp_2x100_bn_l2,90,30,123,0.002892860909923911,0.002245021751150489
mlp_2x100_bn_l2,90,30,124,0.00282616657204926,0.0024415457155555487
mlp_2x100_bn_l2,90,30,125,0.0027829946484416723,0.0022399737499654293
mlp_2x100_bn_l2,90,30,126,0.0027041768189519644,0.002139570889994502
mlp_2x100_bn_l2,90,30,127,0.0026751351542770863,0.0021983508486300707
mlp_2x100_bn_l2,90,30,128,0.0027198991738259792,0.002211285987868905
mlp_2x100_bn_l2,90,30,129,0.0026980743277817965,0.0021123827900737524
mlp_2x100_bn_l2,90,30,130,0.0027203757781535387,0.002308719092980027
mlp_2x100_bn_l2,90,30,131,0.002648822031915188,0.002174331806600094
mlp_2x100_bn_l2,90,30,132,0.002585474168881774,0.0026544034481048584
mlp_2x100_bn_l2,90,30,133,0.0025340209249407053,0.0020377407781779766
mlp_2x100_bn_l2,90,30,134,0.002494443440809846,0.0019637809600681067
mlp_2x100_bn_l2,90,30,135,0.002474525710567832,0.0019430884858593345
mlp_2x100_bn_l2,90,30,136,0.002445247257128358,0.001956550870090723
mlp_2x100_bn_l2,90,30,137,0.0024561486206948757,0.0020050974562764168
mlp_2x100_bn_l2,90,30,138,0.0024330669548362494,0.0019268717151135206
mlp_2x100_bn_l2,90,30,139,0.0024066211190074682,0.0019000036409124732
mlp_2x100_bn_l2,90,30,140,0.002409095410257578,0.001977333566173911
mlp_2x100_bn_l2,90,30,141,0.0023860419169068336,0.0019264823058620095
mlp_2x100_bn_l2,90,30,142,0.0023921746760606766,0.0019632047042250633
mlp_2x100_bn_l2,90,30,143,0.00246922904625535,0.14587397873401642
mlp_2x100_bn_l2,90,30,144,0.0024367256555706263,0.014306473545730114
mlp_2x100_bn_l2,90,30,145,0.002397621050477028,0.00568022346124053
mlp_2x100_bn_l2,90,30,146,0.002369138179346919,0.007863628678023815
mlp_2x100_bn_l2,90,30,147,0.002347187604755163,0.010753536596894264
mlp_2x100_bn_l2,90,30,148,0.0023336897138506174,0.010585702955722809
mlp_2x100_bn_l2,90,30,149,0.002326841466128826,0.006869603414088488
mlp_2x100_bn_l2,90,30,150,0.002315024845302105,0.004609035328030586
mlp_2x100_bn_l2,90,30,151,0.0023092180490493774,0.0043309591710567474
mlp_2x100_bn_l2,90,30,152,0.0023063120897859335,0.002762825461104512
mlp_2x100_bn_l2,90,30,153,0.002296184189617634,0.002663519000634551
mlp_2x100_bn_l2,90,30,154,0.0022938328329473734,0.005159094464033842
mlp_2x100_bn_l2,90,30,155,0.0022879939060658216,0.004774019587785006
mlp_2x100_bn_l2,90,30,156,0.0022866600193083286,0.002285429509356618
mlp_2x100_bn_l2,90,30,157,0.0022835421841591597,0.0019126248080283403
mlp_2x100_bn_l2,90,30,158,0.0022807144559919834,0.0018477769335731864
mlp_2x100_bn_l2,90,30,159,0.002277316525578499,0.0018122629262506962
mlp_2x100_bn_l2,90,30,160,0.002284290734678507,0.0018006140599027276
mlp_2x100_bn_l2,90,30,161,0.0022848856169730425,0.001785901840776205
mlp_2x100_bn_l2,90,30,162,0.002281520515680313,0.0017778017790988088
mlp_2x100_bn_l2,90,30,163,0.002285558497533202,0.0017820552457123995
mlp_2x100_bn_l2,90,30,164,0.002285863272845745,0.0017829745775088668
mlp_2x100_bn_l2,90,30,165,0.002285524271428585,0.0017887537833303213
mlp_2x100_bn_l2,90,30,166,0.00228192750364542,0.0017847829731181264
mlp_2x100_bn_l2,90,30,167,0.002278785454109311,0.0017837213817983866
mlp_2x100_bn_l2,90,30,168,0.0022792189847677946,0.001779343350790441
mlp_2x100_bn_l2,90,30,169,0.002281357068568468,0.0017848334973677993
mlp_2x100_bn_l2,90,30,170,0.0022819179575890303,0.0017815593164414167
mlp_2x100_bn_l2,90,30,171,0.0022819177247583866,0.0017823422094807029
mlp_2x100_bn_l2,90,30,172,0.0022793980315327644,0.0017759898910298944
mlp_2x100_bn_l2,90,30,173,0.002278820611536503,0.001775817247107625
mlp_2x100_bn_l2,90,30,174,0.0022846052888780832,0.09332748502492905
mlp_2x100_bn_l2,90,30,175,0.0022922533098608255,0.007174251135438681
mlp_2x100_bn_l2,90,30,176,0.0022790394723415375,0.015279817394912243
mlp_2x100_bn_l2,90,30,177,0.0022778359707444906,0.018427470698952675
mlp_2x100_bn_l2,90,30,178,0.0022803237661719322,0.016168197616934776
mlp_2x100_bn_l2,90,30,179,0.00227358122356236,0.010453732684254646
mlp_2x100_bn_l2,90,30,180,0.0022839868906885386,0.09622117877006531
mlp_2x100_bn_l2,90,30,181,0.0022776336409151554,0.017862195149064064
mlp_2x100_bn_l2,90,30,182,0.0022780175786465406,0.010340378619730473
mlp_2x100_bn_l2,90,30,183,0.0022754003293812275,0.014334620907902718
mlp_2x100_bn_l2,90,30,184,0.0022709635086357594,0.014329902827739716
mlp_2x100_bn_l2,90,30,185,0.002268839394673705,0.011539265513420105
mlp_2x100_bn_l2,90,30,186,0.0022658323869109154,0.008801768533885479
mlp_2x100_bn_l2,90,30,187,0.002265731804072857,0.00837137270718813
mlp_2x100_bn_l2,90,30,188,0.0022620675154030323,0.010369658470153809
mlp_2x100_bn_l2,90,30,189,0.0022634309716522694,0.008198581635951996
mlp_2x100_bn_l2,90,30,190,0.002261822111904621,0.005801171064376831
mlp_2x100_bn_l2,90,30,191,0.002263319678604603,0.007137757260352373
mlp_2x100_bn_l2,90,30,192,0.002265671268105507,0.0048525575548410416
mlp_2x100_bn_l2,90,30,193,0.0022639494854956865,0.0038798684254288673
mlp_2x100_bn_l2,90,30,194,0.0022638740483671427,0.004151349421590567
mlp_2x100_bn_l2,90,30,195,0.0022659676615148783,0.002712901681661606
mlp_2x100_bn_l2,90,30,196,0.002264071721583605,0.0030477868858724833
mlp_2x100_bn_l2,90,30,197,0.002264149021357298,0.0021697706542909145
mlp_2x100_bn_l2,90,30,198,0.0022665627766400576,0.0019216298824176192
mlp_2x100_bn_l2,90,30,199,0.002263301284983754,0.0018115718849003315
mlp_2x100_bn_l2,90,30,200,0.002264228882268071,0.0017939693061634898
mlp_2x100_bn_l2,90,90,1,0.5534663200378418,0.22922144830226898
mlp_2x100_bn_l2,90,90,2,0.21075233817100525,0.13193534314632416
mlp_2x100_bn_l2,90,90,3,0.10549799352884293,0.07791095972061157
mlp_2x100_bn_l2,90,90,4,0.06395779550075531,0.05358751863241196
mlp_2x100_bn_l2,90,90,5,0.047120075672864914,0.042248133569955826
mlp_2x100_bn_l2,90,90,6,0.03977113217115402,0.03687727078795433
mlp_2x100_bn_l2,90,90,7,0.03573508933186531,0.035077136009931564
mlp_2x100_bn_l2,90,90,8,0.03307301923632622,0.030639130622148514
mlp_2x100_bn_l2,90,90,9,0.030578432604670525,0.027397003024816513
mlp_2x100_bn_l2,90,90,10,0.028261827304959297,0.02674981765449047
mlp_2x100_bn_l2,90,90,11,0.026399215683341026,0.02391817234456539
mlp_2x100_bn_l2,90,90,12,0.024417327716946602,0.022102180868387222
mlp_2x100_bn_l2,90,90,13,0.022352365776896477,0.020915795117616653
mlp_2x100_bn_l2,90,90,14,0.02050740085542202,0.01924511045217514
mlp_2x100_bn_l2,90,90,15,0.0192592553794384,0.01706257089972496
mlp_2x100_bn_l2,90,90,16,0.017166687175631523,0.015675285831093788
mlp_2x100_bn_l2,90,90,17,0.015721097588539124,0.01408381573855877
mlp_2x100_bn_l2,90,90,18,0.014522106386721134,0.012836768291890621
mlp_2x100_bn_l2,90,90,19,0.013492048718035221,0.011704818345606327
mlp_2x100_bn_l2,90,90,20,0.013106683269143105,0.010730700567364693
mlp_2x100_bn_l2,90,90,21,0.01180105097591877,0.01018882542848587
mlp_2x100_bn_l2,90,90,22,0.010658951476216316,0.008471662178635597
mlp_2x100_bn_l2,90,90,23,0.009105553850531578,0.0074454741552472115
mlp_2x100_bn_l2,90,90,24,0.008326693437993526,0.006948461756110191
mlp_2x100_bn_l2,90,90,25,0.007737023755908012,0.006178371608257294
mlp_2x100_bn_l2,90,90,26,0.0069341775961220264,0.0062875039875507355
mlp_2x100_bn_l2,90,90,27,0.006455578375607729,0.005387046840041876
mlp_2x100_bn_l2,90,90,28,0.005812878254801035,0.004607389681041241
mlp_2x100_bn_l2,90,90,29,0.0055678170174360275,0.004579599481076002
mlp_2x100_bn_l2,90,90,30,0.005113528575748205,0.0049966550432145596
mlp_2x100_bn_l2,90,90,31,0.005018061492592096,0.0043996586464345455
mlp_2x100_bn_l2,90,90,32,0.004501094575971365,0.00418481370434165
mlp_2x100_bn_l2,90,90,33,0.00447038235142827,0.0037069006357342005
mlp_2x100_bn_l2,90,90,34,0.004209882579743862,0.0035718728322535753
mlp_2x100_bn_l2,90,90,35,0.004034788813441992,0.00361909088678658
mlp_2x100_bn_l2,90,90,36,0.004026656039059162,0.0032051121816039085
mlp_2x100_bn_l2,90,90,37,0.004080641083419323,0.003461817279458046
mlp_2x100_bn_l2,90,90,38,0.0042388709262013435,0.003256227122619748
mlp_2x100_bn_l2,90,90,39,0.004400747828185558,0.004007822368294001
mlp_2x100_bn_l2,90,90,40,0.004609695635735989,0.0034845073241740465
mlp_2x100_bn_l2,90,90,41,0.004382321145385504,0.0037318801041692495
mlp_2x100_bn_l2,90,90,42,0.0041068242862820625,0.004053565673530102
mlp_2x100_bn_l2,90,90,43,0.004066058900207281,0.00426370557397604
mlp_2x100_bn_l2,90,90,44,0.004467464983463287,0.004004098940640688
mlp_2x100_bn_l2,90,90,45,0.004930350463837385,0.004543048795312643
mlp_2x100_bn_l2,90,90,46,0.004519804380834103,0.004119582939893007
mlp_2x100_bn_l2,90,90,47,0.004654856864362955,0.004743663128465414
mlp_2x100_bn_l2,90,90,48,0.005047615617513657,0.004094388335943222
mlp_2x100_bn_l2,90,90,49,0.004203981254249811,0.0035222365986555815
mlp_2x100_bn_l2,90,90,50,0.004657110199332237,0.0058111026883125305
mlp_2x100_bn_l2,90,90,51,0.006831098813563585,0.005665286909788847
mlp_2x100_bn_l2,90,90,52,0.004837892018258572,0.004863775800913572
mlp_2x100_bn_l2,90,90,53,0.0037938805762678385,0.0031168682035058737
mlp_2x100_bn_l2,90,90,54,0.00384566280990839,0.004331877920776606
mlp_2x100_bn_l2,90,90,55,0.007064692676067352,0.005968929268419743
mlp_2x100_bn_l2,90,90,56,0.005492315161973238,0.004401962272822857
mlp_2x100_bn_l2,90,90,57,0.00392096396535635,0.0031977565959095955
mlp_2x100_bn_l2,90,90,58,0.0035299884621053934,0.004376975353807211
mlp_2x100_bn_l2,90,90,59,0.006624534260481596,0.005834908690303564
mlp_2x100_bn_l2,90,90,60,0.005543620325624943,0.006183512043207884
mlp_2x100_bn_l2,90,90,61,0.004045475739985704,0.0033305746037513018
mlp_2x100_bn_l2,90,90,62,0.0037252833135426044,0.00325307110324502
mlp_2x100_bn_l2,90,90,63,0.005135076120495796,0.006078264210373163
mlp_2x100_bn_l2,90,90,64,0.007504765875637531,0.005285068415105343
mlp_2x100_bn_l2,90,90,65,0.005143752787262201,0.004569036420434713
mlp_2x100_bn_l2,90,90,66,0.003935808315873146,0.002976624295115471
mlp_2x100_bn_l2,90,90,67,0.003303950885310769,0.0022977099288254976
mlp_2x100_bn_l2,90,90,68,0.0032264254987239838,0.0025035839062184095
mlp_2x100_bn_l2,90,90,69,0.0029761791229248047,0.0020510845351964235
mlp_2x100_bn_l2,90,90,70,0.00350722623988986,0.005011561326682568
mlp_2x100_bn_l2,90,90,71,0.007536612451076508,0.007560890167951584
mlp_2x100_bn_l2,90,90,72,0.005901940632611513,0.004991532303392887
mlp_2x100_bn_l2,90,90,73,0.00397571362555027,0.00363929127342999
mlp_2x100_bn_l2,90,90,74,0.003344390308484435,0.0027664885856211185
mlp_2x100_bn_l2,90,90,75,0.0029249635990709066,0.0020584005396813154
mlp_2x100_bn_l2,90,90,76,0.00477907620370388,0.007883871905505657
mlp_2x100_bn_l2,90,90,77,0.006864673458039761,0.004723902326077223
mlp_2x100_bn_l2,90,90,78,0.004399977624416351,0.003157939063385129
mlp_2x100_bn_l2,90,90,79,0.003623948199674487,0.002417602576315403
mlp_2x100_bn_l2,90,90,80,0.0031332760117948055,0.002130734035745263
mlp_2x100_bn_l2,90,90,81,0.0028712754137814045,0.0020479930099099874
mlp_2x100_bn_l2,90,90,82,0.002756268484517932,0.0019037959864363074
mlp_2x100_bn_l2,90,90,83,0.003242290113121271,0.0022383686155080795
mlp_2x100_bn_l2,90,90,84,0.0038337851874530315,0.004269490018486977
mlp_2x100_bn_l2,90,90,85,0.00600804528221488,0.006413320079445839
mlp_2x100_bn_l2,90,90,86,0.004490182735025883,0.004448545631021261
mlp_2x100_bn_l2,90,90,87,0.003555258037522435,0.0031581379007548094
mlp_2x100_bn_l2,90,90,88,0.0031079507898539305,0.0023318149615079165
mlp_2x100_bn_l2,90,90,89,0.002889710245653987,0.0019303945591673255
mlp_2x100_bn_l2,90,90,90,0.0027531704399734735,0.0018743893597275019
mlp_2x100_bn_l2,90,90,91,0.002783798612654209,0.001965587493032217
mlp_2x100_bn_l2,90,90,92,0.0031503967475146055,0.002124007558450103
mlp_2x100_bn_l2,90,90,93,0.0034888614900410175,0.002280964981764555
mlp_2x100_bn_l2,90,90,94,0.0048417444340884686,0.00466937804594636
mlp_2x100_bn_l2,90,90,95,0.004641336388885975,0.0035859104245901108
mlp_2x100_bn_l2,90,90,96,0.0035407468676567078,0.0024634255096316338
mlp_2x100_bn_l2,90,90,97,0.0030620719771832228,0.0019880118779838085
mlp_2x100_bn_l2,90,90,98,0.002934848191216588,0.0019149354193359613
mlp_2x100_bn_l2,90,90,99,0.0028242776170372963,0.0021803525742143393
mlp_2x100_bn_l2,90,90,100,0.0031022343318909407,0.0018065667245537043
mlp_2x100_bn_l2,90,90,101,0.0029959245584905148,0.002129589905962348
mlp_2x100_bn_l2,90,90,102,0.0029777120798826218,0.0025688521564006805
mlp_2x100_bn_l2,90,90,103,0.0028515681624412537,0.001778703648597002
mlp_2x100_bn_l2,90,90,104,0.0026844097301363945,0.001669223071075976
mlp_2x100_bn_l2,90,90,105,0.002817095024511218,0.0029415683820843697
mlp_2x100_bn_l2,90,90,106,0.00595394941046834,0.00937329139560461
mlp_2x100_bn_l2,90,90,107,0.005367297679185867,0.004736062604933977
mlp_2x100_bn_l2,90,90,108,0.0037838865537196398,0.002471249084919691
mlp_2x100_bn_l2,90,90,109,0.003192981705069542,0.002152124885469675
mlp_2x100_bn_l2,90,90,110,0.0029507242143154144,0.001936664804816246
mlp_2x100_bn_l2,90,90,111,0.003198896534740925,0.002113772789016366
mlp_2x100_bn_l2,90,90,112,0.0028760952409356833,0.001982785062864423
mlp_2x100_bn_l2,90,90,113,0.0026967795565724373,0.0019787524361163378
mlp_2x100_bn_l2,90,90,114,0.002609161427244544,0.0018676992040127516
mlp_2x100_bn_l2,90,90,115,0.0026376184541732073,0.0019446725491434336
mlp_2x100_bn_l2,90,90,116,0.0029082954861223698,0.0027671793941408396
mlp_2x100_bn_l2,90,90,117,0.004554619546979666,0.004726729821413755
mlp_2x100_bn_l2,90,90,118,0.00442221574485302,0.0036359771620482206
mlp_2x100_bn_l2,90,90,119,0.004008780233561993,0.002636507386341691
mlp_2x100_bn_l2,90,90,120,0.0030859936960041523,0.0020322802010923624
mlp_2x100_bn_l2,90,90,121,0.002976282499730587,0.0019652487244457006
mlp_2x100_bn_l2,90,90,122,0.0028300993144512177,0.0018586968071758747
mlp_2x100_bn_l2,90,90,123,0.0027810235042124987,0.0017323960782960057
mlp_2x100_bn_l2,90,90,124,0.0026455954648554325,0.001680457149632275
mlp_2x100_bn_l2,90,90,125,0.0026085544377565384,0.0016753794625401497
mlp_2x100_bn_l2,90,90,126,0.0038279842119663954,0.003945758566260338
mlp_2x100_bn_l2,90,90,127,0.005337869748473167,0.009670889936387539
mlp_2x100_bn_l2,90,90,128,0.004128978122025728,0.003816186683252454
mlp_2x100_bn_l2,90,90,129,0.003082597628235817,0.002149398671463132
mlp_2x100_bn_l2,90,90,130,0.002816289896145463,0.002256485866382718
mlp_2x100_bn_l2,90,90,131,0.0027092525269836187,0.002251969650387764
mlp_2x100_bn_l2,90,90,132,0.0025773276574909687,0.0020093831699341536
mlp_2x100_bn_l2,90,90,133,0.002550192177295685,0.0018219734774902463
mlp_2x100_bn_l2,90,90,134,0.0024689275305718184,0.002069014823064208
mlp_2x100_bn_l2,90,90,135,0.002421505516394973,0.0016526055987924337
mlp_2x100_bn_l2,90,90,136,0.0023848838172852993,0.002036455785855651
mlp_2x100_bn_l2,90,90,137,0.0029133923817425966,0.0028953510336577892
mlp_2x100_bn_l2,90,90,138,0.003616062458604574,0.0032331154216080904
mlp_2x100_bn_l2,90,90,139,0.0037056426517665386,0.003271120833232999
mlp_2x100_bn_l2,90,90,140,0.003655696054920554,0.0029436619952321053
mlp_2x100_bn_l2,90,90,141,0.0037237415090203285,0.00603879988193512
mlp_2x100_bn_l2,90,90,142,0.003489857539534569,0.003241667291149497
mlp_2x100_bn_l2,90,90,143,0.004120135214179754,0.0027389980386942625
mlp_2x100_bn_l2,90,90,144,0.0029774184804409742,0.0019900945480912924
mlp_2x100_bn_l2,90,90,145,0.0027557015419006348,0.002093355404213071
mlp_2x100_bn_l2,90,90,146,0.0027088578790426254,0.001885068602859974
mlp_2x100_bn_l2,90,90,147,0.002570119919255376,0.001737011014483869
mlp_2x100_bn_l2,90,90,148,0.0025393858086317778,0.0019142705714330077
mlp_2x100_bn_l2,90,90,149,0.0024964718613773584,0.0018030534265562892
mlp_2x100_bn_l2,90,90,150,0.0026922179386019707,0.0025375601835548878
mlp_2x100_bn_l2,90,90,151,0.003062043571844697,0.0032538394443690777
mlp_2x100_bn_l2,90,90,152,0.0036170450039207935,0.0032421296928077936
mlp_2x100_bn_l2,90,90,153,0.0032649068161845207,0.003588735358789563
mlp_2x100_bn_l2,90,90,154,0.002931664464995265,0.004240919835865498
mlp_2x100_bn_l2,90,90,155,0.0031759843695908785,0.004611971788108349
mlp_2x100_bn_l2,90,90,156,0.003370275953784585,0.0039571793749928474
mlp_2x100_bn_l2,90,90,157,0.0030454297084361315,0.0027609963435679674
mlp_2x100_bn_l2,90,90,158,0.0027474239468574524,0.0031402395106852055
mlp_2x100_bn_l2,90,90,159,0.002571872202679515,0.0023451694287359715
mlp_2x100_bn_l2,90,90,160,0.002428594743832946,0.0026223657187074423
mlp_2x100_bn_l2,90,90,161,0.0023325239308178425,0.0018465436296537519
mlp_2x100_bn_l2,90,90,162,0.002251424128189683,0.0023973218630999327
mlp_2x100_bn_l2,90,90,163,0.0022585673723369837,0.001911840052343905
mlp_2x100_bn_l2,90,90,164,0.00221269391477108,0.0025242501869797707
mlp_2x100_bn_l2,90,90,165,0.002229002770036459,0.0021717092022299767
mlp_2x100_bn_l2,90,90,166,0.002211552346125245,0.0020098320674151182
mlp_2x100_bn_l2,90,90,167,0.0021046288311481476,0.001750880852341652
mlp_2x100_bn_l2,90,90,168,0.0029080738313496113,0.004560681991279125
mlp_2x100_bn_l2,90,90,169,0.002687718253582716,0.0027681838255375624
mlp_2x100_bn_l2,90,90,170,0.0038311388343572617,0.007437285967171192
mlp_2x100_bn_l2,90,90,171,0.0031037915032356977,0.002671868773177266
mlp_2x100_bn_l2,90,90,172,0.0028568448033183813,0.0024006282910704613
mlp_2x100_bn_l2,90,90,173,0.002691110363230109,0.0031857569701969624
mlp_2x100_bn_l2,90,90,174,0.0024885591119527817,0.0026852963492274284
mlp_2x100_bn_l2,90,90,175,0.0023952207993716,0.002407968509942293
mlp_2x100_bn_l2,90,90,176,0.0024730407167226076,0.0022220618557184935
mlp_2x100_bn_l2,90,90,177,0.002281068591400981,0.0022126194089651108
mlp_2x100_bn_l2,90,90,178,0.0024313272442668676,0.0025032314006239176
mlp_2x100_bn_l2,90,90,179,0.002668407978489995,0.0026817983016371727
mlp_2x100_bn_l2,90,90,180,0.0027736006304621696,0.002849569311365485
mlp_2x100_bn_l2,90,90,181,0.002574313199147582,0.003659954061731696
mlp_2x100_bn_l2,90,90,182,0.0024338113144040108,0.003103337250649929
mlp_2x100_bn_l2,90,90,183,0.002236836589872837,0.0025181910023093224
mlp_2x100_bn_l2,90,90,184,0.0021810729522258043,0.002275466686114669
mlp_2x100_bn_l2,90,90,185,0.0022027422674000263,0.0029821221251040697
mlp_2x100_bn_l2,90,90,186,0.002363135339692235,0.002609115093946457
mlp_2x100_bn_l2,90,90,187,0.0022473945282399654,0.0020724053028970957
mlp_2x100_bn_l2,90,90,188,0.0021407846361398697,0.0014653977705165744
mlp_2x100_bn_l2,90,90,189,0.0021089701913297176,0.003585625672712922
mlp_2x100_bn_l2,90,90,190,0.0020587430335581303,0.010508581064641476
mlp_2x100_bn_l2,90,90,191,0.0021301801316440105,0.006632785778492689
mlp_2x100_bn_l2,90,90,192,0.0021171700209379196,0.006602809764444828
mlp_2x100_bn_l2,90,90,193,0.002538189524784684,0.006095187272876501
mlp_2x100_bn_l2,90,90,194,0.0026730920653790236,0.006035988684743643
mlp_2x100_bn_l2,90,90,195,0.0026547308079898357,0.009625695645809174
mlp_2x100_bn_l2,90,90,196,0.0021707608830183744,0.005386149976402521
mlp_2x100_bn_l2,90,90,197,0.002235603518784046,0.0025676670484244823
mlp_2x100_bn_l2,90,90,198,0.002161905635148287,0.003325536148622632
mlp_2x100_bn_l2,90,90,199,0.002053698292002082,0.0033954756800085306
mlp_2x100_bn_l2,90,90,200,0.002230740152299404,0.006471580825746059
